2025-09-19 07:26:28,110 - INFO - Loaded skip configuration: 0 files to skip entirely, 21186 files with partial record skips
2025-09-19 07:26:28,122 - INFO - Loaded skip configuration: 0 files to skip entirely, 21186 files with partial record skips
2025-09-19 07:26:28,127 - INFO - Loaded skip configuration: 0 files to skip entirely, 21186 files with partial record skips
2025-09-19 07:26:28,552 - INFO - Processing /viper/ptmp/arego/Red_T_7K_1/4678.h5
2025-09-19 07:26:28,557 - INFO - Processing /viper/ptmp/arego/Red_T_7K_1/759.h5
2025-09-19 07:26:28,626 - INFO - Processing /viper/ptmp/arego/Red_T_7K_1/13803.h5
2025-09-19 07:26:28,727 - INFO - Processing /viper/ptmp/arego/Red_T_7K_1/23148.h5
2025-09-19 07:26:28,733 - INFO - Processing /viper/ptmp/arego/Red_T_7K_1/9881.h5
2025-09-19 07:26:28,799 - INFO - File 4678: Filtered 93779 hits and 2 records
2025-09-19 07:26:28,801 - INFO - File 759: Filtered 52458 hits and 2 records
2025-09-19 07:26:28,856 - INFO - Processing /viper/ptmp/arego/Red_T_7K_1/443.h5
2025-09-19 07:26:28,921 - INFO - Processing /viper/ptmp/arego/Red_T_7K_1/3846.h5
2025-09-19 07:26:28,927 - INFO - Processing /viper/ptmp/arego/Red_T_7K_1/22721.h5
2025-09-19 07:26:28,927 - INFO - File 13803: Filtered 233026 hits and 7 records
2025-09-19 07:26:28,946 - INFO - File 9881: Filtered 263371 hits and 6 records
2025-09-19 07:26:28,951 - INFO - File 23148: Filtered 51172 hits and 2 records
2025-09-19 07:26:29,098 - INFO - File 443: Filtered 132087 hits and 3 records
2025-09-19 07:26:29,101 - INFO - Processing /viper/ptmp/arego/Red_T_7K_1/15439.h5
2025-09-19 07:26:29,117 - INFO - Processing /viper/ptmp/arego/Red_T_7K_1/2851.h5
2025-09-19 07:26:29,118 - INFO - Processing /viper/ptmp/arego/Red_T_7K_1/14991.h5
2025-09-19 07:26:29,143 - INFO - File 3846: Filtered 165281 hits and 5 records
2025-09-19 07:26:29,158 - INFO - File 22721: Filtered 161936 hits and 4 records
2025-09-19 07:26:29,309 - INFO - Processing /viper/ptmp/arego/Red_T_7K_1/22888.h5
2025-09-19 07:26:29,314 - INFO - Processing /viper/ptmp/arego/Red_T_7K_1/4889.h5
2025-09-19 07:26:29,336 - INFO - File 2851: Filtered 135963 hits and 4 records
2025-09-19 07:26:29,352 - INFO - File 14991: Filtered 272407 hits and 6 records
2025-09-19 07:26:29,374 - INFO - File 15439: Filtered 245162 hits and 6 records
2025-09-19 07:26:29,376 - INFO - Processing /viper/ptmp/arego/Red_T_7K_1/8966.h5
2025-09-19 07:26:29,412 - INFO - Completed /viper/ptmp/arego/Red_T_7K_1_EN_100/22721.h5 in 0.49 seconds
2025-09-19 07:26:29,510 - INFO - Completed /viper/ptmp/arego/Red_T_7K_1_EN_100/759.h5 in 0.95 seconds
2025-09-19 07:26:29,518 - INFO - Completed /viper/ptmp/arego/Red_T_7K_1_EN_100/4678.h5 in 0.97 seconds
2025-09-19 07:26:29,523 - INFO - Processing /viper/ptmp/arego/Red_T_7K_1/17074.h5
2025-09-19 07:26:29,530 - INFO - Processing /viper/ptmp/arego/Red_T_7K_1/22043.h5
2025-09-19 07:26:29,544 - INFO - File 4889: Filtered 469584 hits and 6 records
2025-09-19 07:26:29,554 - INFO - Completed /viper/ptmp/arego/Red_T_7K_1_EN_100/9881.h5 in 0.82 seconds
2025-09-19 07:26:29,555 - INFO - Completed /viper/ptmp/arego/Red_T_7K_1_EN_100/13803.h5 in 0.93 seconds
2025-09-19 07:26:29,562 - INFO - File 22888: Filtered 282935 hits and 6 records
2025-09-19 07:26:29,565 - INFO - Processing /viper/ptmp/arego/Red_T_7K_1/6856.h5
2025-09-19 07:26:29,628 - INFO - Completed /viper/ptmp/arego/Red_T_7K_1_EN_100/23148.h5 in 0.90 seconds
2025-09-19 07:26:29,659 - INFO - File 8966: Filtered 235968 hits and 5 records
2025-09-19 07:26:29,711 - INFO - Completed /viper/ptmp/arego/Red_T_7K_1_EN_100/443.h5 in 0.86 seconds
2025-09-19 07:26:29,712 - INFO - Processing /viper/ptmp/arego/Red_T_7K_1/23292.h5
2025-09-19 07:26:29,748 - INFO - Completed /viper/ptmp/arego/Red_T_7K_1_EN_100/3846.h5 in 0.83 seconds
2025-09-19 07:26:29,752 - INFO - Processing /viper/ptmp/arego/Red_T_7K_1/12299.h5
2025-09-19 07:26:29,762 - INFO - File 22043: Filtered 80019 hits and 3 records
2025-09-19 07:26:29,766 - INFO - Processing /viper/ptmp/arego/Red_T_7K_1/22708.h5
2025-09-19 07:26:29,769 - INFO - File 17074: Filtered 62540 hits and 1 records
2025-09-19 07:26:29,788 - INFO - Completed /viper/ptmp/arego/Red_T_7K_1_EN_100/4889.h5 in 0.47 seconds
2025-09-19 07:26:29,863 - INFO - File 6856: Filtered 26025 hits and 1 records
2025-09-19 07:26:29,871 - INFO - Completed /viper/ptmp/arego/Red_T_7K_1_EN_100/14991.h5 in 0.75 seconds
2025-09-19 07:26:29,915 - INFO - Processing /viper/ptmp/arego/Red_T_7K_1/23193.h5
2025-09-19 07:26:29,937 - INFO - Processing /viper/ptmp/arego/Red_T_7K_1/13472.h5
2025-09-19 07:26:29,948 - INFO - Processing /viper/ptmp/arego/Red_T_7K_1/20463.h5
2025-09-19 07:26:29,951 - INFO - Completed /viper/ptmp/arego/Red_T_7K_1_EN_100/2851.h5 in 0.83 seconds
2025-09-19 07:26:29,985 - INFO - File 23292: Filtered 195081 hits and 4 records
2025-09-19 07:26:30,022 - INFO - File 22708: Filtered 209585 hits and 5 records
2025-09-19 07:26:30,052 - INFO - File 12299: Filtered 142337 hits and 3 records
2025-09-19 07:26:30,101 - INFO - Processing /viper/ptmp/arego/Red_T_7K_1/14062.h5
2025-09-19 07:26:30,123 - INFO - Processing /viper/ptmp/arego/Red_T_7K_1/12021.h5
2025-09-19 07:26:30,144 - INFO - Processing /viper/ptmp/arego/Red_T_7K_1/11791.h5
2025-09-19 07:26:30,174 - INFO - File 23193: Filtered 14072 hits and 1 records
2025-09-19 07:26:30,184 - INFO - File 20463: Filtered 273439 hits and 5 records
2025-09-19 07:26:30,230 - INFO - Completed /viper/ptmp/arego/Red_T_7K_1_EN_100/22888.h5 in 0.92 seconds
2025-09-19 07:26:30,246 - INFO - File 13472: Filtered 49582 hits and 1 records
2025-09-19 07:26:30,247 - INFO - Completed /viper/ptmp/arego/Red_T_7K_1_EN_100/15439.h5 in 1.15 seconds
2025-09-19 07:26:30,306 - INFO - Processing /viper/ptmp/arego/Red_T_7K_1/5190.h5
2025-09-19 07:26:30,347 - INFO - File 14062: Filtered 264141 hits and 6 records
2025-09-19 07:26:30,355 - INFO - Processing /viper/ptmp/arego/Red_T_7K_1/6461.h5
2025-09-19 07:26:30,371 - INFO - File 12021: Filtered 171281 hits and 4 records
2025-09-19 07:26:30,375 - INFO - Completed /viper/ptmp/arego/Red_T_7K_1_EN_100/8966.h5 in 1.00 seconds
2025-09-19 07:26:30,408 - INFO - Processing /viper/ptmp/arego/Red_T_7K_1/17642.h5
2025-09-19 07:26:30,450 - INFO - File 11791: Filtered 86981 hits and 3 records
2025-09-19 07:26:30,489 - INFO - Processing /viper/ptmp/arego/Red_T_7K_1/19158.h5
2025-09-19 07:26:30,537 - INFO - Processing /viper/ptmp/arego/Red_T_7K_1/19415.h5
2025-09-19 07:26:30,619 - INFO - File 6461: Filtered 244838 hits and 4 records
2025-09-19 07:26:30,656 - INFO - File 17642: Filtered 32080 hits and 1 records
2025-09-19 07:26:30,707 - INFO - Processing /viper/ptmp/arego/Red_T_7K_1/4043.h5
2025-09-19 07:26:30,709 - INFO - Processing /viper/ptmp/arego/Red_T_7K_1/13448.h5
2025-09-19 07:26:30,724 - INFO - File 19158: Filtered 160173 hits and 3 records
2025-09-19 07:26:30,734 - INFO - Processing /viper/ptmp/arego/Red_T_7K_1/22102.h5
2025-09-19 07:26:30,749 - INFO - Completed /viper/ptmp/arego/Red_T_7K_1_EN_100/22708.h5 in 0.98 seconds
2025-09-19 07:26:30,773 - INFO - File 19415: Filtered 208825 hits and 5 records
2025-09-19 07:26:30,929 - INFO - Processing /viper/ptmp/arego/Red_T_7K_1/5093.h5
2025-09-19 07:26:30,971 - INFO - File 22102: Filtered 23525 hits and 1 records
2025-09-19 07:26:30,980 - INFO - Completed /viper/ptmp/arego/Red_T_7K_1_EN_100/13472.h5 in 1.04 seconds
2025-09-19 07:26:30,982 - INFO - File 13448: Filtered 216895 hits and 4 records
2025-09-19 07:26:30,991 - INFO - Processing /viper/ptmp/arego/Red_T_7K_1/21724.h5
2025-09-19 07:26:31,012 - INFO - Processing /viper/ptmp/arego/Red_T_7K_1/7073.h5
2025-09-19 07:26:31,038 - INFO - File 4043: Filtered 102245 hits and 2 records
2025-09-19 07:26:31,113 - INFO - Completed /viper/ptmp/arego/Red_T_7K_1_EN_100/17074.h5 in 1.59 seconds
2025-09-19 07:26:31,134 - INFO - Processing /viper/ptmp/arego/Red_T_7K_1/18968.h5
2025-09-19 07:26:31,150 - INFO - Completed /viper/ptmp/arego/Red_T_7K_1_EN_100/12299.h5 in 1.40 seconds
2025-09-19 07:26:31,184 - INFO - Completed /viper/ptmp/arego/Red_T_7K_1_EN_100/14062.h5 in 1.08 seconds
2025-09-19 07:26:31,193 - INFO - File 5093: Filtered 45826 hits and 1 records
2025-09-19 07:26:31,193 - INFO - Processing /viper/ptmp/arego/Red_T_7K_1/8542.h5
2025-09-19 07:26:31,241 - INFO - Completed /viper/ptmp/arego/Red_T_7K_1_EN_100/22043.h5 in 1.71 seconds
2025-09-19 07:26:31,290 - INFO - File 21724: Filtered 160785 hits and 4 records
2025-09-19 07:26:31,302 - INFO - Completed /viper/ptmp/arego/Red_T_7K_1_EN_100/23292.h5 in 1.59 seconds
2025-09-19 07:26:31,308 - INFO - Processing /viper/ptmp/arego/Red_T_7K_1/11548.h5
2025-09-19 07:26:31,312 - INFO - File 7073: Filtered 201621 hits and 5 records
2025-09-19 07:26:31,313 - INFO - Completed /viper/ptmp/arego/Red_T_7K_1_EN_100/20463.h5 in 1.36 seconds
2025-09-19 07:26:31,342 - INFO - File 18968: Filtered 266459 hits and 5 records
2025-09-19 07:26:31,356 - INFO - Completed /viper/ptmp/arego/Red_T_7K_1_EN_100/12021.h5 in 1.23 seconds
2025-09-19 07:26:31,395 - INFO - Processing /viper/ptmp/arego/Red_T_7K_1/9462.h5
2025-09-19 07:26:31,432 - INFO - Processing /viper/ptmp/arego/Red_T_7K_1/2566.h5
2025-09-19 07:26:31,441 - INFO - File 8542: Filtered 72371 hits and 2 records
2025-09-19 07:26:31,573 - INFO - File 11548: Filtered 113713 hits and 4 records
2025-09-19 07:26:31,578 - INFO - Completed /viper/ptmp/arego/Red_T_7K_1_EN_100/6461.h5 in 1.22 seconds
2025-09-19 07:26:31,579 - INFO - Completed /viper/ptmp/arego/Red_T_7K_1_EN_100/23193.h5 in 1.66 seconds
2025-09-19 07:26:31,598 - INFO - Completed /viper/ptmp/arego/Red_T_7K_1_EN_100/11791.h5 in 1.45 seconds
2025-09-19 07:26:31,631 - INFO - Processing /viper/ptmp/arego/Red_T_7K_1/3034.h5
2025-09-19 07:26:31,635 - INFO - File 9462: Filtered 61585 hits and 2 records
2025-09-19 07:26:31,647 - INFO - Processing /viper/ptmp/arego/Red_T_7K_1/10819.h5
2025-09-19 07:26:31,663 - INFO - File 2566: Filtered 90738 hits and 3 records
2025-09-19 07:26:31,700 - INFO - Processing /viper/ptmp/arego/Red_T_7K_1/8146.h5
2025-09-19 07:26:31,730 - INFO - Completed /viper/ptmp/arego/Red_T_7K_1_EN_100/17642.h5 in 1.32 seconds
2025-09-19 07:26:31,860 - INFO - Processing /viper/ptmp/arego/Red_T_7K_1/3902.h5
2025-09-19 07:26:31,866 - INFO - Processing /viper/ptmp/arego/Red_T_7K_1/8803.h5
2025-09-19 07:26:31,890 - INFO - File 10819: Filtered 75309 hits and 2 records
2025-09-19 07:26:31,927 - INFO - Processing /viper/ptmp/arego/Red_T_7K_1/6623.h5
2025-09-19 07:26:31,938 - INFO - File 3034: Filtered 167914 hits and 3 records
2025-09-19 07:26:31,966 - INFO - Completed /viper/ptmp/arego/Red_T_7K_1_EN_100/19415.h5 in 1.43 seconds
2025-09-19 07:26:31,979 - INFO - File 8146: Filtered 310819 hits and 5 records
2025-09-19 07:26:31,979 - INFO - Completed /viper/ptmp/arego/Red_T_7K_1_EN_100/5190.h5 in 1.67 seconds
2025-09-19 07:26:32,057 - INFO - Processing /viper/ptmp/arego/Red_T_7K_1/8432.h5
2025-09-19 07:26:32,056 - INFO - Completed /viper/ptmp/arego/Red_T_7K_1_EN_100/6856.h5 in 2.49 seconds
2025-09-19 07:26:32,099 - INFO - Processing /viper/ptmp/arego/Red_T_7K_1/16960.h5
2025-09-19 07:26:32,118 - INFO - File 3902: Filtered 327821 hits and 7 records
2025-09-19 07:26:32,161 - INFO - File 8803: Filtered 379537 hits and 7 records
2025-09-19 07:26:32,199 - INFO - File 6623: Filtered 94661 hits and 2 records
2025-09-19 07:26:32,234 - INFO - Processing /viper/ptmp/arego/Red_T_7K_1/8737.h5
2025-09-19 07:26:32,302 - INFO - Processing /viper/ptmp/arego/Red_T_7K_1/10555.h5
2025-09-19 07:26:32,311 - INFO - File 16960: Filtered 252665 hits and 5 records
2025-09-19 07:26:32,330 - INFO - Completed /viper/ptmp/arego/Red_T_7K_1_EN_100/21724.h5 in 1.34 seconds
2025-09-19 07:26:32,467 - INFO - Completed /viper/ptmp/arego/Red_T_7K_1_EN_100/19158.h5 in 1.98 seconds
2025-09-19 07:26:32,496 - INFO - Processing /viper/ptmp/arego/Red_T_7K_1/12963.h5
2025-09-19 07:26:32,530 - INFO - Processing /viper/ptmp/arego/Red_T_7K_1/2203.h5
2025-09-19 07:26:32,531 - INFO - Completed /viper/ptmp/arego/Red_T_7K_1_EN_100/18968.h5 in 1.40 seconds
2025-09-19 07:26:32,537 - INFO - Processing /viper/ptmp/arego/Red_T_7K_1/14520.h5
2025-09-19 07:26:32,550 - INFO - Completed /viper/ptmp/arego/Red_T_7K_1_EN_100/11548.h5 in 1.24 seconds
2025-09-19 07:26:32,556 - INFO - File 8737: Filtered 190201 hits and 2 records
2025-09-19 07:26:32,582 - INFO - File 10555: Filtered 145042 hits and 2 records
2025-09-19 07:26:32,611 - INFO - Completed /viper/ptmp/arego/Red_T_7K_1_EN_100/4043.h5 in 1.90 seconds
2025-09-19 07:26:32,619 - INFO - Completed /viper/ptmp/arego/Red_T_7K_1_EN_100/13448.h5 in 1.91 seconds
2025-09-19 07:26:32,708 - INFO - Processing /viper/ptmp/arego/Red_T_7K_1/22840.h5
2025-09-19 07:26:32,725 - INFO - File 12963: Filtered 223059 hits and 4 records
2025-09-19 07:26:32,762 - INFO - File 14520: Filtered 225195 hits and 5 records
2025-09-19 07:26:32,777 - INFO - Completed /viper/ptmp/arego/Red_T_7K_1_EN_100/7073.h5 in 1.77 seconds
2025-09-19 07:26:32,814 - INFO - File 2203: Filtered 67915 hits and 2 records
2025-09-19 07:26:32,832 - INFO - Processing /viper/ptmp/arego/Red_T_7K_1/17249.h5
2025-09-19 07:26:32,845 - INFO - Processing /viper/ptmp/arego/Red_T_7K_1/5516.h5
2025-09-19 07:26:32,942 - INFO - Completed /viper/ptmp/arego/Red_T_7K_1_EN_100/8803.h5 in 1.08 seconds
2025-09-19 07:26:32,942 - INFO - File 22840: Filtered 262602 hits and 4 records
2025-09-19 07:26:32,991 - INFO - Completed /viper/ptmp/arego/Red_T_7K_1_EN_100/22102.h5 in 2.26 seconds
2025-09-19 07:26:33,011 - INFO - Processing /viper/ptmp/arego/Red_T_7K_1/9422.h5
2025-09-19 07:26:33,039 - INFO - Completed /viper/ptmp/arego/Red_T_7K_1_EN_100/5093.h5 in 2.11 seconds
2025-09-19 07:26:33,053 - INFO - Completed /viper/ptmp/arego/Red_T_7K_1_EN_100/16960.h5 in 0.95 seconds
2025-09-19 07:26:33,088 - INFO - File 17249: Filtered 314124 hits and 5 records
2025-09-19 07:26:33,093 - INFO - Processing /viper/ptmp/arego/Red_T_7K_1/19672.h5
2025-09-19 07:26:33,132 - INFO - File 5516: Filtered 143756 hits and 4 records
2025-09-19 07:26:33,167 - INFO - Completed /viper/ptmp/arego/Red_T_7K_1_EN_100/8542.h5 in 1.97 seconds
2025-09-19 07:26:33,175 - INFO - Processing /viper/ptmp/arego/Red_T_7K_1/2775.h5
2025-09-19 07:26:33,246 - INFO - Processing /viper/ptmp/arego/Red_T_7K_1/4026.h5
2025-09-19 07:26:33,274 - INFO - File 9422: Filtered 239232 hits and 3 records
2025-09-19 07:26:33,278 - INFO - Processing /viper/ptmp/arego/Red_T_7K_1/15348.h5
2025-09-19 07:26:33,348 - INFO - File 19672: Filtered 355035 hits and 7 records
2025-09-19 07:26:33,359 - INFO - Completed /viper/ptmp/arego/Red_T_7K_1_EN_100/9462.h5 in 1.96 seconds
2025-09-19 07:26:33,450 - INFO - File 2775: Filtered 170470 hits and 4 records
2025-09-19 07:26:33,460 - INFO - Processing /viper/ptmp/arego/Red_T_7K_1/4967.h5
2025-09-19 07:26:33,462 - INFO - Processing /viper/ptmp/arego/Red_T_7K_1/14742.h5
2025-09-19 07:26:33,473 - INFO - Completed /viper/ptmp/arego/Red_T_7K_1_EN_100/8146.h5 in 1.77 seconds
2025-09-19 07:26:33,508 - INFO - Processing /viper/ptmp/arego/Red_T_7K_1/827.h5
2025-09-19 07:26:33,519 - INFO - File 4026: Filtered 493250 hits and 4 records
2025-09-19 07:26:33,528 - INFO - File 15348: Filtered 180867 hits and 4 records
2025-09-19 07:26:33,650 - INFO - Completed /viper/ptmp/arego/Red_T_7K_1_EN_100/8432.h5 in 1.59 seconds
2025-09-19 07:26:33,688 - INFO - Completed /viper/ptmp/arego/Red_T_7K_1_EN_100/2566.h5 in 2.26 seconds
2025-09-19 07:26:33,713 - INFO - Processing /viper/ptmp/arego/Red_T_7K_1/22272.h5
2025-09-19 07:26:33,742 - INFO - Processing /viper/ptmp/arego/Red_T_7K_1/20097.h5
2025-09-19 07:26:33,750 - INFO - File 827: Filtered 170382 hits and 4 records
2025-09-19 07:26:33,750 - INFO - File 4967: Filtered 249349 hits and 4 records
2025-09-19 07:26:33,755 - INFO - File 14742: Filtered 195566 hits and 4 records
2025-09-19 07:26:33,780 - INFO - Completed /viper/ptmp/arego/Red_T_7K_1_EN_100/3902.h5 in 1.92 seconds
2025-09-19 07:26:33,788 - INFO - Completed /viper/ptmp/arego/Red_T_7K_1_EN_100/6623.h5 in 1.86 seconds
2025-09-19 07:26:33,805 - INFO - Processing /viper/ptmp/arego/Red_T_7K_1/4114.h5
2025-09-19 07:26:33,880 - INFO - Completed /viper/ptmp/arego/Red_T_7K_1_EN_100/10819.h5 in 2.23 seconds
2025-09-19 07:26:33,936 - INFO - Processing /viper/ptmp/arego/Red_T_7K_1/13945.h5
2025-09-19 07:26:33,946 - INFO - File 20097: Filtered 131785 hits and 4 records
2025-09-19 07:26:33,960 - INFO - File 22272: Filtered 109434 hits and 3 records
2025-09-19 07:26:33,960 - INFO - Completed /viper/ptmp/arego/Red_T_7K_1_EN_100/8737.h5 in 1.73 seconds
2025-09-19 07:26:33,985 - INFO - Processing /viper/ptmp/arego/Red_T_7K_1/10671.h5
2025-09-19 07:26:34,038 - INFO - Completed /viper/ptmp/arego/Red_T_7K_1_EN_100/14520.h5 in 1.50 seconds
2025-09-19 07:26:34,054 - INFO - Completed /viper/ptmp/arego/Red_T_7K_1_EN_100/3034.h5 in 2.42 seconds
2025-09-19 07:26:34,071 - INFO - File 4114: Filtered 204483 hits and 5 records
2025-09-19 07:26:34,160 - INFO - Processing /viper/ptmp/arego/Red_T_7K_1/17261.h5
2025-09-19 07:26:34,195 - INFO - File 13945: Filtered 191836 hits and 3 records
2025-09-19 07:26:34,197 - INFO - File 10671: Filtered 197222 hits and 4 records
2025-09-19 07:26:34,214 - INFO - Processing /viper/ptmp/arego/Red_T_7K_1/15530.h5
2025-09-19 07:26:34,282 - INFO - Completed /viper/ptmp/arego/Red_T_7K_1_EN_100/4026.h5 in 1.04 seconds
2025-09-19 07:26:34,400 - INFO - Processing /viper/ptmp/arego/Red_T_7K_1/14459.h5
2025-09-19 07:26:34,426 - INFO - Completed /viper/ptmp/arego/Red_T_7K_1_EN_100/12963.h5 in 1.93 seconds
2025-09-19 07:26:34,472 - INFO - File 17261: Filtered 46172 hits and 1 records
2025-09-19 07:26:34,486 - INFO - File 15530: Filtered 105911 hits and 2 records
2025-09-19 07:26:34,499 - INFO - Processing /viper/ptmp/arego/Red_T_7K_1/10531.h5
2025-09-19 07:26:34,537 - INFO - Completed /viper/ptmp/arego/Red_T_7K_1_EN_100/17249.h5 in 1.71 seconds
2025-09-19 07:26:34,567 - INFO - Processing /viper/ptmp/arego/Red_T_7K_1/3074.h5
2025-09-19 07:26:34,625 - INFO - Completed /viper/ptmp/arego/Red_T_7K_1_EN_100/22840.h5 in 1.92 seconds
2025-09-19 07:26:34,654 - INFO - Processing /viper/ptmp/arego/Red_T_7K_1/13964.h5
2025-09-19 07:26:34,676 - INFO - File 14459: Filtered 144788 hits and 3 records
2025-09-19 07:26:34,713 - INFO - Completed /viper/ptmp/arego/Red_T_7K_1_EN_100/20097.h5 in 0.97 seconds
2025-09-19 07:26:34,757 - INFO - File 10531: Filtered 145571 hits and 3 records
2025-09-19 07:26:34,806 - INFO - Processing /viper/ptmp/arego/Red_T_7K_1/19374.h5
2025-09-19 07:26:34,853 - INFO - Completed /viper/ptmp/arego/Red_T_7K_1_EN_100/2203.h5 in 2.32 seconds
2025-09-19 07:26:34,865 - INFO - Processing /viper/ptmp/arego/Red_T_7K_1/13714.h5
2025-09-19 07:26:34,895 - INFO - Processing /viper/ptmp/arego/Red_T_7K_1/17520.h5
2025-09-19 07:26:34,899 - INFO - File 3074: Filtered 253862 hits and 4 records
2025-09-19 07:26:34,918 - INFO - File 13964: Filtered 494458 hits and 6 records
2025-09-19 07:26:34,963 - INFO - Completed /viper/ptmp/arego/Red_T_7K_1_EN_100/9422.h5 in 1.95 seconds
2025-09-19 07:26:34,979 - INFO - Completed /viper/ptmp/arego/Red_T_7K_1_EN_100/4114.h5 in 1.17 seconds
2025-09-19 07:26:35,025 - INFO - Completed /viper/ptmp/arego/Red_T_7K_1_EN_100/10671.h5 in 1.04 seconds
2025-09-19 07:26:35,037 - INFO - Completed /viper/ptmp/arego/Red_T_7K_1_EN_100/19672.h5 in 1.94 seconds
2025-09-19 07:26:35,048 - INFO - Completed /viper/ptmp/arego/Red_T_7K_1_EN_100/10555.h5 in 2.75 seconds
2025-09-19 07:26:35,065 - INFO - Processing /viper/ptmp/arego/Red_T_7K_1/6527.h5
2025-09-19 07:26:35,110 - INFO - File 19374: Filtered 276478 hits and 5 records
2025-09-19 07:26:35,128 - INFO - File 13714: Filtered 417876 hits and 7 records
2025-09-19 07:26:35,138 - INFO - Processing /viper/ptmp/arego/Red_T_7K_1/19720.h5
2025-09-19 07:26:35,142 - INFO - Processing /viper/ptmp/arego/Red_T_7K_1/19962.h5
2025-09-19 07:26:35,152 - INFO - File 17520: Filtered 288000 hits and 3 records
2025-09-19 07:26:35,277 - INFO - Completed /viper/ptmp/arego/Red_T_7K_1_EN_100/5516.h5 in 2.43 seconds
2025-09-19 07:26:35,328 - INFO - Processing /viper/ptmp/arego/Red_T_7K_1/1443.h5
2025-09-19 07:26:35,348 - INFO - File 6527: Filtered 46325 hits and 2 records
2025-09-19 07:26:35,381 - INFO - Processing /viper/ptmp/arego/Red_T_7K_1/11765.h5
2025-09-19 07:26:35,399 - INFO - File 19720: Filtered 172762 hits and 2 records
2025-09-19 07:26:35,411 - INFO - File 19962: Filtered 139862 hits and 3 records
2025-09-19 07:26:35,482 - INFO - Processing /viper/ptmp/arego/Red_T_7K_1/11746.h5
2025-09-19 07:26:35,484 - INFO - Completed /viper/ptmp/arego/Red_T_7K_1_EN_100/4967.h5 in 2.02 seconds
2025-09-19 07:26:35,517 - INFO - Processing /viper/ptmp/arego/Red_T_7K_1/13477.h5
2025-09-19 07:26:35,589 - INFO - Completed /viper/ptmp/arego/Red_T_7K_1_EN_100/827.h5 in 2.08 seconds
2025-09-19 07:26:35,608 - INFO - File 1443: Filtered 159240 hits and 4 records
2025-09-19 07:26:35,617 - INFO - Completed /viper/ptmp/arego/Red_T_7K_1_EN_100/14742.h5 in 2.16 seconds
2025-09-19 07:26:35,651 - INFO - File 11765: Filtered 377896 hits and 6 records
2025-09-19 07:26:35,676 - INFO - Processing /viper/ptmp/arego/Red_T_7K_1/910.h5
2025-09-19 07:26:35,682 - INFO - Processing /viper/ptmp/arego/Red_T_7K_1/18781.h5
2025-09-19 07:26:35,695 - INFO - Completed /viper/ptmp/arego/Red_T_7K_1_EN_100/2775.h5 in 2.52 seconds
2025-09-19 07:26:35,723 - INFO - File 11746: Filtered 104427 hits and 2 records
2025-09-19 07:26:35,742 - INFO - Completed /viper/ptmp/arego/Red_T_7K_1_EN_100/15348.h5 in 2.46 seconds
2025-09-19 07:26:35,787 - INFO - Processing /viper/ptmp/arego/Red_T_7K_1/8722.h5
2025-09-19 07:26:35,797 - INFO - File 13477: Filtered 265873 hits and 4 records
2025-09-19 07:26:35,856 - INFO - Processing /viper/ptmp/arego/Red_T_7K_1/3726.h5
2025-09-19 07:26:35,920 - INFO - Processing /viper/ptmp/arego/Red_T_7K_1/13586.h5
2025-09-19 07:26:35,931 - INFO - Completed /viper/ptmp/arego/Red_T_7K_1_EN_100/13714.h5 in 1.07 seconds
2025-09-19 07:26:35,944 - INFO - File 910: Filtered 205115 hits and 4 records
2025-09-19 07:26:35,983 - INFO - File 18781: Filtered 326912 hits and 2 records
2025-09-19 07:26:36,001 - INFO - Completed /viper/ptmp/arego/Red_T_7K_1_EN_100/19374.h5 in 1.19 seconds
2025-09-19 07:26:36,042 - INFO - Processing /viper/ptmp/arego/Red_T_7K_1/7520.h5
2025-09-19 07:26:36,061 - INFO - File 8722: Filtered 304159 hits and 5 records
2025-09-19 07:26:36,074 - INFO - Completed /viper/ptmp/arego/Red_T_7K_1_EN_100/22272.h5 in 2.36 seconds
2025-09-19 07:26:36,099 - INFO - File 3726: Filtered 59257 hits and 2 records
2025-09-19 07:26:36,142 - INFO - Processing /viper/ptmp/arego/Red_T_7K_1/9307.h5
2025-09-19 07:26:36,178 - INFO - File 13586: Filtered 288183 hits and 4 records
2025-09-19 07:26:36,327 - INFO - File 7520: Filtered 354162 hits and 6 records
2025-09-19 07:26:36,340 - INFO - Processing /viper/ptmp/arego/Red_T_7K_1/30.h5
2025-09-19 07:26:36,373 - INFO - Processing /viper/ptmp/arego/Red_T_7K_1/10479.h5
2025-09-19 07:26:36,410 - INFO - Completed /viper/ptmp/arego/Red_T_7K_1_EN_100/3074.h5 in 1.84 seconds
2025-09-19 07:26:36,415 - INFO - File 9307: Filtered 277553 hits and 4 records
2025-09-19 07:26:36,415 - INFO - Completed /viper/ptmp/arego/Red_T_7K_1_EN_100/13945.h5 in 2.48 seconds
2025-09-19 07:26:36,475 - INFO - Completed /viper/ptmp/arego/Red_T_7K_1_EN_100/13964.h5 in 1.82 seconds
2025-09-19 07:26:36,548 - INFO - Processing /viper/ptmp/arego/Red_T_7K_1/10066.h5
2025-09-19 07:26:36,580 - INFO - Processing /viper/ptmp/arego/Red_T_7K_1/21740.h5
2025-09-19 07:26:36,617 - INFO - File 30: Filtered 341383 hits and 6 records
2025-09-19 07:26:36,694 - INFO - File 10479: Filtered 175813 hits and 3 records
2025-09-19 07:26:36,709 - INFO - Completed /viper/ptmp/arego/Red_T_7K_1_EN_100/15530.h5 in 2.50 seconds
2025-09-19 07:26:36,802 - INFO - Completed /viper/ptmp/arego/Red_T_7K_1_EN_100/14459.h5 in 2.40 seconds
2025-09-19 07:26:36,817 - INFO - File 10066: Filtered 319482 hits and 5 records
2025-09-19 07:26:36,850 - INFO - Processing /viper/ptmp/arego/Red_T_7K_1/15061.h5
2025-09-19 07:26:36,878 - INFO - File 21740: Filtered 129237 hits and 2 records
2025-09-19 07:26:36,881 - INFO - Processing /viper/ptmp/arego/Red_T_7K_1/15892.h5
2025-09-19 07:26:36,944 - INFO - Completed /viper/ptmp/arego/Red_T_7K_1_EN_100/10531.h5 in 2.44 seconds
2025-09-19 07:26:36,950 - INFO - Completed /viper/ptmp/arego/Red_T_7K_1_EN_100/17520.h5 in 2.06 seconds
2025-09-19 07:26:36,987 - INFO - Completed /viper/ptmp/arego/Red_T_7K_1_EN_100/19962.h5 in 1.84 seconds
2025-09-19 07:26:37,042 - INFO - Processing /viper/ptmp/arego/Red_T_7K_1/16989.h5
2025-09-19 07:26:37,055 - INFO - Processing /viper/ptmp/arego/Red_T_7K_1/8888.h5
2025-09-19 07:26:37,131 - INFO - File 15061: Filtered 108530 hits and 3 records
2025-09-19 07:26:37,177 - INFO - File 15892: Filtered 202938 hits and 4 records
2025-09-19 07:26:37,217 - INFO - Completed /viper/ptmp/arego/Red_T_7K_1_EN_100/17261.h5 in 3.06 seconds
2025-09-19 07:26:37,303 - INFO - Processing /viper/ptmp/arego/Red_T_7K_1/8646.h5
2025-09-19 07:26:37,309 - INFO - File 8888: Filtered 406315 hits and 5 records
2025-09-19 07:26:37,339 - INFO - File 16989: Filtered 120135 hits and 2 records
2025-09-19 07:26:37,344 - INFO - Processing /viper/ptmp/arego/Red_T_7K_1/17857.h5
2025-09-19 07:26:37,346 - INFO - Completed /viper/ptmp/arego/Red_T_7K_1_EN_100/19720.h5 in 2.21 seconds
2025-09-19 07:26:37,401 - INFO - Completed /viper/ptmp/arego/Red_T_7K_1_EN_100/8722.h5 in 1.61 seconds
2025-09-19 07:26:37,417 - INFO - Processing /viper/ptmp/arego/Red_T_7K_1/105.h5
2025-09-19 07:26:37,473 - INFO - Processing /viper/ptmp/arego/Red_T_7K_1/4529.h5
2025-09-19 07:26:37,571 - INFO - File 8646: Filtered 67540 hits and 2 records
2025-09-19 07:26:37,632 - INFO - Completed /viper/ptmp/arego/Red_T_7K_1_EN_100/18781.h5 in 1.95 seconds
2025-09-19 07:26:37,634 - INFO - File 17857: Filtered 270510 hits and 4 records
2025-09-19 07:26:37,638 - INFO - Processing /viper/ptmp/arego/Red_T_7K_1/22285.h5
2025-09-19 07:26:37,664 - INFO - File 105: Filtered 148461 hits and 3 records
2025-09-19 07:26:37,667 - INFO - Completed /viper/ptmp/arego/Red_T_7K_1_EN_100/11765.h5 in 2.29 seconds
2025-09-19 07:26:37,681 - INFO - Completed /viper/ptmp/arego/Red_T_7K_1_EN_100/910.h5 in 2.01 seconds
2025-09-19 07:26:37,711 - INFO - Completed /viper/ptmp/arego/Red_T_7K_1_EN_100/6527.h5 in 2.65 seconds
2025-09-19 07:26:37,768 - INFO - Processing /viper/ptmp/arego/Red_T_7K_1/7957.h5
2025-09-19 07:26:37,776 - INFO - Completed /viper/ptmp/arego/Red_T_7K_1_EN_100/11746.h5 in 2.29 seconds
2025-09-19 07:26:37,798 - INFO - Processing /viper/ptmp/arego/Red_T_7K_1/10968.h5
2025-09-19 07:26:37,804 - INFO - Completed /viper/ptmp/arego/Red_T_7K_1_EN_100/7520.h5 in 1.76 seconds
2025-09-19 07:26:37,805 - INFO - Completed /viper/ptmp/arego/Red_T_7K_1_EN_100/13477.h5 in 2.29 seconds
2025-09-19 07:26:37,836 - INFO - File 4529: Filtered 232611 hits and 2 records
2025-09-19 07:26:37,904 - INFO - Completed /viper/ptmp/arego/Red_T_7K_1_EN_100/13586.h5 in 1.98 seconds
2025-09-19 07:26:37,919 - INFO - File 22285: Filtered 127137 hits and 2 records
2025-09-19 07:26:37,937 - INFO - Processing /viper/ptmp/arego/Red_T_7K_1/8647.h5
2025-09-19 07:26:37,966 - INFO - Processing /viper/ptmp/arego/Red_T_7K_1/14925.h5
2025-09-19 07:26:38,024 - INFO - File 7957: Filtered 237327 hits and 5 records
2025-09-19 07:26:38,068 - INFO - Processing /viper/ptmp/arego/Red_T_7K_1/275.h5
2025-09-19 07:26:38,071 - INFO - Completed /viper/ptmp/arego/Red_T_7K_1_EN_100/3726.h5 in 2.22 seconds
2025-09-19 07:26:38,100 - INFO - File 10968: Filtered 279522 hits and 4 records
2025-09-19 07:26:38,115 - INFO - Completed /viper/ptmp/arego/Red_T_7K_1_EN_100/9307.h5 in 1.97 seconds
2025-09-19 07:26:38,117 - INFO - Processing /viper/ptmp/arego/Red_T_7K_1/18347.h5
2025-09-19 07:26:38,159 - INFO - File 8647: Filtered 650581 hits and 5 records
2025-09-19 07:26:38,161 - INFO - Processing /viper/ptmp/arego/Red_T_7K_1/2891.h5
2025-09-19 07:26:38,256 - INFO - File 14925: Filtered 268696 hits and 4 records
2025-09-19 07:26:38,291 - INFO - Completed /viper/ptmp/arego/Red_T_7K_1_EN_100/10479.h5 in 1.92 seconds
2025-09-19 07:26:38,304 - INFO - Processing /viper/ptmp/arego/Red_T_7K_1/13719.h5
2025-09-19 07:26:38,377 - INFO - Processing /viper/ptmp/arego/Red_T_7K_1/7941.h5
2025-09-19 07:26:38,391 - INFO - File 275: Filtered 105654 hits and 2 records
2025-09-19 07:26:38,392 - INFO - File 18347: Filtered 385323 hits and 4 records
2025-09-19 07:26:38,429 - INFO - File 2891: Filtered 228950 hits and 4 records
2025-09-19 07:26:38,512 - INFO - Processing /viper/ptmp/arego/Red_T_7K_1/13693.h5
2025-09-19 07:26:38,585 - INFO - Completed /viper/ptmp/arego/Red_T_7K_1_EN_100/10066.h5 in 2.04 seconds
2025-09-19 07:26:38,605 - INFO - File 13719: Filtered 26865 hits and 1 records
2025-09-19 07:26:38,648 - INFO - Completed /viper/ptmp/arego/Red_T_7K_1_EN_100/8888.h5 in 1.59 seconds
2025-09-19 07:26:38,655 - INFO - File 7941: Filtered 210234 hits and 2 records
2025-09-19 07:26:38,656 - INFO - Processing /viper/ptmp/arego/Red_T_7K_1/1340.h5
2025-09-19 07:26:38,738 - INFO - Completed /viper/ptmp/arego/Red_T_7K_1_EN_100/30.h5 in 2.40 seconds
2025-09-19 07:26:38,781 - INFO - Completed /viper/ptmp/arego/Red_T_7K_1_EN_100/8647.h5 in 0.84 seconds
2025-09-19 07:26:38,812 - INFO - Processing /viper/ptmp/arego/Red_T_7K_1/20846.h5
2025-09-19 07:26:38,829 - INFO - Completed /viper/ptmp/arego/Red_T_7K_1_EN_100/21740.h5 in 2.25 seconds
2025-09-19 07:26:38,830 - INFO - File 13693: Filtered 308989 hits and 3 records
2025-09-19 07:26:38,856 - INFO - Completed /viper/ptmp/arego/Red_T_7K_1_EN_100/1443.h5 in 3.53 seconds
2025-09-19 07:26:38,891 - INFO - Processing /viper/ptmp/arego/Red_T_7K_1/18586.h5
2025-09-19 07:26:38,904 - INFO - File 1340: Filtered 172580 hits and 3 records
2025-09-19 07:26:38,927 - INFO - Processing /viper/ptmp/arego/Red_T_7K_1/4507.h5
2025-09-19 07:26:39,004 - INFO - Processing /viper/ptmp/arego/Red_T_7K_1/22379.h5
2025-09-19 07:26:39,048 - INFO - File 20846: Filtered 630804 hits and 8 records
2025-09-19 07:26:39,063 - INFO - Completed /viper/ptmp/arego/Red_T_7K_1_EN_100/105.h5 in 1.65 seconds
2025-09-19 07:26:39,117 - INFO - Completed /viper/ptmp/arego/Red_T_7K_1_EN_100/7957.h5 in 1.35 seconds
2025-09-19 07:26:39,163 - INFO - Processing /viper/ptmp/arego/Red_T_7K_1/4318.h5
2025-09-19 07:26:39,182 - INFO - File 4507: Filtered 605238 hits and 6 records
2025-09-19 07:26:39,203 - INFO - Processing /viper/ptmp/arego/Red_T_7K_1/16455.h5
2025-09-19 07:26:39,215 - INFO - Processing /viper/ptmp/arego/Red_T_7K_1/21461.h5
2025-09-19 07:26:39,224 - INFO - Completed /viper/ptmp/arego/Red_T_7K_1_EN_100/4529.h5 in 1.75 seconds
2025-09-19 07:26:39,252 - INFO - File 22379: Filtered 492216 hits and 6 records
2025-09-19 07:26:39,260 - INFO - File 18586: Filtered 296083 hits and 4 records
2025-09-19 07:26:39,309 - INFO - Completed /viper/ptmp/arego/Red_T_7K_1_EN_100/15061.h5 in 2.46 seconds
2025-09-19 07:26:39,343 - INFO - Processing /viper/ptmp/arego/Red_T_7K_1/20622.h5
2025-09-19 07:26:39,475 - INFO - File 4318: Filtered 124009 hits and 2 records
2025-09-19 07:26:39,479 - INFO - Processing /viper/ptmp/arego/Red_T_7K_1/11670.h5
2025-09-19 07:26:39,481 - INFO - File 16455: Filtered 218369 hits and 4 records
2025-09-19 07:26:39,548 - INFO - File 21461: Filtered 250251 hits and 3 records
2025-09-19 07:26:39,616 - INFO - Processing /viper/ptmp/arego/Red_T_7K_1/20364.h5
2025-09-19 07:26:39,617 - INFO - Completed /viper/ptmp/arego/Red_T_7K_1_EN_100/17857.h5 in 2.27 seconds
2025-09-19 07:26:39,631 - INFO - File 20622: Filtered 419129 hits and 4 records
2025-09-19 07:26:39,638 - INFO - Completed /viper/ptmp/arego/Red_T_7K_1_EN_100/18347.h5 in 1.52 seconds
2025-09-19 07:26:39,666 - INFO - Completed /viper/ptmp/arego/Red_T_7K_1_EN_100/20846.h5 in 0.85 seconds
2025-09-19 07:26:39,722 - INFO - Processing /viper/ptmp/arego/Red_T_7K_1/10948.h5
2025-09-19 07:26:39,785 - INFO - File 11670: Filtered 627290 hits and 6 records
2025-09-19 07:26:39,814 - INFO - Processing /viper/ptmp/arego/Red_T_7K_1/20569.h5
2025-09-19 07:26:39,869 - INFO - Completed /viper/ptmp/arego/Red_T_7K_1_EN_100/4507.h5 in 0.94 seconds
2025-09-19 07:26:39,910 - INFO - File 20364: Filtered 213690 hits and 4 records
2025-09-19 07:26:39,941 - INFO - Processing /viper/ptmp/arego/Red_T_7K_1/17053.h5
2025-09-19 07:26:39,962 - INFO - Completed /viper/ptmp/arego/Red_T_7K_1_EN_100/22379.h5 in 0.96 seconds
2025-09-19 07:26:40,029 - INFO - Completed /viper/ptmp/arego/Red_T_7K_1_EN_100/10968.h5 in 2.23 seconds
2025-09-19 07:26:40,047 - INFO - Completed /viper/ptmp/arego/Red_T_7K_1_EN_100/15892.h5 in 3.17 seconds
2025-09-19 07:26:40,055 - INFO - File 10948: Filtered 275289 hits and 4 records
2025-09-19 07:26:40,070 - INFO - Processing /viper/ptmp/arego/Red_T_7K_1/19267.h5
2025-09-19 07:26:40,089 - INFO - Processing /viper/ptmp/arego/Red_T_7K_1/17366.h5
2025-09-19 07:26:40,114 - INFO - File 20569: Filtered 543182 hits and 5 records
2025-09-19 07:26:40,179 - INFO - File 17053: Filtered 391133 hits and 3 records
2025-09-19 07:26:40,189 - INFO - Completed /viper/ptmp/arego/Red_T_7K_1_EN_100/14925.h5 in 2.22 seconds
2025-09-19 07:26:40,206 - INFO - Completed /viper/ptmp/arego/Red_T_7K_1_EN_100/16989.h5 in 3.16 seconds
2025-09-19 07:26:40,236 - INFO - Processing /viper/ptmp/arego/Red_T_7K_1/12220.h5
2025-09-19 07:26:40,340 - INFO - File 19267: Filtered 391184 hits and 5 records
2025-09-19 07:26:40,357 - INFO - File 17366: Filtered 202154 hits and 4 records
2025-09-19 07:26:40,368 - INFO - Processing /viper/ptmp/arego/Red_T_7K_1/7668.h5
2025-09-19 07:26:40,415 - INFO - Processing /viper/ptmp/arego/Red_T_7K_1/4550.h5
2025-09-19 07:26:40,483 - INFO - Completed /viper/ptmp/arego/Red_T_7K_1_EN_100/2891.h5 in 2.32 seconds
2025-09-19 07:26:40,497 - INFO - File 12220: Filtered 285234 hits and 4 records
2025-09-19 07:26:40,550 - INFO - Completed /viper/ptmp/arego/Red_T_7K_1_EN_100/22285.h5 in 2.91 seconds
2025-09-19 07:26:40,602 - INFO - Processing /viper/ptmp/arego/Red_T_7K_1/12003.h5
2025-09-19 07:26:40,662 - INFO - File 7668: Filtered 248006 hits and 5 records
2025-09-19 07:26:40,702 - INFO - Completed /viper/ptmp/arego/Red_T_7K_1_EN_100/7941.h5 in 2.33 seconds
2025-09-19 07:26:40,766 - INFO - Completed /viper/ptmp/arego/Red_T_7K_1_EN_100/11670.h5 in 1.29 seconds
2025-09-19 07:26:40,766 - INFO - File 4550: Filtered 454546 hits and 5 records
2025-09-19 07:26:40,779 - INFO - Processing /viper/ptmp/arego/Red_T_7K_1/7297.h5
2025-09-19 07:26:40,862 - INFO - Processing /viper/ptmp/arego/Red_T_7K_1/1188.h5
2025-09-19 07:26:40,881 - INFO - Completed /viper/ptmp/arego/Red_T_7K_1_EN_100/8646.h5 in 3.58 seconds
2025-09-19 07:26:40,913 - INFO - File 12003: Filtered 344966 hits and 4 records
2025-09-19 07:26:40,954 - INFO - Processing /viper/ptmp/arego/Red_T_7K_1/18407.h5
2025-09-19 07:26:41,065 - INFO - Processing /viper/ptmp/arego/Red_T_7K_1/18960.h5
2025-09-19 07:26:41,144 - INFO - File 1188: Filtered 637629 hits and 4 records
2025-09-19 07:26:41,146 - INFO - File 7297: Filtered 690581 hits and 6 records
2025-09-19 07:26:41,167 - INFO - Completed /viper/ptmp/arego/Red_T_7K_1_EN_100/1340.h5 in 2.51 seconds
2025-09-19 07:26:41,230 - INFO - File 18407: Filtered 93998 hits and 2 records
2025-09-19 07:26:41,277 - INFO - Processing /viper/ptmp/arego/Red_T_7K_1/7963.h5
2025-09-19 07:26:41,292 - INFO - Processing /viper/ptmp/arego/Red_T_7K_1/14849.h5
2025-09-19 07:26:41,346 - INFO - File 18960: Filtered 504678 hits and 3 records
2025-09-19 07:26:41,354 - INFO - Completed /viper/ptmp/arego/Red_T_7K_1_EN_100/13719.h5 in 3.05 seconds
2025-09-19 07:26:41,441 - INFO - Completed /viper/ptmp/arego/Red_T_7K_1_EN_100/20569.h5 in 1.63 seconds
2025-09-19 07:26:41,457 - INFO - Completed /viper/ptmp/arego/Red_T_7K_1_EN_100/4318.h5 in 2.29 seconds
2025-09-19 07:26:41,478 - INFO - Processing /viper/ptmp/arego/Red_T_7K_1/21540.h5
2025-09-19 07:26:41,499 - INFO - Completed /viper/ptmp/arego/Red_T_7K_1_EN_100/13693.h5 in 2.99 seconds
2025-09-19 07:26:41,563 - INFO - Completed /viper/ptmp/arego/Red_T_7K_1_EN_100/17053.h5 in 1.62 seconds
2025-09-19 07:26:41,591 - INFO - File 7963: Filtered 36480 hits and 1 records
2025-09-19 07:26:41,613 - INFO - Processing /viper/ptmp/arego/Red_T_7K_1/9269.h5
2025-09-19 07:26:41,637 - INFO - Completed /viper/ptmp/arego/Red_T_7K_1_EN_100/17366.h5 in 1.55 seconds
2025-09-19 07:26:41,672 - INFO - Completed /viper/ptmp/arego/Red_T_7K_1_EN_100/18586.h5 in 2.78 seconds
2025-09-19 07:26:41,693 - INFO - Completed /viper/ptmp/arego/Red_T_7K_1_EN_100/20622.h5 in 2.35 seconds
2025-09-19 07:26:41,704 - INFO - File 14849: Filtered 333036 hits and 4 records
2025-09-19 07:26:41,715 - INFO - Completed /viper/ptmp/arego/Red_T_7K_1_EN_100/275.h5 in 3.65 seconds
2025-09-19 07:26:41,734 - INFO - Completed /viper/ptmp/arego/Red_T_7K_1_EN_100/16455.h5 in 2.53 seconds
2025-09-19 07:26:41,755 - INFO - Processing /viper/ptmp/arego/Red_T_7K_1/21363.h5
2025-09-19 07:26:41,767 - INFO - Processing /viper/ptmp/arego/Red_T_7K_1/5868.h5
2025-09-19 07:26:41,782 - INFO - Completed /viper/ptmp/arego/Red_T_7K_1_EN_100/1188.h5 in 0.92 seconds
2025-09-19 07:26:41,785 - INFO - Completed /viper/ptmp/arego/Red_T_7K_1_EN_100/21461.h5 in 2.57 seconds
2025-09-19 07:26:41,836 - INFO - File 21540: Filtered 451274 hits and 3 records
2025-09-19 07:26:41,842 - INFO - Completed /viper/ptmp/arego/Red_T_7K_1_EN_100/19267.h5 in 1.77 seconds
2025-09-19 07:26:41,886 - INFO - Processing /viper/ptmp/arego/Red_T_7K_1/18587.h5
2025-09-19 07:26:41,932 - INFO - File 9269: Filtered 118918 hits and 3 records
2025-09-19 07:26:41,981 - INFO - Processing /viper/ptmp/arego/Red_T_7K_1/2391.h5
2025-09-19 07:26:42,045 - INFO - File 21363: Filtered 369268 hits and 3 records
2025-09-19 07:26:42,055 - INFO - Completed /viper/ptmp/arego/Red_T_7K_1_EN_100/20364.h5 in 2.44 seconds
2025-09-19 07:26:42,064 - INFO - File 5868: Filtered 174855 hits and 1 records
2025-09-19 07:26:42,096 - INFO - Processing /viper/ptmp/arego/Red_T_7K_1/665.h5
2025-09-19 07:26:42,098 - INFO - Processing /viper/ptmp/arego/Red_T_7K_1/23069.h5
2025-09-19 07:26:42,153 - INFO - File 18587: Filtered 332971 hits and 4 records
2025-09-19 07:26:42,171 - INFO - Completed /viper/ptmp/arego/Red_T_7K_1_EN_100/7297.h5 in 1.39 seconds
2025-09-19 07:26:42,210 - INFO - Processing /viper/ptmp/arego/Red_T_7K_1/6193.h5
2025-09-19 07:26:42,265 - INFO - File 2391: Filtered 342853 hits and 4 records
2025-09-19 07:26:42,291 - INFO - Completed /viper/ptmp/arego/Red_T_7K_1_EN_100/12220.h5 in 2.05 seconds
2025-09-19 07:26:42,293 - INFO - Processing /viper/ptmp/arego/Red_T_7K_1/16583.h5
2025-09-19 07:26:42,386 - INFO - File 23069: Filtered 345312 hits and 5 records
2025-09-19 07:26:42,416 - INFO - Processing /viper/ptmp/arego/Red_T_7K_1/1962.h5
2025-09-19 07:26:42,429 - INFO - Processing /viper/ptmp/arego/Red_T_7K_1/5693.h5
2025-09-19 07:26:42,447 - INFO - File 665: Filtered 349169 hits and 5 records
2025-09-19 07:26:42,489 - INFO - Processing /viper/ptmp/arego/Red_T_7K_1/2587.h5
2025-09-19 07:26:42,512 - INFO - File 6193: Filtered 300779 hits and 4 records
2025-09-19 07:26:42,589 - INFO - File 16583: Filtered 344866 hits and 4 records
2025-09-19 07:26:42,677 - INFO - File 1962: Filtered 96212 hits and 3 records
2025-09-19 07:26:42,707 - INFO - File 5693: Filtered 66247 hits and 2 records
2025-09-19 07:26:42,710 - INFO - Completed /viper/ptmp/arego/Red_T_7K_1_EN_100/12003.h5 in 2.11 seconds
2025-09-19 07:26:42,736 - INFO - Processing /viper/ptmp/arego/Red_T_7K_1/310.h5
2025-09-19 07:26:42,759 - INFO - Processing /viper/ptmp/arego/Red_T_7K_1/548.h5
2025-09-19 07:26:42,811 - INFO - Processing /viper/ptmp/arego/Red_T_7K_1/11206.h5
2025-09-19 07:26:42,819 - INFO - Completed /viper/ptmp/arego/Red_T_7K_1_EN_100/18960.h5 in 1.75 seconds
2025-09-19 07:26:42,828 - INFO - File 2587: Filtered 304231 hits and 5 records
2025-09-19 07:26:42,979 - INFO - Completed /viper/ptmp/arego/Red_T_7K_1_EN_100/21540.h5 in 1.50 seconds
2025-09-19 07:26:43,024 - INFO - Processing /viper/ptmp/arego/Red_T_7K_1/5601.h5
2025-09-19 07:26:43,040 - INFO - Processing /viper/ptmp/arego/Red_T_7K_1/15667.h5
2025-09-19 07:26:43,063 - INFO - File 310: Filtered 50114 hits and 1 records
2025-09-19 07:26:43,092 - INFO - File 11206: Filtered 201072 hits and 3 records
2025-09-19 07:26:43,106 - INFO - File 548: Filtered 206052 hits and 3 records
2025-09-19 07:26:43,220 - INFO - Completed /viper/ptmp/arego/Red_T_7K_1_EN_100/10948.h5 in 3.50 seconds
2025-09-19 07:26:43,308 - INFO - File 5601: Filtered 545900 hits and 6 records
2025-09-19 07:26:43,324 - INFO - Processing /viper/ptmp/arego/Red_T_7K_1/22639.h5
2025-09-19 07:26:43,344 - INFO - Completed /viper/ptmp/arego/Red_T_7K_1_EN_100/4550.h5 in 2.93 seconds
2025-09-19 07:26:43,350 - INFO - File 15667: Filtered 238568 hits and 3 records
2025-09-19 07:26:43,584 - INFO - Processing /viper/ptmp/arego/Red_T_7K_1/15064.h5
2025-09-19 07:26:43,657 - INFO - File 22639: Filtered 329407 hits and 5 records
2025-09-19 07:26:43,690 - INFO - Completed /viper/ptmp/arego/Red_T_7K_1_EN_100/7668.h5 in 3.32 seconds
2025-09-19 07:26:43,890 - INFO - Processing /viper/ptmp/arego/Red_T_7K_1/4617.h5
2025-09-19 07:26:43,910 - INFO - Processing /viper/ptmp/arego/Red_T_7K_1/6275.h5
2025-09-19 07:26:43,913 - INFO - File 15064: Filtered 420379 hits and 4 records
2025-09-19 07:26:43,976 - INFO - Completed /viper/ptmp/arego/Red_T_7K_1_EN_100/14849.h5 in 2.68 seconds
2025-09-19 07:26:44,006 - INFO - Completed /viper/ptmp/arego/Red_T_7K_1_EN_100/9269.h5 in 2.39 seconds
2025-09-19 07:26:44,078 - INFO - Processing /viper/ptmp/arego/Red_T_7K_1/23256.h5
2025-09-19 07:26:44,105 - INFO - Processing /viper/ptmp/arego/Red_T_7K_1/15623.h5
2025-09-19 07:26:44,184 - INFO - File 4617: Filtered 378814 hits and 6 records
2025-09-19 07:26:44,242 - INFO - File 6275: Filtered 284499 hits and 5 records
2025-09-19 07:26:44,249 - INFO - Completed /viper/ptmp/arego/Red_T_7K_1_EN_100/23069.h5 in 2.15 seconds
2025-09-19 07:26:44,279 - INFO - Completed /viper/ptmp/arego/Red_T_7K_1_EN_100/2391.h5 in 2.30 seconds
2025-09-19 07:26:44,310 - INFO - Completed /viper/ptmp/arego/Red_T_7K_1_EN_100/21363.h5 in 2.56 seconds
2025-09-19 07:26:44,356 - INFO - File 23256: Filtered 494857 hits and 3 records
2025-09-19 07:26:44,375 - INFO - Processing /viper/ptmp/arego/Red_T_7K_1/13201.h5
2025-09-19 07:26:44,377 - INFO - File 15623: Filtered 438439 hits and 6 records
2025-09-19 07:26:44,399 - INFO - Processing /viper/ptmp/arego/Red_T_7K_1/17148.h5
2025-09-19 07:26:44,452 - INFO - Completed /viper/ptmp/arego/Red_T_7K_1_EN_100/18587.h5 in 2.57 seconds
2025-09-19 07:26:44,479 - INFO - Completed /viper/ptmp/arego/Red_T_7K_1_EN_100/548.h5 in 1.72 seconds
2025-09-19 07:26:44,507 - INFO - Completed /viper/ptmp/arego/Red_T_7K_1_EN_100/18407.h5 in 3.55 seconds
2025-09-19 07:26:44,522 - INFO - Processing /viper/ptmp/arego/Red_T_7K_1/22484.h5
2025-09-19 07:26:44,531 - INFO - Completed /viper/ptmp/arego/Red_T_7K_1_EN_100/6193.h5 in 2.32 seconds
2025-09-19 07:26:44,562 - INFO - Processing /viper/ptmp/arego/Red_T_7K_1/22116.h5
2025-09-19 07:26:44,568 - INFO - Processing /viper/ptmp/arego/Red_T_7K_1/21722.h5
2025-09-19 07:26:44,687 - INFO - File 13201: Filtered 78126 hits and 1 records
2025-09-19 07:26:44,721 - INFO - File 17148: Filtered 217458 hits and 3 records
2025-09-19 07:26:44,791 - INFO - Processing /viper/ptmp/arego/Red_T_7K_1/16984.h5
2025-09-19 07:26:44,792 - INFO - Completed /viper/ptmp/arego/Red_T_7K_1_EN_100/5601.h5 in 1.77 seconds
2025-09-19 07:26:44,793 - INFO - Completed /viper/ptmp/arego/Red_T_7K_1_EN_100/1962.h5 in 2.38 seconds
2025-09-19 07:26:44,818 - INFO - Completed /viper/ptmp/arego/Red_T_7K_1_EN_100/5868.h5 in 3.05 seconds
2025-09-19 07:26:44,839 - INFO - File 22484: Filtered 819987 hits and 8 records
2025-09-19 07:26:44,853 - INFO - Processing /viper/ptmp/arego/Red_T_7K_1/11014.h5
2025-09-19 07:26:44,861 - INFO - File 22116: Filtered 423090 hits and 2 records
2025-09-19 07:26:44,906 - INFO - Processing /viper/ptmp/arego/Red_T_7K_1/16566.h5
2025-09-19 07:26:44,916 - INFO - File 21722: Filtered 527331 hits and 6 records
2025-09-19 07:26:44,946 - INFO - Completed /viper/ptmp/arego/Red_T_7K_1_EN_100/16583.h5 in 2.65 seconds
2025-09-19 07:26:44,954 - INFO - Processing /viper/ptmp/arego/Red_T_7K_1/10709.h5
2025-09-19 07:26:44,979 - INFO - Completed /viper/ptmp/arego/Red_T_7K_1_EN_100/7963.h5 in 3.70 seconds
2025-09-19 07:26:45,030 - INFO - Processing /viper/ptmp/arego/Red_T_7K_1/5258.h5
2025-09-19 07:26:45,104 - INFO - File 16984: Filtered 488538 hits and 7 records
2025-09-19 07:26:45,171 - INFO - Processing /viper/ptmp/arego/Red_T_7K_1/19250.h5
2025-09-19 07:26:45,189 - INFO - File 11014: Filtered 142989 hits and 3 records
2025-09-19 07:26:45,220 - INFO - Completed /viper/ptmp/arego/Red_T_7K_1_EN_100/665.h5 in 3.12 seconds
2025-09-19 07:26:45,237 - INFO - File 16566: Filtered 234861 hits and 1 records
2025-09-19 07:26:45,259 - INFO - Processing /viper/ptmp/arego/Red_T_7K_1/19306.h5
2025-09-19 07:26:45,261 - INFO - File 10709: Filtered 464285 hits and 7 records
2025-09-19 07:26:45,387 - INFO - File 5258: Filtered 276510 hits and 3 records
2025-09-19 07:26:45,504 - INFO - Completed /viper/ptmp/arego/Red_T_7K_1_EN_100/11206.h5 in 2.69 seconds
2025-09-19 07:26:45,516 - INFO - Processing /viper/ptmp/arego/Red_T_7K_1/4332.h5
2025-09-19 07:26:45,542 - INFO - File 19250: Filtered 155675 hits and 4 records
2025-09-19 07:26:45,586 - INFO - Processing /viper/ptmp/arego/Red_T_7K_1/7887.h5
2025-09-19 07:26:45,589 - INFO - File 19306: Filtered 349501 hits and 5 records
2025-09-19 07:26:45,596 - INFO - Completed /viper/ptmp/arego/Red_T_7K_1_EN_100/22484.h5 in 1.07 seconds
2025-09-19 07:26:45,668 - INFO - Completed /viper/ptmp/arego/Red_T_7K_1_EN_100/15667.h5 in 2.63 seconds
2025-09-19 07:26:45,778 - INFO - Processing /viper/ptmp/arego/Red_T_7K_1/3613.h5
2025-09-19 07:26:45,822 - INFO - File 4332: Filtered 433806 hits and 5 records
2025-09-19 07:26:45,891 - INFO - File 7887: Filtered 221546 hits and 2 records
2025-09-19 07:26:45,951 - INFO - Processing /viper/ptmp/arego/Red_T_7K_1/7539.h5
2025-09-19 07:26:45,957 - INFO - Completed /viper/ptmp/arego/Red_T_7K_1_EN_100/4617.h5 in 2.07 seconds
2025-09-19 07:26:46,027 - INFO - File 3613: Filtered 198982 hits and 4 records
2025-09-19 07:26:46,029 - INFO - Completed /viper/ptmp/arego/Red_T_7K_1_EN_100/5693.h5 in 3.60 seconds
2025-09-19 07:26:46,112 - INFO - Processing /viper/ptmp/arego/Red_T_7K_1/3402.h5
2025-09-19 07:26:46,142 - INFO - Completed /viper/ptmp/arego/Red_T_7K_1_EN_100/23256.h5 in 2.06 seconds
2025-09-19 07:26:46,186 - INFO - Processing /viper/ptmp/arego/Red_T_7K_1/16656.h5
2025-09-19 07:26:46,208 - INFO - Processing /viper/ptmp/arego/Red_T_7K_1/1594.h5
2025-09-19 07:26:46,247 - INFO - File 7539: Filtered 290898 hits and 3 records
2025-09-19 07:26:46,358 - INFO - Completed /viper/ptmp/arego/Red_T_7K_1_EN_100/310.h5 in 3.62 seconds
2025-09-19 07:26:46,365 - INFO - Completed /viper/ptmp/arego/Red_T_7K_1_EN_100/2587.h5 in 3.88 seconds
2025-09-19 07:26:46,410 - INFO - File 3402: Filtered 385240 hits and 3 records
2025-09-19 07:26:46,444 - INFO - Completed /viper/ptmp/arego/Red_T_7K_1_EN_100/15623.h5 in 2.34 seconds
2025-09-19 07:26:46,467 - INFO - Completed /viper/ptmp/arego/Red_T_7K_1_EN_100/6275.h5 in 2.56 seconds
2025-09-19 07:26:46,478 - INFO - File 16656: Filtered 283521 hits and 3 records
2025-09-19 07:26:46,502 - INFO - Completed /viper/ptmp/arego/Red_T_7K_1_EN_100/22116.h5 in 1.94 seconds
2025-09-19 07:26:46,532 - INFO - File 1594: Filtered 527905 hits and 3 records
2025-09-19 07:26:46,545 - INFO - Processing /viper/ptmp/arego/Red_T_7K_1/21109.h5
2025-09-19 07:26:46,545 - INFO - Completed /viper/ptmp/arego/Red_T_7K_1_EN_100/15064.h5 in 2.96 seconds
2025-09-19 07:26:46,546 - INFO - Processing /viper/ptmp/arego/Red_T_7K_1/22489.h5
2025-09-19 07:26:46,570 - INFO - Processing /viper/ptmp/arego/Red_T_7K_1/14899.h5
2025-09-19 07:26:46,585 - INFO - Completed /viper/ptmp/arego/Red_T_7K_1_EN_100/22639.h5 in 3.26 seconds
2025-09-19 07:26:46,743 - INFO - Processing /viper/ptmp/arego/Red_T_7K_1/12353.h5
2025-09-19 07:26:46,765 - INFO - Completed /viper/ptmp/arego/Red_T_7K_1_EN_100/5258.h5 in 1.73 seconds
2025-09-19 07:26:46,816 - INFO - Processing /viper/ptmp/arego/Red_T_7K_1/3537.h5
2025-09-19 07:26:46,876 - INFO - File 22489: Filtered 25075 hits and 1 records
2025-09-19 07:26:46,928 - INFO - File 14899: Filtered 273216 hits and 6 records
2025-09-19 07:26:46,943 - INFO - File 21109: Filtered 223965 hits and 4 records
2025-09-19 07:26:46,950 - INFO - Processing /viper/ptmp/arego/Red_T_7K_1/13112.h5
2025-09-19 07:26:46,994 - INFO - Completed /viper/ptmp/arego/Red_T_7K_1_EN_100/16984.h5 in 2.20 seconds
2025-09-19 07:26:47,040 - INFO - Processing /viper/ptmp/arego/Red_T_7K_1/20544.h5
2025-09-19 07:26:47,061 - INFO - File 12353: Filtered 306793 hits and 3 records
2025-09-19 07:26:47,130 - INFO - File 3537: Filtered 336031 hits and 2 records
2025-09-19 07:26:47,175 - INFO - Processing /viper/ptmp/arego/Red_T_7K_1/19563.h5
2025-09-19 07:26:47,269 - INFO - File 13112: Filtered 634400 hits and 6 records
2025-09-19 07:26:47,297 - INFO - Completed /viper/ptmp/arego/Red_T_7K_1_EN_100/21722.h5 in 2.73 seconds
2025-09-19 07:26:47,357 - INFO - File 20544: Filtered 403518 hits and 5 records
2025-09-19 07:26:47,379 - INFO - Processing /viper/ptmp/arego/Red_T_7K_1/2855.h5
2025-09-19 07:26:47,512 - INFO - File 19563: Filtered 0 hits and 0 records
2025-09-19 07:26:47,528 - INFO - Processing /viper/ptmp/arego/Red_T_7K_1/7598.h5
2025-09-19 07:26:47,615 - INFO - Completed /viper/ptmp/arego/Red_T_7K_1_EN_100/10709.h5 in 2.66 seconds
2025-09-19 07:26:47,680 - INFO - Processing /viper/ptmp/arego/Red_T_7K_1/14763.h5
2025-09-19 07:26:47,695 - INFO - File 2855: Filtered 675272 hits and 5 records
2025-09-19 07:26:47,838 - INFO - Completed /viper/ptmp/arego/Red_T_7K_1_EN_100/19306.h5 in 2.58 seconds
2025-09-19 07:26:47,861 - INFO - File 7598: Filtered 515964 hits and 7 records
2025-09-19 07:26:47,886 - INFO - Processing /viper/ptmp/arego/Red_T_7K_1/1471.h5
2025-09-19 07:26:47,933 - INFO - Completed /viper/ptmp/arego/Red_T_7K_1_EN_100/13201.h5 in 3.56 seconds
2025-09-19 07:26:47,962 - INFO - File 14763: Filtered 156702 hits and 2 records
2025-09-19 07:26:47,980 - INFO - Processing /viper/ptmp/arego/Red_T_7K_1/14703.h5
2025-09-19 07:26:47,993 - INFO - Completed /viper/ptmp/arego/Red_T_7K_1_EN_100/3613.h5 in 2.22 seconds
2025-09-19 07:26:48,039 - INFO - Completed /viper/ptmp/arego/Red_T_7K_1_EN_100/4332.h5 in 2.52 seconds
2025-09-19 07:26:48,147 - INFO - Processing /viper/ptmp/arego/Red_T_7K_1/13009.h5
2025-09-19 07:26:48,168 - INFO - File 1471: Filtered 446158 hits and 6 records
2025-09-19 07:26:48,235 - INFO - Processing /viper/ptmp/arego/Red_T_7K_1/11886.h5
2025-09-19 07:26:48,249 - INFO - File 14703: Filtered 245914 hits and 4 records
2025-09-19 07:26:48,253 - INFO - Completed /viper/ptmp/arego/Red_T_7K_1_EN_100/7887.h5 in 2.67 seconds
2025-09-19 07:26:48,342 - INFO - Completed /viper/ptmp/arego/Red_T_7K_1_EN_100/17148.h5 in 3.94 seconds
2025-09-19 07:26:48,388 - INFO - Processing /viper/ptmp/arego/Red_T_7K_1/10303.h5
2025-09-19 07:26:48,401 - INFO - Processing /viper/ptmp/arego/Red_T_7K_1/14109.h5
2025-09-19 07:26:48,518 - INFO - File 13009: Filtered 464689 hits and 5 records
2025-09-19 07:26:48,534 - INFO - File 11886: Filtered 697792 hits and 5 records
2025-09-19 07:26:48,692 - INFO - File 10303: Filtered 303322 hits and 4 records
2025-09-19 07:26:48,707 - INFO - File 14109: Filtered 384100 hits and 4 records
2025-09-19 07:26:48,889 - INFO - Completed /viper/ptmp/arego/Red_T_7K_1_EN_100/11014.h5 in 4.04 seconds
2025-09-19 07:26:48,933 - INFO - Processing /viper/ptmp/arego/Red_T_7K_1/1475.h5
2025-09-19 07:26:48,964 - INFO - Completed /viper/ptmp/arego/Red_T_7K_1_EN_100/1594.h5 in 2.76 seconds
2025-09-19 07:26:48,976 - INFO - Completed /viper/ptmp/arego/Red_T_7K_1_EN_100/13112.h5 in 2.03 seconds
2025-09-19 07:26:49,044 - INFO - Processing /viper/ptmp/arego/Red_T_7K_1/5226.h5
2025-09-19 07:26:49,243 - INFO - Processing /viper/ptmp/arego/Red_T_7K_1/6499.h5
2025-09-19 07:26:49,244 - INFO - File 1475: Filtered 68956 hits and 2 records
2025-09-19 07:26:49,284 - INFO - Completed /viper/ptmp/arego/Red_T_7K_1_EN_100/2855.h5 in 1.90 seconds
2025-09-19 07:26:49,301 - INFO - Completed /viper/ptmp/arego/Red_T_7K_1_EN_100/3537.h5 in 2.48 seconds
2025-09-19 07:26:49,368 - INFO - File 5226: Filtered 377460 hits and 5 records
2025-09-19 07:26:49,387 - INFO - Processing /viper/ptmp/arego/Red_T_7K_1/11855.h5
2025-09-19 07:26:49,419 - INFO - Completed /viper/ptmp/arego/Red_T_7K_1_EN_100/16566.h5 in 4.51 seconds
2025-09-19 07:26:49,427 - INFO - Completed /viper/ptmp/arego/Red_T_7K_1_EN_100/3402.h5 in 3.32 seconds
2025-09-19 07:26:49,493 - INFO - Processing /viper/ptmp/arego/Red_T_7K_1/4503.h5
2025-09-19 07:26:49,546 - INFO - File 6499: Filtered 652976 hits and 5 records
2025-09-19 07:26:49,574 - INFO - Completed /viper/ptmp/arego/Red_T_7K_1_EN_100/12353.h5 in 2.83 seconds
2025-09-19 07:26:49,628 - INFO - Completed /viper/ptmp/arego/Red_T_7K_1_EN_100/19250.h5 in 4.46 seconds
2025-09-19 07:26:49,678 - INFO - Processing /viper/ptmp/arego/Red_T_7K_1/12354.h5
2025-09-19 07:26:49,692 - INFO - File 11855: Filtered 304474 hits and 3 records
2025-09-19 07:26:49,710 - INFO - Completed /viper/ptmp/arego/Red_T_7K_1_EN_100/20544.h5 in 2.67 seconds
2025-09-19 07:26:49,740 - INFO - Processing /viper/ptmp/arego/Red_T_7K_1/9347.h5
2025-09-19 07:26:49,781 - INFO - Processing /viper/ptmp/arego/Red_T_7K_1/11524.h5
2025-09-19 07:26:49,825 - INFO - Completed /viper/ptmp/arego/Red_T_7K_1_EN_100/16656.h5 in 3.64 seconds
2025-09-19 07:26:49,874 - INFO - Completed /viper/ptmp/arego/Red_T_7K_1_EN_100/7539.h5 in 3.92 seconds
2025-09-19 07:26:49,893 - INFO - File 4503: Filtered 462835 hits and 6 records
2025-09-19 07:26:49,914 - INFO - Processing /viper/ptmp/arego/Red_T_7K_1/19087.h5
2025-09-19 07:26:49,978 - INFO - File 12354: Filtered 172008 hits and 3 records
2025-09-19 07:26:49,978 - INFO - Processing /viper/ptmp/arego/Red_T_7K_1/8369.h5
2025-09-19 07:26:49,985 - INFO - Completed /viper/ptmp/arego/Red_T_7K_1_EN_100/1471.h5 in 2.10 seconds
2025-09-19 07:26:49,987 - INFO - Processing /viper/ptmp/arego/Red_T_7K_1/4182.h5
2025-09-19 07:26:50,019 - INFO - File 9347: Filtered 661223 hits and 7 records
2025-09-19 07:26:50,080 - INFO - File 11524: Filtered 588505 hits and 7 records
2025-09-19 07:26:50,137 - INFO - Processing /viper/ptmp/arego/Red_T_7K_1/9394.h5
2025-09-19 07:26:50,200 - INFO - Completed /viper/ptmp/arego/Red_T_7K_1_EN_100/7598.h5 in 2.67 seconds
2025-09-19 07:26:50,220 - INFO - Processing /viper/ptmp/arego/Red_T_7K_1/20223.h5
2025-09-19 07:26:50,239 - INFO - File 19087: Filtered 868017 hits and 5 records
2025-09-19 07:26:50,285 - INFO - File 8369: Filtered 382821 hits and 5 records
2025-09-19 07:26:50,305 - INFO - File 4182: Filtered 295829 hits and 2 records
2025-09-19 07:26:50,310 - INFO - Completed /viper/ptmp/arego/Red_T_7K_1_EN_100/11886.h5 in 2.08 seconds
2025-09-19 07:26:50,371 - INFO - Processing /viper/ptmp/arego/Red_T_7K_1/19058.h5
2025-09-19 07:26:50,381 - INFO - Completed /viper/ptmp/arego/Red_T_7K_1_EN_100/14763.h5 in 2.70 seconds
2025-09-19 07:26:50,384 - INFO - Processing /viper/ptmp/arego/Red_T_7K_1/3442.h5
2025-09-19 07:26:50,422 - INFO - File 9394: Filtered 223075 hits and 3 records
2025-09-19 07:26:50,570 - INFO - File 20223: Filtered 278588 hits and 4 records
2025-09-19 07:26:50,577 - INFO - Processing /viper/ptmp/arego/Red_T_7K_1/22254.h5
2025-09-19 07:26:50,620 - INFO - Completed /viper/ptmp/arego/Red_T_7K_1_EN_100/22489.h5 in 4.07 seconds
2025-09-19 07:26:50,665 - INFO - Processing /viper/ptmp/arego/Red_T_7K_1/18734.h5
2025-09-19 07:26:50,718 - INFO - File 3442: Filtered 185143 hits and 3 records
2025-09-19 07:26:50,745 - INFO - File 19058: Filtered 73733 hits and 2 records
2025-09-19 07:26:50,928 - INFO - Completed /viper/ptmp/arego/Red_T_7K_1_EN_100/14109.h5 in 2.53 seconds
2025-09-19 07:26:50,978 - INFO - File 22254: Filtered 488463 hits and 3 records
2025-09-19 07:26:50,994 - INFO - File 18734: Filtered 729566 hits and 4 records
2025-09-19 07:26:51,037 - INFO - Processing /viper/ptmp/arego/Red_T_7K_1/12236.h5
2025-09-19 07:26:51,395 - INFO - File 12236: Filtered 646682 hits and 6 records
2025-09-19 07:26:51,415 - INFO - Completed /viper/ptmp/arego/Red_T_7K_1_EN_100/14899.h5 in 4.85 seconds
2025-09-19 07:26:51,492 - INFO - Completed /viper/ptmp/arego/Red_T_7K_1_EN_100/6499.h5 in 2.25 seconds
2025-09-19 07:26:51,502 - INFO - Completed /viper/ptmp/arego/Red_T_7K_1_EN_100/21109.h5 in 4.96 seconds
2025-09-19 07:26:51,503 - INFO - Completed /viper/ptmp/arego/Red_T_7K_1_EN_100/13009.h5 in 3.36 seconds
2025-09-19 07:26:51,516 - INFO - Processing /viper/ptmp/arego/Red_T_7K_1/1224.h5
2025-09-19 07:26:51,567 - INFO - Processing /viper/ptmp/arego/Red_T_7K_1/9715.h5
2025-09-19 07:26:51,571 - INFO - Processing /viper/ptmp/arego/Red_T_7K_1/10447.h5
2025-09-19 07:26:51,589 - INFO - Completed /viper/ptmp/arego/Red_T_7K_1_EN_100/11524.h5 in 1.81 seconds
2025-09-19 07:26:51,598 - INFO - Completed /viper/ptmp/arego/Red_T_7K_1_EN_100/11855.h5 in 2.21 seconds
2025-09-19 07:26:51,638 - INFO - Completed /viper/ptmp/arego/Red_T_7K_1_EN_100/19087.h5 in 1.72 seconds
2025-09-19 07:26:51,727 - INFO - Completed /viper/ptmp/arego/Red_T_7K_1_EN_100/19563.h5 in 4.55 seconds
2025-09-19 07:26:51,761 - INFO - Completed /viper/ptmp/arego/Red_T_7K_1_EN_100/14703.h5 in 3.78 seconds
2025-09-19 07:26:51,805 - INFO - Processing /viper/ptmp/arego/Red_T_7K_1/22808.h5
2025-09-19 07:26:51,820 - INFO - Completed /viper/ptmp/arego/Red_T_7K_1_EN_100/9347.h5 in 2.08 seconds
2025-09-19 07:26:51,861 - INFO - Processing /viper/ptmp/arego/Red_T_7K_1/17215.h5
2025-09-19 07:26:51,892 - INFO - File 9715: Filtered 456620 hits and 2 records
2025-09-19 07:26:51,897 - INFO - Processing /viper/ptmp/arego/Red_T_7K_1/16390.h5
2025-09-19 07:26:51,908 - INFO - File 1224: Filtered 273582 hits and 5 records
2025-09-19 07:26:51,910 - INFO - File 10447: Filtered 239597 hits and 3 records
2025-09-19 07:26:51,994 - INFO - Completed /viper/ptmp/arego/Red_T_7K_1_EN_100/10303.h5 in 3.61 seconds
2025-09-19 07:26:52,064 - INFO - Processing /viper/ptmp/arego/Red_T_7K_1/14445.h5
2025-09-19 07:26:52,077 - INFO - Processing /viper/ptmp/arego/Red_T_7K_1/1450.h5
2025-09-19 07:26:52,141 - INFO - Processing /viper/ptmp/arego/Red_T_7K_1/11421.h5
2025-09-19 07:26:52,176 - INFO - File 22808: Filtered 406836 hits and 4 records
2025-09-19 07:26:52,203 - INFO - File 17215: Filtered 573039 hits and 7 records
2025-09-19 07:26:52,217 - INFO - Completed /viper/ptmp/arego/Red_T_7K_1_EN_100/5226.h5 in 3.17 seconds
2025-09-19 07:26:52,233 - INFO - File 16390: Filtered 670992 hits and 6 records
2025-09-19 07:26:52,251 - INFO - Completed /viper/ptmp/arego/Red_T_7K_1_EN_100/4503.h5 in 2.76 seconds
2025-09-19 07:26:52,329 - INFO - Processing /viper/ptmp/arego/Red_T_7K_1/22844.h5
2025-09-19 07:26:52,353 - INFO - Completed /viper/ptmp/arego/Red_T_7K_1_EN_100/22254.h5 in 1.78 seconds
2025-09-19 07:26:52,396 - INFO - Processing /viper/ptmp/arego/Red_T_7K_1/16312.h5
2025-09-19 07:26:52,443 - INFO - File 11421: Filtered 213840 hits and 3 records
2025-09-19 07:26:52,444 - INFO - File 1450: Filtered 377043 hits and 3 records
2025-09-19 07:26:52,446 - INFO - File 14445: Filtered 867411 hits and 5 records
2025-09-19 07:26:52,452 - INFO - Processing /viper/ptmp/arego/Red_T_7K_1/10068.h5
2025-09-19 07:26:52,636 - INFO - Processing /viper/ptmp/arego/Red_T_7K_1/12565.h5
2025-09-19 07:26:52,679 - INFO - File 22844: Filtered 321027 hits and 3 records
2025-09-19 07:26:52,713 - INFO - Completed /viper/ptmp/arego/Red_T_7K_1_EN_100/18734.h5 in 2.05 seconds
2025-09-19 07:26:52,740 - INFO - Processing /viper/ptmp/arego/Red_T_7K_1/12062.h5
2025-09-19 07:26:52,762 - INFO - Completed /viper/ptmp/arego/Red_T_7K_1_EN_100/9394.h5 in 2.62 seconds
2025-09-19 07:26:52,789 - INFO - Processing /viper/ptmp/arego/Red_T_7K_1/11163.h5
2025-09-19 07:26:52,790 - INFO - File 16312: Filtered 150187 hits and 3 records
2025-09-19 07:26:52,803 - INFO - Completed /viper/ptmp/arego/Red_T_7K_1_EN_100/8369.h5 in 2.83 seconds
2025-09-19 07:26:52,807 - INFO - File 10068: Filtered 468951 hits and 4 records
2025-09-19 07:26:52,867 - INFO - Completed /viper/ptmp/arego/Red_T_7K_1_EN_100/1475.h5 in 3.93 seconds
2025-09-19 07:26:52,913 - INFO - Processing /viper/ptmp/arego/Red_T_7K_1/327.h5
2025-09-19 07:26:53,023 - INFO - Processing /viper/ptmp/arego/Red_T_7K_1/4818.h5
2025-09-19 07:26:53,050 - INFO - File 12062: Filtered 528231 hits and 4 records
2025-09-19 07:26:53,127 - INFO - File 11163: Filtered 400041 hits and 3 records
2025-09-19 07:26:53,298 - INFO - Completed /viper/ptmp/arego/Red_T_7K_1_EN_100/12354.h5 in 3.62 seconds
2025-09-19 07:26:53,303 - INFO - File 327: Filtered 330473 hits and 5 records
2025-09-19 07:26:53,370 - INFO - Processing /viper/ptmp/arego/Red_T_7K_1/10996.h5
2025-09-19 07:26:53,389 - INFO - File 4818: Filtered 465922 hits and 4 records
2025-09-19 07:26:53,436 - INFO - Completed /viper/ptmp/arego/Red_T_7K_1_EN_100/12236.h5 in 2.40 seconds
2025-09-19 07:26:53,460 - INFO - Completed /viper/ptmp/arego/Red_T_7K_1_EN_100/20223.h5 in 3.24 seconds
2025-09-19 07:26:53,516 - INFO - Processing /viper/ptmp/arego/Red_T_7K_1/353.h5
2025-09-19 07:26:53,534 - INFO - Processing /viper/ptmp/arego/Red_T_7K_1/2202.h5
2025-09-19 07:26:53,557 - INFO - Processing /viper/ptmp/arego/Red_T_7K_1/14207.h5
2025-09-19 07:26:53,560 - INFO - Completed /viper/ptmp/arego/Red_T_7K_1_EN_100/4182.h5 in 3.57 seconds
2025-09-19 07:26:53,731 - INFO - File 10996: Filtered 861073 hits and 5 records
2025-09-19 07:26:53,734 - INFO - Completed /viper/ptmp/arego/Red_T_7K_1_EN_100/19058.h5 in 3.36 seconds
2025-09-19 07:26:53,822 - INFO - File 353: Filtered 354876 hits and 6 records
2025-09-19 07:26:53,931 - INFO - Processing /viper/ptmp/arego/Red_T_7K_1/10399.h5
2025-09-19 07:26:53,939 - INFO - File 2202: Filtered 544108 hits and 4 records
2025-09-19 07:26:53,963 - INFO - File 14207: Filtered 664581 hits and 4 records
2025-09-19 07:26:54,184 - INFO - Processing /viper/ptmp/arego/Red_T_7K_1/21785.h5
2025-09-19 07:26:54,227 - INFO - Completed /viper/ptmp/arego/Red_T_7K_1_EN_100/17215.h5 in 2.37 seconds
2025-09-19 07:26:54,242 - INFO - Completed /viper/ptmp/arego/Red_T_7K_1_EN_100/10447.h5 in 2.67 seconds
2025-09-19 07:26:54,243 - INFO - File 10399: Filtered 113260 hits and 2 records
2025-09-19 07:26:54,259 - INFO - Completed /viper/ptmp/arego/Red_T_7K_1_EN_100/14445.h5 in 2.19 seconds
2025-09-19 07:26:54,289 - INFO - Processing /viper/ptmp/arego/Red_T_7K_1/1786.h5
2025-09-19 07:26:54,337 - INFO - Processing /viper/ptmp/arego/Red_T_7K_1/3790.h5
2025-09-19 07:26:54,543 - INFO - Processing /viper/ptmp/arego/Red_T_7K_1/22919.h5
2025-09-19 07:26:54,566 - INFO - File 1786: Filtered 385886 hits and 4 records
2025-09-19 07:26:54,593 - INFO - File 21785: Filtered 313359 hits and 4 records
2025-09-19 07:26:54,608 - INFO - Completed /viper/ptmp/arego/Red_T_7K_1_EN_100/3442.h5 in 4.22 seconds
2025-09-19 07:26:54,641 - INFO - Completed /viper/ptmp/arego/Red_T_7K_1_EN_100/16390.h5 in 2.74 seconds
2025-09-19 07:26:54,673 - INFO - File 3790: Filtered 548907 hits and 3 records
2025-09-19 07:26:54,683 - INFO - Completed /viper/ptmp/arego/Red_T_7K_1_EN_100/9715.h5 in 3.12 seconds
2025-09-19 07:26:54,691 - INFO - Processing /viper/ptmp/arego/Red_T_7K_1/5813.h5
2025-09-19 07:26:54,727 - INFO - Processing /viper/ptmp/arego/Red_T_7K_1/12361.h5
2025-09-19 07:26:54,904 - INFO - File 22919: Filtered 321395 hits and 4 records
2025-09-19 07:26:55,032 - INFO - File 5813: Filtered 278009 hits and 5 records
2025-09-19 07:26:55,059 - INFO - Processing /viper/ptmp/arego/Red_T_7K_1/4601.h5
2025-09-19 07:26:55,134 - INFO - Completed /viper/ptmp/arego/Red_T_7K_1_EN_100/10996.h5 in 1.76 seconds
2025-09-19 07:26:55,158 - INFO - File 12361: Filtered 542382 hits and 4 records
2025-09-19 07:26:55,200 - INFO - Completed /viper/ptmp/arego/Red_T_7K_1_EN_100/11163.h5 in 2.41 seconds
2025-09-19 07:26:55,203 - INFO - Processing /viper/ptmp/arego/Red_T_7K_1/6084.h5
2025-09-19 07:26:55,462 - INFO - Processing /viper/ptmp/arego/Red_T_7K_1/8204.h5
2025-09-19 07:26:55,491 - INFO - File 4601: Filtered 475584 hits and 2 records
2025-09-19 07:26:55,560 - INFO - Completed /viper/ptmp/arego/Red_T_7K_1_EN_100/12565.h5 in 2.92 seconds
2025-09-19 07:26:55,565 - INFO - File 6084: Filtered 583445 hits and 5 records
2025-09-19 07:26:55,614 - INFO - Completed /viper/ptmp/arego/Red_T_7K_1_EN_100/12062.h5 in 2.87 seconds
2025-09-19 07:26:55,653 - INFO - Processing /viper/ptmp/arego/Red_T_7K_1/21611.h5
2025-09-19 07:26:55,693 - INFO - Completed /viper/ptmp/arego/Red_T_7K_1_EN_100/4818.h5 in 2.67 seconds
2025-09-19 07:26:55,739 - INFO - Processing /viper/ptmp/arego/Red_T_7K_1/13426.h5
2025-09-19 07:26:55,771 - INFO - Processing /viper/ptmp/arego/Red_T_7K_1/6924.h5
2025-09-19 07:26:55,852 - INFO - File 8204: Filtered 413010 hits and 4 records
2025-09-19 07:26:55,954 - INFO - Completed /viper/ptmp/arego/Red_T_7K_1_EN_100/22844.h5 in 3.62 seconds
2025-09-19 07:26:55,989 - INFO - File 21611: Filtered 640563 hits and 6 records
2025-09-19 07:26:56,037 - INFO - Processing /viper/ptmp/arego/Red_T_7K_1/8721.h5
2025-09-19 07:26:56,088 - INFO - Completed /viper/ptmp/arego/Red_T_7K_1_EN_100/22808.h5 in 4.28 seconds
2025-09-19 07:26:56,123 - INFO - Completed /viper/ptmp/arego/Red_T_7K_1_EN_100/11421.h5 in 3.98 seconds
2025-09-19 07:26:56,172 - INFO - File 6924: Filtered 133626 hits and 3 records
2025-09-19 07:26:56,179 - INFO - Processing /viper/ptmp/arego/Red_T_7K_1/7137.h5
2025-09-19 07:26:56,193 - INFO - Processing /viper/ptmp/arego/Red_T_7K_1/4029.h5
2025-09-19 07:26:56,204 - INFO - File 13426: Filtered 696156 hits and 5 records
2025-09-19 07:26:56,208 - INFO - Completed /viper/ptmp/arego/Red_T_7K_1_EN_100/1450.h5 in 4.13 seconds
2025-09-19 07:26:56,308 - INFO - Processing /viper/ptmp/arego/Red_T_7K_1/22691.h5
2025-09-19 07:26:56,373 - INFO - File 8721: Filtered 433645 hits and 5 records
2025-09-19 07:26:56,417 - INFO - Completed /viper/ptmp/arego/Red_T_7K_1_EN_100/10399.h5 in 2.49 seconds
2025-09-19 07:26:56,491 - INFO - File 7137: Filtered 367235 hits and 5 records
2025-09-19 07:26:56,521 - INFO - Processing /viper/ptmp/arego/Red_T_7K_1/146.h5
2025-09-19 07:26:56,559 - INFO - File 4029: Filtered 389751 hits and 4 records
2025-09-19 07:26:56,594 - INFO - File 22691: Filtered 558502 hits and 8 records
2025-09-19 07:26:56,611 - INFO - Completed /viper/ptmp/arego/Red_T_7K_1_EN_100/1224.h5 in 5.09 seconds
2025-09-19 07:26:56,634 - INFO - Completed /viper/ptmp/arego/Red_T_7K_1_EN_100/1786.h5 in 2.34 seconds
2025-09-19 07:26:56,714 - INFO - Processing /viper/ptmp/arego/Red_T_7K_1/6349.h5
2025-09-19 07:26:56,716 - INFO - Processing /viper/ptmp/arego/Red_T_7K_1/7153.h5
2025-09-19 07:26:56,830 - INFO - File 146: Filtered 399507 hits and 5 records
2025-09-19 07:26:56,863 - INFO - Completed /viper/ptmp/arego/Red_T_7K_1_EN_100/14207.h5 in 3.31 seconds
2025-09-19 07:26:56,947 - INFO - Completed /viper/ptmp/arego/Red_T_7K_1_EN_100/327.h5 in 4.03 seconds
2025-09-19 07:26:56,960 - INFO - Completed /viper/ptmp/arego/Red_T_7K_1_EN_100/3790.h5 in 2.62 seconds
2025-09-19 07:26:56,991 - INFO - Processing /viper/ptmp/arego/Red_T_7K_1/8442.h5
2025-09-19 07:26:57,024 - INFO - Processing /viper/ptmp/arego/Red_T_7K_1/20033.h5
2025-09-19 07:26:57,077 - INFO - File 7153: Filtered 589749 hits and 4 records
2025-09-19 07:26:57,121 - INFO - File 6349: Filtered 46917 hits and 1 records
2025-09-19 07:26:57,167 - INFO - Completed /viper/ptmp/arego/Red_T_7K_1_EN_100/353.h5 in 3.65 seconds
2025-09-19 07:26:57,201 - INFO - Completed /viper/ptmp/arego/Red_T_7K_1_EN_100/2202.h5 in 3.67 seconds
2025-09-19 07:26:57,252 - INFO - Processing /viper/ptmp/arego/Red_T_7K_1/2236.h5
2025-09-19 07:26:57,273 - INFO - Processing /viper/ptmp/arego/Red_T_7K_1/13557.h5
2025-09-19 07:26:57,302 - INFO - Completed /viper/ptmp/arego/Red_T_7K_1_EN_100/10068.h5 in 4.85 seconds
2025-09-19 07:26:57,333 - INFO - Completed /viper/ptmp/arego/Red_T_7K_1_EN_100/16312.h5 in 4.94 seconds
2025-09-19 07:26:57,428 - INFO - File 20033: Filtered 353968 hits and 5 records
2025-09-19 07:26:57,435 - INFO - File 8442: Filtered 237581 hits and 3 records
2025-09-19 07:26:57,461 - INFO - Processing /viper/ptmp/arego/Red_T_7K_1/3587.h5
2025-09-19 07:26:57,489 - INFO - Processing /viper/ptmp/arego/Red_T_7K_1/18137.h5
2025-09-19 07:26:57,637 - INFO - File 13557: Filtered 311579 hits and 4 records
2025-09-19 07:26:57,686 - INFO - Completed /viper/ptmp/arego/Red_T_7K_1_EN_100/21785.h5 in 3.50 seconds
2025-09-19 07:26:57,691 - INFO - File 2236: Filtered 602189 hits and 5 records
2025-09-19 07:26:57,864 - INFO - Processing /viper/ptmp/arego/Red_T_7K_1/1075.h5
2025-09-19 07:26:57,885 - INFO - Processing /viper/ptmp/arego/Red_T_7K_1/22670.h5
2025-09-19 07:26:57,951 - INFO - File 3587: Filtered 382665 hits and 4 records
2025-09-19 07:26:57,965 - INFO - File 18137: Filtered 195425 hits and 1 records
2025-09-19 07:26:58,074 - INFO - Completed /viper/ptmp/arego/Red_T_7K_1_EN_100/8204.h5 in 2.61 seconds
2025-09-19 07:26:58,085 - INFO - Completed /viper/ptmp/arego/Red_T_7K_1_EN_100/6084.h5 in 2.88 seconds
2025-09-19 07:26:58,146 - INFO - Processing /viper/ptmp/arego/Red_T_7K_1/20320.h5
2025-09-19 07:26:58,262 - INFO - Completed /viper/ptmp/arego/Red_T_7K_1_EN_100/21611.h5 in 2.61 seconds
2025-09-19 07:26:58,285 - INFO - File 22670: Filtered 626864 hits and 7 records
2025-09-19 07:26:58,307 - INFO - File 1075: Filtered 334634 hits and 4 records
2025-09-19 07:26:58,356 - INFO - Processing /viper/ptmp/arego/Red_T_7K_1/14951.h5
2025-09-19 07:26:58,412 - INFO - Processing /viper/ptmp/arego/Red_T_7K_1/3906.h5
2025-09-19 07:26:58,440 - INFO - File 20320: Filtered 383330 hits and 5 records
2025-09-19 07:26:58,524 - INFO - Completed /viper/ptmp/arego/Red_T_7K_1_EN_100/12361.h5 in 3.80 seconds
2025-09-19 07:26:58,583 - INFO - Completed /viper/ptmp/arego/Red_T_7K_1_EN_100/22919.h5 in 4.04 seconds
2025-09-19 07:26:58,660 - INFO - Processing /viper/ptmp/arego/Red_T_7K_1/11500.h5
2025-09-19 07:26:58,677 - INFO - Processing /viper/ptmp/arego/Red_T_7K_1/3559.h5
2025-09-19 07:26:58,692 - INFO - File 14951: Filtered 210974 hits and 7 records
2025-09-19 07:26:58,724 - INFO - Completed /viper/ptmp/arego/Red_T_7K_1_EN_100/4601.h5 in 3.66 seconds
2025-09-19 07:26:58,726 - INFO - Completed /viper/ptmp/arego/Red_T_7K_1_EN_100/7137.h5 in 2.55 seconds
2025-09-19 07:26:58,825 - INFO - Processing /viper/ptmp/arego/Red_T_7K_1/4202.h5
2025-09-19 07:26:58,845 - INFO - File 3906: Filtered 357430 hits and 2 records
2025-09-19 07:26:58,910 - INFO - Completed /viper/ptmp/arego/Red_T_7K_1_EN_100/22691.h5 in 2.60 seconds
2025-09-19 07:26:59,019 - INFO - Processing /viper/ptmp/arego/Red_T_7K_1/20110.h5
2025-09-19 07:26:59,039 - INFO - Processing /viper/ptmp/arego/Red_T_7K_1/19302.h5
2025-09-19 07:26:59,063 - INFO - File 11500: Filtered 738821 hits and 3 records
2025-09-19 07:26:59,091 - INFO - File 3559: Filtered 640725 hits and 3 records
2025-09-19 07:26:59,143 - INFO - Completed /viper/ptmp/arego/Red_T_7K_1_EN_100/5813.h5 in 4.45 seconds
2025-09-19 07:26:59,165 - INFO - Completed /viper/ptmp/arego/Red_T_7K_1_EN_100/146.h5 in 2.64 seconds
2025-09-19 07:26:59,199 - INFO - File 4202: Filtered 1129472 hits and 8 records
2025-09-19 07:26:59,247 - INFO - Processing /viper/ptmp/arego/Red_T_7K_1/371.h5
2025-09-19 07:26:59,355 - INFO - Processing /viper/ptmp/arego/Red_T_7K_1/20396.h5
2025-09-19 07:26:59,412 - INFO - Completed /viper/ptmp/arego/Red_T_7K_1_EN_100/7153.h5 in 2.70 seconds
2025-09-19 07:26:59,413 - INFO - File 19302: Filtered 1160843 hits and 5 records
2025-09-19 07:26:59,468 - INFO - File 20110: Filtered 344318 hits and 4 records
2025-09-19 07:26:59,495 - INFO - Processing /viper/ptmp/arego/Red_T_7K_1/2045.h5
2025-09-19 07:26:59,644 - INFO - File 371: Filtered 440573 hits and 5 records
2025-09-19 07:26:59,673 - INFO - Completed /viper/ptmp/arego/Red_T_7K_1_EN_100/8721.h5 in 3.64 seconds
2025-09-19 07:26:59,764 - INFO - File 20396: Filtered 970970 hits and 5 records
2025-09-19 07:26:59,827 - INFO - Processing /viper/ptmp/arego/Red_T_7K_1/22798.h5
2025-09-19 07:26:59,847 - INFO - File 2045: Filtered 499234 hits and 6 records
2025-09-19 07:27:00,005 - INFO - Completed /viper/ptmp/arego/Red_T_7K_1_EN_100/6924.h5 in 4.23 seconds
2025-09-19 07:27:00,092 - INFO - Processing /viper/ptmp/arego/Red_T_7K_1/10952.h5
2025-09-19 07:27:00,155 - INFO - Completed /viper/ptmp/arego/Red_T_7K_1_EN_100/4029.h5 in 3.96 seconds
2025-09-19 07:27:00,228 - INFO - Processing /viper/ptmp/arego/Red_T_7K_1/16388.h5
2025-09-19 07:27:00,302 - INFO - Completed /viper/ptmp/arego/Red_T_7K_1_EN_100/18137.h5 in 2.81 seconds
2025-09-19 07:27:00,336 - INFO - File 22798: Filtered 672182 hits and 8 records
2025-09-19 07:27:00,391 - INFO - Processing /viper/ptmp/arego/Red_T_7K_1/14487.h5
2025-09-19 07:27:00,476 - INFO - File 10952: Filtered 93022 hits and 1 records
2025-09-19 07:27:00,538 - INFO - File 16388: Filtered 994716 hits and 7 records
2025-09-19 07:27:00,551 - INFO - Completed /viper/ptmp/arego/Red_T_7K_1_EN_100/13426.h5 in 4.81 seconds
2025-09-19 07:27:00,655 - INFO - Processing /viper/ptmp/arego/Red_T_7K_1/12658.h5
2025-09-19 07:27:00,763 - INFO - File 14487: Filtered 592581 hits and 5 records
2025-09-19 07:27:00,896 - INFO - Completed /viper/ptmp/arego/Red_T_7K_1_EN_100/4202.h5 in 2.07 seconds
2025-09-19 07:27:00,904 - INFO - Completed /viper/ptmp/arego/Red_T_7K_1_EN_100/20320.h5 in 2.76 seconds
2025-09-19 07:27:00,906 - INFO - Completed /viper/ptmp/arego/Red_T_7K_1_EN_100/19302.h5 in 1.87 seconds
2025-09-19 07:27:00,970 - INFO - Processing /viper/ptmp/arego/Red_T_7K_1/8548.h5
2025-09-19 07:27:00,972 - INFO - Processing /viper/ptmp/arego/Red_T_7K_1/9372.h5
2025-09-19 07:27:01,002 - INFO - Processing /viper/ptmp/arego/Red_T_7K_1/5019.h5
2025-09-19 07:27:01,074 - INFO - Completed /viper/ptmp/arego/Red_T_7K_1_EN_100/22670.h5 in 3.19 seconds
2025-09-19 07:27:01,118 - INFO - File 12658: Filtered 397167 hits and 5 records
2025-09-19 07:27:01,155 - INFO - Completed /viper/ptmp/arego/Red_T_7K_1_EN_100/20033.h5 in 4.13 seconds
2025-09-19 07:27:01,199 - INFO - Processing /viper/ptmp/arego/Red_T_7K_1/20392.h5
2025-09-19 07:27:01,241 - INFO - Completed /viper/ptmp/arego/Red_T_7K_1_EN_100/3587.h5 in 3.78 seconds
2025-09-19 07:27:01,289 - INFO - Completed /viper/ptmp/arego/Red_T_7K_1_EN_100/1075.h5 in 3.42 seconds
2025-09-19 07:27:01,313 - INFO - File 9372: Filtered 117383 hits and 2 records
2025-09-19 07:27:01,357 - INFO - File 8548: Filtered 254388 hits and 2 records
2025-09-19 07:27:01,367 - INFO - Completed /viper/ptmp/arego/Red_T_7K_1_EN_100/2236.h5 in 4.11 seconds
2025-09-19 07:27:01,383 - INFO - Processing /viper/ptmp/arego/Red_T_7K_1/6564.h5
2025-09-19 07:27:01,449 - INFO - Completed /viper/ptmp/arego/Red_T_7K_1_EN_100/20396.h5 in 2.09 seconds
2025-09-19 07:27:01,454 - INFO - Processing /viper/ptmp/arego/Red_T_7K_1/12430.h5
2025-09-19 07:27:01,456 - INFO - File 5019: Filtered 269986 hits and 2 records
2025-09-19 07:27:01,479 - INFO - Completed /viper/ptmp/arego/Red_T_7K_1_EN_100/13557.h5 in 4.21 seconds
2025-09-19 07:27:01,539 - INFO - Completed /viper/ptmp/arego/Red_T_7K_1_EN_100/3906.h5 in 3.13 seconds
2025-09-19 07:27:01,547 - INFO - Processing /viper/ptmp/arego/Red_T_7K_1/4218.h5
2025-09-19 07:27:01,555 - INFO - File 20392: Filtered 635804 hits and 7 records
2025-09-19 07:27:01,567 - INFO - Completed /viper/ptmp/arego/Red_T_7K_1_EN_100/11500.h5 in 2.91 seconds
2025-09-19 07:27:01,625 - INFO - Completed /viper/ptmp/arego/Red_T_7K_1_EN_100/6349.h5 in 4.91 seconds
2025-09-19 07:27:01,688 - INFO - Processing /viper/ptmp/arego/Red_T_7K_1/6100.h5
2025-09-19 07:27:01,736 - INFO - Processing /viper/ptmp/arego/Red_T_7K_1/14784.h5
2025-09-19 07:27:01,743 - INFO - File 6564: Filtered 523124 hits and 5 records
2025-09-19 07:27:01,788 - INFO - Processing /viper/ptmp/arego/Red_T_7K_1/20046.h5
2025-09-19 07:27:01,817 - INFO - File 12430: Filtered 414950 hits and 4 records
2025-09-19 07:27:01,889 - INFO - File 4218: Filtered 781050 hits and 5 records
2025-09-19 07:27:01,961 - INFO - Processing /viper/ptmp/arego/Red_T_7K_1/12457.h5
2025-09-19 07:27:02,008 - INFO - Processing /viper/ptmp/arego/Red_T_7K_1/1651.h5
2025-09-19 07:27:02,018 - INFO - File 6100: Filtered 868230 hits and 6 records
2025-09-19 07:27:02,047 - INFO - Completed /viper/ptmp/arego/Red_T_7K_1_EN_100/20110.h5 in 3.03 seconds
2025-09-19 07:27:02,079 - INFO - File 14784: Filtered 427330 hits and 6 records
2025-09-19 07:27:02,089 - INFO - Processing /viper/ptmp/arego/Red_T_7K_1/18985.h5
2025-09-19 07:27:02,175 - INFO - File 20046: Filtered 485943 hits and 3 records
2025-09-19 07:27:02,250 - INFO - Completed /viper/ptmp/arego/Red_T_7K_1_EN_100/8442.h5 in 5.26 seconds
2025-09-19 07:27:02,274 - INFO - Processing /viper/ptmp/arego/Red_T_7K_1/20029.h5
2025-09-19 07:27:02,305 - INFO - Completed /viper/ptmp/arego/Red_T_7K_1_EN_100/16388.h5 in 2.08 seconds
2025-09-19 07:27:02,321 - INFO - Completed /viper/ptmp/arego/Red_T_7K_1_EN_100/3559.h5 in 3.64 seconds
2025-09-19 07:27:02,368 - INFO - File 12457: Filtered 881409 hits and 7 records
2025-09-19 07:27:02,386 - INFO - File 1651: Filtered 821734 hits and 7 records
2025-09-19 07:27:02,398 - INFO - Processing /viper/ptmp/arego/Red_T_7K_1/3784.h5
2025-09-19 07:27:02,595 - INFO - File 18985: Filtered 327954 hits and 4 records
2025-09-19 07:27:02,662 - INFO - Processing /viper/ptmp/arego/Red_T_7K_1/7214.h5
2025-09-19 07:27:02,675 - INFO - File 20029: Filtered 365638 hits and 3 records
2025-09-19 07:27:02,805 - INFO - File 3784: Filtered 963086 hits and 5 records
2025-09-19 07:27:02,879 - INFO - Processing /viper/ptmp/arego/Red_T_7K_1/13450.h5
2025-09-19 07:27:02,971 - INFO - Completed /viper/ptmp/arego/Red_T_7K_1_EN_100/14951.h5 in 4.62 seconds
2025-09-19 07:27:03,046 - INFO - Processing /viper/ptmp/arego/Red_T_7K_1/22420.h5
2025-09-19 07:27:03,048 - INFO - File 7214: Filtered 448076 hits and 3 records
2025-09-19 07:27:03,249 - INFO - Completed /viper/ptmp/arego/Red_T_7K_1_EN_100/371.h5 in 4.00 seconds
2025-09-19 07:27:03,266 - INFO - File 13450: Filtered 643033 hits and 4 records
2025-09-19 07:27:03,296 - INFO - Completed /viper/ptmp/arego/Red_T_7K_1_EN_100/6100.h5 in 1.61 seconds
2025-09-19 07:27:03,331 - INFO - Processing /viper/ptmp/arego/Red_T_7K_1/17612.h5
2025-09-19 07:27:03,450 - INFO - File 22420: Filtered 716940 hits and 3 records
2025-09-19 07:27:03,576 - INFO - Completed /viper/ptmp/arego/Red_T_7K_1_EN_100/2045.h5 in 4.08 seconds
2025-09-19 07:27:03,590 - INFO - Processing /viper/ptmp/arego/Red_T_7K_1/10046.h5
2025-09-19 07:27:03,644 - INFO - Processing /viper/ptmp/arego/Red_T_7K_1/12760.h5
2025-09-19 07:27:03,644 - INFO - Completed /viper/ptmp/arego/Red_T_7K_1_EN_100/1651.h5 in 1.64 seconds
2025-09-19 07:27:03,701 - INFO - Completed /viper/ptmp/arego/Red_T_7K_1_EN_100/22798.h5 in 3.87 seconds
2025-09-19 07:27:03,825 - INFO - File 17612: Filtered 542484 hits and 3 records
2025-09-19 07:27:03,879 - INFO - Completed /viper/ptmp/arego/Red_T_7K_1_EN_100/20392.h5 in 2.68 seconds
2025-09-19 07:27:03,893 - INFO - Processing /viper/ptmp/arego/Red_T_7K_1/7577.h5
2025-09-19 07:27:04,001 - INFO - Processing /viper/ptmp/arego/Red_T_7K_1/17150.h5
2025-09-19 07:27:04,070 - INFO - File 12760: Filtered 649729 hits and 4 records
2025-09-19 07:27:04,074 - INFO - File 10046: Filtered 576550 hits and 3 records
2025-09-19 07:27:04,116 - INFO - Processing /viper/ptmp/arego/Red_T_7K_1/10703.h5
2025-09-19 07:27:04,324 - INFO - File 7577: Filtered 559210 hits and 5 records
2025-09-19 07:27:04,338 - INFO - Completed /viper/ptmp/arego/Red_T_7K_1_EN_100/14487.h5 in 3.95 seconds
2025-09-19 07:27:04,435 - INFO - Completed /viper/ptmp/arego/Red_T_7K_1_EN_100/10952.h5 in 4.34 seconds
2025-09-19 07:27:04,447 - INFO - Processing /viper/ptmp/arego/Red_T_7K_1/7801.h5
2025-09-19 07:27:04,455 - INFO - File 17150: Filtered 659566 hits and 5 records
2025-09-19 07:27:04,502 - INFO - Completed /viper/ptmp/arego/Red_T_7K_1_EN_100/6564.h5 in 3.12 seconds
2025-09-19 07:27:04,530 - INFO - Processing /viper/ptmp/arego/Red_T_7K_1/18780.h5
2025-09-19 07:27:04,570 - INFO - File 10703: Filtered 762301 hits and 4 records
2025-09-19 07:27:04,609 - INFO - Processing /viper/ptmp/arego/Red_T_7K_1/13289.h5
2025-09-19 07:27:04,814 - INFO - Completed /viper/ptmp/arego/Red_T_7K_1_EN_100/12457.h5 in 2.85 seconds
2025-09-19 07:27:04,827 - INFO - Completed /viper/ptmp/arego/Red_T_7K_1_EN_100/8548.h5 in 3.86 seconds
2025-09-19 07:27:04,846 - INFO - Completed /viper/ptmp/arego/Red_T_7K_1_EN_100/14784.h5 in 3.11 seconds
2025-09-19 07:27:04,880 - INFO - File 7801: Filtered 225395 hits and 2 records
2025-09-19 07:27:04,916 - INFO - Completed /viper/ptmp/arego/Red_T_7K_1_EN_100/9372.h5 in 3.94 seconds
2025-09-19 07:27:04,927 - INFO - File 18780: Filtered 452777 hits and 3 records
2025-09-19 07:27:04,943 - INFO - Processing /viper/ptmp/arego/Red_T_7K_1/163.h5
2025-09-19 07:27:04,952 - INFO - Processing /viper/ptmp/arego/Red_T_7K_1/16325.h5
2025-09-19 07:27:04,989 - INFO - Processing /viper/ptmp/arego/Red_T_7K_1/633.h5
2025-09-19 07:27:05,127 - INFO - File 13289: Filtered 1143230 hits and 5 records
2025-09-19 07:27:05,209 - INFO - Completed /viper/ptmp/arego/Red_T_7K_1_EN_100/4218.h5 in 3.66 seconds
2025-09-19 07:27:05,292 - INFO - Processing /viper/ptmp/arego/Red_T_7K_1/2104.h5
2025-09-19 07:27:05,345 - INFO - Processing /viper/ptmp/arego/Red_T_7K_1/8357.h5
2025-09-19 07:27:05,389 - INFO - File 633: Filtered 277758 hits and 3 records
2025-09-19 07:27:05,462 - INFO - File 16325: Filtered 187264 hits and 2 records
2025-09-19 07:27:05,485 - INFO - Completed /viper/ptmp/arego/Red_T_7K_1_EN_100/3784.h5 in 3.09 seconds
2025-09-19 07:27:05,533 - INFO - File 163: Filtered 699205 hits and 7 records
2025-09-19 07:27:05,604 - INFO - Processing /viper/ptmp/arego/Red_T_7K_1/306.h5
2025-09-19 07:27:05,720 - INFO - File 2104: Filtered 1183324 hits and 5 records
2025-09-19 07:27:05,754 - INFO - Completed /viper/ptmp/arego/Red_T_7K_1_EN_100/12430.h5 in 4.30 seconds
2025-09-19 07:27:05,802 - INFO - File 8357: Filtered 468576 hits and 4 records
2025-09-19 07:27:05,838 - INFO - Processing /viper/ptmp/arego/Red_T_7K_1/20011.h5
2025-09-19 07:27:05,901 - INFO - Completed /viper/ptmp/arego/Red_T_7K_1_EN_100/20046.h5 in 4.11 seconds
2025-09-19 07:27:05,992 - INFO - File 306: Filtered 621375 hits and 6 records
2025-09-19 07:27:06,015 - INFO - Processing /viper/ptmp/arego/Red_T_7K_1/12257.h5
2025-09-19 07:27:06,061 - INFO - Completed /viper/ptmp/arego/Red_T_7K_1_EN_100/22420.h5 in 3.02 seconds
2025-09-19 07:27:06,072 - INFO - Completed /viper/ptmp/arego/Red_T_7K_1_EN_100/5019.h5 in 5.07 seconds
2025-09-19 07:27:06,155 - INFO - Processing /viper/ptmp/arego/Red_T_7K_1/1477.h5
2025-09-19 07:27:06,171 - INFO - Completed /viper/ptmp/arego/Red_T_7K_1_EN_100/12658.h5 in 5.52 seconds
2025-09-19 07:27:06,211 - INFO - Processing /viper/ptmp/arego/Red_T_7K_1/5547.h5
2025-09-19 07:27:06,241 - INFO - Completed /viper/ptmp/arego/Red_T_7K_1_EN_100/13450.h5 in 3.36 seconds
2025-09-19 07:27:06,261 - INFO - File 20011: Filtered 288050 hits and 2 records
2025-09-19 07:27:06,299 - INFO - Completed /viper/ptmp/arego/Red_T_7K_1_EN_100/10703.h5 in 2.18 seconds
2025-09-19 07:27:06,376 - INFO - Processing /viper/ptmp/arego/Red_T_7K_1/5982.h5
2025-09-19 07:27:06,389 - INFO - File 12257: Filtered 149108 hits and 4 records
2025-09-19 07:27:06,472 - INFO - Completed /viper/ptmp/arego/Red_T_7K_1_EN_100/10046.h5 in 2.88 seconds
2025-09-19 07:27:06,518 - INFO - Processing /viper/ptmp/arego/Red_T_7K_1/5518.h5
2025-09-19 07:27:06,533 - INFO - Completed /viper/ptmp/arego/Red_T_7K_1_EN_100/7214.h5 in 3.87 seconds
2025-09-19 07:27:06,536 - INFO - File 5547: Filtered 849199 hits and 5 records
2025-09-19 07:27:06,552 - INFO - File 1477: Filtered 897421 hits and 3 records
2025-09-19 07:27:06,567 - INFO - Processing /viper/ptmp/arego/Red_T_7K_1/22454.h5
2025-09-19 07:27:06,797 - INFO - File 5982: Filtered 871924 hits and 8 records
2025-09-19 07:27:06,824 - INFO - Completed /viper/ptmp/arego/Red_T_7K_1_EN_100/20029.h5 in 4.55 seconds
2025-09-19 07:27:06,824 - INFO - Processing /viper/ptmp/arego/Red_T_7K_1/13205.h5
2025-09-19 07:27:06,911 - INFO - Processing /viper/ptmp/arego/Red_T_7K_1/8795.h5
2025-09-19 07:27:06,953 - INFO - File 5518: Filtered 379318 hits and 4 records
2025-09-19 07:27:06,973 - INFO - File 22454: Filtered 1145748 hits and 4 records
2025-09-19 07:27:07,077 - INFO - Completed /viper/ptmp/arego/Red_T_7K_1_EN_100/17612.h5 in 3.75 seconds
2025-09-19 07:27:07,155 - INFO - Processing /viper/ptmp/arego/Red_T_7K_1/5545.h5
2025-09-19 07:27:07,181 - INFO - Processing /viper/ptmp/arego/Red_T_7K_1/15780.h5
2025-09-19 07:27:07,182 - INFO - File 13205: Filtered 835652 hits and 7 records
2025-09-19 07:27:07,326 - INFO - File 8795: Filtered 671672 hits and 3 records
2025-09-19 07:27:07,477 - INFO - Completed /viper/ptmp/arego/Red_T_7K_1_EN_100/13289.h5 in 2.87 seconds
2025-09-19 07:27:07,515 - INFO - File 5545: Filtered 348944 hits and 3 records
2025-09-19 07:27:07,594 - INFO - Processing /viper/ptmp/arego/Red_T_7K_1/21123.h5
2025-09-19 07:27:07,616 - INFO - File 15780: Filtered 582771 hits and 7 records
2025-09-19 07:27:07,633 - INFO - Completed /viper/ptmp/arego/Red_T_7K_1_EN_100/2104.h5 in 2.34 seconds
2025-09-19 07:27:07,716 - INFO - Processing /viper/ptmp/arego/Red_T_7K_1/9094.h5
2025-09-19 07:27:07,803 - INFO - Completed /viper/ptmp/arego/Red_T_7K_1_EN_100/12760.h5 in 4.16 seconds
2025-09-19 07:27:07,872 - INFO - Processing /viper/ptmp/arego/Red_T_7K_1/1843.h5
2025-09-19 07:27:07,913 - INFO - Completed /viper/ptmp/arego/Red_T_7K_1_EN_100/7577.h5 in 4.02 seconds
2025-09-19 07:27:08,117 - INFO - File 21123: Filtered 758837 hits and 7 records
2025-09-19 07:27:08,149 - INFO - File 9094: Filtered 221976 hits and 3 records
2025-09-19 07:27:08,150 - INFO - Processing /viper/ptmp/arego/Red_T_7K_1/1497.h5
2025-09-19 07:27:08,311 - INFO - File 1843: Filtered 338737 hits and 2 records
2025-09-19 07:27:08,401 - INFO - Completed /viper/ptmp/arego/Red_T_7K_1_EN_100/1477.h5 in 2.25 seconds
2025-09-19 07:27:08,471 - INFO - Processing /viper/ptmp/arego/Red_T_7K_1/2528.h5
2025-09-19 07:27:08,622 - INFO - File 1497: Filtered 523509 hits and 5 records
2025-09-19 07:27:08,643 - INFO - Completed /viper/ptmp/arego/Red_T_7K_1_EN_100/18780.h5 in 4.11 seconds
2025-09-19 07:27:08,710 - INFO - Completed /viper/ptmp/arego/Red_T_7K_1_EN_100/22454.h5 in 2.14 seconds
2025-09-19 07:27:08,729 - INFO - Processing /viper/ptmp/arego/Red_T_7K_1/17762.h5
2025-09-19 07:27:08,785 - INFO - Processing /viper/ptmp/arego/Red_T_7K_1/11148.h5
2025-09-19 07:27:08,821 - INFO - Completed /viper/ptmp/arego/Red_T_7K_1_EN_100/5547.h5 in 2.61 seconds
2025-09-19 07:27:08,889 - INFO - File 2528: Filtered 962207 hits and 8 records
2025-09-19 07:27:08,941 - INFO - Processing /viper/ptmp/arego/Red_T_7K_1/14502.h5
2025-09-19 07:27:09,164 - INFO - File 17762: Filtered 147595 hits and 4 records
2025-09-19 07:27:09,179 - INFO - File 11148: Filtered 623816 hits and 8 records
2025-09-19 07:27:09,216 - INFO - Completed /viper/ptmp/arego/Red_T_7K_1_EN_100/306.h5 in 3.61 seconds
2025-09-19 07:27:09,333 - INFO - Completed /viper/ptmp/arego/Red_T_7K_1_EN_100/633.h5 in 4.34 seconds
2025-09-19 07:27:09,360 - INFO - Processing /viper/ptmp/arego/Red_T_7K_1/10684.h5
2025-09-19 07:27:09,411 - INFO - Completed /viper/ptmp/arego/Red_T_7K_1_EN_100/17150.h5 in 5.41 seconds
2025-09-19 07:27:09,411 - INFO - Processing /viper/ptmp/arego/Red_T_7K_1/3959.h5
2025-09-19 07:27:09,414 - INFO - File 14502: Filtered 143068 hits and 3 records
2025-09-19 07:27:09,467 - INFO - Completed /viper/ptmp/arego/Red_T_7K_1_EN_100/8357.h5 in 4.12 seconds
2025-09-19 07:27:09,610 - INFO - Processing /viper/ptmp/arego/Red_T_7K_1/15927.h5
2025-09-19 07:27:09,629 - INFO - Completed /viper/ptmp/arego/Red_T_7K_1_EN_100/7801.h5 in 5.18 seconds
2025-09-19 07:27:09,675 - INFO - Processing /viper/ptmp/arego/Red_T_7K_1/14168.h5
2025-09-19 07:27:09,727 - INFO - Completed /viper/ptmp/arego/Red_T_7K_1_EN_100/18985.h5 in 7.64 seconds
2025-09-19 07:27:09,803 - INFO - Processing /viper/ptmp/arego/Red_T_7K_1/11635.h5
2025-09-19 07:27:09,813 - INFO - Processing /viper/ptmp/arego/Red_T_7K_1/2338.h5
2025-09-19 07:27:09,846 - INFO - File 3959: Filtered 288742 hits and 4 records
2025-09-19 07:27:09,936 - INFO - Completed /viper/ptmp/arego/Red_T_7K_1_EN_100/16325.h5 in 4.98 seconds
2025-09-19 07:27:09,945 - INFO - File 10684: Filtered 520976 hits and 4 records
2025-09-19 07:27:10,047 - INFO - Processing /viper/ptmp/arego/Red_T_7K_1/16003.h5
2025-09-19 07:27:10,086 - INFO - File 15927: Filtered 656195 hits and 5 records
2025-09-19 07:27:10,087 - INFO - Completed /viper/ptmp/arego/Red_T_7K_1_EN_100/12257.h5 in 4.07 seconds
2025-09-19 07:27:10,162 - INFO - File 14168: Filtered 343594 hits and 5 records
2025-09-19 07:27:10,194 - INFO - Processing /viper/ptmp/arego/Red_T_7K_1/7031.h5
2025-09-19 07:27:10,214 - INFO - File 2338: Filtered 643180 hits and 3 records
2025-09-19 07:27:10,215 - INFO - Completed /viper/ptmp/arego/Red_T_7K_1_EN_100/163.h5 in 5.27 seconds
2025-09-19 07:27:10,249 - INFO - Completed /viper/ptmp/arego/Red_T_7K_1_EN_100/13205.h5 in 3.42 seconds
2025-09-19 07:27:10,277 - INFO - File 11635: Filtered 396081 hits and 3 records
2025-09-19 07:27:10,354 - INFO - Processing /viper/ptmp/arego/Red_T_7K_1/15655.h5
2025-09-19 07:27:10,365 - INFO - Processing /viper/ptmp/arego/Red_T_7K_1/1242.h5
2025-09-19 07:27:10,542 - INFO - File 16003: Filtered 590331 hits and 5 records
2025-09-19 07:27:10,632 - INFO - Completed /viper/ptmp/arego/Red_T_7K_1_EN_100/5982.h5 in 4.26 seconds
2025-09-19 07:27:10,671 - INFO - File 7031: Filtered 580085 hits and 7 records
2025-09-19 07:27:10,713 - INFO - Processing /viper/ptmp/arego/Red_T_7K_1/13831.h5
2025-09-19 07:27:10,787 - INFO - File 1242: Filtered 631738 hits and 5 records
2025-09-19 07:27:10,929 - INFO - File 15655: Filtered 105760 hits and 2 records
2025-09-19 07:27:11,033 - INFO - Completed /viper/ptmp/arego/Red_T_7K_1_EN_100/15780.h5 in 3.85 seconds
2025-09-19 07:27:11,053 - INFO - File 13831: Filtered 653619 hits and 7 records
2025-09-19 07:27:11,069 - INFO - Completed /viper/ptmp/arego/Red_T_7K_1_EN_100/20011.h5 in 5.23 seconds
2025-09-19 07:27:11,129 - INFO - Processing /viper/ptmp/arego/Red_T_7K_1/19716.h5
2025-09-19 07:27:11,153 - INFO - Processing /viper/ptmp/arego/Red_T_7K_1/22406.h5
2025-09-19 07:27:11,224 - INFO - Completed /viper/ptmp/arego/Red_T_7K_1_EN_100/5545.h5 in 4.07 seconds
2025-09-19 07:27:11,358 - INFO - Processing /viper/ptmp/arego/Red_T_7K_1/11438.h5
2025-09-19 07:27:11,372 - INFO - Completed /viper/ptmp/arego/Red_T_7K_1_EN_100/8795.h5 in 4.46 seconds
2025-09-19 07:27:11,404 - INFO - Completed /viper/ptmp/arego/Red_T_7K_1_EN_100/21123.h5 in 3.81 seconds
2025-09-19 07:27:11,444 - INFO - Processing /viper/ptmp/arego/Red_T_7K_1/9405.h5
2025-09-19 07:27:11,476 - INFO - File 19716: Filtered 644239 hits and 7 records
2025-09-19 07:27:11,521 - INFO - Processing /viper/ptmp/arego/Red_T_7K_1/8945.h5
2025-09-19 07:27:11,545 - INFO - Completed /viper/ptmp/arego/Red_T_7K_1_EN_100/5518.h5 in 5.03 seconds
2025-09-19 07:27:11,633 - INFO - File 22406: Filtered 673193 hits and 5 records
2025-09-19 07:27:11,807 - INFO - File 11438: Filtered 1235192 hits and 6 records
2025-09-19 07:27:11,834 - INFO - Processing /viper/ptmp/arego/Red_T_7K_1/11550.h5
2025-09-19 07:27:11,868 - INFO - File 9405: Filtered 217625 hits and 3 records
2025-09-19 07:27:12,048 - INFO - File 8945: Filtered 1288201 hits and 5 records
2025-09-19 07:27:12,146 - INFO - Completed /viper/ptmp/arego/Red_T_7K_1_EN_100/2528.h5 in 3.67 seconds
2025-09-19 07:27:12,197 - INFO - Processing /viper/ptmp/arego/Red_T_7K_1/13927.h5
2025-09-19 07:27:12,358 - INFO - Completed /viper/ptmp/arego/Red_T_7K_1_EN_100/11148.h5 in 3.57 seconds
2025-09-19 07:27:12,388 - INFO - File 11550: Filtered 384005 hits and 4 records
2025-09-19 07:27:12,425 - INFO - Processing /viper/ptmp/arego/Red_T_7K_1/4201.h5
2025-09-19 07:27:12,520 - INFO - Completed /viper/ptmp/arego/Red_T_7K_1_EN_100/14502.h5 in 3.58 seconds
2025-09-19 07:27:12,628 - INFO - File 13927: Filtered 1455373 hits and 6 records
2025-09-19 07:27:12,670 - INFO - Processing /viper/ptmp/arego/Red_T_7K_1/19222.h5
2025-09-19 07:27:12,871 - INFO - File 4201: Filtered 628323 hits and 3 records
2025-09-19 07:27:13,176 - INFO - File 19222: Filtered 883232 hits and 5 records
2025-09-19 07:27:13,179 - INFO - Completed /viper/ptmp/arego/Red_T_7K_1_EN_100/9094.h5 in 5.46 seconds
2025-09-19 07:27:13,251 - INFO - Processing /viper/ptmp/arego/Red_T_7K_1/21627.h5
2025-09-19 07:27:13,285 - INFO - Completed /viper/ptmp/arego/Red_T_7K_1_EN_100/13831.h5 in 2.57 seconds
2025-09-19 07:27:13,328 - INFO - Processing /viper/ptmp/arego/Red_T_7K_1/5212.h5
2025-09-19 07:27:13,360 - INFO - Completed /viper/ptmp/arego/Red_T_7K_1_EN_100/13927.h5 in 1.16 seconds
2025-09-19 07:27:13,390 - INFO - Completed /viper/ptmp/arego/Red_T_7K_1_EN_100/1497.h5 in 5.24 seconds
2025-09-19 07:27:13,446 - INFO - Processing /viper/ptmp/arego/Red_T_7K_1/8124.h5
2025-09-19 07:27:13,659 - INFO - Processing /viper/ptmp/arego/Red_T_7K_1/1761.h5
2025-09-19 07:27:13,683 - INFO - File 5212: Filtered 935062 hits and 9 records
2025-09-19 07:27:13,702 - INFO - Completed /viper/ptmp/arego/Red_T_7K_1_EN_100/10684.h5 in 4.34 seconds
2025-09-19 07:27:13,713 - INFO - File 21627: Filtered 482595 hits and 4 records
2025-09-19 07:27:13,813 - INFO - Completed /viper/ptmp/arego/Red_T_7K_1_EN_100/11438.h5 in 2.45 seconds
2025-09-19 07:27:13,830 - INFO - Processing /viper/ptmp/arego/Red_T_7K_1/18802.h5
2025-09-19 07:27:13,860 - INFO - Processing /viper/ptmp/arego/Red_T_7K_1/19159.h5
2025-09-19 07:27:13,899 - INFO - Completed /viper/ptmp/arego/Red_T_7K_1_EN_100/1843.h5 in 6.03 seconds
2025-09-19 07:27:13,923 - INFO - File 8124: Filtered 730392 hits and 5 records
2025-09-19 07:27:13,931 - INFO - Completed /viper/ptmp/arego/Red_T_7K_1_EN_100/8945.h5 in 2.41 seconds
2025-09-19 07:27:13,954 - INFO - Completed /viper/ptmp/arego/Red_T_7K_1_EN_100/22406.h5 in 2.80 seconds
2025-09-19 07:27:13,960 - INFO - Completed /viper/ptmp/arego/Red_T_7K_1_EN_100/2338.h5 in 4.15 seconds
2025-09-19 07:27:13,975 - INFO - Processing /viper/ptmp/arego/Red_T_7K_1/18511.h5
2025-09-19 07:27:14,118 - INFO - Processing /viper/ptmp/arego/Red_T_7K_1/14210.h5
2025-09-19 07:27:14,138 - INFO - Processing /viper/ptmp/arego/Red_T_7K_1/2247.h5
2025-09-19 07:27:14,205 - INFO - File 1761: Filtered 225485 hits and 3 records
2025-09-19 07:27:14,291 - INFO - File 18802: Filtered 616681 hits and 5 records
2025-09-19 07:27:14,291 - INFO - File 19159: Filtered 725454 hits and 5 records
2025-09-19 07:27:14,452 - INFO - Processing /viper/ptmp/arego/Red_T_7K_1/21514.h5
2025-09-19 07:27:14,497 - INFO - File 18511: Filtered 566249 hits and 5 records
2025-09-19 07:27:14,624 - INFO - File 2247: Filtered 468814 hits and 4 records
2025-09-19 07:27:14,739 - INFO - File 14210: Filtered 761375 hits and 5 records
2025-09-19 07:27:14,882 - INFO - File 21514: Filtered 529267 hits and 4 records
2025-09-19 07:27:15,111 - INFO - Completed /viper/ptmp/arego/Red_T_7K_1_EN_100/1242.h5 in 4.75 seconds
2025-09-19 07:27:15,147 - INFO - Completed /viper/ptmp/arego/Red_T_7K_1_EN_100/19716.h5 in 4.02 seconds
2025-09-19 07:27:15,150 - INFO - Completed /viper/ptmp/arego/Red_T_7K_1_EN_100/15927.h5 in 5.54 seconds
2025-09-19 07:27:15,157 - INFO - Completed /viper/ptmp/arego/Red_T_7K_1_EN_100/14168.h5 in 5.48 seconds
2025-09-19 07:27:15,227 - INFO - Completed /viper/ptmp/arego/Red_T_7K_1_EN_100/17762.h5 in 6.50 seconds
2025-09-19 07:27:15,237 - INFO - Processing /viper/ptmp/arego/Red_T_7K_1/3114.h5
2025-09-19 07:27:15,246 - INFO - Processing /viper/ptmp/arego/Red_T_7K_1/17723.h5
2025-09-19 07:27:15,260 - INFO - Processing /viper/ptmp/arego/Red_T_7K_1/4875.h5
2025-09-19 07:27:15,424 - INFO - Completed /viper/ptmp/arego/Red_T_7K_1_EN_100/3959.h5 in 6.01 seconds
2025-09-19 07:27:15,472 - INFO - Completed /viper/ptmp/arego/Red_T_7K_1_EN_100/16003.h5 in 5.42 seconds
2025-09-19 07:27:15,488 - INFO - Processing /viper/ptmp/arego/Red_T_7K_1/6430.h5
2025-09-19 07:27:15,499 - INFO - Processing /viper/ptmp/arego/Red_T_7K_1/14672.h5
2025-09-19 07:27:15,624 - INFO - File 3114: Filtered 305394 hits and 6 records
2025-09-19 07:27:15,730 - INFO - Processing /viper/ptmp/arego/Red_T_7K_1/12818.h5
2025-09-19 07:27:15,745 - INFO - Completed /viper/ptmp/arego/Red_T_7K_1_EN_100/7031.h5 in 5.55 seconds
2025-09-19 07:27:15,752 - INFO - Processing /viper/ptmp/arego/Red_T_7K_1/8546.h5
2025-09-19 07:27:15,772 - INFO - File 4875: Filtered 840505 hits and 6 records
2025-09-19 07:27:15,785 - INFO - File 17723: Filtered 915278 hits and 7 records
2025-09-19 07:27:15,821 - INFO - Completed /viper/ptmp/arego/Red_T_7K_1_EN_100/5212.h5 in 2.49 seconds
2025-09-19 07:27:15,930 - INFO - File 14672: Filtered 983632 hits and 7 records
2025-09-19 07:27:15,945 - INFO - File 6430: Filtered 646720 hits and 4 records
2025-09-19 07:27:15,960 - INFO - Processing /viper/ptmp/arego/Red_T_7K_1/18482.h5
2025-09-19 07:27:15,963 - INFO - Completed /viper/ptmp/arego/Red_T_7K_1_EN_100/15655.h5 in 5.61 seconds
2025-09-19 07:27:15,976 - INFO - Completed /viper/ptmp/arego/Red_T_7K_1_EN_100/11635.h5 in 6.17 seconds
2025-09-19 07:27:16,102 - INFO - Processing /viper/ptmp/arego/Red_T_7K_1/19347.h5
2025-09-19 07:27:16,200 - INFO - Processing /viper/ptmp/arego/Red_T_7K_1/10190.h5
2025-09-19 07:27:16,230 - INFO - File 12818: Filtered 799994 hits and 4 records
2025-09-19 07:27:16,239 - INFO - File 8546: Filtered 1015058 hits and 2 records
2025-09-19 07:27:16,318 - INFO - Processing /viper/ptmp/arego/Red_T_7K_1/4409.h5
2025-09-19 07:27:16,441 - INFO - File 18482: Filtered 1005276 hits and 8 records
2025-09-19 07:27:16,562 - INFO - Completed /viper/ptmp/arego/Red_T_7K_1_EN_100/4201.h5 in 4.14 seconds
2025-09-19 07:27:16,590 - INFO - File 19347: Filtered 1135603 hits and 8 records
2025-09-19 07:27:16,613 - INFO - Processing /viper/ptmp/arego/Red_T_7K_1/7115.h5
2025-09-19 07:27:16,710 - INFO - File 10190: Filtered 867155 hits and 8 records
2025-09-19 07:27:16,816 - INFO - File 4409: Filtered 1333402 hits and 4 records
2025-09-19 07:27:16,823 - INFO - Completed /viper/ptmp/arego/Red_T_7K_1_EN_100/9405.h5 in 5.38 seconds
2025-09-19 07:27:16,902 - INFO - Processing /viper/ptmp/arego/Red_T_7K_1/3249.h5
2025-09-19 07:27:17,122 - INFO - File 7115: Filtered 542343 hits and 4 records
2025-09-19 07:27:17,346 - INFO - File 3249: Filtered 301636 hits and 3 records
2025-09-19 07:27:17,734 - INFO - Completed /viper/ptmp/arego/Red_T_7K_1_EN_100/8124.h5 in 4.29 seconds
2025-09-19 07:27:17,813 - INFO - Processing /viper/ptmp/arego/Red_T_7K_1/19825.h5
2025-09-19 07:27:18,178 - INFO - Completed /viper/ptmp/arego/Red_T_7K_1_EN_100/19159.h5 in 4.32 seconds
2025-09-19 07:27:18,266 - INFO - Completed /viper/ptmp/arego/Red_T_7K_1_EN_100/19222.h5 in 5.60 seconds
2025-09-19 07:27:18,284 - INFO - Processing /viper/ptmp/arego/Red_T_7K_1/1377.h5
2025-09-19 07:27:18,305 - INFO - File 19825: Filtered 1252388 hits and 5 records
2025-09-19 07:27:18,396 - INFO - Processing /viper/ptmp/arego/Red_T_7K_1/8153.h5
2025-09-19 07:27:18,411 - INFO - Completed /viper/ptmp/arego/Red_T_7K_1_EN_100/2247.h5 in 4.27 seconds
2025-09-19 07:27:18,521 - INFO - Processing /viper/ptmp/arego/Red_T_7K_1/16474.h5
2025-09-19 07:27:18,594 - INFO - Completed /viper/ptmp/arego/Red_T_7K_1_EN_100/21514.h5 in 4.14 seconds
2025-09-19 07:27:18,673 - INFO - Processing /viper/ptmp/arego/Red_T_7K_1/17128.h5
2025-09-19 07:27:18,679 - INFO - Completed /viper/ptmp/arego/Red_T_7K_1_EN_100/8546.h5 in 2.93 seconds
2025-09-19 07:27:18,740 - INFO - Completed /viper/ptmp/arego/Red_T_7K_1_EN_100/17723.h5 in 3.49 seconds
2025-09-19 07:27:18,759 - INFO - Processing /viper/ptmp/arego/Red_T_7K_1/23031.h5
2025-09-19 07:27:18,849 - INFO - Completed /viper/ptmp/arego/Red_T_7K_1_EN_100/21627.h5 in 5.60 seconds
2025-09-19 07:27:18,865 - INFO - File 1377: Filtered 144402 hits and 1 records
2025-09-19 07:27:18,882 - INFO - File 8153: Filtered 763918 hits and 5 records
2025-09-19 07:27:18,902 - INFO - Completed /viper/ptmp/arego/Red_T_7K_1_EN_100/4875.h5 in 3.64 seconds
2025-09-19 07:27:18,910 - INFO - Processing /viper/ptmp/arego/Red_T_7K_1/18212.h5
2025-09-19 07:27:18,936 - INFO - Processing /viper/ptmp/arego/Red_T_7K_1/16270.h5
2025-09-19 07:27:19,048 - INFO - File 16474: Filtered 359972 hits and 3 records
2025-09-19 07:27:19,090 - INFO - Completed /viper/ptmp/arego/Red_T_7K_1_EN_100/4409.h5 in 2.77 seconds
2025-09-19 07:27:19,120 - INFO - File 17128: Filtered 399625 hits and 3 records
2025-09-19 07:27:19,222 - INFO - Processing /viper/ptmp/arego/Red_T_7K_1/17385.h5
2025-09-19 07:27:19,228 - INFO - File 23031: Filtered 952013 hits and 4 records
2025-09-19 07:27:19,322 - INFO - Completed /viper/ptmp/arego/Red_T_7K_1_EN_100/18802.h5 in 5.49 seconds
2025-09-19 07:27:19,328 - INFO - Completed /viper/ptmp/arego/Red_T_7K_1_EN_100/14672.h5 in 3.83 seconds
2025-09-19 07:27:19,377 - INFO - Completed /viper/ptmp/arego/Red_T_7K_1_EN_100/3114.h5 in 4.14 seconds
2025-09-19 07:27:19,440 - INFO - File 18212: Filtered 764594 hits and 4 records
2025-09-19 07:27:19,445 - INFO - File 16270: Filtered 1361512 hits and 5 records
2025-09-19 07:27:19,448 - INFO - Processing /viper/ptmp/arego/Red_T_7K_1/7442.h5
2025-09-19 07:27:19,462 - INFO - Completed /viper/ptmp/arego/Red_T_7K_1_EN_100/14210.h5 in 5.34 seconds
2025-09-19 07:27:19,472 - INFO - Processing /viper/ptmp/arego/Red_T_7K_1/12936.h5
2025-09-19 07:27:19,521 - INFO - Processing /viper/ptmp/arego/Red_T_7K_1/8413.h5
2025-09-19 07:27:19,569 - INFO - Completed /viper/ptmp/arego/Red_T_7K_1_EN_100/11550.h5 in 7.74 seconds
2025-09-19 07:27:19,599 - INFO - Processing /viper/ptmp/arego/Red_T_7K_1/12672.h5
2025-09-19 07:27:19,729 - INFO - File 17385: Filtered 1053760 hits and 4 records
2025-09-19 07:27:19,850 - INFO - File 7442: Filtered 761148 hits and 6 records
2025-09-19 07:27:19,894 - INFO - Processing /viper/ptmp/arego/Red_T_7K_1/22865.h5
2025-09-19 07:27:19,930 - INFO - Completed /viper/ptmp/arego/Red_T_7K_1_EN_100/10190.h5 in 3.73 seconds
2025-09-19 07:27:19,986 - INFO - Completed /viper/ptmp/arego/Red_T_7K_1_EN_100/6430.h5 in 4.50 seconds
2025-09-19 07:27:20,003 - INFO - File 8413: Filtered 205394 hits and 4 records
2025-09-19 07:27:20,004 - INFO - Processing /viper/ptmp/arego/Red_T_7K_1/8831.h5
2025-09-19 07:27:20,011 - INFO - File 12936: Filtered 364179 hits and 3 records
2025-09-19 07:27:20,053 - INFO - Completed /viper/ptmp/arego/Red_T_7K_1_EN_100/18511.h5 in 6.08 seconds
2025-09-19 07:27:20,068 - INFO - File 12672: Filtered 115665 hits and 2 records
2025-09-19 07:27:20,247 - INFO - Processing /viper/ptmp/arego/Red_T_7K_1/15779.h5
2025-09-19 07:27:20,263 - INFO - Processing /viper/ptmp/arego/Red_T_7K_1/9116.h5
2025-09-19 07:27:20,338 - INFO - Completed /viper/ptmp/arego/Red_T_7K_1_EN_100/1761.h5 in 6.68 seconds
2025-09-19 07:27:20,391 - INFO - Completed /viper/ptmp/arego/Red_T_7K_1_EN_100/19825.h5 in 2.58 seconds
2025-09-19 07:27:20,401 - INFO - File 22865: Filtered 199694 hits and 3 records
2025-09-19 07:27:20,463 - INFO - Processing /viper/ptmp/arego/Red_T_7K_1/2413.h5
2025-09-19 07:27:20,468 - INFO - Processing /viper/ptmp/arego/Red_T_7K_1/15172.h5
2025-09-19 07:27:20,476 - INFO - File 8831: Filtered 196230 hits and 4 records
2025-09-19 07:27:20,479 - INFO - Completed /viper/ptmp/arego/Red_T_7K_1_EN_100/18482.h5 in 4.52 seconds
2025-09-19 07:27:20,709 - INFO - File 9116: Filtered 121790 hits and 1 records
2025-09-19 07:27:20,742 - INFO - Processing /viper/ptmp/arego/Red_T_7K_1/12416.h5
2025-09-19 07:27:20,742 - INFO - File 15779: Filtered 797649 hits and 8 records
2025-09-19 07:27:20,842 - INFO - Completed /viper/ptmp/arego/Red_T_7K_1_EN_100/19347.h5 in 4.74 seconds
2025-09-19 07:27:20,942 - INFO - File 2413: Filtered 805178 hits and 7 records
2025-09-19 07:27:20,957 - INFO - Completed /viper/ptmp/arego/Red_T_7K_1_EN_100/12818.h5 in 5.23 seconds
2025-09-19 07:27:20,988 - INFO - Processing /viper/ptmp/arego/Red_T_7K_1/3285.h5
2025-09-19 07:27:21,011 - INFO - Processing /viper/ptmp/arego/Red_T_7K_1/17594.h5
2025-09-19 07:27:21,021 - INFO - File 15172: Filtered 162841 hits and 3 records
2025-09-19 07:27:21,093 - INFO - Processing /viper/ptmp/arego/Red_T_7K_1/10344.h5
2025-09-19 07:27:21,194 - INFO - Completed /viper/ptmp/arego/Red_T_7K_1_EN_100/3249.h5 in 4.29 seconds
2025-09-19 07:27:21,267 - INFO - File 12416: Filtered 670553 hits and 2 records
2025-09-19 07:27:21,275 - INFO - Processing /viper/ptmp/arego/Red_T_7K_1/2702.h5
2025-09-19 07:27:21,520 - INFO - File 17594: Filtered 1448011 hits and 5 records
2025-09-19 07:27:21,553 - INFO - File 3285: Filtered 46859 hits and 1 records
2025-09-19 07:27:21,695 - INFO - File 10344: Filtered 1032119 hits and 6 records
2025-09-19 07:27:21,721 - INFO - Completed /viper/ptmp/arego/Red_T_7K_1_EN_100/16270.h5 in 2.79 seconds
2025-09-19 07:27:21,771 - INFO - File 2702: Filtered 827519 hits and 4 records
2025-09-19 07:27:21,836 - INFO - Processing /viper/ptmp/arego/Red_T_7K_1/23074.h5
2025-09-19 07:27:22,185 - INFO - Completed /viper/ptmp/arego/Red_T_7K_1_EN_100/7115.h5 in 5.57 seconds
2025-09-19 07:27:22,286 - INFO - Processing /viper/ptmp/arego/Red_T_7K_1/12435.h5
2025-09-19 07:27:22,333 - INFO - Completed /viper/ptmp/arego/Red_T_7K_1_EN_100/17594.h5 in 1.32 seconds
2025-09-19 07:27:22,367 - INFO - File 23074: Filtered 800743 hits and 5 records
2025-09-19 07:27:22,374 - INFO - Processing /viper/ptmp/arego/Red_T_7K_1/1688.h5
2025-09-19 07:27:22,644 - INFO - Completed /viper/ptmp/arego/Red_T_7K_1_EN_100/1377.h5 in 4.36 seconds
2025-09-19 07:27:22,754 - INFO - Processing /viper/ptmp/arego/Red_T_7K_1/16524.h5
2025-09-19 07:27:22,810 - INFO - File 12435: Filtered 838156 hits and 7 records
2025-09-19 07:27:22,844 - INFO - File 1688: Filtered 824125 hits and 4 records
2025-09-19 07:27:23,058 - INFO - Completed /viper/ptmp/arego/Red_T_7K_1_EN_100/23031.h5 in 4.30 seconds
2025-09-19 07:27:23,096 - INFO - Processing /viper/ptmp/arego/Red_T_7K_1/16025.h5
2025-09-19 07:27:23,266 - INFO - File 16524: Filtered 634303 hits and 3 records
2025-09-19 07:27:23,289 - INFO - Completed /viper/ptmp/arego/Red_T_7K_1_EN_100/18212.h5 in 4.38 seconds
2025-09-19 07:27:23,372 - INFO - Processing /viper/ptmp/arego/Red_T_7K_1/4083.h5
2025-09-19 07:27:23,525 - INFO - File 16025: Filtered 1416163 hits and 4 records
2025-09-19 07:27:23,724 - INFO - Completed /viper/ptmp/arego/Red_T_7K_1_EN_100/7442.h5 in 4.28 seconds
2025-09-19 07:27:23,804 - INFO - Processing /viper/ptmp/arego/Red_T_7K_1/13905.h5
2025-09-19 07:27:23,871 - INFO - File 4083: Filtered 766722 hits and 5 records
2025-09-19 07:27:23,950 - INFO - Completed /viper/ptmp/arego/Red_T_7K_1_EN_100/8153.h5 in 5.55 seconds
2025-09-19 07:27:24,115 - INFO - Processing /viper/ptmp/arego/Red_T_7K_1/15537.h5
2025-09-19 07:27:24,301 - INFO - File 13905: Filtered 869901 hits and 6 records
2025-09-19 07:27:24,341 - INFO - Completed /viper/ptmp/arego/Red_T_7K_1_EN_100/2413.h5 in 3.88 seconds
2025-09-19 07:27:24,408 - INFO - Completed /viper/ptmp/arego/Red_T_7K_1_EN_100/17385.h5 in 5.19 seconds
2025-09-19 07:27:24,423 - INFO - Processing /viper/ptmp/arego/Red_T_7K_1/1944.h5
2025-09-19 07:27:24,559 - INFO - Processing /viper/ptmp/arego/Red_T_7K_1/13958.h5
2025-09-19 07:27:24,573 - INFO - Completed /viper/ptmp/arego/Red_T_7K_1_EN_100/17128.h5 in 5.90 seconds
2025-09-19 07:27:24,648 - INFO - Processing /viper/ptmp/arego/Red_T_7K_1/3480.h5
2025-09-19 07:27:24,678 - INFO - File 15537: Filtered 909549 hits and 5 records
2025-09-19 07:27:24,843 - INFO - Completed /viper/ptmp/arego/Red_T_7K_1_EN_100/16025.h5 in 1.75 seconds
2025-09-19 07:27:24,887 - INFO - Completed /viper/ptmp/arego/Red_T_7K_1_EN_100/16474.h5 in 6.37 seconds
2025-09-19 07:27:24,898 - INFO - Completed /viper/ptmp/arego/Red_T_7K_1_EN_100/15779.h5 in 4.65 seconds
2025-09-19 07:27:24,915 - INFO - File 1944: Filtered 666811 hits and 4 records
2025-09-19 07:27:24,942 - INFO - Processing /viper/ptmp/arego/Red_T_7K_1/4194.h5
2025-09-19 07:27:24,948 - INFO - Processing /viper/ptmp/arego/Red_T_7K_1/18771.h5
2025-09-19 07:27:25,055 - INFO - Processing /viper/ptmp/arego/Red_T_7K_1/11290.h5
2025-09-19 07:27:25,098 - INFO - File 3480: Filtered 1040851 hits and 7 records
2025-09-19 07:27:25,101 - INFO - File 13958: Filtered 671268 hits and 6 records
2025-09-19 07:27:25,344 - INFO - Completed /viper/ptmp/arego/Red_T_7K_1_EN_100/12416.h5 in 4.60 seconds
2025-09-19 07:27:25,402 - INFO - Processing /viper/ptmp/arego/Red_T_7K_1/22328.h5
2025-09-19 07:27:25,478 - INFO - File 4194: Filtered 1100016 hits and 4 records
2025-09-19 07:27:25,582 - INFO - File 18771: Filtered 239140 hits and 3 records
2025-09-19 07:27:25,637 - INFO - Completed /viper/ptmp/arego/Red_T_7K_1_EN_100/2702.h5 in 4.36 seconds
2025-09-19 07:27:25,638 - INFO - Completed /viper/ptmp/arego/Red_T_7K_1_EN_100/12672.h5 in 6.04 seconds
2025-09-19 07:27:25,692 - INFO - File 11290: Filtered 804044 hits and 3 records
2025-09-19 07:27:25,709 - INFO - Processing /viper/ptmp/arego/Red_T_7K_1/2076.h5
2025-09-19 07:27:25,726 - INFO - Completed /viper/ptmp/arego/Red_T_7K_1_EN_100/9116.h5 in 5.46 seconds
2025-09-19 07:27:25,747 - INFO - Processing /viper/ptmp/arego/Red_T_7K_1/14834.h5
2025-09-19 07:27:25,919 - INFO - Completed /viper/ptmp/arego/Red_T_7K_1_EN_100/8413.h5 in 6.40 seconds
2025-09-19 07:27:25,963 - INFO - Processing /viper/ptmp/arego/Red_T_7K_1/6512.h5
2025-09-19 07:27:25,970 - INFO - File 22328: Filtered 796663 hits and 2 records
2025-09-19 07:27:26,021 - INFO - Completed /viper/ptmp/arego/Red_T_7K_1_EN_100/1688.h5 in 3.65 seconds
2025-09-19 07:27:26,040 - INFO - Processing /viper/ptmp/arego/Red_T_7K_1/15501.h5
2025-09-19 07:27:26,147 - INFO - File 2076: Filtered 867132 hits and 7 records
2025-09-19 07:27:26,298 - INFO - File 14834: Filtered 798646 hits and 3 records
2025-09-19 07:27:26,361 - INFO - Completed /viper/ptmp/arego/Red_T_7K_1_EN_100/10344.h5 in 5.27 seconds
2025-09-19 07:27:26,365 - INFO - Completed /viper/ptmp/arego/Red_T_7K_1_EN_100/3285.h5 in 5.38 seconds
2025-09-19 07:27:26,370 - INFO - Processing /viper/ptmp/arego/Red_T_7K_1/13534.h5
2025-09-19 07:27:26,497 - INFO - File 6512: Filtered 1324657 hits and 6 records
2025-09-19 07:27:26,500 - INFO - Processing /viper/ptmp/arego/Red_T_7K_1/8193.h5
2025-09-19 07:27:26,510 - INFO - Processing /viper/ptmp/arego/Red_T_7K_1/13351.h5
2025-09-19 07:27:26,597 - INFO - Completed /viper/ptmp/arego/Red_T_7K_1_EN_100/15172.h5 in 6.13 seconds
2025-09-19 07:27:26,605 - INFO - File 15501: Filtered 1568552 hits and 7 records
2025-09-19 07:27:26,719 - INFO - Completed /viper/ptmp/arego/Red_T_7K_1_EN_100/12435.h5 in 4.43 seconds
2025-09-19 07:27:26,778 - INFO - Processing /viper/ptmp/arego/Red_T_7K_1/18526.h5
2025-09-19 07:27:26,945 - INFO - File 13534: Filtered 580387 hits and 4 records
2025-09-19 07:27:26,992 - INFO - Completed /viper/ptmp/arego/Red_T_7K_1_EN_100/8831.h5 in 6.99 seconds
2025-09-19 07:27:27,003 - INFO - Processing /viper/ptmp/arego/Red_T_7K_1/8916.h5
2025-09-19 07:27:27,053 - INFO - File 8193: Filtered 703205 hits and 6 records
2025-09-19 07:27:27,059 - INFO - File 13351: Filtered 95453 hits and 2 records
2025-09-19 07:27:27,065 - INFO - Processing /viper/ptmp/arego/Red_T_7K_1/16297.h5
2025-09-19 07:27:27,143 - INFO - Completed /viper/ptmp/arego/Red_T_7K_1_EN_100/23074.h5 in 5.31 seconds
2025-09-19 07:27:27,151 - INFO - File 18526: Filtered 488708 hits and 6 records
2025-09-19 07:27:27,336 - INFO - Completed /viper/ptmp/arego/Red_T_7K_1_EN_100/22865.h5 in 7.44 seconds
2025-09-19 07:27:27,349 - INFO - Processing /viper/ptmp/arego/Red_T_7K_1/632.h5
2025-09-19 07:27:27,564 - INFO - File 8916: Filtered 467140 hits and 4 records
2025-09-19 07:27:27,567 - INFO - Completed /viper/ptmp/arego/Red_T_7K_1_EN_100/4083.h5 in 4.20 seconds
2025-09-19 07:27:27,595 - INFO - Processing /viper/ptmp/arego/Red_T_7K_1/20272.h5
2025-09-19 07:27:27,649 - INFO - Processing /viper/ptmp/arego/Red_T_7K_1/22376.h5
2025-09-19 07:27:27,682 - INFO - Completed /viper/ptmp/arego/Red_T_7K_1_EN_100/12936.h5 in 8.21 seconds
2025-09-19 07:27:27,780 - INFO - File 16297: Filtered 147801 hits and 3 records
2025-09-19 07:27:27,904 - INFO - File 632: Filtered 710526 hits and 7 records
2025-09-19 07:27:27,962 - INFO - Completed /viper/ptmp/arego/Red_T_7K_1_EN_100/13905.h5 in 4.16 seconds
2025-09-19 07:27:27,998 - INFO - Processing /viper/ptmp/arego/Red_T_7K_1/3746.h5
2025-09-19 07:27:28,040 - INFO - Processing /viper/ptmp/arego/Red_T_7K_1/23172.h5
2025-09-19 07:27:28,129 - INFO - File 20272: Filtered 622215 hits and 5 records
2025-09-19 07:27:28,188 - INFO - File 22376: Filtered 1446303 hits and 5 records
2025-09-19 07:27:28,200 - INFO - Completed /viper/ptmp/arego/Red_T_7K_1_EN_100/3480.h5 in 3.55 seconds
2025-09-19 07:27:28,345 - INFO - Processing /viper/ptmp/arego/Red_T_7K_1/3826.h5
2025-09-19 07:27:28,412 - INFO - Completed /viper/ptmp/arego/Red_T_7K_1_EN_100/16524.h5 in 5.66 seconds
2025-09-19 07:27:28,487 - INFO - Processing /viper/ptmp/arego/Red_T_7K_1/17069.h5
2025-09-19 07:27:28,586 - INFO - File 23172: Filtered 207569 hits and 1 records
2025-09-19 07:27:28,666 - INFO - Completed /viper/ptmp/arego/Red_T_7K_1_EN_100/6512.h5 in 2.70 seconds
2025-09-19 07:27:28,674 - INFO - File 3746: Filtered 1268404 hits and 7 records
2025-09-19 07:27:28,755 - INFO - Processing /viper/ptmp/arego/Red_T_7K_1/17556.h5
2025-09-19 07:27:28,910 - INFO - File 3826: Filtered 363649 hits and 2 records
2025-09-19 07:27:28,998 - INFO - Completed /viper/ptmp/arego/Red_T_7K_1_EN_100/15501.h5 in 2.96 seconds
2025-09-19 07:27:29,092 - INFO - Processing /viper/ptmp/arego/Red_T_7K_1/16153.h5
2025-09-19 07:27:29,106 - INFO - File 17069: Filtered 490124 hits and 3 records
2025-09-19 07:27:29,253 - INFO - Completed /viper/ptmp/arego/Red_T_7K_1_EN_100/4194.h5 in 4.31 seconds
2025-09-19 07:27:29,271 - INFO - Completed /viper/ptmp/arego/Red_T_7K_1_EN_100/15537.h5 in 5.16 seconds
2025-09-19 07:27:29,345 - INFO - Processing /viper/ptmp/arego/Red_T_7K_1/12864.h5
2025-09-19 07:27:29,371 - INFO - Processing /viper/ptmp/arego/Red_T_7K_1/9189.h5
2025-09-19 07:27:29,377 - INFO - File 17556: Filtered 703792 hits and 6 records
2025-09-19 07:27:29,564 - INFO - Completed /viper/ptmp/arego/Red_T_7K_1_EN_100/2076.h5 in 3.85 seconds
2025-09-19 07:27:29,636 - INFO - Processing /viper/ptmp/arego/Red_T_7K_1/11160.h5
2025-09-19 07:27:29,689 - INFO - File 16153: Filtered 238242 hits and 4 records
2025-09-19 07:27:29,913 - INFO - File 9189: Filtered 1519175 hits and 9 records
2025-09-19 07:27:29,963 - INFO - Completed /viper/ptmp/arego/Red_T_7K_1_EN_100/22328.h5 in 4.56 seconds
2025-09-19 07:27:29,968 - INFO - File 12864: Filtered 2068035 hits and 7 records
2025-09-19 07:27:30,040 - INFO - Processing /viper/ptmp/arego/Red_T_7K_1/17399.h5
2025-09-19 07:27:30,121 - INFO - Completed /viper/ptmp/arego/Red_T_7K_1_EN_100/14834.h5 in 4.37 seconds
2025-09-19 07:27:30,164 - INFO - File 11160: Filtered 547640 hits and 3 records
2025-09-19 07:27:30,327 - INFO - Processing /viper/ptmp/arego/Red_T_7K_1/7945.h5
2025-09-19 07:27:30,552 - INFO - File 17399: Filtered 1025160 hits and 5 records
2025-09-19 07:27:30,615 - INFO - Completed /viper/ptmp/arego/Red_T_7K_1_EN_100/11290.h5 in 5.56 seconds
2025-09-19 07:27:30,658 - INFO - Completed /viper/ptmp/arego/Red_T_7K_1_EN_100/13534.h5 in 4.29 seconds
2025-09-19 07:27:30,749 - INFO - Processing /viper/ptmp/arego/Red_T_7K_1/1422.h5
2025-09-19 07:27:30,777 - INFO - Processing /viper/ptmp/arego/Red_T_7K_1/278.h5
2025-09-19 07:27:30,888 - INFO - File 7945: Filtered 413471 hits and 2 records
2025-09-19 07:27:30,916 - INFO - Completed /viper/ptmp/arego/Red_T_7K_1_EN_100/1944.h5 in 6.49 seconds
2025-09-19 07:27:31,091 - INFO - Processing /viper/ptmp/arego/Red_T_7K_1/16841.h5
2025-09-19 07:27:31,277 - INFO - Completed /viper/ptmp/arego/Red_T_7K_1_EN_100/18526.h5 in 4.50 seconds
2025-09-19 07:27:31,291 - INFO - File 1422: Filtered 1300768 hits and 8 records
2025-09-19 07:27:31,367 - INFO - Processing /viper/ptmp/arego/Red_T_7K_1/6093.h5
2025-09-19 07:27:31,387 - INFO - File 278: Filtered 1374872 hits and 5 records
2025-09-19 07:27:31,503 - INFO - Completed /viper/ptmp/arego/Red_T_7K_1_EN_100/12864.h5 in 2.16 seconds
2025-09-19 07:27:31,645 - INFO - File 16841: Filtered 1200913 hits and 6 records
2025-09-19 07:27:31,657 - INFO - Processing /viper/ptmp/arego/Red_T_7K_1/14357.h5
2025-09-19 07:27:31,672 - INFO - Completed /viper/ptmp/arego/Red_T_7K_1_EN_100/22376.h5 in 4.02 seconds
2025-09-19 07:27:31,755 - INFO - Processing /viper/ptmp/arego/Red_T_7K_1/15302.h5
2025-09-19 07:27:31,890 - INFO - Completed /viper/ptmp/arego/Red_T_7K_1_EN_100/9189.h5 in 2.52 seconds
2025-09-19 07:27:31,963 - INFO - File 6093: Filtered 676740 hits and 6 records
2025-09-19 07:27:32,018 - INFO - Processing /viper/ptmp/arego/Red_T_7K_1/17597.h5
2025-09-19 07:27:32,165 - INFO - File 14357: Filtered 1160429 hits and 7 records
2025-09-19 07:27:32,272 - INFO - Completed /viper/ptmp/arego/Red_T_7K_1_EN_100/8193.h5 in 5.77 seconds
2025-09-19 07:27:32,324 - INFO - File 15302: Filtered 920443 hits and 5 records
2025-09-19 07:27:32,363 - INFO - Completed /viper/ptmp/arego/Red_T_7K_1_EN_100/20272.h5 in 4.77 seconds
2025-09-19 07:27:32,386 - INFO - Processing /viper/ptmp/arego/Red_T_7K_1/2506.h5
2025-09-19 07:27:32,530 - INFO - Completed /viper/ptmp/arego/Red_T_7K_1_EN_100/13958.h5 in 7.97 seconds
2025-09-19 07:27:32,536 - INFO - Completed /viper/ptmp/arego/Red_T_7K_1_EN_100/18771.h5 in 7.59 seconds
2025-09-19 07:27:32,592 - INFO - File 17597: Filtered 1032954 hits and 7 records
2025-09-19 07:27:32,608 - INFO - Processing /viper/ptmp/arego/Red_T_7K_1/18623.h5
2025-09-19 07:27:32,624 - INFO - Completed /viper/ptmp/arego/Red_T_7K_1_EN_100/632.h5 in 5.27 seconds
2025-09-19 07:27:32,650 - INFO - Processing /viper/ptmp/arego/Red_T_7K_1/17835.h5
2025-09-19 07:27:32,680 - INFO - Processing /viper/ptmp/arego/Red_T_7K_1/8602.h5
2025-09-19 07:27:32,882 - INFO - Completed /viper/ptmp/arego/Red_T_7K_1_EN_100/8916.h5 in 5.88 seconds
2025-09-19 07:27:32,889 - INFO - File 2506: Filtered 1254465 hits and 6 records
2025-09-19 07:27:32,976 - INFO - Processing /viper/ptmp/arego/Red_T_7K_1/2276.h5
2025-09-19 07:27:32,992 - INFO - Processing /viper/ptmp/arego/Red_T_7K_1/13495.h5
2025-09-19 07:27:33,161 - INFO - File 18623: Filtered 878848 hits and 7 records
2025-09-19 07:27:33,162 - INFO - File 17835: Filtered 616275 hits and 8 records
2025-09-19 07:27:33,310 - INFO - File 8602: Filtered 315077 hits and 6 records
2025-09-19 07:27:33,564 - INFO - File 13495: Filtered 665170 hits and 4 records
2025-09-19 07:27:33,688 - INFO - Completed /viper/ptmp/arego/Red_T_7K_1_EN_100/17556.h5 in 4.93 seconds
2025-09-19 07:27:33,698 - INFO - File 2276: Filtered 673502 hits and 5 records
2025-09-19 07:27:33,701 - INFO - Completed /viper/ptmp/arego/Red_T_7K_1_EN_100/3746.h5 in 5.70 seconds
2025-09-19 07:27:33,772 - INFO - Processing /viper/ptmp/arego/Red_T_7K_1/21557.h5
2025-09-19 07:27:33,848 - INFO - Processing /viper/ptmp/arego/Red_T_7K_1/10453.h5
2025-09-19 07:27:34,230 - INFO - Completed /viper/ptmp/arego/Red_T_7K_1_EN_100/17399.h5 in 4.19 seconds
2025-09-19 07:27:34,301 - INFO - Processing /viper/ptmp/arego/Red_T_7K_1/1654.h5
2025-09-19 07:27:34,349 - INFO - Completed /viper/ptmp/arego/Red_T_7K_1_EN_100/17069.h5 in 5.86 seconds
2025-09-19 07:27:34,352 - INFO - File 21557: Filtered 542556 hits and 3 records
2025-09-19 07:27:34,411 - INFO - File 10453: Filtered 1261622 hits and 5 records
2025-09-19 07:27:34,424 - INFO - Processing /viper/ptmp/arego/Red_T_7K_1/16641.h5
2025-09-19 07:27:34,922 - INFO - File 1654: Filtered 414491 hits and 1 records
2025-09-19 07:27:34,991 - INFO - File 16641: Filtered 1182905 hits and 5 records
2025-09-19 07:27:35,179 - INFO - Completed /viper/ptmp/arego/Red_T_7K_1_EN_100/3826.h5 in 6.83 seconds
2025-09-19 07:27:35,256 - INFO - Processing /viper/ptmp/arego/Red_T_7K_1/11844.h5
2025-09-19 07:27:35,290 - INFO - Completed /viper/ptmp/arego/Red_T_7K_1_EN_100/1422.h5 in 4.54 seconds
2025-09-19 07:27:35,349 - INFO - Completed /viper/ptmp/arego/Red_T_7K_1_EN_100/23172.h5 in 7.31 seconds
2025-09-19 07:27:35,368 - INFO - Processing /viper/ptmp/arego/Red_T_7K_1/22066.h5
2025-09-19 07:27:35,499 - INFO - Completed /viper/ptmp/arego/Red_T_7K_1_EN_100/16841.h5 in 4.41 seconds
2025-09-19 07:27:35,580 - INFO - Completed /viper/ptmp/arego/Red_T_7K_1_EN_100/2506.h5 in 3.19 seconds
2025-09-19 07:27:35,588 - INFO - Processing /viper/ptmp/arego/Red_T_7K_1/15496.h5
2025-09-19 07:27:35,592 - INFO - Completed /viper/ptmp/arego/Red_T_7K_1_EN_100/11160.h5 in 5.96 seconds
2025-09-19 07:27:35,703 - INFO - Processing /viper/ptmp/arego/Red_T_7K_1/3566.h5
2025-09-19 07:27:35,832 - INFO - File 11844: Filtered 1372989 hits and 8 records
2025-09-19 07:27:35,877 - INFO - Processing /viper/ptmp/arego/Red_T_7K_1/15400.h5
2025-09-19 07:27:35,885 - INFO - Processing /viper/ptmp/arego/Red_T_7K_1/21571.h5
2025-09-19 07:27:35,913 - INFO - Completed /viper/ptmp/arego/Red_T_7K_1_EN_100/13351.h5 in 9.40 seconds
2025-09-19 07:27:35,940 - INFO - File 22066: Filtered 577140 hits and 4 records
2025-09-19 07:27:36,049 - INFO - Completed /viper/ptmp/arego/Red_T_7K_1_EN_100/17597.h5 in 4.03 seconds
2025-09-19 07:27:36,068 - INFO - Processing /viper/ptmp/arego/Red_T_7K_1/5223.h5
2025-09-19 07:27:36,145 - INFO - Completed /viper/ptmp/arego/Red_T_7K_1_EN_100/278.h5 in 5.37 seconds
2025-09-19 07:27:36,219 - INFO - File 15496: Filtered 943115 hits and 3 records
2025-09-19 07:27:36,273 - INFO - Processing /viper/ptmp/arego/Red_T_7K_1/22972.h5
2025-09-19 07:27:36,331 - INFO - Processing /viper/ptmp/arego/Red_T_7K_1/3629.h5
2025-09-19 07:27:36,442 - INFO - File 3566: Filtered 247224 hits and 2 records
2025-09-19 07:27:36,576 - INFO - File 15400: Filtered 198724 hits and 4 records
2025-09-19 07:27:36,621 - INFO - File 21571: Filtered 261062 hits and 4 records
2025-09-19 07:27:36,654 - INFO - File 5223: Filtered 1461560 hits and 9 records
2025-09-19 07:27:36,889 - INFO - File 22972: Filtered 815958 hits and 6 records
2025-09-19 07:27:36,893 - INFO - File 3629: Filtered 994408 hits and 6 records
2025-09-19 07:27:36,988 - INFO - Completed /viper/ptmp/arego/Red_T_7K_1_EN_100/16153.h5 in 7.90 seconds
2025-09-19 07:27:37,059 - INFO - Processing /viper/ptmp/arego/Red_T_7K_1/8489.h5
2025-09-19 07:27:37,214 - INFO - Completed /viper/ptmp/arego/Red_T_7K_1_EN_100/7945.h5 in 6.89 seconds
2025-09-19 07:27:37,365 - INFO - Processing /viper/ptmp/arego/Red_T_7K_1/5169.h5
2025-09-19 07:27:37,413 - INFO - Completed /viper/ptmp/arego/Red_T_7K_1_EN_100/14357.h5 in 5.76 seconds
2025-09-19 07:27:37,588 - INFO - Processing /viper/ptmp/arego/Red_T_7K_1/6030.h5
2025-09-19 07:27:37,651 - INFO - Completed /viper/ptmp/arego/Red_T_7K_1_EN_100/15302.h5 in 5.90 seconds
2025-09-19 07:27:37,654 - INFO - File 8489: Filtered 534259 hits and 3 records
2025-09-19 07:27:37,740 - INFO - Processing /viper/ptmp/arego/Red_T_7K_1/12492.h5
2025-09-19 07:27:37,968 - INFO - File 5169: Filtered 624109 hits and 4 records
2025-09-19 07:27:38,045 - INFO - Completed /viper/ptmp/arego/Red_T_7K_1_EN_100/17835.h5 in 5.39 seconds
2025-09-19 07:27:38,190 - INFO - Processing /viper/ptmp/arego/Red_T_7K_1/16834.h5
2025-09-19 07:27:38,247 - INFO - File 6030: Filtered 702125 hits and 4 records
2025-09-19 07:27:38,335 - INFO - File 12492: Filtered 409832 hits and 6 records
2025-09-19 07:27:38,403 - INFO - Completed /viper/ptmp/arego/Red_T_7K_1_EN_100/18623.h5 in 5.80 seconds
2025-09-19 07:27:38,446 - INFO - Completed /viper/ptmp/arego/Red_T_7K_1_EN_100/6093.h5 in 7.08 seconds
2025-09-19 07:27:38,469 - INFO - Processing /viper/ptmp/arego/Red_T_7K_1/21366.h5
2025-09-19 07:27:38,642 - INFO - Processing /viper/ptmp/arego/Red_T_7K_1/18201.h5
2025-09-19 07:27:38,677 - INFO - Completed /viper/ptmp/arego/Red_T_7K_1_EN_100/16641.h5 in 4.25 seconds
2025-09-19 07:27:38,859 - INFO - Processing /viper/ptmp/arego/Red_T_7K_1/23268.h5
2025-09-19 07:27:39,034 - INFO - File 21366: Filtered 814379 hits and 4 records
2025-09-19 07:27:39,050 - INFO - File 16834: Filtered 1645541 hits and 7 records
2025-09-19 07:27:39,078 - INFO - Completed /viper/ptmp/arego/Red_T_7K_1_EN_100/2276.h5 in 6.10 seconds
2025-09-19 07:27:39,135 - INFO - Completed /viper/ptmp/arego/Red_T_7K_1_EN_100/16297.h5 in 12.07 seconds
2025-09-19 07:27:39,193 - INFO - Processing /viper/ptmp/arego/Red_T_7K_1/14274.h5
2025-09-19 07:27:39,225 - INFO - Processing /viper/ptmp/arego/Red_T_7K_1/8011.h5
2025-09-19 07:27:39,229 - INFO - File 18201: Filtered 931349 hits and 6 records
2025-09-19 07:27:39,347 - INFO - Completed /viper/ptmp/arego/Red_T_7K_1_EN_100/21557.h5 in 5.58 seconds
2025-09-19 07:27:39,445 - INFO - Processing /viper/ptmp/arego/Red_T_7K_1/16748.h5
2025-09-19 07:27:39,494 - INFO - Completed /viper/ptmp/arego/Red_T_7K_1_EN_100/11844.h5 in 4.24 seconds
2025-09-19 07:27:39,517 - INFO - File 23268: Filtered 922170 hits and 3 records
2025-09-19 07:27:39,560 - INFO - Processing /viper/ptmp/arego/Red_T_7K_1/5171.h5
2025-09-19 07:27:39,810 - INFO - Completed /viper/ptmp/arego/Red_T_7K_1_EN_100/10453.h5 in 5.96 seconds
2025-09-19 07:27:39,828 - INFO - File 8011: Filtered 1033805 hits and 5 records
2025-09-19 07:27:39,939 - INFO - File 14274: Filtered 680260 hits and 2 records
2025-09-19 07:27:40,028 - INFO - Processing /viper/ptmp/arego/Red_T_7K_1/17892.h5
2025-09-19 07:27:40,067 - INFO - File 5171: Filtered 1686386 hits and 9 records
2025-09-19 07:27:40,109 - INFO - Completed /viper/ptmp/arego/Red_T_7K_1_EN_100/13495.h5 in 7.12 seconds
2025-09-19 07:27:40,203 - INFO - Processing /viper/ptmp/arego/Red_T_7K_1/503.h5
2025-09-19 07:27:40,715 - INFO - File 17892: Filtered 395757 hits and 1 records
2025-09-19 07:27:40,820 - INFO - Completed /viper/ptmp/arego/Red_T_7K_1_EN_100/3629.h5 in 4.49 seconds
2025-09-19 07:27:40,848 - INFO - File 503: Filtered 1641457 hits and 4 records
2025-09-19 07:27:40,910 - INFO - Processing /viper/ptmp/arego/Red_T_7K_1/2522.h5
2025-09-19 07:27:40,962 - INFO - Completed /viper/ptmp/arego/Red_T_7K_1_EN_100/21571.h5 in 5.08 seconds
2025-09-19 07:27:41,037 - INFO - Processing /viper/ptmp/arego/Red_T_7K_1/13392.h5
2025-09-19 07:27:41,075 - INFO - File 16748: Filtered 1061882 hits and 7 records
2025-09-19 07:27:41,504 - INFO - Completed /viper/ptmp/arego/Red_T_7K_1_EN_100/5223.h5 in 5.44 seconds
2025-09-19 07:27:41,560 - INFO - File 2522: Filtered 154555 hits and 2 records
2025-09-19 07:27:41,601 - INFO - Processing /viper/ptmp/arego/Red_T_7K_1/4740.h5
2025-09-19 07:27:41,657 - INFO - File 13392: Filtered 572084 hits and 3 records
2025-09-19 07:27:41,773 - INFO - Completed /viper/ptmp/arego/Red_T_7K_1_EN_100/5171.h5 in 2.21 seconds
2025-09-19 07:27:41,836 - INFO - Processing /viper/ptmp/arego/Red_T_7K_1/18963.h5
2025-09-19 07:27:41,879 - INFO - Completed /viper/ptmp/arego/Red_T_7K_1_EN_100/15496.h5 in 6.29 seconds
2025-09-19 07:27:41,950 - INFO - Processing /viper/ptmp/arego/Red_T_7K_1/11051.h5
2025-09-19 07:27:41,976 - INFO - Completed /viper/ptmp/arego/Red_T_7K_1_EN_100/1654.h5 in 7.68 seconds
2025-09-19 07:27:42,157 - INFO - Processing /viper/ptmp/arego/Red_T_7K_1/4214.h5
2025-09-19 07:27:42,244 - INFO - File 4740: Filtered 1212470 hits and 8 records
2025-09-19 07:27:42,413 - INFO - File 18963: Filtered 1445733 hits and 9 records
2025-09-19 07:27:42,529 - INFO - File 11051: Filtered 515726 hits and 3 records
2025-09-19 07:27:42,628 - INFO - Completed /viper/ptmp/arego/Red_T_7K_1_EN_100/22066.h5 in 7.26 seconds
2025-09-19 07:27:42,743 - INFO - Processing /viper/ptmp/arego/Red_T_7K_1/13903.h5
2025-09-19 07:27:42,814 - INFO - File 4214: Filtered 1047641 hits and 5 records
2025-09-19 07:27:43,064 - INFO - Completed /viper/ptmp/arego/Red_T_7K_1_EN_100/18201.h5 in 4.42 seconds
2025-09-19 07:27:43,106 - INFO - Processing /viper/ptmp/arego/Red_T_7K_1/9594.h5
2025-09-19 07:27:43,377 - INFO - File 13903: Filtered 2044242 hits and 6 records
2025-09-19 07:27:43,513 - INFO - Completed /viper/ptmp/arego/Red_T_7K_1_EN_100/23268.h5 in 4.65 seconds
2025-09-19 07:27:43,578 - INFO - Completed /viper/ptmp/arego/Red_T_7K_1_EN_100/8602.h5 in 10.90 seconds
2025-09-19 07:27:43,615 - INFO - Processing /viper/ptmp/arego/Red_T_7K_1/1845.h5
2025-09-19 07:27:43,759 - INFO - File 9594: Filtered 1008105 hits and 4 records
2025-09-19 07:27:43,760 - INFO - Processing /viper/ptmp/arego/Red_T_7K_1/14729.h5
2025-09-19 07:27:44,060 - INFO - Completed /viper/ptmp/arego/Red_T_7K_1_EN_100/16834.h5 in 5.87 seconds
2025-09-19 07:27:44,194 - INFO - Processing /viper/ptmp/arego/Red_T_7K_1/14154.h5
2025-09-19 07:27:44,205 - INFO - Completed /viper/ptmp/arego/Red_T_7K_1_EN_100/8489.h5 in 7.15 seconds
2025-09-19 07:27:44,240 - INFO - File 1845: Filtered 1222981 hits and 4 records
2025-09-19 07:27:44,274 - INFO - Processing /viper/ptmp/arego/Red_T_7K_1/1011.h5
2025-09-19 07:27:44,435 - INFO - File 14729: Filtered 1030554 hits and 7 records
2025-09-19 07:27:44,809 - INFO - File 14154: Filtered 1403396 hits and 6 records
2025-09-19 07:27:44,847 - INFO - Completed /viper/ptmp/arego/Red_T_7K_1_EN_100/12492.h5 in 7.11 seconds
2025-09-19 07:27:44,866 - INFO - Completed /viper/ptmp/arego/Red_T_7K_1_EN_100/5169.h5 in 7.50 seconds
2025-09-19 07:27:44,867 - INFO - File 1011: Filtered 917693 hits and 4 records
2025-09-19 07:27:44,907 - INFO - Completed /viper/ptmp/arego/Red_T_7K_1_EN_100/15400.h5 in 9.03 seconds
2025-09-19 07:27:44,907 - INFO - Completed /viper/ptmp/arego/Red_T_7K_1_EN_100/503.h5 in 4.70 seconds
2025-09-19 07:27:44,912 - INFO - Completed /viper/ptmp/arego/Red_T_7K_1_EN_100/22972.h5 in 8.64 seconds
2025-09-19 07:27:44,925 - INFO - Processing /viper/ptmp/arego/Red_T_7K_1/15525.h5
2025-09-19 07:27:44,936 - INFO - Processing /viper/ptmp/arego/Red_T_7K_1/6062.h5
2025-09-19 07:27:44,977 - INFO - Processing /viper/ptmp/arego/Red_T_7K_1/3298.h5
2025-09-19 07:27:45,132 - INFO - Processing /viper/ptmp/arego/Red_T_7K_1/15207.h5
2025-09-19 07:27:45,322 - INFO - Processing /viper/ptmp/arego/Red_T_7K_1/21230.h5
2025-09-19 07:27:45,462 - INFO - File 6062: Filtered 1451207 hits and 8 records
2025-09-19 07:27:45,539 - INFO - Completed /viper/ptmp/arego/Red_T_7K_1_EN_100/3566.h5 in 9.84 seconds
2025-09-19 07:27:45,550 - INFO - File 15525: Filtered 276769 hits and 3 records
2025-09-19 07:27:45,618 - INFO - Completed /viper/ptmp/arego/Red_T_7K_1_EN_100/13903.h5 in 2.87 seconds
2025-09-19 07:27:45,689 - INFO - Processing /viper/ptmp/arego/Red_T_7K_1/20920.h5
2025-09-19 07:27:45,700 - INFO - Completed /viper/ptmp/arego/Red_T_7K_1_EN_100/21366.h5 in 7.23 seconds
2025-09-19 07:27:45,716 - INFO - File 3298: Filtered 880626 hits and 3 records
2025-09-19 07:27:45,756 - INFO - Processing /viper/ptmp/arego/Red_T_7K_1/15454.h5
2025-09-19 07:27:45,774 - INFO - File 15207: Filtered 792706 hits and 3 records
2025-09-19 07:27:45,938 - INFO - Processing /viper/ptmp/arego/Red_T_7K_1/1286.h5
2025-09-19 07:27:46,006 - INFO - Completed /viper/ptmp/arego/Red_T_7K_1_EN_100/8011.h5 in 6.78 seconds
2025-09-19 07:27:46,038 - INFO - Completed /viper/ptmp/arego/Red_T_7K_1_EN_100/18963.h5 in 4.20 seconds
2025-09-19 07:27:46,113 - INFO - Processing /viper/ptmp/arego/Red_T_7K_1/646.h5
2025-09-19 07:27:46,130 - INFO - File 21230: Filtered 1039272 hits and 5 records
2025-09-19 07:27:46,134 - INFO - Processing /viper/ptmp/arego/Red_T_7K_1/17846.h5
2025-09-19 07:27:46,307 - INFO - File 20920: Filtered 517564 hits and 3 records
2025-09-19 07:27:46,488 - INFO - File 15454: Filtered 1187275 hits and 7 records
2025-09-19 07:27:46,734 - INFO - File 1286: Filtered 1279408 hits and 5 records
2025-09-19 07:27:46,827 - INFO - File 646: Filtered 1256094 hits and 4 records
2025-09-19 07:27:46,886 - INFO - File 17846: Filtered 1130569 hits and 6 records
2025-09-19 07:27:47,092 - INFO - Completed /viper/ptmp/arego/Red_T_7K_1_EN_100/6030.h5 in 9.50 seconds
2025-09-19 07:27:47,244 - INFO - Completed /viper/ptmp/arego/Red_T_7K_1_EN_100/13392.h5 in 6.21 seconds
2025-09-19 07:27:47,290 - INFO - Processing /viper/ptmp/arego/Red_T_7K_1/20560.h5
2025-09-19 07:27:47,310 - INFO - Processing /viper/ptmp/arego/Red_T_7K_1/297.h5
2025-09-19 07:27:47,412 - INFO - Completed /viper/ptmp/arego/Red_T_7K_1_EN_100/4740.h5 in 5.81 seconds
2025-09-19 07:27:47,611 - INFO - Processing /viper/ptmp/arego/Red_T_7K_1/22666.h5
2025-09-19 07:27:47,943 - INFO - File 297: Filtered 949395 hits and 4 records
2025-09-19 07:27:47,993 - INFO - File 20560: Filtered 2333277 hits and 5 records
2025-09-19 07:27:48,262 - INFO - Completed /viper/ptmp/arego/Red_T_7K_1_EN_100/4214.h5 in 6.10 seconds
2025-09-19 07:27:48,371 - INFO - Completed /viper/ptmp/arego/Red_T_7K_1_EN_100/14274.h5 in 9.18 seconds
2025-09-19 07:27:48,373 - INFO - Processing /viper/ptmp/arego/Red_T_7K_1/10831.h5
2025-09-19 07:27:48,378 - INFO - File 22666: Filtered 600585 hits and 4 records
2025-09-19 07:27:48,486 - INFO - Processing /viper/ptmp/arego/Red_T_7K_1/10297.h5
2025-09-19 07:27:49,036 - INFO - File 10831: Filtered 1224516 hits and 3 records
2025-09-19 07:27:49,141 - INFO - File 10297: Filtered 509070 hits and 2 records
2025-09-19 07:27:49,367 - INFO - Completed /viper/ptmp/arego/Red_T_7K_1_EN_100/6062.h5 in 4.43 seconds
2025-09-19 07:27:49,443 - INFO - Processing /viper/ptmp/arego/Red_T_7K_1/8222.h5
2025-09-19 07:27:49,444 - INFO - Completed /viper/ptmp/arego/Red_T_7K_1_EN_100/11051.h5 in 7.49 seconds
2025-09-19 07:27:49,686 - INFO - Processing /viper/ptmp/arego/Red_T_7K_1/8857.h5
2025-09-19 07:27:49,690 - INFO - Completed /viper/ptmp/arego/Red_T_7K_1_EN_100/9594.h5 in 6.58 seconds
2025-09-19 07:27:49,702 - INFO - Completed /viper/ptmp/arego/Red_T_7K_1_EN_100/14154.h5 in 5.51 seconds
2025-09-19 07:27:49,771 - INFO - Processing /viper/ptmp/arego/Red_T_7K_1/10693.h5
2025-09-19 07:27:49,786 - INFO - Completed /viper/ptmp/arego/Red_T_7K_1_EN_100/20560.h5 in 2.50 seconds
2025-09-19 07:27:49,838 - INFO - Completed /viper/ptmp/arego/Red_T_7K_1_EN_100/1845.h5 in 6.22 seconds
2025-09-19 07:27:49,907 - INFO - Processing /viper/ptmp/arego/Red_T_7K_1/22924.h5
2025-09-19 07:27:49,970 - INFO - Completed /viper/ptmp/arego/Red_T_7K_1_EN_100/17892.h5 in 9.94 seconds
2025-09-19 07:27:50,014 - INFO - Completed /viper/ptmp/arego/Red_T_7K_1_EN_100/2522.h5 in 9.10 seconds
2025-09-19 07:27:50,028 - INFO - Processing /viper/ptmp/arego/Red_T_7K_1/14359.h5
2025-09-19 07:27:50,047 - INFO - File 8222: Filtered 1337674 hits and 7 records
2025-09-19 07:27:50,080 - INFO - Completed /viper/ptmp/arego/Red_T_7K_1_EN_100/1286.h5 in 4.14 seconds
2025-09-19 07:27:50,208 - INFO - Processing /viper/ptmp/arego/Red_T_7K_1/11631.h5
2025-09-19 07:27:50,253 - INFO - Processing /viper/ptmp/arego/Red_T_7K_1/16503.h5
2025-09-19 07:27:50,261 - INFO - Processing /viper/ptmp/arego/Red_T_7K_1/6432.h5
2025-09-19 07:27:50,326 - INFO - File 10693: Filtered 2056797 hits and 5 records
2025-09-19 07:27:50,343 - INFO - File 8857: Filtered 1941733 hits and 6 records
2025-09-19 07:27:50,564 - INFO - Processing /viper/ptmp/arego/Red_T_7K_1/6619.h5
2025-09-19 07:27:50,730 - INFO - File 22924: Filtered 835767 hits and 5 records
2025-09-19 07:27:50,753 - INFO - File 14359: Filtered 1553791 hits and 5 records
2025-09-19 07:27:50,929 - INFO - File 16503: Filtered 1450338 hits and 4 records
2025-09-19 07:27:50,995 - INFO - File 6432: Filtered 452599 hits and 5 records
2025-09-19 07:27:51,023 - INFO - File 11631: Filtered 73427 hits and 1 records
2025-09-19 07:27:51,187 - INFO - Completed /viper/ptmp/arego/Red_T_7K_1_EN_100/14729.h5 in 7.43 seconds
2025-09-19 07:27:51,280 - INFO - File 6619: Filtered 677925 hits and 4 records
2025-09-19 07:27:51,371 - INFO - Processing /viper/ptmp/arego/Red_T_7K_1/12024.h5
2025-09-19 07:27:51,536 - INFO - Completed /viper/ptmp/arego/Red_T_7K_1_EN_100/1011.h5 in 7.26 seconds
2025-09-19 07:27:51,604 - INFO - Processing /viper/ptmp/arego/Red_T_7K_1/17971.h5
2025-09-19 07:27:51,728 - INFO - Completed /viper/ptmp/arego/Red_T_7K_1_EN_100/646.h5 in 5.61 seconds
2025-09-19 07:27:51,795 - INFO - Processing /viper/ptmp/arego/Red_T_7K_1/19970.h5
2025-09-19 07:27:52,127 - INFO - File 12024: Filtered 1329290 hits and 5 records
2025-09-19 07:27:52,219 - INFO - Completed /viper/ptmp/arego/Red_T_7K_1_EN_100/10693.h5 in 2.45 seconds
2025-09-19 07:27:52,284 - INFO - Processing /viper/ptmp/arego/Red_T_7K_1/3574.h5
2025-09-19 07:27:52,292 - INFO - File 17971: Filtered 267627 hits and 2 records
2025-09-19 07:27:52,526 - INFO - File 19970: Filtered 1181872 hits and 5 records
2025-09-19 07:27:52,568 - INFO - Completed /viper/ptmp/arego/Red_T_7K_1_EN_100/8857.h5 in 2.88 seconds
2025-09-19 07:27:52,640 - INFO - Processing /viper/ptmp/arego/Red_T_7K_1/15730.h5
2025-09-19 07:27:52,666 - INFO - Completed /viper/ptmp/arego/Red_T_7K_1_EN_100/15207.h5 in 7.53 seconds
2025-09-19 07:27:52,761 - INFO - Processing /viper/ptmp/arego/Red_T_7K_1/10473.h5
2025-09-19 07:27:52,848 - INFO - File 3574: Filtered 317425 hits and 5 records
2025-09-19 07:27:53,089 - INFO - Completed /viper/ptmp/arego/Red_T_7K_1_EN_100/3298.h5 in 8.11 seconds
2025-09-19 07:27:53,163 - INFO - Processing /viper/ptmp/arego/Red_T_7K_1/13515.h5
2025-09-19 07:27:53,359 - INFO - File 15730: Filtered 193599 hits and 3 records
2025-09-19 07:27:53,420 - INFO - File 10473: Filtered 1336813 hits and 3 records
2025-09-19 07:27:53,707 - INFO - Completed /viper/ptmp/arego/Red_T_7K_1_EN_100/17846.h5 in 7.57 seconds
2025-09-19 07:27:53,733 - INFO - Completed /viper/ptmp/arego/Red_T_7K_1_EN_100/21230.h5 in 8.41 seconds
2025-09-19 07:27:53,794 - INFO - Processing /viper/ptmp/arego/Red_T_7K_1/21259.h5
2025-09-19 07:27:53,843 - INFO - Processing /viper/ptmp/arego/Red_T_7K_1/9538.h5
2025-09-19 07:27:53,937 - INFO - File 13515: Filtered 305685 hits and 5 records
2025-09-19 07:27:54,208 - INFO - Completed /viper/ptmp/arego/Red_T_7K_1_EN_100/15525.h5 in 9.28 seconds
2025-09-19 07:27:54,283 - INFO - Processing /viper/ptmp/arego/Red_T_7K_1/17837.h5
2025-09-19 07:27:54,333 - INFO - Completed /viper/ptmp/arego/Red_T_7K_1_EN_100/20920.h5 in 8.64 seconds
2025-09-19 07:27:54,408 - INFO - File 21259: Filtered 1077345 hits and 5 records
2025-09-19 07:27:54,415 - INFO - Processing /viper/ptmp/arego/Red_T_7K_1/18480.h5
2025-09-19 07:27:54,532 - INFO - File 9538: Filtered 929361 hits and 6 records
2025-09-19 07:27:54,567 - INFO - Completed /viper/ptmp/arego/Red_T_7K_1_EN_100/15454.h5 in 8.81 seconds
2025-09-19 07:27:54,681 - INFO - Processing /viper/ptmp/arego/Red_T_7K_1/7686.h5
2025-09-19 07:27:55,017 - INFO - Completed /viper/ptmp/arego/Red_T_7K_1_EN_100/8222.h5 in 5.57 seconds
2025-09-19 07:27:55,097 - INFO - Processing /viper/ptmp/arego/Red_T_7K_1/16603.h5
2025-09-19 07:27:55,101 - INFO - File 18480: Filtered 2051394 hits and 5 records
2025-09-19 07:27:55,303 - INFO - File 17837: Filtered 402771 hits and 5 records
2025-09-19 07:27:55,431 - INFO - File 7686: Filtered 1367189 hits and 6 records
2025-09-19 07:27:55,477 - INFO - Completed /viper/ptmp/arego/Red_T_7K_1_EN_100/297.h5 in 8.17 seconds
2025-09-19 07:27:55,556 - INFO - Processing /viper/ptmp/arego/Red_T_7K_1/15477.h5
2025-09-19 07:27:55,661 - INFO - Completed /viper/ptmp/arego/Red_T_7K_1_EN_100/10831.h5 in 7.29 seconds
2025-09-19 07:27:55,789 - INFO - File 16603: Filtered 1420847 hits and 7 records
2025-09-19 07:27:55,849 - INFO - Processing /viper/ptmp/arego/Red_T_7K_1/10679.h5
2025-09-19 07:27:56,271 - INFO - File 15477: Filtered 1049349 hits and 5 records
2025-09-19 07:27:56,656 - INFO - File 10679: Filtered 115308 hits and 2 records
2025-09-19 07:27:56,969 - INFO - Completed /viper/ptmp/arego/Red_T_7K_1_EN_100/14359.h5 in 6.94 seconds
2025-09-19 07:27:57,090 - INFO - Completed /viper/ptmp/arego/Red_T_7K_1_EN_100/10297.h5 in 8.60 seconds
2025-09-19 07:27:57,168 - INFO - Processing /viper/ptmp/arego/Red_T_7K_1/6064.h5
2025-09-19 07:27:57,258 - INFO - Processing /viper/ptmp/arego/Red_T_7K_1/21865.h5
2025-09-19 07:27:57,777 - INFO - Completed /viper/ptmp/arego/Red_T_7K_1_EN_100/6619.h5 in 7.21 seconds
2025-09-19 07:27:57,849 - INFO - Processing /viper/ptmp/arego/Red_T_7K_1/1666.h5
2025-09-19 07:27:57,862 - INFO - File 6064: Filtered 475772 hits and 4 records
2025-09-19 07:27:58,037 - INFO - File 21865: Filtered 1099120 hits and 5 records
2025-09-19 07:27:58,279 - INFO - Completed /viper/ptmp/arego/Red_T_7K_1_EN_100/16503.h5 in 8.03 seconds
2025-09-19 07:27:58,435 - INFO - Processing /viper/ptmp/arego/Red_T_7K_1/1219.h5
2025-09-19 07:27:58,477 - INFO - Completed /viper/ptmp/arego/Red_T_7K_1_EN_100/19970.h5 in 6.68 seconds
2025-09-19 07:27:58,524 - INFO - File 1666: Filtered 1839889 hits and 6 records
2025-09-19 07:27:58,540 - INFO - Completed /viper/ptmp/arego/Red_T_7K_1_EN_100/22666.h5 in 10.93 seconds
2025-09-19 07:27:58,693 - INFO - Processing /viper/ptmp/arego/Red_T_7K_1/12903.h5
2025-09-19 07:27:58,757 - INFO - Processing /viper/ptmp/arego/Red_T_7K_1/1714.h5
2025-09-19 07:27:59,187 - INFO - File 1219: Filtered 1394671 hits and 3 records
2025-09-19 07:27:59,294 - INFO - Completed /viper/ptmp/arego/Red_T_7K_1_EN_100/18480.h5 in 4.88 seconds
2025-09-19 07:27:59,342 - INFO - Processing /viper/ptmp/arego/Red_T_7K_1/16211.h5
2025-09-19 07:27:59,350 - INFO - Completed /viper/ptmp/arego/Red_T_7K_1_EN_100/12024.h5 in 7.98 seconds
2025-09-19 07:27:59,362 - INFO - File 12903: Filtered 477889 hits and 2 records
2025-09-19 07:27:59,470 - INFO - Processing /viper/ptmp/arego/Red_T_7K_1/7399.h5
2025-09-19 07:27:59,527 - INFO - Completed /viper/ptmp/arego/Red_T_7K_1_EN_100/10473.h5 in 6.77 seconds
2025-09-19 07:27:59,539 - INFO - Completed /viper/ptmp/arego/Red_T_7K_1_EN_100/21259.h5 in 5.75 seconds
2025-09-19 07:27:59,574 - INFO - Processing /viper/ptmp/arego/Red_T_7K_1/1925.h5
2025-09-19 07:27:59,650 - INFO - Processing /viper/ptmp/arego/Red_T_7K_1/1151.h5
2025-09-19 07:27:59,772 - INFO - File 1714: Filtered 91560 hits and 2 records
2025-09-19 07:28:00,032 - INFO - File 16211: Filtered 917207 hits and 3 records
2025-09-19 07:28:00,201 - INFO - File 1925: Filtered 2629476 hits and 8 records
2025-09-19 07:28:00,389 - INFO - File 7399: Filtered 1671647 hits and 4 records
2025-09-19 07:28:00,454 - INFO - File 1151: Filtered 1462753 hits and 4 records
2025-09-19 07:28:00,532 - INFO - Completed /viper/ptmp/arego/Red_T_7K_1_EN_100/6432.h5 in 10.27 seconds
2025-09-19 07:28:00,597 - INFO - Processing /viper/ptmp/arego/Red_T_7K_1/13365.h5
2025-09-19 07:28:00,613 - INFO - Completed /viper/ptmp/arego/Red_T_7K_1_EN_100/3574.h5 in 8.33 seconds
2025-09-19 07:28:00,795 - INFO - Processing /viper/ptmp/arego/Red_T_7K_1/16050.h5
2025-09-19 07:28:00,930 - INFO - Completed /viper/ptmp/arego/Red_T_7K_1_EN_100/1925.h5 in 1.36 seconds
2025-09-19 07:28:00,994 - INFO - Processing /viper/ptmp/arego/Red_T_7K_1/9751.h5
2025-09-19 07:28:01,132 - INFO - Completed /viper/ptmp/arego/Red_T_7K_1_EN_100/17971.h5 in 9.53 seconds
2025-09-19 07:28:01,210 - INFO - Processing /viper/ptmp/arego/Red_T_7K_1/8122.h5
2025-09-19 07:28:01,255 - INFO - File 13365: Filtered 1203042 hits and 4 records
2025-09-19 07:28:01,533 - INFO - File 16050: Filtered 1110597 hits and 5 records
2025-09-19 07:28:01,741 - INFO - File 8122: Filtered 815538 hits and 5 records
2025-09-19 07:28:01,751 - INFO - File 9751: Filtered 1696738 hits and 3 records
2025-09-19 07:28:01,883 - INFO - Completed /viper/ptmp/arego/Red_T_7K_1_EN_100/9538.h5 in 8.04 seconds
2025-09-19 07:28:01,983 - INFO - Completed /viper/ptmp/arego/Red_T_7K_1_EN_100/16603.h5 in 6.89 seconds
2025-09-19 07:28:02,035 - INFO - Processing /viper/ptmp/arego/Red_T_7K_1/7397.h5
2025-09-19 07:28:02,055 - INFO - Processing /viper/ptmp/arego/Red_T_7K_1/3845.h5
2025-09-19 07:28:02,113 - INFO - Completed /viper/ptmp/arego/Red_T_7K_1_EN_100/22924.h5 in 12.21 seconds
2025-09-19 07:28:02,223 - INFO - Completed /viper/ptmp/arego/Red_T_7K_1_EN_100/1666.h5 in 4.37 seconds
2025-09-19 07:28:02,265 - INFO - Processing /viper/ptmp/arego/Red_T_7K_1/15294.h5
2025-09-19 07:28:02,336 - INFO - Processing /viper/ptmp/arego/Red_T_7K_1/22608.h5
2025-09-19 07:28:02,436 - INFO - Completed /viper/ptmp/arego/Red_T_7K_1_EN_100/16748.h5 in 22.99 seconds
2025-09-19 07:28:02,503 - INFO - Processing /viper/ptmp/arego/Red_T_7K_1/16236.h5
2025-09-19 07:28:02,826 - INFO - File 7397: Filtered 2533278 hits and 9 records
2025-09-19 07:28:02,879 - INFO - File 15294: Filtered 751370 hits and 4 records
2025-09-19 07:28:03,184 - INFO - File 22608: Filtered 1020364 hits and 4 records
2025-09-19 07:28:03,208 - INFO - File 3845: Filtered 224374 hits and 3 records
2025-09-19 07:28:03,213 - INFO - File 16236: Filtered 686811 hits and 4 records
2025-09-19 07:28:03,460 - INFO - Completed /viper/ptmp/arego/Red_T_7K_1_EN_100/7686.h5 in 8.78 seconds
2025-09-19 07:28:03,662 - INFO - Completed /viper/ptmp/arego/Red_T_7K_1_EN_100/11631.h5 in 13.45 seconds
2025-09-19 07:28:03,665 - INFO - Processing /viper/ptmp/arego/Red_T_7K_1/22476.h5
2025-09-19 07:28:03,704 - INFO - Completed /viper/ptmp/arego/Red_T_7K_1_EN_100/13515.h5 in 10.54 seconds
2025-09-19 07:28:03,742 - INFO - Processing /viper/ptmp/arego/Red_T_7K_1/13003.h5
2025-09-19 07:28:03,877 - INFO - Processing /viper/ptmp/arego/Red_T_7K_1/19284.h5
2025-09-19 07:28:04,480 - INFO - File 13003: Filtered 549435 hits and 3 records
2025-09-19 07:28:04,491 - INFO - Completed /viper/ptmp/arego/Red_T_7K_1_EN_100/15477.h5 in 8.93 seconds
2025-09-19 07:28:04,531 - INFO - Processing /viper/ptmp/arego/Red_T_7K_1/188.h5
2025-09-19 07:28:04,534 - INFO - File 22476: Filtered 1009734 hits and 6 records
2025-09-19 07:28:04,763 - INFO - File 19284: Filtered 114598 hits and 3 records
2025-09-19 07:28:04,905 - INFO - Completed /viper/ptmp/arego/Red_T_7K_1_EN_100/15730.h5 in 12.26 seconds
2025-09-19 07:28:05,018 - INFO - Processing /viper/ptmp/arego/Red_T_7K_1/16492.h5
2025-09-19 07:28:05,132 - INFO - Completed /viper/ptmp/arego/Red_T_7K_1_EN_100/13365.h5 in 4.53 seconds
2025-09-19 07:28:05,206 - INFO - Processing /viper/ptmp/arego/Red_T_7K_1/20321.h5
2025-09-19 07:28:05,209 - INFO - File 188: Filtered 637861 hits and 5 records
2025-09-19 07:28:05,413 - INFO - Completed /viper/ptmp/arego/Red_T_7K_1_EN_100/9751.h5 in 4.42 seconds
2025-09-19 07:28:05,486 - INFO - Processing /viper/ptmp/arego/Red_T_7K_1/462.h5
2025-09-19 07:28:05,786 - INFO - File 16492: Filtered 793887 hits and 4 records
2025-09-19 07:28:05,860 - INFO - File 20321: Filtered 2182701 hits and 6 records
2025-09-19 07:28:06,197 - INFO - File 462: Filtered 1535020 hits and 7 records
2025-09-19 07:28:06,663 - INFO - Completed /viper/ptmp/arego/Red_T_7K_1_EN_100/6064.h5 in 9.50 seconds
2025-09-19 07:28:06,710 - INFO - Completed /viper/ptmp/arego/Red_T_7K_1_EN_100/1151.h5 in 7.06 seconds
2025-09-19 07:28:06,781 - INFO - Processing /viper/ptmp/arego/Red_T_7K_1/9875.h5
2025-09-19 07:28:06,785 - INFO - Processing /viper/ptmp/arego/Red_T_7K_1/1895.h5
2025-09-19 07:28:07,104 - INFO - Completed /viper/ptmp/arego/Red_T_7K_1_EN_100/1219.h5 in 8.67 seconds
2025-09-19 07:28:07,182 - INFO - Completed /viper/ptmp/arego/Red_T_7K_1_EN_100/7397.h5 in 5.15 seconds
2025-09-19 07:28:07,233 - INFO - Processing /viper/ptmp/arego/Red_T_7K_1/21986.h5
2025-09-19 07:28:07,516 - INFO - File 9875: Filtered 1617136 hits and 5 records
2025-09-19 07:28:07,528 - INFO - Processing /viper/ptmp/arego/Red_T_7K_1/11330.h5
2025-09-19 07:28:07,602 - INFO - File 1895: Filtered 1279352 hits and 4 records
2025-09-19 07:28:07,703 - INFO - Completed /viper/ptmp/arego/Red_T_7K_1_EN_100/8122.h5 in 6.49 seconds
2025-09-19 07:28:07,782 - INFO - Processing /viper/ptmp/arego/Red_T_7K_1/5569.h5
2025-09-19 07:28:07,872 - INFO - Completed /viper/ptmp/arego/Red_T_7K_1_EN_100/21865.h5 in 10.61 seconds
2025-09-19 07:28:07,993 - INFO - Processing /viper/ptmp/arego/Red_T_7K_1/14004.h5
2025-09-19 07:28:08,091 - INFO - File 21986: Filtered 2009018 hits and 5 records
2025-09-19 07:28:08,227 - INFO - Completed /viper/ptmp/arego/Red_T_7K_1_EN_100/7399.h5 in 8.76 seconds
2025-09-19 07:28:08,232 - INFO - Completed /viper/ptmp/arego/Red_T_7K_1_EN_100/16211.h5 in 8.89 seconds
2025-09-19 07:28:08,320 - INFO - Processing /viper/ptmp/arego/Red_T_7K_1/13325.h5
2025-09-19 07:28:08,345 - INFO - Processing /viper/ptmp/arego/Red_T_7K_1/21449.h5
2025-09-19 07:28:08,456 - INFO - File 11330: Filtered 1680718 hits and 6 records
2025-09-19 07:28:08,484 - INFO - File 5569: Filtered 1801966 hits and 5 records
2025-09-19 07:28:08,635 - INFO - Completed /viper/ptmp/arego/Red_T_7K_1_EN_100/10679.h5 in 12.79 seconds
2025-09-19 07:28:08,717 - INFO - Processing /viper/ptmp/arego/Red_T_7K_1/3167.h5
2025-09-19 07:28:08,914 - INFO - File 14004: Filtered 1590299 hits and 7 records
2025-09-19 07:28:09,060 - INFO - File 13325: Filtered 2219702 hits and 6 records
2025-09-19 07:28:09,231 - INFO - File 21449: Filtered 1756551 hits and 8 records
2025-09-19 07:28:09,350 - INFO - Completed /viper/ptmp/arego/Red_T_7K_1_EN_100/16050.h5 in 8.56 seconds
2025-09-19 07:28:09,425 - INFO - Processing /viper/ptmp/arego/Red_T_7K_1/15615.h5
2025-09-19 07:28:09,532 - INFO - File 3167: Filtered 1671922 hits and 5 records
2025-09-19 07:28:09,626 - INFO - Completed /viper/ptmp/arego/Red_T_7K_1_EN_100/20321.h5 in 4.42 seconds
2025-09-19 07:28:09,693 - INFO - Processing /viper/ptmp/arego/Red_T_7K_1/17639.h5
2025-09-19 07:28:09,738 - INFO - Completed /viper/ptmp/arego/Red_T_7K_1_EN_100/12903.h5 in 11.05 seconds
2025-09-19 07:28:09,945 - INFO - Processing /viper/ptmp/arego/Red_T_7K_1/7865.h5
2025-09-19 07:28:10,130 - INFO - File 15615: Filtered 1990694 hits and 7 records
2025-09-19 07:28:10,423 - INFO - Completed /viper/ptmp/arego/Red_T_7K_1_EN_100/15294.h5 in 8.16 seconds
2025-09-19 07:28:10,486 - INFO - Processing /viper/ptmp/arego/Red_T_7K_1/8577.h5
2025-09-19 07:28:10,778 - INFO - File 7865: Filtered 1023602 hits and 3 records
2025-09-19 07:28:11,086 - INFO - File 17639: Filtered 715989 hits and 4 records
2025-09-19 07:28:11,240 - INFO - File 8577: Filtered 914288 hits and 4 records
2025-09-19 07:28:11,620 - INFO - Completed /viper/ptmp/arego/Red_T_7K_1_EN_100/16236.h5 in 9.12 seconds
2025-09-19 07:28:11,696 - INFO - Processing /viper/ptmp/arego/Red_T_7K_1/16313.h5
2025-09-19 07:28:12,084 - INFO - Completed /viper/ptmp/arego/Red_T_7K_1_EN_100/17837.h5 in 17.80 seconds
2025-09-19 07:28:12,121 - INFO - Processing /viper/ptmp/arego/Red_T_7K_1/14738.h5
2025-09-19 07:28:12,371 - INFO - Completed /viper/ptmp/arego/Red_T_7K_1_EN_100/462.h5 in 6.88 seconds
2025-09-19 07:28:12,420 - INFO - File 16313: Filtered 732832 hits and 5 records
2025-09-19 07:28:12,451 - INFO - Processing /viper/ptmp/arego/Red_T_7K_1/15413.h5
2025-09-19 07:28:12,765 - INFO - Completed /viper/ptmp/arego/Red_T_7K_1_EN_100/13325.h5 in 4.44 seconds
2025-09-19 07:28:12,798 - INFO - Completed /viper/ptmp/arego/Red_T_7K_1_EN_100/1714.h5 in 14.04 seconds
2025-09-19 07:28:12,833 - INFO - Processing /viper/ptmp/arego/Red_T_7K_1/7495.h5
2025-09-19 07:28:12,844 - INFO - Processing /viper/ptmp/arego/Red_T_7K_1/14163.h5
2025-09-19 07:28:12,906 - INFO - File 14738: Filtered 1436441 hits and 5 records
2025-09-19 07:28:13,270 - INFO - File 15413: Filtered 910834 hits and 4 records
2025-09-19 07:28:13,439 - INFO - Completed /viper/ptmp/arego/Red_T_7K_1_EN_100/5569.h5 in 5.66 seconds
2025-09-19 07:28:13,512 - INFO - Processing /viper/ptmp/arego/Red_T_7K_1/10778.h5
2025-09-19 07:28:13,624 - INFO - File 7495: Filtered 1430400 hits and 3 records
2025-09-19 07:28:13,729 - INFO - Completed /viper/ptmp/arego/Red_T_7K_1_EN_100/22608.h5 in 11.39 seconds
2025-09-19 07:28:13,759 - INFO - File 14163: Filtered 1432460 hits and 5 records
2025-09-19 07:28:13,858 - INFO - Processing /viper/ptmp/arego/Red_T_7K_1/17019.h5
2025-09-19 07:28:13,917 - INFO - Completed /viper/ptmp/arego/Red_T_7K_1_EN_100/15615.h5 in 4.49 seconds
2025-09-19 07:28:13,981 - INFO - Processing /viper/ptmp/arego/Red_T_7K_1/7844.h5
2025-09-19 07:28:14,250 - INFO - Completed /viper/ptmp/arego/Red_T_7K_1_EN_100/9875.h5 in 7.47 seconds
2025-09-19 07:28:14,321 - INFO - Processing /viper/ptmp/arego/Red_T_7K_1/13048.h5
2025-09-19 07:28:14,336 - INFO - Completed /viper/ptmp/arego/Red_T_7K_1_EN_100/13003.h5 in 10.59 seconds
2025-09-19 07:28:14,396 - INFO - File 10778: Filtered 568847 hits and 5 records
2025-09-19 07:28:14,537 - INFO - Completed /viper/ptmp/arego/Red_T_7K_1_EN_100/21986.h5 in 7.30 seconds
2025-09-19 07:28:14,603 - INFO - Processing /viper/ptmp/arego/Red_T_7K_1/6373.h5
2025-09-19 07:28:14,682 - INFO - Processing /viper/ptmp/arego/Red_T_7K_1/22284.h5
2025-09-19 07:28:14,716 - INFO - Completed /viper/ptmp/arego/Red_T_7K_1_EN_100/188.h5 in 10.19 seconds
2025-09-19 07:28:14,754 - INFO - Completed /viper/ptmp/arego/Red_T_7K_1_EN_100/16492.h5 in 9.74 seconds
2025-09-19 07:28:14,784 - INFO - File 17019: Filtered 854685 hits and 5 records
2025-09-19 07:28:14,788 - INFO - File 7844: Filtered 1474180 hits and 6 records
2025-09-19 07:28:14,916 - INFO - Processing /viper/ptmp/arego/Red_T_7K_1/13401.h5
2025-09-19 07:28:15,108 - INFO - File 13048: Filtered 2813820 hits and 7 records
2025-09-19 07:28:15,168 - INFO - Processing /viper/ptmp/arego/Red_T_7K_1/15692.h5
2025-09-19 07:28:15,316 - INFO - Completed /viper/ptmp/arego/Red_T_7K_1_EN_100/19284.h5 in 11.44 seconds
2025-09-19 07:28:15,361 - INFO - Processing /viper/ptmp/arego/Red_T_7K_1/6455.h5
2025-09-19 07:28:15,789 - INFO - File 13401: Filtered 1024688 hits and 6 records
2025-09-19 07:28:16,276 - INFO - File 15692: Filtered 981048 hits and 7 records
2025-09-19 07:28:16,296 - INFO - File 6455: Filtered 1183035 hits and 7 records
2025-09-19 07:28:16,333 - INFO - File 22284: Filtered 330933 hits and 4 records
2025-09-19 07:28:16,523 - INFO - Completed /viper/ptmp/arego/Red_T_7K_1_EN_100/3167.h5 in 7.81 seconds
2025-09-19 07:28:16,569 - INFO - Completed /viper/ptmp/arego/Red_T_7K_1_EN_100/22476.h5 in 12.90 seconds
2025-09-19 07:28:16,570 - INFO - Processing /viper/ptmp/arego/Red_T_7K_1/259.h5
2025-09-19 07:28:16,669 - INFO - Completed /viper/ptmp/arego/Red_T_7K_1_EN_100/11330.h5 in 9.14 seconds
2025-09-19 07:28:16,683 - INFO - File 6373: Filtered 57440 hits and 1 records
2025-09-19 07:28:16,690 - INFO - Processing /viper/ptmp/arego/Red_T_7K_1/4178.h5
2025-09-19 07:28:16,936 - INFO - Processing /viper/ptmp/arego/Red_T_7K_1/1500.h5
2025-09-19 07:28:17,334 - INFO - Completed /viper/ptmp/arego/Red_T_7K_1_EN_100/1895.h5 in 10.55 seconds
2025-09-19 07:28:17,447 - INFO - File 259: Filtered 1086231 hits and 3 records
2025-09-19 07:28:17,454 - INFO - Completed /viper/ptmp/arego/Red_T_7K_1_EN_100/21449.h5 in 9.11 seconds
2025-09-19 07:28:17,473 - INFO - Processing /viper/ptmp/arego/Red_T_7K_1/5184.h5
2025-09-19 07:28:17,552 - INFO - File 4178: Filtered 1483005 hits and 5 records
2025-09-19 07:28:17,622 - INFO - Processing /viper/ptmp/arego/Red_T_7K_1/19399.h5
2025-09-19 07:28:17,907 - INFO - File 1500: Filtered 1864585 hits and 5 records
2025-09-19 07:28:18,309 - INFO - File 5184: Filtered 1672933 hits and 5 records
2025-09-19 07:28:18,489 - INFO - File 19399: Filtered 2232842 hits and 6 records
2025-09-19 07:28:18,693 - INFO - Completed /viper/ptmp/arego/Red_T_7K_1_EN_100/13048.h5 in 4.37 seconds
2025-09-19 07:28:18,757 - INFO - Processing /viper/ptmp/arego/Red_T_7K_1/3861.h5
2025-09-19 07:28:19,169 - INFO - Completed /viper/ptmp/arego/Red_T_7K_1_EN_100/8577.h5 in 8.68 seconds
2025-09-19 07:28:19,242 - INFO - Processing /viper/ptmp/arego/Red_T_7K_1/6199.h5
2025-09-19 07:28:19,537 - INFO - Completed /viper/ptmp/arego/Red_T_7K_1_EN_100/14004.h5 in 11.54 seconds
2025-09-19 07:28:19,587 - INFO - File 3861: Filtered 1346181 hits and 5 records
2025-09-19 07:28:19,656 - INFO - Processing /viper/ptmp/arego/Red_T_7K_1/15114.h5
2025-09-19 07:28:19,873 - INFO - Completed /viper/ptmp/arego/Red_T_7K_1_EN_100/14163.h5 in 7.03 seconds
2025-09-19 07:28:19,938 - INFO - Processing /viper/ptmp/arego/Red_T_7K_1/17720.h5
2025-09-19 07:28:20,062 - INFO - File 6199: Filtered 1448121 hits and 6 records
2025-09-19 07:28:20,153 - INFO - Completed /viper/ptmp/arego/Red_T_7K_1_EN_100/7495.h5 in 7.32 seconds
2025-09-19 07:28:20,218 - INFO - Processing /viper/ptmp/arego/Red_T_7K_1/467.h5
2025-09-19 07:28:20,633 - INFO - Completed /viper/ptmp/arego/Red_T_7K_1_EN_100/14738.h5 in 8.51 seconds
2025-09-19 07:28:20,700 - INFO - Processing /viper/ptmp/arego/Red_T_7K_1/13917.h5
2025-09-19 07:28:20,980 - INFO - File 467: Filtered 2345717 hits and 6 records
2025-09-19 07:28:20,988 - INFO - File 17720: Filtered 1137707 hits and 3 records
2025-09-19 07:28:21,121 - INFO - File 15114: Filtered 505572 hits and 3 records
2025-09-19 07:28:21,506 - INFO - File 13917: Filtered 1089187 hits and 3 records
2025-09-19 07:28:21,778 - INFO - Completed /viper/ptmp/arego/Red_T_7K_1_EN_100/15413.h5 in 9.33 seconds
2025-09-19 07:28:21,852 - INFO - Processing /viper/ptmp/arego/Red_T_7K_1/4640.h5
2025-09-19 07:28:21,923 - INFO - Completed /viper/ptmp/arego/Red_T_7K_1_EN_100/7865.h5 in 11.98 seconds
2025-09-19 07:28:22,067 - INFO - Processing /viper/ptmp/arego/Red_T_7K_1/3169.h5
2025-09-19 07:28:22,089 - INFO - Completed /viper/ptmp/arego/Red_T_7K_1_EN_100/16313.h5 in 10.39 seconds
2025-09-19 07:28:22,228 - INFO - Processing /viper/ptmp/arego/Red_T_7K_1/21660.h5
2025-09-19 07:28:22,684 - INFO - File 4640: Filtered 2885447 hits and 5 records
2025-09-19 07:28:22,785 - INFO - Completed /viper/ptmp/arego/Red_T_7K_1_EN_100/3845.h5 in 20.73 seconds
2025-09-19 07:28:22,845 - INFO - Processing /viper/ptmp/arego/Red_T_7K_1/20429.h5
2025-09-19 07:28:22,964 - INFO - File 3169: Filtered 1944080 hits and 5 records
2025-09-19 07:28:23,063 - INFO - Completed /viper/ptmp/arego/Red_T_7K_1_EN_100/7844.h5 in 9.08 seconds
2025-09-19 07:28:23,117 - INFO - File 21660: Filtered 1453733 hits and 6 records
2025-09-19 07:28:23,149 - INFO - Processing /viper/ptmp/arego/Red_T_7K_1/11916.h5
2025-09-19 07:28:23,299 - INFO - Completed /viper/ptmp/arego/Red_T_7K_1_EN_100/6455.h5 in 7.94 seconds
2025-09-19 07:28:23,369 - INFO - Processing /viper/ptmp/arego/Red_T_7K_1/15221.h5
2025-09-19 07:28:23,678 - INFO - File 20429: Filtered 2334795 hits and 6 records
2025-09-19 07:28:24,007 - INFO - File 11916: Filtered 2960658 hits and 5 records
2025-09-19 07:28:24,299 - INFO - File 15221: Filtered 2271343 hits and 8 records
2025-09-19 07:28:24,896 - INFO - Completed /viper/ptmp/arego/Red_T_7K_1_EN_100/19399.h5 in 7.27 seconds
2025-09-19 07:28:25,030 - INFO - Processing /viper/ptmp/arego/Red_T_7K_1/7655.h5
2025-09-19 07:28:25,179 - INFO - Completed /viper/ptmp/arego/Red_T_7K_1_EN_100/4178.h5 in 8.49 seconds
2025-09-19 07:28:25,356 - INFO - Processing /viper/ptmp/arego/Red_T_7K_1/23142.h5
2025-09-19 07:28:25,429 - INFO - Completed /viper/ptmp/arego/Red_T_7K_1_EN_100/17019.h5 in 11.57 seconds
2025-09-19 07:28:25,630 - INFO - Processing /viper/ptmp/arego/Red_T_7K_1/9054.h5
2025-09-19 07:28:25,795 - INFO - Completed /viper/ptmp/arego/Red_T_7K_1_EN_100/467.h5 in 5.58 seconds
2025-09-19 07:28:25,828 - INFO - Completed /viper/ptmp/arego/Red_T_7K_1_EN_100/13401.h5 in 10.91 seconds
2025-09-19 07:28:25,864 - INFO - Processing /viper/ptmp/arego/Red_T_7K_1/18853.h5
2025-09-19 07:28:26,098 - INFO - File 7655: Filtered 1844249 hits and 6 records
2025-09-19 07:28:26,106 - INFO - Processing /viper/ptmp/arego/Red_T_7K_1/2198.h5
2025-09-19 07:28:26,216 - INFO - Completed /viper/ptmp/arego/Red_T_7K_1_EN_100/10778.h5 in 12.70 seconds
2025-09-19 07:28:26,282 - INFO - Processing /viper/ptmp/arego/Red_T_7K_1/1133.h5
2025-09-19 07:28:26,442 - INFO - File 23142: Filtered 1139502 hits and 3 records
2025-09-19 07:28:26,799 - INFO - File 18853: Filtered 1046289 hits and 3 records
2025-09-19 07:28:26,802 - INFO - File 9054: Filtered 1821818 hits and 5 records
2025-09-19 07:28:26,847 - INFO - Completed /viper/ptmp/arego/Red_T_7K_1_EN_100/4640.h5 in 4.99 seconds
2025-09-19 07:28:26,926 - INFO - Processing /viper/ptmp/arego/Red_T_7K_1/2811.h5
2025-09-19 07:28:26,960 - INFO - Completed /viper/ptmp/arego/Red_T_7K_1_EN_100/1500.h5 in 10.02 seconds
2025-09-19 07:28:26,974 - INFO - Completed /viper/ptmp/arego/Red_T_7K_1_EN_100/5184.h5 in 9.50 seconds
2025-09-19 07:28:27,109 - INFO - Processing /viper/ptmp/arego/Red_T_7K_1/9195.h5
2025-09-19 07:28:27,161 - INFO - File 2198: Filtered 1495587 hits and 7 records
2025-09-19 07:28:27,213 - INFO - Processing /viper/ptmp/arego/Red_T_7K_1/1874.h5
2025-09-19 07:28:27,315 - INFO - File 1133: Filtered 1675936 hits and 5 records
2025-09-19 07:28:27,555 - INFO - Completed /viper/ptmp/arego/Red_T_7K_1_EN_100/11916.h5 in 4.41 seconds
2025-09-19 07:28:27,594 - INFO - Processing /viper/ptmp/arego/Red_T_7K_1/15936.h5
2025-09-19 07:28:27,617 - INFO - Completed /viper/ptmp/arego/Red_T_7K_1_EN_100/15692.h5 in 12.45 seconds
2025-09-19 07:28:27,693 - INFO - Processing /viper/ptmp/arego/Red_T_7K_1/20797.h5
2025-09-19 07:28:27,731 - INFO - File 2811: Filtered 440003 hits and 4 records
2025-09-19 07:28:27,837 - INFO - Completed /viper/ptmp/arego/Red_T_7K_1_EN_100/259.h5 in 11.27 seconds
2025-09-19 07:28:27,902 - INFO - Processing /viper/ptmp/arego/Red_T_7K_1/8065.h5
2025-09-19 07:28:28,007 - INFO - File 9195: Filtered 1317779 hits and 4 records
2025-09-19 07:28:28,236 - INFO - File 1874: Filtered 880177 hits and 3 records
2025-09-19 07:28:28,554 - INFO - Completed /viper/ptmp/arego/Red_T_7K_1_EN_100/3861.h5 in 9.80 seconds
2025-09-19 07:28:28,557 - INFO - File 20797: Filtered 843672 hits and 4 records
2025-09-19 07:28:28,628 - INFO - Processing /viper/ptmp/arego/Red_T_7K_1/745.h5
2025-09-19 07:28:28,877 - INFO - File 15936: Filtered 44795 hits and 1 records
2025-09-19 07:28:29,214 - INFO - Completed /viper/ptmp/arego/Red_T_7K_1_EN_100/17720.h5 in 9.28 seconds
2025-09-19 07:28:29,283 - INFO - Processing /viper/ptmp/arego/Red_T_7K_1/23365.h5
2025-09-19 07:28:29,576 - INFO - File 745: Filtered 2703343 hits and 7 records
2025-09-19 07:28:29,719 - INFO - File 8065: Filtered 448524 hits and 6 records
2025-09-19 07:28:29,720 - INFO - Completed /viper/ptmp/arego/Red_T_7K_1_EN_100/6199.h5 in 10.48 seconds
2025-09-19 07:28:29,788 - INFO - Processing /viper/ptmp/arego/Red_T_7K_1/7497.h5
2025-09-19 07:28:30,018 - INFO - Completed /viper/ptmp/arego/Red_T_7K_1_EN_100/20429.h5 in 7.17 seconds
2025-09-19 07:28:30,068 - INFO - Completed /viper/ptmp/arego/Red_T_7K_1_EN_100/15221.h5 in 6.70 seconds
2025-09-19 07:28:30,092 - INFO - Processing /viper/ptmp/arego/Red_T_7K_1/6816.h5
2025-09-19 07:28:30,138 - INFO - Processing /viper/ptmp/arego/Red_T_7K_1/15572.h5
2025-09-19 07:28:30,899 - INFO - File 6816: Filtered 721681 hits and 3 records
2025-09-19 07:28:30,905 - INFO - Completed /viper/ptmp/arego/Red_T_7K_1_EN_100/21660.h5 in 8.68 seconds
2025-09-19 07:28:30,954 - INFO - Processing /viper/ptmp/arego/Red_T_7K_1/12999.h5
2025-09-19 07:28:31,234 - INFO - File 15572: Filtered 508356 hits and 5 records
2025-09-19 07:28:31,312 - INFO - File 7497: Filtered 248417 hits and 3 records
2025-09-19 07:28:31,426 - INFO - File 23365: Filtered 66077 hits and 1 records
2025-09-19 07:28:31,567 - INFO - Completed /viper/ptmp/arego/Red_T_7K_1_EN_100/3169.h5 in 9.50 seconds
2025-09-19 07:28:31,702 - INFO - Processing /viper/ptmp/arego/Red_T_7K_1/10263.h5
2025-09-19 07:28:31,953 - INFO - File 12999: Filtered 2925340 hits and 6 records
2025-09-19 07:28:32,456 - INFO - Completed /viper/ptmp/arego/Red_T_7K_1_EN_100/13917.h5 in 11.76 seconds
2025-09-19 07:28:32,529 - INFO - Processing /viper/ptmp/arego/Red_T_7K_1/11928.h5
2025-09-19 07:28:32,836 - INFO - File 10263: Filtered 1902705 hits and 7 records
2025-09-19 07:28:33,272 - INFO - Completed /viper/ptmp/arego/Red_T_7K_1_EN_100/17639.h5 in 23.58 seconds
2025-09-19 07:28:33,355 - INFO - Processing /viper/ptmp/arego/Red_T_7K_1/378.h5
2025-09-19 07:28:33,397 - INFO - File 11928: Filtered 1994336 hits and 5 records
2025-09-19 07:28:34,351 - INFO - File 378: Filtered 1086363 hits and 4 records
2025-09-19 07:28:34,603 - INFO - Completed /viper/ptmp/arego/Red_T_7K_1_EN_100/745.h5 in 5.97 seconds
2025-09-19 07:28:34,619 - INFO - Completed /viper/ptmp/arego/Red_T_7K_1_EN_100/1133.h5 in 8.34 seconds
2025-09-19 07:28:34,672 - INFO - Processing /viper/ptmp/arego/Red_T_7K_1/20825.h5
2025-09-19 07:28:34,916 - INFO - Processing /viper/ptmp/arego/Red_T_7K_1/12680.h5
2025-09-19 07:28:34,958 - INFO - Completed /viper/ptmp/arego/Red_T_7K_1_EN_100/7655.h5 in 9.93 seconds
2025-09-19 07:28:35,081 - INFO - Processing /viper/ptmp/arego/Red_T_7K_1/13613.h5
2025-09-19 07:28:35,275 - INFO - Completed /viper/ptmp/arego/Red_T_7K_1_EN_100/18853.h5 in 9.41 seconds
2025-09-19 07:28:35,370 - INFO - Processing /viper/ptmp/arego/Red_T_7K_1/7491.h5
2025-09-19 07:28:35,572 - INFO - File 20825: Filtered 1964798 hits and 4 records
2025-09-19 07:28:35,754 - INFO - Completed /viper/ptmp/arego/Red_T_7K_1_EN_100/12999.h5 in 4.80 seconds
2025-09-19 07:28:35,818 - INFO - Processing /viper/ptmp/arego/Red_T_7K_1/23388.h5
2025-09-19 07:28:35,957 - INFO - File 12680: Filtered 1529454 hits and 5 records
2025-09-19 07:28:36,180 - INFO - File 13613: Filtered 2899381 hits and 8 records
2025-09-19 07:28:36,731 - INFO - File 23388: Filtered 2460531 hits and 6 records
2025-09-19 07:28:36,874 - INFO - Completed /viper/ptmp/arego/Red_T_7K_1_EN_100/2198.h5 in 10.77 seconds
2025-09-19 07:28:36,946 - INFO - Processing /viper/ptmp/arego/Red_T_7K_1/9476.h5
2025-09-19 07:28:37,018 - INFO - File 7491: Filtered 37920 hits and 1 records
2025-09-19 07:28:37,445 - INFO - Completed /viper/ptmp/arego/Red_T_7K_1_EN_100/9054.h5 in 11.82 seconds
2025-09-19 07:28:37,572 - INFO - Processing /viper/ptmp/arego/Red_T_7K_1/13357.h5
2025-09-19 07:28:38,355 - INFO - Completed /viper/ptmp/arego/Red_T_7K_1_EN_100/2811.h5 in 11.43 seconds
2025-09-19 07:28:38,426 - INFO - Processing /viper/ptmp/arego/Red_T_7K_1/9265.h5
2025-09-19 07:28:38,626 - INFO - File 9476: Filtered 1691916 hits and 7 records
2025-09-19 07:28:38,675 - INFO - File 13357: Filtered 809720 hits and 5 records
2025-09-19 07:28:38,778 - INFO - Completed /viper/ptmp/arego/Red_T_7K_1_EN_100/1874.h5 in 11.56 seconds
2025-09-19 07:28:38,952 - INFO - Processing /viper/ptmp/arego/Red_T_7K_1/5707.h5
2025-09-19 07:28:39,581 - INFO - File 9265: Filtered 392147 hits and 3 records
2025-09-19 07:28:39,606 - INFO - Completed /viper/ptmp/arego/Red_T_7K_1_EN_100/23142.h5 in 14.25 seconds
2025-09-19 07:28:39,686 - INFO - Processing /viper/ptmp/arego/Red_T_7K_1/17589.h5
2025-09-19 07:28:39,993 - INFO - File 5707: Filtered 1472490 hits and 4 records
2025-09-19 07:28:40,343 - INFO - Completed /viper/ptmp/arego/Red_T_7K_1_EN_100/20797.h5 in 12.65 seconds
2025-09-19 07:28:40,389 - INFO - Processing /viper/ptmp/arego/Red_T_7K_1/10430.h5
2025-09-19 07:28:40,449 - INFO - Completed /viper/ptmp/arego/Red_T_7K_1_EN_100/9195.h5 in 13.34 seconds
2025-09-19 07:28:40,585 - INFO - Processing /viper/ptmp/arego/Red_T_7K_1/23141.h5
2025-09-19 07:28:40,692 - INFO - File 17589: Filtered 1198980 hits and 4 records
2025-09-19 07:28:41,402 - INFO - File 10430: Filtered 743668 hits and 6 records
2025-09-19 07:28:41,628 - INFO - File 23141: Filtered 2614859 hits and 3 records
2025-09-19 07:28:41,684 - INFO - Completed /viper/ptmp/arego/Red_T_7K_1_EN_100/6816.h5 in 11.59 seconds
2025-09-19 07:28:41,770 - INFO - Processing /viper/ptmp/arego/Red_T_7K_1/8835.h5
2025-09-19 07:28:42,125 - INFO - Completed /viper/ptmp/arego/Red_T_7K_1_EN_100/13613.h5 in 7.04 seconds
2025-09-19 07:28:42,262 - INFO - Processing /viper/ptmp/arego/Red_T_7K_1/4319.h5
2025-09-19 07:28:42,708 - INFO - Completed /viper/ptmp/arego/Red_T_7K_1_EN_100/11928.h5 in 10.18 seconds
2025-09-19 07:28:42,776 - INFO - Processing /viper/ptmp/arego/Red_T_7K_1/1053.h5
2025-09-19 07:28:43,103 - INFO - Completed /viper/ptmp/arego/Red_T_7K_1_EN_100/15572.h5 in 12.96 seconds
2025-09-19 07:28:43,165 - INFO - Processing /viper/ptmp/arego/Red_T_7K_1/11637.h5
2025-09-19 07:28:43,445 - INFO - File 8835: Filtered 283523 hits and 4 records
2025-09-19 07:28:43,749 - INFO - File 1053: Filtered 4418530 hits and 8 records
2025-09-19 07:28:44,068 - INFO - Completed /viper/ptmp/arego/Red_T_7K_1_EN_100/20825.h5 in 9.40 seconds
2025-09-19 07:28:44,152 - INFO - Processing /viper/ptmp/arego/Red_T_7K_1/13447.h5
2025-09-19 07:28:44,260 - INFO - Completed /viper/ptmp/arego/Red_T_7K_1_EN_100/23388.h5 in 8.44 seconds
2025-09-19 07:28:44,329 - INFO - Processing /viper/ptmp/arego/Red_T_7K_1/11971.h5
2025-09-19 07:28:45,193 - INFO - File 13447: Filtered 537251 hits and 2 records
2025-09-19 07:28:45,436 - INFO - File 11637: Filtered 306251 hits and 4 records
2025-09-19 07:28:45,587 - INFO - File 11971: Filtered 271240 hits and 2 records
2025-09-19 07:28:45,613 - INFO - Completed /viper/ptmp/arego/Red_T_7K_1_EN_100/10263.h5 in 13.91 seconds
2025-09-19 07:28:45,665 - INFO - Completed /viper/ptmp/arego/Red_T_7K_1_EN_100/1053.h5 in 2.89 seconds
2025-09-19 07:28:45,699 - INFO - Processing /viper/ptmp/arego/Red_T_7K_1/20116.h5
2025-09-19 07:28:45,936 - INFO - Processing /viper/ptmp/arego/Red_T_7K_1/8174.h5
2025-09-19 07:28:46,130 - INFO - Completed /viper/ptmp/arego/Red_T_7K_1_EN_100/22284.h5 in 31.45 seconds
2025-09-19 07:28:46,244 - INFO - Processing /viper/ptmp/arego/Red_T_7K_1/14513.h5
2025-09-19 07:28:46,271 - INFO - Completed /viper/ptmp/arego/Red_T_7K_1_EN_100/15114.h5 in 26.62 seconds
2025-09-19 07:28:46,663 - INFO - Processing /viper/ptmp/arego/Red_T_7K_1/7362.h5
2025-09-19 07:28:46,823 - INFO - File 20116: Filtered 1980005 hits and 5 records
2025-09-19 07:28:46,951 - INFO - Completed /viper/ptmp/arego/Red_T_7K_1_EN_100/12680.h5 in 12.04 seconds
2025-09-19 07:28:46,977 - INFO - File 8174: Filtered 3272808 hits and 10 records
2025-09-19 07:28:47,014 - INFO - Processing /viper/ptmp/arego/Red_T_7K_1/22831.h5
2025-09-19 07:28:47,314 - INFO - File 14513: Filtered 1915403 hits and 5 records
2025-09-19 07:28:47,794 - INFO - Completed /viper/ptmp/arego/Red_T_7K_1_EN_100/378.h5 in 14.44 seconds
2025-09-19 07:28:47,824 - INFO - File 7362: Filtered 938917 hits and 4 records
2025-09-19 07:28:47,865 - INFO - Processing /viper/ptmp/arego/Red_T_7K_1/733.h5
2025-09-19 07:28:48,021 - INFO - File 4319: Filtered 484695 hits and 5 records
2025-09-19 07:28:48,409 - INFO - Completed /viper/ptmp/arego/Red_T_7K_1_EN_100/6373.h5 in 33.81 seconds
2025-09-19 07:28:48,493 - INFO - Processing /viper/ptmp/arego/Red_T_7K_1/3617.h5
2025-09-19 07:28:48,799 - INFO - File 22831: Filtered 1412354 hits and 5 records
2025-09-19 07:28:48,816 - INFO - File 733: Filtered 1516832 hits and 4 records
2025-09-19 07:28:49,957 - INFO - Completed /viper/ptmp/arego/Red_T_7K_1_EN_100/17589.h5 in 10.27 seconds
2025-09-19 07:28:50,074 - INFO - Processing /viper/ptmp/arego/Red_T_7K_1/6666.h5
2025-09-19 07:28:50,084 - INFO - Completed /viper/ptmp/arego/Red_T_7K_1_EN_100/13357.h5 in 12.51 seconds
2025-09-19 07:28:50,464 - INFO - Processing /viper/ptmp/arego/Red_T_7K_1/23259.h5
2025-09-19 07:28:50,743 - INFO - Completed /viper/ptmp/arego/Red_T_7K_1_EN_100/15936.h5 in 23.15 seconds
2025-09-19 07:28:50,818 - INFO - Processing /viper/ptmp/arego/Red_T_7K_1/4951.h5
2025-09-19 07:28:51,047 - INFO - File 3617: Filtered 101219 hits and 3 records
2025-09-19 07:28:51,129 - INFO - File 6666: Filtered 1702709 hits and 5 records
2025-09-19 07:28:51,719 - INFO - File 23259: Filtered 1898921 hits and 8 records
2025-09-19 07:28:51,801 - INFO - File 4951: Filtered 3199500 hits and 6 records
2025-09-19 07:28:52,574 - INFO - Completed /viper/ptmp/arego/Red_T_7K_1_EN_100/23141.h5 in 11.99 seconds
2025-09-19 07:28:52,654 - INFO - Processing /viper/ptmp/arego/Red_T_7K_1/13651.h5
2025-09-19 07:28:53,772 - INFO - File 13651: Filtered 3532669 hits and 9 records
2025-09-19 07:28:54,571 - INFO - Completed /viper/ptmp/arego/Red_T_7K_1_EN_100/5707.h5 in 15.62 seconds
2025-09-19 07:28:54,648 - INFO - Processing /viper/ptmp/arego/Red_T_7K_1/16863.h5
2025-09-19 07:28:54,657 - INFO - Completed /viper/ptmp/arego/Red_T_7K_1_EN_100/8174.h5 in 8.72 seconds
2025-09-19 07:28:54,732 - INFO - Processing /viper/ptmp/arego/Red_T_7K_1/22733.h5
2025-09-19 07:28:55,708 - INFO - File 16863: Filtered 2802969 hits and 3 records
2025-09-19 07:28:55,959 - INFO - File 22733: Filtered 1023974 hits and 2 records
2025-09-19 07:28:56,687 - INFO - Completed /viper/ptmp/arego/Red_T_7K_1_EN_100/7497.h5 in 26.90 seconds
2025-09-19 07:28:56,763 - INFO - Processing /viper/ptmp/arego/Red_T_7K_1/5634.h5
2025-09-19 07:28:57,092 - INFO - Completed /viper/ptmp/arego/Red_T_7K_1_EN_100/10430.h5 in 16.70 seconds
2025-09-19 07:28:57,164 - INFO - Processing /viper/ptmp/arego/Red_T_7K_1/22336.h5
2025-09-19 07:28:57,861 - INFO - File 5634: Filtered 2126963 hits and 5 records
2025-09-19 07:28:57,937 - INFO - Completed /viper/ptmp/arego/Red_T_7K_1_EN_100/14513.h5 in 11.69 seconds
2025-09-19 07:28:58,028 - INFO - Processing /viper/ptmp/arego/Red_T_7K_1/22169.h5
2025-09-19 07:28:58,133 - INFO - Completed /viper/ptmp/arego/Red_T_7K_1_EN_100/8065.h5 in 30.23 seconds
2025-09-19 07:28:58,177 - INFO - File 22336: Filtered 2460761 hits and 4 records
2025-09-19 07:28:58,219 - INFO - Completed /viper/ptmp/arego/Red_T_7K_1_EN_100/23365.h5 in 28.94 seconds
2025-09-19 07:28:58,223 - INFO - Processing /viper/ptmp/arego/Red_T_7K_1/1051.h5
2025-09-19 07:28:58,296 - INFO - Processing /viper/ptmp/arego/Red_T_7K_1/17405.h5
2025-09-19 07:28:58,683 - INFO - Completed /viper/ptmp/arego/Red_T_7K_1_EN_100/4951.h5 in 7.87 seconds
2025-09-19 07:28:58,761 - INFO - Processing /viper/ptmp/arego/Red_T_7K_1/18381.h5
2025-09-19 07:28:59,130 - INFO - File 22169: Filtered 146200 hits and 2 records
2025-09-19 07:28:59,344 - INFO - File 1051: Filtered 1124826 hits and 3 records
2025-09-19 07:28:59,381 - INFO - Completed /viper/ptmp/arego/Red_T_7K_1_EN_100/9265.h5 in 20.96 seconds
2025-09-19 07:28:59,429 - INFO - Processing /viper/ptmp/arego/Red_T_7K_1/6699.h5
2025-09-19 07:28:59,468 - INFO - File 17405: Filtered 2397475 hits and 8 records
2025-09-19 07:29:00,423 - INFO - File 18381: Filtered 208676 hits and 4 records
2025-09-19 07:29:00,656 - INFO - Completed /viper/ptmp/arego/Red_T_7K_1_EN_100/13447.h5 in 16.50 seconds
2025-09-19 07:29:00,694 - INFO - Processing /viper/ptmp/arego/Red_T_7K_1/2562.h5
2025-09-19 07:29:00,733 - INFO - File 6699: Filtered 1821552 hits and 7 records
2025-09-19 07:29:00,820 - INFO - Completed /viper/ptmp/arego/Red_T_7K_1_EN_100/733.h5 in 12.95 seconds
2025-09-19 07:29:00,928 - INFO - Processing /viper/ptmp/arego/Red_T_7K_1/6721.h5
2025-09-19 07:29:01,795 - INFO - Completed /viper/ptmp/arego/Red_T_7K_1_EN_100/9476.h5 in 24.85 seconds
2025-09-19 07:29:01,847 - INFO - Completed /viper/ptmp/arego/Red_T_7K_1_EN_100/13651.h5 in 9.19 seconds
2025-09-19 07:29:01,879 - INFO - Processing /viper/ptmp/arego/Red_T_7K_1/17273.h5
2025-09-19 07:29:01,925 - INFO - File 2562: Filtered 514480 hits and 5 records
2025-09-19 07:29:02,020 - INFO - Processing /viper/ptmp/arego/Red_T_7K_1/8161.h5
2025-09-19 07:29:02,146 - INFO - File 6721: Filtered 375348 hits and 3 records
2025-09-19 07:29:02,294 - INFO - Completed /viper/ptmp/arego/Red_T_7K_1_EN_100/20116.h5 in 16.59 seconds
2025-09-19 07:29:02,372 - INFO - Processing /viper/ptmp/arego/Red_T_7K_1/15237.h5
2025-09-19 07:29:02,531 - INFO - Completed /viper/ptmp/arego/Red_T_7K_1_EN_100/16863.h5 in 7.88 seconds
2025-09-19 07:29:02,672 - INFO - Processing /viper/ptmp/arego/Red_T_7K_1/14983.h5
2025-09-19 07:29:03,009 - INFO - File 17273: Filtered 1617106 hits and 5 records
2025-09-19 07:29:03,086 - INFO - Completed /viper/ptmp/arego/Red_T_7K_1_EN_100/7362.h5 in 16.42 seconds
2025-09-19 07:29:03,175 - INFO - Processing /viper/ptmp/arego/Red_T_7K_1/15015.h5
2025-09-19 07:29:03,460 - INFO - File 8161: Filtered 1317860 hits and 4 records
2025-09-19 07:29:03,770 - INFO - File 15237: Filtered 2754016 hits and 4 records
2025-09-19 07:29:03,883 - INFO - File 14983: Filtered 3938162 hits and 5 records
2025-09-19 07:29:03,986 - INFO - Completed /viper/ptmp/arego/Red_T_7K_1_EN_100/6666.h5 in 13.91 seconds
2025-09-19 07:29:04,090 - INFO - Processing /viper/ptmp/arego/Red_T_7K_1/22170.h5
2025-09-19 07:29:04,207 - INFO - File 15015: Filtered 1100150 hits and 5 records
2025-09-19 07:29:04,674 - INFO - Completed /viper/ptmp/arego/Red_T_7K_1_EN_100/23259.h5 in 14.21 seconds
2025-09-19 07:29:04,772 - INFO - Processing /viper/ptmp/arego/Red_T_7K_1/3358.h5
2025-09-19 07:29:05,091 - INFO - File 22170: Filtered 1768642 hits and 7 records
2025-09-19 07:29:05,135 - INFO - Completed /viper/ptmp/arego/Red_T_7K_1_EN_100/7491.h5 in 29.77 seconds
2025-09-19 07:29:05,216 - INFO - Processing /viper/ptmp/arego/Red_T_7K_1/8759.h5
2025-09-19 07:29:05,798 - INFO - File 3358: Filtered 1567318 hits and 4 records
2025-09-19 07:29:06,284 - INFO - File 8759: Filtered 1498046 hits and 6 records
2025-09-19 07:29:07,524 - INFO - Completed /viper/ptmp/arego/Red_T_7K_1_EN_100/22336.h5 in 10.36 seconds
2025-09-19 07:29:07,586 - INFO - Processing /viper/ptmp/arego/Red_T_7K_1/11754.h5
2025-09-19 07:29:07,915 - INFO - Completed /viper/ptmp/arego/Red_T_7K_1_EN_100/17405.h5 in 9.62 seconds
2025-09-19 07:29:07,988 - INFO - Processing /viper/ptmp/arego/Red_T_7K_1/18896.h5
2025-09-19 07:29:08,269 - INFO - Completed /viper/ptmp/arego/Red_T_7K_1_EN_100/11971.h5 in 23.94 seconds
2025-09-19 07:29:08,336 - INFO - Processing /viper/ptmp/arego/Red_T_7K_1/10197.h5
2025-09-19 07:29:08,661 - INFO - File 11754: Filtered 3332390 hits and 7 records
2025-09-19 07:29:09,081 - INFO - Completed /viper/ptmp/arego/Red_T_7K_1_EN_100/5634.h5 in 12.32 seconds
2025-09-19 07:29:09,151 - INFO - Processing /viper/ptmp/arego/Red_T_7K_1/13527.h5
2025-09-19 07:29:09,321 - INFO - File 18896: Filtered 2244680 hits and 5 records
2025-09-19 07:29:09,790 - INFO - File 10197: Filtered 649208 hits and 4 records
2025-09-19 07:29:10,176 - INFO - Completed /viper/ptmp/arego/Red_T_7K_1_EN_100/1051.h5 in 11.95 seconds
2025-09-19 07:29:10,242 - INFO - Processing /viper/ptmp/arego/Red_T_7K_1/924.h5
2025-09-19 07:29:10,290 - INFO - Completed /viper/ptmp/arego/Red_T_7K_1_EN_100/14983.h5 in 7.62 seconds
2025-09-19 07:29:10,396 - INFO - Processing /viper/ptmp/arego/Red_T_7K_1/6742.h5
2025-09-19 07:29:10,568 - INFO - File 13527: Filtered 2567948 hits and 6 records
2025-09-19 07:29:11,322 - INFO - File 924: Filtered 2139238 hits and 4 records
2025-09-19 07:29:11,455 - INFO - File 6742: Filtered 1530194 hits and 6 records
2025-09-19 07:29:11,938 - INFO - Completed /viper/ptmp/arego/Red_T_7K_1_EN_100/8835.h5 in 30.17 seconds
2025-09-19 07:29:12,006 - INFO - Processing /viper/ptmp/arego/Red_T_7K_1/15950.h5
2025-09-19 07:29:12,050 - INFO - Completed /viper/ptmp/arego/Red_T_7K_1_EN_100/22733.h5 in 17.32 seconds
2025-09-19 07:29:12,131 - INFO - Processing /viper/ptmp/arego/Red_T_7K_1/19057.h5
2025-09-19 07:29:13,120 - INFO - File 15950: Filtered 2444541 hits and 4 records
2025-09-19 07:29:13,190 - INFO - Completed /viper/ptmp/arego/Red_T_7K_1_EN_100/11637.h5 in 30.02 seconds
2025-09-19 07:29:13,261 - INFO - Processing /viper/ptmp/arego/Red_T_7K_1/11194.h5
2025-09-19 07:29:13,341 - INFO - File 19057: Filtered 892622 hits and 6 records
2025-09-19 07:29:14,749 - INFO - File 11194: Filtered 388023 hits and 5 records
2025-09-19 07:29:15,508 - INFO - Completed /viper/ptmp/arego/Red_T_7K_1_EN_100/22831.h5 in 28.49 seconds
2025-09-19 07:29:15,598 - INFO - Processing /viper/ptmp/arego/Red_T_7K_1/22230.h5
2025-09-19 07:29:15,814 - INFO - Completed /viper/ptmp/arego/Red_T_7K_1_EN_100/6699.h5 in 16.38 seconds
2025-09-19 07:29:15,879 - INFO - Processing /viper/ptmp/arego/Red_T_7K_1/13730.h5
2025-09-19 07:29:15,969 - INFO - Completed /viper/ptmp/arego/Red_T_7K_1_EN_100/22170.h5 in 11.88 seconds
2025-09-19 07:29:16,110 - INFO - Processing /viper/ptmp/arego/Red_T_7K_1/8313.h5
2025-09-19 07:29:16,516 - INFO - Completed /viper/ptmp/arego/Red_T_7K_1_EN_100/17273.h5 in 14.64 seconds
2025-09-19 07:29:16,598 - INFO - Processing /viper/ptmp/arego/Red_T_7K_1/6530.h5
2025-09-19 07:29:16,693 - INFO - Completed /viper/ptmp/arego/Red_T_7K_1_EN_100/11754.h5 in 9.11 seconds
2025-09-19 07:29:16,694 - INFO - File 22230: Filtered 2957519 hits and 6 records
2025-09-19 07:29:16,903 - INFO - Processing /viper/ptmp/arego/Red_T_7K_1/14405.h5
2025-09-19 07:29:17,778 - INFO - File 6530: Filtered 1284485 hits and 5 records
2025-09-19 07:29:17,868 - INFO - File 8313: Filtered 423548 hits and 5 records
2025-09-19 07:29:18,195 - INFO - File 14405: Filtered 2535518 hits and 7 records
2025-09-19 07:29:18,316 - INFO - Completed /viper/ptmp/arego/Red_T_7K_1_EN_100/3358.h5 in 13.54 seconds
2025-09-19 07:29:18,409 - INFO - File 13730: Filtered 2007451 hits and 4 records
2025-09-19 07:29:18,466 - INFO - Processing /viper/ptmp/arego/Red_T_7K_1/20045.h5
2025-09-19 07:29:18,774 - INFO - Completed /viper/ptmp/arego/Red_T_7K_1_EN_100/15237.h5 in 16.40 seconds
2025-09-19 07:29:18,817 - INFO - Completed /viper/ptmp/arego/Red_T_7K_1_EN_100/18896.h5 in 10.83 seconds
2025-09-19 07:29:18,891 - INFO - Processing /viper/ptmp/arego/Red_T_7K_1/10456.h5
2025-09-19 07:29:18,913 - INFO - Processing /viper/ptmp/arego/Red_T_7K_1/1330.h5
2025-09-19 07:29:19,104 - INFO - Completed /viper/ptmp/arego/Red_T_7K_1_EN_100/13527.h5 in 9.95 seconds
2025-09-19 07:29:19,218 - INFO - Processing /viper/ptmp/arego/Red_T_7K_1/3943.h5
2025-09-19 07:29:19,959 - INFO - Completed /viper/ptmp/arego/Red_T_7K_1_EN_100/15015.h5 in 16.78 seconds
2025-09-19 07:29:20,104 - INFO - File 1330: Filtered 5720012 hits and 3 records
2025-09-19 07:29:20,114 - INFO - Completed /viper/ptmp/arego/Red_T_7K_1_EN_100/8759.h5 in 14.90 seconds
2025-09-19 07:29:20,151 - INFO - Processing /viper/ptmp/arego/Red_T_7K_1/23124.h5
2025-09-19 07:29:20,153 - INFO - Processing /viper/ptmp/arego/Red_T_7K_1/3955.h5
2025-09-19 07:29:20,151 - INFO - File 20045: Filtered 148933 hits and 2 records
2025-09-19 07:29:20,220 - INFO - File 10456: Filtered 2210732 hits and 4 records
2025-09-19 07:29:20,335 - INFO - Completed /viper/ptmp/arego/Red_T_7K_1_EN_100/2562.h5 in 19.64 seconds
2025-09-19 07:29:20,504 - INFO - Processing /viper/ptmp/arego/Red_T_7K_1/3110.h5
2025-09-19 07:29:20,575 - INFO - File 3943: Filtered 4339425 hits and 7 records
2025-09-19 07:29:21,395 - INFO - File 3955: Filtered 4044258 hits and 5 records
2025-09-19 07:29:21,841 - INFO - File 3110: Filtered 2306513 hits and 5 records
2025-09-19 07:29:22,035 - INFO - File 23124: Filtered 922750 hits and 4 records
2025-09-19 07:29:22,295 - INFO - Completed /viper/ptmp/arego/Red_T_7K_1_EN_100/22169.h5 in 24.27 seconds
2025-09-19 07:29:22,370 - INFO - Processing /viper/ptmp/arego/Red_T_7K_1/19044.h5
2025-09-19 07:29:22,549 - INFO - Completed /viper/ptmp/arego/Red_T_7K_1_EN_100/6721.h5 in 21.62 seconds
2025-09-19 07:29:22,594 - INFO - Processing /viper/ptmp/arego/Red_T_7K_1/5769.h5
2025-09-19 07:29:23,632 - INFO - Completed /viper/ptmp/arego/Red_T_7K_1_EN_100/924.h5 in 13.39 seconds
2025-09-19 07:29:23,699 - INFO - Processing /viper/ptmp/arego/Red_T_7K_1/20575.h5
2025-09-19 07:29:23,887 - INFO - File 19044: Filtered 595580 hits and 6 records
2025-09-19 07:29:23,973 - INFO - File 5769: Filtered 4193503 hits and 6 records
2025-09-19 07:29:24,269 - INFO - Completed /viper/ptmp/arego/Red_T_7K_1_EN_100/15950.h5 in 12.26 seconds
2025-09-19 07:29:24,347 - INFO - Completed /viper/ptmp/arego/Red_T_7K_1_EN_100/1330.h5 in 5.43 seconds
2025-09-19 07:29:24,348 - INFO - Processing /viper/ptmp/arego/Red_T_7K_1/11558.h5
2025-09-19 07:29:24,457 - INFO - Processing /viper/ptmp/arego/Red_T_7K_1/21488.h5
2025-09-19 07:29:24,789 - INFO - Completed /viper/ptmp/arego/Red_T_7K_1_EN_100/6742.h5 in 14.39 seconds
2025-09-19 07:29:24,881 - INFO - Processing /viper/ptmp/arego/Red_T_7K_1/10586.h5
2025-09-19 07:29:24,992 - INFO - File 20575: Filtered 1109964 hits and 4 records
2025-09-19 07:29:25,673 - INFO - Completed /viper/ptmp/arego/Red_T_7K_1_EN_100/8161.h5 in 23.65 seconds
2025-09-19 07:29:25,696 - INFO - File 11558: Filtered 2636029 hits and 3 records
2025-09-19 07:29:25,868 - INFO - Processing /viper/ptmp/arego/Red_T_7K_1/19984.h5
2025-09-19 07:29:26,030 - INFO - File 10586: Filtered 983794 hits and 5 records
2025-09-19 07:29:26,090 - INFO - Completed /viper/ptmp/arego/Red_T_7K_1_EN_100/22230.h5 in 10.49 seconds
2025-09-19 07:29:26,174 - INFO - Processing /viper/ptmp/arego/Red_T_7K_1/15536.h5
2025-09-19 07:29:26,302 - INFO - File 21488: Filtered 521594 hits and 3 records
2025-09-19 07:29:27,266 - INFO - File 15536: Filtered 2063192 hits and 6 records
2025-09-19 07:29:27,795 - INFO - Completed /viper/ptmp/arego/Red_T_7K_1_EN_100/3955.h5 in 7.64 seconds
2025-09-19 07:29:27,858 - INFO - Processing /viper/ptmp/arego/Red_T_7K_1/1362.h5
2025-09-19 07:29:28,201 - INFO - File 19984: Filtered 5167642 hits and 8 records
2025-09-19 07:29:29,013 - INFO - Completed /viper/ptmp/arego/Red_T_7K_1_EN_100/18381.h5 in 30.25 seconds
2025-09-19 07:29:29,055 - INFO - File 1362: Filtered 1582189 hits and 6 records
2025-09-19 07:29:29,088 - INFO - Processing /viper/ptmp/arego/Red_T_7K_1/9852.h5
2025-09-19 07:29:29,665 - INFO - Completed /viper/ptmp/arego/Red_T_7K_1_EN_100/3943.h5 in 10.45 seconds
2025-09-19 07:29:29,701 - INFO - Processing /viper/ptmp/arego/Red_T_7K_1/6253.h5
2025-09-19 07:29:30,384 - INFO - File 9852: Filtered 5175473 hits and 7 records
2025-09-19 07:29:31,107 - INFO - Completed /viper/ptmp/arego/Red_T_7K_1_EN_100/14405.h5 in 14.20 seconds
2025-09-19 07:29:31,138 - INFO - File 6253: Filtered 1413958 hits and 4 records
2025-09-19 07:29:31,172 - INFO - Processing /viper/ptmp/arego/Red_T_7K_1/12265.h5
2025-09-19 07:29:31,174 - INFO - Completed /viper/ptmp/arego/Red_T_7K_1_EN_100/10456.h5 in 12.28 seconds
2025-09-19 07:29:31,247 - INFO - Processing /viper/ptmp/arego/Red_T_7K_1/19869.h5
2025-09-19 07:29:32,432 - INFO - File 12265: Filtered 6067588 hits and 9 records
2025-09-19 07:29:32,563 - INFO - File 19869: Filtered 2277306 hits and 6 records
2025-09-19 07:29:33,453 - INFO - Completed /viper/ptmp/arego/Red_T_7K_1_EN_100/11194.h5 in 20.19 seconds
2025-09-19 07:29:33,456 - INFO - Completed /viper/ptmp/arego/Red_T_7K_1_EN_100/19057.h5 in 21.33 seconds
2025-09-19 07:29:33,494 - INFO - Processing /viper/ptmp/arego/Red_T_7K_1/23301.h5
2025-09-19 07:29:33,512 - INFO - Processing /viper/ptmp/arego/Red_T_7K_1/2933.h5
2025-09-19 07:29:33,695 - INFO - Completed /viper/ptmp/arego/Red_T_7K_1_EN_100/12265.h5 in 2.52 seconds
2025-09-19 07:29:33,763 - INFO - Processing /viper/ptmp/arego/Red_T_7K_1/5279.h5
2025-09-19 07:29:34,041 - INFO - Completed /viper/ptmp/arego/Red_T_7K_1_EN_100/6530.h5 in 17.44 seconds
2025-09-19 07:29:34,111 - INFO - Processing /viper/ptmp/arego/Red_T_7K_1/21974.h5
2025-09-19 07:29:34,302 - INFO - Completed /viper/ptmp/arego/Red_T_7K_1_EN_100/10197.h5 in 25.97 seconds
2025-09-19 07:29:34,374 - INFO - Processing /viper/ptmp/arego/Red_T_7K_1/13980.h5
2025-09-19 07:29:34,564 - INFO - Completed /viper/ptmp/arego/Red_T_7K_1_EN_100/5769.h5 in 11.97 seconds
2025-09-19 07:29:34,643 - INFO - Processing /viper/ptmp/arego/Red_T_7K_1/9554.h5
2025-09-19 07:29:34,825 - INFO - File 2933: Filtered 2843040 hits and 7 records
2025-09-19 07:29:34,907 - INFO - File 23301: Filtered 3761892 hits and 7 records
2025-09-19 07:29:35,219 - INFO - File 5279: Filtered 592198 hits and 4 records
2025-09-19 07:29:35,526 - INFO - File 21974: Filtered 5931554 hits and 6 records
2025-09-19 07:29:35,848 - INFO - File 13980: Filtered 4686937 hits and 7 records
2025-09-19 07:29:36,427 - INFO - Completed /viper/ptmp/arego/Red_T_7K_1_EN_100/3110.h5 in 15.92 seconds
2025-09-19 07:29:36,494 - INFO - Processing /viper/ptmp/arego/Red_T_7K_1/16804.h5
2025-09-19 07:29:36,570 - INFO - Completed /viper/ptmp/arego/Red_T_7K_1_EN_100/9852.h5 in 7.48 seconds
2025-09-19 07:29:36,644 - INFO - Processing /viper/ptmp/arego/Red_T_7K_1/21608.h5
2025-09-19 07:29:36,868 - INFO - File 9554: Filtered 137130 hits and 3 records
2025-09-19 07:29:37,810 - INFO - File 16804: Filtered 3372047 hits and 10 records
2025-09-19 07:29:37,861 - INFO - Completed /viper/ptmp/arego/Red_T_7K_1_EN_100/21974.h5 in 3.75 seconds
2025-09-19 07:29:37,907 - INFO - Processing /viper/ptmp/arego/Red_T_7K_1/21948.h5
2025-09-19 07:29:38,287 - INFO - File 21608: Filtered 0 hits and 0 records
2025-09-19 07:29:38,391 - INFO - Completed /viper/ptmp/arego/Red_T_7K_1_EN_100/3617.h5 in 49.90 seconds
2025-09-19 07:29:38,469 - INFO - Processing /viper/ptmp/arego/Red_T_7K_1/1943.h5
2025-09-19 07:29:39,235 - INFO - Completed /viper/ptmp/arego/Red_T_7K_1_EN_100/11558.h5 in 14.89 seconds
2025-09-19 07:29:39,243 - INFO - File 21948: Filtered 4297039 hits and 5 records
2025-09-19 07:29:39,343 - INFO - Processing /viper/ptmp/arego/Red_T_7K_1/5148.h5
2025-09-19 07:29:40,563 - INFO - File 1943: Filtered 7136188 hits and 6 records
2025-09-19 07:29:40,820 - INFO - Completed /viper/ptmp/arego/Red_T_7K_1_EN_100/15536.h5 in 14.65 seconds
2025-09-19 07:29:40,899 - INFO - Processing /viper/ptmp/arego/Red_T_7K_1/21555.h5
2025-09-19 07:29:42,455 - INFO - Completed /viper/ptmp/arego/Red_T_7K_1_EN_100/19869.h5 in 11.21 seconds
2025-09-19 07:29:42,499 - INFO - Processing /viper/ptmp/arego/Red_T_7K_1/11780.h5
2025-09-19 07:29:42,519 - INFO - File 5148: Filtered 237292 hits and 5 records
2025-09-19 07:29:42,599 - INFO - File 21555: Filtered 2665295 hits and 6 records
2025-09-19 07:29:43,791 - INFO - Completed /viper/ptmp/arego/Red_T_7K_1_EN_100/2933.h5 in 10.28 seconds
2025-09-19 07:29:43,857 - INFO - Processing /viper/ptmp/arego/Red_T_7K_1/6159.h5
2025-09-19 07:29:44,027 - INFO - File 11780: Filtered 94681 hits and 2 records
2025-09-19 07:29:44,153 - INFO - Completed /viper/ptmp/arego/Red_T_7K_1_EN_100/20575.h5 in 20.45 seconds
2025-09-19 07:29:44,232 - INFO - Processing /viper/ptmp/arego/Red_T_7K_1/5461.h5
2025-09-19 07:29:44,236 - INFO - Completed /viper/ptmp/arego/Red_T_7K_1_EN_100/10586.h5 in 19.35 seconds
2025-09-19 07:29:44,391 - INFO - Processing /viper/ptmp/arego/Red_T_7K_1/11176.h5
2025-09-19 07:29:45,185 - INFO - File 6159: Filtered 2554378 hits and 8 records
2025-09-19 07:29:45,428 - INFO - Completed /viper/ptmp/arego/Red_T_7K_1_EN_100/1362.h5 in 17.57 seconds
2025-09-19 07:29:45,504 - INFO - Processing /viper/ptmp/arego/Red_T_7K_1/19510.h5
2025-09-19 07:29:45,757 - INFO - File 11176: Filtered 2082253 hits and 5 records
2025-09-19 07:29:45,981 - INFO - Completed /viper/ptmp/arego/Red_T_7K_1_EN_100/13980.h5 in 11.61 seconds
2025-09-19 07:29:46,051 - INFO - Processing /viper/ptmp/arego/Red_T_7K_1/2328.h5
2025-09-19 07:29:47,216 - INFO - File 19510: Filtered 2910861 hits and 6 records
2025-09-19 07:29:47,300 - INFO - File 5461: Filtered 1195193 hits and 6 records
2025-09-19 07:29:47,634 - INFO - File 2328: Filtered 4225554 hits and 6 records
2025-09-19 07:29:48,071 - INFO - Completed /viper/ptmp/arego/Red_T_7K_1_EN_100/21948.h5 in 10.16 seconds
2025-09-19 07:29:48,149 - INFO - Processing /viper/ptmp/arego/Red_T_7K_1/6876.h5
2025-09-19 07:29:48,253 - INFO - Completed /viper/ptmp/arego/Red_T_7K_1_EN_100/23301.h5 in 14.76 seconds
2025-09-19 07:29:48,317 - INFO - Processing /viper/ptmp/arego/Red_T_7K_1/10457.h5
2025-09-19 07:29:49,737 - INFO - File 6876: Filtered 1262821 hits and 2 records
2025-09-19 07:29:49,738 - INFO - Completed /viper/ptmp/arego/Red_T_7K_1_EN_100/8313.h5 in 33.63 seconds
2025-09-19 07:29:49,842 - INFO - Processing /viper/ptmp/arego/Red_T_7K_1/20849.h5
2025-09-19 07:29:49,876 - INFO - File 10457: Filtered 5002368 hits and 6 records
2025-09-19 07:29:50,500 - INFO - Completed /viper/ptmp/arego/Red_T_7K_1_EN_100/16804.h5 in 14.01 seconds
2025-09-19 07:29:50,577 - INFO - Processing /viper/ptmp/arego/Red_T_7K_1/19604.h5
2025-09-19 07:29:51,154 - INFO - File 20849: Filtered 2162525 hits and 5 records
2025-09-19 07:29:51,891 - INFO - Completed /viper/ptmp/arego/Red_T_7K_1_EN_100/19044.h5 in 29.52 seconds
2025-09-19 07:29:52,008 - INFO - File 19604: Filtered 3597366 hits and 8 records
2025-09-19 07:29:52,069 - INFO - Processing /viper/ptmp/arego/Red_T_7K_1/23019.h5
2025-09-19 07:29:53,140 - INFO - File 23019: Filtered 2335196 hits and 6 records
2025-09-19 07:29:53,305 - INFO - Completed /viper/ptmp/arego/Red_T_7K_1_EN_100/6253.h5 in 23.60 seconds
2025-09-19 07:29:53,378 - INFO - Processing /viper/ptmp/arego/Red_T_7K_1/17255.h5
2025-09-19 07:29:53,599 - INFO - Completed /viper/ptmp/arego/Red_T_7K_1_EN_100/23124.h5 in 33.45 seconds
2025-09-19 07:29:53,713 - INFO - Processing /viper/ptmp/arego/Red_T_7K_1/511.h5
2025-09-19 07:29:54,357 - INFO - Completed /viper/ptmp/arego/Red_T_7K_1_EN_100/20045.h5 in 35.89 seconds
2025-09-19 07:29:54,518 - INFO - Processing /viper/ptmp/arego/Red_T_7K_1/9378.h5
2025-09-19 07:29:54,919 - INFO - File 17255: Filtered 3877362 hits and 6 records
2025-09-19 07:29:54,936 - INFO - Completed /viper/ptmp/arego/Red_T_7K_1_EN_100/6159.h5 in 11.08 seconds
2025-09-19 07:29:54,981 - INFO - Processing /viper/ptmp/arego/Red_T_7K_1/4467.h5
2025-09-19 07:29:55,248 - INFO - Completed /viper/ptmp/arego/Red_T_7K_1_EN_100/13730.h5 in 39.37 seconds
2025-09-19 07:29:55,331 - INFO - Processing /viper/ptmp/arego/Red_T_7K_1/17570.h5
2025-09-19 07:29:55,416 - INFO - File 511: Filtered 4630618 hits and 5 records
2025-09-19 07:29:55,859 - INFO - Completed /viper/ptmp/arego/Red_T_7K_1_EN_100/1943.h5 in 17.39 seconds
2025-09-19 07:29:55,909 - INFO - File 9378: Filtered 836688 hits and 6 records
2025-09-19 07:29:55,952 - INFO - Processing /viper/ptmp/arego/Red_T_7K_1/12268.h5
2025-09-19 07:29:56,868 - INFO - File 4467: Filtered 2549910 hits and 7 records
2025-09-19 07:29:56,942 - INFO - File 17570: Filtered 2724465 hits and 6 records
2025-09-19 07:29:57,216 - INFO - Completed /viper/ptmp/arego/Red_T_7K_1_EN_100/19984.h5 in 31.35 seconds
2025-09-19 07:29:57,345 - INFO - File 12268: Filtered 3423070 hits and 7 records
2025-09-19 07:29:57,410 - INFO - Completed /viper/ptmp/arego/Red_T_7K_1_EN_100/5279.h5 in 23.65 seconds
2025-09-19 07:29:57,456 - INFO - Processing /viper/ptmp/arego/Red_T_7K_1/6756.h5
2025-09-19 07:29:57,502 - INFO - Processing /viper/ptmp/arego/Red_T_7K_1/307.h5
2025-09-19 07:29:59,191 - INFO - File 307: Filtered 2987894 hits and 6 records
2025-09-19 07:29:59,328 - INFO - File 6756: Filtered 3629067 hits and 4 records
2025-09-19 07:29:59,453 - INFO - Completed /viper/ptmp/arego/Red_T_7K_1_EN_100/10457.h5 in 11.14 seconds
2025-09-19 07:29:59,471 - INFO - Completed /viper/ptmp/arego/Red_T_7K_1_EN_100/21555.h5 in 18.57 seconds
2025-09-19 07:29:59,515 - INFO - Processing /viper/ptmp/arego/Red_T_7K_1/3635.h5
2025-09-19 07:29:59,565 - INFO - Processing /viper/ptmp/arego/Red_T_7K_1/18335.h5
2025-09-19 07:30:01,307 - INFO - File 18335: Filtered 2742833 hits and 4 records
2025-09-19 07:30:01,426 - INFO - Completed /viper/ptmp/arego/Red_T_7K_1_EN_100/11176.h5 in 17.04 seconds
2025-09-19 07:30:01,539 - INFO - Processing /viper/ptmp/arego/Red_T_7K_1/6390.h5
2025-09-19 07:30:01,754 - INFO - File 3635: Filtered 1535645 hits and 4 records
2025-09-19 07:30:02,397 - INFO - Completed /viper/ptmp/arego/Red_T_7K_1_EN_100/2328.h5 in 16.35 seconds
2025-09-19 07:30:02,478 - INFO - Processing /viper/ptmp/arego/Red_T_7K_1/10934.h5
2025-09-19 07:30:02,531 - INFO - Completed /viper/ptmp/arego/Red_T_7K_1_EN_100/11780.h5 in 20.03 seconds
2025-09-19 07:30:02,591 - INFO - Processing /viper/ptmp/arego/Red_T_7K_1/12283.h5
2025-09-19 07:30:03,394 - INFO - Completed /viper/ptmp/arego/Red_T_7K_1_EN_100/21488.h5 in 38.94 seconds
2025-09-19 07:30:03,491 - INFO - Processing /viper/ptmp/arego/Red_T_7K_1/23154.h5
2025-09-19 07:30:03,525 - INFO - Completed /viper/ptmp/arego/Red_T_7K_1_EN_100/19510.h5 in 18.02 seconds
2025-09-19 07:30:03,540 - INFO - File 6390: Filtered 925113 hits and 4 records
2025-09-19 07:30:03,592 - INFO - Processing /viper/ptmp/arego/Red_T_7K_1/13209.h5
2025-09-19 07:30:04,124 - INFO - File 12283: Filtered 1448957 hits and 3 records
2025-09-19 07:30:04,790 - INFO - File 10934: Filtered 1819568 hits and 1 records
2025-09-19 07:30:05,134 - INFO - File 23154: Filtered 1426480 hits and 2 records
2025-09-19 07:30:05,214 - INFO - File 13209: Filtered 1792724 hits and 6 records
2025-09-19 07:30:05,645 - INFO - Completed /viper/ptmp/arego/Red_T_7K_1_EN_100/19604.h5 in 15.07 seconds
2025-09-19 07:30:05,717 - INFO - Processing /viper/ptmp/arego/Red_T_7K_1/14430.h5
2025-09-19 07:30:07,589 - INFO - File 14430: Filtered 2295150 hits and 3 records
2025-09-19 07:30:07,666 - INFO - Completed /viper/ptmp/arego/Red_T_7K_1_EN_100/23019.h5 in 15.60 seconds
2025-09-19 07:30:07,743 - INFO - Completed /viper/ptmp/arego/Red_T_7K_1_EN_100/21608.h5 in 31.10 seconds
2025-09-19 07:30:07,774 - INFO - Processing /viper/ptmp/arego/Red_T_7K_1/13207.h5
2025-09-19 07:30:07,812 - INFO - Processing /viper/ptmp/arego/Red_T_7K_1/10121.h5
2025-09-19 07:30:08,495 - INFO - Completed /viper/ptmp/arego/Red_T_7K_1_EN_100/20849.h5 in 18.65 seconds
2025-09-19 07:30:08,621 - INFO - Processing /viper/ptmp/arego/Red_T_7K_1/22617.h5
2025-09-19 07:30:09,615 - INFO - File 10121: Filtered 3812444 hits and 7 records
2025-09-19 07:30:09,651 - INFO - Completed /viper/ptmp/arego/Red_T_7K_1_EN_100/511.h5 in 15.94 seconds
2025-09-19 07:30:09,765 - INFO - Processing /viper/ptmp/arego/Red_T_7K_1/21886.h5
2025-09-19 07:30:10,083 - INFO - File 22617: Filtered 1502337 hits and 5 records
2025-09-19 07:30:10,626 - INFO - Completed /viper/ptmp/arego/Red_T_7K_1_EN_100/17255.h5 in 17.25 seconds
2025-09-19 07:30:10,695 - INFO - Processing /viper/ptmp/arego/Red_T_7K_1/18059.h5
2025-09-19 07:30:11,269 - INFO - File 21886: Filtered 2787090 hits and 6 records
2025-09-19 07:30:11,302 - INFO - Completed /viper/ptmp/arego/Red_T_7K_1_EN_100/12268.h5 in 15.35 seconds
2025-09-19 07:30:11,376 - INFO - Processing /viper/ptmp/arego/Red_T_7K_1/12035.h5
2025-09-19 07:30:12,515 - INFO - File 18059: Filtered 3280276 hits and 8 records
2025-09-19 07:30:13,220 - INFO - File 12035: Filtered 4202472 hits and 7 records
2025-09-19 07:30:13,458 - INFO - Completed /viper/ptmp/arego/Red_T_7K_1_EN_100/6876.h5 in 25.31 seconds
2025-09-19 07:30:13,504 - INFO - Completed /viper/ptmp/arego/Red_T_7K_1_EN_100/4467.h5 in 18.52 seconds
2025-09-19 07:30:13,537 - INFO - Processing /viper/ptmp/arego/Red_T_7K_1/3032.h5
2025-09-19 07:30:13,564 - INFO - Processing /viper/ptmp/arego/Red_T_7K_1/18840.h5
2025-09-19 07:30:14,598 - INFO - Completed /viper/ptmp/arego/Red_T_7K_1_EN_100/9554.h5 in 39.96 seconds
2025-09-19 07:30:14,667 - INFO - Processing /viper/ptmp/arego/Red_T_7K_1/8200.h5
2025-09-19 07:30:15,213 - INFO - File 18840: Filtered 1472393 hits and 3 records
2025-09-19 07:30:15,478 - INFO - File 3032: Filtered 5436884 hits and 7 records
2025-09-19 07:30:15,565 - INFO - File 13207: Filtered 817248 hits and 5 records
2025-09-19 07:30:16,488 - INFO - File 8200: Filtered 5457853 hits and 8 records
2025-09-19 07:30:17,993 - INFO - Completed /viper/ptmp/arego/Red_T_7K_1_EN_100/17570.h5 in 22.66 seconds
2025-09-19 07:30:18,056 - INFO - Processing /viper/ptmp/arego/Red_T_7K_1/22938.h5
2025-09-19 07:30:18,824 - INFO - Completed /viper/ptmp/arego/Red_T_7K_1_EN_100/6756.h5 in 21.37 seconds
2025-09-19 07:30:18,896 - INFO - Processing /viper/ptmp/arego/Red_T_7K_1/10063.h5
2025-09-19 07:30:20,472 - INFO - Completed /viper/ptmp/arego/Red_T_7K_1_EN_100/12283.h5 in 17.88 seconds
2025-09-19 07:30:20,547 - INFO - Processing /viper/ptmp/arego/Red_T_7K_1/22308.h5
2025-09-19 07:30:21,385 - INFO - Completed /viper/ptmp/arego/Red_T_7K_1_EN_100/9378.h5 in 26.87 seconds
2025-09-19 07:30:21,408 - INFO - Completed /viper/ptmp/arego/Red_T_7K_1_EN_100/307.h5 in 23.91 seconds
2025-09-19 07:30:21,449 - INFO - Processing /viper/ptmp/arego/Red_T_7K_1/1152.h5
2025-09-19 07:30:21,471 - INFO - Processing /viper/ptmp/arego/Red_T_7K_1/568.h5
2025-09-19 07:30:22,136 - INFO - File 22938: Filtered 1120995 hits and 2 records
2025-09-19 07:30:22,242 - INFO - File 10063: Filtered 12774 hits and 1 records
2025-09-19 07:30:22,480 - INFO - Completed /viper/ptmp/arego/Red_T_7K_1_EN_100/5461.h5 in 38.25 seconds
2025-09-19 07:30:22,565 - INFO - Processing /viper/ptmp/arego/Red_T_7K_1/12886.h5
2025-09-19 07:30:22,710 - INFO - File 22308: Filtered 4189812 hits and 6 records
2025-09-19 07:30:23,483 - INFO - File 568: Filtered 303950 hits and 2 records
2025-09-19 07:30:23,511 - INFO - File 1152: Filtered 1211493 hits and 3 records
2025-09-19 07:30:24,228 - INFO - Completed /viper/ptmp/arego/Red_T_7K_1_EN_100/18335.h5 in 24.66 seconds
2025-09-19 07:30:24,355 - INFO - Processing /viper/ptmp/arego/Red_T_7K_1/2194.h5
2025-09-19 07:30:24,806 - INFO - File 12886: Filtered 1929535 hits and 6 records
2025-09-19 07:30:24,884 - INFO - Completed /viper/ptmp/arego/Red_T_7K_1_EN_100/21886.h5 in 15.12 seconds
2025-09-19 07:30:24,984 - INFO - Processing /viper/ptmp/arego/Red_T_7K_1/23083.h5
2025-09-19 07:30:26,495 - INFO - File 23083: Filtered 2942694 hits and 5 records
2025-09-19 07:30:27,224 - INFO - Completed /viper/ptmp/arego/Red_T_7K_1_EN_100/3032.h5 in 13.69 seconds
2025-09-19 07:30:27,288 - INFO - Processing /viper/ptmp/arego/Red_T_7K_1/3927.h5
2025-09-19 07:30:27,761 - INFO - File 2194: Filtered 92131 hits and 2 records
2025-09-19 07:30:28,398 - INFO - Completed /viper/ptmp/arego/Red_T_7K_1_EN_100/13209.h5 in 24.81 seconds
2025-09-19 07:30:28,486 - INFO - Processing /viper/ptmp/arego/Red_T_7K_1/6241.h5
2025-09-19 07:30:29,113 - INFO - File 3927: Filtered 3346812 hits and 7 records
2025-09-19 07:30:29,867 - INFO - Completed /viper/ptmp/arego/Red_T_7K_1_EN_100/10121.h5 in 22.05 seconds
2025-09-19 07:30:29,924 - INFO - Processing /viper/ptmp/arego/Red_T_7K_1/19667.h5
2025-09-19 07:30:30,229 - INFO - Completed /viper/ptmp/arego/Red_T_7K_1_EN_100/12035.h5 in 18.85 seconds
2025-09-19 07:30:30,315 - INFO - Processing /viper/ptmp/arego/Red_T_7K_1/19542.h5
2025-09-19 07:30:30,709 - INFO - File 6241: Filtered 2539124 hits and 6 records
2025-09-19 07:30:31,136 - INFO - Completed /viper/ptmp/arego/Red_T_7K_1_EN_100/14430.h5 in 25.42 seconds
2025-09-19 07:30:31,228 - INFO - Processing /viper/ptmp/arego/Red_T_7K_1/21960.h5
2025-09-19 07:30:31,910 - INFO - Completed /viper/ptmp/arego/Red_T_7K_1_EN_100/18840.h5 in 18.35 seconds
2025-09-19 07:30:31,968 - INFO - Processing /viper/ptmp/arego/Red_T_7K_1/15023.h5
2025-09-19 07:30:32,600 - INFO - File 19542: Filtered 2517400 hits and 6 records
2025-09-19 07:30:32,618 - INFO - Completed /viper/ptmp/arego/Red_T_7K_1_EN_100/23154.h5 in 29.13 seconds
2025-09-19 07:30:32,713 - INFO - Processing /viper/ptmp/arego/Red_T_7K_1/3531.h5
2025-09-19 07:30:32,743 - INFO - File 19667: Filtered 7909381 hits and 3 records
2025-09-19 07:30:33,121 - INFO - Completed /viper/ptmp/arego/Red_T_7K_1_EN_100/22617.h5 in 24.50 seconds
2025-09-19 07:30:33,240 - INFO - File 15023: Filtered 1283631 hits and 6 records
2025-09-19 07:30:33,299 - INFO - Processing /viper/ptmp/arego/Red_T_7K_1/19059.h5
2025-09-19 07:30:33,484 - INFO - File 21960: Filtered 2612457 hits and 4 records
2025-09-19 07:30:34,625 - INFO - File 3531: Filtered 2774734 hits and 5 records
2025-09-19 07:30:34,768 - INFO - Completed /viper/ptmp/arego/Red_T_7K_1_EN_100/8200.h5 in 20.10 seconds
2025-09-19 07:30:34,830 - INFO - File 19059: Filtered 1593847 hits and 3 records
2025-09-19 07:30:34,855 - INFO - Processing /viper/ptmp/arego/Red_T_7K_1/16431.h5
2025-09-19 07:30:35,203 - INFO - Completed /viper/ptmp/arego/Red_T_7K_1_EN_100/5148.h5 in 55.86 seconds
2025-09-19 07:30:35,272 - INFO - Processing /viper/ptmp/arego/Red_T_7K_1/19794.h5
2025-09-19 07:30:36,653 - INFO - Completed /viper/ptmp/arego/Red_T_7K_1_EN_100/18059.h5 in 25.96 seconds
2025-09-19 07:30:36,778 - INFO - Processing /viper/ptmp/arego/Red_T_7K_1/22807.h5
2025-09-19 07:30:36,799 - INFO - Completed /viper/ptmp/arego/Red_T_7K_1_EN_100/3635.h5 in 37.28 seconds
2025-09-19 07:30:36,875 - INFO - Processing /viper/ptmp/arego/Red_T_7K_1/14568.h5
2025-09-19 07:30:37,894 - INFO - File 16431: Filtered 2336425 hits and 5 records
2025-09-19 07:30:39,002 - INFO - Completed /viper/ptmp/arego/Red_T_7K_1_EN_100/22308.h5 in 18.45 seconds
2025-09-19 07:30:39,065 - INFO - Processing /viper/ptmp/arego/Red_T_7K_1/11641.h5
2025-09-19 07:30:39,608 - INFO - Completed /viper/ptmp/arego/Red_T_7K_1_EN_100/6390.h5 in 38.07 seconds
2025-09-19 07:30:39,659 - INFO - File 22807: Filtered 5602584 hits and 4 records
2025-09-19 07:30:39,717 - INFO - Processing /viper/ptmp/arego/Red_T_7K_1/19268.h5
2025-09-19 07:30:39,787 - INFO - File 19794: Filtered 711063 hits and 8 records
2025-09-19 07:30:40,484 - INFO - Completed /viper/ptmp/arego/Red_T_7K_1_EN_100/19667.h5 in 10.56 seconds
2025-09-19 07:30:40,552 - INFO - Processing /viper/ptmp/arego/Red_T_7K_1/2604.h5
2025-09-19 07:30:40,998 - INFO - File 11641: Filtered 1201956 hits and 3 records
2025-09-19 07:30:41,293 - INFO - File 19268: Filtered 945602 hits and 5 records
2025-09-19 07:30:42,935 - INFO - Completed /viper/ptmp/arego/Red_T_7K_1_EN_100/23083.h5 in 17.95 seconds
2025-09-19 07:30:43,060 - INFO - Processing /viper/ptmp/arego/Red_T_7K_1/3198.h5
2025-09-19 07:30:43,395 - INFO - Completed /viper/ptmp/arego/Red_T_7K_1_EN_100/10934.h5 in 40.92 seconds
2025-09-19 07:30:43,437 - INFO - Processing /viper/ptmp/arego/Red_T_7K_1/9846.h5
2025-09-19 07:30:43,726 - INFO - File 14568: Filtered 2332854 hits and 4 records
2025-09-19 07:30:44,531 - INFO - Completed /viper/ptmp/arego/Red_T_7K_1_EN_100/4319.h5 in 122.27 seconds
2025-09-19 07:30:44,689 - INFO - File 3198: Filtered 3072909 hits and 4 records
2025-09-19 07:30:44,703 - INFO - Processing /viper/ptmp/arego/Red_T_7K_1/5121.h5
2025-09-19 07:30:47,069 - INFO - File 2604: Filtered 1156871 hits and 3 records
2025-09-19 07:30:48,796 - INFO - Completed /viper/ptmp/arego/Red_T_7K_1_EN_100/3927.h5 in 21.51 seconds
2025-09-19 07:30:48,898 - INFO - Processing /viper/ptmp/arego/Red_T_7K_1/3478.h5
2025-09-19 07:30:50,719 - INFO - File 5121: Filtered 830756 hits and 5 records
2025-09-19 07:30:51,809 - INFO - File 3478: Filtered 5815885 hits and 4 records
2025-09-19 07:30:52,074 - INFO - File 9846: Filtered 3880676 hits and 6 records
2025-09-19 07:30:52,795 - INFO - Completed /viper/ptmp/arego/Red_T_7K_1_EN_100/12886.h5 in 30.23 seconds
2025-09-19 07:30:52,846 - INFO - Processing /viper/ptmp/arego/Red_T_7K_1/14362.h5
2025-09-19 07:30:53,055 - INFO - Completed /viper/ptmp/arego/Red_T_7K_1_EN_100/15023.h5 in 21.09 seconds
2025-09-19 07:30:53,129 - INFO - Processing /viper/ptmp/arego/Red_T_7K_1/12514.h5
2025-09-19 07:30:54,932 - INFO - File 12514: Filtered 3535227 hits and 6 records
2025-09-19 07:30:55,072 - INFO - Completed /viper/ptmp/arego/Red_T_7K_1_EN_100/1152.h5 in 33.62 seconds
2025-09-19 07:30:55,156 - INFO - Processing /viper/ptmp/arego/Red_T_7K_1/10887.h5
2025-09-19 07:30:55,690 - INFO - File 14362: Filtered 4461319 hits and 6 records
2025-09-19 07:30:57,646 - INFO - Completed /viper/ptmp/arego/Red_T_7K_1_EN_100/22807.h5 in 20.87 seconds
2025-09-19 07:30:57,719 - INFO - Processing /viper/ptmp/arego/Red_T_7K_1/8514.h5
2025-09-19 07:30:58,217 - INFO - Completed /viper/ptmp/arego/Red_T_7K_1_EN_100/6241.h5 in 29.73 seconds
2025-09-19 07:30:58,324 - INFO - Processing /viper/ptmp/arego/Red_T_7K_1/18815.h5
2025-09-19 07:30:58,967 - INFO - Completed /viper/ptmp/arego/Red_T_7K_1_EN_100/19059.h5 in 25.67 seconds
2025-09-19 07:30:59,086 - INFO - Processing /viper/ptmp/arego/Red_T_7K_1/6249.h5
2025-09-19 07:30:59,298 - INFO - Completed /viper/ptmp/arego/Red_T_7K_1_EN_100/19542.h5 in 28.98 seconds
2025-09-19 07:30:59,371 - INFO - Processing /viper/ptmp/arego/Red_T_7K_1/3477.h5
2025-09-19 07:31:00,639 - INFO - File 6249: Filtered 1959080 hits and 5 records
2025-09-19 07:31:00,820 - INFO - File 8514: Filtered 15335945 hits and 6 records
2025-09-19 07:31:00,865 - INFO - Completed /viper/ptmp/arego/Red_T_7K_1_EN_100/21960.h5 in 29.64 seconds
2025-09-19 07:31:00,919 - INFO - Processing /viper/ptmp/arego/Red_T_7K_1/17400.h5
2025-09-19 07:31:02,024 - INFO - File 18815: Filtered 3885356 hits and 6 records
2025-09-19 07:31:02,608 - INFO - Completed /viper/ptmp/arego/Red_T_7K_1_EN_100/8514.h5 in 4.89 seconds
2025-09-19 07:31:02,660 - INFO - Completed /viper/ptmp/arego/Red_T_7K_1_EN_100/3198.h5 in 19.60 seconds
2025-09-19 07:31:02,707 - INFO - Processing /viper/ptmp/arego/Red_T_7K_1/12173.h5
2025-09-19 07:31:02,854 - INFO - Processing /viper/ptmp/arego/Red_T_7K_1/15542.h5
2025-09-19 07:31:03,855 - INFO - Completed /viper/ptmp/arego/Red_T_7K_1_EN_100/11641.h5 in 24.79 seconds
2025-09-19 07:31:03,914 - INFO - Processing /viper/ptmp/arego/Red_T_7K_1/5381.h5
2025-09-19 07:31:04,070 - INFO - Completed /viper/ptmp/arego/Red_T_7K_1_EN_100/3531.h5 in 31.36 seconds
2025-09-19 07:31:04,165 - INFO - Processing /viper/ptmp/arego/Red_T_7K_1/6298.h5
2025-09-19 07:31:04,508 - INFO - File 15542: Filtered 3270576 hits and 4 records
2025-09-19 07:31:04,989 - INFO - File 17400: Filtered 6904055 hits and 5 records
2025-09-19 07:31:05,163 - INFO - Completed /viper/ptmp/arego/Red_T_7K_1_EN_100/568.h5 in 43.69 seconds
2025-09-19 07:31:05,203 - INFO - File 12173: Filtered 2261261 hits and 6 records
2025-09-19 07:31:05,300 - INFO - Processing /viper/ptmp/arego/Red_T_7K_1/1977.h5
2025-09-19 07:31:05,660 - INFO - File 5381: Filtered 3686738 hits and 4 records
2025-09-19 07:31:05,899 - INFO - File 10887: Filtered 54106 hits and 1 records
2025-09-19 07:31:06,027 - INFO - File 3477: Filtered 7999356 hits and 7 records
2025-09-19 07:31:06,334 - INFO - File 6298: Filtered 4651258 hits and 5 records
2025-09-19 07:31:06,836 - INFO - Completed /viper/ptmp/arego/Red_T_7K_1_EN_100/12514.h5 in 13.71 seconds
2025-09-19 07:31:06,896 - INFO - Processing /viper/ptmp/arego/Red_T_7K_1/11419.h5
2025-09-19 07:31:07,000 - INFO - File 1977: Filtered 3533618 hits and 4 records
2025-09-19 07:31:08,897 - INFO - File 11419: Filtered 3080586 hits and 6 records
2025-09-19 07:31:10,544 - INFO - Completed /viper/ptmp/arego/Red_T_7K_1_EN_100/19268.h5 in 30.83 seconds
2025-09-19 07:31:10,612 - INFO - Processing /viper/ptmp/arego/Red_T_7K_1/21367.h5
2025-09-19 07:31:10,962 - INFO - Completed /viper/ptmp/arego/Red_T_7K_1_EN_100/16431.h5 in 36.11 seconds
2025-09-19 07:31:11,052 - INFO - Processing /viper/ptmp/arego/Red_T_7K_1/19056.h5
2025-09-19 07:31:12,337 - INFO - File 21367: Filtered 2434254 hits and 7 records
2025-09-19 07:31:14,022 - INFO - Completed /viper/ptmp/arego/Red_T_7K_1_EN_100/10063.h5 in 55.13 seconds
2025-09-19 07:31:14,075 - INFO - Processing /viper/ptmp/arego/Red_T_7K_1/12421.h5
2025-09-19 07:31:14,620 - INFO - File 19056: Filtered 444038 hits and 5 records
2025-09-19 07:31:16,660 - INFO - Completed /viper/ptmp/arego/Red_T_7K_1_EN_100/3478.h5 in 27.76 seconds
2025-09-19 07:31:16,737 - INFO - Processing /viper/ptmp/arego/Red_T_7K_1/10763.h5
2025-09-19 07:31:17,318 - INFO - Completed /viper/ptmp/arego/Red_T_7K_1_EN_100/5381.h5 in 13.40 seconds
2025-09-19 07:31:17,380 - INFO - Processing /viper/ptmp/arego/Red_T_7K_1/20788.h5
2025-09-19 07:31:19,502 - INFO - File 12421: Filtered 3225942 hits and 5 records
2025-09-19 07:31:20,133 - INFO - File 20788: Filtered 44995 hits and 1 records
2025-09-19 07:31:20,515 - INFO - File 10763: Filtered 1404654 hits and 4 records
2025-09-19 07:31:22,910 - INFO - Completed /viper/ptmp/arego/Red_T_7K_1_EN_100/22938.h5 in 64.85 seconds
2025-09-19 07:31:22,990 - INFO - Processing /viper/ptmp/arego/Red_T_7K_1/1710.h5
2025-09-19 07:31:24,231 - INFO - Completed /viper/ptmp/arego/Red_T_7K_1_EN_100/6249.h5 in 25.14 seconds
2025-09-19 07:31:24,340 - INFO - Processing /viper/ptmp/arego/Red_T_7K_1/16899.h5
2025-09-19 07:31:24,782 - INFO - Completed /viper/ptmp/arego/Red_T_7K_1_EN_100/15542.h5 in 21.93 seconds
2025-09-19 07:31:24,879 - INFO - Processing /viper/ptmp/arego/Red_T_7K_1/17423.h5
2025-09-19 07:31:26,029 - INFO - Completed /viper/ptmp/arego/Red_T_7K_1_EN_100/14362.h5 in 33.18 seconds
2025-09-19 07:31:26,103 - INFO - File 16899: Filtered 1651411 hits and 6 records
2025-09-19 07:31:26,133 - INFO - Processing /viper/ptmp/arego/Red_T_7K_1/3535.h5
2025-09-19 07:31:27,033 - INFO - File 17423: Filtered 1585599 hits and 4 records
2025-09-19 07:31:27,034 - INFO - Completed /viper/ptmp/arego/Red_T_7K_1_EN_100/11419.h5 in 20.14 seconds
2025-09-19 07:31:27,099 - INFO - Processing /viper/ptmp/arego/Red_T_7K_1/20402.h5
2025-09-19 07:31:27,140 - INFO - Completed /viper/ptmp/arego/Red_T_7K_1_EN_100/1977.h5 in 21.84 seconds
2025-09-19 07:31:27,364 - INFO - Processing /viper/ptmp/arego/Red_T_7K_1/7095.h5
2025-09-19 07:31:28,171 - INFO - Completed /viper/ptmp/arego/Red_T_7K_1_EN_100/2194.h5 in 63.82 seconds
2025-09-19 07:31:28,247 - INFO - Processing /viper/ptmp/arego/Red_T_7K_1/15071.h5
2025-09-19 07:31:28,559 - INFO - File 20402: Filtered 2859575 hits and 4 records
2025-09-19 07:31:30,685 - INFO - File 7095: Filtered 873847 hits and 4 records
2025-09-19 07:31:32,518 - INFO - Completed /viper/ptmp/arego/Red_T_7K_1_EN_100/17400.h5 in 31.60 seconds
2025-09-19 07:31:32,596 - INFO - Processing /viper/ptmp/arego/Red_T_7K_1/22731.h5
2025-09-19 07:31:34,156 - INFO - Completed /viper/ptmp/arego/Red_T_7K_1_EN_100/6298.h5 in 29.99 seconds
2025-09-19 07:31:34,251 - INFO - Processing /viper/ptmp/arego/Red_T_7K_1/8093.h5
2025-09-19 07:31:35,416 - INFO - Completed /viper/ptmp/arego/Red_T_7K_1_EN_100/21367.h5 in 24.80 seconds
2025-09-19 07:31:35,502 - INFO - File 1710: Filtered 183831 hits and 3 records
2025-09-19 07:31:35,545 - INFO - Processing /viper/ptmp/arego/Red_T_7K_1/2351.h5
2025-09-19 07:31:36,425 - INFO - File 22731: Filtered 2647864 hits and 8 records
2025-09-19 07:31:36,847 - INFO - File 8093: Filtered 9449084 hits and 8 records
2025-09-19 07:31:37,247 - INFO - File 15071: Filtered 1871577 hits and 5 records
2025-09-19 07:31:38,768 - INFO - File 2351: Filtered 234941 hits and 3 records
2025-09-19 07:31:41,065 - INFO - File 3535: Filtered 2336354 hits and 4 records
2025-09-19 07:31:45,457 - INFO - Completed /viper/ptmp/arego/Red_T_7K_1_EN_100/18815.h5 in 47.13 seconds
2025-09-19 07:31:45,498 - INFO - Processing /viper/ptmp/arego/Red_T_7K_1/18221.h5
2025-09-19 07:31:46,963 - INFO - Completed /viper/ptmp/arego/Red_T_7K_1_EN_100/20402.h5 in 19.86 seconds
2025-09-19 07:31:47,002 - INFO - Processing /viper/ptmp/arego/Red_T_7K_1/3063.h5
2025-09-19 07:31:48,044 - INFO - Completed /viper/ptmp/arego/Red_T_7K_1_EN_100/12173.h5 in 45.34 seconds
2025-09-19 07:31:48,091 - INFO - Processing /viper/ptmp/arego/Red_T_7K_1/5570.h5
2025-09-19 07:31:48,482 - INFO - File 3063: Filtered 6652753 hits and 7 records
2025-09-19 07:31:48,873 - INFO - File 18221: Filtered 12957715 hits and 8 records
2025-09-19 07:31:53,873 - INFO - Completed /viper/ptmp/arego/Red_T_7K_1_EN_100/19794.h5 in 78.60 seconds
2025-09-19 07:31:53,920 - INFO - Processing /viper/ptmp/arego/Red_T_7K_1/16569.h5
2025-09-19 07:31:53,962 - INFO - File 5570: Filtered 2222596 hits and 5 records
2025-09-19 07:31:54,075 - INFO - Completed /viper/ptmp/arego/Red_T_7K_1_EN_100/3063.h5 in 7.07 seconds
2025-09-19 07:31:54,144 - INFO - Processing /viper/ptmp/arego/Red_T_7K_1/19497.h5
2025-09-19 07:31:54,479 - INFO - Completed /viper/ptmp/arego/Red_T_7K_1_EN_100/18221.h5 in 8.98 seconds
2025-09-19 07:31:54,544 - INFO - Processing /viper/ptmp/arego/Red_T_7K_1/3424.h5
2025-09-19 07:31:54,772 - INFO - Completed /viper/ptmp/arego/Red_T_7K_1_EN_100/16899.h5 in 30.43 seconds
2025-09-19 07:31:54,953 - INFO - Processing /viper/ptmp/arego/Red_T_7K_1/41.h5
2025-09-19 07:31:56,945 - INFO - File 41: Filtered 4185131 hits and 6 records
2025-09-19 07:31:57,650 - INFO - File 19497: Filtered 1687449 hits and 3 records
2025-09-19 07:31:57,747 - INFO - File 16569: Filtered 6546320 hits and 7 records
2025-09-19 07:31:58,892 - INFO - Completed /viper/ptmp/arego/Red_T_7K_1_EN_100/8093.h5 in 24.64 seconds
2025-09-19 07:31:58,936 - INFO - Processing /viper/ptmp/arego/Red_T_7K_1/6850.h5
2025-09-19 07:32:01,941 - INFO - File 6850: Filtered 5454475 hits and 4 records
2025-09-19 07:32:03,921 - INFO - Completed /viper/ptmp/arego/Red_T_7K_1_EN_100/17423.h5 in 39.04 seconds
2025-09-19 07:32:04,071 - INFO - Processing /viper/ptmp/arego/Red_T_7K_1/20034.h5
2025-09-19 07:32:05,975 - INFO - Completed /viper/ptmp/arego/Red_T_7K_1_EN_100/3477.h5 in 66.60 seconds
2025-09-19 07:32:06,024 - INFO - Processing /viper/ptmp/arego/Red_T_7K_1/6891.h5
2025-09-19 07:32:07,070 - INFO - File 3424: Filtered 36613379 hits and 7 records
2025-09-19 07:32:07,107 - INFO - Completed /viper/ptmp/arego/Red_T_7K_1_EN_100/10763.h5 in 50.37 seconds
2025-09-19 07:32:07,147 - INFO - Processing /viper/ptmp/arego/Red_T_7K_1/8411.h5
2025-09-19 07:32:08,813 - INFO - File 20034: Filtered 245487 hits and 4 records
2025-09-19 07:32:09,728 - INFO - File 6891: Filtered 5735477 hits and 2 records
2025-09-19 07:32:10,914 - INFO - Completed /viper/ptmp/arego/Red_T_7K_1_EN_100/20788.h5 in 53.53 seconds
2025-09-19 07:32:10,960 - INFO - Processing /viper/ptmp/arego/Red_T_7K_1/6318.h5
2025-09-19 07:32:11,085 - INFO - File 8411: Filtered 6424912 hits and 7 records
2025-09-19 07:32:13,225 - INFO - File 6318: Filtered 403704 hits and 4 records
2025-09-19 07:32:16,904 - INFO - Completed /viper/ptmp/arego/Red_T_7K_1_EN_100/22731.h5 in 44.31 seconds
2025-09-19 07:32:16,969 - INFO - Processing /viper/ptmp/arego/Red_T_7K_1/19240.h5
2025-09-19 07:32:16,982 - INFO - Completed /viper/ptmp/arego/Red_T_7K_1_EN_100/19056.h5 in 65.93 seconds
2025-09-19 07:32:17,061 - INFO - Processing /viper/ptmp/arego/Red_T_7K_1/11939.h5
2025-09-19 07:32:17,502 - INFO - Completed /viper/ptmp/arego/Red_T_7K_1_EN_100/41.h5 in 22.55 seconds
2025-09-19 07:32:17,689 - INFO - Processing /viper/ptmp/arego/Red_T_7K_1/15144.h5
2025-09-19 07:32:18,584 - INFO - Completed /viper/ptmp/arego/Red_T_7K_1_EN_100/2604.h5 in 98.03 seconds
2025-09-19 07:32:18,656 - INFO - Processing /viper/ptmp/arego/Red_T_7K_1/811.h5
2025-09-19 07:32:19,868 - INFO - File 15144: Filtered 3262413 hits and 6 records
2025-09-19 07:32:21,202 - INFO - File 11939: Filtered 5240309 hits and 5 records
2025-09-19 07:32:21,305 - INFO - File 19240: Filtered 7880919 hits and 5 records
2025-09-19 07:32:22,109 - INFO - File 811: Filtered 9850303 hits and 7 records
2025-09-19 07:32:24,897 - INFO - Completed /viper/ptmp/arego/Red_T_7K_1_EN_100/14568.h5 in 108.02 seconds
2025-09-19 07:32:24,971 - INFO - Processing /viper/ptmp/arego/Red_T_7K_1/22198.h5
2025-09-19 07:32:27,892 - INFO - Completed /viper/ptmp/arego/Red_T_7K_1_EN_100/13207.h5 in 140.12 seconds
2025-09-19 07:32:28,021 - INFO - Processing /viper/ptmp/arego/Red_T_7K_1/9557.h5
2025-09-19 07:32:29,195 - INFO - File 22198: Filtered 2438760 hits and 5 records
2025-09-19 07:32:30,019 - INFO - Completed /viper/ptmp/arego/Red_T_7K_1_EN_100/16569.h5 in 36.10 seconds
2025-09-19 07:32:30,098 - INFO - Processing /viper/ptmp/arego/Red_T_7K_1/18173.h5
2025-09-19 07:32:31,729 - INFO - File 9557: Filtered 1072987 hits and 4 records
2025-09-19 07:32:32,594 - INFO - Completed /viper/ptmp/arego/Red_T_7K_1_EN_100/9846.h5 in 109.16 seconds
2025-09-19 07:32:32,676 - INFO - Processing /viper/ptmp/arego/Red_T_7K_1/22702.h5
2025-09-19 07:32:35,844 - INFO - File 18173: Filtered 6985960 hits and 3 records
2025-09-19 07:32:35,847 - INFO - File 22702: Filtered 12976817 hits and 7 records
2025-09-19 07:32:41,056 - INFO - Completed /viper/ptmp/arego/Red_T_7K_1_EN_100/12421.h5 in 86.98 seconds
2025-09-19 07:32:41,158 - INFO - Processing /viper/ptmp/arego/Red_T_7K_1/19545.h5
2025-09-19 07:32:44,185 - INFO - File 19545: Filtered 17692486 hits and 6 records
2025-09-19 07:32:44,453 - INFO - Completed /viper/ptmp/arego/Red_T_7K_1_EN_100/19545.h5 in 3.30 seconds
2025-09-19 07:32:44,512 - INFO - Processing /viper/ptmp/arego/Red_T_7K_1/863.h5
2025-09-19 07:32:45,118 - INFO - Completed /viper/ptmp/arego/Red_T_7K_1_EN_100/6850.h5 in 46.18 seconds
2025-09-19 07:32:45,210 - INFO - Processing /viper/ptmp/arego/Red_T_7K_1/5647.h5
2025-09-19 07:32:46,201 - INFO - Completed /viper/ptmp/arego/Red_T_7K_1_EN_100/7095.h5 in 78.84 seconds
2025-09-19 07:32:46,300 - INFO - Processing /viper/ptmp/arego/Red_T_7K_1/13079.h5
2025-09-19 07:32:46,507 - INFO - Completed /viper/ptmp/arego/Red_T_7K_1_EN_100/6891.h5 in 40.48 seconds
2025-09-19 07:32:46,586 - INFO - Processing /viper/ptmp/arego/Red_T_7K_1/68.h5
2025-09-19 07:32:47,651 - INFO - Completed /viper/ptmp/arego/Red_T_7K_1_EN_100/8411.h5 in 40.50 seconds
2025-09-19 07:32:47,720 - INFO - Processing /viper/ptmp/arego/Red_T_7K_1/6741.h5
2025-09-19 07:32:48,259 - INFO - File 863: Filtered 5052542 hits and 4 records
2025-09-19 07:32:49,783 - INFO - File 13079: Filtered 3718839 hits and 5 records
2025-09-19 07:32:51,670 - INFO - File 68: Filtered 6420648 hits and 3 records
2025-09-19 07:32:51,796 - INFO - Completed /viper/ptmp/arego/Red_T_7K_1_EN_100/15144.h5 in 34.11 seconds
2025-09-19 07:32:51,913 - INFO - Processing /viper/ptmp/arego/Red_T_7K_1/2627.h5
2025-09-19 07:32:52,272 - INFO - Completed /viper/ptmp/arego/Red_T_7K_1_EN_100/811.h5 in 33.62 seconds
2025-09-19 07:32:52,342 - INFO - Processing /viper/ptmp/arego/Red_T_7K_1/21618.h5
2025-09-19 07:32:52,820 - INFO - File 6741: Filtered 3825264 hits and 5 records
2025-09-19 07:32:53,984 - INFO - File 2627: Filtered 5640682 hits and 6 records
2025-09-19 07:32:54,170 - INFO - Completed /viper/ptmp/arego/Red_T_7K_1_EN_100/6318.h5 in 43.21 seconds
2025-09-19 07:32:54,245 - INFO - Processing /viper/ptmp/arego/Red_T_7K_1/6140.h5
2025-09-19 07:32:55,193 - INFO - Completed /viper/ptmp/arego/Red_T_7K_1_EN_100/5121.h5 in 130.49 seconds
2025-09-19 07:32:55,360 - INFO - Processing /viper/ptmp/arego/Red_T_7K_1/15651.h5
2025-09-19 07:32:55,821 - INFO - Completed /viper/ptmp/arego/Red_T_7K_1_EN_100/22702.h5 in 23.15 seconds
2025-09-19 07:32:55,924 - INFO - Processing /viper/ptmp/arego/Red_T_7K_1/12197.h5
2025-09-19 07:32:56,807 - INFO - File 21618: Filtered 11522481 hits and 4 records
2025-09-19 07:32:57,135 - INFO - Completed /viper/ptmp/arego/Red_T_7K_1_EN_100/2351.h5 in 81.59 seconds
2025-09-19 07:32:57,246 - INFO - Processing /viper/ptmp/arego/Red_T_7K_1/10280.h5
2025-09-19 07:32:57,262 - INFO - Completed /viper/ptmp/arego/Red_T_7K_1_EN_100/3424.h5 in 62.72 seconds
2025-09-19 07:32:57,336 - INFO - Processing /viper/ptmp/arego/Red_T_7K_1/18974.h5
2025-09-19 07:32:57,614 - INFO - Completed /viper/ptmp/arego/Red_T_7K_1_EN_100/19240.h5 in 40.65 seconds
2025-09-19 07:32:57,635 - INFO - Completed /viper/ptmp/arego/Red_T_7K_1_EN_100/19497.h5 in 63.49 seconds
2025-09-19 07:32:57,681 - INFO - Processing /viper/ptmp/arego/Red_T_7K_1/11877.h5
2025-09-19 07:32:57,697 - INFO - Processing /viper/ptmp/arego/Red_T_7K_1/21997.h5
2025-09-19 07:32:57,760 - INFO - File 15651: Filtered 2622360 hits and 2 records
2025-09-19 07:32:59,595 - INFO - File 10280: Filtered 3312316 hits and 4 records
2025-09-19 07:33:00,099 - INFO - File 21997: Filtered 2520842 hits and 4 records
2025-09-19 07:33:00,314 - INFO - File 12197: Filtered 5926494 hits and 7 records
2025-09-19 07:33:01,949 - INFO - File 6140: Filtered 1747814 hits and 7 records
2025-09-19 07:33:03,188 - INFO - File 18974: Filtered 159823 hits and 4 records
2025-09-19 07:33:06,340 - INFO - File 5647: Filtered 24838870 hits and 5 records
2025-09-19 07:33:14,218 - INFO - File 11877: Filtered 1583718 hits and 5 records
2025-09-19 07:33:14,305 - INFO - Completed /viper/ptmp/arego/Red_T_7K_1_EN_100/2627.h5 in 22.39 seconds
2025-09-19 07:33:14,451 - INFO - Processing /viper/ptmp/arego/Red_T_7K_1/299.h5
2025-09-19 07:33:19,636 - INFO - File 299: Filtered 191195 hits and 1 records
2025-09-19 07:33:24,055 - INFO - Completed /viper/ptmp/arego/Red_T_7K_1_EN_100/11939.h5 in 66.99 seconds
2025-09-19 07:33:24,102 - INFO - Processing /viper/ptmp/arego/Red_T_7K_1/18438.h5
2025-09-19 07:33:28,406 - INFO - File 18438: Filtered 10603469 hits and 7 records
2025-09-19 07:33:31,898 - INFO - Completed /viper/ptmp/arego/Red_T_7K_1_EN_100/21997.h5 in 34.20 seconds
2025-09-19 07:33:31,956 - INFO - Processing /viper/ptmp/arego/Red_T_7K_1/271.h5
2025-09-19 07:33:32,824 - INFO - Completed /viper/ptmp/arego/Red_T_7K_1_EN_100/18173.h5 in 62.73 seconds
2025-09-19 07:33:32,896 - INFO - Processing /viper/ptmp/arego/Red_T_7K_1/3267.h5
2025-09-19 07:33:34,142 - INFO - File 271: Filtered 84595 hits and 2 records
2025-09-19 07:33:34,749 - INFO - Completed /viper/ptmp/arego/Red_T_7K_1_EN_100/22198.h5 in 69.78 seconds
2025-09-19 07:33:34,829 - INFO - Processing /viper/ptmp/arego/Red_T_7K_1/19676.h5
2025-09-19 07:33:34,909 - INFO - Completed /viper/ptmp/arego/Red_T_7K_1_EN_100/10280.h5 in 37.66 seconds
2025-09-19 07:33:34,998 - INFO - Processing /viper/ptmp/arego/Red_T_7K_1/1287.h5
2025-09-19 07:33:36,677 - INFO - Completed /viper/ptmp/arego/Red_T_7K_1_EN_100/10887.h5 in 161.52 seconds
2025-09-19 07:33:36,776 - INFO - Processing /viper/ptmp/arego/Red_T_7K_1/2102.h5
2025-09-19 07:33:37,056 - INFO - Completed /viper/ptmp/arego/Red_T_7K_1_EN_100/15651.h5 in 41.70 seconds
2025-09-19 07:33:37,280 - INFO - Processing /viper/ptmp/arego/Red_T_7K_1/18185.h5
2025-09-19 07:33:37,479 - INFO - File 1287: Filtered 3421843 hits and 5 records
2025-09-19 07:33:38,869 - INFO - File 3267: Filtered 7854182 hits and 6 records
2025-09-19 07:33:39,889 - INFO - Completed /viper/ptmp/arego/Red_T_7K_1_EN_100/21618.h5 in 47.55 seconds
2025-09-19 07:33:39,952 - INFO - Processing /viper/ptmp/arego/Red_T_7K_1/13204.h5
2025-09-19 07:33:39,986 - INFO - File 18185: Filtered 3100280 hits and 4 records
2025-09-19 07:33:40,525 - INFO - Completed /viper/ptmp/arego/Red_T_7K_1_EN_100/68.h5 in 53.94 seconds
2025-09-19 07:33:40,607 - INFO - Processing /viper/ptmp/arego/Red_T_7K_1/10876.h5
2025-09-19 07:33:41,848 - INFO - File 19676: Filtered 194710 hits and 3 records
2025-09-19 07:33:43,918 - INFO - Completed /viper/ptmp/arego/Red_T_7K_1_EN_100/5570.h5 in 115.83 seconds
2025-09-19 07:33:43,944 - INFO - Completed /viper/ptmp/arego/Red_T_7K_1_EN_100/13079.h5 in 57.64 seconds
2025-09-19 07:33:43,990 - INFO - Processing /viper/ptmp/arego/Red_T_7K_1/5923.h5
2025-09-19 07:33:44,043 - INFO - Processing /viper/ptmp/arego/Red_T_7K_1/7231.h5
2025-09-19 07:33:46,477 - INFO - File 13204: Filtered 5150305 hits and 5 records
2025-09-19 07:33:47,374 - INFO - Completed /viper/ptmp/arego/Red_T_7K_1_EN_100/863.h5 in 62.86 seconds
2025-09-19 07:33:47,484 - INFO - Processing /viper/ptmp/arego/Red_T_7K_1/1082.h5
2025-09-19 07:33:47,698 - INFO - File 2102: Filtered 443245 hits and 4 records
2025-09-19 07:33:47,830 - INFO - File 10876: Filtered 932080 hits and 1 records
2025-09-19 07:33:48,675 - INFO - File 7231: Filtered 788806 hits and 1 records
2025-09-19 07:33:49,702 - INFO - File 5923: Filtered 12061330 hits and 5 records
2025-09-19 07:33:53,594 - INFO - File 1082: Filtered 15856650 hits and 3 records
2025-09-19 07:33:56,823 - INFO - Completed /viper/ptmp/arego/Red_T_7K_1_EN_100/20034.h5 in 112.75 seconds
2025-09-19 07:33:56,912 - INFO - Processing /viper/ptmp/arego/Red_T_7K_1/8371.h5
2025-09-19 07:33:59,087 - INFO - Completed /viper/ptmp/arego/Red_T_7K_1_EN_100/6741.h5 in 71.37 seconds
2025-09-19 07:33:59,162 - INFO - Processing /viper/ptmp/arego/Red_T_7K_1/21664.h5
2025-09-19 07:33:59,749 - INFO - File 8371: Filtered 1509464 hits and 8 records
2025-09-19 07:34:00,021 - INFO - Completed /viper/ptmp/arego/Red_T_7K_1_EN_100/9557.h5 in 92.00 seconds
2025-09-19 07:34:00,117 - INFO - Processing /viper/ptmp/arego/Red_T_7K_1/2008.h5
2025-09-19 07:34:02,938 - INFO - File 2008: Filtered 6002437 hits and 3 records
2025-09-19 07:34:07,633 - INFO - Completed /viper/ptmp/arego/Red_T_7K_1_EN_100/15071.h5 in 159.39 seconds
2025-09-19 07:34:07,712 - INFO - Processing /viper/ptmp/arego/Red_T_7K_1/12715.h5
2025-09-19 07:34:09,629 - INFO - Completed /viper/ptmp/arego/Red_T_7K_1_EN_100/12197.h5 in 73.71 seconds
2025-09-19 07:34:09,703 - INFO - Processing /viper/ptmp/arego/Red_T_7K_1/962.h5
2025-09-19 07:34:12,707 - INFO - Completed /viper/ptmp/arego/Red_T_7K_1_EN_100/271.h5 in 40.75 seconds
2025-09-19 07:34:12,773 - INFO - Processing /viper/ptmp/arego/Red_T_7K_1/4835.h5
2025-09-19 07:34:13,850 - INFO - Completed /viper/ptmp/arego/Red_T_7K_1_EN_100/18438.h5 in 49.75 seconds
2025-09-19 07:34:13,933 - INFO - Processing /viper/ptmp/arego/Red_T_7K_1/23210.h5
2025-09-19 07:34:14,993 - INFO - File 4835: Filtered 5321456 hits and 5 records
2025-09-19 07:34:15,534 - INFO - File 12715: Filtered 27096567 hits and 8 records
2025-09-19 07:34:16,223 - INFO - File 21664: Filtered 15578677 hits and 4 records
2025-09-19 07:34:19,480 - INFO - File 962: Filtered 2077324 hits and 5 records
2025-09-19 07:34:20,252 - INFO - Completed /viper/ptmp/arego/Red_T_7K_1_EN_100/1287.h5 in 45.25 seconds
2025-09-19 07:34:20,377 - INFO - Processing /viper/ptmp/arego/Red_T_7K_1/16076.h5
2025-09-19 07:34:22,322 - INFO - File 23210: Filtered 14315590 hits and 5 records
2025-09-19 07:34:25,085 - INFO - Completed /viper/ptmp/arego/Red_T_7K_1_EN_100/18185.h5 in 47.80 seconds
2025-09-19 07:34:25,274 - INFO - Processing /viper/ptmp/arego/Red_T_7K_1/738.h5
2025-09-19 07:34:29,014 - INFO - File 738: Filtered 7213824 hits and 7 records
2025-09-19 07:34:29,389 - INFO - File 16076: Filtered 2517733 hits and 4 records
2025-09-19 07:34:33,152 - INFO - Completed /viper/ptmp/arego/Red_T_7K_1_EN_100/18974.h5 in 95.82 seconds
2025-09-19 07:34:33,252 - INFO - Processing /viper/ptmp/arego/Red_T_7K_1/21246.h5
2025-09-19 07:34:36,399 - INFO - Completed /viper/ptmp/arego/Red_T_7K_1_EN_100/2008.h5 in 36.28 seconds
2025-09-19 07:34:36,581 - INFO - Processing /viper/ptmp/arego/Red_T_7K_1/3669.h5
2025-09-19 07:34:41,268 - INFO - Completed /viper/ptmp/arego/Red_T_7K_1_EN_100/4835.h5 in 28.49 seconds
2025-09-19 07:34:41,325 - INFO - Processing /viper/ptmp/arego/Red_T_7K_1/3223.h5
2025-09-19 07:34:42,665 - INFO - Completed /viper/ptmp/arego/Red_T_7K_1_EN_100/3267.h5 in 69.77 seconds
2025-09-19 07:34:42,758 - INFO - Processing /viper/ptmp/arego/Red_T_7K_1/7810.h5
2025-09-19 07:34:45,933 - INFO - File 3223: Filtered 6115254 hits and 6 records
2025-09-19 07:34:46,476 - INFO - File 21246: Filtered 19547775 hits and 4 records
2025-09-19 07:34:48,786 - INFO - Completed /viper/ptmp/arego/Red_T_7K_1_EN_100/8371.h5 in 51.87 seconds
2025-09-19 07:34:48,914 - INFO - Processing /viper/ptmp/arego/Red_T_7K_1/16485.h5
2025-09-19 07:34:52,989 - INFO - File 16485: Filtered 4239547 hits and 6 records
2025-09-19 07:34:53,270 - INFO - File 3669: Filtered 15749343 hits and 5 records
2025-09-19 07:34:53,962 - INFO - Completed /viper/ptmp/arego/Red_T_7K_1_EN_100/5923.h5 in 69.97 seconds
2025-09-19 07:34:54,032 - INFO - Processing /viper/ptmp/arego/Red_T_7K_1/19723.h5
2025-09-19 07:34:56,247 - INFO - Completed /viper/ptmp/arego/Red_T_7K_1_EN_100/1082.h5 in 68.76 seconds
2025-09-19 07:34:56,323 - INFO - Processing /viper/ptmp/arego/Red_T_7K_1/7208.h5
2025-09-19 07:35:02,940 - INFO - File 7810: Filtered 35437605 hits and 5 records
2025-09-19 07:35:05,582 - INFO - Completed /viper/ptmp/arego/Red_T_7K_1_EN_100/3535.h5 in 219.45 seconds
2025-09-19 07:35:05,674 - INFO - Processing /viper/ptmp/arego/Red_T_7K_1/16324.h5
2025-09-19 07:35:08,761 - INFO - Completed /viper/ptmp/arego/Red_T_7K_1_EN_100/738.h5 in 43.49 seconds
2025-09-19 07:35:08,887 - INFO - Processing /viper/ptmp/arego/Red_T_7K_1/20122.h5
2025-09-19 07:35:09,804 - INFO - File 19723: Filtered 86533358 hits and 3 records
2025-09-19 07:35:11,885 - INFO - File 20122: Filtered 10376935 hits and 8 records
2025-09-19 07:35:12,167 - INFO - Completed /viper/ptmp/arego/Red_T_7K_1_EN_100/6140.h5 in 137.92 seconds
2025-09-19 07:35:12,246 - INFO - Processing /viper/ptmp/arego/Red_T_7K_1/9288.h5
2025-09-19 07:35:14,398 - INFO - Completed /viper/ptmp/arego/Red_T_7K_1_EN_100/299.h5 in 119.95 seconds
2025-09-19 07:35:14,533 - INFO - Processing /viper/ptmp/arego/Red_T_7K_1/2486.h5
2025-09-19 07:35:15,705 - INFO - Completed /viper/ptmp/arego/Red_T_7K_1_EN_100/12715.h5 in 67.99 seconds
2025-09-19 07:35:15,751 - INFO - Processing /viper/ptmp/arego/Red_T_7K_1/561.h5
2025-09-19 07:35:16,937 - INFO - Completed /viper/ptmp/arego/Red_T_7K_1_EN_100/1710.h5 in 233.95 seconds
2025-09-19 07:35:17,017 - INFO - Processing /viper/ptmp/arego/Red_T_7K_1/2783.h5
2025-09-19 07:35:19,546 - INFO - File 2486: Filtered 3483158 hits and 3 records
2025-09-19 07:35:22,873 - INFO - File 9288: Filtered 24945895 hits and 9 records
2025-09-19 07:35:23,138 - INFO - Completed /viper/ptmp/arego/Red_T_7K_1_EN_100/19723.h5 in 29.11 seconds
2025-09-19 07:35:23,802 - INFO - Completed /viper/ptmp/arego/Red_T_7K_1_EN_100/7231.h5 in 99.76 seconds
2025-09-19 07:35:23,944 - INFO - Processing /viper/ptmp/arego/Red_T_7K_1/1244.h5
2025-09-19 07:35:27,260 - INFO - File 16324: Filtered 1762498 hits and 3 records
2025-09-19 07:35:28,641 - INFO - File 1244: Filtered 11019825 hits and 11 records
2025-09-19 07:35:30,686 - INFO - Completed /viper/ptmp/arego/Red_T_7K_1_EN_100/19676.h5 in 115.86 seconds
2025-09-19 07:35:30,781 - INFO - Processing /viper/ptmp/arego/Red_T_7K_1/17796.h5
2025-09-19 07:35:33,401 - INFO - Completed /viper/ptmp/arego/Red_T_7K_1_EN_100/10876.h5 in 112.79 seconds
2025-09-19 07:35:33,483 - INFO - Processing /viper/ptmp/arego/Red_T_7K_1/9063.h5
2025-09-19 07:35:39,790 - INFO - Completed /viper/ptmp/arego/Red_T_7K_1_EN_100/20122.h5 in 30.90 seconds
2025-09-19 07:35:39,865 - INFO - Processing /viper/ptmp/arego/Red_T_7K_1/5983.h5
2025-09-19 07:35:42,976 - INFO - File 561: Filtered 182359 hits and 4 records
2025-09-19 07:35:45,097 - INFO - Completed /viper/ptmp/arego/Red_T_7K_1_EN_100/13204.h5 in 125.15 seconds
2025-09-19 07:35:47,827 - INFO - File 5983: Filtered 4495229 hits and 4 records
2025-09-19 07:35:51,574 - INFO - File 7208: Filtered 146839 hits and 2 records
2025-09-19 07:35:52,036 - INFO - Completed /viper/ptmp/arego/Red_T_7K_1_EN_100/16485.h5 in 63.12 seconds
2025-09-19 07:35:52,153 - INFO - Processing /viper/ptmp/arego/Red_T_7K_1/9844.h5
2025-09-19 07:35:55,571 - INFO - Completed /viper/ptmp/arego/Red_T_7K_1_EN_100/3223.h5 in 74.25 seconds
2025-09-19 07:35:55,643 - INFO - Processing /viper/ptmp/arego/Red_T_7K_1/411.h5
2025-09-19 07:35:59,919 - INFO - File 411: Filtered 13673655 hits and 6 records
2025-09-19 07:36:07,866 - INFO - File 9063: Filtered 19954557 hits and 4 records
2025-09-19 07:36:16,000 - INFO - Completed /viper/ptmp/arego/Red_T_7K_1_EN_100/9288.h5 in 63.75 seconds
2025-09-19 07:36:16,008 - INFO - File 17796: Filtered 26445782 hits and 4 records
2025-09-19 07:36:16,074 - INFO - Processing /viper/ptmp/arego/Red_T_7K_1/13186.h5
2025-09-19 07:36:17,945 - INFO - Completed /viper/ptmp/arego/Red_T_7K_1_EN_100/23210.h5 in 124.01 seconds
2025-09-19 07:36:17,995 - INFO - Completed /viper/ptmp/arego/Red_T_7K_1_EN_100/1244.h5 in 54.05 seconds
2025-09-19 07:36:18,190 - INFO - Processing /viper/ptmp/arego/Red_T_7K_1/22970.h5
2025-09-19 07:36:23,150 - INFO - File 13186: Filtered 859931 hits and 7 records
2025-09-19 07:36:25,093 - INFO - Completed /viper/ptmp/arego/Red_T_7K_1_EN_100/2102.h5 in 168.32 seconds
2025-09-19 07:36:25,184 - INFO - Processing /viper/ptmp/arego/Red_T_7K_1/18168.h5
2025-09-19 07:36:31,893 - INFO - Completed /viper/ptmp/arego/Red_T_7K_1_EN_100/411.h5 in 36.25 seconds
2025-09-19 07:36:31,992 - INFO - Processing /viper/ptmp/arego/Red_T_7K_1/690.h5
2025-09-19 07:36:39,920 - INFO - File 690: Filtered 7856622 hits and 4 records
2025-09-19 07:36:45,134 - INFO - File 9844: Filtered 3026551 hits and 5 records
2025-09-19 07:36:53,344 - INFO - Completed /viper/ptmp/arego/Red_T_7K_1_EN_100/11877.h5 in 235.66 seconds
2025-09-19 07:36:53,450 - INFO - Processing /viper/ptmp/arego/Red_T_7K_1/2360.h5
2025-09-19 07:36:54,241 - INFO - File 22970: Filtered 21159452 hits and 5 records
2025-09-19 07:36:54,698 - INFO - File 18168: Filtered 15252017 hits and 4 records
2025-09-19 07:37:00,704 - INFO - Completed /viper/ptmp/arego/Red_T_7K_1_EN_100/21246.h5 in 147.45 seconds
2025-09-19 07:37:00,784 - INFO - Processing /viper/ptmp/arego/Red_T_7K_1/12958.h5
2025-09-19 07:37:02,098 - INFO - Completed /viper/ptmp/arego/Red_T_7K_1_EN_100/2486.h5 in 107.57 seconds
2025-09-19 07:37:02,292 - INFO - Processing /viper/ptmp/arego/Red_T_7K_1/13229.h5
2025-09-19 07:37:18,968 - INFO - File 13229: Filtered 970870 hits and 4 records
2025-09-19 07:37:26,281 - INFO - Completed /viper/ptmp/arego/Red_T_7K_1_EN_100/21664.h5 in 207.12 seconds
2025-09-19 07:37:26,357 - INFO - Processing /viper/ptmp/arego/Red_T_7K_1/4052.h5
2025-09-19 07:37:27,843 - INFO - File 2783: Filtered 251216435 hits and 5 records
2025-09-19 07:37:30,095 - INFO - Completed /viper/ptmp/arego/Red_T_7K_1_EN_100/962.h5 in 200.39 seconds
2025-09-19 07:37:41,475 - INFO - Completed /viper/ptmp/arego/Red_T_7K_1_EN_100/16076.h5 in 201.10 seconds
2025-09-19 07:37:41,576 - INFO - Processing /viper/ptmp/arego/Red_T_7K_1/18778.h5
2025-09-19 07:37:43,898 - INFO - Completed /viper/ptmp/arego/Red_T_7K_1_EN_100/7810.h5 in 181.14 seconds
2025-09-19 07:37:52,637 - INFO - File 18778: Filtered 39876994 hits and 3 records
2025-09-19 07:38:02,557 - INFO - Completed /viper/ptmp/arego/Red_T_7K_1_EN_100/18778.h5 in 20.98 seconds
2025-09-19 07:38:02,641 - INFO - Processing /viper/ptmp/arego/Red_T_7K_1/17386.h5
2025-09-19 07:38:39,054 - INFO - Completed /viper/ptmp/arego/Red_T_7K_1_EN_100/13186.h5 in 142.98 seconds
2025-09-19 07:38:39,134 - INFO - Processing /viper/ptmp/arego/Red_T_7K_1/22654.h5
2025-09-19 07:38:41,548 - INFO - Completed /viper/ptmp/arego/Red_T_7K_1_EN_100/5983.h5 in 181.68 seconds
2025-09-19 07:38:41,580 - INFO - File 17386: Filtered 486012 hits and 5 records
2025-09-19 07:38:41,652 - INFO - Processing /viper/ptmp/arego/Red_T_7K_1/1228.h5
2025-09-19 07:38:54,635 - INFO - Completed /viper/ptmp/arego/Red_T_7K_1_EN_100/690.h5 in 142.64 seconds
2025-09-19 07:38:57,985 - INFO - Completed /viper/ptmp/arego/Red_T_7K_1_EN_100/5647.h5 in 372.77 seconds
2025-09-19 07:39:07,370 - INFO - File 22654: Filtered 73866847 hits and 8 records
2025-09-19 07:39:38,244 - INFO - Completed /viper/ptmp/arego/Red_T_7K_1_EN_100/3669.h5 in 301.66 seconds
2025-09-19 07:40:17,557 - INFO - File 1228: Filtered 1366935 hits and 6 records
2025-09-19 07:40:21,867 - INFO - File 2360: Filtered 88950550 hits and 6 records
2025-09-19 07:40:38,916 - INFO - File 12958: Filtered 362919 hits and 5 records
2025-09-19 07:40:56,914 - INFO - File 4052: Filtered 157755691 hits and 4 records
2025-09-19 07:41:08,804 - INFO - Completed /viper/ptmp/arego/Red_T_7K_1_EN_100/16324.h5 in 363.13 seconds
2025-09-19 07:42:01,094 - INFO - Completed /viper/ptmp/arego/Red_T_7K_1_EN_100/13229.h5 in 298.80 seconds
2025-09-19 07:43:20,624 - INFO - Completed /viper/ptmp/arego/Red_T_7K_1_EN_100/9063.h5 in 467.14 seconds
2025-09-19 07:43:27,578 - INFO - Completed /viper/ptmp/arego/Red_T_7K_1_EN_100/18168.h5 in 422.39 seconds
2025-09-19 07:44:35,077 - INFO - Completed /viper/ptmp/arego/Red_T_7K_1_EN_100/561.h5 in 559.33 seconds
2025-09-19 07:45:19,242 - INFO - Completed /viper/ptmp/arego/Red_T_7K_1_EN_100/22970.h5 in 541.05 seconds
2025-09-19 07:45:36,442 - INFO - Completed /viper/ptmp/arego/Red_T_7K_1_EN_100/17796.h5 in 605.66 seconds
2025-09-19 07:45:40,434 - INFO - Completed /viper/ptmp/arego/Red_T_7K_1_EN_100/22654.h5 in 421.30 seconds
2025-09-19 07:49:07,921 - INFO - Completed /viper/ptmp/arego/Red_T_7K_1_EN_100/9844.h5 in 795.77 seconds
2025-09-19 07:50:15,644 - INFO - Completed /viper/ptmp/arego/Red_T_7K_1_EN_100/17386.h5 in 733.00 seconds
2025-09-19 07:52:45,260 - INFO - Completed /viper/ptmp/arego/Red_T_7K_1_EN_100/7208.h5 in 1068.94 seconds
2025-09-19 07:59:58,322 - INFO - Completed /viper/ptmp/arego/Red_T_7K_1_EN_100/1228.h5 in 1276.67 seconds
2025-09-19 08:03:56,940 - INFO - Completed /viper/ptmp/arego/Red_T_7K_1_EN_100/4052.h5 in 1590.58 seconds
2025-09-19 08:05:00,657 - INFO - Completed /viper/ptmp/arego/Red_T_7K_1_EN_100/2360.h5 in 1687.21 seconds
2025-09-19 08:08:32,591 - INFO - Completed /viper/ptmp/arego/Red_T_7K_1_EN_100/2783.h5 in 1995.57 seconds
2025-09-19 08:13:15,730 - INFO - Completed /viper/ptmp/arego/Red_T_7K_1_EN_100/12958.h5 in 2174.95 seconds
