2025-09-19 02:37:48,013 - INFO - Loaded skip configuration: 0 files to skip entirely, 35364 files with partial record skips
2025-09-19 02:37:48,026 - INFO - Loaded skip configuration: 0 files to skip entirely, 35364 files with partial record skips
2025-09-19 02:37:48,830 - INFO - Processing /viper/ptmp/arego/RC4K1/14401.h5
2025-09-19 02:37:48,955 - INFO - Processing /viper/ptmp/arego/RC4K1/28390.h5
2025-09-19 02:37:49,153 - INFO - File 14401: Filtered 257758 hits and 5 records
2025-09-19 02:37:49,219 - INFO - File 28390: Filtered 235941 hits and 5 records
2025-09-19 02:37:49,371 - INFO - Processing /viper/ptmp/arego/RC4K1/1251.h5
2025-09-19 02:37:49,478 - INFO - Processing /viper/ptmp/arego/RC4K1/9121.h5
2025-09-19 02:37:49,544 - INFO - Completed /viper/ptmp/arego/RC4K1_1/28390.h5 in 0.59 seconds
2025-09-19 02:37:49,597 - INFO - Completed /viper/ptmp/arego/RC4K1_1/14401.h5 in 0.77 seconds
2025-09-19 02:37:49,798 - INFO - File 9121: Filtered 511983 hits and 6 records
2025-09-19 02:37:49,902 - INFO - File 1251: Filtered 581128 hits and 4 records
2025-09-19 02:37:49,910 - INFO - Processing /viper/ptmp/arego/RC4K1/11826.h5
2025-09-19 02:37:50,007 - INFO - Processing /viper/ptmp/arego/RC4K1/24395.h5
2025-09-19 02:37:50,228 - INFO - Completed /viper/ptmp/arego/RC4K1_1/9121.h5 in 0.75 seconds
2025-09-19 02:37:50,352 - INFO - File 24395: Filtered 487787 hits and 4 records
2025-09-19 02:37:50,485 - INFO - File 11826: Filtered 1340401 hits and 4 records
2025-09-19 02:37:50,486 - INFO - Processing /viper/ptmp/arego/RC4K1/20056.h5
2025-09-19 02:37:50,554 - INFO - Processing /viper/ptmp/arego/RC4K1/23744.h5
2025-09-19 02:37:50,614 - INFO - Completed /viper/ptmp/arego/RC4K1_1/1251.h5 in 1.24 seconds
2025-09-19 02:37:50,800 - INFO - Completed /viper/ptmp/arego/RC4K1_1/24395.h5 in 0.79 seconds
2025-09-19 02:37:51,087 - INFO - Processing /viper/ptmp/arego/RC4K1/18591.h5
2025-09-19 02:37:51,087 - INFO - Completed /viper/ptmp/arego/RC4K1_1/11826.h5 in 1.18 seconds
2025-09-19 02:37:51,088 - INFO - Processing /viper/ptmp/arego/RC4K1/21928.h5
2025-09-19 02:37:51,124 - INFO - File 20056: Filtered 1713878 hits and 6 records
2025-09-19 02:37:51,146 - INFO - File 23744: Filtered 65579 hits and 2 records
2025-09-19 02:37:51,648 - INFO - Processing /viper/ptmp/arego/RC4K1/17533.h5
2025-09-19 02:37:51,669 - INFO - Processing /viper/ptmp/arego/RC4K1/29790.h5
2025-09-19 02:37:51,719 - INFO - Completed /viper/ptmp/arego/RC4K1_1/20056.h5 in 1.23 seconds
2025-09-19 02:37:51,733 - INFO - File 18591: Filtered 1728622 hits and 8 records
2025-09-19 02:37:51,742 - INFO - File 21928: Filtered 726066 hits and 5 records
2025-09-19 02:37:52,164 - INFO - Completed /viper/ptmp/arego/RC4K1_1/23744.h5 in 1.61 seconds
2025-09-19 02:37:52,215 - INFO - Processing /viper/ptmp/arego/RC4K1/2900.h5
2025-09-19 02:37:52,270 - INFO - Processing /viper/ptmp/arego/RC4K1/19219.h5
2025-09-19 02:37:52,323 - INFO - Completed /viper/ptmp/arego/RC4K1_1/18591.h5 in 1.24 seconds
2025-09-19 02:37:52,361 - INFO - File 17533: Filtered 1744912 hits and 6 records
2025-09-19 02:37:52,386 - INFO - File 29790: Filtered 1552424 hits and 6 records
2025-09-19 02:37:52,620 - INFO - Completed /viper/ptmp/arego/RC4K1_1/21928.h5 in 1.53 seconds
2025-09-19 02:37:52,793 - INFO - Processing /viper/ptmp/arego/RC4K1/9883.h5
2025-09-19 02:37:52,833 - INFO - Processing /viper/ptmp/arego/RC4K1/11386.h5
2025-09-19 02:37:52,904 - INFO - File 2900: Filtered 2226891 hits and 6 records
2025-09-19 02:37:53,030 - INFO - File 19219: Filtered 1983171 hits and 9 records
2025-09-19 02:37:53,057 - INFO - Completed /viper/ptmp/arego/RC4K1_1/29790.h5 in 1.39 seconds
2025-09-19 02:37:53,299 - INFO - Processing /viper/ptmp/arego/RC4K1/3580.h5
2025-09-19 02:37:53,374 - INFO - Processing /viper/ptmp/arego/RC4K1/21840.h5
2025-09-19 02:37:53,417 - INFO - Completed /viper/ptmp/arego/RC4K1_1/2900.h5 in 1.20 seconds
2025-09-19 02:37:53,541 - INFO - File 9883: Filtered 2848040 hits and 7 records
2025-09-19 02:37:53,572 - INFO - Completed /viper/ptmp/arego/RC4K1_1/17533.h5 in 1.92 seconds
2025-09-19 02:37:53,612 - INFO - File 11386: Filtered 1580651 hits and 4 records
2025-09-19 02:37:53,624 - INFO - Completed /viper/ptmp/arego/RC4K1_1/19219.h5 in 1.35 seconds
2025-09-19 02:37:53,846 - INFO - Processing /viper/ptmp/arego/RC4K1/8974.h5
2025-09-19 02:37:53,971 - INFO - Processing /viper/ptmp/arego/RC4K1/487.h5
2025-09-19 02:37:53,985 - INFO - Completed /viper/ptmp/arego/RC4K1_1/9883.h5 in 1.19 seconds
2025-09-19 02:37:54,047 - INFO - File 3580: Filtered 1487738 hits and 4 records
2025-09-19 02:37:54,167 - INFO - File 21840: Filtered 1219061 hits and 5 records
2025-09-19 02:37:54,410 - INFO - Processing /viper/ptmp/arego/RC4K1/4303.h5
2025-09-19 02:37:54,413 - INFO - Completed /viper/ptmp/arego/RC4K1_1/11386.h5 in 1.58 seconds
2025-09-19 02:37:54,566 - INFO - File 8974: Filtered 2615251 hits and 4 records
2025-09-19 02:37:54,581 - INFO - Processing /viper/ptmp/arego/RC4K1/4567.h5
2025-09-19 02:37:54,749 - INFO - File 487: Filtered 1182714 hits and 4 records
2025-09-19 02:37:54,904 - INFO - Completed /viper/ptmp/arego/RC4K1_1/3580.h5 in 1.61 seconds
2025-09-19 02:37:54,983 - INFO - Processing /viper/ptmp/arego/RC4K1/17681.h5
2025-09-19 02:37:55,145 - INFO - File 4303: Filtered 2897396 hits and 7 records
2025-09-19 02:37:55,149 - INFO - Completed /viper/ptmp/arego/RC4K1_1/8974.h5 in 1.30 seconds
2025-09-19 02:37:55,176 - INFO - Processing /viper/ptmp/arego/RC4K1/13914.h5
2025-09-19 02:37:55,250 - INFO - Completed /viper/ptmp/arego/RC4K1_1/21840.h5 in 1.88 seconds
2025-09-19 02:37:55,426 - INFO - File 4567: Filtered 2141076 hits and 7 records
2025-09-19 02:37:55,527 - INFO - Processing /viper/ptmp/arego/RC4K1/16682.h5
2025-09-19 02:37:55,651 - INFO - Completed /viper/ptmp/arego/RC4K1_1/4303.h5 in 1.24 seconds
2025-09-19 02:37:55,674 - INFO - Completed /viper/ptmp/arego/RC4K1_1/487.h5 in 1.70 seconds
2025-09-19 02:37:55,745 - INFO - Processing /viper/ptmp/arego/RC4K1/3604.h5
2025-09-19 02:37:55,765 - INFO - File 17681: Filtered 1057789 hits and 3 records
2025-09-19 02:37:56,059 - INFO - File 13914: Filtered 911484 hits and 5 records
2025-09-19 02:37:56,092 - INFO - Processing /viper/ptmp/arego/RC4K1/17883.h5
2025-09-19 02:37:56,279 - INFO - Completed /viper/ptmp/arego/RC4K1_1/4567.h5 in 1.70 seconds
2025-09-19 02:37:56,296 - INFO - File 16682: Filtered 2905264 hits and 6 records
2025-09-19 02:37:56,335 - INFO - Processing /viper/ptmp/arego/RC4K1/23466.h5
2025-09-19 02:37:56,628 - INFO - File 3604: Filtered 3083032 hits and 5 records
2025-09-19 02:37:56,657 - INFO - Processing /viper/ptmp/arego/RC4K1/3842.h5
2025-09-19 02:37:56,815 - INFO - Completed /viper/ptmp/arego/RC4K1_1/17681.h5 in 1.83 seconds
2025-09-19 02:37:56,826 - INFO - Completed /viper/ptmp/arego/RC4K1_1/16682.h5 in 1.30 seconds
2025-09-19 02:37:56,936 - INFO - File 17883: Filtered 1956243 hits and 7 records
2025-09-19 02:37:56,938 - INFO - Processing /viper/ptmp/arego/RC4K1/2185.h5
2025-09-19 02:37:57,231 - INFO - Completed /viper/ptmp/arego/RC4K1_1/13914.h5 in 2.05 seconds
2025-09-19 02:37:57,252 - INFO - Processing /viper/ptmp/arego/RC4K1/2241.h5
2025-09-19 02:37:57,310 - INFO - File 23466: Filtered 3159582 hits and 6 records
2025-09-19 02:37:57,387 - INFO - Completed /viper/ptmp/arego/RC4K1_1/3604.h5 in 1.64 seconds
2025-09-19 02:37:57,454 - INFO - File 3842: Filtered 2706947 hits and 7 records
2025-09-19 02:37:57,522 - INFO - Processing /viper/ptmp/arego/RC4K1/16942.h5
2025-09-19 02:37:57,797 - INFO - Completed /viper/ptmp/arego/RC4K1_1/17883.h5 in 1.71 seconds
2025-09-19 02:37:57,824 - INFO - Processing /viper/ptmp/arego/RC4K1/25463.h5
2025-09-19 02:37:57,915 - INFO - File 2185: Filtered 2883887 hits and 5 records
2025-09-19 02:37:58,049 - INFO - Completed /viper/ptmp/arego/RC4K1_1/3842.h5 in 1.39 seconds
2025-09-19 02:37:58,060 - INFO - Completed /viper/ptmp/arego/RC4K1_1/23466.h5 in 1.72 seconds
2025-09-19 02:37:58,114 - INFO - Processing /viper/ptmp/arego/RC4K1/19974.h5
2025-09-19 02:37:58,152 - INFO - File 2241: Filtered 2671292 hits and 9 records
2025-09-19 02:37:58,375 - INFO - Processing /viper/ptmp/arego/RC4K1/26934.h5
2025-09-19 02:37:58,552 - INFO - File 16942: Filtered 2972869 hits and 6 records
2025-09-19 02:37:58,694 - INFO - Completed /viper/ptmp/arego/RC4K1_1/2185.h5 in 1.76 seconds
2025-09-19 02:37:58,703 - INFO - Processing /viper/ptmp/arego/RC4K1/20769.h5
2025-09-19 02:37:58,736 - INFO - File 25463: Filtered 2467508 hits and 7 records
2025-09-19 02:37:58,876 - INFO - Completed /viper/ptmp/arego/RC4K1_1/2241.h5 in 1.62 seconds
2025-09-19 02:37:58,945 - INFO - Processing /viper/ptmp/arego/RC4K1/22605.h5
2025-09-19 02:37:59,197 - INFO - File 19974: Filtered 3473944 hits and 6 records
2025-09-19 02:37:59,252 - INFO - File 26934: Filtered 3798309 hits and 3 records
2025-09-19 02:37:59,301 - INFO - Processing /viper/ptmp/arego/RC4K1/24447.h5
2025-09-19 02:37:59,397 - INFO - Completed /viper/ptmp/arego/RC4K1_1/16942.h5 in 1.87 seconds
2025-09-19 02:37:59,510 - INFO - Processing /viper/ptmp/arego/RC4K1/13164.h5
2025-09-19 02:37:59,556 - INFO - Completed /viper/ptmp/arego/RC4K1_1/25463.h5 in 1.73 seconds
2025-09-19 02:37:59,739 - INFO - Completed /viper/ptmp/arego/RC4K1_1/26934.h5 in 1.36 seconds
2025-09-19 02:37:59,817 - INFO - File 20769: Filtered 697041 hits and 5 records
2025-09-19 02:37:59,878 - INFO - File 22605: Filtered 3434696 hits and 9 records
2025-09-19 02:37:59,884 - INFO - Processing /viper/ptmp/arego/RC4K1/16993.h5
2025-09-19 02:38:00,085 - INFO - Completed /viper/ptmp/arego/RC4K1_1/19974.h5 in 1.97 seconds
2025-09-19 02:38:00,114 - INFO - Processing /viper/ptmp/arego/RC4K1/8304.h5
2025-09-19 02:38:00,465 - INFO - File 13164: Filtered 4326104 hits and 6 records
2025-09-19 02:38:00,481 - INFO - Completed /viper/ptmp/arego/RC4K1_1/22605.h5 in 1.54 seconds
2025-09-19 02:38:00,505 - INFO - File 24447: Filtered 3254628 hits and 8 records
2025-09-19 02:38:00,527 - INFO - Processing /viper/ptmp/arego/RC4K1/27367.h5
2025-09-19 02:38:00,651 - INFO - Processing /viper/ptmp/arego/RC4K1/7518.h5
2025-09-19 02:38:00,914 - INFO - Completed /viper/ptmp/arego/RC4K1_1/13164.h5 in 1.40 seconds
2025-09-19 02:38:01,052 - INFO - File 16993: Filtered 4586417 hits and 6 records
2025-09-19 02:38:01,075 - INFO - File 8304: Filtered 3869119 hits and 5 records
2025-09-19 02:38:01,155 - INFO - Processing /viper/ptmp/arego/RC4K1/999.h5
2025-09-19 02:38:01,215 - INFO - Processing /viper/ptmp/arego/RC4K1/12056.h5
2025-09-19 02:38:01,514 - INFO - Completed /viper/ptmp/arego/RC4K1_1/24447.h5 in 2.21 seconds
2025-09-19 02:38:01,575 - INFO - Completed /viper/ptmp/arego/RC4K1_1/20769.h5 in 2.87 seconds
2025-09-19 02:38:01,631 - INFO - Completed /viper/ptmp/arego/RC4K1_1/8304.h5 in 1.52 seconds
2025-09-19 02:38:01,633 - INFO - Completed /viper/ptmp/arego/RC4K1_1/16993.h5 in 1.75 seconds
2025-09-19 02:38:01,659 - INFO - File 7518: Filtered 1976503 hits and 6 records
2025-09-19 02:38:01,732 - INFO - File 27367: Filtered 3313019 hits and 11 records
2025-09-19 02:38:01,764 - INFO - Processing /viper/ptmp/arego/RC4K1/8513.h5
2025-09-19 02:38:01,779 - INFO - Processing /viper/ptmp/arego/RC4K1/2394.h5
2025-09-19 02:38:02,232 - INFO - File 12056: Filtered 2401362 hits and 5 records
2025-09-19 02:38:02,331 - INFO - Processing /viper/ptmp/arego/RC4K1/29863.h5
2025-09-19 02:38:02,361 - INFO - File 999: Filtered 1922230 hits and 7 records
2025-09-19 02:38:02,396 - INFO - Processing /viper/ptmp/arego/RC4K1/28698.h5
2025-09-19 02:38:02,612 - INFO - Completed /viper/ptmp/arego/RC4K1_1/27367.h5 in 2.08 seconds
2025-09-19 02:38:02,820 - INFO - File 2394: Filtered 1985829 hits and 6 records
2025-09-19 02:38:02,868 - INFO - Completed /viper/ptmp/arego/RC4K1_1/7518.h5 in 2.22 seconds
2025-09-19 02:38:02,981 - INFO - File 8513: Filtered 3473686 hits and 6 records
2025-09-19 02:38:02,998 - INFO - Processing /viper/ptmp/arego/RC4K1/29234.h5
2025-09-19 02:38:03,015 - INFO - Processing /viper/ptmp/arego/RC4K1/6943.h5
2025-09-19 02:38:03,371 - INFO - Completed /viper/ptmp/arego/RC4K1_1/12056.h5 in 2.16 seconds
2025-09-19 02:38:03,449 - INFO - File 28698: Filtered 2775323 hits and 5 records
2025-09-19 02:38:03,560 - INFO - File 29863: Filtered 3211193 hits and 6 records
2025-09-19 02:38:03,595 - INFO - Processing /viper/ptmp/arego/RC4K1/22792.h5
2025-09-19 02:38:03,622 - INFO - Processing /viper/ptmp/arego/RC4K1/4143.h5
2025-09-19 02:38:03,949 - INFO - Completed /viper/ptmp/arego/RC4K1_1/2394.h5 in 2.17 seconds
2025-09-19 02:38:03,970 - INFO - Completed /viper/ptmp/arego/RC4K1_1/8513.h5 in 2.21 seconds
2025-09-19 02:38:04,023 - INFO - File 29234: Filtered 3865165 hits and 8 records
2025-09-19 02:38:04,204 - INFO - Processing /viper/ptmp/arego/RC4K1/10626.h5
2025-09-19 02:38:04,213 - INFO - File 6943: Filtered 4093107 hits and 8 records
2025-09-19 02:38:04,243 - INFO - Processing /viper/ptmp/arego/RC4K1/15917.h5
2025-09-19 02:38:04,271 - INFO - Completed /viper/ptmp/arego/RC4K1_1/999.h5 in 3.12 seconds
2025-09-19 02:38:04,604 - INFO - Completed /viper/ptmp/arego/RC4K1_1/29863.h5 in 2.27 seconds
2025-09-19 02:38:04,668 - INFO - File 22792: Filtered 1962190 hits and 7 records
2025-09-19 02:38:04,695 - INFO - Completed /viper/ptmp/arego/RC4K1_1/29234.h5 in 1.70 seconds
2025-09-19 02:38:04,783 - INFO - Processing /viper/ptmp/arego/RC4K1/22327.h5
2025-09-19 02:38:04,823 - INFO - File 4143: Filtered 2544547 hits and 6 records
2025-09-19 02:38:04,839 - INFO - Completed /viper/ptmp/arego/RC4K1_1/28698.h5 in 2.44 seconds
2025-09-19 02:38:04,848 - INFO - Processing /viper/ptmp/arego/RC4K1/26092.h5
2025-09-19 02:38:04,993 - INFO - Completed /viper/ptmp/arego/RC4K1_1/6943.h5 in 1.98 seconds
2025-09-19 02:38:05,285 - INFO - File 10626: Filtered 3756854 hits and 8 records
2025-09-19 02:38:05,399 - INFO - Processing /viper/ptmp/arego/RC4K1/17640.h5
2025-09-19 02:38:05,454 - INFO - Processing /viper/ptmp/arego/RC4K1/18173.h5
2025-09-19 02:38:05,488 - INFO - File 15917: Filtered 3874567 hits and 7 records
2025-09-19 02:38:05,833 - INFO - Completed /viper/ptmp/arego/RC4K1_1/22792.h5 in 2.24 seconds
2025-09-19 02:38:05,878 - INFO - File 22327: Filtered 2299589 hits and 5 records
2025-09-19 02:38:05,949 - INFO - Processing /viper/ptmp/arego/RC4K1/311.h5
2025-09-19 02:38:06,008 - INFO - Completed /viper/ptmp/arego/RC4K1_1/4143.h5 in 2.39 seconds
2025-09-19 02:38:06,062 - INFO - Processing /viper/ptmp/arego/RC4K1/2083.h5
2025-09-19 02:38:06,136 - INFO - File 26092: Filtered 1661628 hits and 7 records
2025-09-19 02:38:06,151 - INFO - Completed /viper/ptmp/arego/RC4K1_1/10626.h5 in 1.95 seconds
2025-09-19 02:38:06,309 - INFO - Completed /viper/ptmp/arego/RC4K1_1/15917.h5 in 2.07 seconds
2025-09-19 02:38:06,547 - INFO - Processing /viper/ptmp/arego/RC4K1/13407.h5
2025-09-19 02:38:06,557 - INFO - File 17640: Filtered 3256586 hits and 8 records
2025-09-19 02:38:06,714 - INFO - File 18173: Filtered 4727943 hits and 6 records
2025-09-19 02:38:06,719 - INFO - Processing /viper/ptmp/arego/RC4K1/4390.h5
2025-09-19 02:38:07,063 - INFO - Completed /viper/ptmp/arego/RC4K1_1/22327.h5 in 2.28 seconds
2025-09-19 02:38:07,088 - INFO - Processing /viper/ptmp/arego/RC4K1/19826.h5
2025-09-19 02:38:07,102 - INFO - File 311: Filtered 4096227 hits and 8 records
2025-09-19 02:38:07,313 - INFO - Processing /viper/ptmp/arego/RC4K1/10439.h5
2025-09-19 02:38:07,352 - INFO - File 2083: Filtered 2773147 hits and 5 records
2025-09-19 02:38:07,363 - INFO - Completed /viper/ptmp/arego/RC4K1_1/18173.h5 in 1.91 seconds
2025-09-19 02:38:07,455 - INFO - Completed /viper/ptmp/arego/RC4K1_1/17640.h5 in 2.06 seconds
2025-09-19 02:38:07,682 - INFO - Processing /viper/ptmp/arego/RC4K1/343.h5
2025-09-19 02:38:07,709 - INFO - File 13407: Filtered 2573362 hits and 3 records
2025-09-19 02:38:07,786 - INFO - Completed /viper/ptmp/arego/RC4K1_1/26092.h5 in 2.94 seconds
2025-09-19 02:38:07,902 - INFO - Processing /viper/ptmp/arego/RC4K1/4856.h5
2025-09-19 02:38:07,904 - INFO - Completed /viper/ptmp/arego/RC4K1_1/311.h5 in 1.96 seconds
2025-09-19 02:38:08,026 - INFO - File 4390: Filtered 2517118 hits and 3 records
2025-09-19 02:38:08,270 - INFO - Processing /viper/ptmp/arego/RC4K1/11289.h5
2025-09-19 02:38:08,274 - INFO - File 19826: Filtered 3510318 hits and 5 records
2025-09-19 02:38:08,569 - INFO - Processing /viper/ptmp/arego/RC4K1/4381.h5
2025-09-19 02:38:08,625 - INFO - Completed /viper/ptmp/arego/RC4K1_1/2083.h5 in 2.56 seconds
2025-09-19 02:38:08,794 - INFO - File 10439: Filtered 1443647 hits and 2 records
2025-09-19 02:38:08,862 - INFO - Processing /viper/ptmp/arego/RC4K1/27604.h5
2025-09-19 02:38:08,871 - INFO - File 343: Filtered 4291691 hits and 6 records
2025-09-19 02:38:08,933 - INFO - Completed /viper/ptmp/arego/RC4K1_1/13407.h5 in 2.39 seconds
2025-09-19 02:38:09,235 - INFO - Completed /viper/ptmp/arego/RC4K1_1/19826.h5 in 2.15 seconds
2025-09-19 02:38:09,246 - INFO - Processing /viper/ptmp/arego/RC4K1/27076.h5
2025-09-19 02:38:09,320 - INFO - File 4856: Filtered 3737760 hits and 7 records
2025-09-19 02:38:09,445 - INFO - Processing /viper/ptmp/arego/RC4K1/4440.h5
2025-09-19 02:38:09,527 - INFO - File 11289: Filtered 4949550 hits and 9 records
2025-09-19 02:38:09,613 - INFO - Completed /viper/ptmp/arego/RC4K1_1/4390.h5 in 2.89 seconds
2025-09-19 02:38:09,665 - INFO - Completed /viper/ptmp/arego/RC4K1_1/343.h5 in 1.98 seconds
2025-09-19 02:38:09,903 - INFO - Processing /viper/ptmp/arego/RC4K1/16048.h5
2025-09-19 02:38:10,011 - INFO - File 4381: Filtered 3475928 hits and 5 records
2025-09-19 02:38:10,027 - INFO - Processing /viper/ptmp/arego/RC4K1/16466.h5
2025-09-19 02:38:10,129 - INFO - Completed /viper/ptmp/arego/RC4K1_1/11289.h5 in 1.86 seconds
2025-09-19 02:38:10,179 - INFO - File 27604: Filtered 2498323 hits and 7 records
2025-09-19 02:38:10,446 - INFO - Completed /viper/ptmp/arego/RC4K1_1/4856.h5 in 2.54 seconds
2025-09-19 02:38:10,577 - INFO - Processing /viper/ptmp/arego/RC4K1/9256.h5
2025-09-19 02:38:10,635 - INFO - Processing /viper/ptmp/arego/RC4K1/10425.h5
2025-09-19 02:38:10,702 - INFO - File 4440: Filtered 3809019 hits and 7 records
2025-09-19 02:38:10,731 - INFO - File 27076: Filtered 3617358 hits and 8 records
2025-09-19 02:38:10,884 - INFO - Completed /viper/ptmp/arego/RC4K1_1/10439.h5 in 3.57 seconds
2025-09-19 02:38:11,214 - INFO - Processing /viper/ptmp/arego/RC4K1/27766.h5
2025-09-19 02:38:11,258 - INFO - Processing /viper/ptmp/arego/RC4K1/1353.h5
2025-09-19 02:38:11,307 - INFO - File 16466: Filtered 3233537 hits and 5 records
2025-09-19 02:38:11,308 - INFO - Completed /viper/ptmp/arego/RC4K1_1/4381.h5 in 2.74 seconds
2025-09-19 02:38:11,375 - INFO - File 16048: Filtered 5604907 hits and 9 records
2025-09-19 02:38:11,639 - INFO - Completed /viper/ptmp/arego/RC4K1_1/27604.h5 in 2.78 seconds
2025-09-19 02:38:11,662 - INFO - Completed /viper/ptmp/arego/RC4K1_1/4440.h5 in 2.22 seconds
2025-09-19 02:38:11,828 - INFO - Processing /viper/ptmp/arego/RC4K1/29694.h5
2025-09-19 02:38:11,864 - INFO - Processing /viper/ptmp/arego/RC4K1/14430.h5
2025-09-19 02:38:11,885 - INFO - File 10425: Filtered 3550431 hits and 5 records
2025-09-19 02:38:12,018 - INFO - Completed /viper/ptmp/arego/RC4K1_1/16048.h5 in 2.11 seconds
2025-09-19 02:38:12,045 - INFO - File 9256: Filtered 4035525 hits and 7 records
2025-09-19 02:38:12,067 - INFO - Completed /viper/ptmp/arego/RC4K1_1/27076.h5 in 2.82 seconds
2025-09-19 02:38:12,440 - INFO - Processing /viper/ptmp/arego/RC4K1/7087.h5
2025-09-19 02:38:12,467 - INFO - Completed /viper/ptmp/arego/RC4K1_1/16466.h5 in 2.44 seconds
2025-09-19 02:38:12,481 - INFO - File 27766: Filtered 2047478 hits and 6 records
2025-09-19 02:38:12,516 - INFO - Processing /viper/ptmp/arego/RC4K1/21599.h5
2025-09-19 02:38:12,665 - INFO - File 1353: Filtered 6574900 hits and 6 records
2025-09-19 02:38:12,942 - INFO - Completed /viper/ptmp/arego/RC4K1_1/10425.h5 in 2.31 seconds
2025-09-19 02:38:13,043 - INFO - Processing /viper/ptmp/arego/RC4K1/11361.h5
2025-09-19 02:38:13,134 - INFO - Completed /viper/ptmp/arego/RC4K1_1/1353.h5 in 1.88 seconds
2025-09-19 02:38:13,134 - INFO - Processing /viper/ptmp/arego/RC4K1/16142.h5
2025-09-19 02:38:13,153 - INFO - File 29694: Filtered 1783548 hits and 6 records
2025-09-19 02:38:13,200 - INFO - Completed /viper/ptmp/arego/RC4K1_1/9256.h5 in 2.62 seconds
2025-09-19 02:38:13,363 - INFO - File 14430: Filtered 3557930 hits and 7 records
2025-09-19 02:38:13,649 - INFO - Processing /viper/ptmp/arego/RC4K1/7804.h5
2025-09-19 02:38:13,792 - INFO - File 7087: Filtered 2580096 hits and 4 records
2025-09-19 02:38:13,795 - INFO - Processing /viper/ptmp/arego/RC4K1/10759.h5
2025-09-19 02:38:14,024 - INFO - File 21599: Filtered 6333089 hits and 5 records
2025-09-19 02:38:14,043 - INFO - Completed /viper/ptmp/arego/RC4K1_1/27766.h5 in 2.83 seconds
2025-09-19 02:38:14,273 - INFO - Processing /viper/ptmp/arego/RC4K1/17777.h5
2025-09-19 02:38:14,407 - INFO - Processing /viper/ptmp/arego/RC4K1/18157.h5
2025-09-19 02:38:14,414 - INFO - File 11361: Filtered 1949875 hits and 4 records
2025-09-19 02:38:14,671 - INFO - Completed /viper/ptmp/arego/RC4K1_1/21599.h5 in 2.15 seconds
2025-09-19 02:38:14,734 - INFO - File 16142: Filtered 5406794 hits and 12 records
2025-09-19 02:38:14,824 - INFO - Completed /viper/ptmp/arego/RC4K1_1/14430.h5 in 2.96 seconds
2025-09-19 02:38:14,826 - INFO - Completed /viper/ptmp/arego/RC4K1_1/29694.h5 in 3.00 seconds
2025-09-19 02:38:14,884 - INFO - Processing /viper/ptmp/arego/RC4K1/4365.h5
2025-09-19 02:38:15,041 - INFO - File 7804: Filtered 4041877 hits and 4 records
2025-09-19 02:38:15,077 - INFO - Processing /viper/ptmp/arego/RC4K1/10063.h5
2025-09-19 02:38:15,356 - INFO - Completed /viper/ptmp/arego/RC4K1_1/7087.h5 in 2.92 seconds
2025-09-19 02:38:15,396 - INFO - File 10759: Filtered 2642067 hits and 5 records
2025-09-19 02:38:15,536 - INFO - Processing /viper/ptmp/arego/RC4K1/13093.h5
2025-09-19 02:38:15,766 - INFO - File 17777: Filtered 4580161 hits and 6 records
2025-09-19 02:38:15,767 - INFO - Processing /viper/ptmp/arego/RC4K1/23573.h5
2025-09-19 02:38:15,774 - INFO - Completed /viper/ptmp/arego/RC4K1_1/16142.h5 in 2.64 seconds
2025-09-19 02:38:16,082 - INFO - File 18157: Filtered 3875167 hits and 8 records
2025-09-19 02:38:16,159 - INFO - Processing /viper/ptmp/arego/RC4K1/8219.h5
2025-09-19 02:38:16,180 - INFO - Completed /viper/ptmp/arego/RC4K1_1/11361.h5 in 3.14 seconds
2025-09-19 02:38:16,268 - INFO - Completed /viper/ptmp/arego/RC4K1_1/7804.h5 in 2.62 seconds
2025-09-19 02:38:16,389 - INFO - File 4365: Filtered 6568034 hits and 7 records
2025-09-19 02:38:16,449 - INFO - Processing /viper/ptmp/arego/RC4K1/13317.h5
2025-09-19 02:38:16,756 - INFO - Processing /viper/ptmp/arego/RC4K1/28108.h5
2025-09-19 02:38:16,760 - INFO - File 10063: Filtered 2065493 hits and 4 records
2025-09-19 02:38:16,965 - INFO - Completed /viper/ptmp/arego/RC4K1_1/4365.h5 in 2.08 seconds
2025-09-19 02:38:16,976 - INFO - Completed /viper/ptmp/arego/RC4K1_1/17777.h5 in 2.70 seconds
2025-09-19 02:38:17,104 - INFO - File 13093: Filtered 3698945 hits and 5 records
2025-09-19 02:38:17,203 - INFO - Processing /viper/ptmp/arego/RC4K1/2921.h5
2025-09-19 02:38:17,312 - INFO - Completed /viper/ptmp/arego/RC4K1_1/10759.h5 in 3.52 seconds
2025-09-19 02:38:17,412 - INFO - Processing /viper/ptmp/arego/RC4K1/11822.h5
2025-09-19 02:38:17,589 - INFO - File 23573: Filtered 4769376 hits and 8 records
2025-09-19 02:38:17,685 - INFO - Completed /viper/ptmp/arego/RC4K1_1/18157.h5 in 3.28 seconds
2025-09-19 02:38:17,781 - INFO - File 8219: Filtered 4637925 hits and 7 records
2025-09-19 02:38:17,882 - INFO - Processing /viper/ptmp/arego/RC4K1/29416.h5
2025-09-19 02:38:18,046 - INFO - Processing /viper/ptmp/arego/RC4K1/9938.h5
2025-09-19 02:38:18,203 - INFO - File 13317: Filtered 4252307 hits and 6 records
2025-09-19 02:38:18,335 - INFO - File 28108: Filtered 5298468 hits and 9 records
2025-09-19 02:38:18,558 - INFO - Processing /viper/ptmp/arego/RC4K1/28281.h5
2025-09-19 02:38:18,614 - INFO - Processing /viper/ptmp/arego/RC4K1/22253.h5
2025-09-19 02:38:18,716 - INFO - Completed /viper/ptmp/arego/RC4K1_1/13093.h5 in 3.18 seconds
2025-09-19 02:38:18,892 - INFO - Completed /viper/ptmp/arego/RC4K1_1/23573.h5 in 3.13 seconds
2025-09-19 02:38:18,903 - INFO - Completed /viper/ptmp/arego/RC4K1_1/10063.h5 in 3.83 seconds
2025-09-19 02:38:18,968 - INFO - File 2921: Filtered 6166927 hits and 7 records
2025-09-19 02:38:18,979 - INFO - File 11822: Filtered 6991439 hits and 6 records
2025-09-19 02:38:19,058 - INFO - Completed /viper/ptmp/arego/RC4K1_1/8219.h5 in 2.90 seconds
2025-09-19 02:38:19,242 - INFO - Processing /viper/ptmp/arego/RC4K1/19257.h5
2025-09-19 02:38:19,300 - INFO - Processing /viper/ptmp/arego/RC4K1/9906.h5
2025-09-19 02:38:19,454 - INFO - Completed /viper/ptmp/arego/RC4K1_1/28108.h5 in 2.70 seconds
2025-09-19 02:38:19,608 - INFO - File 9938: Filtered 6441020 hits and 8 records
2025-09-19 02:38:19,722 - INFO - File 29416: Filtered 154730 hits and 2 records
2025-09-19 02:38:19,740 - INFO - Completed /viper/ptmp/arego/RC4K1_1/11822.h5 in 2.33 seconds
2025-09-19 02:38:19,826 - INFO - Completed /viper/ptmp/arego/RC4K1_1/13317.h5 in 3.38 seconds
2025-09-19 02:38:19,854 - INFO - Processing /viper/ptmp/arego/RC4K1/11789.h5
2025-09-19 02:38:19,937 - INFO - Completed /viper/ptmp/arego/RC4K1_1/2921.h5 in 2.73 seconds
2025-09-19 02:38:20,048 - INFO - Processing /viper/ptmp/arego/RC4K1/4695.h5
2025-09-19 02:38:20,168 - INFO - File 22253: Filtered 5043652 hits and 4 records
2025-09-19 02:38:20,374 - INFO - File 28281: Filtered 4569800 hits and 8 records
2025-09-19 02:38:20,391 - INFO - Completed /viper/ptmp/arego/RC4K1_1/9938.h5 in 2.34 seconds
2025-09-19 02:38:20,432 - INFO - Processing /viper/ptmp/arego/RC4K1/9676.h5
2025-09-19 02:38:20,793 - INFO - Processing /viper/ptmp/arego/RC4K1/29911.h5
2025-09-19 02:38:20,952 - INFO - Processing /viper/ptmp/arego/RC4K1/5402.h5
2025-09-19 02:38:21,100 - INFO - File 9906: Filtered 5288852 hits and 11 records
2025-09-19 02:38:21,369 - INFO - Processing /viper/ptmp/arego/RC4K1/20068.h5
2025-09-19 02:38:21,414 - INFO - Completed /viper/ptmp/arego/RC4K1_1/22253.h5 in 2.80 seconds
2025-09-19 02:38:21,448 - INFO - File 11789: Filtered 2545574 hits and 6 records
2025-09-19 02:38:21,525 - INFO - Processing /viper/ptmp/arego/RC4K1/22127.h5
2025-09-19 02:38:21,775 - INFO - Completed /viper/ptmp/arego/RC4K1_1/28281.h5 in 3.22 seconds
2025-09-19 02:38:21,839 - INFO - File 4695: Filtered 5923633 hits and 8 records
2025-09-19 02:38:22,043 - INFO - Processing /viper/ptmp/arego/RC4K1/7863.h5
2025-09-19 02:38:22,075 - INFO - Processing /viper/ptmp/arego/RC4K1/757.h5
2025-09-19 02:38:22,308 - INFO - Completed /viper/ptmp/arego/RC4K1_1/9906.h5 in 3.01 seconds
2025-09-19 02:38:22,567 - INFO - Completed /viper/ptmp/arego/RC4K1_1/29416.h5 in 4.68 seconds
2025-09-19 02:38:22,613 - INFO - Processing /viper/ptmp/arego/RC4K1/6443.h5
2025-09-19 02:38:22,655 - INFO - File 29911: Filtered 3280322 hits and 5 records
2025-09-19 02:38:22,830 - INFO - Processing /viper/ptmp/arego/RC4K1/8050.h5
2025-09-19 02:38:23,008 - INFO - Completed /viper/ptmp/arego/RC4K1_1/4695.h5 in 2.96 seconds
2025-09-19 02:38:23,168 - INFO - Processing /viper/ptmp/arego/RC4K1/12738.h5
2025-09-19 02:38:23,190 - INFO - File 20068: Filtered 7894819 hits and 6 records
2025-09-19 02:38:23,429 - INFO - Completed /viper/ptmp/arego/RC4K1_1/11789.h5 in 3.57 seconds
2025-09-19 02:38:23,522 - INFO - Processing /viper/ptmp/arego/RC4K1/22367.h5
2025-09-19 02:38:23,797 - INFO - Processing /viper/ptmp/arego/RC4K1/3884.h5
2025-09-19 02:38:23,812 - INFO - File 22127: Filtered 6713606 hits and 6 records
2025-09-19 02:38:23,813 - INFO - File 7863: Filtered 4154344 hits and 4 records
2025-09-19 02:38:23,921 - INFO - Completed /viper/ptmp/arego/RC4K1_1/20068.h5 in 2.55 seconds
2025-09-19 02:38:24,298 - INFO - Processing /viper/ptmp/arego/RC4K1/7460.h5
2025-09-19 02:38:24,485 - INFO - File 757: Filtered 7461603 hits and 8 records
2025-09-19 02:38:24,635 - INFO - File 8050: Filtered 5267429 hits and 8 records
2025-09-19 02:38:24,651 - INFO - Completed /viper/ptmp/arego/RC4K1_1/29911.h5 in 3.86 seconds
2025-09-19 02:38:24,891 - INFO - Completed /viper/ptmp/arego/RC4K1_1/22127.h5 in 3.37 seconds
2025-09-19 02:38:24,932 - INFO - Processing /viper/ptmp/arego/RC4K1/13677.h5
2025-09-19 02:38:25,160 - INFO - Processing /viper/ptmp/arego/RC4K1/2291.h5
2025-09-19 02:38:25,384 - INFO - Completed /viper/ptmp/arego/RC4K1_1/757.h5 in 3.31 seconds
2025-09-19 02:38:25,416 - INFO - File 6443: Filtered 6490203 hits and 6 records
2025-09-19 02:38:25,434 - INFO - File 22367: Filtered 3703798 hits and 5 records
2025-09-19 02:38:25,478 - INFO - Completed /viper/ptmp/arego/RC4K1_1/7863.h5 in 3.44 seconds
2025-09-19 02:38:25,574 - INFO - Processing /viper/ptmp/arego/RC4K1/24777.h5
2025-09-19 02:38:25,820 - INFO - Processing /viper/ptmp/arego/RC4K1/18638.h5
2025-09-19 02:38:25,939 - INFO - Completed /viper/ptmp/arego/RC4K1_1/8050.h5 in 3.11 seconds
2025-09-19 02:38:26,312 - INFO - File 7460: Filtered 5431596 hits and 7 records
2025-09-19 02:38:26,333 - INFO - Processing /viper/ptmp/arego/RC4K1/20453.h5
2025-09-19 02:38:26,712 - INFO - File 9676: Filtered 7341803 hits and 7 records
2025-09-19 02:38:26,944 - INFO - File 12738: Filtered 6498034 hits and 8 records
2025-09-19 02:38:26,957 - INFO - File 19257: Filtered 2148168 hits and 6 records
2025-09-19 02:38:27,006 - INFO - File 13677: Filtered 7364016 hits and 7 records
2025-09-19 02:38:27,033 - INFO - Processing /viper/ptmp/arego/RC4K1/25360.h5
2025-09-19 02:38:27,156 - INFO - File 5402: Filtered 4244154 hits and 7 records
2025-09-19 02:38:27,410 - INFO - Completed /viper/ptmp/arego/RC4K1_1/6443.h5 in 4.80 seconds
2025-09-19 02:38:27,519 - INFO - Completed /viper/ptmp/arego/RC4K1_1/22367.h5 in 4.00 seconds
2025-09-19 02:38:27,658 - INFO - Completed /viper/ptmp/arego/RC4K1_1/9676.h5 in 7.23 seconds
2025-09-19 02:38:27,730 - INFO - File 24777: Filtered 7514523 hits and 10 records
2025-09-19 02:38:27,811 - INFO - Processing /viper/ptmp/arego/RC4K1/8537.h5
2025-09-19 02:38:27,868 - INFO - Processing /viper/ptmp/arego/RC4K1/23817.h5
2025-09-19 02:38:27,917 - INFO - Completed /viper/ptmp/arego/RC4K1_1/7460.h5 in 3.62 seconds
2025-09-19 02:38:28,096 - INFO - Completed /viper/ptmp/arego/RC4K1_1/12738.h5 in 4.93 seconds
2025-09-19 02:38:28,128 - INFO - Completed /viper/ptmp/arego/RC4K1_1/13677.h5 in 3.20 seconds
2025-09-19 02:38:28,452 - INFO - File 20453: Filtered 7570640 hits and 6 records
2025-09-19 02:38:28,486 - INFO - Processing /viper/ptmp/arego/RC4K1/27990.h5
2025-09-19 02:38:28,550 - INFO - Processing /viper/ptmp/arego/RC4K1/2594.h5
2025-09-19 02:38:28,897 - INFO - Completed /viper/ptmp/arego/RC4K1_1/24777.h5 in 3.32 seconds
2025-09-19 02:38:28,956 - INFO - File 2291: Filtered 9426506 hits and 7 records
2025-09-19 02:38:29,006 - INFO - File 18638: Filtered 5277318 hits and 6 records
2025-09-19 02:38:29,141 - INFO - Processing /viper/ptmp/arego/RC4K1/20689.h5
2025-09-19 02:38:29,192 - INFO - File 25360: Filtered 6035070 hits and 8 records
2025-09-19 02:38:29,363 - INFO - Completed /viper/ptmp/arego/RC4K1_1/5402.h5 in 8.41 seconds
2025-09-19 02:38:29,455 - INFO - Processing /viper/ptmp/arego/RC4K1/8627.h5
2025-09-19 02:38:29,580 - INFO - Completed /viper/ptmp/arego/RC4K1_1/20453.h5 in 3.25 seconds
2025-09-19 02:38:29,626 - INFO - Completed /viper/ptmp/arego/RC4K1_1/19257.h5 in 10.38 seconds
2025-09-19 02:38:29,710 - INFO - Completed /viper/ptmp/arego/RC4K1_1/2291.h5 in 4.55 seconds
2025-09-19 02:38:29,869 - INFO - Processing /viper/ptmp/arego/RC4K1/28895.h5
2025-09-19 02:38:30,374 - INFO - File 8537: Filtered 9052185 hits and 8 records
2025-09-19 02:38:30,381 - INFO - Processing /viper/ptmp/arego/RC4K1/20502.h5
2025-09-19 02:38:30,468 - INFO - File 3884: Filtered 3471202 hits and 5 records
2025-09-19 02:38:30,569 - INFO - File 23817: Filtered 8000368 hits and 8 records
2025-09-19 02:38:30,787 - INFO - Processing /viper/ptmp/arego/RC4K1/28180.h5
2025-09-19 02:38:30,879 - INFO - File 27990: Filtered 3317966 hits and 7 records
2025-09-19 02:38:30,918 - INFO - Completed /viper/ptmp/arego/RC4K1_1/18638.h5 in 5.10 seconds
2025-09-19 02:38:31,021 - INFO - Completed /viper/ptmp/arego/RC4K1_1/25360.h5 in 3.99 seconds
2025-09-19 02:38:31,054 - INFO - Processing /viper/ptmp/arego/RC4K1/26708.h5
2025-09-19 02:38:31,061 - INFO - File 2594: Filtered 3704210 hits and 6 records
2025-09-19 02:38:31,479 - INFO - Processing /viper/ptmp/arego/RC4K1/27267.h5
2025-09-19 02:38:31,524 - INFO - File 20689: Filtered 4887617 hits and 7 records
2025-09-19 02:38:31,631 - INFO - Completed /viper/ptmp/arego/RC4K1_1/8537.h5 in 3.82 seconds
2025-09-19 02:38:31,674 - INFO - Completed /viper/ptmp/arego/RC4K1_1/23817.h5 in 3.81 seconds
2025-09-19 02:38:31,696 - INFO - Processing /viper/ptmp/arego/RC4K1/29142.h5
2025-09-19 02:38:32,186 - INFO - Processing /viper/ptmp/arego/RC4K1/9623.h5
2025-09-19 02:38:32,186 - INFO - File 28895: Filtered 5104864 hits and 4 records
2025-09-19 02:38:32,240 - INFO - Processing /viper/ptmp/arego/RC4K1/3100.h5
2025-09-19 02:38:32,442 - INFO - Completed /viper/ptmp/arego/RC4K1_1/3884.h5 in 8.64 seconds
2025-09-19 02:38:32,542 - INFO - File 20502: Filtered 5993389 hits and 7 records
2025-09-19 02:38:32,760 - INFO - Processing /viper/ptmp/arego/RC4K1/13447.h5
2025-09-19 02:38:32,919 - INFO - Processing /viper/ptmp/arego/RC4K1/23160.h5
2025-09-19 02:38:33,285 - INFO - File 26708: Filtered 4626821 hits and 8 records
2025-09-19 02:38:33,309 - INFO - Completed /viper/ptmp/arego/RC4K1_1/2594.h5 in 4.76 seconds
2025-09-19 02:38:33,374 - INFO - Completed /viper/ptmp/arego/RC4K1_1/27990.h5 in 4.89 seconds
2025-09-19 02:38:33,394 - INFO - Processing /viper/ptmp/arego/RC4K1/29881.h5
2025-09-19 02:38:33,456 - INFO - Completed /viper/ptmp/arego/RC4K1_1/20689.h5 in 4.31 seconds
2025-09-19 02:38:33,500 - INFO - Processing /viper/ptmp/arego/RC4K1/2018.h5
2025-09-19 02:38:33,645 - INFO - File 27267: Filtered 7111660 hits and 10 records
2025-09-19 02:38:34,023 - INFO - Completed /viper/ptmp/arego/RC4K1_1/28895.h5 in 4.15 seconds
2025-09-19 02:38:34,065 - INFO - Processing /viper/ptmp/arego/RC4K1/25988.h5
2025-09-19 02:38:34,131 - INFO - Processing /viper/ptmp/arego/RC4K1/26921.h5
2025-09-19 02:38:34,441 - INFO - Completed /viper/ptmp/arego/RC4K1_1/20502.h5 in 4.06 seconds
2025-09-19 02:38:34,761 - INFO - File 3100: Filtered 8304813 hits and 11 records
2025-09-19 02:38:34,779 - INFO - Processing /viper/ptmp/arego/RC4K1/2324.h5
2025-09-19 02:38:34,982 - INFO - Processing /viper/ptmp/arego/RC4K1/3911.h5
2025-09-19 02:38:35,209 - INFO - Completed /viper/ptmp/arego/RC4K1_1/27267.h5 in 3.73 seconds
2025-09-19 02:38:35,550 - INFO - File 13447: Filtered 7309331 hits and 12 records
2025-09-19 02:38:35,583 - INFO - File 9623: Filtered 4435310 hits and 7 records
2025-09-19 02:38:35,762 - INFO - Completed /viper/ptmp/arego/RC4K1_1/26708.h5 in 4.71 seconds
2025-09-19 02:38:36,024 - INFO - Processing /viper/ptmp/arego/RC4K1/18172.h5
2025-09-19 02:38:36,115 - INFO - Processing /viper/ptmp/arego/RC4K1/542.h5
2025-09-19 02:38:36,130 - INFO - Completed /viper/ptmp/arego/RC4K1_1/3100.h5 in 3.89 seconds
2025-09-19 02:38:36,222 - INFO - File 28180: Filtered 9440762 hits and 8 records
2025-09-19 02:38:36,342 - INFO - File 29142: Filtered 2426833 hits and 4 records
2025-09-19 02:38:36,357 - INFO - File 29881: Filtered 5669413 hits and 8 records
2025-09-19 02:38:36,415 - INFO - File 8627: Filtered 5337485 hits and 7 records
2025-09-19 02:38:36,492 - INFO - File 2018: Filtered 8796255 hits and 6 records
2025-09-19 02:38:36,740 - INFO - Processing /viper/ptmp/arego/RC4K1/25965.h5
2025-09-19 02:38:36,869 - INFO - Processing /viper/ptmp/arego/RC4K1/11864.h5
2025-09-19 02:38:36,934 - INFO - Completed /viper/ptmp/arego/RC4K1_1/28180.h5 in 6.15 seconds
2025-09-19 02:38:37,052 - INFO - Completed /viper/ptmp/arego/RC4K1_1/13447.h5 in 4.29 seconds
2025-09-19 02:38:37,398 - INFO - Processing /viper/ptmp/arego/RC4K1/1236.h5
2025-09-19 02:38:37,501 - INFO - File 3911: Filtered 5698943 hits and 5 records
2025-09-19 02:38:37,686 - INFO - File 2324: Filtered 7924658 hits and 11 records
2025-09-19 02:38:37,749 - INFO - Completed /viper/ptmp/arego/RC4K1_1/2018.h5 in 4.25 seconds
2025-09-19 02:38:37,985 - INFO - Completed /viper/ptmp/arego/RC4K1_1/9623.h5 in 5.80 seconds
2025-09-19 02:38:38,046 - INFO - Processing /viper/ptmp/arego/RC4K1/25816.h5
2025-09-19 02:38:38,126 - INFO - Processing /viper/ptmp/arego/RC4K1/19150.h5
2025-09-19 02:38:38,283 - INFO - Completed /viper/ptmp/arego/RC4K1_1/29881.h5 in 4.89 seconds
2025-09-19 02:38:38,415 - INFO - File 18172: Filtered 8162359 hits and 7 records
2025-09-19 02:38:38,581 - INFO - Completed /viper/ptmp/arego/RC4K1_1/8627.h5 in 9.13 seconds
2025-09-19 02:38:38,749 - INFO - Processing /viper/ptmp/arego/RC4K1/6881.h5
2025-09-19 02:38:38,758 - INFO - File 542: Filtered 8608584 hits and 8 records
2025-09-19 02:38:38,981 - INFO - Processing /viper/ptmp/arego/RC4K1/20177.h5
2025-09-19 02:38:39,363 - INFO - Processing /viper/ptmp/arego/RC4K1/1116.h5
2025-09-19 02:38:39,420 - INFO - File 11864: Filtered 6068260 hits and 7 records
2025-09-19 02:38:39,473 - INFO - Completed /viper/ptmp/arego/RC4K1_1/2324.h5 in 4.69 seconds
2025-09-19 02:38:39,497 - INFO - Completed /viper/ptmp/arego/RC4K1_1/29142.h5 in 7.80 seconds
2025-09-19 02:38:39,580 - INFO - Completed /viper/ptmp/arego/RC4K1_1/18172.h5 in 3.56 seconds
2025-09-19 02:38:39,595 - INFO - Completed /viper/ptmp/arego/RC4K1_1/3911.h5 in 4.61 seconds
2025-09-19 02:38:39,813 - INFO - Processing /viper/ptmp/arego/RC4K1/2867.h5
2025-09-19 02:38:39,846 - INFO - File 1236: Filtered 9458997 hits and 11 records
2025-09-19 02:38:40,169 - INFO - Processing /viper/ptmp/arego/RC4K1/16194.h5
2025-09-19 02:38:40,346 - INFO - Completed /viper/ptmp/arego/RC4K1_1/542.h5 in 4.23 seconds
2025-09-19 02:38:40,417 - INFO - Processing /viper/ptmp/arego/RC4K1/26345.h5
2025-09-19 02:38:40,477 - INFO - File 25816: Filtered 9158702 hits and 7 records
2025-09-19 02:38:40,722 - INFO - File 19150: Filtered 3934797 hits and 8 records
2025-09-19 02:38:40,744 - ERROR - Error processing /viper/ptmp/arego/RC4K1/1236.h5: low >= high
2025-09-19 02:38:40,871 - INFO - Processing /viper/ptmp/arego/RC4K1/11083.h5
2025-09-19 02:38:41,042 - INFO - Processing /viper/ptmp/arego/RC4K1/18205.h5
2025-09-19 02:38:41,409 - INFO - File 20177: Filtered 8385992 hits and 9 records
2025-09-19 02:38:41,543 - INFO - File 6881: Filtered 7173875 hits and 11 records
2025-09-19 02:38:41,721 - INFO - Completed /viper/ptmp/arego/RC4K1_1/11864.h5 in 4.85 seconds
2025-09-19 02:38:41,815 - INFO - Completed /viper/ptmp/arego/RC4K1_1/25816.h5 in 3.77 seconds
2025-09-19 02:38:41,879 - INFO - Processing /viper/ptmp/arego/RC4K1/5905.h5
2025-09-19 02:38:42,066 - INFO - Processing /viper/ptmp/arego/RC4K1/2184.h5
2025-09-19 02:38:42,283 - INFO - File 1116: Filtered 8086601 hits and 8 records
2025-09-19 02:38:42,478 - INFO - File 2867: Filtered 6213584 hits and 6 records
2025-09-19 02:38:42,794 - INFO - Processing /viper/ptmp/arego/RC4K1/1267.h5
2025-09-19 02:38:43,040 - INFO - File 16194: Filtered 6007958 hits and 8 records
2025-09-19 02:38:43,088 - INFO - File 26345: Filtered 9805700 hits and 7 records
2025-09-19 02:38:43,138 - INFO - Completed /viper/ptmp/arego/RC4K1_1/20177.h5 in 4.16 seconds
2025-09-19 02:38:43,446 - INFO - Completed /viper/ptmp/arego/RC4K1_1/6881.h5 in 4.70 seconds
2025-09-19 02:38:43,505 - INFO - Processing /viper/ptmp/arego/RC4K1/28478.h5
2025-09-19 02:38:43,689 - INFO - File 11083: Filtered 5358541 hits and 5 records
2025-09-19 02:38:43,771 - INFO - File 18205: Filtered 6500777 hits and 6 records
2025-09-19 02:38:43,825 - INFO - Processing /viper/ptmp/arego/RC4K1/5770.h5
2025-09-19 02:38:43,985 - INFO - Completed /viper/ptmp/arego/RC4K1_1/1116.h5 in 4.62 seconds
2025-09-19 02:38:44,328 - INFO - Completed /viper/ptmp/arego/RC4K1_1/19150.h5 in 6.20 seconds
2025-09-19 02:38:44,368 - INFO - Completed /viper/ptmp/arego/RC4K1_1/26345.h5 in 3.95 seconds
2025-09-19 02:38:44,578 - INFO - Processing /viper/ptmp/arego/RC4K1/13732.h5
2025-09-19 02:38:44,588 - INFO - File 5905: Filtered 9849425 hits and 6 records
2025-09-19 02:38:44,643 - INFO - Processing /viper/ptmp/arego/RC4K1/935.h5
2025-09-19 02:38:45,102 - INFO - File 2184: Filtered 12230350 hits and 5 records
2025-09-19 02:38:45,120 - INFO - Processing /viper/ptmp/arego/RC4K1/14552.h5
2025-09-19 02:38:45,245 - INFO - Completed /viper/ptmp/arego/RC4K1_1/16194.h5 in 5.08 seconds
2025-09-19 02:38:45,250 - INFO - Completed /viper/ptmp/arego/RC4K1_1/2867.h5 in 5.44 seconds
2025-09-19 02:38:45,588 - INFO - Completed /viper/ptmp/arego/RC4K1_1/5905.h5 in 3.71 seconds
2025-09-19 02:38:45,725 - INFO - Processing /viper/ptmp/arego/RC4K1/18816.h5
2025-09-19 02:38:45,784 - INFO - Processing /viper/ptmp/arego/RC4K1/23307.h5
2025-09-19 02:38:45,986 - INFO - Completed /viper/ptmp/arego/RC4K1_1/2184.h5 in 3.92 seconds
2025-09-19 02:38:46,183 - INFO - Completed /viper/ptmp/arego/RC4K1_1/11083.h5 in 5.31 seconds
2025-09-19 02:38:46,186 - INFO - File 23160: Filtered 11064867 hits and 10 records
2025-09-19 02:38:46,204 - INFO - File 1267: Filtered 7223808 hits and 9 records
2025-09-19 02:38:46,379 - INFO - Completed /viper/ptmp/arego/RC4K1_1/18205.h5 in 5.34 seconds
2025-09-19 02:38:46,742 - INFO - File 5770: Filtered 6023441 hits and 5 records
2025-09-19 02:38:46,794 - INFO - Completed /viper/ptmp/arego/RC4K1_1/23160.h5 in 13.88 seconds
2025-09-19 02:38:46,811 - INFO - Processing /viper/ptmp/arego/RC4K1/3349.h5
2025-09-19 02:38:46,862 - INFO - Processing /viper/ptmp/arego/RC4K1/27888.h5
2025-09-19 02:38:46,909 - INFO - File 28478: Filtered 6972267 hits and 5 records
2025-09-19 02:38:47,476 - INFO - File 25988: Filtered 7143747 hits and 11 records
2025-09-19 02:38:47,549 - INFO - Processing /viper/ptmp/arego/RC4K1/28303.h5
2025-09-19 02:38:47,645 - INFO - File 26921: Filtered 7452777 hits and 7 records
2025-09-19 02:38:47,834 - INFO - File 13732: Filtered 7970343 hits and 7 records
2025-09-19 02:38:47,936 - INFO - Processing /viper/ptmp/arego/RC4K1/20563.h5
2025-09-19 02:38:48,124 - INFO - File 935: Filtered 10043962 hits and 6 records
2025-09-19 02:38:48,335 - INFO - Processing /viper/ptmp/arego/RC4K1/17643.h5
2025-09-19 02:38:48,572 - INFO - Completed /viper/ptmp/arego/RC4K1_1/1267.h5 in 5.78 seconds
2025-09-19 02:38:48,681 - INFO - File 14552: Filtered 7292332 hits and 7 records
2025-09-19 02:38:48,809 - INFO - File 18816: Filtered 8568736 hits and 8 records
2025-09-19 02:38:48,972 - INFO - Processing /viper/ptmp/arego/RC4K1/18678.h5
2025-09-19 02:38:49,376 - INFO - Completed /viper/ptmp/arego/RC4K1_1/28478.h5 in 5.87 seconds
2025-09-19 02:38:49,461 - INFO - File 23307: Filtered 7135509 hits and 6 records
2025-09-19 02:38:49,561 - INFO - Completed /viper/ptmp/arego/RC4K1_1/25988.h5 in 15.50 seconds
2025-09-19 02:38:49,616 - INFO - Completed /viper/ptmp/arego/RC4K1_1/26921.h5 in 15.49 seconds
2025-09-19 02:38:49,667 - INFO - Completed /viper/ptmp/arego/RC4K1_1/935.h5 in 5.02 seconds
2025-09-19 02:38:49,927 - INFO - Processing /viper/ptmp/arego/RC4K1/20488.h5
2025-09-19 02:38:49,945 - INFO - File 3349: Filtered 6958074 hits and 6 records
2025-09-19 02:38:49,951 - INFO - Completed /viper/ptmp/arego/RC4K1_1/5770.h5 in 6.13 seconds
2025-09-19 02:38:49,999 - INFO - Processing /viper/ptmp/arego/RC4K1/3423.h5
2025-09-19 02:38:50,001 - INFO - Completed /viper/ptmp/arego/RC4K1_1/13732.h5 in 5.42 seconds
2025-09-19 02:38:50,263 - INFO - File 25965: Filtered 5933654 hits and 6 records
2025-09-19 02:38:50,492 - INFO - File 28303: Filtered 13200604 hits and 4 records
2025-09-19 02:38:50,644 - INFO - Processing /viper/ptmp/arego/RC4K1/27003.h5
2025-09-19 02:38:50,784 - INFO - File 27888: Filtered 5146738 hits and 5 records
2025-09-19 02:38:51,084 - INFO - Processing /viper/ptmp/arego/RC4K1/14966.h5
2025-09-19 02:38:51,109 - INFO - Completed /viper/ptmp/arego/RC4K1_1/14552.h5 in 5.99 seconds
2025-09-19 02:38:51,123 - INFO - Completed /viper/ptmp/arego/RC4K1_1/18816.h5 in 5.40 seconds
2025-09-19 02:38:51,383 - INFO - Completed /viper/ptmp/arego/RC4K1_1/28303.h5 in 3.83 seconds
2025-09-19 02:38:51,417 - INFO - Processing /viper/ptmp/arego/RC4K1/12503.h5
2025-09-19 02:38:51,468 - INFO - File 17643: Filtered 12901252 hits and 7 records
2025-09-19 02:38:51,481 - INFO - File 20563: Filtered 8177662 hits and 11 records
2025-09-19 02:38:51,781 - INFO - Processing /viper/ptmp/arego/RC4K1/24719.h5
2025-09-19 02:38:51,884 - INFO - Completed /viper/ptmp/arego/RC4K1_1/23307.h5 in 6.10 seconds
2025-09-19 02:38:52,036 - INFO - File 18678: Filtered 12583821 hits and 9 records
2025-09-19 02:38:52,065 - INFO - Processing /viper/ptmp/arego/RC4K1/28236.h5
2025-09-19 02:38:52,336 - INFO - Completed /viper/ptmp/arego/RC4K1_1/17643.h5 in 4.00 seconds
2025-09-19 02:38:52,430 - INFO - Completed /viper/ptmp/arego/RC4K1_1/25965.h5 in 15.69 seconds
2025-09-19 02:38:52,508 - INFO - Processing /viper/ptmp/arego/RC4K1/11662.h5
2025-09-19 02:38:52,748 - INFO - Processing /viper/ptmp/arego/RC4K1/13727.h5
2025-09-19 02:38:52,784 - INFO - File 3423: Filtered 7192080 hits and 6 records
2025-09-19 02:38:52,872 - INFO - Completed /viper/ptmp/arego/RC4K1_1/3349.h5 in 6.06 seconds
2025-09-19 02:38:52,999 - INFO - File 20488: Filtered 10858629 hits and 8 records
2025-09-19 02:38:53,131 - INFO - Completed /viper/ptmp/arego/RC4K1_1/18678.h5 in 4.16 seconds
2025-09-19 02:38:53,250 - INFO - Processing /viper/ptmp/arego/RC4K1/11203.h5
2025-09-19 02:38:53,353 - INFO - Completed /viper/ptmp/arego/RC4K1_1/20563.h5 in 5.42 seconds
2025-09-19 02:38:53,459 - INFO - Processing /viper/ptmp/arego/RC4K1/16377.h5
2025-09-19 02:38:53,762 - INFO - Completed /viper/ptmp/arego/RC4K1_1/27888.h5 in 6.90 seconds
2025-09-19 02:38:53,764 - INFO - File 27003: Filtered 10128216 hits and 9 records
2025-09-19 02:38:54,099 - INFO - Processing /viper/ptmp/arego/RC4K1/8487.h5
2025-09-19 02:38:54,170 - INFO - Processing /viper/ptmp/arego/RC4K1/16242.h5
2025-09-19 02:38:54,191 - INFO - File 14966: Filtered 4713737 hits and 5 records
2025-09-19 02:38:54,604 - INFO - Completed /viper/ptmp/arego/RC4K1_1/20488.h5 in 4.68 seconds
2025-09-19 02:38:54,764 - INFO - File 12503: Filtered 7416452 hits and 5 records
2025-09-19 02:38:54,963 - INFO - Processing /viper/ptmp/arego/RC4K1/15469.h5
2025-09-19 02:38:55,006 - INFO - Processing /viper/ptmp/arego/RC4K1/29525.h5
2025-09-19 02:38:55,030 - INFO - File 24719: Filtered 7050276 hits and 9 records
2025-09-19 02:38:55,302 - INFO - Completed /viper/ptmp/arego/RC4K1_1/3423.h5 in 5.30 seconds
2025-09-19 02:38:55,345 - INFO - File 28236: Filtered 13660738 hits and 5 records
2025-09-19 02:38:55,843 - INFO - Processing /viper/ptmp/arego/RC4K1/3066.h5
2025-09-19 02:38:55,883 - INFO - Completed /viper/ptmp/arego/RC4K1_1/27003.h5 in 5.24 seconds
2025-09-19 02:38:55,969 - INFO - Processing /viper/ptmp/arego/RC4K1/4265.h5
2025-09-19 02:38:55,987 - INFO - File 11662: Filtered 10028348 hits and 9 records
2025-09-19 02:38:56,168 - INFO - File 13727: Filtered 5496761 hits and 5 records
2025-09-19 02:38:56,374 - INFO - Completed /viper/ptmp/arego/RC4K1_1/28236.h5 in 4.31 seconds
2025-09-19 02:38:56,581 - INFO - Processing /viper/ptmp/arego/RC4K1/18299.h5
2025-09-19 02:38:56,827 - INFO - File 11203: Filtered 7005271 hits and 8 records
2025-09-19 02:38:56,912 - INFO - Processing /viper/ptmp/arego/RC4K1/5115.h5
2025-09-19 02:38:56,972 - INFO - File 16377: Filtered 8716668 hits and 4 records
2025-09-19 02:38:57,558 - INFO - Processing /viper/ptmp/arego/RC4K1/16407.h5
2025-09-19 02:38:57,650 - INFO - File 8487: Filtered 10120685 hits and 9 records
2025-09-19 02:38:57,726 - INFO - File 16242: Filtered 10631668 hits and 6 records
2025-09-19 02:38:57,748 - INFO - Completed /viper/ptmp/arego/RC4K1_1/24719.h5 in 5.97 seconds
2025-09-19 02:38:57,800 - INFO - Completed /viper/ptmp/arego/RC4K1_1/12503.h5 in 6.38 seconds
2025-09-19 02:38:57,864 - INFO - Completed /viper/ptmp/arego/RC4K1_1/11662.h5 in 5.36 seconds
2025-09-19 02:38:57,908 - INFO - Completed /viper/ptmp/arego/RC4K1_1/14966.h5 in 6.82 seconds
2025-09-19 02:38:58,245 - INFO - Processing /viper/ptmp/arego/RC4K1/17277.h5
2025-09-19 02:38:58,369 - INFO - Processing /viper/ptmp/arego/RC4K1/5595.h5
2025-09-19 02:38:58,486 - INFO - File 15469: Filtered 12998109 hits and 6 records
2025-09-19 02:38:58,656 - INFO - File 29525: Filtered 7422112 hits and 5 records
2025-09-19 02:38:59,085 - INFO - Processing /viper/ptmp/arego/RC4K1/10401.h5
2025-09-19 02:38:59,361 - INFO - File 4265: Filtered 7020030 hits and 8 records
2025-09-19 02:38:59,368 - INFO - File 3066: Filtered 8315849 hits and 9 records
2025-09-19 02:38:59,369 - INFO - Completed /viper/ptmp/arego/RC4K1_1/8487.h5 in 5.27 seconds
2025-09-19 02:38:59,671 - INFO - Completed /viper/ptmp/arego/RC4K1_1/16242.h5 in 5.50 seconds
2025-09-19 02:38:59,673 - INFO - Completed /viper/ptmp/arego/RC4K1_1/11203.h5 in 6.42 seconds
2025-09-19 02:38:59,918 - INFO - Processing /viper/ptmp/arego/RC4K1/8852.h5
2025-09-19 02:38:59,940 - INFO - Completed /viper/ptmp/arego/RC4K1_1/15469.h5 in 4.98 seconds
2025-09-19 02:38:59,947 - INFO - Completed /viper/ptmp/arego/RC4K1_1/16377.h5 in 6.49 seconds
2025-09-19 02:39:00,078 - INFO - Processing /viper/ptmp/arego/RC4K1/20547.h5
2025-09-19 02:39:00,137 - INFO - Completed /viper/ptmp/arego/RC4K1_1/13727.h5 in 7.39 seconds
2025-09-19 02:39:00,170 - INFO - File 18299: Filtered 9822330 hits and 6 records
2025-09-19 02:39:00,479 - INFO - File 5115: Filtered 10035969 hits and 8 records
2025-09-19 02:39:00,767 - INFO - Processing /viper/ptmp/arego/RC4K1/2835.h5
2025-09-19 02:39:00,890 - INFO - Processing /viper/ptmp/arego/RC4K1/6346.h5
2025-09-19 02:39:01,077 - INFO - File 16407: Filtered 5009331 hits and 4 records
2025-09-19 02:39:01,231 - INFO - Completed /viper/ptmp/arego/RC4K1_1/29525.h5 in 6.22 seconds
2025-09-19 02:39:01,566 - INFO - File 17277: Filtered 6395787 hits and 6 records
2025-09-19 02:39:01,611 - INFO - Processing /viper/ptmp/arego/RC4K1/26661.h5
2025-09-19 02:39:01,653 - INFO - Processing /viper/ptmp/arego/RC4K1/17502.h5
2025-09-19 02:39:01,805 - INFO - File 5595: Filtered 8869136 hits and 7 records
2025-09-19 02:39:01,836 - INFO - Completed /viper/ptmp/arego/RC4K1_1/4265.h5 in 5.87 seconds
2025-09-19 02:39:02,102 - INFO - Completed /viper/ptmp/arego/RC4K1_1/3066.h5 in 6.26 seconds
2025-09-19 02:39:02,159 - INFO - Processing /viper/ptmp/arego/RC4K1/13346.h5
2025-09-19 02:39:02,392 - INFO - Completed /viper/ptmp/arego/RC4K1_1/5115.h5 in 5.48 seconds
2025-09-19 02:39:02,549 - INFO - Processing /viper/ptmp/arego/RC4K1/9578.h5
2025-09-19 02:39:02,607 - INFO - Completed /viper/ptmp/arego/RC4K1_1/18299.h5 in 6.03 seconds
2025-09-19 02:39:02,611 - INFO - File 10401: Filtered 7595416 hits and 7 records
2025-09-19 02:39:02,949 - INFO - Processing /viper/ptmp/arego/RC4K1/22813.h5
2025-09-19 02:39:03,359 - INFO - File 20547: Filtered 8593347 hits and 6 records
2025-09-19 02:39:03,425 - INFO - Processing /viper/ptmp/arego/RC4K1/7716.h5
2025-09-19 02:39:03,582 - INFO - File 8852: Filtered 11365264 hits and 8 records
2025-09-19 02:39:03,767 - INFO - Processing /viper/ptmp/arego/RC4K1/7388.h5
2025-09-19 02:39:04,179 - INFO - File 6346: Filtered 13699661 hits and 6 records
2025-09-19 02:39:04,448 - INFO - Processing /viper/ptmp/arego/RC4K1/28063.h5
2025-09-19 02:39:04,471 - INFO - Completed /viper/ptmp/arego/RC4K1_1/5595.h5 in 6.10 seconds
2025-09-19 02:39:04,532 - INFO - File 2835: Filtered 6407088 hits and 7 records
2025-09-19 02:39:04,685 - INFO - Completed /viper/ptmp/arego/RC4K1_1/16407.h5 in 7.13 seconds
2025-09-19 02:39:04,805 - INFO - Completed /viper/ptmp/arego/RC4K1_1/17277.h5 in 6.56 seconds
2025-09-19 02:39:05,009 - INFO - Processing /viper/ptmp/arego/RC4K1/10847.h5
2025-09-19 02:39:05,256 - INFO - Completed /viper/ptmp/arego/RC4K1_1/8852.h5 in 5.34 seconds
2025-09-19 02:39:05,377 - INFO - Completed /viper/ptmp/arego/RC4K1_1/10401.h5 in 6.29 seconds
2025-09-19 02:39:05,385 - INFO - File 17502: Filtered 13802104 hits and 5 records
2025-09-19 02:39:05,471 - INFO - Completed /viper/ptmp/arego/RC4K1_1/6346.h5 in 4.58 seconds
2025-09-19 02:39:05,485 - INFO - Processing /viper/ptmp/arego/RC4K1/4669.h5
2025-09-19 02:39:05,728 - INFO - File 26661: Filtered 11521388 hits and 8 records
2025-09-19 02:39:05,863 - INFO - Processing /viper/ptmp/arego/RC4K1/2530.h5
2025-09-19 02:39:06,169 - INFO - File 13346: Filtered 4468026 hits and 8 records
2025-09-19 02:39:06,241 - INFO - Completed /viper/ptmp/arego/RC4K1_1/20547.h5 in 6.16 seconds
2025-09-19 02:39:06,615 - INFO - Processing /viper/ptmp/arego/RC4K1/17631.h5
2025-09-19 02:39:06,691 - INFO - Processing /viper/ptmp/arego/RC4K1/3110.h5
2025-09-19 02:39:06,754 - INFO - File 9578: Filtered 5584484 hits and 6 records
2025-09-19 02:39:06,778 - INFO - Completed /viper/ptmp/arego/RC4K1_1/17502.h5 in 5.12 seconds
2025-09-19 02:39:06,821 - INFO - File 22813: Filtered 6554334 hits and 7 records
2025-09-19 02:39:07,330 - INFO - File 7716: Filtered 10300555 hits and 6 records
2025-09-19 02:39:07,414 - INFO - Processing /viper/ptmp/arego/RC4K1/26495.h5
2025-09-19 02:39:07,509 - INFO - Processing /viper/ptmp/arego/RC4K1/22114.h5
2025-09-19 02:39:07,546 - INFO - Completed /viper/ptmp/arego/RC4K1_1/26661.h5 in 5.94 seconds
2025-09-19 02:39:07,670 - INFO - File 7388: Filtered 7962264 hits and 7 records
2025-09-19 02:39:08,180 - INFO - Processing /viper/ptmp/arego/RC4K1/8786.h5
2025-09-19 02:39:08,327 - INFO - Processing /viper/ptmp/arego/RC4K1/22662.h5
2025-09-19 02:39:08,845 - INFO - File 10847: Filtered 6459535 hits and 8 records
2025-09-19 02:39:09,061 - INFO - File 4669: Filtered 8672669 hits and 7 records
2025-09-19 02:39:09,432 - INFO - File 2530: Filtered 8172006 hits and 7 records
2025-09-19 02:39:09,841 - INFO - Completed /viper/ptmp/arego/RC4K1_1/2835.h5 in 9.07 seconds
2025-09-19 02:39:09,973 - INFO - File 17631: Filtered 9356875 hits and 7 records
2025-09-19 02:39:10,079 - INFO - File 28063: Filtered 13835660 hits and 7 records
2025-09-19 02:39:10,278 - INFO - Processing /viper/ptmp/arego/RC4K1/23795.h5
2025-09-19 02:39:10,771 - INFO - Completed /viper/ptmp/arego/RC4K1_1/7388.h5 in 7.00 seconds
2025-09-19 02:39:11,128 - INFO - Processing /viper/ptmp/arego/RC4K1/9912.h5
2025-09-19 02:39:14,738 - INFO - Completed /viper/ptmp/arego/RC4K1_1/7716.h5 in 11.31 seconds
2025-09-19 02:39:14,743 - INFO - Completed /viper/ptmp/arego/RC4K1_1/17631.h5 in 8.13 seconds
2025-09-19 02:39:14,748 - INFO - Completed /viper/ptmp/arego/RC4K1_1/22813.h5 in 11.80 seconds
2025-09-19 02:39:14,754 - INFO - Completed /viper/ptmp/arego/RC4K1_1/13346.h5 in 12.59 seconds
2025-09-19 02:39:14,761 - INFO - Completed /viper/ptmp/arego/RC4K1_1/4669.h5 in 9.28 seconds
2025-09-19 02:39:14,771 - INFO - Completed /viper/ptmp/arego/RC4K1_1/9578.h5 in 12.22 seconds
2025-09-19 02:39:14,774 - INFO - Completed /viper/ptmp/arego/RC4K1_1/10847.h5 in 9.76 seconds
2025-09-19 02:39:14,823 - INFO - Completed /viper/ptmp/arego/RC4K1_1/2530.h5 in 8.96 seconds
2025-09-19 02:39:14,874 - INFO - Completed /viper/ptmp/arego/RC4K1_1/28063.h5 in 10.43 seconds
2025-09-19 02:39:15,037 - INFO - Processing /viper/ptmp/arego/RC4K1/7268.h5
2025-09-19 02:39:15,220 - INFO - Processing /viper/ptmp/arego/RC4K1/23387.h5
2025-09-19 02:39:15,593 - INFO - Processing /viper/ptmp/arego/RC4K1/26687.h5
2025-09-19 02:39:15,870 - INFO - Processing /viper/ptmp/arego/RC4K1/12920.h5
2025-09-19 02:39:16,150 - INFO - File 3110: Filtered 11607435 hits and 11 records
2025-09-19 02:39:16,162 - INFO - Processing /viper/ptmp/arego/RC4K1/19353.h5
2025-09-19 02:39:16,636 - INFO - Processing /viper/ptmp/arego/RC4K1/2578.h5
2025-09-19 02:39:17,010 - INFO - Processing /viper/ptmp/arego/RC4K1/26591.h5
2025-09-19 02:39:17,263 - INFO - File 26495: Filtered 12846650 hits and 7 records
2025-09-19 02:39:17,396 - INFO - Processing /viper/ptmp/arego/RC4K1/21646.h5
2025-09-19 02:39:18,182 - INFO - Processing /viper/ptmp/arego/RC4K1/9844.h5
2025-09-19 02:39:18,298 - INFO - Completed /viper/ptmp/arego/RC4K1_1/3110.h5 in 11.61 seconds
2025-09-19 02:39:18,393 - INFO - File 22114: Filtered 11585724 hits and 10 records
2025-09-19 02:39:18,549 - INFO - File 8786: Filtered 10409396 hits and 10 records
2025-09-19 02:39:18,773 - INFO - Processing /viper/ptmp/arego/RC4K1/3832.h5
2025-09-19 02:39:18,839 - INFO - File 22662: Filtered 8072516 hits and 8 records
2025-09-19 02:39:19,010 - INFO - File 9912: Filtered 10711041 hits and 8 records
2025-09-19 02:39:19,570 - INFO - File 23387: Filtered 8251116 hits and 7 records
2025-09-19 02:39:19,667 - INFO - File 7268: Filtered 13223633 hits and 7 records
2025-09-19 02:39:19,709 - INFO - Completed /viper/ptmp/arego/RC4K1_1/26495.h5 in 12.29 seconds
2025-09-19 02:39:20,210 - INFO - Processing /viper/ptmp/arego/RC4K1/28701.h5
2025-09-19 02:39:20,303 - INFO - File 23795: Filtered 7062447 hits and 4 records
2025-09-19 02:39:20,554 - INFO - File 26687: Filtered 10123102 hits and 8 records
2025-09-19 02:39:20,563 - INFO - Completed /viper/ptmp/arego/RC4K1_1/22114.h5 in 13.05 seconds
2025-09-19 02:39:20,646 - INFO - File 12920: Filtered 12251343 hits and 6 records
2025-09-19 02:39:21,055 - INFO - Processing /viper/ptmp/arego/RC4K1/3101.h5
2025-09-19 02:39:21,218 - INFO - Completed /viper/ptmp/arego/RC4K1_1/7268.h5 in 6.18 seconds
2025-09-19 02:39:21,329 - ERROR - Error processing /viper/ptmp/arego/RC4K1/8786.h5: low >= high
2025-09-19 02:39:21,670 - INFO - File 2578: Filtered 13459000 hits and 10 records
2025-09-19 02:39:21,788 - INFO - Processing /viper/ptmp/arego/RC4K1/9494.h5
2025-09-19 02:39:21,860 - INFO - File 26591: Filtered 11047414 hits and 8 records
2025-09-19 02:39:21,955 - INFO - Completed /viper/ptmp/arego/RC4K1_1/9912.h5 in 10.83 seconds
2025-09-19 02:39:22,003 - INFO - Processing /viper/ptmp/arego/RC4K1/10062.h5
2025-09-19 02:39:22,294 - INFO - File 21646: Filtered 8916564 hits and 7 records
2025-09-19 02:39:22,340 - INFO - Completed /viper/ptmp/arego/RC4K1_1/22662.h5 in 14.01 seconds
2025-09-19 02:39:22,463 - INFO - Processing /viper/ptmp/arego/RC4K1/4668.h5
2025-09-19 02:39:22,617 - INFO - File 9844: Filtered 9143196 hits and 5 records
2025-09-19 02:39:22,809 - INFO - Processing /viper/ptmp/arego/RC4K1/659.h5
2025-09-19 02:39:23,090 - INFO - File 3832: Filtered 11515924 hits and 8 records
2025-09-19 02:39:23,106 - INFO - Completed /viper/ptmp/arego/RC4K1_1/23387.h5 in 7.89 seconds
2025-09-19 02:39:23,376 - INFO - Completed /viper/ptmp/arego/RC4K1_1/12920.h5 in 7.51 seconds
2025-09-19 02:39:23,541 - INFO - Completed /viper/ptmp/arego/RC4K1_1/26687.h5 in 7.95 seconds
2025-09-19 02:39:23,627 - INFO - Processing /viper/ptmp/arego/RC4K1/10610.h5
2025-09-19 02:39:23,741 - INFO - Completed /viper/ptmp/arego/RC4K1_1/2578.h5 in 7.10 seconds
2025-09-19 02:39:24,079 - INFO - Processing /viper/ptmp/arego/RC4K1/17208.h5
2025-09-19 02:39:24,113 - INFO - Completed /viper/ptmp/arego/RC4K1_1/23795.h5 in 13.83 seconds
2025-09-19 02:39:24,149 - INFO - Completed /viper/ptmp/arego/RC4K1_1/26591.h5 in 7.14 seconds
2025-09-19 02:39:24,227 - INFO - Processing /viper/ptmp/arego/RC4K1/4772.h5
2025-09-19 02:39:24,403 - INFO - File 28701: Filtered 10665686 hits and 9 records
2025-09-19 02:39:24,811 - INFO - Processing /viper/ptmp/arego/RC4K1/19014.h5
2025-09-19 02:39:25,494 - INFO - Processing /viper/ptmp/arego/RC4K1/4534.h5
2025-09-19 02:39:25,554 - INFO - Completed /viper/ptmp/arego/RC4K1_1/3832.h5 in 6.78 seconds
2025-09-19 02:39:25,556 - INFO - File 3101: Filtered 10357746 hits and 6 records
2025-09-19 02:39:25,804 - INFO - Completed /viper/ptmp/arego/RC4K1_1/21646.h5 in 8.41 seconds
2025-09-19 02:39:25,914 - INFO - Processing /viper/ptmp/arego/RC4K1/27168.h5
2025-09-19 02:39:26,116 - INFO - File 19353: Filtered 6370288 hits and 6 records
2025-09-19 02:39:26,419 - INFO - File 4668: Filtered 8752360 hits and 5 records
2025-09-19 02:39:26,519 - INFO - Processing /viper/ptmp/arego/RC4K1/562.h5
2025-09-19 02:39:26,553 - INFO - File 10062: Filtered 15997663 hits and 7 records
2025-09-19 02:39:26,582 - INFO - Processing /viper/ptmp/arego/RC4K1/20548.h5
2025-09-19 02:39:26,612 - INFO - Completed /viper/ptmp/arego/RC4K1_1/9844.h5 in 8.43 seconds
2025-09-19 02:39:27,154 - INFO - Completed /viper/ptmp/arego/RC4K1_1/28701.h5 in 6.94 seconds
2025-09-19 02:39:27,455 - INFO - Completed /viper/ptmp/arego/RC4K1_1/10062.h5 in 5.45 seconds
2025-09-19 02:39:27,508 - INFO - Processing /viper/ptmp/arego/RC4K1/13297.h5
2025-09-19 02:39:27,698 - INFO - Processing /viper/ptmp/arego/RC4K1/19454.h5
2025-09-19 02:39:27,764 - INFO - File 659: Filtered 5645673 hits and 4 records
2025-09-19 02:39:28,363 - INFO - Processing /viper/ptmp/arego/RC4K1/24222.h5
2025-09-19 02:39:28,399 - INFO - File 17208: Filtered 10396165 hits and 8 records
2025-09-19 02:39:28,432 - INFO - File 10610: Filtered 7512344 hits and 7 records
2025-09-19 02:39:28,473 - INFO - Completed /viper/ptmp/arego/RC4K1_1/3101.h5 in 7.42 seconds
2025-09-19 02:39:28,805 - INFO - File 4772: Filtered 16083513 hits and 5 records
2025-09-19 02:39:29,175 - INFO - Processing /viper/ptmp/arego/RC4K1/27680.h5
2025-09-19 02:39:29,397 - INFO - File 19014: Filtered 17089116 hits and 7 records
2025-09-19 02:39:30,189 - INFO - Completed /viper/ptmp/arego/RC4K1_1/19353.h5 in 14.03 seconds
2025-09-19 02:39:30,518 - INFO - File 4534: Filtered 8438600 hits and 5 records
2025-09-19 02:39:30,613 - INFO - Completed /viper/ptmp/arego/RC4K1_1/4772.h5 in 6.39 seconds
2025-09-19 02:39:30,664 - INFO - Completed /viper/ptmp/arego/RC4K1_1/19014.h5 in 5.85 seconds
2025-09-19 02:39:30,906 - INFO - Processing /viper/ptmp/arego/RC4K1/21831.h5
2025-09-19 02:39:30,961 - INFO - Processing /viper/ptmp/arego/RC4K1/10332.h5
2025-09-19 02:39:31,124 - INFO - Completed /viper/ptmp/arego/RC4K1_1/4668.h5 in 8.66 seconds
2025-09-19 02:39:31,199 - INFO - File 27168: Filtered 17149551 hits and 9 records
2025-09-19 02:39:31,286 - INFO - Completed /viper/ptmp/arego/RC4K1_1/17208.h5 in 7.21 seconds
2025-09-19 02:39:31,875 - INFO - Processing /viper/ptmp/arego/RC4K1/17226.h5
2025-09-19 02:39:31,905 - INFO - File 9494: Filtered 10564232 hits and 7 records
2025-09-19 02:39:32,092 - INFO - File 20548: Filtered 8837284 hits and 6 records
2025-09-19 02:39:32,229 - INFO - Completed /viper/ptmp/arego/RC4K1_1/659.h5 in 9.42 seconds
2025-09-19 02:39:32,494 - INFO - Completed /viper/ptmp/arego/RC4K1_1/27168.h5 in 6.58 seconds
2025-09-19 02:39:32,579 - INFO - Processing /viper/ptmp/arego/RC4K1/18772.h5
2025-09-19 02:39:32,638 - INFO - Processing /viper/ptmp/arego/RC4K1/18050.h5
2025-09-19 02:39:32,647 - INFO - File 19454: Filtered 17157251 hits and 6 records
2025-09-19 02:39:33,107 - INFO - File 562: Filtered 8555323 hits and 6 records
2025-09-19 02:39:33,272 - INFO - Completed /viper/ptmp/arego/RC4K1_1/10610.h5 in 9.65 seconds
2025-09-19 02:39:33,279 - INFO - Processing /viper/ptmp/arego/RC4K1/8439.h5
2025-09-19 02:39:33,339 - INFO - File 13297: Filtered 10151681 hits and 5 records
2025-09-19 02:39:33,625 - INFO - Processing /viper/ptmp/arego/RC4K1/12709.h5
2025-09-19 02:39:33,794 - INFO - Completed /viper/ptmp/arego/RC4K1_1/19454.h5 in 6.10 seconds
2025-09-19 02:39:33,861 - INFO - Processing /viper/ptmp/arego/RC4K1/24578.h5
2025-09-19 02:39:34,174 - INFO - File 24222: Filtered 9420624 hits and 10 records
2025-09-19 02:39:34,425 - INFO - Processing /viper/ptmp/arego/RC4K1/27530.h5
2025-09-19 02:39:34,980 - INFO - Completed /viper/ptmp/arego/RC4K1_1/9494.h5 in 13.19 seconds
2025-09-19 02:39:35,033 - INFO - Completed /viper/ptmp/arego/RC4K1_1/4534.h5 in 9.54 seconds
2025-09-19 02:39:35,228 - INFO - File 27680: Filtered 12445972 hits and 11 records
2025-09-19 02:39:35,381 - INFO - File 10332: Filtered 13933255 hits and 7 records
2025-09-19 02:39:35,476 - INFO - Processing /viper/ptmp/arego/RC4K1/19977.h5
2025-09-19 02:39:35,649 - INFO - Processing /viper/ptmp/arego/RC4K1/25113.h5
2025-09-19 02:39:36,165 - INFO - Completed /viper/ptmp/arego/RC4K1_1/20548.h5 in 9.58 seconds
2025-09-19 02:39:36,421 - INFO - File 21831: Filtered 13728311 hits and 11 records
2025-09-19 02:39:36,478 - INFO - File 17226: Filtered 15349297 hits and 11 records
2025-09-19 02:39:36,894 - INFO - Processing /viper/ptmp/arego/RC4K1/18790.h5
2025-09-19 02:39:37,077 - INFO - Completed /viper/ptmp/arego/RC4K1_1/13297.h5 in 9.57 seconds
2025-09-19 02:39:37,556 - INFO - Completed /viper/ptmp/arego/RC4K1_1/562.h5 in 11.04 seconds
2025-09-19 02:39:37,612 - INFO - Processing /viper/ptmp/arego/RC4K1/23236.h5
2025-09-19 02:39:37,629 - INFO - File 18050: Filtered 12936403 hits and 6 records
2025-09-19 02:39:37,696 - INFO - Completed /viper/ptmp/arego/RC4K1_1/27680.h5 in 8.52 seconds
2025-09-19 02:39:37,886 - INFO - File 18772: Filtered 14277934 hits and 10 records
2025-09-19 02:39:37,886 - INFO - Completed /viper/ptmp/arego/RC4K1_1/24222.h5 in 9.52 seconds
2025-09-19 02:39:38,193 - INFO - Completed /viper/ptmp/arego/RC4K1_1/10332.h5 in 7.23 seconds
2025-09-19 02:39:38,534 - INFO - Completed /viper/ptmp/arego/RC4K1_1/21831.h5 in 7.63 seconds
2025-09-19 02:39:38,595 - INFO - File 12709: Filtered 12917143 hits and 10 records
2025-09-19 02:39:38,623 - INFO - Processing /viper/ptmp/arego/RC4K1/20716.h5
2025-09-19 02:39:38,639 - INFO - File 8439: Filtered 12489680 hits and 7 records
2025-09-19 02:39:38,665 - INFO - Completed /viper/ptmp/arego/RC4K1_1/17226.h5 in 6.79 seconds
2025-09-19 02:39:38,782 - INFO - Processing /viper/ptmp/arego/RC4K1/5727.h5
2025-09-19 02:39:39,328 - INFO - Processing /viper/ptmp/arego/RC4K1/3986.h5
2025-09-19 02:39:39,492 - INFO - File 24578: Filtered 9776277 hits and 5 records
2025-09-19 02:39:39,598 - INFO - Completed /viper/ptmp/arego/RC4K1_1/18772.h5 in 7.02 seconds
2025-09-19 02:39:39,726 - INFO - Processing /viper/ptmp/arego/RC4K1/2611.h5
2025-09-19 02:39:39,982 - INFO - Processing /viper/ptmp/arego/RC4K1/24308.h5
2025-09-19 02:39:40,037 - INFO - File 27530: Filtered 12790174 hits and 11 records
2025-09-19 02:39:40,105 - INFO - File 25113: Filtered 8802576 hits and 6 records
2025-09-19 02:39:40,705 - INFO - Processing /viper/ptmp/arego/RC4K1/1289.h5
2025-09-19 02:39:40,734 - INFO - Completed /viper/ptmp/arego/RC4K1_1/12709.h5 in 7.11 seconds
2025-09-19 02:39:40,823 - INFO - Completed /viper/ptmp/arego/RC4K1_1/18050.h5 in 8.19 seconds
2025-09-19 02:39:40,853 - INFO - File 19977: Filtered 17863437 hits and 6 records
2025-09-19 02:39:41,250 - INFO - Processing /viper/ptmp/arego/RC4K1/4511.h5
2025-09-19 02:39:41,592 - INFO - Completed /viper/ptmp/arego/RC4K1_1/8439.h5 in 8.31 seconds
2025-09-19 02:39:41,618 - INFO - Processing /viper/ptmp/arego/RC4K1/600.h5
2025-09-19 02:39:42,012 - INFO - File 18790: Filtered 8594848 hits and 5 records
2025-09-19 02:39:42,035 - INFO - File 23236: Filtered 12815685 hits and 9 records
2025-09-19 02:39:42,065 - INFO - Completed /viper/ptmp/arego/RC4K1_1/19977.h5 in 6.59 seconds
2025-09-19 02:39:42,263 - INFO - Processing /viper/ptmp/arego/RC4K1/5413.h5
2025-09-19 02:39:42,562 - INFO - Processing /viper/ptmp/arego/RC4K1/10546.h5
2025-09-19 02:39:43,022 - INFO - Processing /viper/ptmp/arego/RC4K1/10242.h5
2025-09-19 02:39:43,166 - INFO - Completed /viper/ptmp/arego/RC4K1_1/27530.h5 in 8.74 seconds
2025-09-19 02:39:43,658 - INFO - File 5727: Filtered 16916600 hits and 5 records
2025-09-19 02:39:43,721 - INFO - Processing /viper/ptmp/arego/RC4K1/7332.h5
2025-09-19 02:39:43,726 - INFO - File 20716: Filtered 13987244 hits and 5 records
2025-09-19 02:39:43,833 - INFO - Completed /viper/ptmp/arego/RC4K1_1/25113.h5 in 8.18 seconds
2025-09-19 02:39:43,845 - INFO - Completed /viper/ptmp/arego/RC4K1_1/24578.h5 in 9.98 seconds
2025-09-19 02:39:44,478 - INFO - Processing /viper/ptmp/arego/RC4K1/9818.h5
2025-09-19 02:39:44,530 - INFO - File 2611: Filtered 9670464 hits and 5 records
2025-09-19 02:39:44,610 - INFO - Processing /viper/ptmp/arego/RC4K1/6922.h5
2025-09-19 02:39:44,775 - INFO - Completed /viper/ptmp/arego/RC4K1_1/23236.h5 in 7.16 seconds
2025-09-19 02:39:44,929 - INFO - File 3986: Filtered 16684449 hits and 11 records
2025-09-19 02:39:45,452 - INFO - Completed /viper/ptmp/arego/RC4K1_1/5727.h5 in 6.67 seconds
2025-09-19 02:39:45,773 - INFO - File 24308: Filtered 13058074 hits and 9 records
2025-09-19 02:39:45,855 - INFO - Processing /viper/ptmp/arego/RC4K1/15276.h5
2025-09-19 02:39:46,055 - INFO - File 4511: Filtered 9013575 hits and 4 records
2025-09-19 02:39:46,231 - INFO - Processing /viper/ptmp/arego/RC4K1/28689.h5
2025-09-19 02:39:46,272 - INFO - Completed /viper/ptmp/arego/RC4K1_1/18790.h5 in 9.38 seconds
2025-09-19 02:39:46,632 - INFO - Completed /viper/ptmp/arego/RC4K1_1/3986.h5 in 7.30 seconds
2025-09-19 02:39:46,758 - INFO - File 1289: Filtered 13535325 hits and 9 records
2025-09-19 02:39:47,244 - INFO - Processing /viper/ptmp/arego/RC4K1/4654.h5
2025-09-19 02:39:47,508 - INFO - Processing /viper/ptmp/arego/RC4K1/9481.h5
2025-09-19 02:39:47,552 - INFO - File 5413: Filtered 14383297 hits and 7 records
2025-09-19 02:39:47,681 - INFO - File 600: Filtered 12315336 hits and 5 records
2025-09-19 02:39:48,583 - INFO - Completed /viper/ptmp/arego/RC4K1_1/20716.h5 in 9.96 seconds
2025-09-19 02:39:48,585 - INFO - File 10546: Filtered 9752884 hits and 8 records
2025-09-19 02:39:48,779 - INFO - Completed /viper/ptmp/arego/RC4K1_1/24308.h5 in 8.80 seconds
2025-09-19 02:39:48,913 - INFO - Completed /viper/ptmp/arego/RC4K1_1/2611.h5 in 9.19 seconds
2025-09-19 02:39:48,966 - INFO - File 10242: Filtered 13598864 hits and 9 records
2025-09-19 02:39:48,989 - INFO - Processing /viper/ptmp/arego/RC4K1/23563.h5
2025-09-19 02:39:49,492 - INFO - Completed /viper/ptmp/arego/RC4K1_1/1289.h5 in 8.79 seconds
2025-09-19 02:39:49,617 - INFO - Processing /viper/ptmp/arego/RC4K1/11359.h5
2025-09-19 02:39:49,706 - INFO - File 7332: Filtered 7759295 hits and 8 records
2025-09-19 02:39:49,999 - INFO - Processing /viper/ptmp/arego/RC4K1/9403.h5
2025-09-19 02:39:50,300 - INFO - File 9818: Filtered 14082672 hits and 6 records
2025-09-19 02:39:50,340 - INFO - File 6922: Filtered 4162912 hits and 6 records
2025-09-19 02:39:50,696 - INFO - Completed /viper/ptmp/arego/RC4K1_1/5413.h5 in 8.43 seconds
2025-09-19 02:39:50,762 - INFO - Completed /viper/ptmp/arego/RC4K1_1/4511.h5 in 9.51 seconds
2025-09-19 02:39:50,822 - INFO - Completed /viper/ptmp/arego/RC4K1_1/600.h5 in 9.20 seconds
2025-09-19 02:39:51,046 - INFO - Processing /viper/ptmp/arego/RC4K1/6953.h5
2025-09-19 02:39:51,176 - INFO - Processing /viper/ptmp/arego/RC4K1/27174.h5
2025-09-19 02:39:51,658 - INFO - File 15276: Filtered 8905084 hits and 8 records
2025-09-19 02:39:51,705 - INFO - File 28689: Filtered 7032855 hits and 7 records
2025-09-19 02:39:51,881 - INFO - Processing /viper/ptmp/arego/RC4K1/17409.h5
2025-09-19 02:39:51,999 - INFO - Processing /viper/ptmp/arego/RC4K1/7939.h5
2025-09-19 02:39:52,378 - INFO - Completed /viper/ptmp/arego/RC4K1_1/10242.h5 in 9.36 seconds
2025-09-19 02:39:52,414 - INFO - Completed /viper/ptmp/arego/RC4K1_1/10546.h5 in 9.85 seconds
2025-09-19 02:39:52,680 - INFO - File 4654: Filtered 12492097 hits and 10 records
2025-09-19 02:39:53,066 - INFO - Processing /viper/ptmp/arego/RC4K1/5561.h5
2025-09-19 02:39:53,113 - INFO - Processing /viper/ptmp/arego/RC4K1/21001.h5
2025-09-19 02:39:53,300 - INFO - File 9481: Filtered 12326847 hits and 7 records
2025-09-19 02:39:53,347 - INFO - Completed /viper/ptmp/arego/RC4K1_1/9818.h5 in 8.87 seconds
2025-09-19 02:39:53,731 - INFO - Processing /viper/ptmp/arego/RC4K1/8693.h5
2025-09-19 02:39:54,712 - INFO - File 23563: Filtered 11031405 hits and 9 records
2025-09-19 02:39:54,824 - INFO - Completed /viper/ptmp/arego/RC4K1_1/7332.h5 in 11.10 seconds
2025-09-19 02:39:55,009 - INFO - File 11359: Filtered 7249416 hits and 9 records
2025-09-19 02:39:55,486 - INFO - Processing /viper/ptmp/arego/RC4K1/11081.h5
2025-09-19 02:39:56,158 - INFO - File 9403: Filtered 8543463 hits and 9 records
2025-09-19 02:39:56,183 - INFO - Completed /viper/ptmp/arego/RC4K1_1/4654.h5 in 8.94 seconds
2025-09-19 02:39:56,390 - INFO - File 27174: Filtered 9406793 hits and 7 records
2025-09-19 02:39:56,457 - INFO - Completed /viper/ptmp/arego/RC4K1_1/15276.h5 in 10.60 seconds
2025-09-19 02:39:56,563 - INFO - Completed /viper/ptmp/arego/RC4K1_1/9481.h5 in 9.05 seconds
2025-09-19 02:39:56,754 - INFO - Processing /viper/ptmp/arego/RC4K1/10144.h5
2025-09-19 02:39:57,068 - INFO - Completed /viper/ptmp/arego/RC4K1_1/6922.h5 in 12.46 seconds
2025-09-19 02:39:57,075 - INFO - Completed /viper/ptmp/arego/RC4K1_1/28689.h5 in 10.84 seconds
2025-09-19 02:39:57,151 - INFO - Processing /viper/ptmp/arego/RC4K1/7360.h5
2025-09-19 02:39:57,199 - INFO - File 6953: Filtered 15888976 hits and 9 records
2025-09-19 02:39:57,393 - INFO - File 7939: Filtered 22050023 hits and 8 records
2025-09-19 02:39:57,827 - INFO - Processing /viper/ptmp/arego/RC4K1/17866.h5
2025-09-19 02:39:58,314 - INFO - Completed /viper/ptmp/arego/RC4K1_1/7939.h5 in 6.32 seconds
2025-09-19 02:39:58,442 - INFO - File 17409: Filtered 10448017 hits and 7 records
2025-09-19 02:39:58,451 - INFO - Processing /viper/ptmp/arego/RC4K1/21844.h5
2025-09-19 02:39:58,594 - INFO - Processing /viper/ptmp/arego/RC4K1/26147.h5
2025-09-19 02:39:58,681 - INFO - Completed /viper/ptmp/arego/RC4K1_1/23563.h5 in 9.69 seconds
2025-09-19 02:39:58,917 - INFO - File 5561: Filtered 10175857 hits and 7 records
2025-09-19 02:39:58,978 - INFO - File 21001: Filtered 17841675 hits and 8 records
2025-09-19 02:39:59,213 - INFO - File 8693: Filtered 18784096 hits and 8 records
2025-09-19 02:39:59,223 - INFO - Processing /viper/ptmp/arego/RC4K1/26913.h5
2025-09-19 02:39:59,296 - INFO - Completed /viper/ptmp/arego/RC4K1_1/6953.h5 in 8.25 seconds
2025-09-19 02:39:59,750 - INFO - Processing /viper/ptmp/arego/RC4K1/6614.h5
2025-09-19 02:40:00,064 - INFO - Completed /viper/ptmp/arego/RC4K1_1/21001.h5 in 6.95 seconds
2025-09-19 02:40:00,381 - INFO - Processing /viper/ptmp/arego/RC4K1/24178.h5
2025-09-19 02:40:00,703 - INFO - Completed /viper/ptmp/arego/RC4K1_1/9403.h5 in 10.70 seconds
2025-09-19 02:40:00,834 - INFO - Completed /viper/ptmp/arego/RC4K1_1/11359.h5 in 11.22 seconds
2025-09-19 02:40:01,105 - INFO - File 11081: Filtered 15813102 hits and 8 records
2025-09-19 02:40:01,127 - INFO - Processing /viper/ptmp/arego/RC4K1/128.h5
2025-09-19 02:40:01,214 - INFO - Completed /viper/ptmp/arego/RC4K1_1/8693.h5 in 7.48 seconds
2025-09-19 02:40:01,323 - INFO - Completed /viper/ptmp/arego/RC4K1_1/27174.h5 in 10.15 seconds
2025-09-19 02:40:01,540 - INFO - Processing /viper/ptmp/arego/RC4K1/10134.h5
2025-09-19 02:40:02,029 - INFO - Processing /viper/ptmp/arego/RC4K1/8553.h5
2025-09-19 02:40:02,036 - INFO - File 7360: Filtered 10749318 hits and 9 records
2025-09-19 02:40:02,796 - INFO - Processing /viper/ptmp/arego/RC4K1/27157.h5
2025-09-19 02:40:02,813 - INFO - File 10144: Filtered 14080932 hits and 6 records
2025-09-19 02:40:02,901 - INFO - Completed /viper/ptmp/arego/RC4K1_1/17409.h5 in 11.02 seconds
2025-09-19 02:40:03,406 - INFO - Processing /viper/ptmp/arego/RC4K1/13336.h5
2025-09-19 02:40:03,617 - INFO - Completed /viper/ptmp/arego/RC4K1_1/5561.h5 in 10.55 seconds
2025-09-19 02:40:03,752 - INFO - Processing /viper/ptmp/arego/RC4K1/1482.h5
2025-09-19 02:40:03,766 - INFO - File 17866: Filtered 12254182 hits and 8 records
2025-09-19 02:40:04,066 - INFO - File 26147: Filtered 19630608 hits and 12 records
2025-09-19 02:40:04,144 - INFO - Completed /viper/ptmp/arego/RC4K1_1/11081.h5 in 8.66 seconds
2025-09-19 02:40:04,174 - INFO - Processing /viper/ptmp/arego/RC4K1/1324.h5
2025-09-19 02:40:04,248 - INFO - File 21844: Filtered 9545403 hits and 4 records
2025-09-19 02:40:04,826 - INFO - Processing /viper/ptmp/arego/RC4K1/13817.h5
2025-09-19 02:40:05,728 - INFO - Completed /viper/ptmp/arego/RC4K1_1/26147.h5 in 7.13 seconds
2025-09-19 02:40:05,929 - INFO - File 26913: Filtered 9607620 hits and 6 records
2025-09-19 02:40:06,003 - INFO - Processing /viper/ptmp/arego/RC4K1/6652.h5
2025-09-19 02:40:06,478 - INFO - File 10134: Filtered 23498308 hits and 11 records
2025-09-19 02:40:06,753 - INFO - Completed /viper/ptmp/arego/RC4K1_1/7360.h5 in 9.60 seconds
2025-09-19 02:40:06,817 - INFO - Completed /viper/ptmp/arego/RC4K1_1/10144.h5 in 10.06 seconds
2025-09-19 02:40:07,075 - INFO - File 6614: Filtered 2871639 hits and 4 records
2025-09-19 02:40:07,214 - INFO - Completed /viper/ptmp/arego/RC4K1_1/10134.h5 in 5.67 seconds
2025-09-19 02:40:07,378 - INFO - Processing /viper/ptmp/arego/RC4K1/25121.h5
2025-09-19 02:40:07,592 - INFO - Completed /viper/ptmp/arego/RC4K1_1/17866.h5 in 9.76 seconds
2025-09-19 02:40:07,653 - INFO - Processing /viper/ptmp/arego/RC4K1/7590.h5
2025-09-19 02:40:07,821 - INFO - File 24178: Filtered 15696818 hits and 7 records
2025-09-19 02:40:08,358 - INFO - Processing /viper/ptmp/arego/RC4K1/20119.h5
2025-09-19 02:40:08,693 - INFO - File 128: Filtered 12309890 hits and 6 records
2025-09-19 02:40:08,887 - INFO - File 27157: Filtered 11589244 hits and 8 records
2025-09-19 02:40:09,333 - INFO - Processing /viper/ptmp/arego/RC4K1/4671.h5
2025-09-19 02:40:09,599 - INFO - File 13336: Filtered 15135068 hits and 8 records
2025-09-19 02:40:09,846 - INFO - Completed /viper/ptmp/arego/RC4K1_1/21844.h5 in 11.39 seconds
2025-09-19 02:40:09,963 - INFO - File 8553: Filtered 12049755 hits and 6 records
2025-09-19 02:40:10,336 - INFO - File 1324: Filtered 16223682 hits and 9 records
2025-09-19 02:40:10,429 - INFO - Processing /viper/ptmp/arego/RC4K1/16500.h5
2025-09-19 02:40:10,827 - INFO - File 1482: Filtered 8589278 hits and 4 records
2025-09-19 02:40:10,930 - INFO - Completed /viper/ptmp/arego/RC4K1_1/24178.h5 in 10.55 seconds
2025-09-19 02:40:11,163 - INFO - Completed /viper/ptmp/arego/RC4K1_1/26913.h5 in 11.94 seconds
2025-09-19 02:40:11,301 - INFO - Processing /viper/ptmp/arego/RC4K1/15500.h5
2025-09-19 02:40:11,455 - INFO - File 13817: Filtered 14054817 hits and 8 records
2025-09-19 02:40:12,225 - INFO - Processing /viper/ptmp/arego/RC4K1/29510.h5
2025-09-19 02:40:12,414 - INFO - File 6652: Filtered 16964356 hits and 6 records
2025-09-19 02:40:12,500 - INFO - Completed /viper/ptmp/arego/RC4K1_1/128.h5 in 11.37 seconds
2025-09-19 02:40:12,971 - INFO - Processing /viper/ptmp/arego/RC4K1/29669.h5
2025-09-19 02:40:13,255 - INFO - Completed /viper/ptmp/arego/RC4K1_1/13336.h5 in 9.85 seconds
2025-09-19 02:40:13,293 - INFO - File 7590: Filtered 9245548 hits and 3 records
2025-09-19 02:40:13,374 - INFO - Completed /viper/ptmp/arego/RC4K1_1/8553.h5 in 11.35 seconds
2025-09-19 02:40:13,700 - INFO - Completed /viper/ptmp/arego/RC4K1_1/1324.h5 in 9.53 seconds
2025-09-19 02:40:13,774 - INFO - File 25121: Filtered 20425669 hits and 10 records
2025-09-19 02:40:13,858 - INFO - Processing /viper/ptmp/arego/RC4K1/15418.h5
2025-09-19 02:40:13,881 - INFO - Processing /viper/ptmp/arego/RC4K1/24628.h5
2025-09-19 02:40:14,277 - INFO - Completed /viper/ptmp/arego/RC4K1_1/6614.h5 in 14.53 seconds
2025-09-19 02:40:14,343 - INFO - Completed /viper/ptmp/arego/RC4K1_1/27157.h5 in 11.55 seconds
2025-09-19 02:40:14,794 - INFO - Processing /viper/ptmp/arego/RC4K1/28929.h5
2025-09-19 02:40:15,030 - INFO - File 20119: Filtered 9655056 hits and 6 records
2025-09-19 02:40:15,237 - INFO - Completed /viper/ptmp/arego/RC4K1_1/13817.h5 in 10.41 seconds
2025-09-19 02:40:15,324 - INFO - Processing /viper/ptmp/arego/RC4K1/16328.h5
2025-09-19 02:40:15,497 - INFO - Processing /viper/ptmp/arego/RC4K1/27871.h5
2025-09-19 02:40:15,504 - INFO - Completed /viper/ptmp/arego/RC4K1_1/25121.h5 in 8.13 seconds
2025-09-19 02:40:15,636 - INFO - Completed /viper/ptmp/arego/RC4K1_1/6652.h5 in 9.63 seconds
2025-09-19 02:40:15,682 - INFO - File 4671: Filtered 11876737 hits and 6 records
2025-09-19 02:40:15,976 - INFO - Completed /viper/ptmp/arego/RC4K1_1/1482.h5 in 12.22 seconds
2025-09-19 02:40:16,142 - INFO - Processing /viper/ptmp/arego/RC4K1/27732.h5
2025-09-19 02:40:16,246 - INFO - File 16500: Filtered 8062682 hits and 6 records
2025-09-19 02:40:16,817 - INFO - Processing /viper/ptmp/arego/RC4K1/10654.h5
2025-09-19 02:40:17,049 - INFO - Processing /viper/ptmp/arego/RC4K1/23588.h5
2025-09-19 02:40:17,402 - INFO - File 15500: Filtered 10384858 hits and 5 records
2025-09-19 02:40:17,467 - INFO - Processing /viper/ptmp/arego/RC4K1/3913.h5
2025-09-19 02:40:18,710 - INFO - Completed /viper/ptmp/arego/RC4K1_1/7590.h5 in 11.06 seconds
2025-09-19 02:40:19,400 - INFO - File 15418: Filtered 10246989 hits and 10 records
2025-09-19 02:40:19,507 - INFO - File 29510: Filtered 18541843 hits and 10 records
2025-09-19 02:40:19,624 - INFO - Processing /viper/ptmp/arego/RC4K1/23184.h5
2025-09-19 02:40:20,213 - INFO - Completed /viper/ptmp/arego/RC4K1_1/20119.h5 in 11.86 seconds
2025-09-19 02:40:20,299 - INFO - Completed /viper/ptmp/arego/RC4K1_1/4671.h5 in 10.97 seconds
2025-09-19 02:40:20,482 - INFO - File 29669: Filtered 12079802 hits and 8 records
2025-09-19 02:40:21,162 - INFO - Processing /viper/ptmp/arego/RC4K1/29703.h5
2025-09-19 02:40:21,262 - INFO - File 24628: Filtered 13877745 hits and 8 records
2025-09-19 02:40:21,590 - INFO - File 28929: Filtered 14757521 hits and 7 records
2025-09-19 02:40:21,692 - INFO - Completed /viper/ptmp/arego/RC4K1_1/29510.h5 in 9.47 seconds
2025-09-19 02:40:22,174 - INFO - Processing /viper/ptmp/arego/RC4K1/3461.h5
2025-09-19 02:40:22,331 - INFO - Processing /viper/ptmp/arego/RC4K1/24133.h5
2025-09-19 02:40:22,472 - INFO - Completed /viper/ptmp/arego/RC4K1_1/16500.h5 in 12.04 seconds
2025-09-19 02:40:22,494 - INFO - Completed /viper/ptmp/arego/RC4K1_1/15500.h5 in 11.19 seconds
2025-09-19 02:40:22,731 - INFO - File 27871: Filtered 12709972 hits and 7 records
2025-09-19 02:40:22,866 - INFO - File 16328: Filtered 7460524 hits and 7 records
2025-09-19 02:40:23,359 - INFO - Processing /viper/ptmp/arego/RC4K1/19108.h5
2025-09-19 02:40:23,548 - INFO - File 27732: Filtered 20463637 hits and 13 records
2025-09-19 02:40:24,091 - INFO - File 10654: Filtered 14311755 hits and 8 records
2025-09-19 02:40:24,123 - INFO - File 23588: Filtered 14313819 hits and 8 records
2025-09-19 02:40:24,461 - INFO - Processing /viper/ptmp/arego/RC4K1/5719.h5
2025-09-19 02:40:24,633 - INFO - File 3913: Filtered 14884751 hits and 7 records
2025-09-19 02:40:25,179 - INFO - Completed /viper/ptmp/arego/RC4K1_1/24628.h5 in 11.30 seconds
2025-09-19 02:40:25,211 - INFO - Completed /viper/ptmp/arego/RC4K1_1/29669.h5 in 12.24 seconds
2025-09-19 02:40:25,583 - INFO - Completed /viper/ptmp/arego/RC4K1_1/15418.h5 in 11.72 seconds
2025-09-19 02:40:25,684 - INFO - Processing /viper/ptmp/arego/RC4K1/26952.h5
2025-09-19 02:40:25,752 - INFO - File 23184: Filtered 15635827 hits and 9 records
2025-09-19 02:40:25,798 - INFO - Completed /viper/ptmp/arego/RC4K1_1/27732.h5 in 9.66 seconds
2025-09-19 02:40:26,129 - INFO - Processing /viper/ptmp/arego/RC4K1/9255.h5
2025-09-19 02:40:26,181 - INFO - Completed /viper/ptmp/arego/RC4K1_1/28929.h5 in 11.39 seconds
2025-09-19 02:40:26,522 - INFO - Processing /viper/ptmp/arego/RC4K1/10458.h5
2025-09-19 02:40:26,898 - INFO - Processing /viper/ptmp/arego/RC4K1/27793.h5
2025-09-19 02:40:27,282 - INFO - File 29703: Filtered 10946863 hits and 7 records
2025-09-19 02:40:27,455 - INFO - Completed /viper/ptmp/arego/RC4K1_1/27871.h5 in 11.96 seconds
2025-09-19 02:40:27,686 - INFO - Processing /viper/ptmp/arego/RC4K1/1420.h5
2025-09-19 02:40:27,743 - INFO - Completed /viper/ptmp/arego/RC4K1_1/23588.h5 in 10.69 seconds
2025-09-19 02:40:27,914 - INFO - Completed /viper/ptmp/arego/RC4K1_1/10654.h5 in 11.10 seconds
2025-09-19 02:40:28,359 - INFO - File 24133: Filtered 16096630 hits and 11 records
2025-09-19 02:40:28,410 - INFO - Processing /viper/ptmp/arego/RC4K1/2169.h5
2025-09-19 02:40:28,519 - INFO - Processing /viper/ptmp/arego/RC4K1/9400.h5
2025-09-19 02:40:28,572 - INFO - Completed /viper/ptmp/arego/RC4K1_1/3913.h5 in 11.10 seconds
2025-09-19 02:40:28,818 - INFO - File 3461: Filtered 13400977 hits and 11 records
2025-09-19 02:40:28,885 - INFO - Completed /viper/ptmp/arego/RC4K1_1/23184.h5 in 9.26 seconds
2025-09-19 02:40:28,982 - INFO - Completed /viper/ptmp/arego/RC4K1_1/16328.h5 in 13.66 seconds
2025-09-19 02:40:29,012 - INFO - Processing /viper/ptmp/arego/RC4K1/21007.h5
2025-09-19 02:40:29,581 - INFO - File 19108: Filtered 20938885 hits and 9 records
2025-09-19 02:40:29,603 - INFO - Processing /viper/ptmp/arego/RC4K1/9387.h5
2025-09-19 02:40:29,746 - INFO - Processing /viper/ptmp/arego/RC4K1/5934.h5
2025-09-19 02:40:30,438 - INFO - Processing /viper/ptmp/arego/RC4K1/26909.h5
2025-09-19 02:40:30,471 - INFO - File 5719: Filtered 18303235 hits and 11 records
2025-09-19 02:40:30,864 - INFO - Completed /viper/ptmp/arego/RC4K1_1/19108.h5 in 7.50 seconds
2025-09-19 02:40:31,120 - INFO - Processing /viper/ptmp/arego/RC4K1/3400.h5
2025-09-19 02:40:31,790 - INFO - Completed /viper/ptmp/arego/RC4K1_1/24133.h5 in 9.46 seconds
2025-09-19 02:40:32,096 - INFO - Completed /viper/ptmp/arego/RC4K1_1/29703.h5 in 10.93 seconds
2025-09-19 02:40:32,313 - INFO - File 9255: Filtered 13112033 hits and 6 records
2025-09-19 02:40:32,447 - INFO - Processing /viper/ptmp/arego/RC4K1/4960.h5
2025-09-19 02:40:32,593 - INFO - Completed /viper/ptmp/arego/RC4K1_1/5719.h5 in 8.13 seconds
2025-09-19 02:40:32,685 - INFO - Completed /viper/ptmp/arego/RC4K1_1/3461.h5 in 10.51 seconds
2025-09-19 02:40:33,054 - INFO - Processing /viper/ptmp/arego/RC4K1/1810.h5
2025-09-19 02:40:33,791 - INFO - File 27793: Filtered 12259963 hits and 7 records
2025-09-19 02:40:33,824 - INFO - Processing /viper/ptmp/arego/RC4K1/29300.h5
2025-09-19 02:40:34,361 - INFO - Processing /viper/ptmp/arego/RC4K1/3134.h5
2025-09-19 02:40:35,516 - INFO - File 1420: Filtered 11613071 hits and 8 records
2025-09-19 02:40:35,725 - INFO - File 9400: Filtered 17609269 hits and 8 records
2025-09-19 02:40:36,435 - INFO - File 2169: Filtered 17057862 hits and 5 records
2025-09-19 02:40:37,156 - INFO - File 21007: Filtered 13226669 hits and 8 records
2025-09-19 02:40:37,180 - INFO - File 10458: Filtered 7040783 hits and 7 records
2025-09-19 02:40:37,605 - INFO - File 5934: Filtered 10873141 hits and 7 records
2025-09-19 02:40:37,788 - INFO - File 9387: Filtered 11715783 hits and 5 records
2025-09-19 02:40:38,068 - INFO - Completed /viper/ptmp/arego/RC4K1_1/9255.h5 in 11.94 seconds
2025-09-19 02:40:38,326 - INFO - File 26909: Filtered 11905654 hits and 7 records
2025-09-19 02:40:38,681 - INFO - Processing /viper/ptmp/arego/RC4K1/14941.h5
2025-09-19 02:40:39,074 - INFO - Completed /viper/ptmp/arego/RC4K1_1/9400.h5 in 10.55 seconds
2025-09-19 02:40:39,699 - INFO - File 3400: Filtered 12601660 hits and 7 records
2025-09-19 02:40:39,756 - INFO - Processing /viper/ptmp/arego/RC4K1/7751.h5
2025-09-19 02:40:39,966 - INFO - File 4960: Filtered 15312582 hits and 7 records
2025-09-19 02:40:39,974 - INFO - Completed /viper/ptmp/arego/RC4K1_1/27793.h5 in 13.08 seconds
2025-09-19 02:40:40,523 - INFO - Processing /viper/ptmp/arego/RC4K1/25311.h5
2025-09-19 02:40:40,736 - INFO - Completed /viper/ptmp/arego/RC4K1_1/2169.h5 in 12.33 seconds
2025-09-19 02:40:40,811 - INFO - File 29300: Filtered 21644088 hits and 7 records
2025-09-19 02:40:41,245 - INFO - Processing /viper/ptmp/arego/RC4K1/24616.h5
2025-09-19 02:40:41,554 - INFO - Completed /viper/ptmp/arego/RC4K1_1/1420.h5 in 13.87 seconds
2025-09-19 02:40:41,897 - INFO - File 1810: Filtered 12462735 hits and 5 records
2025-09-19 02:40:42,153 - INFO - Processing /viper/ptmp/arego/RC4K1/11579.h5
2025-09-19 02:40:42,210 - INFO - Completed /viper/ptmp/arego/RC4K1_1/21007.h5 in 13.20 seconds
2025-09-19 02:40:42,996 - INFO - Processing /viper/ptmp/arego/RC4K1/20440.h5
2025-09-19 02:40:43,240 - INFO - Completed /viper/ptmp/arego/RC4K1_1/29300.h5 in 9.42 seconds
2025-09-19 02:40:43,340 - INFO - Completed /viper/ptmp/arego/RC4K1_1/9387.h5 in 13.74 seconds
2025-09-19 02:40:43,376 - INFO - File 3134: Filtered 14376246 hits and 8 records
2025-09-19 02:40:43,605 - INFO - Processing /viper/ptmp/arego/RC4K1/26451.h5
2025-09-19 02:40:44,125 - INFO - Completed /viper/ptmp/arego/RC4K1_1/4960.h5 in 11.68 seconds
2025-09-19 02:40:44,249 - INFO - Processing /viper/ptmp/arego/RC4K1/20988.h5
2025-09-19 02:40:44,299 - INFO - File 14941: Filtered 20341230 hits and 8 records
2025-09-19 02:40:44,410 - INFO - Completed /viper/ptmp/arego/RC4K1_1/26909.h5 in 13.97 seconds
2025-09-19 02:40:44,670 - INFO - Completed /viper/ptmp/arego/RC4K1_1/5934.h5 in 14.92 seconds
2025-09-19 02:40:45,140 - INFO - Processing /viper/ptmp/arego/RC4K1/28130.h5
2025-09-19 02:40:45,308 - INFO - Processing /viper/ptmp/arego/RC4K1/19507.h5
2025-09-19 02:40:45,713 - INFO - Completed /viper/ptmp/arego/RC4K1_1/3400.h5 in 14.59 seconds
2025-09-19 02:40:46,402 - INFO - Processing /viper/ptmp/arego/RC4K1/8961.h5
2025-09-19 02:40:46,725 - INFO - File 7751: Filtered 21302779 hits and 10 records
2025-09-19 02:40:46,783 - INFO - Completed /viper/ptmp/arego/RC4K1_1/1810.h5 in 13.73 seconds
2025-09-19 02:40:46,953 - INFO - File 25311: Filtered 22511271 hits and 10 records
2025-09-19 02:40:47,249 - INFO - Processing /viper/ptmp/arego/RC4K1/23998.h5
2025-09-19 02:40:47,395 - INFO - Completed /viper/ptmp/arego/RC4K1_1/14941.h5 in 8.71 seconds
2025-09-19 02:40:47,782 - INFO - Completed /viper/ptmp/arego/RC4K1_1/3134.h5 in 13.42 seconds
2025-09-19 02:40:47,933 - INFO - Processing /viper/ptmp/arego/RC4K1/27129.h5
2025-09-19 02:40:48,097 - INFO - Processing /viper/ptmp/arego/RC4K1/22450.h5
2025-09-19 02:40:48,460 - INFO - Completed /viper/ptmp/arego/RC4K1_1/7751.h5 in 8.70 seconds
2025-09-19 02:40:48,532 - INFO - File 24616: Filtered 14834813 hits and 6 records
2025-09-19 02:40:48,588 - INFO - Processing /viper/ptmp/arego/RC4K1/22071.h5
2025-09-19 02:40:48,748 - INFO - Completed /viper/ptmp/arego/RC4K1_1/10458.h5 in 22.23 seconds
2025-09-19 02:40:49,420 - INFO - Processing /viper/ptmp/arego/RC4K1/21332.h5
2025-09-19 02:40:49,848 - INFO - Completed /viper/ptmp/arego/RC4K1_1/25311.h5 in 9.33 seconds
2025-09-19 02:40:50,348 - INFO - Processing /viper/ptmp/arego/RC4K1/29099.h5
2025-09-19 02:40:50,393 - INFO - Processing /viper/ptmp/arego/RC4K1/20267.h5
2025-09-19 02:40:50,532 - INFO - File 11579: Filtered 11642902 hits and 6 records
2025-09-19 02:40:51,618 - INFO - File 20440: Filtered 13837583 hits and 7 records
2025-09-19 02:40:52,384 - INFO - File 26451: Filtered 15325691 hits and 5 records
2025-09-19 02:40:53,149 - INFO - File 19507: Filtered 6258752 hits and 6 records
2025-09-19 02:40:53,177 - INFO - File 20988: Filtered 10318058 hits and 7 records
2025-09-19 02:40:53,990 - INFO - File 26952: Filtered 31651253 hits and 9 records
2025-09-19 02:40:54,579 - INFO - File 28130: Filtered 15489843 hits and 7 records
2025-09-19 02:40:54,772 - INFO - File 8961: Filtered 17458644 hits and 7 records
2025-09-19 02:40:54,879 - INFO - Completed /viper/ptmp/arego/RC4K1_1/24616.h5 in 13.63 seconds
2025-09-19 02:40:55,546 - INFO - Processing /viper/ptmp/arego/RC4K1/29312.h5
2025-09-19 02:40:56,150 - INFO - File 22450: Filtered 16576000 hits and 8 records
2025-09-19 02:40:56,480 - INFO - File 23998: Filtered 13004868 hits and 8 records
2025-09-19 02:40:57,244 - INFO - Completed /viper/ptmp/arego/RC4K1_1/20440.h5 in 14.25 seconds
2025-09-19 02:40:57,291 - INFO - Completed /viper/ptmp/arego/RC4K1_1/11579.h5 in 15.14 seconds
2025-09-19 02:40:57,536 - INFO - File 20267: Filtered 16478050 hits and 10 records
2025-09-19 02:40:57,659 - INFO - Completed /viper/ptmp/arego/RC4K1_1/26451.h5 in 14.05 seconds
2025-09-19 02:40:57,764 - INFO - Processing /viper/ptmp/arego/RC4K1/10588.h5
2025-09-19 02:40:57,891 - INFO - File 27129: Filtered 17254828 hits and 7 records
2025-09-19 02:40:58,389 - INFO - Processing /viper/ptmp/arego/RC4K1/22834.h5
2025-09-19 02:40:59,010 - INFO - Processing /viper/ptmp/arego/RC4K1/27790.h5
2025-09-19 02:40:59,469 - INFO - File 22071: Filtered 7392900 hits and 7 records
2025-09-19 02:40:59,749 - INFO - Completed /viper/ptmp/arego/RC4K1_1/20988.h5 in 15.50 seconds
2025-09-19 02:40:59,748 - INFO - Completed /viper/ptmp/arego/RC4K1_1/8961.h5 in 13.35 seconds
2025-09-19 02:40:59,971 - INFO - Completed /viper/ptmp/arego/RC4K1_1/28130.h5 in 14.83 seconds
2025-09-19 02:41:00,257 - INFO - File 21332: Filtered 8206594 hits and 6 records
2025-09-19 02:41:00,315 - INFO - Processing /viper/ptmp/arego/RC4K1/5516.h5
2025-09-19 02:41:00,443 - INFO - Processing /viper/ptmp/arego/RC4K1/18129.h5
2025-09-19 02:41:00,664 - INFO - Completed /viper/ptmp/arego/RC4K1_1/22450.h5 in 12.57 seconds
2025-09-19 02:41:00,740 - INFO - File 29099: Filtered 11074016 hits and 7 records
2025-09-19 02:41:01,135 - INFO - Processing /viper/ptmp/arego/RC4K1/8479.h5
2025-09-19 02:41:01,724 - INFO - Completed /viper/ptmp/arego/RC4K1_1/20267.h5 in 11.33 seconds
2025-09-19 02:41:01,737 - INFO - Processing /viper/ptmp/arego/RC4K1/5031.h5
2025-09-19 02:41:01,895 - INFO - File 29312: Filtered 11129881 hits and 7 records
2025-09-19 02:41:02,209 - INFO - Completed /viper/ptmp/arego/RC4K1_1/27129.h5 in 14.28 seconds
2025-09-19 02:41:02,489 - INFO - Processing /viper/ptmp/arego/RC4K1/16749.h5
2025-09-19 02:41:02,528 - INFO - Completed /viper/ptmp/arego/RC4K1_1/23998.h5 in 15.28 seconds
2025-09-19 02:41:02,707 - INFO - Processing /viper/ptmp/arego/RC4K1/24106.h5
2025-09-19 02:41:02,961 - INFO - Completed /viper/ptmp/arego/RC4K1_1/19507.h5 in 17.65 seconds
2025-09-19 02:41:03,481 - INFO - Processing /viper/ptmp/arego/RC4K1/23407.h5
2025-09-19 02:41:04,051 - INFO - Processing /viper/ptmp/arego/RC4K1/13018.h5
2025-09-19 02:41:05,034 - INFO - File 10588: Filtered 21100302 hits and 4 records
2025-09-19 02:41:06,098 - INFO - Completed /viper/ptmp/arego/RC4K1_1/22071.h5 in 17.51 seconds
2025-09-19 02:41:06,164 - INFO - Completed /viper/ptmp/arego/RC4K1_1/29099.h5 in 15.82 seconds
2025-09-19 02:41:06,308 - INFO - File 5516: Filtered 4983749 hits and 6 records
2025-09-19 02:41:06,742 - INFO - Completed /viper/ptmp/arego/RC4K1_1/21332.h5 in 17.32 seconds
2025-09-19 02:41:06,785 - INFO - File 22834: Filtered 13017597 hits and 8 records
2025-09-19 02:41:06,877 - INFO - Processing /viper/ptmp/arego/RC4K1/25042.h5
2025-09-19 02:41:07,219 - INFO - File 27790: Filtered 25351648 hits and 9 records
2025-09-19 02:41:07,923 - INFO - Processing /viper/ptmp/arego/RC4K1/29301.h5
2025-09-19 02:41:09,141 - INFO - Processing /viper/ptmp/arego/RC4K1/4197.h5
2025-09-19 02:41:09,394 - INFO - Completed /viper/ptmp/arego/RC4K1_1/10588.h5 in 11.63 seconds
2025-09-19 02:41:09,599 - INFO - File 18129: Filtered 20108852 hits and 10 records
2025-09-19 02:41:09,927 - INFO - Completed /viper/ptmp/arego/RC4K1_1/29312.h5 in 14.38 seconds
2025-09-19 02:41:09,972 - INFO - File 24106: Filtered 14307350 hits and 9 records
2025-09-19 02:41:10,063 - INFO - Completed /viper/ptmp/arego/RC4K1_1/27790.h5 in 11.05 seconds
2025-09-19 02:41:10,173 - INFO - Processing /viper/ptmp/arego/RC4K1/11491.h5
2025-09-19 02:41:10,387 - INFO - File 8479: Filtered 20550223 hits and 7 records
2025-09-19 02:41:10,823 - INFO - File 23407: Filtered 11153071 hits and 3 records
2025-09-19 02:41:10,869 - INFO - Processing /viper/ptmp/arego/RC4K1/6099.h5
2025-09-19 02:41:11,179 - INFO - File 5031: Filtered 14939885 hits and 7 records
2025-09-19 02:41:11,546 - INFO - Processing /viper/ptmp/arego/RC4K1/18548.h5
2025-09-19 02:41:11,589 - INFO - File 16749: Filtered 10369964 hits and 5 records
2025-09-19 02:41:11,699 - INFO - File 13018: Filtered 7527442 hits and 5 records
2025-09-19 02:41:13,468 - INFO - Completed /viper/ptmp/arego/RC4K1_1/18129.h5 in 13.03 seconds
2025-09-19 02:41:13,838 - INFO - Processing /viper/ptmp/arego/RC4K1/29954.h5
2025-09-19 02:41:13,953 - INFO - Completed /viper/ptmp/arego/RC4K1_1/22834.h5 in 15.56 seconds
2025-09-19 02:41:14,009 - INFO - Completed /viper/ptmp/arego/RC4K1_1/8479.h5 in 12.87 seconds
2025-09-19 02:41:14,678 - INFO - Completed /viper/ptmp/arego/RC4K1_1/5516.h5 in 14.36 seconds
2025-09-19 02:41:14,685 - INFO - Processing /viper/ptmp/arego/RC4K1/13330.h5
2025-09-19 02:41:14,759 - INFO - Completed /viper/ptmp/arego/RC4K1_1/24106.h5 in 12.05 seconds
2025-09-19 02:41:14,794 - INFO - File 25042: Filtered 19456372 hits and 8 records
2025-09-19 02:41:15,433 - INFO - Processing /viper/ptmp/arego/RC4K1/10790.h5
2025-09-19 02:41:15,469 - INFO - Processing /viper/ptmp/arego/RC4K1/16549.h5
2025-09-19 02:41:16,256 - INFO - File 29301: Filtered 15883457 hits and 9 records
2025-09-19 02:41:16,434 - INFO - Processing /viper/ptmp/arego/RC4K1/12325.h5
2025-09-19 02:41:16,624 - INFO - Completed /viper/ptmp/arego/RC4K1_1/5031.h5 in 14.89 seconds
2025-09-19 02:41:16,819 - INFO - File 4197: Filtered 14252917 hits and 10 records
2025-09-19 02:41:17,171 - INFO - Completed /viper/ptmp/arego/RC4K1_1/23407.h5 in 13.69 seconds
2025-09-19 02:41:17,456 - INFO - Processing /viper/ptmp/arego/RC4K1/29453.h5
2025-09-19 02:41:17,669 - INFO - Completed /viper/ptmp/arego/RC4K1_1/25042.h5 in 10.79 seconds
2025-09-19 02:41:17,696 - INFO - File 11491: Filtered 8953267 hits and 7 records
2025-09-19 02:41:17,824 - INFO - Processing /viper/ptmp/arego/RC4K1/29412.h5
2025-09-19 02:41:18,537 - INFO - Processing /viper/ptmp/arego/RC4K1/23170.h5
2025-09-19 02:41:18,646 - INFO - Completed /viper/ptmp/arego/RC4K1_1/16749.h5 in 16.16 seconds
2025-09-19 02:41:18,939 - INFO - File 6099: Filtered 3175223 hits and 7 records
2025-09-19 02:41:19,069 - INFO - Completed /viper/ptmp/arego/RC4K1_1/13018.h5 in 15.02 seconds
2025-09-19 02:41:19,076 - INFO - Completed /viper/ptmp/arego/RC4K1_1/26952.h5 in 53.39 seconds
2025-09-19 02:41:19,188 - INFO - File 18548: Filtered 24085351 hits and 9 records
2025-09-19 02:41:19,667 - INFO - Processing /viper/ptmp/arego/RC4K1/13590.h5
2025-09-19 02:41:19,844 - INFO - Processing /viper/ptmp/arego/RC4K1/4687.h5
2025-09-19 02:41:20,738 - INFO - Completed /viper/ptmp/arego/RC4K1_1/29301.h5 in 12.81 seconds
2025-09-19 02:41:21,308 - INFO - Completed /viper/ptmp/arego/RC4K1_1/4197.h5 in 12.17 seconds
2025-09-19 02:41:21,331 - INFO - Processing /viper/ptmp/arego/RC4K1/29838.h5
2025-09-19 02:41:22,232 - INFO - File 16549: Filtered 19096858 hits and 9 records
2025-09-19 02:41:22,385 - INFO - Processing /viper/ptmp/arego/RC4K1/8802.h5
2025-09-19 02:41:23,169 - INFO - Completed /viper/ptmp/arego/RC4K1_1/18548.h5 in 11.62 seconds
2025-09-19 02:41:23,510 - INFO - Processing /viper/ptmp/arego/RC4K1/7636.h5
2025-09-19 02:41:23,521 - INFO - File 29954: Filtered 26764044 hits and 11 records
2025-09-19 02:41:23,838 - INFO - Processing /viper/ptmp/arego/RC4K1/3389.h5
2025-09-19 02:41:24,127 - INFO - File 12325: Filtered 9989200 hits and 10 records
2025-09-19 02:41:24,206 - INFO - File 13330: Filtered 15959484 hits and 8 records
2025-09-19 02:41:25,004 - INFO - File 10790: Filtered 11361872 hits and 6 records
2025-09-19 02:41:25,882 - INFO - File 29412: Filtered 10783018 hits and 6 records
2025-09-19 02:41:25,997 - INFO - Completed /viper/ptmp/arego/RC4K1_1/11491.h5 in 15.82 seconds
2025-09-19 02:41:26,054 - INFO - Completed /viper/ptmp/arego/RC4K1_1/16549.h5 in 10.58 seconds
2025-09-19 02:41:26,652 - INFO - File 29453: Filtered 11025591 hits and 8 records
2025-09-19 02:41:26,835 - INFO - Processing /viper/ptmp/arego/RC4K1/12155.h5
2025-09-19 02:41:26,911 - INFO - Processing /viper/ptmp/arego/RC4K1/10564.h5
2025-09-19 02:41:27,152 - INFO - Completed /viper/ptmp/arego/RC4K1_1/29954.h5 in 13.31 seconds
2025-09-19 02:41:27,472 - INFO - File 23170: Filtered 11217807 hits and 10 records
2025-09-19 02:41:27,929 - INFO - Processing /viper/ptmp/arego/RC4K1/16944.h5
2025-09-19 02:41:28,161 - INFO - File 13590: Filtered 16728144 hits and 8 records
2025-09-19 02:41:29,647 - INFO - Completed /viper/ptmp/arego/RC4K1_1/6099.h5 in 18.78 seconds
2025-09-19 02:41:29,889 - INFO - File 4687: Filtered 9606198 hits and 2 records
2025-09-19 02:41:30,281 - INFO - Completed /viper/ptmp/arego/RC4K1_1/13330.h5 in 15.60 seconds
2025-09-19 02:41:30,517 - INFO - Processing /viper/ptmp/arego/RC4K1/9241.h5
2025-09-19 02:41:31,060 - INFO - File 3389: Filtered 25437304 hits and 9 records
2025-09-19 02:41:31,213 - INFO - Processing /viper/ptmp/arego/RC4K1/22455.h5
2025-09-19 02:41:31,380 - INFO - File 29838: Filtered 14454070 hits and 8 records
2025-09-19 02:41:31,875 - INFO - Completed /viper/ptmp/arego/RC4K1_1/10790.h5 in 16.44 seconds
2025-09-19 02:41:31,923 - INFO - File 8802: Filtered 21953755 hits and 9 records
2025-09-19 02:41:31,969 - INFO - Completed /viper/ptmp/arego/RC4K1_1/12325.h5 in 15.54 seconds
2025-09-19 02:41:32,513 - INFO - Processing /viper/ptmp/arego/RC4K1/15309.h5
2025-09-19 02:41:33,088 - INFO - Processing /viper/ptmp/arego/RC4K1/415.h5
2025-09-19 02:41:33,356 - INFO - File 7636: Filtered 23316277 hits and 8 records
2025-09-19 02:41:33,511 - INFO - Completed /viper/ptmp/arego/RC4K1_1/29412.h5 in 15.69 seconds
2025-09-19 02:41:33,593 - INFO - Completed /viper/ptmp/arego/RC4K1_1/29453.h5 in 16.14 seconds
2025-09-19 02:41:33,861 - INFO - Completed /viper/ptmp/arego/RC4K1_1/13590.h5 in 14.19 seconds
2025-09-19 02:41:33,885 - INFO - Completed /viper/ptmp/arego/RC4K1_1/3389.h5 in 10.05 seconds
2025-09-19 02:41:34,295 - INFO - Processing /viper/ptmp/arego/RC4K1/14203.h5
2025-09-19 02:41:34,408 - INFO - Processing /viper/ptmp/arego/RC4K1/28667.h5
2025-09-19 02:41:34,688 - INFO - File 10564: Filtered 27130500 hits and 10 records
2025-09-19 02:41:34,773 - INFO - Completed /viper/ptmp/arego/RC4K1_1/8802.h5 in 12.39 seconds
2025-09-19 02:41:34,778 - INFO - Completed /viper/ptmp/arego/RC4K1_1/23170.h5 in 16.24 seconds
2025-09-19 02:41:35,027 - INFO - Processing /viper/ptmp/arego/RC4K1/10050.h5
2025-09-19 02:41:35,103 - INFO - File 12155: Filtered 5577294 hits and 3 records
2025-09-19 02:41:35,233 - INFO - Processing /viper/ptmp/arego/RC4K1/28888.h5
2025-09-19 02:41:35,538 - INFO - Completed /viper/ptmp/arego/RC4K1_1/7636.h5 in 12.03 seconds
2025-09-19 02:41:35,726 - INFO - Processing /viper/ptmp/arego/RC4K1/5166.h5
2025-09-19 02:41:35,811 - INFO - Processing /viper/ptmp/arego/RC4K1/28206.h5
2025-09-19 02:41:36,082 - INFO - File 16944: Filtered 13545185 hits and 6 records
2025-09-19 02:41:36,623 - INFO - Processing /viper/ptmp/arego/RC4K1/5618.h5
2025-09-19 02:41:36,817 - INFO - Completed /viper/ptmp/arego/RC4K1_1/29838.h5 in 15.49 seconds
2025-09-19 02:41:37,176 - INFO - Completed /viper/ptmp/arego/RC4K1_1/4687.h5 in 17.33 seconds
2025-09-19 02:41:37,255 - INFO - Completed /viper/ptmp/arego/RC4K1_1/10564.h5 in 10.34 seconds
2025-09-19 02:41:37,421 - INFO - Processing /viper/ptmp/arego/RC4K1/1771.h5
2025-09-19 02:41:37,769 - INFO - Processing /viper/ptmp/arego/RC4K1/11839.h5
2025-09-19 02:41:38,410 - INFO - Processing /viper/ptmp/arego/RC4K1/10193.h5
2025-09-19 02:41:40,008 - INFO - File 415: Filtered 14040467 hits and 8 records
2025-09-19 02:41:40,379 - INFO - File 9241: Filtered 13361486 hits and 9 records
2025-09-19 02:41:41,173 - INFO - File 22455: Filtered 16081686 hits and 9 records
2025-09-19 02:41:42,692 - INFO - File 15309: Filtered 27753405 hits and 12 records
2025-09-19 02:41:43,476 - INFO - Completed /viper/ptmp/arego/RC4K1_1/12155.h5 in 16.64 seconds
2025-09-19 02:41:43,625 - INFO - File 14203: Filtered 15506989 hits and 9 records
2025-09-19 02:41:44,426 - INFO - Completed /viper/ptmp/arego/RC4K1_1/16944.h5 in 16.50 seconds
2025-09-19 02:41:45,128 - INFO - File 28888: Filtered 16821355 hits and 8 records
2025-09-19 02:41:45,135 - INFO - Processing /viper/ptmp/arego/RC4K1/4408.h5
2025-09-19 02:41:45,518 - INFO - Processing /viper/ptmp/arego/RC4K1/8608.h5
2025-09-19 02:41:46,073 - INFO - File 28206: Filtered 19884568 hits and 7 records
2025-09-19 02:41:46,422 - INFO - File 28667: Filtered 23170606 hits and 7 records
2025-09-19 02:41:46,963 - INFO - Completed /viper/ptmp/arego/RC4K1_1/15309.h5 in 14.45 seconds
2025-09-19 02:41:47,357 - INFO - File 5618: Filtered 23128449 hits and 7 records
2025-09-19 02:41:47,389 - INFO - File 10050: Filtered 10703967 hits and 8 records
2025-09-19 02:41:47,501 - INFO - Completed /viper/ptmp/arego/RC4K1_1/415.h5 in 14.41 seconds
2025-09-19 02:41:47,505 - INFO - Processing /viper/ptmp/arego/RC4K1/26988.h5
2025-09-19 02:41:47,542 - INFO - File 5166: Filtered 25383774 hits and 7 records
2025-09-19 02:41:48,335 - INFO - Processing /viper/ptmp/arego/RC4K1/7422.h5
2025-09-19 02:41:48,393 - INFO - File 1771: Filtered 10600953 hits and 5 records
2025-09-19 02:41:48,848 - INFO - File 10193: Filtered 15769424 hits and 7 records
2025-09-19 02:41:48,930 - INFO - File 11839: Filtered 20465371 hits and 8 records
2025-09-19 02:41:49,281 - INFO - Completed /viper/ptmp/arego/RC4K1_1/22455.h5 in 18.07 seconds
2025-09-19 02:41:49,347 - INFO - Completed /viper/ptmp/arego/RC4K1_1/9241.h5 in 18.83 seconds
2025-09-19 02:41:49,985 - INFO - Processing /viper/ptmp/arego/RC4K1/12563.h5
2025-09-19 02:41:50,252 - INFO - Completed /viper/ptmp/arego/RC4K1_1/5618.h5 in 13.63 seconds
2025-09-19 02:41:50,351 - INFO - Completed /viper/ptmp/arego/RC4K1_1/14203.h5 in 16.06 seconds
2025-09-19 02:41:50,584 - INFO - Completed /viper/ptmp/arego/RC4K1_1/28206.h5 in 14.77 seconds
2025-09-19 02:41:50,613 - INFO - Processing /viper/ptmp/arego/RC4K1/17399.h5
2025-09-19 02:41:50,744 - INFO - Processing /viper/ptmp/arego/RC4K1/17447.h5
2025-09-19 02:41:50,935 - INFO - Completed /viper/ptmp/arego/RC4K1_1/28888.h5 in 15.70 seconds
2025-09-19 02:41:51,480 - INFO - Completed /viper/ptmp/arego/RC4K1_1/28667.h5 in 17.07 seconds
2025-09-19 02:41:51,627 - INFO - Processing /viper/ptmp/arego/RC4K1/24851.h5
2025-09-19 02:41:51,992 - INFO - Processing /viper/ptmp/arego/RC4K1/8471.h5
2025-09-19 02:41:52,205 - INFO - Processing /viper/ptmp/arego/RC4K1/29849.h5
2025-09-19 02:41:52,464 - INFO - Completed /viper/ptmp/arego/RC4K1_1/5166.h5 in 16.74 seconds
2025-09-19 02:41:52,645 - INFO - File 4408: Filtered 12693820 hits and 9 records
2025-09-19 02:41:52,865 - INFO - Processing /viper/ptmp/arego/RC4K1/14139.h5
2025-09-19 02:41:52,964 - INFO - Processing /viper/ptmp/arego/RC4K1/22010.h5
2025-09-19 02:41:54,185 - INFO - Completed /viper/ptmp/arego/RC4K1_1/10193.h5 in 15.77 seconds
2025-09-19 02:41:54,679 - INFO - Completed /viper/ptmp/arego/RC4K1_1/11839.h5 in 16.91 seconds
2025-09-19 02:41:54,864 - INFO - Processing /viper/ptmp/arego/RC4K1/25353.h5
2025-09-19 02:41:54,907 - INFO - Completed /viper/ptmp/arego/RC4K1_1/1771.h5 in 17.49 seconds
2025-09-19 02:41:55,072 - INFO - File 8608: Filtered 15731388 hits and 5 records
2025-09-19 02:41:55,414 - INFO - Processing /viper/ptmp/arego/RC4K1/1233.h5
2025-09-19 02:41:55,936 - INFO - File 7422: Filtered 19005697 hits and 8 records
2025-09-19 02:41:55,960 - INFO - Completed /viper/ptmp/arego/RC4K1_1/10050.h5 in 20.93 seconds
2025-09-19 02:41:56,135 - INFO - Processing /viper/ptmp/arego/RC4K1/24772.h5
2025-09-19 02:41:57,219 - INFO - Processing /viper/ptmp/arego/RC4K1/8982.h5
2025-09-19 02:41:58,312 - INFO - File 26988: Filtered 15333414 hits and 6 records
2025-09-19 02:42:00,133 - INFO - Completed /viper/ptmp/arego/RC4K1_1/4408.h5 in 15.00 seconds
2025-09-19 02:42:00,195 - INFO - File 17447: Filtered 12929734 hits and 6 records
2025-09-19 02:42:01,457 - INFO - File 24851: Filtered 21474108 hits and 12 records
2025-09-19 02:42:01,662 - INFO - Processing /viper/ptmp/arego/RC4K1/3254.h5
2025-09-19 02:42:01,781 - INFO - Completed /viper/ptmp/arego/RC4K1_1/7422.h5 in 13.45 seconds
2025-09-19 02:42:01,842 - INFO - File 17399: Filtered 24924427 hits and 9 records
2025-09-19 02:42:02,014 - INFO - File 12563: Filtered 24824908 hits and 7 records
2025-09-19 02:42:03,106 - INFO - File 29849: Filtered 15407120 hits and 11 records
2025-09-19 02:42:03,670 - INFO - Processing /viper/ptmp/arego/RC4K1/1619.h5
2025-09-19 02:42:03,950 - INFO - Completed /viper/ptmp/arego/RC4K1_1/8608.h5 in 18.43 seconds
2025-09-19 02:42:04,007 - INFO - File 14139: Filtered 18664894 hits and 10 records
2025-09-19 02:42:04,525 - INFO - File 8471: Filtered 14272870 hits and 8 records
2025-09-19 02:42:05,198 - INFO - File 22010: Filtered 29214661 hits and 9 records
2025-09-19 02:42:05,199 - INFO - Processing /viper/ptmp/arego/RC4K1/28172.h5
2025-09-19 02:42:05,721 - INFO - File 25353: Filtered 17593624 hits and 7 records
2025-09-19 02:42:06,040 - ERROR - Error processing /viper/ptmp/arego/RC4K1/24851.h5: low >= high
2025-09-19 02:42:06,551 - INFO - Processing /viper/ptmp/arego/RC4K1/8198.h5
2025-09-19 02:42:06,591 - INFO - File 24772: Filtered 17234799 hits and 10 records
2025-09-19 02:42:07,048 - INFO - File 1233: Filtered 21047757 hits and 7 records
2025-09-19 02:42:07,904 - INFO - Completed /viper/ptmp/arego/RC4K1_1/17399.h5 in 17.29 seconds
2025-09-19 02:42:08,085 - INFO - File 8982: Filtered 31268421 hits and 9 records
2025-09-19 02:42:08,382 - INFO - Completed /viper/ptmp/arego/RC4K1_1/12563.h5 in 18.40 seconds
2025-09-19 02:42:08,557 - INFO - Processing /viper/ptmp/arego/RC4K1/605.h5
2025-09-19 02:42:08,610 - INFO - Completed /viper/ptmp/arego/RC4K1_1/17447.h5 in 17.87 seconds
2025-09-19 02:42:08,775 - INFO - Completed /viper/ptmp/arego/RC4K1_1/26988.h5 in 21.27 seconds
2025-09-19 02:42:09,154 - INFO - Processing /viper/ptmp/arego/RC4K1/14186.h5
2025-09-19 02:42:09,442 - INFO - Completed /viper/ptmp/arego/RC4K1_1/14139.h5 in 16.58 seconds
2025-09-19 02:42:09,537 - INFO - Processing /viper/ptmp/arego/RC4K1/18126.h5
2025-09-19 02:42:09,627 - INFO - Completed /viper/ptmp/arego/RC4K1_1/29849.h5 in 17.42 seconds
2025-09-19 02:42:09,843 - INFO - Processing /viper/ptmp/arego/RC4K1/6497.h5
2025-09-19 02:42:10,066 - INFO - Completed /viper/ptmp/arego/RC4K1_1/22010.h5 in 17.10 seconds
2025-09-19 02:42:10,409 - INFO - File 3254: Filtered 12671188 hits and 5 records
2025-09-19 02:42:10,485 - INFO - Processing /viper/ptmp/arego/RC4K1/545.h5
2025-09-19 02:42:10,487 - INFO - Processing /viper/ptmp/arego/RC4K1/17321.h5
2025-09-19 02:42:10,828 - INFO - Completed /viper/ptmp/arego/RC4K1_1/25353.h5 in 15.96 seconds
2025-09-19 02:42:11,378 - INFO - Processing /viper/ptmp/arego/RC4K1/20172.h5
2025-09-19 02:42:11,909 - INFO - File 1619: Filtered 11269567 hits and 5 records
2025-09-19 02:42:12,209 - INFO - Completed /viper/ptmp/arego/RC4K1_1/8982.h5 in 14.99 seconds
2025-09-19 02:42:12,219 - INFO - Completed /viper/ptmp/arego/RC4K1_1/24772.h5 in 16.08 seconds
2025-09-19 02:42:12,376 - INFO - Processing /viper/ptmp/arego/RC4K1/26214.h5
2025-09-19 02:42:12,780 - INFO - Processing /viper/ptmp/arego/RC4K1/3235.h5
2025-09-19 02:42:13,260 - INFO - Completed /viper/ptmp/arego/RC4K1_1/1233.h5 in 17.85 seconds
2025-09-19 02:42:13,263 - INFO - Processing /viper/ptmp/arego/RC4K1/14980.h5
2025-09-19 02:42:13,874 - INFO - File 28172: Filtered 21723424 hits and 8 records
2025-09-19 02:42:13,882 - INFO - Processing /viper/ptmp/arego/RC4K1/8524.h5
2025-09-19 02:42:13,965 - INFO - Completed /viper/ptmp/arego/RC4K1_1/8471.h5 in 21.97 seconds
2025-09-19 02:42:14,557 - INFO - File 8198: Filtered 19876258 hits and 7 records
2025-09-19 02:42:14,913 - INFO - Processing /viper/ptmp/arego/RC4K1/15929.h5
2025-09-19 02:42:17,638 - INFO - Completed /viper/ptmp/arego/RC4K1_1/3254.h5 in 15.98 seconds
2025-09-19 02:42:18,749 - INFO - File 18126: Filtered 24281785 hits and 5 records
2025-09-19 02:42:18,922 - INFO - Processing /viper/ptmp/arego/RC4K1/17646.h5
2025-09-19 02:42:19,519 - INFO - Completed /viper/ptmp/arego/RC4K1_1/1619.h5 in 15.85 seconds
2025-09-19 02:42:19,724 - INFO - Completed /viper/ptmp/arego/RC4K1_1/8198.h5 in 13.17 seconds
2025-09-19 02:42:19,751 - INFO - File 605: Filtered 15939583 hits and 8 records
2025-09-19 02:42:20,647 - INFO - Processing /viper/ptmp/arego/RC4K1/19386.h5
2025-09-19 02:42:20,759 - INFO - File 17321: Filtered 11548138 hits and 6 records
2025-09-19 02:42:21,487 - INFO - Completed /viper/ptmp/arego/RC4K1_1/28172.h5 in 16.29 seconds
2025-09-19 02:42:21,620 - INFO - File 14186: Filtered 32183511 hits and 10 records
2025-09-19 02:42:21,795 - INFO - Processing /viper/ptmp/arego/RC4K1/20064.h5
2025-09-19 02:42:22,150 - INFO - File 20172: Filtered 9585340 hits and 6 records
2025-09-19 02:42:22,723 - INFO - Processing /viper/ptmp/arego/RC4K1/23241.h5
2025-09-19 02:42:22,818 - INFO - File 6497: Filtered 28604678 hits and 7 records
2025-09-19 02:42:23,156 - INFO - File 545: Filtered 25717695 hits and 7 records
2025-09-19 02:42:23,181 - INFO - Completed /viper/ptmp/arego/RC4K1_1/18126.h5 in 13.64 seconds
2025-09-19 02:42:23,469 - INFO - File 26214: Filtered 11250814 hits and 6 records
2025-09-19 02:42:23,661 - INFO - File 14980: Filtered 19768031 hits and 8 records
2025-09-19 02:42:23,774 - INFO - Processing /viper/ptmp/arego/RC4K1/2043.h5
2025-09-19 02:42:25,998 - INFO - File 3235: Filtered 25224808 hits and 5 records
2025-09-19 02:42:26,681 - INFO - Completed /viper/ptmp/arego/RC4K1_1/14186.h5 in 17.53 seconds
2025-09-19 02:42:27,109 - INFO - File 8524: Filtered 21838694 hits and 9 records
2025-09-19 02:42:27,252 - INFO - Processing /viper/ptmp/arego/RC4K1/2428.h5
2025-09-19 02:42:27,401 - INFO - File 15929: Filtered 31969178 hits and 9 records
2025-09-19 02:42:28,664 - INFO - File 17646: Filtered 13134293 hits and 6 records
2025-09-19 02:42:28,790 - INFO - Completed /viper/ptmp/arego/RC4K1_1/17321.h5 in 18.30 seconds
2025-09-19 02:42:29,157 - INFO - Completed /viper/ptmp/arego/RC4K1_1/14980.h5 in 15.89 seconds
2025-09-19 02:42:29,176 - INFO - Completed /viper/ptmp/arego/RC4K1_1/6497.h5 in 19.33 seconds
2025-09-19 02:42:29,662 - INFO - Processing /viper/ptmp/arego/RC4K1/29103.h5
2025-09-19 02:42:30,058 - INFO - Processing /viper/ptmp/arego/RC4K1/5113.h5
2025-09-19 02:42:30,114 - INFO - Completed /viper/ptmp/arego/RC4K1_1/545.h5 in 19.63 seconds
2025-09-19 02:42:30,212 - INFO - Completed /viper/ptmp/arego/RC4K1_1/605.h5 in 21.66 seconds
2025-09-19 02:42:30,642 - INFO - Processing /viper/ptmp/arego/RC4K1/1385.h5
2025-09-19 02:42:30,847 - INFO - File 19386: Filtered 18488820 hits and 8 records
2025-09-19 02:42:31,219 - INFO - Completed /viper/ptmp/arego/RC4K1_1/20172.h5 in 19.84 seconds
2025-09-19 02:42:31,345 - INFO - Processing /viper/ptmp/arego/RC4K1/2781.h5
2025-09-19 02:42:31,352 - INFO - Processing /viper/ptmp/arego/RC4K1/29395.h5
2025-09-19 02:42:31,543 - INFO - Completed /viper/ptmp/arego/RC4K1_1/15929.h5 in 16.63 seconds
2025-09-19 02:42:31,838 - INFO - Completed /viper/ptmp/arego/RC4K1_1/26214.h5 in 19.46 seconds
2025-09-19 02:42:31,898 - INFO - Completed /viper/ptmp/arego/RC4K1_1/3235.h5 in 19.12 seconds
2025-09-19 02:42:31,981 - INFO - File 20064: Filtered 24264402 hits and 8 records
2025-09-19 02:42:32,338 - INFO - Processing /viper/ptmp/arego/RC4K1/9560.h5
2025-09-19 02:42:32,365 - INFO - Processing /viper/ptmp/arego/RC4K1/26281.h5
2025-09-19 02:42:32,971 - INFO - Processing /viper/ptmp/arego/RC4K1/20053.h5
2025-09-19 02:42:33,327 - INFO - Processing /viper/ptmp/arego/RC4K1/29426.h5
2025-09-19 02:42:33,374 - INFO - File 2043: Filtered 16774157 hits and 6 records
2025-09-19 02:42:33,845 - INFO - Completed /viper/ptmp/arego/RC4K1_1/8524.h5 in 19.96 seconds
2025-09-19 02:42:34,695 - INFO - Processing /viper/ptmp/arego/RC4K1/4808.h5
2025-09-19 02:42:35,326 - INFO - Completed /viper/ptmp/arego/RC4K1_1/20064.h5 in 13.53 seconds
2025-09-19 02:42:35,712 - INFO - Processing /viper/ptmp/arego/RC4K1/7791.h5
2025-09-19 02:42:36,453 - INFO - Completed /viper/ptmp/arego/RC4K1_1/19386.h5 in 15.81 seconds
2025-09-19 02:42:36,795 - INFO - File 23241: Filtered 17746966 hits and 6 records
2025-09-19 02:42:37,225 - INFO - File 2428: Filtered 27419989 hits and 6 records
2025-09-19 02:42:37,390 - INFO - Processing /viper/ptmp/arego/RC4K1/13860.h5
2025-09-19 02:42:37,565 - INFO - Completed /viper/ptmp/arego/RC4K1_1/17646.h5 in 18.64 seconds
2025-09-19 02:42:38,952 - INFO - Completed /viper/ptmp/arego/RC4K1_1/2043.h5 in 15.18 seconds
2025-09-19 02:42:39,296 - INFO - Processing /viper/ptmp/arego/RC4K1/24989.h5
2025-09-19 02:42:40,724 - INFO - Processing /viper/ptmp/arego/RC4K1/7501.h5
2025-09-19 02:42:41,508 - INFO - File 29395: Filtered 20427233 hits and 7 records
2025-09-19 02:42:42,685 - INFO - File 5113: Filtered 8185214 hits and 2 records
2025-09-19 02:42:43,132 - INFO - File 9560: Filtered 18467116 hits and 8 records
2025-09-19 02:42:44,081 - INFO - File 29103: Filtered 15989855 hits and 7 records
2025-09-19 02:42:44,454 - INFO - File 29426: Filtered 20618405 hits and 10 records
2025-09-19 02:42:45,333 - INFO - Completed /viper/ptmp/arego/RC4K1_1/2428.h5 in 18.08 seconds
2025-09-19 02:42:45,542 - INFO - File 1385: Filtered 25135237 hits and 8 records
2025-09-19 02:42:46,463 - INFO - Processing /viper/ptmp/arego/RC4K1/3717.h5
2025-09-19 02:42:46,972 - INFO - File 2781: Filtered 23517257 hits and 11 records
2025-09-19 02:42:47,226 - INFO - File 26281: Filtered 42171534 hits and 9 records
2025-09-19 02:42:47,926 - INFO - Completed /viper/ptmp/arego/RC4K1_1/29395.h5 in 16.57 seconds
2025-09-19 02:42:47,971 - INFO - File 20053: Filtered 41171617 hits and 11 records
2025-09-19 02:42:48,175 - INFO - File 7791: Filtered 14285848 hits and 8 records
2025-09-19 02:42:48,905 - INFO - Processing /viper/ptmp/arego/RC4K1/23622.h5
2025-09-19 02:42:49,267 - INFO - File 4808: Filtered 28048864 hits and 11 records
2025-09-19 02:42:49,369 - INFO - Completed /viper/ptmp/arego/RC4K1_1/26281.h5 in 17.00 seconds
2025-09-19 02:42:49,649 - INFO - Processing /viper/ptmp/arego/RC4K1/21924.h5
2025-09-19 02:42:50,052 - INFO - File 13860: Filtered 22139519 hits and 8 records
2025-09-19 02:42:50,546 - INFO - Completed /viper/ptmp/arego/RC4K1_1/20053.h5 in 17.57 seconds
2025-09-19 02:42:50,623 - INFO - Completed /viper/ptmp/arego/RC4K1_1/9560.h5 in 18.28 seconds
2025-09-19 02:42:50,639 - INFO - Completed /viper/ptmp/arego/RC4K1_1/29426.h5 in 17.31 seconds
2025-09-19 02:42:50,873 - INFO - Processing /viper/ptmp/arego/RC4K1/23121.h5
2025-09-19 02:42:51,417 - INFO - Processing /viper/ptmp/arego/RC4K1/6633.h5
2025-09-19 02:42:51,697 - INFO - File 24989: Filtered 25712452 hits and 9 records
2025-09-19 02:42:52,228 - INFO - File 7501: Filtered 18914130 hits and 7 records
2025-09-19 02:42:52,262 - INFO - Processing /viper/ptmp/arego/RC4K1/5329.h5
2025-09-19 02:42:53,068 - INFO - Completed /viper/ptmp/arego/RC4K1_1/1385.h5 in 22.43 seconds
2025-09-19 02:42:53,757 - INFO - Processing /viper/ptmp/arego/RC4K1/9369.h5
2025-09-19 02:42:54,313 - INFO - Completed /viper/ptmp/arego/RC4K1_1/2781.h5 in 22.97 seconds
2025-09-19 02:42:54,353 - INFO - Completed /viper/ptmp/arego/RC4K1_1/23241.h5 in 31.63 seconds
2025-09-19 02:42:54,715 - INFO - Completed /viper/ptmp/arego/RC4K1_1/13860.h5 in 17.33 seconds
2025-09-19 02:42:55,018 - INFO - Processing /viper/ptmp/arego/RC4K1/19686.h5
2025-09-19 02:42:55,068 - INFO - Completed /viper/ptmp/arego/RC4K1_1/24989.h5 in 15.77 seconds
2025-09-19 02:42:55,311 - INFO - Processing /viper/ptmp/arego/RC4K1/26612.h5
2025-09-19 02:42:55,372 - INFO - Completed /viper/ptmp/arego/RC4K1_1/29103.h5 in 25.71 seconds
2025-09-19 02:42:55,763 - INFO - Processing /viper/ptmp/arego/RC4K1/23403.h5
2025-09-19 02:42:55,846 - INFO - Completed /viper/ptmp/arego/RC4K1_1/7791.h5 in 20.13 seconds
2025-09-19 02:42:55,931 - INFO - Completed /viper/ptmp/arego/RC4K1_1/4808.h5 in 21.24 seconds
2025-09-19 02:42:56,239 - INFO - Processing /viper/ptmp/arego/RC4K1/9334.h5
2025-09-19 02:42:56,500 - INFO - Processing /viper/ptmp/arego/RC4K1/14154.h5
2025-09-19 02:42:56,886 - INFO - File 3717: Filtered 24086040 hits and 8 records
2025-09-19 02:42:57,051 - INFO - Processing /viper/ptmp/arego/RC4K1/8195.h5
2025-09-19 02:42:57,168 - INFO - Processing /viper/ptmp/arego/RC4K1/27693.h5
2025-09-19 02:42:57,176 - INFO - Completed /viper/ptmp/arego/RC4K1_1/7501.h5 in 16.45 seconds
2025-09-19 02:42:57,191 - INFO - Completed /viper/ptmp/arego/RC4K1_1/5113.h5 in 27.13 seconds
2025-09-19 02:42:57,559 - INFO - File 23622: Filtered 11682951 hits and 9 records
2025-09-19 02:42:58,099 - INFO - Processing /viper/ptmp/arego/RC4K1/24387.h5
2025-09-19 02:42:59,705 - INFO - Processing /viper/ptmp/arego/RC4K1/5539.h5
2025-09-19 02:43:00,458 - INFO - File 6633: Filtered 19129787 hits and 5 records
2025-09-19 02:43:00,890 - INFO - File 21924: Filtered 20932815 hits and 8 records
2025-09-19 02:43:01,607 - INFO - File 23121: Filtered 24667841 hits and 10 records
2025-09-19 02:43:02,294 - INFO - File 5329: Filtered 15085782 hits and 6 records
2025-09-19 02:43:05,823 - INFO - Completed /viper/ptmp/arego/RC4K1_1/3717.h5 in 19.36 seconds
2025-09-19 02:43:06,854 - INFO - Completed /viper/ptmp/arego/RC4K1_1/23622.h5 in 17.95 seconds
2025-09-19 02:43:07,043 - INFO - File 26612: Filtered 24521196 hits and 10 records
2025-09-19 02:43:07,435 - INFO - Processing /viper/ptmp/arego/RC4K1/22503.h5
2025-09-19 02:43:07,876 - INFO - Completed /viper/ptmp/arego/RC4K1_1/6633.h5 in 16.46 seconds
2025-09-19 02:43:08,364 - INFO - Processing /viper/ptmp/arego/RC4K1/19488.h5
2025-09-19 02:43:08,747 - INFO - File 9334: Filtered 15056769 hits and 8 records
2025-09-19 02:43:09,686 - INFO - File 8195: Filtered 22797691 hits and 7 records
2025-09-19 02:43:09,870 - INFO - Processing /viper/ptmp/arego/RC4K1/8484.h5
2025-09-19 02:43:10,153 - INFO - File 24387: Filtered 18354624 hits and 5 records
2025-09-19 02:43:10,348 - INFO - File 19686: Filtered 13345586 hits and 7 records
2025-09-19 02:43:11,182 - INFO - Completed /viper/ptmp/arego/RC4K1_1/23121.h5 in 20.31 seconds
2025-09-19 02:43:11,280 - INFO - Completed /viper/ptmp/arego/RC4K1_1/21924.h5 in 21.63 seconds
2025-09-19 02:43:11,396 - INFO - File 23403: Filtered 30087813 hits and 8 records
2025-09-19 02:43:11,827 - INFO - File 5539: Filtered 14360373 hits and 11 records
2025-09-19 02:43:12,047 - INFO - Completed /viper/ptmp/arego/RC4K1_1/26612.h5 in 16.74 seconds
2025-09-19 02:43:12,456 - INFO - Processing /viper/ptmp/arego/RC4K1/27329.h5
2025-09-19 02:43:12,498 - INFO - Processing /viper/ptmp/arego/RC4K1/20159.h5
2025-09-19 02:43:12,617 - INFO - Completed /viper/ptmp/arego/RC4K1_1/5329.h5 in 20.35 seconds
2025-09-19 02:43:12,813 - INFO - File 14154: Filtered 18142817 hits and 8 records
2025-09-19 02:43:13,012 - INFO - File 27693: Filtered 12756803 hits and 5 records
2025-09-19 02:43:13,297 - INFO - Processing /viper/ptmp/arego/RC4K1/3208.h5
2025-09-19 02:43:13,419 - INFO - Processing /viper/ptmp/arego/RC4K1/5272.h5
2025-09-19 02:43:14,968 - INFO - Completed /viper/ptmp/arego/RC4K1_1/8195.h5 in 17.92 seconds
2025-09-19 02:43:15,715 - INFO - Processing /viper/ptmp/arego/RC4K1/22364.h5
2025-09-19 02:43:16,145 - INFO - Completed /viper/ptmp/arego/RC4K1_1/9334.h5 in 19.91 seconds
2025-09-19 02:43:16,287 - INFO - Completed /viper/ptmp/arego/RC4K1_1/24387.h5 in 18.19 seconds
2025-09-19 02:43:17,051 - INFO - Processing /viper/ptmp/arego/RC4K1/13007.h5
2025-09-19 02:43:17,167 - INFO - File 9369: Filtered 7593957 hits and 7 records
2025-09-19 02:43:17,460 - INFO - File 19488: Filtered 11043165 hits and 7 records
2025-09-19 02:43:18,082 - INFO - Processing /viper/ptmp/arego/RC4K1/14828.h5
2025-09-19 02:43:18,510 - INFO - Completed /viper/ptmp/arego/RC4K1_1/23403.h5 in 22.75 seconds
2025-09-19 02:43:18,700 - ERROR - Error processing /viper/ptmp/arego/RC4K1/5539.h5: low >= high
2025-09-19 02:43:19,175 - INFO - Processing /viper/ptmp/arego/RC4K1/3145.h5
2025-09-19 02:43:19,337 - INFO - File 22503: Filtered 40468345 hits and 10 records
2025-09-19 02:43:19,609 - INFO - File 8484: Filtered 16669906 hits and 10 records
2025-09-19 02:43:20,803 - INFO - Processing /viper/ptmp/arego/RC4K1/19550.h5
2025-09-19 02:43:22,569 - INFO - Completed /viper/ptmp/arego/RC4K1_1/19686.h5 in 27.55 seconds
2025-09-19 02:43:23,357 - INFO - Completed /viper/ptmp/arego/RC4K1_1/14154.h5 in 26.86 seconds
2025-09-19 02:43:23,511 - INFO - Completed /viper/ptmp/arego/RC4K1_1/22503.h5 in 16.08 seconds
2025-09-19 02:43:23,880 - INFO - Processing /viper/ptmp/arego/RC4K1/13810.h5
2025-09-19 02:43:24,147 - INFO - File 20159: Filtered 11814939 hits and 6 records
2025-09-19 02:43:24,641 - INFO - Processing /viper/ptmp/arego/RC4K1/14315.h5
2025-09-19 02:43:24,690 - INFO - File 3208: Filtered 22351832 hits and 8 records
2025-09-19 02:43:24,950 - INFO - File 27329: Filtered 19933761 hits and 8 records
2025-09-19 02:43:25,198 - INFO - Completed /viper/ptmp/arego/RC4K1_1/27693.h5 in 28.03 seconds
2025-09-19 02:43:25,374 - INFO - Processing /viper/ptmp/arego/RC4K1/13347.h5
2025-09-19 02:43:25,615 - INFO - File 5272: Filtered 26444273 hits and 7 records
2025-09-19 02:43:26,336 - INFO - Processing /viper/ptmp/arego/RC4K1/15465.h5
2025-09-19 02:43:27,879 - INFO - Completed /viper/ptmp/arego/RC4K1_1/19488.h5 in 19.51 seconds
2025-09-19 02:43:28,271 - INFO - File 22364: Filtered 21057119 hits and 9 records
2025-09-19 02:43:28,359 - INFO - Completed /viper/ptmp/arego/RC4K1_1/8484.h5 in 18.49 seconds
2025-09-19 02:43:29,538 - INFO - Processing /viper/ptmp/arego/RC4K1/14421.h5
2025-09-19 02:43:29,947 - INFO - File 13007: Filtered 18776315 hits and 7 records
2025-09-19 02:43:30,577 - INFO - File 3145: Filtered 19032454 hits and 8 records
2025-09-19 02:43:30,627 - INFO - Processing /viper/ptmp/arego/RC4K1/23941.h5
2025-09-19 02:43:31,765 - INFO - File 14828: Filtered 17229604 hits and 10 records
2025-09-19 02:43:31,818 - INFO - Completed /viper/ptmp/arego/RC4K1_1/3208.h5 in 18.52 seconds
2025-09-19 02:43:32,615 - INFO - Processing /viper/ptmp/arego/RC4K1/25678.h5
2025-09-19 02:43:32,643 - INFO - File 19550: Filtered 27041863 hits and 9 records
2025-09-19 02:43:33,846 - INFO - Completed /viper/ptmp/arego/RC4K1_1/5272.h5 in 20.43 seconds
2025-09-19 02:43:34,836 - INFO - Completed /viper/ptmp/arego/RC4K1_1/22364.h5 in 19.12 seconds
2025-09-19 02:43:35,002 - INFO - Completed /viper/ptmp/arego/RC4K1_1/20159.h5 in 22.50 seconds
2025-09-19 02:43:35,078 - INFO - Completed /viper/ptmp/arego/RC4K1_1/27329.h5 in 22.62 seconds
2025-09-19 02:43:35,286 - INFO - Processing /viper/ptmp/arego/RC4K1/7851.h5
2025-09-19 02:43:35,619 - INFO - Processing /viper/ptmp/arego/RC4K1/5099.h5
2025-09-19 02:43:36,751 - INFO - Processing /viper/ptmp/arego/RC4K1/9045.h5
2025-09-19 02:43:36,889 - INFO - Processing /viper/ptmp/arego/RC4K1/28005.h5
2025-09-19 02:43:36,988 - INFO - Completed /viper/ptmp/arego/RC4K1_1/19550.h5 in 16.19 seconds
2025-09-19 02:43:37,505 - INFO - Completed /viper/ptmp/arego/RC4K1_1/13007.h5 in 20.45 seconds
2025-09-19 02:43:37,783 - INFO - Processing /viper/ptmp/arego/RC4K1/23670.h5
2025-09-19 02:43:38,345 - INFO - File 13810: Filtered 20574049 hits and 7 records
2025-09-19 02:43:39,082 - INFO - Processing /viper/ptmp/arego/RC4K1/11392.h5
2025-09-19 02:43:39,451 - INFO - Completed /viper/ptmp/arego/RC4K1_1/14828.h5 in 21.37 seconds
2025-09-19 02:43:40,103 - INFO - File 14315: Filtered 18823903 hits and 7 records
2025-09-19 02:43:40,171 - INFO - File 14421: Filtered 14388920 hits and 8 records
2025-09-19 02:43:40,575 - INFO - File 13347: Filtered 33432228 hits and 8 records
2025-09-19 02:43:40,722 - INFO - Processing /viper/ptmp/arego/RC4K1/27096.h5
2025-09-19 02:43:41,056 - INFO - File 23941: Filtered 20339756 hits and 7 records
2025-09-19 02:43:41,071 - INFO - File 15465: Filtered 22670814 hits and 7 records
2025-09-19 02:43:41,860 - INFO - Completed /viper/ptmp/arego/RC4K1_1/9369.h5 in 48.10 seconds
2025-09-19 02:43:42,444 - INFO - Completed /viper/ptmp/arego/RC4K1_1/3145.h5 in 23.27 seconds
2025-09-19 02:43:43,566 - INFO - Processing /viper/ptmp/arego/RC4K1/29956.h5
2025-09-19 02:43:43,754 - INFO - File 25678: Filtered 20150576 hits and 7 records
2025-09-19 02:43:44,498 - INFO - Processing /viper/ptmp/arego/RC4K1/18842.h5
2025-09-19 02:43:47,764 - INFO - Completed /viper/ptmp/arego/RC4K1_1/13347.h5 in 22.39 seconds
2025-09-19 02:43:47,926 - INFO - File 7851: Filtered 21621844 hits and 6 records
2025-09-19 02:43:48,524 - INFO - Processing /viper/ptmp/arego/RC4K1/1697.h5
2025-09-19 02:43:48,864 - INFO - Completed /viper/ptmp/arego/RC4K1_1/13810.h5 in 24.98 seconds
2025-09-19 02:43:49,064 - INFO - File 28005: Filtered 27044651 hits and 4 records
2025-09-19 02:43:49,745 - INFO - Completed /viper/ptmp/arego/RC4K1_1/23941.h5 in 19.12 seconds
2025-09-19 02:43:49,885 - INFO - Processing /viper/ptmp/arego/RC4K1/4478.h5
2025-09-19 02:43:50,339 - INFO - File 5099: Filtered 15538279 hits and 8 records
2025-09-19 02:43:50,974 - INFO - Processing /viper/ptmp/arego/RC4K1/3309.h5
2025-09-19 02:43:51,031 - INFO - Completed /viper/ptmp/arego/RC4K1_1/15465.h5 in 24.69 seconds
2025-09-19 02:43:51,116 - INFO - Completed /viper/ptmp/arego/RC4K1_1/14421.h5 in 21.58 seconds
2025-09-19 02:43:51,420 - INFO - File 9045: Filtered 19570459 hits and 6 records
2025-09-19 02:43:51,459 - INFO - Completed /viper/ptmp/arego/RC4K1_1/14315.h5 in 26.82 seconds
2025-09-19 02:43:52,139 - INFO - Processing /viper/ptmp/arego/RC4K1/9730.h5
2025-09-19 02:43:52,586 - INFO - File 23670: Filtered 28294408 hits and 8 records
2025-09-19 02:43:52,696 - INFO - Processing /viper/ptmp/arego/RC4K1/24463.h5
2025-09-19 02:43:53,250 - INFO - Processing /viper/ptmp/arego/RC4K1/11586.h5
2025-09-19 02:43:53,517 - INFO - Completed /viper/ptmp/arego/RC4K1_1/25678.h5 in 20.90 seconds
2025-09-19 02:43:54,235 - INFO - File 11392: Filtered 11489243 hits and 7 records
2025-09-19 02:43:54,711 - INFO - Processing /viper/ptmp/arego/RC4K1/11260.h5
2025-09-19 02:43:54,795 - INFO - File 27096: Filtered 20143768 hits and 7 records
2025-09-19 02:43:55,834 - INFO - File 29956: Filtered 35803998 hits and 11 records
2025-09-19 02:43:56,897 - INFO - File 18842: Filtered 21909331 hits and 6 records
2025-09-19 02:43:57,553 - INFO - Completed /viper/ptmp/arego/RC4K1_1/28005.h5 in 20.66 seconds
2025-09-19 02:43:58,004 - INFO - Completed /viper/ptmp/arego/RC4K1_1/23670.h5 in 20.22 seconds
2025-09-19 02:43:58,629 - INFO - Processing /viper/ptmp/arego/RC4K1/23572.h5
2025-09-19 02:43:58,666 - INFO - Processing /viper/ptmp/arego/RC4K1/24614.h5
2025-09-19 02:43:58,732 - INFO - Completed /viper/ptmp/arego/RC4K1_1/7851.h5 in 23.45 seconds
2025-09-19 02:43:59,656 - INFO - Completed /viper/ptmp/arego/RC4K1_1/9045.h5 in 22.91 seconds
2025-09-19 02:44:00,157 - INFO - Processing /viper/ptmp/arego/RC4K1/19924.h5
2025-09-19 02:44:00,418 - INFO - Completed /viper/ptmp/arego/RC4K1_1/5099.h5 in 24.80 seconds
2025-09-19 02:44:00,689 - INFO - Processing /viper/ptmp/arego/RC4K1/21932.h5
2025-09-19 02:44:01,690 - INFO - Completed /viper/ptmp/arego/RC4K1_1/27096.h5 in 20.97 seconds
2025-09-19 02:44:02,340 - INFO - Processing /viper/ptmp/arego/RC4K1/12866.h5
2025-09-19 02:44:02,877 - INFO - File 3309: Filtered 28995241 hits and 10 records
2025-09-19 02:44:02,974 - INFO - File 1697: Filtered 14271795 hits and 6 records
2025-09-19 02:44:03,177 - INFO - Completed /viper/ptmp/arego/RC4K1_1/29956.h5 in 19.61 seconds
2025-09-19 02:44:03,193 - INFO - Processing /viper/ptmp/arego/RC4K1/11458.h5
2025-09-19 02:44:04,089 - INFO - Completed /viper/ptmp/arego/RC4K1_1/11392.h5 in 25.01 seconds
2025-09-19 02:44:04,172 - INFO - File 24463: Filtered 22339760 hits and 7 records
2025-09-19 02:44:04,314 - INFO - Processing /viper/ptmp/arego/RC4K1/11976.h5
2025-09-19 02:44:05,248 - INFO - Processing /viper/ptmp/arego/RC4K1/8842.h5
2025-09-19 02:44:05,558 - INFO - File 11260: Filtered 30600329 hits and 9 records
2025-09-19 02:44:06,568 - INFO - File 4478: Filtered 22947199 hits and 4 records
2025-09-19 02:44:06,942 - INFO - File 9730: Filtered 35360534 hits and 6 records
2025-09-19 02:44:08,276 - INFO - Completed /viper/ptmp/arego/RC4K1_1/3309.h5 in 17.30 seconds
2025-09-19 02:44:08,611 - INFO - File 11586: Filtered 34705826 hits and 10 records
2025-09-19 02:44:08,908 - INFO - Completed /viper/ptmp/arego/RC4K1_1/18842.h5 in 24.41 seconds
2025-09-19 02:44:09,009 - INFO - Processing /viper/ptmp/arego/RC4K1/12827.h5
2025-09-19 02:44:10,447 - INFO - Completed /viper/ptmp/arego/RC4K1_1/11260.h5 in 15.74 seconds
2025-09-19 02:44:10,602 - INFO - Processing /viper/ptmp/arego/RC4K1/21357.h5
2025-09-19 02:44:11,294 - INFO - File 23572: Filtered 14757597 hits and 6 records
2025-09-19 02:44:11,544 - INFO - Processing /viper/ptmp/arego/RC4K1/5947.h5
2025-09-19 02:44:11,837 - INFO - Completed /viper/ptmp/arego/RC4K1_1/24463.h5 in 19.14 seconds
2025-09-19 02:44:13,403 - INFO - File 21932: Filtered 32552941 hits and 8 records
2025-09-19 02:44:13,757 - INFO - Processing /viper/ptmp/arego/RC4K1/25261.h5
2025-09-19 02:44:13,889 - INFO - File 24614: Filtered 25007177 hits and 10 records
2025-09-19 02:44:14,961 - INFO - File 19924: Filtered 40076385 hits and 10 records
2025-09-19 02:44:15,606 - INFO - Completed /viper/ptmp/arego/RC4K1_1/9730.h5 in 23.47 seconds
2025-09-19 02:44:16,582 - INFO - Processing /viper/ptmp/arego/RC4K1/24996.h5
2025-09-19 02:44:16,814 - INFO - Completed /viper/ptmp/arego/RC4K1_1/11586.h5 in 23.56 seconds
2025-09-19 02:44:17,516 - INFO - File 12866: Filtered 29617054 hits and 9 records
2025-09-19 02:44:17,525 - INFO - File 11458: Filtered 24122164 hits and 6 records
2025-09-19 02:44:17,573 - INFO - Processing /viper/ptmp/arego/RC4K1/29269.h5
2025-09-19 02:44:18,100 - INFO - Completed /viper/ptmp/arego/RC4K1_1/1697.h5 in 29.58 seconds
2025-09-19 02:44:18,319 - INFO - File 11976: Filtered 25614428 hits and 7 records
2025-09-19 02:44:18,563 - INFO - Completed /viper/ptmp/arego/RC4K1_1/21932.h5 in 17.87 seconds
2025-09-19 02:44:19,244 - INFO - Processing /viper/ptmp/arego/RC4K1/14405.h5
2025-09-19 02:44:19,390 - INFO - Processing /viper/ptmp/arego/RC4K1/4524.h5
2025-09-19 02:44:20,141 - INFO - File 8842: Filtered 17676910 hits and 7 records
2025-09-19 02:44:21,274 - INFO - Completed /viper/ptmp/arego/RC4K1_1/19924.h5 in 21.12 seconds
2025-09-19 02:44:21,449 - INFO - Completed /viper/ptmp/arego/RC4K1_1/4478.h5 in 31.56 seconds
2025-09-19 02:44:21,932 - INFO - Processing /viper/ptmp/arego/RC4K1/22992.h5
2025-09-19 02:44:22,732 - INFO - Processing /viper/ptmp/arego/RC4K1/13936.h5
2025-09-19 02:44:23,488 - INFO - Completed /viper/ptmp/arego/RC4K1_1/12866.h5 in 21.15 seconds
2025-09-19 02:44:23,501 - INFO - Completed /viper/ptmp/arego/RC4K1_1/23572.h5 in 24.87 seconds
2025-09-19 02:44:23,534 - INFO - File 21357: Filtered 35247820 hits and 7 records
2025-09-19 02:44:23,949 - INFO - File 12827: Filtered 24501725 hits and 9 records
2025-09-19 02:44:24,262 - INFO - Completed /viper/ptmp/arego/RC4K1_1/24614.h5 in 25.60 seconds
2025-09-19 02:44:24,440 - INFO - Processing /viper/ptmp/arego/RC4K1/29819.h5
2025-09-19 02:44:25,333 - INFO - Processing /viper/ptmp/arego/RC4K1/27258.h5
2025-09-19 02:44:25,616 - INFO - Processing /viper/ptmp/arego/RC4K1/5600.h5
2025-09-19 02:44:25,919 - INFO - Completed /viper/ptmp/arego/RC4K1_1/11458.h5 in 22.73 seconds
2025-09-19 02:44:26,096 - INFO - File 5947: Filtered 22406132 hits and 8 records
2025-09-19 02:44:26,694 - INFO - Processing /viper/ptmp/arego/RC4K1/28256.h5
2025-09-19 02:44:27,572 - INFO - File 25261: Filtered 28046866 hits and 10 records
2025-09-19 02:44:28,994 - INFO - Completed /viper/ptmp/arego/RC4K1_1/11976.h5 in 24.68 seconds
2025-09-19 02:44:30,416 - INFO - Processing /viper/ptmp/arego/RC4K1/5870.h5
2025-09-19 02:44:30,741 - INFO - Completed /viper/ptmp/arego/RC4K1_1/8842.h5 in 25.49 seconds
2025-09-19 02:44:31,170 - INFO - File 4524: Filtered 23987071 hits and 9 records
2025-09-19 02:44:31,479 - INFO - Completed /viper/ptmp/arego/RC4K1_1/12827.h5 in 22.47 seconds
2025-09-19 02:44:31,579 - INFO - Completed /viper/ptmp/arego/RC4K1_1/21357.h5 in 20.98 seconds
2025-09-19 02:44:31,672 - INFO - Processing /viper/ptmp/arego/RC4K1/2992.h5
2025-09-19 02:44:31,889 - INFO - File 24996: Filtered 25479139 hits and 7 records
2025-09-19 02:44:33,221 - INFO - Processing /viper/ptmp/arego/RC4K1/5798.h5
2025-09-19 02:44:33,232 - INFO - Processing /viper/ptmp/arego/RC4K1/5579.h5
2025-09-19 02:44:33,347 - INFO - File 29269: Filtered 41544674 hits and 9 records
2025-09-19 02:44:33,603 - ERROR - Error processing /viper/ptmp/arego/RC4K1/25261.h5: low >= high
2025-09-19 02:44:34,579 - INFO - Completed /viper/ptmp/arego/RC4K1_1/5947.h5 in 23.03 seconds
2025-09-19 02:44:35,302 - INFO - Processing /viper/ptmp/arego/RC4K1/13543.h5
2025-09-19 02:44:35,948 - INFO - Processing /viper/ptmp/arego/RC4K1/4973.h5
2025-09-19 02:44:36,101 - INFO - File 14405: Filtered 48996742 hits and 5 records
2025-09-19 02:44:37,768 - INFO - File 29819: Filtered 22028627 hits and 10 records
2025-09-19 02:44:39,534 - INFO - File 22992: Filtered 41898843 hits and 9 records
2025-09-19 02:44:39,648 - INFO - File 5600: Filtered 10718780 hits and 7 records
2025-09-19 02:44:40,004 - INFO - Completed /viper/ptmp/arego/RC4K1_1/4524.h5 in 20.61 seconds
2025-09-19 02:44:40,053 - INFO - File 13936: Filtered 42702375 hits and 10 records
2025-09-19 02:44:40,504 - INFO - File 28256: Filtered 30289906 hits and 7 records
2025-09-19 02:44:41,289 - INFO - Processing /viper/ptmp/arego/RC4K1/28327.h5
2025-09-19 02:44:41,761 - INFO - Completed /viper/ptmp/arego/RC4K1_1/29269.h5 in 24.19 seconds
2025-09-19 02:44:42,039 - INFO - Completed /viper/ptmp/arego/RC4K1_1/14405.h5 in 22.79 seconds
2025-09-19 02:44:42,644 - INFO - File 27258: Filtered 36219107 hits and 8 records
2025-09-19 02:44:42,665 - INFO - Processing /viper/ptmp/arego/RC4K1/24602.h5
2025-09-19 02:44:43,637 - INFO - Processing /viper/ptmp/arego/RC4K1/17002.h5
2025-09-19 02:44:45,600 - INFO - Completed /viper/ptmp/arego/RC4K1_1/24996.h5 in 29.02 seconds
2025-09-19 02:44:46,764 - INFO - Processing /viper/ptmp/arego/RC4K1/10732.h5
2025-09-19 02:44:46,817 - INFO - File 5870: Filtered 24771768 hits and 6 records
2025-09-19 02:44:46,842 - INFO - Completed /viper/ptmp/arego/RC4K1_1/22992.h5 in 24.91 seconds
2025-09-19 02:44:47,280 - INFO - File 2992: Filtered 32689290 hits and 9 records
2025-09-19 02:44:47,550 - INFO - Completed /viper/ptmp/arego/RC4K1_1/13936.h5 in 24.82 seconds
2025-09-19 02:44:47,654 - INFO - Processing /viper/ptmp/arego/RC4K1/8768.h5
2025-09-19 02:44:48,140 - INFO - Completed /viper/ptmp/arego/RC4K1_1/29819.h5 in 23.70 seconds
2025-09-19 02:44:48,727 - INFO - Processing /viper/ptmp/arego/RC4K1/22753.h5
2025-09-19 02:44:49,108 - INFO - Completed /viper/ptmp/arego/RC4K1_1/28256.h5 in 22.41 seconds
2025-09-19 02:44:49,223 - INFO - File 5798: Filtered 27307565 hits and 9 records
2025-09-19 02:44:49,510 - INFO - Processing /viper/ptmp/arego/RC4K1/29974.h5
2025-09-19 02:44:49,852 - INFO - File 5579: Filtered 23334285 hits and 9 records
2025-09-19 02:44:50,396 - INFO - Processing /viper/ptmp/arego/RC4K1/11701.h5
2025-09-19 02:44:51,105 - INFO - File 13543: Filtered 26862027 hits and 9 records
2025-09-19 02:44:51,675 - INFO - File 4973: Filtered 32191967 hits and 9 records
2025-09-19 02:44:51,895 - INFO - Completed /viper/ptmp/arego/RC4K1_1/27258.h5 in 26.56 seconds
2025-09-19 02:44:52,860 - INFO - Processing /viper/ptmp/arego/RC4K1/2459.h5
2025-09-19 02:44:53,635 - INFO - Completed /viper/ptmp/arego/RC4K1_1/2992.h5 in 21.96 seconds
2025-09-19 02:44:54,431 - INFO - Processing /viper/ptmp/arego/RC4K1/9114.h5
2025-09-19 02:44:55,247 - INFO - Completed /viper/ptmp/arego/RC4K1_1/5600.h5 in 29.63 seconds
2025-09-19 02:44:55,823 - INFO - File 28327: Filtered 9874596 hits and 7 records
2025-09-19 02:44:56,403 - INFO - Processing /viper/ptmp/arego/RC4K1/6082.h5
2025-09-19 02:44:58,062 - ERROR - Error processing /viper/ptmp/arego/RC4K1/4973.h5: low >= high
2025-09-19 02:44:59,263 - INFO - Completed /viper/ptmp/arego/RC4K1_1/5870.h5 in 28.85 seconds
2025-09-19 02:44:59,437 - INFO - Completed /viper/ptmp/arego/RC4K1_1/13543.h5 in 24.14 seconds
2025-09-19 02:44:59,656 - INFO - Completed /viper/ptmp/arego/RC4K1_1/5579.h5 in 26.42 seconds
2025-09-19 02:44:59,679 - INFO - Processing /viper/ptmp/arego/RC4K1/8895.h5
2025-09-19 02:45:00,607 - INFO - Processing /viper/ptmp/arego/RC4K1/25504.h5
2025-09-19 02:45:01,333 - INFO - Processing /viper/ptmp/arego/RC4K1/16319.h5
2025-09-19 02:45:01,520 - INFO - File 24602: Filtered 12273784 hits and 5 records
2025-09-19 02:45:01,667 - INFO - Processing /viper/ptmp/arego/RC4K1/21561.h5
2025-09-19 02:45:01,828 - INFO - Completed /viper/ptmp/arego/RC4K1_1/5798.h5 in 28.61 seconds
2025-09-19 02:45:02,292 - INFO - File 17002: Filtered 22142884 hits and 7 records
2025-09-19 02:45:03,371 - INFO - File 29974: Filtered 24256203 hits and 9 records
2025-09-19 02:45:03,622 - INFO - Processing /viper/ptmp/arego/RC4K1/20419.h5
2025-09-19 02:45:04,787 - INFO - File 11701: Filtered 29005838 hits and 9 records
2025-09-19 02:45:06,656 - INFO - File 10732: Filtered 35200715 hits and 7 records
2025-09-19 02:45:08,358 - INFO - File 8768: Filtered 28631773 hits and 4 records
2025-09-19 02:45:09,670 - INFO - File 22753: Filtered 39352099 hits and 10 records
2025-09-19 02:45:10,193 - INFO - File 9114: Filtered 31038600 hits and 9 records
2025-09-19 02:45:10,533 - INFO - Completed /viper/ptmp/arego/RC4K1_1/28327.h5 in 29.24 seconds
2025-09-19 02:45:11,846 - INFO - File 2459: Filtered 45506721 hits and 9 records
2025-09-19 02:45:13,193 - INFO - Processing /viper/ptmp/arego/RC4K1/16546.h5
2025-09-19 02:45:13,628 - INFO - File 6082: Filtered 46509201 hits and 8 records
2025-09-19 02:45:14,552 - INFO - Completed /viper/ptmp/arego/RC4K1_1/29974.h5 in 25.04 seconds
2025-09-19 02:45:14,581 - INFO - Completed /viper/ptmp/arego/RC4K1_1/11701.h5 in 24.18 seconds
2025-09-19 02:45:15,894 - INFO - Processing /viper/ptmp/arego/RC4K1/9443.h5
2025-09-19 02:45:16,832 - INFO - Processing /viper/ptmp/arego/RC4K1/15372.h5
2025-09-19 02:45:16,959 - INFO - File 8895: Filtered 23997595 hits and 6 records
2025-09-19 02:45:17,185 - INFO - Completed /viper/ptmp/arego/RC4K1_1/6082.h5 in 20.78 seconds
2025-09-19 02:45:17,713 - INFO - Processing /viper/ptmp/arego/RC4K1/27388.h5
2025-09-19 02:45:18,271 - INFO - File 25504: Filtered 13084872 hits and 7 records
2025-09-19 02:45:18,710 - INFO - Completed /viper/ptmp/arego/RC4K1_1/10732.h5 in 31.95 seconds
2025-09-19 02:45:19,277 - INFO - File 21561: Filtered 25546471 hits and 6 records
2025-09-19 02:45:19,341 - INFO - Completed /viper/ptmp/arego/RC4K1_1/22753.h5 in 30.61 seconds
2025-09-19 02:45:19,579 - INFO - Completed /viper/ptmp/arego/RC4K1_1/9114.h5 in 25.15 seconds
2025-09-19 02:45:19,604 - INFO - Completed /viper/ptmp/arego/RC4K1_1/17002.h5 in 35.97 seconds
2025-09-19 02:45:19,752 - INFO - Processing /viper/ptmp/arego/RC4K1/20732.h5
2025-09-19 02:45:19,782 - INFO - Completed /viper/ptmp/arego/RC4K1_1/2459.h5 in 26.92 seconds
2025-09-19 02:45:20,660 - INFO - Processing /viper/ptmp/arego/RC4K1/20090.h5
2025-09-19 02:45:20,665 - INFO - Processing /viper/ptmp/arego/RC4K1/20510.h5
2025-09-19 02:45:20,887 - INFO - File 16319: Filtered 25361653 hits and 7 records
2025-09-19 02:45:21,255 - INFO - Processing /viper/ptmp/arego/RC4K1/26379.h5
2025-09-19 02:45:21,353 - INFO - File 20419: Filtered 47206774 hits and 10 records
2025-09-19 02:45:21,628 - INFO - Completed /viper/ptmp/arego/RC4K1_1/8768.h5 in 33.97 seconds
2025-09-19 02:45:21,914 - INFO - Processing /viper/ptmp/arego/RC4K1/36.h5
2025-09-19 02:45:22,985 - INFO - Processing /viper/ptmp/arego/RC4K1/8611.h5
2025-09-19 02:45:23,188 - INFO - Completed /viper/ptmp/arego/RC4K1_1/24602.h5 in 40.52 seconds
2025-09-19 02:45:24,732 - INFO - Processing /viper/ptmp/arego/RC4K1/17626.h5
2025-09-19 02:45:27,323 - INFO - Completed /viper/ptmp/arego/RC4K1_1/8895.h5 in 27.64 seconds
2025-09-19 02:45:29,113 - INFO - Completed /viper/ptmp/arego/RC4K1_1/20419.h5 in 25.49 seconds
2025-09-19 02:45:29,232 - INFO - File 16546: Filtered 30975861 hits and 9 records
2025-09-19 02:45:29,312 - INFO - Processing /viper/ptmp/arego/RC4K1/7237.h5
2025-09-19 02:45:29,959 - INFO - Processing /viper/ptmp/arego/RC4K1/1759.h5
2025-09-19 02:45:30,850 - INFO - Completed /viper/ptmp/arego/RC4K1_1/21561.h5 in 29.18 seconds
2025-09-19 02:45:32,400 - INFO - Processing /viper/ptmp/arego/RC4K1/9274.h5
2025-09-19 02:45:33,523 - INFO - Completed /viper/ptmp/arego/RC4K1_1/25504.h5 in 32.92 seconds
2025-09-19 02:45:35,107 - INFO - Completed /viper/ptmp/arego/RC4K1_1/16319.h5 in 33.77 seconds
2025-09-19 02:45:35,640 - INFO - Processing /viper/ptmp/arego/RC4K1/334.h5
2025-09-19 02:45:36,208 - INFO - File 9443: Filtered 14695159 hits and 8 records
2025-09-19 02:45:37,216 - INFO - Processing /viper/ptmp/arego/RC4K1/28069.h5
2025-09-19 02:45:37,569 - INFO - File 15372: Filtered 24049922 hits and 9 records
2025-09-19 02:45:38,610 - INFO - File 27388: Filtered 31125802 hits and 10 records
2025-09-19 02:45:41,016 - ERROR - Error processing /viper/ptmp/arego/RC4K1/16546.h5: low >= high
2025-09-19 02:45:41,553 - INFO - File 20510: Filtered 30125122 hits and 7 records
2025-09-19 02:45:42,654 - INFO - Processing /viper/ptmp/arego/RC4K1/21994.h5
2025-09-19 02:45:43,532 - INFO - File 20732: Filtered 49889632 hits and 9 records
2025-09-19 02:45:45,942 - INFO - File 20090: Filtered 29491976 hits and 6 records
2025-09-19 02:45:46,342 - INFO - File 26379: Filtered 34200931 hits and 8 records
2025-09-19 02:45:47,262 - INFO - File 36: Filtered 23795930 hits and 6 records
2025-09-19 02:45:48,206 - INFO - File 8611: Filtered 42727245 hits and 8 records
2025-09-19 02:45:49,202 - INFO - File 17626: Filtered 43804371 hits and 7 records
2025-09-19 02:45:50,291 - INFO - File 7237: Filtered 44999992 hits and 7 records
2025-09-19 02:45:50,858 - ERROR - Error processing /viper/ptmp/arego/RC4K1/27388.h5: low >= high
2025-09-19 02:45:52,251 - INFO - Completed /viper/ptmp/arego/RC4K1_1/15372.h5 in 35.42 seconds
2025-09-19 02:45:52,389 - INFO - Processing /viper/ptmp/arego/RC4K1/27976.h5
2025-09-19 02:45:53,048 - INFO - Completed /viper/ptmp/arego/RC4K1_1/9443.h5 in 37.15 seconds
2025-09-19 02:45:53,746 - INFO - Completed /viper/ptmp/arego/RC4K1_1/20732.h5 in 33.99 seconds
2025-09-19 02:45:53,886 - INFO - Processing /viper/ptmp/arego/RC4K1/19171.h5
2025-09-19 02:45:54,162 - INFO - File 1759: Filtered 37034288 hits and 6 records
2025-09-19 02:45:54,233 - INFO - File 9274: Filtered 17436146 hits and 7 records
2025-09-19 02:45:54,660 - INFO - Processing /viper/ptmp/arego/RC4K1/15433.h5
2025-09-19 02:45:55,152 - INFO - Processing /viper/ptmp/arego/RC4K1/16493.h5
2025-09-19 02:45:55,905 - INFO - Completed /viper/ptmp/arego/RC4K1_1/20510.h5 in 35.24 seconds
2025-09-19 02:45:57,718 - INFO - Processing /viper/ptmp/arego/RC4K1/13763.h5
2025-09-19 02:45:57,887 - INFO - File 28069: Filtered 36613657 hits and 4 records
2025-09-19 02:45:58,143 - INFO - File 334: Filtered 44369829 hits and 9 records
2025-09-19 02:46:00,258 - INFO - Completed /viper/ptmp/arego/RC4K1_1/7237.h5 in 30.95 seconds
2025-09-19 02:46:00,363 - INFO - Completed /viper/ptmp/arego/RC4K1_1/8611.h5 in 37.38 seconds
2025-09-19 02:46:00,637 - INFO - Completed /viper/ptmp/arego/RC4K1_1/26379.h5 in 39.38 seconds
2025-09-19 02:46:01,219 - INFO - Completed /viper/ptmp/arego/RC4K1_1/17626.h5 in 36.49 seconds
2025-09-19 02:46:01,323 - INFO - Processing /viper/ptmp/arego/RC4K1/16648.h5
2025-09-19 02:46:01,346 - INFO - Processing /viper/ptmp/arego/RC4K1/6130.h5
2025-09-19 02:46:01,858 - INFO - Processing /viper/ptmp/arego/RC4K1/5555.h5
2025-09-19 02:46:01,954 - INFO - Completed /viper/ptmp/arego/RC4K1_1/20090.h5 in 41.29 seconds
2025-09-19 02:46:02,548 - INFO - Processing /viper/ptmp/arego/RC4K1/21751.h5
2025-09-19 02:46:02,991 - INFO - File 21994: Filtered 51760692 hits and 10 records
2025-09-19 02:46:03,136 - INFO - Processing /viper/ptmp/arego/RC4K1/18433.h5
2025-09-19 02:46:05,110 - INFO - Completed /viper/ptmp/arego/RC4K1_1/36.h5 in 43.20 seconds
2025-09-19 02:46:06,041 - INFO - Completed /viper/ptmp/arego/RC4K1_1/1759.h5 in 36.08 seconds
2025-09-19 02:46:06,743 - INFO - Processing /viper/ptmp/arego/RC4K1/21051.h5
2025-09-19 02:46:07,614 - INFO - Processing /viper/ptmp/arego/RC4K1/4177.h5
2025-09-19 02:46:10,695 - INFO - Completed /viper/ptmp/arego/RC4K1_1/28069.h5 in 33.48 seconds
2025-09-19 02:46:10,808 - INFO - File 15433: Filtered 32698197 hits and 8 records
2025-09-19 02:46:11,073 - INFO - Completed /viper/ptmp/arego/RC4K1_1/334.h5 in 35.43 seconds
2025-09-19 02:46:11,949 - INFO - Processing /viper/ptmp/arego/RC4K1/10741.h5
2025-09-19 02:46:12,674 - INFO - Processing /viper/ptmp/arego/RC4K1/5925.h5
2025-09-19 02:46:12,915 - INFO - Completed /viper/ptmp/arego/RC4K1_1/21994.h5 in 30.26 seconds
2025-09-19 02:46:14,412 - INFO - Processing /viper/ptmp/arego/RC4K1/2337.h5
2025-09-19 02:46:14,818 - INFO - Completed /viper/ptmp/arego/RC4K1_1/9274.h5 in 42.42 seconds
2025-09-19 02:46:17,981 - INFO - File 27976: Filtered 28100225 hits and 8 records
2025-09-19 02:46:17,998 - INFO - Processing /viper/ptmp/arego/RC4K1/12245.h5
2025-09-19 02:46:21,032 - INFO - File 19171: Filtered 29985705 hits and 7 records
2025-09-19 02:46:23,228 - INFO - File 16493: Filtered 44839407 hits and 8 records
2025-09-19 02:46:24,240 - INFO - File 16648: Filtered 25624382 hits and 7 records
2025-09-19 02:46:27,696 - INFO - File 13763: Filtered 26731960 hits and 8 records
2025-09-19 02:46:29,394 - INFO - Completed /viper/ptmp/arego/RC4K1_1/15433.h5 in 34.73 seconds
2025-09-19 02:46:29,851 - INFO - File 6130: Filtered 57605370 hits and 7 records
2025-09-19 02:46:30,629 - INFO - File 5555: Filtered 49788875 hits and 8 records
2025-09-19 02:46:32,479 - INFO - Processing /viper/ptmp/arego/RC4K1/28189.h5
2025-09-19 02:46:35,569 - INFO - File 21751: Filtered 47233176 hits and 9 records
2025-09-19 02:46:39,236 - INFO - File 18433: Filtered 56221428 hits and 10 records
2025-09-19 02:46:39,256 - INFO - Completed /viper/ptmp/arego/RC4K1_1/27976.h5 in 46.87 seconds
2025-09-19 02:46:39,584 - INFO - Completed /viper/ptmp/arego/RC4K1_1/16493.h5 in 44.43 seconds
2025-09-19 02:46:40,980 - INFO - Processing /viper/ptmp/arego/RC4K1/20101.h5
2025-09-19 02:46:41,757 - INFO - Completed /viper/ptmp/arego/RC4K1_1/19171.h5 in 47.87 seconds
2025-09-19 02:46:41,953 - INFO - Processing /viper/ptmp/arego/RC4K1/17623.h5
2025-09-19 02:46:43,229 - INFO - File 21051: Filtered 55988012 hits and 10 records
2025-09-19 02:46:43,525 - INFO - Processing /viper/ptmp/arego/RC4K1/10805.h5
2025-09-19 02:46:43,818 - INFO - File 5925: Filtered 37181819 hits and 6 records
2025-09-19 02:46:43,844 - INFO - Completed /viper/ptmp/arego/RC4K1_1/6130.h5 in 42.50 seconds
2025-09-19 02:46:43,877 - INFO - File 4177: Filtered 62072700 hits and 8 records
2025-09-19 02:46:45,775 - INFO - File 2337: Filtered 56731944 hits and 11 records
2025-09-19 02:46:47,908 - INFO - File 12245: Filtered 70175178 hits and 11 records
2025-09-19 02:46:48,874 - INFO - File 10741: Filtered 46059834 hits and 8 records
2025-09-19 02:46:49,184 - INFO - Completed /viper/ptmp/arego/RC4K1_1/16648.h5 in 47.86 seconds
2025-09-19 02:46:49,545 - ERROR - Error processing /viper/ptmp/arego/RC4K1/5555.h5: low >= high
2025-09-19 02:46:52,672 - INFO - Completed /viper/ptmp/arego/RC4K1_1/13763.h5 in 54.95 seconds
2025-09-19 02:46:55,478 - INFO - Completed /viper/ptmp/arego/RC4K1_1/21751.h5 in 52.93 seconds
2025-09-19 02:46:57,296 - INFO - Completed /viper/ptmp/arego/RC4K1_1/12245.h5 in 39.30 seconds
2025-09-19 02:46:57,831 - INFO - Completed /viper/ptmp/arego/RC4K1_1/18433.h5 in 54.69 seconds
2025-09-19 02:46:58,612 - INFO - Completed /viper/ptmp/arego/RC4K1_1/2337.h5 in 44.20 seconds
2025-09-19 02:46:59,185 - INFO - Completed /viper/ptmp/arego/RC4K1_1/4177.h5 in 51.57 seconds
2025-09-19 02:47:00,206 - INFO - Completed /viper/ptmp/arego/RC4K1_1/21051.h5 in 53.46 seconds
2025-09-19 02:47:02,254 - INFO - Completed /viper/ptmp/arego/RC4K1_1/5925.h5 in 49.58 seconds
2025-09-19 02:47:03,095 - INFO - File 28189: Filtered 40855251 hits and 9 records
2025-09-19 02:47:04,271 - INFO - File 20101: Filtered 54555863 hits and 8 records
2025-09-19 02:47:08,111 - INFO - File 17623: Filtered 96120425 hits and 8 records
2025-09-19 02:47:08,410 - INFO - Completed /viper/ptmp/arego/RC4K1_1/10741.h5 in 56.46 seconds
2025-09-19 02:47:15,968 - INFO - Completed /viper/ptmp/arego/RC4K1_1/17623.h5 in 34.01 seconds
2025-09-19 02:47:18,647 - INFO - Completed /viper/ptmp/arego/RC4K1_1/20101.h5 in 37.67 seconds
2025-09-19 02:47:26,662 - INFO - Completed /viper/ptmp/arego/RC4K1_1/28189.h5 in 54.18 seconds
2025-09-19 02:48:19,649 - INFO - File 10805: Filtered 213300837 hits and 8 records
2025-09-19 02:49:16,228 - INFO - Completed /viper/ptmp/arego/RC4K1_1/10805.h5 in 152.70 seconds
