2025-09-19 04:30:02,912 - INFO - Loaded skip configuration: 0 files to skip entirely, 35364 files with partial record skips
2025-09-19 04:30:02,940 - INFO - Loaded skip configuration: 0 files to skip entirely, 35364 files with partial record skips
2025-09-19 04:30:02,944 - INFO - Loaded skip configuration: 0 files to skip entirely, 35364 files with partial record skips
2025-09-19 04:30:03,710 - INFO - Processing /viper/ptmp/arego/RC4K1/19539.h5
2025-09-19 04:30:03,726 - INFO - Processing /viper/ptmp/arego/RC4K1/369.h5
2025-09-19 04:30:03,823 - INFO - Processing /viper/ptmp/arego/RC4K1/19536.h5
2025-09-19 04:30:04,206 - INFO - File 369: Filtered 398651 hits and 4 records
2025-09-19 04:30:04,227 - INFO - File 19539: Filtered 649895 hits and 7 records
2025-09-19 04:30:04,234 - INFO - Processing /viper/ptmp/arego/RC4K1/17560.h5
2025-09-19 04:30:04,250 - INFO - File 19536: Filtered 323557 hits and 4 records
2025-09-19 04:30:04,263 - INFO - Processing /viper/ptmp/arego/RC4K1/12408.h5
2025-09-19 04:30:04,484 - INFO - Processing /viper/ptmp/arego/RC4K1/12607.h5
2025-09-19 04:30:04,706 - INFO - File 17560: Filtered 679450 hits and 3 records
2025-09-19 04:30:04,709 - INFO - File 12408: Filtered 659482 hits and 3 records
2025-09-19 04:30:04,759 - INFO - Completed /viper/ptmp/arego/RC4K1_1/369.h5 in 1.03 seconds
2025-09-19 04:30:04,766 - INFO - Processing /viper/ptmp/arego/RC4K1/7533.h5
2025-09-19 04:30:04,768 - INFO - Completed /viper/ptmp/arego/RC4K1_1/19539.h5 in 1.06 seconds
2025-09-19 04:30:04,848 - INFO - Processing /viper/ptmp/arego/RC4K1/19047.h5
2025-09-19 04:30:04,963 - INFO - Completed /viper/ptmp/arego/RC4K1_1/19536.h5 in 1.14 seconds
2025-09-19 04:30:05,188 - INFO - File 12607: Filtered 471858 hits and 5 records
2025-09-19 04:30:05,223 - INFO - Processing /viper/ptmp/arego/RC4K1/12951.h5
2025-09-19 04:30:05,285 - INFO - Processing /viper/ptmp/arego/RC4K1/17394.h5
2025-09-19 04:30:05,291 - INFO - File 7533: Filtered 1575510 hits and 8 records
2025-09-19 04:30:05,293 - INFO - Completed /viper/ptmp/arego/RC4K1_1/12408.h5 in 1.03 seconds
2025-09-19 04:30:05,322 - INFO - Completed /viper/ptmp/arego/RC4K1_1/17560.h5 in 1.09 seconds
2025-09-19 04:30:05,376 - INFO - File 19047: Filtered 710297 hits and 4 records
2025-09-19 04:30:05,410 - INFO - Processing /viper/ptmp/arego/RC4K1/18416.h5
2025-09-19 04:30:05,715 - INFO - Completed /viper/ptmp/arego/RC4K1_1/7533.h5 in 0.95 seconds
2025-09-19 04:30:05,817 - INFO - Processing /viper/ptmp/arego/RC4K1/28957.h5
2025-09-19 04:30:05,872 - INFO - File 17394: Filtered 1927321 hits and 10 records
2025-09-19 04:30:05,942 - INFO - File 12951: Filtered 945832 hits and 7 records
2025-09-19 04:30:05,973 - INFO - Processing /viper/ptmp/arego/RC4K1/15377.h5
2025-09-19 04:30:06,011 - INFO - Processing /viper/ptmp/arego/RC4K1/5816.h5
2025-09-19 04:30:06,019 - INFO - Completed /viper/ptmp/arego/RC4K1_1/19047.h5 in 1.17 seconds
2025-09-19 04:30:06,060 - INFO - Completed /viper/ptmp/arego/RC4K1_1/12607.h5 in 1.58 seconds
2025-09-19 04:30:06,063 - INFO - File 18416: Filtered 1212046 hits and 6 records
2025-09-19 04:30:06,359 - INFO - Completed /viper/ptmp/arego/RC4K1_1/17394.h5 in 1.07 seconds
2025-09-19 04:30:06,368 - INFO - Processing /viper/ptmp/arego/RC4K1/20067.h5
2025-09-19 04:30:06,528 - INFO - File 28957: Filtered 1514246 hits and 9 records
2025-09-19 04:30:06,570 - INFO - Processing /viper/ptmp/arego/RC4K1/21413.h5
2025-09-19 04:30:06,590 - INFO - File 15377: Filtered 1585682 hits and 6 records
2025-09-19 04:30:06,688 - INFO - Completed /viper/ptmp/arego/RC4K1_1/12951.h5 in 1.46 seconds
2025-09-19 04:30:06,764 - INFO - File 5816: Filtered 239533 hits and 2 records
2025-09-19 04:30:06,771 - INFO - Processing /viper/ptmp/arego/RC4K1/27889.h5
2025-09-19 04:30:06,865 - INFO - Processing /viper/ptmp/arego/RC4K1/26299.h5
2025-09-19 04:30:07,081 - INFO - File 20067: Filtered 3002666 hits and 6 records
2025-09-19 04:30:07,156 - INFO - Completed /viper/ptmp/arego/RC4K1_1/15377.h5 in 1.18 seconds
2025-09-19 04:30:07,165 - INFO - Processing /viper/ptmp/arego/RC4K1/23727.h5
2025-09-19 04:30:07,223 - INFO - File 21413: Filtered 1514821 hits and 6 records
2025-09-19 04:30:07,288 - INFO - Completed /viper/ptmp/arego/RC4K1_1/28957.h5 in 1.47 seconds
2025-09-19 04:30:07,375 - INFO - Processing /viper/ptmp/arego/RC4K1/18656.h5
2025-09-19 04:30:07,455 - INFO - Completed /viper/ptmp/arego/RC4K1_1/20067.h5 in 1.09 seconds
2025-09-19 04:30:07,505 - INFO - File 27889: Filtered 2295605 hits and 7 records
2025-09-19 04:30:07,513 - INFO - Processing /viper/ptmp/arego/RC4K1/28991.h5
2025-09-19 04:30:07,611 - INFO - File 26299: Filtered 373445 hits and 3 records
2025-09-19 04:30:07,757 - INFO - Processing /viper/ptmp/arego/RC4K1/22683.h5
2025-09-19 04:30:07,760 - INFO - Completed /viper/ptmp/arego/RC4K1_1/5816.h5 in 1.75 seconds
2025-09-19 04:30:07,820 - INFO - Completed /viper/ptmp/arego/RC4K1_1/21413.h5 in 1.25 seconds
2025-09-19 04:30:07,872 - INFO - File 23727: Filtered 1769650 hits and 5 records
2025-09-19 04:30:07,894 - INFO - Processing /viper/ptmp/arego/RC4K1/21221.h5
2025-09-19 04:30:07,906 - INFO - Completed /viper/ptmp/arego/RC4K1_1/27889.h5 in 1.14 seconds
2025-09-19 04:30:08,215 - INFO - File 18656: Filtered 1706482 hits and 6 records
2025-09-19 04:30:08,245 - INFO - Processing /viper/ptmp/arego/RC4K1/23144.h5
2025-09-19 04:30:08,298 - INFO - File 28991: Filtered 1573252 hits and 7 records
2025-09-19 04:30:08,352 - INFO - Processing /viper/ptmp/arego/RC4K1/15213.h5
2025-09-19 04:30:08,385 - INFO - Completed /viper/ptmp/arego/RC4K1_1/18416.h5 in 2.97 seconds
2025-09-19 04:30:08,458 - INFO - File 22683: Filtered 1316003 hits and 6 records
2025-09-19 04:30:08,474 - INFO - Processing /viper/ptmp/arego/RC4K1/18064.h5
2025-09-19 04:30:08,550 - INFO - Completed /viper/ptmp/arego/RC4K1_1/23727.h5 in 1.39 seconds
2025-09-19 04:30:08,670 - INFO - File 21221: Filtered 1157419 hits and 6 records
2025-09-19 04:30:08,706 - INFO - Completed /viper/ptmp/arego/RC4K1_1/26299.h5 in 1.84 seconds
2025-09-19 04:30:08,958 - INFO - Processing /viper/ptmp/arego/RC4K1/4504.h5
2025-09-19 04:30:08,960 - INFO - Completed /viper/ptmp/arego/RC4K1_1/28991.h5 in 1.45 seconds
2025-09-19 04:30:08,978 - INFO - Completed /viper/ptmp/arego/RC4K1_1/18656.h5 in 1.60 seconds
2025-09-19 04:30:08,983 - INFO - Processing /viper/ptmp/arego/RC4K1/24587.h5
2025-09-19 04:30:09,047 - INFO - File 15213: Filtered 2698271 hits and 4 records
2025-09-19 04:30:09,048 - INFO - Processing /viper/ptmp/arego/RC4K1/18723.h5
2025-09-19 04:30:09,108 - INFO - File 23144: Filtered 2122315 hits and 7 records
2025-09-19 04:30:09,193 - INFO - Completed /viper/ptmp/arego/RC4K1_1/22683.h5 in 1.44 seconds
2025-09-19 04:30:09,287 - INFO - File 18064: Filtered 1976092 hits and 7 records
2025-09-19 04:30:09,548 - INFO - Processing /viper/ptmp/arego/RC4K1/13678.h5
2025-09-19 04:30:09,614 - INFO - Completed /viper/ptmp/arego/RC4K1_1/15213.h5 in 1.26 seconds
2025-09-19 04:30:09,639 - INFO - Processing /viper/ptmp/arego/RC4K1/6084.h5
2025-09-19 04:30:09,658 - INFO - Processing /viper/ptmp/arego/RC4K1/29318.h5
2025-09-19 04:30:09,677 - INFO - File 4504: Filtered 2423767 hits and 7 records
2025-09-19 04:30:09,682 - INFO - Completed /viper/ptmp/arego/RC4K1_1/21221.h5 in 1.79 seconds
2025-09-19 04:30:09,696 - INFO - Completed /viper/ptmp/arego/RC4K1_1/23144.h5 in 1.45 seconds
2025-09-19 04:30:09,825 - INFO - File 24587: Filtered 1127213 hits and 4 records
2025-09-19 04:30:09,913 - INFO - File 18723: Filtered 3123140 hits and 9 records
2025-09-19 04:30:10,051 - INFO - Completed /viper/ptmp/arego/RC4K1_1/18064.h5 in 1.58 seconds
2025-09-19 04:30:10,157 - INFO - Processing /viper/ptmp/arego/RC4K1/29136.h5
2025-09-19 04:30:10,192 - INFO - Completed /viper/ptmp/arego/RC4K1_1/4504.h5 in 1.23 seconds
2025-09-19 04:30:10,297 - INFO - File 13678: Filtered 2252291 hits and 5 records
2025-09-19 04:30:10,377 - INFO - Processing /viper/ptmp/arego/RC4K1/2564.h5
2025-09-19 04:30:10,444 - INFO - Processing /viper/ptmp/arego/RC4K1/16018.h5
2025-09-19 04:30:10,466 - INFO - Completed /viper/ptmp/arego/RC4K1_1/18723.h5 in 1.42 seconds
2025-09-19 04:30:10,538 - INFO - File 29318: Filtered 3196405 hits and 4 records
2025-09-19 04:30:10,610 - INFO - File 6084: Filtered 1127802 hits and 5 records
2025-09-19 04:30:10,670 - INFO - Completed /viper/ptmp/arego/RC4K1_1/24587.h5 in 1.69 seconds
2025-09-19 04:30:10,752 - INFO - Processing /viper/ptmp/arego/RC4K1/14556.h5
2025-09-19 04:30:10,899 - INFO - File 29136: Filtered 1359289 hits and 3 records
2025-09-19 04:30:10,940 - INFO - Processing /viper/ptmp/arego/RC4K1/29049.h5
2025-09-19 04:30:11,206 - INFO - Completed /viper/ptmp/arego/RC4K1_1/29318.h5 in 1.55 seconds
2025-09-19 04:30:11,251 - INFO - Processing /viper/ptmp/arego/RC4K1/20948.h5
2025-09-19 04:30:11,279 - INFO - File 2564: Filtered 2286282 hits and 6 records
2025-09-19 04:30:11,304 - INFO - Completed /viper/ptmp/arego/RC4K1_1/13678.h5 in 1.76 seconds
2025-09-19 04:30:11,371 - INFO - Processing /viper/ptmp/arego/RC4K1/25130.h5
2025-09-19 04:30:11,383 - INFO - File 16018: Filtered 2729170 hits and 11 records
2025-09-19 04:30:11,505 - INFO - Processing /viper/ptmp/arego/RC4K1/1126.h5
2025-09-19 04:30:11,571 - INFO - File 14556: Filtered 2320537 hits and 6 records
2025-09-19 04:30:11,594 - INFO - Completed /viper/ptmp/arego/RC4K1_1/6084.h5 in 1.96 seconds
2025-09-19 04:30:11,731 - INFO - Completed /viper/ptmp/arego/RC4K1_1/29136.h5 in 1.57 seconds
2025-09-19 04:30:11,818 - INFO - File 29049: Filtered 3407499 hits and 8 records
2025-09-19 04:30:11,912 - INFO - Completed /viper/ptmp/arego/RC4K1_1/16018.h5 in 1.47 seconds
2025-09-19 04:30:11,990 - INFO - Processing /viper/ptmp/arego/RC4K1/12091.h5
2025-09-19 04:30:11,995 - INFO - Processing /viper/ptmp/arego/RC4K1/18503.h5
2025-09-19 04:30:12,102 - INFO - Completed /viper/ptmp/arego/RC4K1_1/2564.h5 in 1.73 seconds
2025-09-19 04:30:12,162 - INFO - Processing /viper/ptmp/arego/RC4K1/7260.h5
2025-09-19 04:30:12,162 - INFO - File 25130: Filtered 2069265 hits and 7 records
2025-09-19 04:30:12,225 - INFO - File 20948: Filtered 1779153 hits and 5 records
2025-09-19 04:30:12,413 - INFO - File 1126: Filtered 3257356 hits and 7 records
2025-09-19 04:30:12,484 - INFO - Completed /viper/ptmp/arego/RC4K1_1/29049.h5 in 1.54 seconds
2025-09-19 04:30:12,590 - INFO - Processing /viper/ptmp/arego/RC4K1/5613.h5
2025-09-19 04:30:12,694 - INFO - Processing /viper/ptmp/arego/RC4K1/2289.h5
2025-09-19 04:30:12,777 - INFO - Processing /viper/ptmp/arego/RC4K1/27392.h5
2025-09-19 04:30:12,780 - INFO - Completed /viper/ptmp/arego/RC4K1_1/14556.h5 in 2.03 seconds
2025-09-19 04:30:12,848 - INFO - File 12091: Filtered 1724959 hits and 6 records
2025-09-19 04:30:12,889 - INFO - Completed /viper/ptmp/arego/RC4K1_1/25130.h5 in 1.52 seconds
2025-09-19 04:30:12,973 - INFO - File 18503: Filtered 2869674 hits and 6 records
2025-09-19 04:30:13,047 - INFO - Completed /viper/ptmp/arego/RC4K1_1/1126.h5 in 1.54 seconds
2025-09-19 04:30:13,104 - INFO - Completed /viper/ptmp/arego/RC4K1_1/20948.h5 in 1.85 seconds
2025-09-19 04:30:13,172 - INFO - File 7260: Filtered 1936092 hits and 6 records
2025-09-19 04:30:13,223 - INFO - Processing /viper/ptmp/arego/RC4K1/27639.h5
2025-09-19 04:30:13,251 - INFO - Processing /viper/ptmp/arego/RC4K1/8657.h5
2025-09-19 04:30:13,424 - INFO - File 5613: Filtered 1084317 hits and 6 records
2025-09-19 04:30:13,563 - INFO - Processing /viper/ptmp/arego/RC4K1/22428.h5
2025-09-19 04:30:13,571 - INFO - Completed /viper/ptmp/arego/RC4K1_1/18503.h5 in 1.58 seconds
2025-09-19 04:30:13,748 - INFO - File 2289: Filtered 3153443 hits and 8 records
2025-09-19 04:30:13,782 - INFO - File 27392: Filtered 1631974 hits and 5 records
2025-09-19 04:30:13,817 - INFO - Processing /viper/ptmp/arego/RC4K1/18363.h5
2025-09-19 04:30:13,829 - INFO - Completed /viper/ptmp/arego/RC4K1_1/12091.h5 in 1.84 seconds
2025-09-19 04:30:13,881 - INFO - Processing /viper/ptmp/arego/RC4K1/3970.h5
2025-09-19 04:30:14,085 - INFO - File 27639: Filtered 3347158 hits and 5 records
2025-09-19 04:30:14,199 - INFO - Completed /viper/ptmp/arego/RC4K1_1/7260.h5 in 2.04 seconds
2025-09-19 04:30:14,330 - INFO - Processing /viper/ptmp/arego/RC4K1/16768.h5
2025-09-19 04:30:14,381 - INFO - Processing /viper/ptmp/arego/RC4K1/6521.h5
2025-09-19 04:30:14,415 - INFO - Completed /viper/ptmp/arego/RC4K1_1/5613.h5 in 1.82 seconds
2025-09-19 04:30:14,448 - INFO - File 8657: Filtered 1355918 hits and 3 records
2025-09-19 04:30:14,529 - INFO - Processing /viper/ptmp/arego/RC4K1/27053.h5
2025-09-19 04:30:14,575 - INFO - File 22428: Filtered 3268474 hits and 6 records
2025-09-19 04:30:14,688 - INFO - Completed /viper/ptmp/arego/RC4K1_1/27639.h5 in 1.47 seconds
2025-09-19 04:30:14,714 - INFO - Completed /viper/ptmp/arego/RC4K1_1/27392.h5 in 1.94 seconds
2025-09-19 04:30:14,766 - INFO - File 18363: Filtered 2677286 hits and 9 records
2025-09-19 04:30:14,779 - INFO - Completed /viper/ptmp/arego/RC4K1_1/2289.h5 in 2.09 seconds
2025-09-19 04:30:14,979 - INFO - Processing /viper/ptmp/arego/RC4K1/12069.h5
2025-09-19 04:30:15,054 - INFO - File 3970: Filtered 2590277 hits and 6 records
2025-09-19 04:30:15,092 - INFO - Processing /viper/ptmp/arego/RC4K1/8886.h5
2025-09-19 04:30:15,128 - INFO - Processing /viper/ptmp/arego/RC4K1/12272.h5
2025-09-19 04:30:15,252 - INFO - Completed /viper/ptmp/arego/RC4K1_1/22428.h5 in 1.69 seconds
2025-09-19 04:30:15,351 - INFO - File 6521: Filtered 2865030 hits and 7 records
2025-09-19 04:30:15,409 - INFO - File 16768: Filtered 3938371 hits and 5 records
2025-09-19 04:30:15,471 - INFO - Completed /viper/ptmp/arego/RC4K1_1/18363.h5 in 1.65 seconds
2025-09-19 04:30:15,590 - INFO - Processing /viper/ptmp/arego/RC4K1/20270.h5
2025-09-19 04:30:15,826 - INFO - Completed /viper/ptmp/arego/RC4K1_1/16768.h5 in 1.50 seconds
2025-09-19 04:30:15,828 - INFO - File 27053: Filtered 2998591 hits and 6 records
2025-09-19 04:30:15,873 - INFO - Processing /viper/ptmp/arego/RC4K1/2731.h5
2025-09-19 04:30:15,944 - INFO - File 12069: Filtered 2390557 hits and 5 records
2025-09-19 04:30:16,047 - INFO - Completed /viper/ptmp/arego/RC4K1_1/8657.h5 in 2.80 seconds
2025-09-19 04:30:16,124 - INFO - Completed /viper/ptmp/arego/RC4K1_1/3970.h5 in 2.24 seconds
2025-09-19 04:30:16,130 - INFO - Completed /viper/ptmp/arego/RC4K1_1/6521.h5 in 1.75 seconds
2025-09-19 04:30:16,179 - INFO - File 8886: Filtered 2491662 hits and 8 records
2025-09-19 04:30:16,184 - INFO - Processing /viper/ptmp/arego/RC4K1/24405.h5
2025-09-19 04:30:16,198 - INFO - Processing /viper/ptmp/arego/RC4K1/8543.h5
2025-09-19 04:30:16,320 - INFO - File 12272: Filtered 2926369 hits and 3 records
2025-09-19 04:30:16,532 - INFO - File 20270: Filtered 3647202 hits and 6 records
2025-09-19 04:30:16,613 - INFO - Processing /viper/ptmp/arego/RC4K1/7216.h5
2025-09-19 04:30:16,798 - INFO - Completed /viper/ptmp/arego/RC4K1_1/12069.h5 in 1.82 seconds
2025-09-19 04:30:16,823 - INFO - Processing /viper/ptmp/arego/RC4K1/3569.h5
2025-09-19 04:30:16,880 - INFO - Processing /viper/ptmp/arego/RC4K1/22126.h5
2025-09-19 04:30:16,939 - INFO - Completed /viper/ptmp/arego/RC4K1_1/27053.h5 in 2.41 seconds
2025-09-19 04:30:16,970 - INFO - File 2731: Filtered 3358867 hits and 7 records
2025-09-19 04:30:17,006 - INFO - Completed /viper/ptmp/arego/RC4K1_1/8886.h5 in 1.91 seconds
2025-09-19 04:30:17,183 - INFO - Completed /viper/ptmp/arego/RC4K1_1/20270.h5 in 1.59 seconds
2025-09-19 04:30:17,196 - INFO - File 8543: Filtered 2207529 hits and 6 records
2025-09-19 04:30:17,369 - INFO - Processing /viper/ptmp/arego/RC4K1/25040.h5
2025-09-19 04:30:17,401 - INFO - Processing /viper/ptmp/arego/RC4K1/14248.h5
2025-09-19 04:30:17,435 - INFO - Processing /viper/ptmp/arego/RC4K1/18542.h5
2025-09-19 04:30:17,457 - INFO - Completed /viper/ptmp/arego/RC4K1_1/12272.h5 in 2.33 seconds
2025-09-19 04:30:17,507 - INFO - File 24405: Filtered 684475 hits and 4 records
2025-09-19 04:30:17,598 - INFO - Completed /viper/ptmp/arego/RC4K1_1/2731.h5 in 1.72 seconds
2025-09-19 04:30:17,776 - INFO - File 7216: Filtered 3301764 hits and 7 records
2025-09-19 04:30:17,833 - INFO - File 3569: Filtered 3266131 hits and 7 records
2025-09-19 04:30:18,085 - INFO - Processing /viper/ptmp/arego/RC4K1/22206.h5
2025-09-19 04:30:18,124 - INFO - Processing /viper/ptmp/arego/RC4K1/1801.h5
2025-09-19 04:30:18,198 - INFO - Processing /viper/ptmp/arego/RC4K1/25831.h5
2025-09-19 04:30:18,213 - INFO - Completed /viper/ptmp/arego/RC4K1_1/8543.h5 in 2.01 seconds
2025-09-19 04:30:18,261 - INFO - File 22126: Filtered 3268246 hits and 5 records
2025-09-19 04:30:18,430 - INFO - Completed /viper/ptmp/arego/RC4K1_1/7216.h5 in 1.82 seconds
2025-09-19 04:30:18,482 - INFO - File 18542: Filtered 3751083 hits and 6 records
2025-09-19 04:30:18,564 - INFO - File 25040: Filtered 2876321 hits and 8 records
2025-09-19 04:30:18,620 - INFO - Completed /viper/ptmp/arego/RC4K1_1/3569.h5 in 1.80 seconds
2025-09-19 04:30:18,708 - INFO - Processing /viper/ptmp/arego/RC4K1/27101.h5
2025-09-19 04:30:18,856 - INFO - File 14248: Filtered 2589884 hits and 7 records
2025-09-19 04:30:18,944 - INFO - Processing /viper/ptmp/arego/RC4K1/13353.h5
2025-09-19 04:30:19,001 - INFO - Processing /viper/ptmp/arego/RC4K1/1464.h5
2025-09-19 04:30:19,188 - INFO - File 22206: Filtered 2305767 hits and 4 records
2025-09-19 04:30:19,195 - INFO - Completed /viper/ptmp/arego/RC4K1_1/18542.h5 in 1.76 seconds
2025-09-19 04:30:19,340 - INFO - Processing /viper/ptmp/arego/RC4K1/15530.h5
2025-09-19 04:30:19,403 - INFO - File 1801: Filtered 1144472 hits and 6 records
2025-09-19 04:30:19,407 - INFO - Completed /viper/ptmp/arego/RC4K1_1/25040.h5 in 2.04 seconds
2025-09-19 04:30:19,596 - INFO - Completed /viper/ptmp/arego/RC4K1_1/24405.h5 in 3.41 seconds
2025-09-19 04:30:19,712 - INFO - Processing /viper/ptmp/arego/RC4K1/21853.h5
2025-09-19 04:30:19,796 - INFO - File 27101: Filtered 3790607 hits and 7 records
2025-09-19 04:30:19,820 - INFO - Processing /viper/ptmp/arego/RC4K1/4341.h5
2025-09-19 04:30:19,839 - INFO - File 25831: Filtered 3049270 hits and 7 records
2025-09-19 04:30:19,979 - INFO - Completed /viper/ptmp/arego/RC4K1_1/22126.h5 in 3.10 seconds
2025-09-19 04:30:19,991 - INFO - Processing /viper/ptmp/arego/RC4K1/25755.h5
2025-09-19 04:30:20,275 - INFO - File 13353: Filtered 3082634 hits and 7 records
2025-09-19 04:30:20,285 - INFO - Processing /viper/ptmp/arego/RC4K1/2946.h5
2025-09-19 04:30:20,462 - INFO - Completed /viper/ptmp/arego/RC4K1_1/27101.h5 in 1.75 seconds
2025-09-19 04:30:20,488 - INFO - File 15530: Filtered 2108443 hits and 7 records
2025-09-19 04:30:20,553 - INFO - File 1464: Filtered 5847271 hits and 6 records
2025-09-19 04:30:20,601 - INFO - Processing /viper/ptmp/arego/RC4K1/10980.h5
2025-09-19 04:30:20,645 - INFO - Processing /viper/ptmp/arego/RC4K1/14038.h5
2025-09-19 04:30:20,851 - INFO - Completed /viper/ptmp/arego/RC4K1_1/14248.h5 in 3.45 seconds
2025-09-19 04:30:20,936 - INFO - Completed /viper/ptmp/arego/RC4K1_1/1801.h5 in 2.81 seconds
2025-09-19 04:30:20,948 - INFO - Processing /viper/ptmp/arego/RC4K1/465.h5
2025-09-19 04:30:21,182 - INFO - File 25755: Filtered 2491843 hits and 10 records
2025-09-19 04:30:21,210 - INFO - File 4341: Filtered 2929479 hits and 7 records
2025-09-19 04:30:21,217 - INFO - Completed /viper/ptmp/arego/RC4K1_1/13353.h5 in 2.27 seconds
2025-09-19 04:30:21,282 - INFO - Processing /viper/ptmp/arego/RC4K1/15685.h5
2025-09-19 04:30:21,287 - INFO - File 21853: Filtered 4778209 hits and 9 records
2025-09-19 04:30:21,460 - INFO - Processing /viper/ptmp/arego/RC4K1/712.h5
2025-09-19 04:30:21,535 - INFO - Completed /viper/ptmp/arego/RC4K1_1/22206.h5 in 3.45 seconds
2025-09-19 04:30:21,562 - INFO - Completed /viper/ptmp/arego/RC4K1_1/1464.h5 in 2.56 seconds
2025-09-19 04:30:21,597 - INFO - Processing /viper/ptmp/arego/RC4K1/16081.h5
2025-09-19 04:30:21,719 - INFO - Completed /viper/ptmp/arego/RC4K1_1/15530.h5 in 2.38 seconds
2025-09-19 04:30:21,873 - INFO - File 14038: Filtered 3046475 hits and 6 records
2025-09-19 04:30:21,880 - INFO - Completed /viper/ptmp/arego/RC4K1_1/25831.h5 in 3.68 seconds
2025-09-19 04:30:21,956 - INFO - Processing /viper/ptmp/arego/RC4K1/20865.h5
2025-09-19 04:30:21,994 - INFO - File 2946: Filtered 3365478 hits and 5 records
2025-09-19 04:30:22,020 - INFO - File 10980: Filtered 2787303 hits and 6 records
2025-09-19 04:30:22,274 - INFO - Completed /viper/ptmp/arego/RC4K1_1/21853.h5 in 2.56 seconds
2025-09-19 04:30:22,330 - INFO - Completed /viper/ptmp/arego/RC4K1_1/25755.h5 in 2.34 seconds
2025-09-19 04:30:22,375 - INFO - Processing /viper/ptmp/arego/RC4K1/7324.h5
2025-09-19 04:30:22,425 - INFO - Completed /viper/ptmp/arego/RC4K1_1/4341.h5 in 2.61 seconds
2025-09-19 04:30:22,500 - INFO - File 15685: Filtered 4613996 hits and 8 records
2025-09-19 04:30:22,532 - INFO - Processing /viper/ptmp/arego/RC4K1/312.h5
2025-09-19 04:30:22,617 - INFO - Processing /viper/ptmp/arego/RC4K1/27327.h5
2025-09-19 04:30:22,720 - INFO - File 465: Filtered 4589169 hits and 8 records
2025-09-19 04:30:22,820 - INFO - File 712: Filtered 3557185 hits and 6 records
2025-09-19 04:30:22,921 - INFO - Completed /viper/ptmp/arego/RC4K1_1/14038.h5 in 2.28 seconds
2025-09-19 04:30:23,120 - INFO - Completed /viper/ptmp/arego/RC4K1_1/15685.h5 in 1.84 seconds
2025-09-19 04:30:23,155 - INFO - Processing /viper/ptmp/arego/RC4K1/10155.h5
2025-09-19 04:30:23,198 - INFO - File 20865: Filtered 2961934 hits and 8 records
2025-09-19 04:30:23,223 - INFO - Processing /viper/ptmp/arego/RC4K1/26412.h5
2025-09-19 04:30:23,234 - INFO - Processing /viper/ptmp/arego/RC4K1/20645.h5
2025-09-19 04:30:23,265 - INFO - File 16081: Filtered 5151757 hits and 10 records
2025-09-19 04:30:23,513 - INFO - Completed /viper/ptmp/arego/RC4K1_1/2946.h5 in 3.23 seconds
2025-09-19 04:30:23,686 - INFO - Completed /viper/ptmp/arego/RC4K1_1/712.h5 in 2.23 seconds
2025-09-19 04:30:23,797 - INFO - Processing /viper/ptmp/arego/RC4K1/26879.h5
2025-09-19 04:30:23,824 - INFO - File 27327: Filtered 3826710 hits and 9 records
2025-09-19 04:30:23,826 - INFO - Completed /viper/ptmp/arego/RC4K1_1/10980.h5 in 3.23 seconds
2025-09-19 04:30:23,827 - INFO - File 7324: Filtered 3178483 hits and 9 records
2025-09-19 04:30:23,862 - INFO - Processing /viper/ptmp/arego/RC4K1/5818.h5
2025-09-19 04:30:23,999 - INFO - Processing /viper/ptmp/arego/RC4K1/17186.h5
2025-09-19 04:30:24,152 - INFO - File 312: Filtered 6075574 hits and 2 records
2025-09-19 04:30:24,284 - INFO - Completed /viper/ptmp/arego/RC4K1_1/20865.h5 in 2.33 seconds
2025-09-19 04:30:24,328 - INFO - Completed /viper/ptmp/arego/RC4K1_1/465.h5 in 3.38 seconds
2025-09-19 04:30:24,382 - INFO - Processing /viper/ptmp/arego/RC4K1/19134.h5
2025-09-19 04:30:24,493 - INFO - Processing /viper/ptmp/arego/RC4K1/9511.h5
2025-09-19 04:30:24,518 - INFO - File 20645: Filtered 2756672 hits and 6 records
2025-09-19 04:30:24,611 - INFO - File 10155: Filtered 3920823 hits and 4 records
2025-09-19 04:30:24,702 - INFO - Completed /viper/ptmp/arego/RC4K1_1/27327.h5 in 2.08 seconds
2025-09-19 04:30:24,709 - INFO - Completed /viper/ptmp/arego/RC4K1_1/16081.h5 in 3.11 seconds
2025-09-19 04:30:24,873 - INFO - Processing /viper/ptmp/arego/RC4K1/3043.h5
2025-09-19 04:30:24,898 - INFO - Completed /viper/ptmp/arego/RC4K1_1/7324.h5 in 2.52 seconds
2025-09-19 04:30:24,993 - INFO - File 26412: Filtered 3463856 hits and 5 records
2025-09-19 04:30:25,105 - INFO - File 5818: Filtered 2647516 hits and 6 records
2025-09-19 04:30:25,168 - INFO - Processing /viper/ptmp/arego/RC4K1/15075.h5
2025-09-19 04:30:25,203 - INFO - Processing /viper/ptmp/arego/RC4K1/19085.h5
2025-09-19 04:30:25,383 - INFO - Completed /viper/ptmp/arego/RC4K1_1/312.h5 in 2.85 seconds
2025-09-19 04:30:25,519 - INFO - File 26879: Filtered 5768871 hits and 4 records
2025-09-19 04:30:25,523 - INFO - Completed /viper/ptmp/arego/RC4K1_1/10155.h5 in 2.37 seconds
2025-09-19 04:30:25,532 - INFO - File 17186: Filtered 3421680 hits and 6 records
2025-09-19 04:30:25,689 - INFO - Processing /viper/ptmp/arego/RC4K1/18279.h5
2025-09-19 04:30:25,758 - INFO - File 9511: Filtered 4178601 hits and 7 records
2025-09-19 04:30:25,758 - INFO - Completed /viper/ptmp/arego/RC4K1_1/20645.h5 in 2.52 seconds
2025-09-19 04:30:25,858 - INFO - Processing /viper/ptmp/arego/RC4K1/16535.h5
2025-09-19 04:30:26,194 - INFO - File 19134: Filtered 7031400 hits and 9 records
2025-09-19 04:30:26,311 - INFO - Processing /viper/ptmp/arego/RC4K1/3735.h5
2025-09-19 04:30:26,351 - INFO - Completed /viper/ptmp/arego/RC4K1_1/5818.h5 in 2.49 seconds
2025-09-19 04:30:26,354 - INFO - File 3043: Filtered 4570580 hits and 7 records
2025-09-19 04:30:26,469 - INFO - Processing /viper/ptmp/arego/RC4K1/19198.h5
2025-09-19 04:30:26,499 - INFO - File 15075: Filtered 3662761 hits and 4 records
2025-09-19 04:30:26,514 - INFO - Processing /viper/ptmp/arego/RC4K1/3818.h5
2025-09-19 04:30:26,566 - INFO - Completed /viper/ptmp/arego/RC4K1_1/9511.h5 in 2.07 seconds
2025-09-19 04:30:26,598 - INFO - Completed /viper/ptmp/arego/RC4K1_1/26879.h5 in 2.80 seconds
2025-09-19 04:30:26,747 - INFO - Completed /viper/ptmp/arego/RC4K1_1/17186.h5 in 2.75 seconds
2025-09-19 04:30:26,840 - INFO - File 19085: Filtered 6338274 hits and 9 records
2025-09-19 04:30:27,083 - INFO - Completed /viper/ptmp/arego/RC4K1_1/3043.h5 in 2.21 seconds
2025-09-19 04:30:27,126 - INFO - Processing /viper/ptmp/arego/RC4K1/22353.h5
2025-09-19 04:30:27,132 - INFO - Processing /viper/ptmp/arego/RC4K1/16935.h5
2025-09-19 04:30:27,155 - INFO - Completed /viper/ptmp/arego/RC4K1_1/19134.h5 in 2.77 seconds
2025-09-19 04:30:27,281 - INFO - File 16535: Filtered 5533570 hits and 8 records
2025-09-19 04:30:27,289 - INFO - Processing /viper/ptmp/arego/RC4K1/17565.h5
2025-09-19 04:30:27,350 - INFO - File 18279: Filtered 1261763 hits and 4 records
2025-09-19 04:30:27,414 - INFO - Completed /viper/ptmp/arego/RC4K1_1/26412.h5 in 4.19 seconds
2025-09-19 04:30:27,662 - INFO - Completed /viper/ptmp/arego/RC4K1_1/15075.h5 in 2.49 seconds
2025-09-19 04:30:27,711 - INFO - Completed /viper/ptmp/arego/RC4K1_1/19085.h5 in 2.51 seconds
2025-09-19 04:30:27,713 - INFO - Processing /viper/ptmp/arego/RC4K1/21347.h5
2025-09-19 04:30:27,803 - INFO - Processing /viper/ptmp/arego/RC4K1/4156.h5
2025-09-19 04:30:27,947 - INFO - File 3818: Filtered 4710159 hits and 4 records
2025-09-19 04:30:28,141 - INFO - File 3735: Filtered 4416698 hits and 5 records
2025-09-19 04:30:28,201 - INFO - Processing /viper/ptmp/arego/RC4K1/1744.h5
2025-09-19 04:30:28,295 - INFO - Processing /viper/ptmp/arego/RC4K1/2395.h5
2025-09-19 04:30:28,321 - INFO - File 19198: Filtered 2387877 hits and 4 records
2025-09-19 04:30:28,492 - INFO - Processing /viper/ptmp/arego/RC4K1/3956.h5
2025-09-19 04:30:28,583 - INFO - Completed /viper/ptmp/arego/RC4K1_1/16535.h5 in 2.73 seconds
2025-09-19 04:30:28,621 - INFO - File 16935: Filtered 4335462 hits and 5 records
2025-09-19 04:30:28,927 - INFO - File 22353: Filtered 6298913 hits and 4 records
2025-09-19 04:30:28,957 - INFO - Processing /viper/ptmp/arego/RC4K1/10189.h5
2025-09-19 04:30:29,032 - INFO - Completed /viper/ptmp/arego/RC4K1_1/3818.h5 in 2.52 seconds
2025-09-19 04:30:29,067 - INFO - Processing /viper/ptmp/arego/RC4K1/18473.h5
2025-09-19 04:30:29,164 - INFO - File 17565: Filtered 4793337 hits and 10 records
2025-09-19 04:30:29,227 - INFO - Processing /viper/ptmp/arego/RC4K1/7084.h5
2025-09-19 04:30:29,351 - INFO - File 4156: Filtered 1978162 hits and 4 records
2025-09-19 04:30:29,540 - INFO - Completed /viper/ptmp/arego/RC4K1_1/18279.h5 in 3.85 seconds
2025-09-19 04:30:29,593 - INFO - Processing /viper/ptmp/arego/RC4K1/20721.h5
2025-09-19 04:30:29,615 - INFO - File 21347: Filtered 1249125 hits and 3 records
2025-09-19 04:30:29,841 - INFO - Completed /viper/ptmp/arego/RC4K1_1/16935.h5 in 2.71 seconds
2025-09-19 04:30:29,920 - INFO - Processing /viper/ptmp/arego/RC4K1/9384.h5
2025-09-19 04:30:29,969 - INFO - Processing /viper/ptmp/arego/RC4K1/5333.h5
2025-09-19 04:30:30,067 - INFO - File 3956: Filtered 4740952 hits and 9 records
2025-09-19 04:30:30,082 - INFO - Completed /viper/ptmp/arego/RC4K1_1/17565.h5 in 2.79 seconds
2025-09-19 04:30:30,089 - INFO - File 1744: Filtered 3069320 hits and 4 records
2025-09-19 04:30:30,226 - INFO - Completed /viper/ptmp/arego/RC4K1_1/19198.h5 in 3.76 seconds
2025-09-19 04:30:30,293 - INFO - Processing /viper/ptmp/arego/RC4K1/10305.h5
2025-09-19 04:30:30,562 - INFO - File 2395: Filtered 3975712 hits and 7 records
2025-09-19 04:30:30,578 - INFO - Completed /viper/ptmp/arego/RC4K1_1/3735.h5 in 4.27 seconds
2025-09-19 04:30:30,613 - INFO - Processing /viper/ptmp/arego/RC4K1/19789.h5
2025-09-19 04:30:30,775 - INFO - File 7084: Filtered 4344691 hits and 5 records
2025-09-19 04:30:30,857 - INFO - Processing /viper/ptmp/arego/RC4K1/16751.h5
2025-09-19 04:30:31,029 - INFO - File 18473: Filtered 1428552 hits and 4 records
2025-09-19 04:30:31,214 - INFO - Completed /viper/ptmp/arego/RC4K1_1/3956.h5 in 2.72 seconds
2025-09-19 04:30:31,246 - INFO - File 10189: Filtered 2833654 hits and 4 records
2025-09-19 04:30:31,332 - INFO - Processing /viper/ptmp/arego/RC4K1/21015.h5
2025-09-19 04:30:31,377 - INFO - Completed /viper/ptmp/arego/RC4K1_1/4156.h5 in 3.57 seconds
2025-09-19 04:30:31,427 - INFO - Processing /viper/ptmp/arego/RC4K1/4972.h5
2025-09-19 04:30:31,477 - INFO - File 9384: Filtered 7142520 hits and 7 records
2025-09-19 04:30:31,510 - INFO - Completed /viper/ptmp/arego/RC4K1_1/22353.h5 in 4.38 seconds
2025-09-19 04:30:31,748 - INFO - File 20721: Filtered 3310610 hits and 4 records
2025-09-19 04:30:31,803 - INFO - Processing /viper/ptmp/arego/RC4K1/2415.h5
2025-09-19 04:30:31,958 - INFO - File 5333: Filtered 4397226 hits and 9 records
2025-09-19 04:30:32,010 - INFO - Processing /viper/ptmp/arego/RC4K1/6851.h5
2025-09-19 04:30:32,025 - INFO - Completed /viper/ptmp/arego/RC4K1_1/7084.h5 in 2.80 seconds
2025-09-19 04:30:32,031 - INFO - Completed /viper/ptmp/arego/RC4K1_1/9384.h5 in 2.11 seconds
2025-09-19 04:30:32,070 - INFO - Completed /viper/ptmp/arego/RC4K1_1/1744.h5 in 3.87 seconds
2025-09-19 04:30:32,180 - INFO - File 19789: Filtered 4951538 hits and 7 records
2025-09-19 04:30:32,413 - INFO - Completed /viper/ptmp/arego/RC4K1_1/2395.h5 in 4.12 seconds
2025-09-19 04:30:32,504 - INFO - Processing /viper/ptmp/arego/RC4K1/17482.h5
2025-09-19 04:30:32,614 - INFO - File 10305: Filtered 2357362 hits and 6 records
2025-09-19 04:30:32,661 - INFO - Processing /viper/ptmp/arego/RC4K1/1623.h5
2025-09-19 04:30:32,696 - INFO - Processing /viper/ptmp/arego/RC4K1/7821.h5
2025-09-19 04:30:32,744 - INFO - File 16751: Filtered 6099678 hits and 7 records
2025-09-19 04:30:32,899 - INFO - File 21015: Filtered 2200892 hits and 5 records
2025-09-19 04:30:33,211 - INFO - Completed /viper/ptmp/arego/RC4K1_1/5333.h5 in 3.24 seconds
2025-09-19 04:30:33,305 - INFO - Completed /viper/ptmp/arego/RC4K1_1/19789.h5 in 2.69 seconds
2025-09-19 04:30:33,431 - INFO - Processing /viper/ptmp/arego/RC4K1/489.h5
2025-09-19 04:30:33,439 - INFO - Completed /viper/ptmp/arego/RC4K1_1/16751.h5 in 2.58 seconds
2025-09-19 04:30:33,440 - INFO - Completed /viper/ptmp/arego/RC4K1_1/21347.h5 in 5.73 seconds
2025-09-19 04:30:33,487 - INFO - Completed /viper/ptmp/arego/RC4K1_1/18473.h5 in 4.42 seconds
2025-09-19 04:30:33,523 - INFO - Processing /viper/ptmp/arego/RC4K1/5290.h5
2025-09-19 04:30:33,569 - INFO - Processing /viper/ptmp/arego/RC4K1/23535.h5
2025-09-19 04:30:33,609 - INFO - File 2415: Filtered 6989336 hits and 4 records
2025-09-19 04:30:33,631 - INFO - File 6851: Filtered 6396984 hits and 9 records
2025-09-19 04:30:33,868 - INFO - File 4972: Filtered 3706267 hits and 6 records
2025-09-19 04:30:34,076 - INFO - Completed /viper/ptmp/arego/RC4K1_1/2415.h5 in 2.27 seconds
2025-09-19 04:30:34,084 - INFO - Processing /viper/ptmp/arego/RC4K1/10297.h5
2025-09-19 04:30:34,238 - INFO - Processing /viper/ptmp/arego/RC4K1/12544.h5
2025-09-19 04:30:34,303 - INFO - File 1623: Filtered 3040474 hits and 5 records
2025-09-19 04:30:34,359 - INFO - Completed /viper/ptmp/arego/RC4K1_1/6851.h5 in 2.35 seconds
2025-09-19 04:30:34,387 - INFO - Processing /viper/ptmp/arego/RC4K1/2047.h5
2025-09-19 04:30:34,468 - INFO - File 7821: Filtered 6656037 hits and 10 records
2025-09-19 04:30:34,538 - INFO - Completed /viper/ptmp/arego/RC4K1_1/10189.h5 in 5.58 seconds
2025-09-19 04:30:34,857 - INFO - Processing /viper/ptmp/arego/RC4K1/21083.h5
2025-09-19 04:30:34,901 - INFO - Processing /viper/ptmp/arego/RC4K1/22524.h5
2025-09-19 04:30:34,958 - INFO - File 17482: Filtered 5189343 hits and 8 records
2025-09-19 04:30:35,027 - INFO - Completed /viper/ptmp/arego/RC4K1_1/7821.h5 in 2.33 seconds
2025-09-19 04:30:35,041 - INFO - Completed /viper/ptmp/arego/RC4K1_1/21015.h5 in 3.71 seconds
2025-09-19 04:30:35,104 - INFO - File 489: Filtered 4129741 hits and 5 records
2025-09-19 04:30:35,207 - INFO - Processing /viper/ptmp/arego/RC4K1/9145.h5
2025-09-19 04:30:35,427 - INFO - File 23535: Filtered 4092854 hits and 5 records
2025-09-19 04:30:35,512 - INFO - Processing /viper/ptmp/arego/RC4K1/24726.h5
2025-09-19 04:30:35,627 - INFO - Processing /viper/ptmp/arego/RC4K1/29893.h5
2025-09-19 04:30:35,855 - INFO - File 5290: Filtered 9450893 hits and 4 records
2025-09-19 04:30:35,858 - INFO - File 10297: Filtered 3657894 hits and 5 records
2025-09-19 04:30:35,992 - INFO - Completed /viper/ptmp/arego/RC4K1_1/20721.h5 in 6.40 seconds
2025-09-19 04:30:36,076 - INFO - Completed /viper/ptmp/arego/RC4K1_1/4972.h5 in 4.65 seconds
2025-09-19 04:30:36,088 - INFO - Processing /viper/ptmp/arego/RC4K1/25295.h5
2025-09-19 04:30:36,210 - INFO - Completed /viper/ptmp/arego/RC4K1_1/1623.h5 in 3.55 seconds
2025-09-19 04:30:36,227 - INFO - Completed /viper/ptmp/arego/RC4K1_1/10305.h5 in 5.93 seconds
2025-09-19 04:30:36,250 - INFO - File 12544: Filtered 6864504 hits and 7 records
2025-09-19 04:30:36,361 - INFO - Processing /viper/ptmp/arego/RC4K1/23474.h5
2025-09-19 04:30:36,407 - INFO - File 2047: Filtered 2628083 hits and 4 records
2025-09-19 04:30:36,473 - INFO - Processing /viper/ptmp/arego/RC4K1/11970.h5
2025-09-19 04:30:36,545 - INFO - Completed /viper/ptmp/arego/RC4K1_1/489.h5 in 3.11 seconds
2025-09-19 04:30:36,714 - INFO - File 21083: Filtered 5466690 hits and 9 records
2025-09-19 04:30:36,746 - INFO - Completed /viper/ptmp/arego/RC4K1_1/5290.h5 in 3.22 seconds
2025-09-19 04:30:37,006 - INFO - Completed /viper/ptmp/arego/RC4K1_1/23535.h5 in 3.44 seconds
2025-09-19 04:30:37,013 - INFO - Processing /viper/ptmp/arego/RC4K1/13289.h5
2025-09-19 04:30:37,077 - INFO - Processing /viper/ptmp/arego/RC4K1/5390.h5
2025-09-19 04:30:37,121 - INFO - Processing /viper/ptmp/arego/RC4K1/14013.h5
2025-09-19 04:30:37,325 - INFO - File 24726: Filtered 4962590 hits and 7 records
2025-09-19 04:30:37,426 - INFO - File 9145: Filtered 4210095 hits and 5 records
2025-09-19 04:30:37,517 - INFO - File 22524: Filtered 5834858 hits and 5 records
2025-09-19 04:30:37,572 - INFO - Completed /viper/ptmp/arego/RC4K1_1/12544.h5 in 3.33 seconds
2025-09-19 04:30:37,690 - INFO - Completed /viper/ptmp/arego/RC4K1_1/10297.h5 in 3.61 seconds
2025-09-19 04:30:37,739 - INFO - Processing /viper/ptmp/arego/RC4K1/18465.h5
2025-09-19 04:30:37,767 - INFO - Completed /viper/ptmp/arego/RC4K1_1/17482.h5 in 5.26 seconds
2025-09-19 04:30:37,796 - INFO - Processing /viper/ptmp/arego/RC4K1/17980.h5
2025-09-19 04:30:37,921 - INFO - Completed /viper/ptmp/arego/RC4K1_1/21083.h5 in 3.06 seconds
2025-09-19 04:30:38,029 - INFO - Processing /viper/ptmp/arego/RC4K1/11599.h5
2025-09-19 04:30:38,166 - INFO - File 23474: Filtered 5958229 hits and 5 records
2025-09-19 04:30:38,294 - INFO - File 29893: Filtered 3740057 hits and 5 records
2025-09-19 04:30:38,372 - INFO - File 25295: Filtered 1342772 hits and 4 records
2025-09-19 04:30:38,492 - INFO - Processing /viper/ptmp/arego/RC4K1/11583.h5
2025-09-19 04:30:38,699 - INFO - Completed /viper/ptmp/arego/RC4K1_1/24726.h5 in 3.19 seconds
2025-09-19 04:30:38,710 - INFO - Processing /viper/ptmp/arego/RC4K1/28656.h5
2025-09-19 04:30:38,827 - INFO - File 13289: Filtered 4216068 hits and 7 records
2025-09-19 04:30:38,862 - INFO - Completed /viper/ptmp/arego/RC4K1_1/2047.h5 in 4.48 seconds
2025-09-19 04:30:38,926 - INFO - Completed /viper/ptmp/arego/RC4K1_1/9145.h5 in 3.72 seconds
2025-09-19 04:30:39,126 - INFO - Processing /viper/ptmp/arego/RC4K1/16644.h5
2025-09-19 04:30:39,134 - INFO - Processing /viper/ptmp/arego/RC4K1/4529.h5
2025-09-19 04:30:39,147 - INFO - File 11970: Filtered 6914590 hits and 7 records
2025-09-19 04:30:39,318 - INFO - Completed /viper/ptmp/arego/RC4K1_1/23474.h5 in 2.96 seconds
2025-09-19 04:30:39,498 - INFO - File 5390: Filtered 2932316 hits and 7 records
2025-09-19 04:30:39,663 - INFO - File 17980: Filtered 4633695 hits and 6 records
2025-09-19 04:30:39,727 - INFO - Processing /viper/ptmp/arego/RC4K1/26711.h5
2025-09-19 04:30:39,800 - INFO - Processing /viper/ptmp/arego/RC4K1/24894.h5
2025-09-19 04:30:39,915 - INFO - Completed /viper/ptmp/arego/RC4K1_1/22524.h5 in 5.01 seconds
2025-09-19 04:30:40,101 - INFO - Processing /viper/ptmp/arego/RC4K1/12952.h5
2025-09-19 04:30:40,246 - INFO - File 14013: Filtered 8038371 hits and 8 records
2025-09-19 04:30:40,262 - INFO - Processing /viper/ptmp/arego/RC4K1/11756.h5
2025-09-19 04:30:40,311 - INFO - File 11599: Filtered 2819927 hits and 5 records
2025-09-19 04:30:40,383 - INFO - File 11583: Filtered 5028004 hits and 6 records
2025-09-19 04:30:40,523 - INFO - Processing /viper/ptmp/arego/RC4K1/19050.h5
2025-09-19 04:30:40,539 - INFO - Completed /viper/ptmp/arego/RC4K1_1/13289.h5 in 3.53 seconds
2025-09-19 04:30:40,797 - INFO - File 18465: Filtered 7148036 hits and 8 records
2025-09-19 04:30:41,081 - INFO - Completed /viper/ptmp/arego/RC4K1_1/25295.h5 in 4.99 seconds
2025-09-19 04:30:41,084 - INFO - File 16644: Filtered 4501283 hits and 4 records
2025-09-19 04:30:41,102 - INFO - Processing /viper/ptmp/arego/RC4K1/18987.h5
2025-09-19 04:30:41,146 - INFO - Processing /viper/ptmp/arego/RC4K1/7797.h5
2025-09-19 04:30:41,336 - INFO - Processing /viper/ptmp/arego/RC4K1/24818.h5
2025-09-19 04:30:41,338 - INFO - Completed /viper/ptmp/arego/RC4K1_1/17980.h5 in 3.54 seconds
2025-09-19 04:30:41,346 - INFO - File 28656: Filtered 5279868 hits and 8 records
2025-09-19 04:30:41,488 - INFO - Completed /viper/ptmp/arego/RC4K1_1/11970.h5 in 5.02 seconds
2025-09-19 04:30:41,527 - INFO - File 4529: Filtered 4012578 hits and 9 records
2025-09-19 04:30:41,675 - INFO - Completed /viper/ptmp/arego/RC4K1_1/5390.h5 in 4.60 seconds
2025-09-19 04:30:41,907 - INFO - File 24894: Filtered 3725419 hits and 7 records
2025-09-19 04:30:41,924 - INFO - File 26711: Filtered 6793452 hits and 7 records
2025-09-19 04:30:41,963 - INFO - Processing /viper/ptmp/arego/RC4K1/6173.h5
2025-09-19 04:30:42,013 - INFO - Processing /viper/ptmp/arego/RC4K1/3853.h5
2025-09-19 04:30:42,017 - INFO - Completed /viper/ptmp/arego/RC4K1_1/11583.h5 in 3.52 seconds
2025-09-19 04:30:42,124 - INFO - Processing /viper/ptmp/arego/RC4K1/16051.h5
2025-09-19 04:30:42,136 - INFO - Completed /viper/ptmp/arego/RC4K1_1/29893.h5 in 6.51 seconds
2025-09-19 04:30:42,514 - INFO - File 12952: Filtered 4110918 hits and 7 records
2025-09-19 04:30:42,523 - INFO - Completed /viper/ptmp/arego/RC4K1_1/14013.h5 in 5.40 seconds
2025-09-19 04:30:42,590 - INFO - File 11756: Filtered 5299177 hits and 6 records
2025-09-19 04:30:42,608 - INFO - File 19050: Filtered 5281293 hits and 8 records
2025-09-19 04:30:42,631 - INFO - Processing /viper/ptmp/arego/RC4K1/14105.h5
2025-09-19 04:30:42,663 - INFO - Completed /viper/ptmp/arego/RC4K1_1/11599.h5 in 4.63 seconds
2025-09-19 04:30:42,860 - INFO - Processing /viper/ptmp/arego/RC4K1/8357.h5
2025-09-19 04:30:42,947 - INFO - Completed /viper/ptmp/arego/RC4K1_1/16644.h5 in 3.82 seconds
2025-09-19 04:30:43,118 - INFO - Processing /viper/ptmp/arego/RC4K1/29624.h5
2025-09-19 04:30:43,220 - INFO - Completed /viper/ptmp/arego/RC4K1_1/4529.h5 in 4.09 seconds
2025-09-19 04:30:43,402 - INFO - Completed /viper/ptmp/arego/RC4K1_1/18465.h5 in 5.66 seconds
2025-09-19 04:30:43,436 - INFO - File 18987: Filtered 5212717 hits and 6 records
2025-09-19 04:30:43,502 - INFO - File 24818: Filtered 4592906 hits and 10 records
2025-09-19 04:30:43,534 - INFO - Processing /viper/ptmp/arego/RC4K1/13775.h5
2025-09-19 04:30:43,613 - INFO - Processing /viper/ptmp/arego/RC4K1/22039.h5
2025-09-19 04:30:43,635 - INFO - Completed /viper/ptmp/arego/RC4K1_1/26711.h5 in 3.91 seconds
2025-09-19 04:30:44,032 - INFO - File 7797: Filtered 7340050 hits and 9 records
2025-09-19 04:30:44,033 - INFO - Completed /viper/ptmp/arego/RC4K1_1/24894.h5 in 4.23 seconds
2025-09-19 04:30:44,165 - INFO - Processing /viper/ptmp/arego/RC4K1/2866.h5
2025-09-19 04:30:44,177 - INFO - File 3853: Filtered 4905028 hits and 9 records
2025-09-19 04:30:44,241 - INFO - Completed /viper/ptmp/arego/RC4K1_1/12952.h5 in 4.14 seconds
2025-09-19 04:30:44,307 - INFO - Processing /viper/ptmp/arego/RC4K1/2930.h5
2025-09-19 04:30:44,320 - INFO - Completed /viper/ptmp/arego/RC4K1_1/19050.h5 in 3.80 seconds
2025-09-19 04:30:44,416 - INFO - File 16051: Filtered 3734622 hits and 6 records
2025-09-19 04:30:44,423 - INFO - Processing /viper/ptmp/arego/RC4K1/27883.h5
2025-09-19 04:30:44,566 - INFO - Completed /viper/ptmp/arego/RC4K1_1/28656.h5 in 5.86 seconds
2025-09-19 04:30:44,778 - INFO - File 6173: Filtered 8134001 hits and 9 records
2025-09-19 04:30:44,781 - INFO - Completed /viper/ptmp/arego/RC4K1_1/11756.h5 in 4.52 seconds
2025-09-19 04:30:44,923 - INFO - Completed /viper/ptmp/arego/RC4K1_1/18987.h5 in 3.82 seconds
2025-09-19 04:30:45,032 - INFO - Processing /viper/ptmp/arego/RC4K1/11740.h5
2025-09-19 04:30:45,079 - INFO - File 8357: Filtered 6850138 hits and 8 records
2025-09-19 04:30:45,123 - INFO - Processing /viper/ptmp/arego/RC4K1/15775.h5
2025-09-19 04:30:45,364 - INFO - File 29624: Filtered 6481564 hits and 10 records
2025-09-19 04:30:45,392 - INFO - Completed /viper/ptmp/arego/RC4K1_1/24818.h5 in 4.06 seconds
2025-09-19 04:30:45,410 - INFO - File 14105: Filtered 7386384 hits and 7 records
2025-09-19 04:30:45,411 - INFO - Processing /viper/ptmp/arego/RC4K1/20348.h5
2025-09-19 04:30:45,825 - INFO - File 13775: Filtered 2868747 hits and 7 records
2025-09-19 04:30:45,927 - INFO - Processing /viper/ptmp/arego/RC4K1/13188.h5
2025-09-19 04:30:45,938 - INFO - Processing /viper/ptmp/arego/RC4K1/18403.h5
2025-09-19 04:30:46,139 - INFO - Completed /viper/ptmp/arego/RC4K1_1/3853.h5 in 4.13 seconds
2025-09-19 04:30:46,283 - INFO - Completed /viper/ptmp/arego/RC4K1_1/16051.h5 in 4.16 seconds
2025-09-19 04:30:46,327 - INFO - File 2866: Filtered 5577193 hits and 9 records
2025-09-19 04:30:46,331 - INFO - Completed /viper/ptmp/arego/RC4K1_1/8357.h5 in 3.47 seconds
2025-09-19 04:30:46,415 - INFO - Completed /viper/ptmp/arego/RC4K1_1/6173.h5 in 4.45 seconds
2025-09-19 04:30:46,446 - INFO - Completed /viper/ptmp/arego/RC4K1_1/29624.h5 in 3.33 seconds
2025-09-19 04:30:46,469 - INFO - Processing /viper/ptmp/arego/RC4K1/14758.h5
2025-09-19 04:30:46,623 - INFO - File 22039: Filtered 4237694 hits and 6 records
2025-09-19 04:30:46,627 - INFO - File 2930: Filtered 4103341 hits and 8 records
2025-09-19 04:30:46,642 - INFO - Processing /viper/ptmp/arego/RC4K1/17395.h5
2025-09-19 04:30:46,726 - INFO - Completed /viper/ptmp/arego/RC4K1_1/7797.h5 in 5.58 seconds
2025-09-19 04:30:46,874 - INFO - Processing /viper/ptmp/arego/RC4K1/16162.h5
2025-09-19 04:30:47,161 - INFO - Completed /viper/ptmp/arego/RC4K1_1/14105.h5 in 4.53 seconds
2025-09-19 04:30:47,371 - INFO - Processing /viper/ptmp/arego/RC4K1/4826.h5
2025-09-19 04:30:47,395 - INFO - File 11740: Filtered 4457455 hits and 8 records
2025-09-19 04:30:47,426 - INFO - Processing /viper/ptmp/arego/RC4K1/2399.h5
2025-09-19 04:30:47,439 - INFO - File 27883: Filtered 8286254 hits and 8 records
2025-09-19 04:30:47,514 - INFO - File 15775: Filtered 3721945 hits and 7 records
2025-09-19 04:30:47,523 - INFO - Completed /viper/ptmp/arego/RC4K1_1/2866.h5 in 3.36 seconds
2025-09-19 04:30:47,810 - INFO - File 20348: Filtered 4841305 hits and 8 records
2025-09-19 04:30:47,967 - INFO - Processing /viper/ptmp/arego/RC4K1/3082.h5
2025-09-19 04:30:48,064 - INFO - Processing /viper/ptmp/arego/RC4K1/5662.h5
2025-09-19 04:30:48,219 - INFO - Processing /viper/ptmp/arego/RC4K1/29220.h5
2025-09-19 04:30:48,356 - INFO - File 13188: Filtered 8174740 hits and 9 records
2025-09-19 04:30:48,436 - INFO - File 18403: Filtered 5732860 hits and 8 records
2025-09-19 04:30:48,626 - INFO - Completed /viper/ptmp/arego/RC4K1_1/13775.h5 in 5.09 seconds
2025-09-19 04:30:48,813 - INFO - Completed /viper/ptmp/arego/RC4K1_1/2930.h5 in 4.51 seconds
2025-09-19 04:30:48,923 - INFO - Completed /viper/ptmp/arego/RC4K1_1/27883.h5 in 4.50 seconds
2025-09-19 04:30:48,966 - INFO - Processing /viper/ptmp/arego/RC4K1/1788.h5
2025-09-19 04:30:49,087 - INFO - Processing /viper/ptmp/arego/RC4K1/16134.h5
2025-09-19 04:30:49,098 - INFO - Processing /viper/ptmp/arego/RC4K1/9791.h5
2025-09-19 04:30:49,199 - INFO - File 14758: Filtered 7428850 hits and 9 records
2025-09-19 04:30:49,211 - INFO - File 17395: Filtered 5417941 hits and 9 records
2025-09-19 04:30:49,409 - INFO - File 16162: Filtered 4494327 hits and 7 records
2025-09-19 04:30:49,432 - INFO - Completed /viper/ptmp/arego/RC4K1_1/11740.h5 in 4.40 seconds
2025-09-19 04:30:49,468 - INFO - Completed /viper/ptmp/arego/RC4K1_1/13188.h5 in 3.54 seconds
2025-09-19 04:30:49,473 - INFO - Completed /viper/ptmp/arego/RC4K1_1/22039.h5 in 5.86 seconds
2025-09-19 04:30:49,862 - INFO - File 2399: Filtered 6839402 hits and 7 records
2025-09-19 04:30:49,903 - INFO - Processing /viper/ptmp/arego/RC4K1/24656.h5
2025-09-19 04:30:49,933 - INFO - File 4826: Filtered 5278614 hits and 9 records
2025-09-19 04:30:50,002 - INFO - Processing /viper/ptmp/arego/RC4K1/18137.h5
2025-09-19 04:30:50,037 - INFO - Processing /viper/ptmp/arego/RC4K1/8829.h5
2025-09-19 04:30:50,053 - INFO - Completed /viper/ptmp/arego/RC4K1_1/18403.h5 in 4.11 seconds
2025-09-19 04:30:50,103 - INFO - Completed /viper/ptmp/arego/RC4K1_1/15775.h5 in 4.98 seconds
2025-09-19 04:30:50,258 - INFO - Completed /viper/ptmp/arego/RC4K1_1/20348.h5 in 4.85 seconds
2025-09-19 04:30:50,630 - INFO - Processing /viper/ptmp/arego/RC4K1/3156.h5
2025-09-19 04:30:50,653 - INFO - File 3082: Filtered 5695931 hits and 9 records
2025-09-19 04:30:50,684 - INFO - Processing /viper/ptmp/arego/RC4K1/27594.h5
2025-09-19 04:30:50,823 - INFO - File 5662: Filtered 11032236 hits and 8 records
2025-09-19 04:30:50,860 - INFO - File 29220: Filtered 1300852 hits and 5 records
2025-09-19 04:30:50,902 - INFO - Processing /viper/ptmp/arego/RC4K1/358.h5
2025-09-19 04:30:51,246 - INFO - Completed /viper/ptmp/arego/RC4K1_1/17395.h5 in 4.60 seconds
2025-09-19 04:30:51,276 - INFO - Processing /viper/ptmp/arego/RC4K1/7232.h5
2025-09-19 04:30:51,286 - INFO - Completed /viper/ptmp/arego/RC4K1_1/14758.h5 in 4.82 seconds
2025-09-19 04:30:51,429 - INFO - Completed /viper/ptmp/arego/RC4K1_1/16162.h5 in 4.55 seconds
2025-09-19 04:30:51,493 - INFO - Processing /viper/ptmp/arego/RC4K1/15942.h5
2025-09-19 04:30:51,540 - INFO - File 1788: Filtered 5629942 hits and 7 records
2025-09-19 04:30:51,593 - INFO - File 9791: Filtered 10334933 hits and 8 records
2025-09-19 04:30:51,661 - INFO - File 16134: Filtered 6793997 hits and 9 records
2025-09-19 04:30:51,892 - INFO - Completed /viper/ptmp/arego/RC4K1_1/2399.h5 in 4.47 seconds
2025-09-19 04:30:51,904 - INFO - Processing /viper/ptmp/arego/RC4K1/5609.h5
2025-09-19 04:30:52,090 - INFO - Processing /viper/ptmp/arego/RC4K1/21396.h5
2025-09-19 04:30:52,122 - INFO - Completed /viper/ptmp/arego/RC4K1_1/3082.h5 in 4.16 seconds
2025-09-19 04:30:52,139 - INFO - Completed /viper/ptmp/arego/RC4K1_1/4826.h5 in 4.77 seconds
2025-09-19 04:30:52,205 - INFO - Completed /viper/ptmp/arego/RC4K1_1/5662.h5 in 4.14 seconds
2025-09-19 04:30:52,371 - INFO - Processing /viper/ptmp/arego/RC4K1/26889.h5
2025-09-19 04:30:52,425 - INFO - Completed /viper/ptmp/arego/RC4K1_1/9791.h5 in 3.33 seconds
2025-09-19 04:30:52,581 - INFO - File 24656: Filtered 6619471 hits and 7 records
2025-09-19 04:30:52,605 - INFO - Processing /viper/ptmp/arego/RC4K1/11874.h5
2025-09-19 04:30:52,667 - INFO - File 18137: Filtered 4426231 hits and 6 records
2025-09-19 04:30:52,981 - INFO - Processing /viper/ptmp/arego/RC4K1/28617.h5
2025-09-19 04:30:53,112 - INFO - Completed /viper/ptmp/arego/RC4K1_1/1788.h5 in 4.15 seconds
2025-09-19 04:30:53,144 - INFO - Processing /viper/ptmp/arego/RC4K1/28212.h5
2025-09-19 04:30:53,192 - INFO - Processing /viper/ptmp/arego/RC4K1/6677.h5
2025-09-19 04:30:53,236 - INFO - File 27594: Filtered 6153875 hits and 6 records
2025-09-19 04:30:53,316 - INFO - File 8829: Filtered 10361950 hits and 6 records
2025-09-19 04:30:53,420 - INFO - Completed /viper/ptmp/arego/RC4K1_1/16134.h5 in 4.33 seconds
2025-09-19 04:30:53,508 - INFO - File 358: Filtered 5645208 hits and 9 records
2025-09-19 04:30:53,819 - INFO - File 3156: Filtered 7340853 hits and 11 records
2025-09-19 04:30:53,845 - INFO - Processing /viper/ptmp/arego/RC4K1/3839.h5
2025-09-19 04:30:53,888 - INFO - Processing /viper/ptmp/arego/RC4K1/22831.h5
2025-09-19 04:30:53,956 - INFO - Processing /viper/ptmp/arego/RC4K1/28784.h5
2025-09-19 04:30:54,273 - INFO - File 15942: Filtered 5952496 hits and 9 records
2025-09-19 04:30:54,291 - INFO - File 7232: Filtered 9782024 hits and 9 records
2025-09-19 04:30:54,378 - INFO - Completed /viper/ptmp/arego/RC4K1_1/24656.h5 in 4.47 seconds
2025-09-19 04:30:54,424 - INFO - File 5609: Filtered 5403504 hits and 6 records
2025-09-19 04:30:54,566 - INFO - Completed /viper/ptmp/arego/RC4K1_1/29220.h5 in 6.35 seconds
2025-09-19 04:30:54,590 - INFO - Processing /viper/ptmp/arego/RC4K1/14299.h5
2025-09-19 04:30:54,742 - INFO - Completed /viper/ptmp/arego/RC4K1_1/8829.h5 in 4.71 seconds
2025-09-19 04:30:54,747 - INFO - File 21396: Filtered 5376297 hits and 6 records
2025-09-19 04:30:54,764 - INFO - Completed /viper/ptmp/arego/RC4K1_1/18137.h5 in 4.76 seconds
2025-09-19 04:30:54,849 - INFO - Processing /viper/ptmp/arego/RC4K1/4924.h5
2025-09-19 04:30:54,982 - INFO - Processing /viper/ptmp/arego/RC4K1/5288.h5
2025-09-19 04:30:55,080 - INFO - Completed /viper/ptmp/arego/RC4K1_1/358.h5 in 4.18 seconds
2025-09-19 04:30:55,083 - INFO - File 26889: Filtered 7121197 hits and 9 records
2025-09-19 04:30:55,216 - INFO - Completed /viper/ptmp/arego/RC4K1_1/27594.h5 in 4.53 seconds
2025-09-19 04:30:55,408 - INFO - Processing /viper/ptmp/arego/RC4K1/21186.h5
2025-09-19 04:30:55,546 - INFO - File 28617: Filtered 6774929 hits and 10 records
2025-09-19 04:30:55,640 - INFO - File 11874: Filtered 4968838 hits and 9 records
2025-09-19 04:30:55,669 - INFO - Processing /viper/ptmp/arego/RC4K1/13690.h5
2025-09-19 04:30:55,758 - INFO - Completed /viper/ptmp/arego/RC4K1_1/7232.h5 in 4.48 seconds
2025-09-19 04:30:55,828 - INFO - Processing /viper/ptmp/arego/RC4K1/14147.h5
2025-09-19 04:30:55,926 - INFO - File 28212: Filtered 5081833 hits and 9 records
2025-09-19 04:30:56,076 - INFO - Completed /viper/ptmp/arego/RC4K1_1/5609.h5 in 4.17 seconds
2025-09-19 04:30:56,121 - INFO - File 6677: Filtered 5998858 hits and 7 records
2025-09-19 04:30:56,149 - INFO - Processing /viper/ptmp/arego/RC4K1/20944.h5
2025-09-19 04:30:56,236 - INFO - Completed /viper/ptmp/arego/RC4K1_1/3156.h5 in 5.61 seconds
2025-09-19 04:30:56,446 - INFO - Processing /viper/ptmp/arego/RC4K1/19139.h5
2025-09-19 04:30:56,487 - INFO - Completed /viper/ptmp/arego/RC4K1_1/15942.h5 in 4.99 seconds
2025-09-19 04:30:56,520 - INFO - File 22831: Filtered 5492954 hits and 5 records
2025-09-19 04:30:56,675 - INFO - File 28784: Filtered 6845677 hits and 9 records
2025-09-19 04:30:56,683 - INFO - Completed /viper/ptmp/arego/RC4K1_1/28617.h5 in 3.70 seconds
2025-09-19 04:30:56,780 - INFO - Completed /viper/ptmp/arego/RC4K1_1/26889.h5 in 4.41 seconds
2025-09-19 04:30:56,798 - INFO - Processing /viper/ptmp/arego/RC4K1/109.h5
2025-09-19 04:30:56,955 - INFO - Processing /viper/ptmp/arego/RC4K1/25419.h5
2025-09-19 04:30:57,260 - INFO - Processing /viper/ptmp/arego/RC4K1/26125.h5
2025-09-19 04:30:57,590 - INFO - File 4924: Filtered 9973619 hits and 8 records
2025-09-19 04:30:57,656 - INFO - File 3839: Filtered 11417202 hits and 7 records
2025-09-19 04:30:57,656 - INFO - Completed /viper/ptmp/arego/RC4K1_1/21396.h5 in 5.57 seconds
2025-09-19 04:30:57,761 - INFO - File 14299: Filtered 14290940 hits and 9 records
2025-09-19 04:30:57,766 - INFO - Processing /viper/ptmp/arego/RC4K1/15648.h5
2025-09-19 04:30:57,770 - INFO - File 5288: Filtered 7586308 hits and 8 records
2025-09-19 04:30:57,993 - INFO - Processing /viper/ptmp/arego/RC4K1/29283.h5
2025-09-19 04:30:58,005 - INFO - Processing /viper/ptmp/arego/RC4K1/8752.h5
2025-09-19 04:30:58,120 - INFO - Completed /viper/ptmp/arego/RC4K1_1/14299.h5 in 3.53 seconds
2025-09-19 04:30:58,287 - INFO - File 13690: Filtered 8210661 hits and 6 records
2025-09-19 04:30:58,428 - INFO - Completed /viper/ptmp/arego/RC4K1_1/28212.h5 in 5.28 seconds
2025-09-19 04:30:58,508 - INFO - Completed /viper/ptmp/arego/RC4K1_1/28784.h5 in 4.55 seconds
2025-09-19 04:30:58,547 - INFO - Completed /viper/ptmp/arego/RC4K1_1/22831.h5 in 4.66 seconds
2025-09-19 04:30:58,557 - INFO - Completed /viper/ptmp/arego/RC4K1_1/4924.h5 in 3.71 seconds
2025-09-19 04:30:58,612 - INFO - Completed /viper/ptmp/arego/RC4K1_1/6677.h5 in 5.42 seconds
2025-09-19 04:30:58,664 - INFO - Processing /viper/ptmp/arego/RC4K1/15450.h5
2025-09-19 04:30:58,781 - INFO - Processing /viper/ptmp/arego/RC4K1/21656.h5
2025-09-19 04:30:58,842 - INFO - Processing /viper/ptmp/arego/RC4K1/25161.h5
2025-09-19 04:30:58,843 - INFO - File 14147: Filtered 3861294 hits and 8 records
2025-09-19 04:30:58,884 - INFO - Completed /viper/ptmp/arego/RC4K1_1/3839.h5 in 5.04 seconds
2025-09-19 04:30:58,912 - INFO - File 21186: Filtered 10122425 hits and 7 records
2025-09-19 04:30:59,119 - INFO - Processing /viper/ptmp/arego/RC4K1/14516.h5
2025-09-19 04:30:59,118 - INFO - Completed /viper/ptmp/arego/RC4K1_1/5288.h5 in 4.14 seconds
2025-09-19 04:30:59,231 - INFO - File 19139: Filtered 5917429 hits and 8 records
2025-09-19 04:30:59,606 - INFO - Processing /viper/ptmp/arego/RC4K1/28428.h5
2025-09-19 04:30:59,742 - INFO - Completed /viper/ptmp/arego/RC4K1_1/13690.h5 in 4.07 seconds
2025-09-19 04:30:59,753 - INFO - Processing /viper/ptmp/arego/RC4K1/29515.h5
2025-09-19 04:30:59,820 - INFO - Completed /viper/ptmp/arego/RC4K1_1/11874.h5 in 7.21 seconds
2025-09-19 04:30:59,829 - INFO - Processing /viper/ptmp/arego/RC4K1/17185.h5
2025-09-19 04:30:59,832 - INFO - File 109: Filtered 8802186 hits and 7 records
2025-09-19 04:30:59,836 - INFO - File 20944: Filtered 7542225 hits and 6 records
2025-09-19 04:31:00,092 - INFO - File 26125: Filtered 4957775 hits and 6 records
2025-09-19 04:31:00,242 - INFO - Processing /viper/ptmp/arego/RC4K1/23636.h5
2025-09-19 04:31:00,432 - INFO - File 25419: Filtered 4190874 hits and 5 records
2025-09-19 04:31:00,458 - INFO - Processing /viper/ptmp/arego/RC4K1/10325.h5
2025-09-19 04:31:00,713 - INFO - Completed /viper/ptmp/arego/RC4K1_1/109.h5 in 3.91 seconds
2025-09-19 04:31:00,835 - INFO - File 8752: Filtered 8916258 hits and 9 records
2025-09-19 04:31:00,863 - INFO - Processing /viper/ptmp/arego/RC4K1/12837.h5
2025-09-19 04:31:00,978 - INFO - File 15648: Filtered 6503665 hits and 4 records
2025-09-19 04:31:01,234 - INFO - Completed /viper/ptmp/arego/RC4K1_1/21186.h5 in 5.83 seconds
2025-09-19 04:31:01,419 - INFO - Processing /viper/ptmp/arego/RC4K1/21533.h5
2025-09-19 04:31:01,658 - INFO - Processing /viper/ptmp/arego/RC4K1/23630.h5
2025-09-19 04:31:01,764 - INFO - Completed /viper/ptmp/arego/RC4K1_1/19139.h5 in 5.32 seconds
2025-09-19 04:31:01,767 - INFO - Completed /viper/ptmp/arego/RC4K1_1/14147.h5 in 5.94 seconds
2025-09-19 04:31:01,814 - INFO - File 14516: Filtered 10936453 hits and 10 records
2025-09-19 04:31:01,818 - INFO - File 25161: Filtered 3771622 hits and 7 records
2025-09-19 04:31:01,900 - INFO - Processing /viper/ptmp/arego/RC4K1/6505.h5
2025-09-19 04:31:02,149 - INFO - Completed /viper/ptmp/arego/RC4K1_1/8752.h5 in 4.14 seconds
2025-09-19 04:31:02,206 - INFO - Processing /viper/ptmp/arego/RC4K1/7033.h5
2025-09-19 04:31:02,215 - INFO - File 21656: Filtered 5035375 hits and 10 records
2025-09-19 04:31:02,381 - INFO - File 15450: Filtered 7485757 hits and 6 records
2025-09-19 04:31:02,655 - INFO - File 28428: Filtered 6429863 hits and 9 records
2025-09-19 04:31:02,872 - INFO - Completed /viper/ptmp/arego/RC4K1_1/26125.h5 in 5.61 seconds
2025-09-19 04:31:02,989 - INFO - Processing /viper/ptmp/arego/RC4K1/5648.h5
2025-09-19 04:31:03,082 - INFO - Completed /viper/ptmp/arego/RC4K1_1/15648.h5 in 5.32 seconds
2025-09-19 04:31:03,183 - INFO - File 29515: Filtered 7143451 hits and 8 records
2025-09-19 04:31:03,194 - INFO - Processing /viper/ptmp/arego/RC4K1/26629.h5
2025-09-19 04:31:03,342 - INFO - Completed /viper/ptmp/arego/RC4K1_1/14516.h5 in 4.22 seconds
2025-09-19 04:31:03,417 - INFO - File 17185: Filtered 4190434 hits and 7 records
2025-09-19 04:31:03,587 - INFO - Completed /viper/ptmp/arego/RC4K1_1/20944.h5 in 7.44 seconds
2025-09-19 04:31:03,650 - INFO - Processing /viper/ptmp/arego/RC4K1/13470.h5
2025-09-19 04:31:03,660 - INFO - File 10325: Filtered 4177721 hits and 5 records
2025-09-19 04:31:03,804 - INFO - File 23636: Filtered 8290063 hits and 8 records
2025-09-19 04:31:04,155 - INFO - Processing /viper/ptmp/arego/RC4K1/25921.h5
2025-09-19 04:31:04,172 - INFO - Processing /viper/ptmp/arego/RC4K1/10537.h5
2025-09-19 04:31:04,327 - INFO - Processing /viper/ptmp/arego/RC4K1/18225.h5
2025-09-19 04:31:04,511 - INFO - File 21533: Filtered 5341038 hits and 5 records
2025-09-19 04:31:04,787 - INFO - File 12837: Filtered 1784525 hits and 5 records
2025-09-19 04:31:04,787 - INFO - Completed /viper/ptmp/arego/RC4K1_1/21656.h5 in 6.01 seconds
2025-09-19 04:31:04,827 - INFO - Completed /viper/ptmp/arego/RC4K1_1/15450.h5 in 6.16 seconds
2025-09-19 04:31:04,901 - INFO - File 23630: Filtered 9905166 hits and 8 records
2025-09-19 04:31:05,144 - INFO - Processing /viper/ptmp/arego/RC4K1/9889.h5
2025-09-19 04:31:05,192 - INFO - Processing /viper/ptmp/arego/RC4K1/6210.h5
2025-09-19 04:31:05,232 - INFO - Completed /viper/ptmp/arego/RC4K1_1/25161.h5 in 6.39 seconds
2025-09-19 04:31:05,253 - INFO - Completed /viper/ptmp/arego/RC4K1_1/28428.h5 in 5.65 seconds
2025-09-19 04:31:05,295 - INFO - Processing /viper/ptmp/arego/RC4K1/20145.h5
2025-09-19 04:31:05,488 - INFO - File 7033: Filtered 4012529 hits and 6 records
2025-09-19 04:31:05,765 - INFO - File 6505: Filtered 5841057 hits and 6 records
2025-09-19 04:31:05,909 - INFO - Completed /viper/ptmp/arego/RC4K1_1/25419.h5 in 8.95 seconds
2025-09-19 04:31:05,956 - INFO - Completed /viper/ptmp/arego/RC4K1_1/29515.h5 in 6.20 seconds
2025-09-19 04:31:06,147 - INFO - Processing /viper/ptmp/arego/RC4K1/17861.h5
2025-09-19 04:31:06,271 - INFO - Completed /viper/ptmp/arego/RC4K1_1/23636.h5 in 6.03 seconds
2025-09-19 04:31:06,338 - INFO - Processing /viper/ptmp/arego/RC4K1/7521.h5
2025-09-19 04:31:06,382 - INFO - File 26629: Filtered 7111051 hits and 6 records
2025-09-19 04:31:06,448 - INFO - Processing /viper/ptmp/arego/RC4K1/6490.h5
2025-09-19 04:31:06,474 - INFO - File 13470: Filtered 6453324 hits and 6 records
2025-09-19 04:31:06,632 - INFO - Completed /viper/ptmp/arego/RC4K1_1/17185.h5 in 6.80 seconds
2025-09-19 04:31:06,773 - INFO - Completed /viper/ptmp/arego/RC4K1_1/23630.h5 in 5.11 seconds
2025-09-19 04:31:06,852 - INFO - Completed /viper/ptmp/arego/RC4K1_1/10325.h5 in 6.39 seconds
2025-09-19 04:31:07,033 - INFO - Processing /viper/ptmp/arego/RC4K1/13417.h5
2025-09-19 04:31:07,047 - INFO - Processing /viper/ptmp/arego/RC4K1/8032.h5
2025-09-19 04:31:07,093 - INFO - File 5648: Filtered 8454878 hits and 8 records
2025-09-19 04:31:07,330 - INFO - File 10537: Filtered 7316901 hits and 8 records
2025-09-19 04:31:07,360 - INFO - Completed /viper/ptmp/arego/RC4K1_1/21533.h5 in 5.94 seconds
2025-09-19 04:31:07,542 - INFO - Processing /viper/ptmp/arego/RC4K1/8065.h5
2025-09-19 04:31:07,577 - INFO - Processing /viper/ptmp/arego/RC4K1/26474.h5
2025-09-19 04:31:07,938 - INFO - Processing /viper/ptmp/arego/RC4K1/9716.h5
2025-09-19 04:31:08,174 - INFO - Processing /viper/ptmp/arego/RC4K1/15041.h5
2025-09-19 04:31:08,284 - INFO - File 18225: Filtered 6066162 hits and 9 records
2025-09-19 04:31:08,300 - INFO - File 6210: Filtered 6762107 hits and 6 records
2025-09-19 04:31:08,420 - INFO - Completed /viper/ptmp/arego/RC4K1_1/5648.h5 in 5.43 seconds
2025-09-19 04:31:08,459 - INFO - Completed /viper/ptmp/arego/RC4K1_1/6505.h5 in 6.56 seconds
2025-09-19 04:31:08,532 - INFO - File 25921: Filtered 2690138 hits and 5 records
2025-09-19 04:31:08,616 - INFO - Completed /viper/ptmp/arego/RC4K1_1/26629.h5 in 5.42 seconds
2025-09-19 04:31:08,681 - INFO - Processing /viper/ptmp/arego/RC4K1/24456.h5
2025-09-19 04:31:08,771 - INFO - Completed /viper/ptmp/arego/RC4K1_1/7033.h5 in 6.57 seconds
2025-09-19 04:31:08,790 - INFO - Processing /viper/ptmp/arego/RC4K1/8151.h5
2025-09-19 04:31:09,140 - INFO - Completed /viper/ptmp/arego/RC4K1_1/12837.h5 in 8.28 seconds
2025-09-19 04:31:09,351 - INFO - File 17861: Filtered 8358553 hits and 7 records
2025-09-19 04:31:09,409 - INFO - Completed /viper/ptmp/arego/RC4K1_1/13470.h5 in 5.76 seconds
2025-09-19 04:31:09,426 - INFO - Completed /viper/ptmp/arego/RC4K1_1/10537.h5 in 5.25 seconds
2025-09-19 04:31:09,601 - INFO - File 20145: Filtered 6564382 hits and 7 records
2025-09-19 04:31:09,800 - INFO - Processing /viper/ptmp/arego/RC4K1/29206.h5
2025-09-19 04:31:09,806 - INFO - Processing /viper/ptmp/arego/RC4K1/13762.h5
2025-09-19 04:31:09,967 - INFO - Processing /viper/ptmp/arego/RC4K1/26385.h5
2025-09-19 04:31:10,123 - INFO - File 13417: Filtered 6814270 hits and 8 records
2025-09-19 04:31:10,586 - INFO - File 8032: Filtered 8022906 hits and 8 records
2025-09-19 04:31:10,596 - INFO - File 7521: Filtered 7135486 hits and 6 records
2025-09-19 04:31:10,733 - INFO - File 9889: Filtered 6036667 hits and 7 records
2025-09-19 04:31:10,741 - INFO - Processing /viper/ptmp/arego/RC4K1/20072.h5
2025-09-19 04:31:10,908 - INFO - Completed /viper/ptmp/arego/RC4K1_1/6210.h5 in 5.72 seconds
2025-09-19 04:31:10,972 - INFO - Processing /viper/ptmp/arego/RC4K1/23111.h5
2025-09-19 04:31:11,038 - INFO - File 6490: Filtered 7164284 hits and 8 records
2025-09-19 04:31:11,190 - INFO - File 9716: Filtered 5770998 hits and 7 records
2025-09-19 04:31:11,392 - INFO - Completed /viper/ptmp/arego/RC4K1_1/17861.h5 in 5.24 seconds
2025-09-19 04:31:11,538 - INFO - File 26474: Filtered 10741826 hits and 11 records
2025-09-19 04:31:11,625 - INFO - Processing /viper/ptmp/arego/RC4K1/2154.h5
2025-09-19 04:31:12,114 - INFO - File 8151: Filtered 5349026 hits and 9 records
2025-09-19 04:31:12,252 - INFO - Processing /viper/ptmp/arego/RC4K1/22274.h5
2025-09-19 04:31:12,285 - INFO - File 8065: Filtered 6220982 hits and 8 records
2025-09-19 04:31:12,288 - INFO - Completed /viper/ptmp/arego/RC4K1_1/18225.h5 in 7.96 seconds
2025-09-19 04:31:12,328 - INFO - Completed /viper/ptmp/arego/RC4K1_1/20145.h5 in 7.03 seconds
2025-09-19 04:31:12,418 - INFO - Processing /viper/ptmp/arego/RC4K1/25683.h5
2025-09-19 04:31:12,499 - INFO - Completed /viper/ptmp/arego/RC4K1_1/13417.h5 in 5.47 seconds
2025-09-19 04:31:12,633 - INFO - Completed /viper/ptmp/arego/RC4K1_1/25921.h5 in 8.48 seconds
2025-09-19 04:31:12,753 - INFO - Processing /viper/ptmp/arego/RC4K1/5427.h5
2025-09-19 04:31:13,090 - INFO - File 15041: Filtered 8259432 hits and 7 records
2025-09-19 04:31:13,106 - INFO - File 13762: Filtered 9409617 hits and 10 records
2025-09-19 04:31:13,271 - INFO - Processing /viper/ptmp/arego/RC4K1/9802.h5
2025-09-19 04:31:13,314 - INFO - Completed /viper/ptmp/arego/RC4K1_1/6490.h5 in 6.87 seconds
2025-09-19 04:31:13,342 - INFO - File 26385: Filtered 13169909 hits and 9 records
2025-09-19 04:31:13,353 - INFO - Processing /viper/ptmp/arego/RC4K1/6810.h5
2025-09-19 04:31:13,382 - INFO - File 24456: Filtered 8810793 hits and 7 records
2025-09-19 04:31:13,868 - INFO - Completed /viper/ptmp/arego/RC4K1_1/26474.h5 in 6.29 seconds
2025-09-19 04:31:13,926 - INFO - Completed /viper/ptmp/arego/RC4K1_1/8032.h5 in 6.88 seconds
2025-09-19 04:31:13,939 - INFO - File 20072: Filtered 6276490 hits and 8 records
2025-09-19 04:31:14,122 - INFO - Completed /viper/ptmp/arego/RC4K1_1/9716.h5 in 6.18 seconds
2025-09-19 04:31:14,236 - INFO - Processing /viper/ptmp/arego/RC4K1/5244.h5
2025-09-19 04:31:14,374 - INFO - Processing /viper/ptmp/arego/RC4K1/27366.h5
2025-09-19 04:31:14,497 - INFO - Processing /viper/ptmp/arego/RC4K1/4558.h5
2025-09-19 04:31:14,591 - INFO - File 29206: Filtered 6814587 hits and 8 records
2025-09-19 04:31:14,690 - INFO - Completed /viper/ptmp/arego/RC4K1_1/7521.h5 in 8.35 seconds
2025-09-19 04:31:14,708 - INFO - Completed /viper/ptmp/arego/RC4K1_1/26385.h5 in 4.74 seconds
2025-09-19 04:31:14,748 - INFO - Completed /viper/ptmp/arego/RC4K1_1/24456.h5 in 6.07 seconds
2025-09-19 04:31:14,777 - INFO - Completed /viper/ptmp/arego/RC4K1_1/8065.h5 in 7.24 seconds
2025-09-19 04:31:14,778 - INFO - Completed /viper/ptmp/arego/RC4K1_1/13762.h5 in 4.97 seconds
2025-09-19 04:31:14,814 - INFO - Processing /viper/ptmp/arego/RC4K1/29847.h5
2025-09-19 04:31:15,064 - INFO - File 2154: Filtered 10299751 hits and 12 records
2025-09-19 04:31:15,084 - INFO - Completed /viper/ptmp/arego/RC4K1_1/8151.h5 in 6.29 seconds
2025-09-19 04:31:15,195 - INFO - Processing /viper/ptmp/arego/RC4K1/17970.h5
2025-09-19 04:31:15,371 - INFO - File 29283: Filtered 18573692 hits and 4 records
2025-09-19 04:31:15,385 - INFO - File 23111: Filtered 10334191 hits and 8 records
2025-09-19 04:31:15,435 - INFO - Processing /viper/ptmp/arego/RC4K1/24931.h5
2025-09-19 04:31:15,624 - INFO - Processing /viper/ptmp/arego/RC4K1/12764.h5
2025-09-19 04:31:15,688 - INFO - File 25683: Filtered 9810134 hits and 7 records
2025-09-19 04:31:15,987 - INFO - Processing /viper/ptmp/arego/RC4K1/29942.h5
2025-09-19 04:31:16,022 - INFO - Processing /viper/ptmp/arego/RC4K1/4619.h5
2025-09-19 04:31:16,263 - INFO - Completed /viper/ptmp/arego/RC4K1_1/23111.h5 in 5.29 seconds
2025-09-19 04:31:16,339 - INFO - Completed /viper/ptmp/arego/RC4K1_1/2154.h5 in 4.71 seconds
2025-09-19 04:31:16,499 - INFO - File 6810: Filtered 6927930 hits and 4 records
2025-09-19 04:31:16,701 - INFO - Processing /viper/ptmp/arego/RC4K1/11996.h5
2025-09-19 04:31:16,729 - INFO - File 5427: Filtered 13235258 hits and 7 records
2025-09-19 04:31:16,780 - INFO - File 22274: Filtered 5242810 hits and 5 records
2025-09-19 04:31:16,847 - INFO - Completed /viper/ptmp/arego/RC4K1_1/29206.h5 in 7.05 seconds
2025-09-19 04:31:16,852 - INFO - Processing /viper/ptmp/arego/RC4K1/8259.h5
2025-09-19 04:31:16,856 - INFO - Completed /viper/ptmp/arego/RC4K1_1/20072.h5 in 6.12 seconds
2025-09-19 04:31:17,130 - INFO - Completed /viper/ptmp/arego/RC4K1_1/25683.h5 in 4.71 seconds
2025-09-19 04:31:17,249 - INFO - Completed /viper/ptmp/arego/RC4K1_1/15041.h5 in 9.07 seconds
2025-09-19 04:31:17,443 - INFO - File 9802: Filtered 8201158 hits and 8 records
2025-09-19 04:31:17,667 - INFO - Processing /viper/ptmp/arego/RC4K1/15874.h5
2025-09-19 04:31:17,713 - INFO - File 27366: Filtered 5925406 hits and 6 records
2025-09-19 04:31:17,834 - INFO - Processing /viper/ptmp/arego/RC4K1/7350.h5
2025-09-19 04:31:17,890 - INFO - Processing /viper/ptmp/arego/RC4K1/29971.h5
2025-09-19 04:31:18,121 - INFO - File 5244: Filtered 13638318 hits and 6 records
2025-09-19 04:31:18,154 - INFO - Completed /viper/ptmp/arego/RC4K1_1/9889.h5 in 13.01 seconds
2025-09-19 04:31:18,155 - INFO - Completed /viper/ptmp/arego/RC4K1_1/5427.h5 in 5.40 seconds
2025-09-19 04:31:18,505 - INFO - File 17970: Filtered 7549992 hits and 8 records
2025-09-19 04:31:18,589 - INFO - Processing /viper/ptmp/arego/RC4K1/28556.h5
2025-09-19 04:31:18,723 - INFO - Processing /viper/ptmp/arego/RC4K1/5233.h5
2025-09-19 04:31:18,788 - INFO - File 29847: Filtered 8146518 hits and 5 records
2025-09-19 04:31:18,916 - INFO - File 4558: Filtered 8665612 hits and 9 records
2025-09-19 04:31:18,967 - INFO - Processing /viper/ptmp/arego/RC4K1/5566.h5
2025-09-19 04:31:19,031 - INFO - File 24931: Filtered 11960550 hits and 8 records
2025-09-19 04:31:19,214 - INFO - Completed /viper/ptmp/arego/RC4K1_1/9802.h5 in 5.94 seconds
2025-09-19 04:31:19,286 - INFO - Completed /viper/ptmp/arego/RC4K1_1/6810.h5 in 5.93 seconds
2025-09-19 04:31:19,389 - INFO - Completed /viper/ptmp/arego/RC4K1_1/5244.h5 in 5.15 seconds
2025-09-19 04:31:19,539 - INFO - Processing /viper/ptmp/arego/RC4K1/17274.h5
2025-09-19 04:31:19,618 - INFO - File 4619: Filtered 6988340 hits and 8 records
2025-09-19 04:31:19,652 - INFO - Processing /viper/ptmp/arego/RC4K1/7901.h5
2025-09-19 04:31:19,782 - INFO - File 29942: Filtered 16456597 hits and 6 records
2025-09-19 04:31:19,801 - INFO - Completed /viper/ptmp/arego/RC4K1_1/22274.h5 in 7.55 seconds
2025-09-19 04:31:20,078 - INFO - File 12764: Filtered 4611901 hits and 7 records
2025-09-19 04:31:20,192 - INFO - Processing /viper/ptmp/arego/RC4K1/1499.h5
2025-09-19 04:31:20,224 - INFO - Processing /viper/ptmp/arego/RC4K1/53.h5
2025-09-19 04:31:20,344 - INFO - Completed /viper/ptmp/arego/RC4K1_1/29942.h5 in 4.36 seconds
2025-09-19 04:31:20,387 - INFO - File 8259: Filtered 13373146 hits and 7 records
2025-09-19 04:31:20,543 - INFO - Processing /viper/ptmp/arego/RC4K1/8743.h5
2025-09-19 04:31:20,653 - INFO - Completed /viper/ptmp/arego/RC4K1_1/4558.h5 in 6.16 seconds
2025-09-19 04:31:20,794 - INFO - Processing /viper/ptmp/arego/RC4K1/19717.h5
2025-09-19 04:31:20,936 - INFO - Completed /viper/ptmp/arego/RC4K1_1/24931.h5 in 5.50 seconds
2025-09-19 04:31:20,991 - INFO - Completed /viper/ptmp/arego/RC4K1_1/27366.h5 in 6.62 seconds
2025-09-19 04:31:21,003 - INFO - Completed /viper/ptmp/arego/RC4K1_1/8259.h5 in 4.15 seconds
2025-09-19 04:31:21,237 - INFO - Completed /viper/ptmp/arego/RC4K1_1/17970.h5 in 6.04 seconds
2025-09-19 04:31:21,256 - INFO - Processing /viper/ptmp/arego/RC4K1/20136.h5
2025-09-19 04:31:21,356 - INFO - File 15874: Filtered 5711806 hits and 5 records
2025-09-19 04:31:21,382 - INFO - Processing /viper/ptmp/arego/RC4K1/2696.h5
2025-09-19 04:31:21,434 - INFO - Processing /viper/ptmp/arego/RC4K1/15088.h5
2025-09-19 04:31:21,483 - INFO - File 11996: Filtered 5902487 hits and 7 records
2025-09-19 04:31:22,054 - INFO - Completed /viper/ptmp/arego/RC4K1_1/29847.h5 in 7.24 seconds
2025-09-19 04:31:22,080 - INFO - File 28556: Filtered 5960732 hits and 10 records
2025-09-19 04:31:22,211 - INFO - Processing /viper/ptmp/arego/RC4K1/10581.h5
2025-09-19 04:31:22,328 - INFO - Completed /viper/ptmp/arego/RC4K1_1/4619.h5 in 6.31 seconds
2025-09-19 04:31:22,351 - INFO - File 7350: Filtered 8752413 hits and 7 records
2025-09-19 04:31:22,410 - INFO - Processing /viper/ptmp/arego/RC4K1/3146.h5
2025-09-19 04:31:22,486 - INFO - Processing /viper/ptmp/arego/RC4K1/13591.h5
2025-09-19 04:31:23,042 - INFO - File 29971: Filtered 4722013 hits and 6 records
2025-09-19 04:31:23,089 - INFO - File 5233: Filtered 15851249 hits and 6 records
2025-09-19 04:31:23,195 - INFO - Processing /viper/ptmp/arego/RC4K1/28904.h5
2025-09-19 04:31:23,576 - INFO - Processing /viper/ptmp/arego/RC4K1/21490.h5
2025-09-19 04:31:23,686 - INFO - Completed /viper/ptmp/arego/RC4K1_1/12764.h5 in 8.06 seconds
2025-09-19 04:31:23,781 - INFO - File 17274: Filtered 14919538 hits and 6 records
2025-09-19 04:31:24,252 - INFO - Processing /viper/ptmp/arego/RC4K1/13905.h5
2025-09-19 04:31:24,272 - INFO - File 7901: Filtered 11737164 hits and 8 records
2025-09-19 04:31:24,311 - INFO - Completed /viper/ptmp/arego/RC4K1_1/5233.h5 in 5.59 seconds
2025-09-19 04:31:24,374 - INFO - File 8743: Filtered 9072768 hits and 9 records
2025-09-19 04:31:24,492 - INFO - File 5566: Filtered 8309929 hits and 7 records
2025-09-19 04:31:24,537 - INFO - Completed /viper/ptmp/arego/RC4K1_1/15874.h5 in 6.87 seconds
2025-09-19 04:31:24,568 - INFO - File 2696: Filtered 15403785 hits and 10 records
2025-09-19 04:31:24,631 - INFO - Processing /viper/ptmp/arego/RC4K1/21735.h5
2025-09-19 04:31:24,698 - INFO - Completed /viper/ptmp/arego/RC4K1_1/11996.h5 in 8.00 seconds
2025-09-19 04:31:24,735 - INFO - Processing /viper/ptmp/arego/RC4K1/15025.h5
2025-09-19 04:31:24,924 - INFO - Completed /viper/ptmp/arego/RC4K1_1/17274.h5 in 5.38 seconds
2025-09-19 04:31:25,003 - INFO - File 53: Filtered 14656244 hits and 10 records
2025-09-19 04:31:25,230 - INFO - Processing /viper/ptmp/arego/RC4K1/13342.h5
2025-09-19 04:31:25,248 - INFO - Processing /viper/ptmp/arego/RC4K1/4180.h5
2025-09-19 04:31:25,341 - INFO - File 15088: Filtered 7799885 hits and 7 records
2025-09-19 04:31:25,433 - INFO - File 19717: Filtered 10170632 hits and 8 records
2025-09-19 04:31:25,585 - INFO - Completed /viper/ptmp/arego/RC4K1_1/2696.h5 in 4.20 seconds
2025-09-19 04:31:25,754 - INFO - Completed /viper/ptmp/arego/RC4K1_1/7901.h5 in 6.10 seconds
2025-09-19 04:31:25,854 - INFO - Processing /viper/ptmp/arego/RC4K1/7155.h5
2025-09-19 04:31:25,896 - INFO - Completed /viper/ptmp/arego/RC4K1_1/28556.h5 in 7.31 seconds
2025-09-19 04:31:25,922 - INFO - Completed /viper/ptmp/arego/RC4K1_1/7350.h5 in 8.09 seconds
2025-09-19 04:31:26,067 - INFO - File 3146: Filtered 8018916 hits and 5 records
2025-09-19 04:31:26,168 - INFO - Processing /viper/ptmp/arego/RC4K1/2442.h5
2025-09-19 04:31:26,175 - INFO - Processing /viper/ptmp/arego/RC4K1/29633.h5
2025-09-19 04:31:26,185 - INFO - File 1499: Filtered 8696010 hits and 9 records
2025-09-19 04:31:26,383 - INFO - Completed /viper/ptmp/arego/RC4K1_1/53.h5 in 6.16 seconds
2025-09-19 04:31:26,460 - INFO - File 10581: Filtered 8388738 hits and 9 records
2025-09-19 04:31:26,626 - INFO - Processing /viper/ptmp/arego/RC4K1/10650.h5
2025-09-19 04:31:26,892 - INFO - Completed /viper/ptmp/arego/RC4K1_1/8743.h5 in 6.35 seconds
2025-09-19 04:31:27,144 - INFO - File 28904: Filtered 10801925 hits and 9 records
2025-09-19 04:31:27,197 - INFO - Processing /viper/ptmp/arego/RC4K1/26121.h5
2025-09-19 04:31:27,384 - INFO - Processing /viper/ptmp/arego/RC4K1/26863.h5
2025-09-19 04:31:27,458 - INFO - Completed /viper/ptmp/arego/RC4K1_1/29971.h5 in 9.57 seconds
2025-09-19 04:31:27,511 - INFO - Completed /viper/ptmp/arego/RC4K1_1/5566.h5 in 8.54 seconds
2025-09-19 04:31:27,708 - INFO - File 20136: Filtered 8761626 hits and 6 records
2025-09-19 04:31:27,982 - INFO - Completed /viper/ptmp/arego/RC4K1_1/19717.h5 in 7.19 seconds
2025-09-19 04:31:28,078 - INFO - Processing /viper/ptmp/arego/RC4K1/8380.h5
2025-09-19 04:31:28,137 - INFO - Processing /viper/ptmp/arego/RC4K1/16082.h5
2025-09-19 04:31:28,255 - INFO - Completed /viper/ptmp/arego/RC4K1_1/15088.h5 in 6.82 seconds
2025-09-19 04:31:28,418 - INFO - Processing /viper/ptmp/arego/RC4K1/9968.h5
2025-09-19 04:31:28,501 - INFO - File 13905: Filtered 5570447 hits and 5 records
2025-09-19 04:31:28,641 - INFO - Completed /viper/ptmp/arego/RC4K1_1/1499.h5 in 8.45 seconds
2025-09-19 04:31:29,075 - INFO - File 13591: Filtered 7072062 hits and 6 records
2025-09-19 04:31:29,088 - INFO - Processing /viper/ptmp/arego/RC4K1/8421.h5
2025-09-19 04:31:29,285 - INFO - Completed /viper/ptmp/arego/RC4K1_1/28904.h5 in 6.09 seconds
2025-09-19 04:31:29,330 - INFO - Processing /viper/ptmp/arego/RC4K1/3164.h5
2025-09-19 04:31:29,364 - INFO - Completed /viper/ptmp/arego/RC4K1_1/10581.h5 in 7.15 seconds
2025-09-19 04:31:29,512 - INFO - Completed /viper/ptmp/arego/RC4K1_1/3146.h5 in 7.10 seconds
2025-09-19 04:31:29,524 - INFO - File 7155: Filtered 14219335 hits and 8 records
2025-09-19 04:31:29,561 - INFO - File 13342: Filtered 8968895 hits and 9 records
2025-09-19 04:31:29,630 - INFO - File 21735: Filtered 3029117 hits and 5 records
2025-09-19 04:31:29,923 - INFO - File 4180: Filtered 9856843 hits and 7 records
2025-09-19 04:31:29,963 - INFO - Processing /viper/ptmp/arego/RC4K1/18179.h5
2025-09-19 04:31:30,098 - INFO - Processing /viper/ptmp/arego/RC4K1/12404.h5
2025-09-19 04:31:30,202 - INFO - File 21490: Filtered 6333142 hits and 8 records
2025-09-19 04:31:30,313 - INFO - Completed /viper/ptmp/arego/RC4K1_1/20136.h5 in 9.06 seconds
2025-09-19 04:31:30,459 - INFO - File 29633: Filtered 7839325 hits and 9 records
2025-09-19 04:31:30,568 - INFO - Processing /viper/ptmp/arego/RC4K1/11438.h5
2025-09-19 04:31:31,091 - INFO - Completed /viper/ptmp/arego/RC4K1_1/7155.h5 in 5.24 seconds
2025-09-19 04:31:31,128 - INFO - Processing /viper/ptmp/arego/RC4K1/13603.h5
2025-09-19 04:31:31,325 - INFO - File 15025: Filtered 8438440 hits and 8 records
2025-09-19 04:31:31,350 - INFO - Processing /viper/ptmp/arego/RC4K1/1297.h5
2025-09-19 04:31:31,482 - INFO - File 10650: Filtered 8055476 hits and 8 records
2025-09-19 04:31:31,645 - INFO - File 26121: Filtered 12017084 hits and 6 records
2025-09-19 04:31:31,860 - INFO - Processing /viper/ptmp/arego/RC4K1/26796.h5
2025-09-19 04:31:32,125 - INFO - File 26863: Filtered 16734101 hits and 7 records
2025-09-19 04:31:32,295 - INFO - Completed /viper/ptmp/arego/RC4K1_1/13342.h5 in 7.06 seconds
2025-09-19 04:31:32,621 - INFO - Completed /viper/ptmp/arego/RC4K1_1/13591.h5 in 10.13 seconds
2025-09-19 04:31:32,707 - INFO - File 16082: Filtered 7996533 hits and 9 records
2025-09-19 04:31:32,795 - INFO - Processing /viper/ptmp/arego/RC4K1/17329.h5
2025-09-19 04:31:32,819 - INFO - File 2442: Filtered 4861267 hits and 6 records
2025-09-19 04:31:32,885 - INFO - Completed /viper/ptmp/arego/RC4K1_1/13905.h5 in 8.63 seconds
2025-09-19 04:31:33,052 - INFO - File 9968: Filtered 9937030 hits and 7 records
2025-09-19 04:31:33,231 - INFO - Completed /viper/ptmp/arego/RC4K1_1/26863.h5 in 5.85 seconds
2025-09-19 04:31:33,231 - INFO - Completed /viper/ptmp/arego/RC4K1_1/4180.h5 in 7.98 seconds
2025-09-19 04:31:33,296 - INFO - Processing /viper/ptmp/arego/RC4K1/12816.h5
2025-09-19 04:31:33,357 - INFO - File 8421: Filtered 10588227 hits and 7 records
2025-09-19 04:31:33,483 - INFO - Processing /viper/ptmp/arego/RC4K1/8321.h5
2025-09-19 04:31:33,552 - INFO - Completed /viper/ptmp/arego/RC4K1_1/26121.h5 in 6.36 seconds
2025-09-19 04:31:33,835 - INFO - File 18179: Filtered 10351284 hits and 6 records
2025-09-19 04:31:33,961 - INFO - Completed /viper/ptmp/arego/RC4K1_1/21490.h5 in 10.39 seconds
2025-09-19 04:31:33,990 - INFO - Completed /viper/ptmp/arego/RC4K1_1/29633.h5 in 7.81 seconds
2025-09-19 04:31:34,095 - INFO - Completed /viper/ptmp/arego/RC4K1_1/15025.h5 in 9.36 seconds
2025-09-19 04:31:34,139 - INFO - Processing /viper/ptmp/arego/RC4K1/22292.h5
2025-09-19 04:31:34,143 - INFO - Processing /viper/ptmp/arego/RC4K1/11882.h5
2025-09-19 04:31:34,385 - INFO - File 12404: Filtered 9870893 hits and 7 records
2025-09-19 04:31:34,783 - INFO - Processing /viper/ptmp/arego/RC4K1/19753.h5
2025-09-19 04:31:34,891 - INFO - Processing /viper/ptmp/arego/RC4K1/1794.h5
2025-09-19 04:31:35,119 - INFO - File 13603: Filtered 9996555 hits and 8 records
2025-09-19 04:31:35,410 - INFO - File 8380: Filtered 8207636 hits and 11 records
2025-09-19 04:31:35,474 - INFO - File 1297: Filtered 10586065 hits and 10 records
2025-09-19 04:31:35,577 - INFO - Completed /viper/ptmp/arego/RC4K1_1/8421.h5 in 6.49 seconds
2025-09-19 04:31:35,582 - INFO - Completed /viper/ptmp/arego/RC4K1_1/21735.h5 in 10.95 seconds
2025-09-19 04:31:35,782 - INFO - Processing /viper/ptmp/arego/RC4K1/12229.h5
2025-09-19 04:31:35,814 - INFO - Completed /viper/ptmp/arego/RC4K1_1/16082.h5 in 7.68 seconds
2025-09-19 04:31:35,896 - INFO - Completed /viper/ptmp/arego/RC4K1_1/9968.h5 in 7.48 seconds
2025-09-19 04:31:36,080 - INFO - Completed /viper/ptmp/arego/RC4K1_1/10650.h5 in 9.45 seconds
2025-09-19 04:31:36,302 - INFO - Processing /viper/ptmp/arego/RC4K1/18926.h5
2025-09-19 04:31:36,434 - INFO - Processing /viper/ptmp/arego/RC4K1/25964.h5
2025-09-19 04:31:36,436 - INFO - Completed /viper/ptmp/arego/RC4K1_1/29283.h5 in 38.44 seconds
2025-09-19 04:31:36,507 - INFO - File 17329: Filtered 7437530 hits and 6 records
2025-09-19 04:31:36,550 - INFO - Processing /viper/ptmp/arego/RC4K1/24068.h5
2025-09-19 04:31:36,614 - INFO - Completed /viper/ptmp/arego/RC4K1_1/12404.h5 in 6.52 seconds
2025-09-19 04:31:36,669 - INFO - File 11438: Filtered 13872081 hits and 11 records
2025-09-19 04:31:36,672 - INFO - File 3164: Filtered 3942961 hits and 6 records
2025-09-19 04:31:36,811 - INFO - Completed /viper/ptmp/arego/RC4K1_1/18179.h5 in 6.85 seconds
2025-09-19 04:31:37,078 - INFO - Processing /viper/ptmp/arego/RC4K1/19018.h5
2025-09-19 04:31:37,205 - INFO - Completed /viper/ptmp/arego/RC4K1_1/11438.h5 in 6.64 seconds
2025-09-19 04:31:37,355 - INFO - Processing /viper/ptmp/arego/RC4K1/18105.h5
2025-09-19 04:31:37,574 - INFO - Completed /viper/ptmp/arego/RC4K1_1/13603.h5 in 6.45 seconds
2025-09-19 04:31:37,642 - INFO - File 26796: Filtered 6408393 hits and 6 records
2025-09-19 04:31:37,706 - INFO - Processing /viper/ptmp/arego/RC4K1/6406.h5
2025-09-19 04:31:38,047 - INFO - File 11882: Filtered 11253561 hits and 10 records
2025-09-19 04:31:38,168 - INFO - File 8321: Filtered 13794364 hits and 11 records
2025-09-19 04:31:38,171 - INFO - Processing /viper/ptmp/arego/RC4K1/10919.h5
2025-09-19 04:31:38,305 - INFO - Processing /viper/ptmp/arego/RC4K1/2053.h5
2025-09-19 04:31:38,381 - INFO - Completed /viper/ptmp/arego/RC4K1_1/2442.h5 in 12.21 seconds
2025-09-19 04:31:38,517 - INFO - Processing /viper/ptmp/arego/RC4K1/480.h5
2025-09-19 04:31:38,652 - INFO - Completed /viper/ptmp/arego/RC4K1_1/1297.h5 in 7.30 seconds
2025-09-19 04:31:38,873 - ERROR - Error processing /viper/ptmp/arego/RC4K1/8380.h5: low >= high
2025-09-19 04:31:38,911 - INFO - File 12816: Filtered 10061720 hits and 7 records
2025-09-19 04:31:38,924 - INFO - File 1794: Filtered 10474512 hits and 7 records
2025-09-19 04:31:39,015 - INFO - File 22292: Filtered 10140292 hits and 7 records
2025-09-19 04:31:39,231 - INFO - Processing /viper/ptmp/arego/RC4K1/17555.h5
2025-09-19 04:31:39,622 - INFO - Processing /viper/ptmp/arego/RC4K1/13493.h5
2025-09-19 04:31:39,802 - INFO - Processing /viper/ptmp/arego/RC4K1/19956.h5
2025-09-19 04:31:40,004 - INFO - Completed /viper/ptmp/arego/RC4K1_1/17329.h5 in 7.21 seconds
2025-09-19 04:31:40,236 - INFO - Processing /viper/ptmp/arego/RC4K1/3343.h5
2025-09-19 04:31:40,317 - INFO - File 12229: Filtered 11668635 hits and 8 records
2025-09-19 04:31:40,398 - INFO - Completed /viper/ptmp/arego/RC4K1_1/8321.h5 in 6.92 seconds
2025-09-19 04:31:40,561 - INFO - Completed /viper/ptmp/arego/RC4K1_1/11882.h5 in 6.42 seconds
2025-09-19 04:31:40,690 - INFO - Processing /viper/ptmp/arego/RC4K1/6463.h5
2025-09-19 04:31:40,697 - INFO - File 25964: Filtered 14640901 hits and 7 records
2025-09-19 04:31:40,769 - INFO - Processing /viper/ptmp/arego/RC4K1/25625.h5
2025-09-19 04:31:40,888 - INFO - File 19753: Filtered 7139913 hits and 4 records
2025-09-19 04:31:40,932 - INFO - Processing /viper/ptmp/arego/RC4K1/15009.h5
2025-09-19 04:31:41,131 - INFO - Completed /viper/ptmp/arego/RC4K1_1/12816.h5 in 7.83 seconds
2025-09-19 04:31:41,416 - INFO - Completed /viper/ptmp/arego/RC4K1_1/1794.h5 in 6.53 seconds
2025-09-19 04:31:41,622 - INFO - Completed /viper/ptmp/arego/RC4K1_1/26796.h5 in 9.76 seconds
2025-09-19 04:31:41,723 - INFO - Processing /viper/ptmp/arego/RC4K1/11185.h5
2025-09-19 04:31:41,728 - INFO - Completed /viper/ptmp/arego/RC4K1_1/25964.h5 in 5.29 seconds
2025-09-19 04:31:41,895 - INFO - File 18105: Filtered 9806647 hits and 9 records
2025-09-19 04:31:41,975 - INFO - File 18926: Filtered 13430829 hits and 10 records
2025-09-19 04:31:42,110 - INFO - Processing /viper/ptmp/arego/RC4K1/5527.h5
2025-09-19 04:31:42,232 - INFO - Completed /viper/ptmp/arego/RC4K1_1/3164.h5 in 12.90 seconds
2025-09-19 04:31:42,447 - INFO - File 6406: Filtered 18295689 hits and 10 records
2025-09-19 04:31:42,466 - INFO - File 24068: Filtered 9449111 hits and 8 records
2025-09-19 04:31:42,528 - INFO - File 2053: Filtered 16096190 hits and 12 records
2025-09-19 04:31:42,599 - INFO - File 19018: Filtered 10076375 hits and 8 records
2025-09-19 04:31:42,607 - INFO - Processing /viper/ptmp/arego/RC4K1/13150.h5
2025-09-19 04:31:42,652 - INFO - Completed /viper/ptmp/arego/RC4K1_1/12229.h5 in 6.87 seconds
2025-09-19 04:31:42,920 - INFO - File 480: Filtered 16455047 hits and 10 records
2025-09-19 04:31:43,021 - INFO - Completed /viper/ptmp/arego/RC4K1_1/22292.h5 in 8.88 seconds
2025-09-19 04:31:43,165 - INFO - Completed /viper/ptmp/arego/RC4K1_1/2053.h5 in 4.86 seconds
2025-09-19 04:31:43,265 - INFO - Processing /viper/ptmp/arego/RC4K1/18668.h5
2025-09-19 04:31:43,519 - INFO - Completed /viper/ptmp/arego/RC4K1_1/6406.h5 in 5.81 seconds
2025-09-19 04:31:43,569 - INFO - Processing /viper/ptmp/arego/RC4K1/225.h5
2025-09-19 04:31:43,629 - INFO - Processing /viper/ptmp/arego/RC4K1/6381.h5
2025-09-19 04:31:43,800 - INFO - File 13493: Filtered 12211739 hits and 8 records
2025-09-19 04:31:43,863 - INFO - File 17555: Filtered 4853836 hits and 3 records
2025-09-19 04:31:44,126 - INFO - File 10919: Filtered 13643857 hits and 8 records
2025-09-19 04:31:44,280 - INFO - File 19956: Filtered 17723626 hits and 10 records
2025-09-19 04:31:44,300 - INFO - Processing /viper/ptmp/arego/RC4K1/28918.h5
2025-09-19 04:31:44,328 - INFO - Processing /viper/ptmp/arego/RC4K1/6086.h5
2025-09-19 04:31:44,449 - INFO - Completed /viper/ptmp/arego/RC4K1_1/18926.h5 in 8.15 seconds
2025-09-19 04:31:44,465 - INFO - Processing /viper/ptmp/arego/RC4K1/25367.h5
2025-09-19 04:31:44,506 - INFO - Completed /viper/ptmp/arego/RC4K1_1/19753.h5 in 9.72 seconds
2025-09-19 04:31:44,546 - INFO - Completed /viper/ptmp/arego/RC4K1_1/480.h5 in 6.03 seconds
2025-09-19 04:31:44,612 - INFO - Completed /viper/ptmp/arego/RC4K1_1/18105.h5 in 7.26 seconds
2025-09-19 04:31:44,741 - INFO - Completed /viper/ptmp/arego/RC4K1_1/24068.h5 in 8.19 seconds
2025-09-19 04:31:44,790 - INFO - File 6463: Filtered 9252812 hits and 8 records
2025-09-19 04:31:44,899 - INFO - Processing /viper/ptmp/arego/RC4K1/6985.h5
2025-09-19 04:31:45,300 - INFO - Completed /viper/ptmp/arego/RC4K1_1/10919.h5 in 7.13 seconds
2025-09-19 04:31:45,485 - INFO - Processing /viper/ptmp/arego/RC4K1/22289.h5
2025-09-19 04:31:45,495 - INFO - Processing /viper/ptmp/arego/RC4K1/6168.h5
2025-09-19 04:31:45,508 - INFO - Processing /viper/ptmp/arego/RC4K1/2213.h5
2025-09-19 04:31:45,548 - INFO - Completed /viper/ptmp/arego/RC4K1_1/19956.h5 in 5.75 seconds
2025-09-19 04:31:45,744 - INFO - File 25625: Filtered 10410866 hits and 7 records
2025-09-19 04:31:45,793 - INFO - File 11185: Filtered 15346218 hits and 9 records
2025-09-19 04:31:46,046 - INFO - Processing /viper/ptmp/arego/RC4K1/14335.h5
2025-09-19 04:31:46,072 - INFO - Completed /viper/ptmp/arego/RC4K1_1/13493.h5 in 6.45 seconds
2025-09-19 04:31:46,367 - INFO - Processing /viper/ptmp/arego/RC4K1/17016.h5
2025-09-19 04:31:46,427 - INFO - Completed /viper/ptmp/arego/RC4K1_1/19018.h5 in 9.35 seconds
2025-09-19 04:31:46,475 - INFO - Processing /viper/ptmp/arego/RC4K1/20940.h5
2025-09-19 04:31:46,494 - INFO - File 3343: Filtered 7168660 hits and 5 records
2025-09-19 04:31:46,708 - INFO - Completed /viper/ptmp/arego/RC4K1_1/11185.h5 in 4.98 seconds
2025-09-19 04:31:46,849 - INFO - File 13150: Filtered 8848752 hits and 7 records
2025-09-19 04:31:46,869 - INFO - Processing /viper/ptmp/arego/RC4K1/25019.h5
2025-09-19 04:31:47,456 - INFO - Processing /viper/ptmp/arego/RC4K1/14769.h5
2025-09-19 04:31:47,498 - INFO - File 15009: Filtered 6588125 hits and 8 records
2025-09-19 04:31:47,654 - INFO - Processing /viper/ptmp/arego/RC4K1/23090.h5
2025-09-19 04:31:47,925 - INFO - Completed /viper/ptmp/arego/RC4K1_1/6463.h5 in 7.24 seconds
2025-09-19 04:31:48,628 - INFO - File 6381: Filtered 8568254 hits and 5 records
2025-09-19 04:31:48,631 - INFO - Processing /viper/ptmp/arego/RC4K1/16897.h5
2025-09-19 04:31:48,849 - INFO - Completed /viper/ptmp/arego/RC4K1_1/17555.h5 in 9.62 seconds
2025-09-19 04:31:48,879 - INFO - File 225: Filtered 15947178 hits and 9 records
2025-09-19 04:31:48,891 - INFO - File 5527: Filtered 13251222 hits and 7 records
2025-09-19 04:31:49,043 - INFO - Completed /viper/ptmp/arego/RC4K1_1/25625.h5 in 8.27 seconds
2025-09-19 04:31:49,303 - INFO - File 25367: Filtered 5981327 hits and 6 records
2025-09-19 04:31:49,396 - INFO - File 28918: Filtered 11772266 hits and 6 records
2025-09-19 04:31:49,411 - INFO - File 6985: Filtered 7675887 hits and 8 records
2025-09-19 04:31:49,543 - INFO - Processing /viper/ptmp/arego/RC4K1/12838.h5
2025-09-19 04:31:49,723 - INFO - Processing /viper/ptmp/arego/RC4K1/13517.h5
2025-09-19 04:31:50,041 - INFO - Completed /viper/ptmp/arego/RC4K1_1/5527.h5 in 7.93 seconds
2025-09-19 04:31:50,452 - INFO - Processing /viper/ptmp/arego/RC4K1/13665.h5
2025-09-19 04:31:50,473 - INFO - Processing /viper/ptmp/arego/RC4K1/23400.h5
2025-09-19 04:31:50,740 - INFO - Completed /viper/ptmp/arego/RC4K1_1/13150.h5 in 8.13 seconds
2025-09-19 04:31:50,854 - INFO - File 18668: Filtered 8985348 hits and 6 records
2025-09-19 04:31:50,883 - INFO - Completed /viper/ptmp/arego/RC4K1_1/3343.h5 in 10.65 seconds
2025-09-19 04:31:50,966 - INFO - File 22289: Filtered 12989570 hits and 8 records
2025-09-19 04:31:50,973 - INFO - File 14335: Filtered 8519395 hits and 9 records
2025-09-19 04:31:51,346 - INFO - Processing /viper/ptmp/arego/RC4K1/16988.h5
2025-09-19 04:31:51,439 - INFO - Completed /viper/ptmp/arego/RC4K1_1/225.h5 in 7.87 seconds
2025-09-19 04:31:51,664 - INFO - File 17016: Filtered 11091707 hits and 7 records
2025-09-19 04:31:51,871 - INFO - Processing /viper/ptmp/arego/RC4K1/10721.h5
2025-09-19 04:31:51,900 - INFO - Processing /viper/ptmp/arego/RC4K1/29139.h5
2025-09-19 04:31:51,911 - INFO - File 2213: Filtered 11992210 hits and 8 records
2025-09-19 04:31:52,030 - INFO - Completed /viper/ptmp/arego/RC4K1_1/15009.h5 in 11.10 seconds
2025-09-19 04:31:52,162 - INFO - File 25019: Filtered 13065605 hits and 5 records
2025-09-19 04:31:52,226 - INFO - File 6086: Filtered 8286979 hits and 6 records
2025-09-19 04:31:52,610 - INFO - File 14769: Filtered 9597737 hits and 8 records
2025-09-19 04:31:52,897 - INFO - Completed /viper/ptmp/arego/RC4K1_1/6381.h5 in 9.27 seconds
2025-09-19 04:31:53,049 - INFO - Processing /viper/ptmp/arego/RC4K1/18624.h5
2025-09-19 04:31:53,363 - INFO - Completed /viper/ptmp/arego/RC4K1_1/22289.h5 in 7.88 seconds
2025-09-19 04:31:53,480 - INFO - Completed /viper/ptmp/arego/RC4K1_1/28918.h5 in 9.18 seconds
2025-09-19 04:31:53,546 - INFO - Processing /viper/ptmp/arego/RC4K1/15006.h5
2025-09-19 04:31:53,869 - INFO - File 6168: Filtered 5608423 hits and 10 records
2025-09-19 04:31:53,873 - INFO - File 16897: Filtered 15621897 hits and 7 records
2025-09-19 04:31:53,983 - INFO - Processing /viper/ptmp/arego/RC4K1/1819.h5
2025-09-19 04:31:54,062 - INFO - Completed /viper/ptmp/arego/RC4K1_1/6985.h5 in 9.16 seconds
2025-09-19 04:31:54,194 - INFO - File 20940: Filtered 11485632 hits and 7 records
2025-09-19 04:31:54,513 - INFO - Processing /viper/ptmp/arego/RC4K1/17414.h5
2025-09-19 04:31:54,605 - INFO - Completed /viper/ptmp/arego/RC4K1_1/25367.h5 in 10.14 seconds
2025-09-19 04:31:54,625 - INFO - Completed /viper/ptmp/arego/RC4K1_1/17016.h5 in 8.26 seconds
2025-09-19 04:31:54,674 - INFO - File 13517: Filtered 12626611 hits and 8 records
2025-09-19 04:31:54,790 - INFO - Completed /viper/ptmp/arego/RC4K1_1/18668.h5 in 11.52 seconds
2025-09-19 04:31:54,837 - INFO - File 12838: Filtered 15552231 hits and 7 records
2025-09-19 04:31:54,846 - INFO - Processing /viper/ptmp/arego/RC4K1/18766.h5
2025-09-19 04:31:54,864 - INFO - File 13665: Filtered 11771861 hits and 7 records
2025-09-19 04:31:55,049 - INFO - Completed /viper/ptmp/arego/RC4K1_1/25019.h5 in 8.18 seconds
2025-09-19 04:31:55,124 - INFO - Completed /viper/ptmp/arego/RC4K1_1/14335.h5 in 9.08 seconds
2025-09-19 04:31:55,134 - INFO - Completed /viper/ptmp/arego/RC4K1_1/16897.h5 in 6.50 seconds
2025-09-19 04:31:55,485 - INFO - Processing /viper/ptmp/arego/RC4K1/15379.h5
2025-09-19 04:31:55,505 - INFO - Processing /viper/ptmp/arego/RC4K1/16381.h5
2025-09-19 04:31:55,704 - INFO - Processing /viper/ptmp/arego/RC4K1/13684.h5
2025-09-19 04:31:55,880 - INFO - Completed /viper/ptmp/arego/RC4K1_1/14769.h5 in 8.42 seconds
2025-09-19 04:31:55,969 - INFO - File 16988: Filtered 8978769 hits and 7 records
2025-09-19 04:31:56,010 - INFO - File 23090: Filtered 10241636 hits and 8 records
2025-09-19 04:31:56,134 - INFO - Processing /viper/ptmp/arego/RC4K1/11777.h5
2025-09-19 04:31:56,222 - INFO - Completed /viper/ptmp/arego/RC4K1_1/2213.h5 in 10.71 seconds
2025-09-19 04:31:56,352 - INFO - Processing /viper/ptmp/arego/RC4K1/14575.h5
2025-09-19 04:31:56,405 - INFO - Completed /viper/ptmp/arego/RC4K1_1/6086.h5 in 12.08 seconds
2025-09-19 04:31:56,430 - INFO - Completed /viper/ptmp/arego/RC4K1_1/20940.h5 in 9.95 seconds
2025-09-19 04:31:56,790 - INFO - Processing /viper/ptmp/arego/RC4K1/26542.h5
2025-09-19 04:31:56,814 - INFO - Completed /viper/ptmp/arego/RC4K1_1/13517.h5 in 7.09 seconds
2025-09-19 04:31:56,989 - INFO - Processing /viper/ptmp/arego/RC4K1/13617.h5
2025-09-19 04:31:57,006 - INFO - Processing /viper/ptmp/arego/RC4K1/24037.h5
2025-09-19 04:31:57,194 - INFO - Completed /viper/ptmp/arego/RC4K1_1/12838.h5 in 7.65 seconds
2025-09-19 04:31:57,220 - INFO - File 10721: Filtered 12755505 hits and 7 records
2025-09-19 04:31:57,692 - INFO - Processing /viper/ptmp/arego/RC4K1/755.h5
2025-09-19 04:31:57,828 - INFO - Processing /viper/ptmp/arego/RC4K1/24471.h5
2025-09-19 04:31:58,107 - INFO - File 15006: Filtered 5874187 hits and 6 records
2025-09-19 04:31:58,166 - INFO - Completed /viper/ptmp/arego/RC4K1_1/13665.h5 in 7.71 seconds
2025-09-19 04:31:58,344 - INFO - Processing /viper/ptmp/arego/RC4K1/4797.h5
2025-09-19 04:31:58,636 - INFO - Completed /viper/ptmp/arego/RC4K1_1/6168.h5 in 13.14 seconds
2025-09-19 04:31:58,687 - INFO - File 23400: Filtered 8352316 hits and 10 records
2025-09-19 04:31:58,745 - INFO - Completed /viper/ptmp/arego/RC4K1_1/23090.h5 in 11.09 seconds
2025-09-19 04:31:58,848 - INFO - Processing /viper/ptmp/arego/RC4K1/2645.h5
2025-09-19 04:31:58,895 - INFO - Processing /viper/ptmp/arego/RC4K1/28298.h5
2025-09-19 04:31:59,324 - INFO - File 17414: Filtered 13807254 hits and 9 records
2025-09-19 04:31:59,381 - INFO - Processing /viper/ptmp/arego/RC4K1/4926.h5
2025-09-19 04:31:59,600 - INFO - Completed /viper/ptmp/arego/RC4K1_1/16988.h5 in 8.25 seconds
2025-09-19 04:31:59,602 - INFO - File 29139: Filtered 2844217 hits and 5 records
2025-09-19 04:31:59,930 - INFO - File 18766: Filtered 3063369 hits and 7 records
2025-09-19 04:32:00,127 - INFO - File 1819: Filtered 13948645 hits and 6 records
2025-09-19 04:32:00,440 - INFO - Processing /viper/ptmp/arego/RC4K1/21279.h5
2025-09-19 04:32:00,587 - INFO - File 18624: Filtered 9906431 hits and 7 records
2025-09-19 04:32:00,743 - INFO - Processing /viper/ptmp/arego/RC4K1/19537.h5
2025-09-19 04:32:01,036 - INFO - File 13684: Filtered 9536135 hits and 7 records
2025-09-19 04:32:01,111 - INFO - File 15379: Filtered 6771133 hits and 5 records
2025-09-19 04:32:01,300 - INFO - Completed /viper/ptmp/arego/RC4K1_1/10721.h5 in 9.43 seconds
2025-09-19 04:32:01,799 - INFO - Processing /viper/ptmp/arego/RC4K1/10290.h5
2025-09-19 04:32:01,861 - INFO - Completed /viper/ptmp/arego/RC4K1_1/17414.h5 in 7.35 seconds
2025-09-19 04:32:01,960 - INFO - File 14575: Filtered 22227946 hits and 10 records
2025-09-19 04:32:02,075 - INFO - File 11777: Filtered 11890476 hits and 7 records
2025-09-19 04:32:02,455 - INFO - Processing /viper/ptmp/arego/RC4K1/8832.h5
2025-09-19 04:32:02,625 - INFO - Completed /viper/ptmp/arego/RC4K1_1/14575.h5 in 6.27 seconds
2025-09-19 04:32:02,848 - INFO - Processing /viper/ptmp/arego/RC4K1/12722.h5
2025-09-19 04:32:02,930 - INFO - File 13617: Filtered 4733596 hits and 5 records
2025-09-19 04:32:03,169 - INFO - Completed /viper/ptmp/arego/RC4K1_1/23400.h5 in 12.70 seconds
2025-09-19 04:32:03,429 - INFO - File 26542: Filtered 10796230 hits and 10 records
2025-09-19 04:32:03,593 - INFO - File 24471: Filtered 16162984 hits and 5 records
2025-09-19 04:32:03,629 - INFO - File 755: Filtered 15928663 hits and 7 records
2025-09-19 04:32:03,827 - INFO - Completed /viper/ptmp/arego/RC4K1_1/15006.h5 in 10.28 seconds
2025-09-19 04:32:03,950 - INFO - File 28298: Filtered 10728545 hits and 6 records
2025-09-19 04:32:03,975 - INFO - File 16381: Filtered 9606259 hits and 8 records
2025-09-19 04:32:04,020 - INFO - Processing /viper/ptmp/arego/RC4K1/10608.h5
2025-09-19 04:32:04,185 - INFO - Completed /viper/ptmp/arego/RC4K1_1/18624.h5 in 11.14 seconds
2025-09-19 04:32:04,415 - INFO - Completed /viper/ptmp/arego/RC4K1_1/1819.h5 in 10.43 seconds
2025-09-19 04:32:04,587 - INFO - Processing /viper/ptmp/arego/RC4K1/5929.h5
2025-09-19 04:32:04,590 - INFO - File 24037: Filtered 15487226 hits and 8 records
2025-09-19 04:32:04,867 - INFO - Processing /viper/ptmp/arego/RC4K1/13340.h5
2025-09-19 04:32:05,156 - INFO - File 2645: Filtered 10705200 hits and 6 records
2025-09-19 04:32:05,166 - INFO - Completed /viper/ptmp/arego/RC4K1_1/24471.h5 in 7.34 seconds
2025-09-19 04:32:05,456 - INFO - Processing /viper/ptmp/arego/RC4K1/1459.h5
2025-09-19 04:32:05,518 - INFO - Completed /viper/ptmp/arego/RC4K1_1/24037.h5 in 8.51 seconds
2025-09-19 04:32:05,643 - INFO - Completed /viper/ptmp/arego/RC4K1_1/13684.h5 in 9.94 seconds
2025-09-19 04:32:05,846 - INFO - Completed /viper/ptmp/arego/RC4K1_1/11777.h5 in 9.71 seconds
2025-09-19 04:32:05,852 - INFO - Processing /viper/ptmp/arego/RC4K1/23884.h5
2025-09-19 04:32:05,972 - INFO - File 21279: Filtered 7600473 hits and 6 records
2025-09-19 04:32:06,033 - INFO - Completed /viper/ptmp/arego/RC4K1_1/29139.h5 in 14.13 seconds
2025-09-19 04:32:06,064 - INFO - Processing /viper/ptmp/arego/RC4K1/21311.h5
2025-09-19 04:32:06,316 - INFO - Completed /viper/ptmp/arego/RC4K1_1/15379.h5 in 10.83 seconds
2025-09-19 04:32:06,316 - INFO - Completed /viper/ptmp/arego/RC4K1_1/755.h5 in 8.62 seconds
2025-09-19 04:32:06,468 - INFO - Processing /viper/ptmp/arego/RC4K1/17962.h5
2025-09-19 04:32:06,492 - INFO - File 10290: Filtered 20506524 hits and 11 records
2025-09-19 04:32:06,859 - INFO - File 4797: Filtered 10939643 hits and 9 records
2025-09-19 04:32:07,031 - INFO - Completed /viper/ptmp/arego/RC4K1_1/18766.h5 in 12.18 seconds
2025-09-19 04:32:07,034 - INFO - Processing /viper/ptmp/arego/RC4K1/29630.h5
2025-09-19 04:32:07,063 - INFO - Processing /viper/ptmp/arego/RC4K1/16884.h5
2025-09-19 04:32:07,392 - INFO - File 8832: Filtered 13245770 hits and 2 records
2025-09-19 04:32:07,546 - INFO - File 4926: Filtered 10332928 hits and 9 records
2025-09-19 04:32:07,575 - INFO - Processing /viper/ptmp/arego/RC4K1/10765.h5
2025-09-19 04:32:07,662 - INFO - Completed /viper/ptmp/arego/RC4K1_1/10290.h5 in 5.86 seconds
2025-09-19 04:32:07,752 - INFO - File 12722: Filtered 12365387 hits and 5 records
2025-09-19 04:32:07,820 - INFO - Completed /viper/ptmp/arego/RC4K1_1/28298.h5 in 8.92 seconds
2025-09-19 04:32:07,849 - INFO - Completed /viper/ptmp/arego/RC4K1_1/26542.h5 in 11.06 seconds
2025-09-19 04:32:07,869 - INFO - Processing /viper/ptmp/arego/RC4K1/19143.h5
2025-09-19 04:32:07,967 - INFO - Completed /viper/ptmp/arego/RC4K1_1/16381.h5 in 12.46 seconds
2025-09-19 04:32:07,972 - INFO - Processing /viper/ptmp/arego/RC4K1/15813.h5
2025-09-19 04:32:08,330 - INFO - Completed /viper/ptmp/arego/RC4K1_1/2645.h5 in 9.48 seconds
2025-09-19 04:32:08,366 - INFO - Completed /viper/ptmp/arego/RC4K1_1/13617.h5 in 11.38 seconds
2025-09-19 04:32:08,662 - INFO - Processing /viper/ptmp/arego/RC4K1/27358.h5
2025-09-19 04:32:08,690 - INFO - Processing /viper/ptmp/arego/RC4K1/2502.h5
2025-09-19 04:32:08,704 - INFO - Processing /viper/ptmp/arego/RC4K1/3588.h5
2025-09-19 04:32:08,955 - INFO - File 19537: Filtered 10524040 hits and 8 records
2025-09-19 04:32:09,265 - INFO - Processing /viper/ptmp/arego/RC4K1/14180.h5
2025-09-19 04:32:09,342 - INFO - File 5929: Filtered 11103885 hits and 7 records
2025-09-19 04:32:09,783 - INFO - Processing /viper/ptmp/arego/RC4K1/2710.h5
2025-09-19 04:32:09,825 - INFO - Processing /viper/ptmp/arego/RC4K1/19362.h5
2025-09-19 04:32:09,868 - INFO - Completed /viper/ptmp/arego/RC4K1_1/4797.h5 in 11.52 seconds
2025-09-19 04:32:09,913 - INFO - Completed /viper/ptmp/arego/RC4K1_1/8832.h5 in 7.46 seconds
2025-09-19 04:32:10,216 - INFO - Completed /viper/ptmp/arego/RC4K1_1/21279.h5 in 9.78 seconds
2025-09-19 04:32:10,632 - INFO - Processing /viper/ptmp/arego/RC4K1/72.h5
2025-09-19 04:32:10,745 - INFO - Processing /viper/ptmp/arego/RC4K1/17685.h5
2025-09-19 04:32:10,993 - INFO - Completed /viper/ptmp/arego/RC4K1_1/4926.h5 in 11.61 seconds
2025-09-19 04:32:11,004 - INFO - File 13340: Filtered 13891161 hits and 5 records
2025-09-19 04:32:11,029 - INFO - File 23884: Filtered 7151126 hits and 7 records
2025-09-19 04:32:11,155 - INFO - File 21311: Filtered 11073083 hits and 7 records
2025-09-19 04:32:11,607 - INFO - Completed /viper/ptmp/arego/RC4K1_1/12722.h5 in 8.76 seconds
2025-09-19 04:32:11,711 - INFO - Processing /viper/ptmp/arego/RC4K1/25063.h5
2025-09-19 04:32:11,921 - INFO - File 10608: Filtered 11319327 hits and 10 records
2025-09-19 04:32:12,208 - INFO - Processing /viper/ptmp/arego/RC4K1/22258.h5
2025-09-19 04:32:12,330 - INFO - Processing /viper/ptmp/arego/RC4K1/21301.h5
2025-09-19 04:32:12,451 - INFO - Completed /viper/ptmp/arego/RC4K1_1/19537.h5 in 11.71 seconds
2025-09-19 04:32:12,487 - INFO - File 29630: Filtered 11765927 hits and 10 records
2025-09-19 04:32:12,749 - INFO - Completed /viper/ptmp/arego/RC4K1_1/5929.h5 in 8.16 seconds
2025-09-19 04:32:13,100 - INFO - File 1459: Filtered 12779272 hits and 8 records
2025-09-19 04:32:13,360 - INFO - File 16884: Filtered 13703745 hits and 8 records
2025-09-19 04:32:13,499 - INFO - Processing /viper/ptmp/arego/RC4K1/10397.h5
2025-09-19 04:32:13,590 - INFO - File 15813: Filtered 13628844 hits and 6 records
2025-09-19 04:32:13,894 - INFO - Processing /viper/ptmp/arego/RC4K1/14264.h5
2025-09-19 04:32:14,382 - INFO - File 19143: Filtered 8340327 hits and 10 records
2025-09-19 04:32:14,996 - INFO - Completed /viper/ptmp/arego/RC4K1_1/10608.h5 in 10.98 seconds
2025-09-19 04:32:15,027 - INFO - File 14180: Filtered 8960533 hits and 7 records
2025-09-19 04:32:15,066 - INFO - File 3588: Filtered 13796044 hits and 11 records
2025-09-19 04:32:15,067 - INFO - File 2502: Filtered 16186073 hits and 8 records
2025-09-19 04:32:15,113 - INFO - Completed /viper/ptmp/arego/RC4K1_1/1459.h5 in 9.66 seconds
2025-09-19 04:32:15,363 - INFO - Completed /viper/ptmp/arego/RC4K1_1/13340.h5 in 10.50 seconds
2025-09-19 04:32:15,606 - INFO - Processing /viper/ptmp/arego/RC4K1/9467.h5
2025-09-19 04:32:15,726 - INFO - Completed /viper/ptmp/arego/RC4K1_1/21311.h5 in 9.66 seconds
2025-09-19 04:32:15,860 - INFO - Processing /viper/ptmp/arego/RC4K1/29227.h5
2025-09-19 04:32:15,951 - INFO - File 10765: Filtered 11878861 hits and 4 records
2025-09-19 04:32:16,029 - INFO - File 17962: Filtered 5084729 hits and 5 records
2025-09-19 04:32:16,400 - INFO - File 19362: Filtered 16431903 hits and 8 records
2025-09-19 04:32:16,469 - INFO - Completed /viper/ptmp/arego/RC4K1_1/29630.h5 in 9.44 seconds
2025-09-19 04:32:16,486 - INFO - File 2710: Filtered 13591759 hits and 9 records
2025-09-19 04:32:16,635 - INFO - Completed /viper/ptmp/arego/RC4K1_1/23884.h5 in 10.78 seconds
2025-09-19 04:32:16,713 - INFO - Processing /viper/ptmp/arego/RC4K1/14915.h5
2025-09-19 04:32:17,021 - INFO - Processing /viper/ptmp/arego/RC4K1/22235.h5
2025-09-19 04:32:17,056 - INFO - Processing /viper/ptmp/arego/RC4K1/14021.h5
2025-09-19 04:32:17,456 - INFO - File 17685: Filtered 7068121 hits and 6 records
2025-09-19 04:32:17,497 - INFO - Completed /viper/ptmp/arego/RC4K1_1/15813.h5 in 9.53 seconds
2025-09-19 04:32:17,531 - INFO - File 27358: Filtered 10114955 hits and 8 records
2025-09-19 04:32:17,916 - INFO - Processing /viper/ptmp/arego/RC4K1/19308.h5
2025-09-19 04:32:18,077 - INFO - File 22258: Filtered 11474394 hits and 6 records
2025-09-19 04:32:18,105 - INFO - Completed /viper/ptmp/arego/RC4K1_1/3588.h5 in 9.40 seconds
2025-09-19 04:32:18,167 - INFO - Processing /viper/ptmp/arego/RC4K1/6909.h5
2025-09-19 04:32:18,442 - INFO - File 25063: Filtered 10214125 hits and 6 records
2025-09-19 04:32:18,490 - INFO - Completed /viper/ptmp/arego/RC4K1_1/16884.h5 in 11.43 seconds
2025-09-19 04:32:18,546 - INFO - Completed /viper/ptmp/arego/RC4K1_1/2502.h5 in 9.86 seconds
2025-09-19 04:32:18,921 - INFO - Processing /viper/ptmp/arego/RC4K1/25857.h5
2025-09-19 04:32:19,291 - INFO - Processing /viper/ptmp/arego/RC4K1/17503.h5
2025-09-19 04:32:19,336 - INFO - Completed /viper/ptmp/arego/RC4K1_1/2710.h5 in 9.55 seconds
2025-09-19 04:32:19,430 - ERROR - Error processing /viper/ptmp/arego/RC4K1/19143.h5: low >= high
2025-09-19 04:32:19,456 - INFO - File 10397: Filtered 10486771 hits and 7 records
2025-09-19 04:32:19,543 - INFO - Completed /viper/ptmp/arego/RC4K1_1/10765.h5 in 11.97 seconds
2025-09-19 04:32:19,639 - INFO - File 72: Filtered 8269446 hits and 5 records
2025-09-19 04:32:19,639 - INFO - Processing /viper/ptmp/arego/RC4K1/16113.h5
2025-09-19 04:32:19,656 - INFO - Completed /viper/ptmp/arego/RC4K1_1/19362.h5 in 9.83 seconds
2025-09-19 04:32:20,209 - INFO - Processing /viper/ptmp/arego/RC4K1/29185.h5
2025-09-19 04:32:20,320 - INFO - Processing /viper/ptmp/arego/RC4K1/4402.h5
2025-09-19 04:32:20,448 - INFO - Processing /viper/ptmp/arego/RC4K1/1350.h5
2025-09-19 04:32:20,456 - INFO - Completed /viper/ptmp/arego/RC4K1_1/14180.h5 in 11.19 seconds
2025-09-19 04:32:20,908 - INFO - Processing /viper/ptmp/arego/RC4K1/8233.h5
2025-09-19 04:32:21,330 - INFO - Processing /viper/ptmp/arego/RC4K1/23275.h5
2025-09-19 04:32:21,354 - INFO - Completed /viper/ptmp/arego/RC4K1_1/27358.h5 in 12.69 seconds
2025-09-19 04:32:21,526 - INFO - File 21301: Filtered 10392460 hits and 5 records
2025-09-19 04:32:21,940 - INFO - File 14915: Filtered 20176408 hits and 6 records
2025-09-19 04:32:21,973 - INFO - File 22235: Filtered 15410580 hits and 7 records
2025-09-19 04:32:22,094 - INFO - Completed /viper/ptmp/arego/RC4K1_1/25063.h5 in 10.38 seconds
2025-09-19 04:32:22,098 - INFO - Processing /viper/ptmp/arego/RC4K1/28925.h5
2025-09-19 04:32:22,226 - ERROR - Error processing /viper/ptmp/arego/RC4K1/17685.h5: low >= high
2025-09-19 04:32:22,424 - INFO - Completed /viper/ptmp/arego/RC4K1_1/17962.h5 in 15.96 seconds
2025-09-19 04:32:22,494 - INFO - File 29227: Filtered 10116572 hits and 7 records
2025-09-19 04:32:22,728 - INFO - Completed /viper/ptmp/arego/RC4K1_1/22258.h5 in 10.52 seconds
2025-09-19 04:32:22,913 - INFO - Completed /viper/ptmp/arego/RC4K1_1/10397.h5 in 9.41 seconds
2025-09-19 04:32:23,003 - INFO - Processing /viper/ptmp/arego/RC4K1/21933.h5
2025-09-19 04:32:23,243 - INFO - File 14264: Filtered 15887959 hits and 9 records
2025-09-19 04:32:23,257 - INFO - Processing /viper/ptmp/arego/RC4K1/22849.h5
2025-09-19 04:32:23,264 - INFO - File 19308: Filtered 19746427 hits and 5 records
2025-09-19 04:32:23,472 - INFO - File 6909: Filtered 10501353 hits and 7 records
2025-09-19 04:32:23,544 - INFO - Processing /viper/ptmp/arego/RC4K1/8598.h5
2025-09-19 04:32:23,886 - INFO - Processing /viper/ptmp/arego/RC4K1/5312.h5
2025-09-19 04:32:24,099 - INFO - Completed /viper/ptmp/arego/RC4K1_1/72.h5 in 13.47 seconds
2025-09-19 04:32:24,130 - INFO - Completed /viper/ptmp/arego/RC4K1_1/14915.h5 in 7.42 seconds
2025-09-19 04:32:24,328 - INFO - Completed /viper/ptmp/arego/RC4K1_1/22235.h5 in 7.31 seconds
2025-09-19 04:32:24,416 - INFO - Processing /viper/ptmp/arego/RC4K1/5367.h5
2025-09-19 04:32:24,760 - INFO - File 9467: Filtered 9868842 hits and 8 records
2025-09-19 04:32:24,769 - INFO - Completed /viper/ptmp/arego/RC4K1_1/14264.h5 in 10.88 seconds
2025-09-19 04:32:24,873 - INFO - Processing /viper/ptmp/arego/RC4K1/4425.h5
2025-09-19 04:32:24,878 - INFO - Processing /viper/ptmp/arego/RC4K1/22956.h5
2025-09-19 04:32:25,133 - INFO - File 17503: Filtered 11158738 hits and 10 records
2025-09-19 04:32:25,132 - INFO - Completed /viper/ptmp/arego/RC4K1_1/21301.h5 in 12.80 seconds
2025-09-19 04:32:25,720 - INFO - File 14021: Filtered 12971376 hits and 9 records
2025-09-19 04:32:25,757 - INFO - Processing /viper/ptmp/arego/RC4K1/18138.h5
2025-09-19 04:32:25,950 - INFO - Completed /viper/ptmp/arego/RC4K1_1/19308.h5 in 8.03 seconds
2025-09-19 04:32:26,080 - INFO - Processing /viper/ptmp/arego/RC4K1/26036.h5
2025-09-19 04:32:26,176 - INFO - File 25857: Filtered 16972807 hits and 7 records
2025-09-19 04:32:26,288 - INFO - Processing /viper/ptmp/arego/RC4K1/9221.h5
2025-09-19 04:32:26,291 - INFO - File 1350: Filtered 16268242 hits and 7 records
2025-09-19 04:32:26,651 - INFO - File 23275: Filtered 19818624 hits and 9 records
2025-09-19 04:32:27,033 - INFO - File 8233: Filtered 14161625 hits and 8 records
2025-09-19 04:32:27,269 - INFO - File 16113: Filtered 13390234 hits and 6 records
2025-09-19 04:32:27,297 - INFO - Processing /viper/ptmp/arego/RC4K1/22833.h5
2025-09-19 04:32:27,299 - INFO - File 4402: Filtered 21040110 hits and 9 records
2025-09-19 04:32:27,968 - INFO - Completed /viper/ptmp/arego/RC4K1_1/6909.h5 in 9.80 seconds
2025-09-19 04:32:28,183 - INFO - Completed /viper/ptmp/arego/RC4K1_1/14021.h5 in 11.13 seconds
2025-09-19 04:32:28,439 - INFO - File 29185: Filtered 12931963 hits and 8 records
2025-09-19 04:32:28,636 - INFO - Processing /viper/ptmp/arego/RC4K1/4213.h5
2025-09-19 04:32:28,664 - INFO - Completed /viper/ptmp/arego/RC4K1_1/1350.h5 in 8.22 seconds
2025-09-19 04:32:28,783 - INFO - Processing /viper/ptmp/arego/RC4K1/22640.h5
2025-09-19 04:32:28,815 - INFO - Completed /viper/ptmp/arego/RC4K1_1/9467.h5 in 13.21 seconds
2025-09-19 04:32:28,937 - INFO - File 22849: Filtered 17001923 hits and 9 records
2025-09-19 04:32:29,024 - INFO - Completed /viper/ptmp/arego/RC4K1_1/29227.h5 in 13.16 seconds
2025-09-19 04:32:29,181 - INFO - Completed /viper/ptmp/arego/RC4K1_1/23275.h5 in 7.85 seconds
2025-09-19 04:32:29,232 - INFO - Completed /viper/ptmp/arego/RC4K1_1/17503.h5 in 9.94 seconds
2025-09-19 04:32:29,531 - INFO - Completed /viper/ptmp/arego/RC4K1_1/4402.h5 in 9.21 seconds
2025-09-19 04:32:29,583 - INFO - Processing /viper/ptmp/arego/RC4K1/12202.h5
2025-09-19 04:32:29,594 - INFO - File 21933: Filtered 9689048 hits and 8 records
2025-09-19 04:32:29,903 - INFO - Completed /viper/ptmp/arego/RC4K1_1/25857.h5 in 10.98 seconds
2025-09-19 04:32:29,981 - INFO - Processing /viper/ptmp/arego/RC4K1/27932.h5
2025-09-19 04:32:29,997 - INFO - File 8598: Filtered 18009501 hits and 9 records
2025-09-19 04:32:30,089 - INFO - File 28925: Filtered 6712438 hits and 5 records
2025-09-19 04:32:30,214 - INFO - Processing /viper/ptmp/arego/RC4K1/11183.h5
2025-09-19 04:32:30,281 - INFO - File 5367: Filtered 11750169 hits and 6 records
2025-09-19 04:32:30,293 - INFO - Processing /viper/ptmp/arego/RC4K1/14128.h5
2025-09-19 04:32:30,674 - INFO - Completed /viper/ptmp/arego/RC4K1_1/8233.h5 in 9.77 seconds
2025-09-19 04:32:31,175 - INFO - Processing /viper/ptmp/arego/RC4K1/7428.h5
2025-09-19 04:32:31,359 - INFO - Processing /viper/ptmp/arego/RC4K1/23012.h5
2025-09-19 04:32:31,365 - INFO - File 4425: Filtered 11942194 hits and 5 records
2025-09-19 04:32:31,379 - INFO - Completed /viper/ptmp/arego/RC4K1_1/29185.h5 in 11.17 seconds
2025-09-19 04:32:31,958 - INFO - Processing /viper/ptmp/arego/RC4K1/29948.h5
2025-09-19 04:32:31,983 - INFO - Processing /viper/ptmp/arego/RC4K1/3054.h5
2025-09-19 04:32:32,044 - INFO - File 9221: Filtered 13237451 hits and 7 records
2025-09-19 04:32:32,044 - INFO - Processing /viper/ptmp/arego/RC4K1/27925.h5
2025-09-19 04:32:32,057 - INFO - File 18138: Filtered 13573923 hits and 9 records
2025-09-19 04:32:32,066 - INFO - Completed /viper/ptmp/arego/RC4K1_1/8598.h5 in 8.52 seconds
2025-09-19 04:32:32,496 - INFO - Completed /viper/ptmp/arego/RC4K1_1/16113.h5 in 12.86 seconds
2025-09-19 04:32:32,832 - INFO - File 5312: Filtered 5150332 hits and 9 records
2025-09-19 04:32:32,925 - INFO - Completed /viper/ptmp/arego/RC4K1_1/22849.h5 in 9.67 seconds
2025-09-19 04:32:32,959 - INFO - Processing /viper/ptmp/arego/RC4K1/15373.h5
2025-09-19 04:32:32,992 - INFO - Processing /viper/ptmp/arego/RC4K1/2209.h5
2025-09-19 04:32:33,645 - INFO - Processing /viper/ptmp/arego/RC4K1/18989.h5
2025-09-19 04:32:34,354 - INFO - Completed /viper/ptmp/arego/RC4K1_1/21933.h5 in 11.35 seconds
2025-09-19 04:32:34,556 - INFO - File 22956: Filtered 9858645 hits and 8 records
2025-09-19 04:32:34,756 - INFO - File 4213: Filtered 15101136 hits and 9 records
2025-09-19 04:32:34,869 - INFO - Completed /viper/ptmp/arego/RC4K1_1/4425.h5 in 10.00 seconds
2025-09-19 04:32:35,057 - INFO - File 12202: Filtered 9931010 hits and 4 records
2025-09-19 04:32:35,067 - INFO - Processing /viper/ptmp/arego/RC4K1/16066.h5
2025-09-19 04:32:35,282 - INFO - Completed /viper/ptmp/arego/RC4K1_1/18138.h5 in 9.53 seconds
2025-09-19 04:32:35,678 - INFO - Completed /viper/ptmp/arego/RC4K1_1/5367.h5 in 11.26 seconds
2025-09-19 04:32:35,740 - INFO - File 26036: Filtered 8229133 hits and 7 records
2025-09-19 04:32:36,026 - INFO - Completed /viper/ptmp/arego/RC4K1_1/28925.h5 in 13.93 seconds
2025-09-19 04:32:36,228 - INFO - Processing /viper/ptmp/arego/RC4K1/11611.h5
2025-09-19 04:32:36,308 - INFO - File 27932: Filtered 9283130 hits and 5 records
2025-09-19 04:32:36,330 - INFO - Processing /viper/ptmp/arego/RC4K1/23605.h5
2025-09-19 04:32:36,657 - INFO - Completed /viper/ptmp/arego/RC4K1_1/9221.h5 in 10.37 seconds
2025-09-19 04:32:37,080 - INFO - Processing /viper/ptmp/arego/RC4K1/6566.h5
2025-09-19 04:32:37,176 - INFO - Processing /viper/ptmp/arego/RC4K1/16402.h5
2025-09-19 04:32:37,528 - INFO - Processing /viper/ptmp/arego/RC4K1/22123.h5
2025-09-19 04:32:37,549 - INFO - File 11183: Filtered 17566644 hits and 7 records
2025-09-19 04:32:37,996 - INFO - File 7428: Filtered 11181140 hits and 7 records
2025-09-19 04:32:38,086 - INFO - File 22833: Filtered 8098535 hits and 9 records
2025-09-19 04:32:38,149 - INFO - Completed /viper/ptmp/arego/RC4K1_1/4213.h5 in 9.51 seconds
2025-09-19 04:32:38,819 - INFO - Processing /viper/ptmp/arego/RC4K1/14196.h5
2025-09-19 04:32:38,994 - INFO - File 22640: Filtered 17101080 hits and 5 records
2025-09-19 04:32:39,094 - INFO - File 27925: Filtered 12598385 hits and 6 records
2025-09-19 04:32:39,169 - INFO - File 18989: Filtered 19315583 hits and 10 records
2025-09-19 04:32:39,278 - INFO - File 23012: Filtered 14014372 hits and 7 records
2025-09-19 04:32:39,362 - INFO - Completed /viper/ptmp/arego/RC4K1_1/22956.h5 in 14.48 seconds
2025-09-19 04:32:39,595 - INFO - File 2209: Filtered 21651113 hits and 6 records
2025-09-19 04:32:39,672 - INFO - Completed /viper/ptmp/arego/RC4K1_1/5312.h5 in 15.79 seconds
2025-09-19 04:32:39,936 - INFO - File 29948: Filtered 11664715 hits and 9 records
2025-09-19 04:32:40,109 - INFO - Processing /viper/ptmp/arego/RC4K1/20326.h5
2025-09-19 04:32:40,331 - INFO - Completed /viper/ptmp/arego/RC4K1_1/22640.h5 in 11.55 seconds
2025-09-19 04:32:40,394 - INFO - File 15373: Filtered 22003081 hits and 8 records
2025-09-19 04:32:40,418 - INFO - Completed /viper/ptmp/arego/RC4K1_1/12202.h5 in 10.83 seconds
2025-09-19 04:32:40,515 - INFO - File 14128: Filtered 4882315 hits and 4 records
2025-09-19 04:32:40,786 - INFO - Completed /viper/ptmp/arego/RC4K1_1/26036.h5 in 14.71 seconds
2025-09-19 04:32:41,043 - INFO - Processing /viper/ptmp/arego/RC4K1/20613.h5
2025-09-19 04:32:41,380 - INFO - Completed /viper/ptmp/arego/RC4K1_1/2209.h5 in 8.39 seconds
2025-09-19 04:32:41,464 - INFO - Processing /viper/ptmp/arego/RC4K1/9720.h5
2025-09-19 04:32:41,582 - INFO - File 3054: Filtered 7216782 hits and 7 records
2025-09-19 04:32:41,655 - INFO - Processing /viper/ptmp/arego/RC4K1/3084.h5
2025-09-19 04:32:41,710 - INFO - Completed /viper/ptmp/arego/RC4K1_1/11183.h5 in 11.50 seconds
2025-09-19 04:32:41,945 - INFO - File 16066: Filtered 9494908 hits and 7 records
2025-09-19 04:32:42,168 - INFO - Completed /viper/ptmp/arego/RC4K1_1/27932.h5 in 12.19 seconds
2025-09-19 04:32:42,299 - INFO - Completed /viper/ptmp/arego/RC4K1_1/18989.h5 in 8.65 seconds
2025-09-19 04:32:42,329 - INFO - Processing /viper/ptmp/arego/RC4K1/19685.h5
2025-09-19 04:32:42,331 - INFO - File 11611: Filtered 18374595 hits and 10 records
2025-09-19 04:32:42,638 - INFO - Processing /viper/ptmp/arego/RC4K1/17428.h5
2025-09-19 04:32:42,881 - INFO - Completed /viper/ptmp/arego/RC4K1_1/7428.h5 in 11.71 seconds
2025-09-19 04:32:42,954 - INFO - Completed /viper/ptmp/arego/RC4K1_1/15373.h5 in 9.99 seconds
2025-09-19 04:32:43,111 - INFO - Completed /viper/ptmp/arego/RC4K1_1/22833.h5 in 15.81 seconds
2025-09-19 04:32:43,177 - INFO - Processing /viper/ptmp/arego/RC4K1/1672.h5
2025-09-19 04:32:43,358 - INFO - Completed /viper/ptmp/arego/RC4K1_1/27925.h5 in 11.31 seconds
2025-09-19 04:32:43,375 - INFO - File 23605: Filtered 9035344 hits and 6 records
2025-09-19 04:32:43,419 - INFO - Processing /viper/ptmp/arego/RC4K1/10845.h5
2025-09-19 04:32:43,541 - INFO - File 6566: Filtered 10702859 hits and 9 records
2025-09-19 04:32:43,741 - INFO - Processing /viper/ptmp/arego/RC4K1/6482.h5
2025-09-19 04:32:43,884 - INFO - Processing /viper/ptmp/arego/RC4K1/9487.h5
2025-09-19 04:32:44,398 - INFO - Processing /viper/ptmp/arego/RC4K1/10270.h5
2025-09-19 04:32:44,598 - INFO - Completed /viper/ptmp/arego/RC4K1_1/23012.h5 in 13.24 seconds
2025-09-19 04:32:44,703 - INFO - File 16402: Filtered 17839520 hits and 9 records
2025-09-19 04:32:44,898 - INFO - Processing /viper/ptmp/arego/RC4K1/5044.h5
2025-09-19 04:32:45,023 - INFO - File 22123: Filtered 12134043 hits and 8 records
2025-09-19 04:32:45,041 - INFO - Processing /viper/ptmp/arego/RC4K1/24865.h5
2025-09-19 04:32:45,308 - INFO - Processing /viper/ptmp/arego/RC4K1/12298.h5
2025-09-19 04:32:46,113 - INFO - File 14196: Filtered 1622275 hits and 4 records
2025-09-19 04:32:46,176 - INFO - Completed /viper/ptmp/arego/RC4K1_1/29948.h5 in 14.22 seconds
2025-09-19 04:32:46,219 - INFO - Completed /viper/ptmp/arego/RC4K1_1/11611.h5 in 9.99 seconds
2025-09-19 04:32:46,352 - INFO - Completed /viper/ptmp/arego/RC4K1_1/16402.h5 in 9.18 seconds
2025-09-19 04:32:46,518 - INFO - Completed /viper/ptmp/arego/RC4K1_1/14128.h5 in 16.23 seconds
2025-09-19 04:32:46,642 - INFO - File 20613: Filtered 26251209 hits and 8 records
2025-09-19 04:32:46,698 - INFO - Completed /viper/ptmp/arego/RC4K1_1/3054.h5 in 14.72 seconds
2025-09-19 04:32:46,728 - INFO - Processing /viper/ptmp/arego/RC4K1/23819.h5
2025-09-19 04:32:46,758 - INFO - Processing /viper/ptmp/arego/RC4K1/7002.h5
2025-09-19 04:32:47,337 - INFO - Processing /viper/ptmp/arego/RC4K1/3315.h5
2025-09-19 04:32:47,552 - INFO - File 20326: Filtered 10082357 hits and 8 records
2025-09-19 04:32:47,886 - INFO - Completed /viper/ptmp/arego/RC4K1_1/16066.h5 in 12.82 seconds
2025-09-19 04:32:48,042 - INFO - Processing /viper/ptmp/arego/RC4K1/21563.h5
2025-09-19 04:32:48,078 - INFO - Completed /viper/ptmp/arego/RC4K1_1/20613.h5 in 7.03 seconds
2025-09-19 04:32:48,434 - INFO - Processing /viper/ptmp/arego/RC4K1/27765.h5
2025-09-19 04:32:48,779 - INFO - File 3084: Filtered 10246584 hits and 10 records
2025-09-19 04:32:48,918 - INFO - Processing /viper/ptmp/arego/RC4K1/10832.h5
2025-09-19 04:32:49,303 - INFO - Processing /viper/ptmp/arego/RC4K1/4785.h5
2025-09-19 04:32:49,431 - INFO - Completed /viper/ptmp/arego/RC4K1_1/6566.h5 in 12.35 seconds
2025-09-19 04:32:49,445 - INFO - File 1672: Filtered 14204992 hits and 8 records
2025-09-19 04:32:49,511 - INFO - Completed /viper/ptmp/arego/RC4K1_1/23605.h5 in 13.18 seconds
2025-09-19 04:32:49,816 - INFO - Completed /viper/ptmp/arego/RC4K1_1/22123.h5 in 12.29 seconds
2025-09-19 04:32:50,063 - INFO - File 19685: Filtered 16445469 hits and 8 records
2025-09-19 04:32:50,210 - INFO - Processing /viper/ptmp/arego/RC4K1/25473.h5
2025-09-19 04:32:50,348 - INFO - File 9720: Filtered 6789618 hits and 6 records
2025-09-19 04:32:50,721 - INFO - Processing /viper/ptmp/arego/RC4K1/25148.h5
2025-09-19 04:32:50,878 - INFO - File 10845: Filtered 14657584 hits and 10 records
2025-09-19 04:32:51,691 - INFO - Processing /viper/ptmp/arego/RC4K1/14728.h5
2025-09-19 04:32:51,705 - INFO - File 17428: Filtered 11696947 hits and 11 records
2025-09-19 04:32:51,777 - INFO - File 10270: Filtered 13345505 hits and 9 records
2025-09-19 04:32:51,853 - INFO - File 6482: Filtered 9068471 hits and 6 records
2025-09-19 04:32:52,604 - INFO - File 12298: Filtered 13760181 hits and 9 records
2025-09-19 04:32:52,934 - INFO - File 24865: Filtered 20473288 hits and 7 records
2025-09-19 04:32:53,072 - INFO - Completed /viper/ptmp/arego/RC4K1_1/20326.h5 in 12.96 seconds
2025-09-19 04:32:53,599 - INFO - File 9487: Filtered 13796137 hits and 11 records
2025-09-19 04:32:53,838 - INFO - File 3315: Filtered 26009991 hits and 7 records
2025-09-19 04:32:53,984 - INFO - Processing /viper/ptmp/arego/RC4K1/20079.h5
2025-09-19 04:32:54,305 - INFO - File 23819: Filtered 22351701 hits and 11 records
2025-09-19 04:32:54,311 - INFO - File 5044: Filtered 11806242 hits and 8 records
2025-09-19 04:32:54,396 - INFO - Completed /viper/ptmp/arego/RC4K1_1/10845.h5 in 10.98 seconds
2025-09-19 04:32:54,526 - INFO - Completed /viper/ptmp/arego/RC4K1_1/3084.h5 in 12.87 seconds
2025-09-19 04:32:54,919 - INFO - Completed /viper/ptmp/arego/RC4K1_1/14196.h5 in 16.10 seconds
2025-09-19 04:32:54,922 - INFO - Processing /viper/ptmp/arego/RC4K1/6850.h5
2025-09-19 04:32:55,076 - INFO - Completed /viper/ptmp/arego/RC4K1_1/1672.h5 in 11.90 seconds
2025-09-19 04:32:55,291 - INFO - Completed /viper/ptmp/arego/RC4K1_1/19685.h5 in 12.96 seconds
2025-09-19 04:32:55,573 - INFO - File 10832: Filtered 18007117 hits and 9 records
2025-09-19 04:32:55,577 - INFO - File 27765: Filtered 1526828 hits and 6 records
2025-09-19 04:32:55,634 - INFO - Processing /viper/ptmp/arego/RC4K1/20322.h5
2025-09-19 04:32:55,656 - INFO - Completed /viper/ptmp/arego/RC4K1_1/3315.h5 in 8.32 seconds
2025-09-19 04:32:55,659 - INFO - Completed /viper/ptmp/arego/RC4K1_1/10270.h5 in 11.26 seconds
2025-09-19 04:32:55,961 - INFO - Completed /viper/ptmp/arego/RC4K1_1/17428.h5 in 13.32 seconds
2025-09-19 04:32:56,111 - INFO - Processing /viper/ptmp/arego/RC4K1/25273.h5
2025-09-19 04:32:56,312 - INFO - Processing /viper/ptmp/arego/RC4K1/11256.h5
2025-09-19 04:32:56,574 - INFO - Completed /viper/ptmp/arego/RC4K1_1/24865.h5 in 11.53 seconds
2025-09-19 04:32:56,685 - INFO - Processing /viper/ptmp/arego/RC4K1/1477.h5
2025-09-19 04:32:56,735 - INFO - Completed /viper/ptmp/arego/RC4K1_1/23819.h5 in 10.01 seconds
2025-09-19 04:32:56,805 - INFO - Completed /viper/ptmp/arego/RC4K1_1/9720.h5 in 15.34 seconds
2025-09-19 04:32:56,911 - INFO - Completed /viper/ptmp/arego/RC4K1_1/9487.h5 in 13.03 seconds
2025-09-19 04:32:56,911 - INFO - File 25473: Filtered 13526434 hits and 9 records
2025-09-19 04:32:56,953 - INFO - Completed /viper/ptmp/arego/RC4K1_1/12298.h5 in 11.65 seconds
2025-09-19 04:32:56,976 - INFO - Processing /viper/ptmp/arego/RC4K1/8000.h5
2025-09-19 04:32:57,148 - INFO - File 25148: Filtered 22138251 hits and 9 records
2025-09-19 04:32:57,174 - INFO - Processing /viper/ptmp/arego/RC4K1/6193.h5
2025-09-19 04:32:57,285 - INFO - File 7002: Filtered 15112107 hits and 7 records
2025-09-19 04:32:57,785 - INFO - Processing /viper/ptmp/arego/RC4K1/29564.h5
2025-09-19 04:32:57,922 - INFO - Processing /viper/ptmp/arego/RC4K1/29109.h5
2025-09-19 04:32:57,959 - INFO - Processing /viper/ptmp/arego/RC4K1/16337.h5
2025-09-19 04:32:58,076 - INFO - File 14728: Filtered 14443437 hits and 8 records
2025-09-19 04:32:58,286 - INFO - Completed /viper/ptmp/arego/RC4K1_1/5044.h5 in 13.39 seconds
2025-09-19 04:32:58,396 - INFO - Processing /viper/ptmp/arego/RC4K1/10445.h5
2025-09-19 04:32:58,485 - INFO - File 21563: Filtered 19151909 hits and 7 records
2025-09-19 04:32:58,560 - INFO - Processing /viper/ptmp/arego/RC4K1/13606.h5
2025-09-19 04:32:58,602 - INFO - Completed /viper/ptmp/arego/RC4K1_1/25148.h5 in 7.88 seconds
2025-09-19 04:32:58,740 - INFO - Completed /viper/ptmp/arego/RC4K1_1/10832.h5 in 9.82 seconds
2025-09-19 04:32:59,169 - INFO - Processing /viper/ptmp/arego/RC4K1/19895.h5
2025-09-19 04:32:59,169 - INFO - Processing /viper/ptmp/arego/RC4K1/3834.h5
2025-09-19 04:32:59,520 - INFO - Completed /viper/ptmp/arego/RC4K1_1/6482.h5 in 15.78 seconds
2025-09-19 04:32:59,553 - INFO - Completed /viper/ptmp/arego/RC4K1_1/21563.h5 in 11.51 seconds
2025-09-19 04:32:59,663 - INFO - Completed /viper/ptmp/arego/RC4K1_1/7002.h5 in 12.90 seconds
2025-09-19 04:32:59,786 - INFO - File 4785: Filtered 9716638 hits and 5 records
2025-09-19 04:33:00,001 - INFO - Processing /viper/ptmp/arego/RC4K1/23388.h5
2025-09-19 04:33:00,141 - INFO - Processing /viper/ptmp/arego/RC4K1/2129.h5
2025-09-19 04:33:00,455 - INFO - Processing /viper/ptmp/arego/RC4K1/11311.h5
2025-09-19 04:33:01,315 - INFO - Processing /viper/ptmp/arego/RC4K1/7653.h5
2025-09-19 04:33:01,632 - INFO - File 20322: Filtered 19667825 hits and 9 records
2025-09-19 04:33:01,696 - INFO - File 6850: Filtered 14870573 hits and 7 records
2025-09-19 04:33:02,161 - INFO - Completed /viper/ptmp/arego/RC4K1_1/25473.h5 in 11.95 seconds
2025-09-19 04:33:02,316 - INFO - Completed /viper/ptmp/arego/RC4K1_1/14728.h5 in 10.62 seconds
2025-09-19 04:33:02,471 - INFO - File 20079: Filtered 8625168 hits and 6 records
2025-09-19 04:33:02,540 - INFO - Processing /viper/ptmp/arego/RC4K1/16183.h5
2025-09-19 04:33:02,683 - INFO - Processing /viper/ptmp/arego/RC4K1/27596.h5
2025-09-19 04:33:03,245 - INFO - Processing /viper/ptmp/arego/RC4K1/10888.h5
2025-09-19 04:33:03,853 - INFO - File 25273: Filtered 16563123 hits and 6 records
2025-09-19 04:33:04,416 - INFO - Completed /viper/ptmp/arego/RC4K1_1/27765.h5 in 15.98 seconds
2025-09-19 04:33:04,795 - ERROR - Error processing /viper/ptmp/arego/RC4K1/20322.h5: low >= high
2025-09-19 04:33:04,903 - INFO - File 11256: Filtered 19489281 hits and 7 records
2025-09-19 04:33:05,170 - INFO - Completed /viper/ptmp/arego/RC4K1_1/4785.h5 in 15.87 seconds
2025-09-19 04:33:05,362 - INFO - Processing /viper/ptmp/arego/RC4K1/18444.h5
2025-09-19 04:33:05,417 - INFO - File 8000: Filtered 18277700 hits and 7 records
2025-09-19 04:33:05,707 - INFO - Processing /viper/ptmp/arego/RC4K1/10783.h5
2025-09-19 04:33:05,717 - INFO - File 1477: Filtered 16406580 hits and 9 records
2025-09-19 04:33:06,087 - INFO - Processing /viper/ptmp/arego/RC4K1/17979.h5
2025-09-19 04:33:06,248 - INFO - File 6193: Filtered 22573274 hits and 9 records
2025-09-19 04:33:06,653 - INFO - File 29109: Filtered 14362145 hits and 6 records
2025-09-19 04:33:06,817 - INFO - File 29564: Filtered 17709016 hits and 8 records
2025-09-19 04:33:07,614 - INFO - Completed /viper/ptmp/arego/RC4K1_1/6850.h5 in 12.69 seconds
2025-09-19 04:33:07,669 - INFO - File 10445: Filtered 23204456 hits and 8 records
2025-09-19 04:33:07,856 - INFO - File 13606: Filtered 9503403 hits and 8 records
2025-09-19 04:33:07,947 - INFO - File 16337: Filtered 15624589 hits and 7 records
2025-09-19 04:33:08,393 - INFO - Processing /viper/ptmp/arego/RC4K1/12493.h5
2025-09-19 04:33:08,520 - INFO - File 3834: Filtered 14880593 hits and 6 records
2025-09-19 04:33:08,641 - INFO - Completed /viper/ptmp/arego/RC4K1_1/20079.h5 in 14.66 seconds
2025-09-19 04:33:08,773 - INFO - Completed /viper/ptmp/arego/RC4K1_1/1477.h5 in 12.09 seconds
2025-09-19 04:33:08,919 - INFO - Completed /viper/ptmp/arego/RC4K1_1/25273.h5 in 12.81 seconds
2025-09-19 04:33:09,102 - INFO - File 27596: Filtered 15007859 hits and 5 records
2025-09-19 04:33:09,120 - INFO - File 23388: Filtered 16720514 hits and 7 records
2025-09-19 04:33:09,423 - INFO - Completed /viper/ptmp/arego/RC4K1_1/8000.h5 in 12.45 seconds
2025-09-19 04:33:09,447 - INFO - Processing /viper/ptmp/arego/RC4K1/8067.h5
2025-09-19 04:33:09,528 - INFO - Completed /viper/ptmp/arego/RC4K1_1/11256.h5 in 13.22 seconds
2025-09-19 04:33:09,587 - INFO - Completed /viper/ptmp/arego/RC4K1_1/10445.h5 in 11.19 seconds
2025-09-19 04:33:09,639 - INFO - File 11311: Filtered 15919455 hits and 10 records
2025-09-19 04:33:09,717 - INFO - Processing /viper/ptmp/arego/RC4K1/12917.h5
2025-09-19 04:33:09,979 - INFO - Processing /viper/ptmp/arego/RC4K1/24918.h5
2025-09-19 04:33:10,100 - INFO - File 19895: Filtered 12013917 hits and 6 records
2025-09-19 04:33:10,650 - INFO - Processing /viper/ptmp/arego/RC4K1/13022.h5
2025-09-19 04:33:10,848 - INFO - Completed /viper/ptmp/arego/RC4K1_1/29564.h5 in 13.06 seconds
2025-09-19 04:33:10,880 - INFO - Processing /viper/ptmp/arego/RC4K1/982.h5
2025-09-19 04:33:10,958 - INFO - Completed /viper/ptmp/arego/RC4K1_1/6193.h5 in 13.78 seconds
2025-09-19 04:33:11,283 - INFO - Completed /viper/ptmp/arego/RC4K1_1/16337.h5 in 13.32 seconds
2025-09-19 04:33:11,327 - INFO - Processing /viper/ptmp/arego/RC4K1/1151.h5
2025-09-19 04:33:11,364 - INFO - File 10888: Filtered 14604266 hits and 6 records
2025-09-19 04:33:11,475 - INFO - File 2129: Filtered 13193550 hits and 4 records
2025-09-19 04:33:11,673 - INFO - Processing /viper/ptmp/arego/RC4K1/19846.h5
2025-09-19 04:33:11,978 - INFO - Processing /viper/ptmp/arego/RC4K1/28451.h5
2025-09-19 04:33:12,016 - INFO - Processing /viper/ptmp/arego/RC4K1/19452.h5
2025-09-19 04:33:12,977 - INFO - File 18444: Filtered 1578120 hits and 4 records
2025-09-19 04:33:13,035 - INFO - File 7653: Filtered 6886408 hits and 5 records
2025-09-19 04:33:13,206 - INFO - Completed /viper/ptmp/arego/RC4K1_1/23388.h5 in 13.21 seconds
2025-09-19 04:33:13,722 - INFO - Completed /viper/ptmp/arego/RC4K1_1/29109.h5 in 15.80 seconds
2025-09-19 04:33:13,782 - INFO - Processing /viper/ptmp/arego/RC4K1/28344.h5
2025-09-19 04:33:13,936 - INFO - File 10783: Filtered 12031379 hits and 6 records
2025-09-19 04:33:14,223 - INFO - File 16183: Filtered 14407357 hits and 6 records
2025-09-19 04:33:14,527 - INFO - Processing /viper/ptmp/arego/RC4K1/10652.h5
2025-09-19 04:33:14,889 - INFO - Completed /viper/ptmp/arego/RC4K1_1/3834.h5 in 15.72 seconds
2025-09-19 04:33:14,976 - INFO - Completed /viper/ptmp/arego/RC4K1_1/19895.h5 in 15.81 seconds
2025-09-19 04:33:15,335 - INFO - File 12493: Filtered 15855904 hits and 6 records
2025-09-19 04:33:15,694 - INFO - Completed /viper/ptmp/arego/RC4K1_1/27596.h5 in 13.01 seconds
2025-09-19 04:33:15,725 - INFO - Completed /viper/ptmp/arego/RC4K1_1/11311.h5 in 15.27 seconds
2025-09-19 04:33:15,732 - INFO - Processing /viper/ptmp/arego/RC4K1/23081.h5
2025-09-19 04:33:15,826 - INFO - Processing /viper/ptmp/arego/RC4K1/971.h5
2025-09-19 04:33:15,902 - INFO - Completed /viper/ptmp/arego/RC4K1_1/2129.h5 in 15.76 seconds
2025-09-19 04:33:16,208 - INFO - Processing /viper/ptmp/arego/RC4K1/9759.h5
2025-09-19 04:33:16,235 - INFO - Completed /viper/ptmp/arego/RC4K1_1/10888.h5 in 12.99 seconds
2025-09-19 04:33:16,276 - INFO - Completed /viper/ptmp/arego/RC4K1_1/13606.h5 in 17.72 seconds
2025-09-19 04:33:16,851 - INFO - Processing /viper/ptmp/arego/RC4K1/17245.h5
2025-09-19 04:33:17,197 - INFO - File 17979: Filtered 7711753 hits and 4 records
2025-09-19 04:33:17,220 - INFO - Processing /viper/ptmp/arego/RC4K1/24769.h5
2025-09-19 04:33:17,802 - INFO - Processing /viper/ptmp/arego/RC4K1/3196.h5
2025-09-19 04:33:17,811 - INFO - File 12917: Filtered 15710286 hits and 8 records
2025-09-19 04:33:17,848 - INFO - Processing /viper/ptmp/arego/RC4K1/12236.h5
2025-09-19 04:33:17,956 - INFO - File 24918: Filtered 15983219 hits and 8 records
2025-09-19 04:33:18,200 - INFO - Completed /viper/ptmp/arego/RC4K1_1/16183.h5 in 15.66 seconds
2025-09-19 04:33:18,762 - INFO - File 19846: Filtered 16801629 hits and 10 records
2025-09-19 04:33:18,900 - INFO - Processing /viper/ptmp/arego/RC4K1/3213.h5
2025-09-19 04:33:19,771 - INFO - File 13022: Filtered 18010740 hits and 11 records
2025-09-19 04:33:20,009 - INFO - File 1151: Filtered 26944344 hits and 9 records
2025-09-19 04:33:20,303 - INFO - Completed /viper/ptmp/arego/RC4K1_1/7653.h5 in 18.99 seconds
2025-09-19 04:33:20,408 - INFO - Completed /viper/ptmp/arego/RC4K1_1/10783.h5 in 14.70 seconds
2025-09-19 04:33:20,496 - INFO - File 8067: Filtered 16153584 hits and 10 records
2025-09-19 04:33:20,953 - INFO - File 28451: Filtered 19407023 hits and 11 records
2025-09-19 04:33:20,980 - INFO - Completed /viper/ptmp/arego/RC4K1_1/12493.h5 in 12.59 seconds
2025-09-19 04:33:21,016 - INFO - Processing /viper/ptmp/arego/RC4K1/10322.h5
2025-09-19 04:33:21,080 - INFO - Completed /viper/ptmp/arego/RC4K1_1/1151.h5 in 9.75 seconds
2025-09-19 04:33:21,561 - INFO - Processing /viper/ptmp/arego/RC4K1/2205.h5
2025-09-19 04:33:21,671 - INFO - Processing /viper/ptmp/arego/RC4K1/5894.h5
2025-09-19 04:33:22,440 - INFO - File 982: Filtered 9182879 hits and 6 records
2025-09-19 04:33:22,464 - INFO - File 19452: Filtered 12042493 hits and 8 records
2025-09-19 04:33:22,578 - INFO - Processing /viper/ptmp/arego/RC4K1/22376.h5
2025-09-19 04:33:22,579 - INFO - Completed /viper/ptmp/arego/RC4K1_1/18444.h5 in 17.22 seconds
2025-09-19 04:33:23,076 - INFO - File 28344: Filtered 10211468 hits and 7 records
2025-09-19 04:33:23,108 - INFO - Completed /viper/ptmp/arego/RC4K1_1/12917.h5 in 13.39 seconds
2025-09-19 04:33:23,500 - INFO - Processing /viper/ptmp/arego/RC4K1/12934.h5
2025-09-19 04:33:23,647 - INFO - File 10652: Filtered 20982777 hits and 7 records
2025-09-19 04:33:23,816 - INFO - File 17245: Filtered 19930066 hits and 10 records
2025-09-19 04:33:23,829 - INFO - Processing /viper/ptmp/arego/RC4K1/4188.h5
2025-09-19 04:33:23,891 - INFO - Completed /viper/ptmp/arego/RC4K1_1/19846.h5 in 12.22 seconds
2025-09-19 04:33:24,129 - INFO - Completed /viper/ptmp/arego/RC4K1_1/13022.h5 in 13.48 seconds
2025-09-19 04:33:24,209 - INFO - Completed /viper/ptmp/arego/RC4K1_1/8067.h5 in 14.76 seconds
2025-09-19 04:33:24,403 - INFO - File 23081: Filtered 17549170 hits and 9 records
2025-09-19 04:33:24,421 - INFO - Completed /viper/ptmp/arego/RC4K1_1/24918.h5 in 14.44 seconds
2025-09-19 04:33:24,440 - INFO - Processing /viper/ptmp/arego/RC4K1/599.h5
2025-09-19 04:33:24,661 - INFO - Completed /viper/ptmp/arego/RC4K1_1/28451.h5 in 12.68 seconds
2025-09-19 04:33:24,769 - INFO - File 9759: Filtered 25957143 hits and 7 records
2025-09-19 04:33:24,903 - INFO - Processing /viper/ptmp/arego/RC4K1/21839.h5
2025-09-19 04:33:25,038 - INFO - Processing /viper/ptmp/arego/RC4K1/17964.h5
2025-09-19 04:33:25,127 - INFO - Processing /viper/ptmp/arego/RC4K1/5309.h5
2025-09-19 04:33:25,926 - INFO - Processing /viper/ptmp/arego/RC4K1/13484.h5
2025-09-19 04:33:26,231 - INFO - File 3196: Filtered 7687651 hits and 9 records
2025-09-19 04:33:26,401 - INFO - File 12236: Filtered 17284296 hits and 7 records
2025-09-19 04:33:26,874 - INFO - Completed /viper/ptmp/arego/RC4K1_1/17979.h5 in 20.79 seconds
2025-09-19 04:33:27,096 - INFO - File 971: Filtered 4714093 hits and 5 records
2025-09-19 04:33:27,663 - INFO - Completed /viper/ptmp/arego/RC4K1_1/19452.h5 in 15.65 seconds
2025-09-19 04:33:27,727 - INFO - Completed /viper/ptmp/arego/RC4K1_1/9759.h5 in 11.52 seconds
2025-09-19 04:33:28,029 - INFO - Processing /viper/ptmp/arego/RC4K1/17771.h5
2025-09-19 04:33:28,145 - INFO - Processing /viper/ptmp/arego/RC4K1/15134.h5
2025-09-19 04:33:28,226 - INFO - File 10322: Filtered 17552650 hits and 8 records
2025-09-19 04:33:28,367 - INFO - Completed /viper/ptmp/arego/RC4K1_1/17245.h5 in 11.52 seconds
2025-09-19 04:33:28,492 - INFO - Completed /viper/ptmp/arego/RC4K1_1/23081.h5 in 12.76 seconds
2025-09-19 04:33:28,750 - INFO - File 24769: Filtered 8710438 hits and 7 records
2025-09-19 04:33:28,874 - INFO - Processing /viper/ptmp/arego/RC4K1/24654.h5
2025-09-19 04:33:28,918 - INFO - Completed /viper/ptmp/arego/RC4K1_1/982.h5 in 18.04 seconds
2025-09-19 04:33:29,344 - INFO - Completed /viper/ptmp/arego/RC4K1_1/10652.h5 in 14.82 seconds
2025-09-19 04:33:29,445 - INFO - Processing /viper/ptmp/arego/RC4K1/9423.h5
2025-09-19 04:33:29,507 - INFO - Processing /viper/ptmp/arego/RC4K1/12275.h5
2025-09-19 04:33:29,978 - INFO - File 5894: Filtered 16316305 hits and 5 records
2025-09-19 04:33:30,071 - INFO - Completed /viper/ptmp/arego/RC4K1_1/28344.h5 in 16.29 seconds
2025-09-19 04:33:30,161 - INFO - Processing /viper/ptmp/arego/RC4K1/21817.h5
2025-09-19 04:33:31,290 - INFO - Processing /viper/ptmp/arego/RC4K1/17269.h5
2025-09-19 04:33:31,407 - INFO - File 599: Filtered 19864710 hits and 8 records
2025-09-19 04:33:31,442 - INFO - Processing /viper/ptmp/arego/RC4K1/2784.h5
2025-09-19 04:33:31,646 - INFO - File 3213: Filtered 7994284 hits and 7 records
2025-09-19 04:33:31,748 - INFO - File 22376: Filtered 15493285 hits and 7 records
2025-09-19 04:33:32,551 - INFO - Completed /viper/ptmp/arego/RC4K1_1/12236.h5 in 14.70 seconds
2025-09-19 04:33:33,133 - INFO - Processing /viper/ptmp/arego/RC4K1/9755.h5
2025-09-19 04:33:33,661 - INFO - File 2205: Filtered 13949291 hits and 10 records
2025-09-19 04:33:33,727 - INFO - Completed /viper/ptmp/arego/RC4K1_1/10322.h5 in 12.71 seconds
2025-09-19 04:33:34,269 - INFO - File 4188: Filtered 13004269 hits and 9 records
2025-09-19 04:33:34,473 - INFO - Processing /viper/ptmp/arego/RC4K1/1586.h5
2025-09-19 04:33:34,553 - INFO - File 5309: Filtered 18095555 hits and 8 records
2025-09-19 04:33:34,707 - INFO - Completed /viper/ptmp/arego/RC4K1_1/3196.h5 in 16.91 seconds
2025-09-19 04:33:35,154 - INFO - File 17964: Filtered 11590441 hits and 9 records
2025-09-19 04:33:35,606 - INFO - Completed /viper/ptmp/arego/RC4K1_1/24769.h5 in 18.39 seconds
2025-09-19 04:33:35,765 - INFO - Completed /viper/ptmp/arego/RC4K1_1/971.h5 in 19.94 seconds
2025-09-19 04:33:35,878 - INFO - Processing /viper/ptmp/arego/RC4K1/18547.h5
2025-09-19 04:33:35,900 - INFO - File 13484: Filtered 17790903 hits and 7 records
2025-09-19 04:33:36,194 - INFO - Completed /viper/ptmp/arego/RC4K1_1/599.h5 in 11.75 seconds
2025-09-19 04:33:36,568 - INFO - File 21839: Filtered 8823680 hits and 6 records
2025-09-19 04:33:36,689 - INFO - File 17771: Filtered 20835816 hits and 8 records
2025-09-19 04:33:36,704 - INFO - Completed /viper/ptmp/arego/RC4K1_1/5894.h5 in 15.03 seconds
2025-09-19 04:33:36,741 - INFO - Processing /viper/ptmp/arego/RC4K1/4052.h5
2025-09-19 04:33:36,847 - INFO - Processing /viper/ptmp/arego/RC4K1/25284.h5
2025-09-19 04:33:37,297 - INFO - File 24654: Filtered 18714220 hits and 7 records
2025-09-19 04:33:37,660 - INFO - Processing /viper/ptmp/arego/RC4K1/2523.h5
2025-09-19 04:33:37,920 - INFO - Completed /viper/ptmp/arego/RC4K1_1/22376.h5 in 15.34 seconds
2025-09-19 04:33:38,045 - INFO - Completed /viper/ptmp/arego/RC4K1_1/2205.h5 in 16.48 seconds
2025-09-19 04:33:38,138 - INFO - Processing /viper/ptmp/arego/RC4K1/9431.h5
2025-09-19 04:33:38,721 - INFO - File 12934: Filtered 2148203 hits and 6 records
2025-09-19 04:33:38,909 - INFO - Completed /viper/ptmp/arego/RC4K1_1/3213.h5 in 20.01 seconds
2025-09-19 04:33:39,060 - INFO - File 15134: Filtered 10321628 hits and 3 records
2025-09-19 04:33:39,115 - INFO - Processing /viper/ptmp/arego/RC4K1/21452.h5
2025-09-19 04:33:39,232 - INFO - File 9423: Filtered 18830763 hits and 5 records
2025-09-19 04:33:39,269 - INFO - Processing /viper/ptmp/arego/RC4K1/11788.h5
2025-09-19 04:33:39,399 - INFO - File 21817: Filtered 17388135 hits and 4 records
2025-09-19 04:33:40,433 - INFO - File 17269: Filtered 12472551 hits and 7 records
2025-09-19 04:33:40,629 - INFO - Processing /viper/ptmp/arego/RC4K1/3325.h5
2025-09-19 04:33:40,949 - INFO - File 9755: Filtered 7348699 hits and 6 records
2025-09-19 04:33:40,984 - INFO - File 12275: Filtered 8203899 hits and 9 records
2025-09-19 04:33:41,000 - INFO - Completed /viper/ptmp/arego/RC4K1_1/5309.h5 in 15.87 seconds
2025-09-19 04:33:41,579 - INFO - Processing /viper/ptmp/arego/RC4K1/9002.h5
2025-09-19 04:33:41,729 - INFO - Completed /viper/ptmp/arego/RC4K1_1/4188.h5 in 17.90 seconds
2025-09-19 04:33:41,743 - INFO - Completed /viper/ptmp/arego/RC4K1_1/17771.h5 in 13.71 seconds
2025-09-19 04:33:41,813 - INFO - Completed /viper/ptmp/arego/RC4K1_1/13484.h5 in 15.89 seconds
2025-09-19 04:33:42,456 - INFO - Processing /viper/ptmp/arego/RC4K1/4048.h5
2025-09-19 04:33:42,805 - INFO - Processing /viper/ptmp/arego/RC4K1/16729.h5
2025-09-19 04:33:42,991 - INFO - File 1586: Filtered 16056071 hits and 9 records
2025-09-19 04:33:43,149 - INFO - File 2784: Filtered 8041367 hits and 8 records
2025-09-19 04:33:43,151 - INFO - Completed /viper/ptmp/arego/RC4K1_1/17964.h5 in 18.11 seconds
2025-09-19 04:33:43,496 - INFO - Completed /viper/ptmp/arego/RC4K1_1/21839.h5 in 18.59 seconds
2025-09-19 04:33:43,556 - INFO - Processing /viper/ptmp/arego/RC4K1/18306.h5
2025-09-19 04:33:43,773 - INFO - Completed /viper/ptmp/arego/RC4K1_1/9423.h5 in 14.33 seconds
2025-09-19 04:33:43,934 - INFO - Completed /viper/ptmp/arego/RC4K1_1/24654.h5 in 15.06 seconds
2025-09-19 04:33:44,446 - INFO - Processing /viper/ptmp/arego/RC4K1/25515.h5
2025-09-19 04:33:44,788 - INFO - Processing /viper/ptmp/arego/RC4K1/23997.h5
2025-09-19 04:33:44,820 - INFO - Processing /viper/ptmp/arego/RC4K1/23852.h5
2025-09-19 04:33:44,933 - INFO - File 18547: Filtered 14728758 hits and 9 records
2025-09-19 04:33:45,031 - INFO - Completed /viper/ptmp/arego/RC4K1_1/15134.h5 in 16.89 seconds
2025-09-19 04:33:45,271 - INFO - File 25284: Filtered 20518411 hits and 7 records
2025-09-19 04:33:45,328 - INFO - Completed /viper/ptmp/arego/RC4K1_1/21817.h5 in 15.17 seconds
2025-09-19 04:33:45,475 - INFO - Processing /viper/ptmp/arego/RC4K1/874.h5
2025-09-19 04:33:45,912 - INFO - Processing /viper/ptmp/arego/RC4K1/5294.h5
2025-09-19 04:33:46,011 - INFO - Processing /viper/ptmp/arego/RC4K1/26073.h5
2025-09-19 04:33:46,550 - INFO - File 2523: Filtered 20518812 hits and 7 records
2025-09-19 04:33:47,603 - INFO - Completed /viper/ptmp/arego/RC4K1_1/17269.h5 in 16.31 seconds
2025-09-19 04:33:47,945 - INFO - File 4052: Filtered 16826988 hits and 9 records
2025-09-19 04:33:48,029 - INFO - Completed /viper/ptmp/arego/RC4K1_1/12275.h5 in 18.52 seconds
2025-09-19 04:33:48,410 - INFO - File 21452: Filtered 17216204 hits and 9 records
2025-09-19 04:33:48,727 - INFO - Processing /viper/ptmp/arego/RC4K1/28699.h5
2025-09-19 04:33:49,094 - INFO - Processing /viper/ptmp/arego/RC4K1/2698.h5
2025-09-19 04:33:49,599 - INFO - Completed /viper/ptmp/arego/RC4K1_1/1586.h5 in 15.13 seconds
2025-09-19 04:33:49,969 - INFO - Completed /viper/ptmp/arego/RC4K1_1/25284.h5 in 13.12 seconds
2025-09-19 04:33:50,285 - INFO - Processing /viper/ptmp/arego/RC4K1/5681.h5
2025-09-19 04:33:50,452 - INFO - Completed /viper/ptmp/arego/RC4K1_1/9755.h5 in 17.32 seconds
2025-09-19 04:33:50,762 - INFO - File 9431: Filtered 6527731 hits and 3 records
2025-09-19 04:33:51,147 - INFO - Processing /viper/ptmp/arego/RC4K1/2277.h5
2025-09-19 04:33:51,433 - INFO - File 9002: Filtered 16521747 hits and 6 records
2025-09-19 04:33:51,694 - INFO - Completed /viper/ptmp/arego/RC4K1_1/2784.h5 in 20.25 seconds
2025-09-19 04:33:51,748 - INFO - File 11788: Filtered 14555170 hits and 7 records
2025-09-19 04:33:51,832 - INFO - Completed /viper/ptmp/arego/RC4K1_1/2523.h5 in 14.17 seconds
2025-09-19 04:33:52,038 - INFO - Processing /viper/ptmp/arego/RC4K1/12840.h5
2025-09-19 04:33:52,150 - INFO - Completed /viper/ptmp/arego/RC4K1_1/18547.h5 in 16.27 seconds
2025-09-19 04:33:52,311 - INFO - File 23997: Filtered 12039539 hits and 7 records
2025-09-19 04:33:52,586 - INFO - File 16729: Filtered 8432003 hits and 8 records
2025-09-19 04:33:52,617 - INFO - File 3325: Filtered 16640717 hits and 8 records
2025-09-19 04:33:52,826 - INFO - Processing /viper/ptmp/arego/RC4K1/20304.h5
2025-09-19 04:33:52,846 - INFO - Completed /viper/ptmp/arego/RC4K1_1/4052.h5 in 16.10 seconds
2025-09-19 04:33:53,048 - INFO - Processing /viper/ptmp/arego/RC4K1/12011.h5
2025-09-19 04:33:53,176 - INFO - File 4048: Filtered 13680170 hits and 8 records
2025-09-19 04:33:54,297 - INFO - Processing /viper/ptmp/arego/RC4K1/19340.h5
2025-09-19 04:33:54,389 - INFO - File 18306: Filtered 29049627 hits and 9 records
2025-09-19 04:33:54,458 - INFO - Processing /viper/ptmp/arego/RC4K1/979.h5
2025-09-19 04:33:54,986 - INFO - File 5294: Filtered 23337318 hits and 7 records
2025-09-19 04:33:55,685 - INFO - File 25515: Filtered 15007091 hits and 10 records
2025-09-19 04:33:56,063 - INFO - Completed /viper/ptmp/arego/RC4K1_1/21452.h5 in 16.95 seconds
2025-09-19 04:33:56,299 - INFO - File 23852: Filtered 16861394 hits and 9 records
2025-09-19 04:33:56,461 - INFO - Completed /viper/ptmp/arego/RC4K1_1/11788.h5 in 17.19 seconds
2025-09-19 04:33:56,610 - INFO - Completed /viper/ptmp/arego/RC4K1_1/3325.h5 in 15.98 seconds
2025-09-19 04:33:56,891 - INFO - File 874: Filtered 13307935 hits and 6 records
2025-09-19 04:33:56,981 - INFO - Completed /viper/ptmp/arego/RC4K1_1/18306.h5 in 13.43 seconds
2025-09-19 04:33:57,166 - INFO - Processing /viper/ptmp/arego/RC4K1/29449.h5
2025-09-19 04:33:57,295 - INFO - Processing /viper/ptmp/arego/RC4K1/27632.h5
2025-09-19 04:33:57,841 - INFO - File 26073: Filtered 7782887 hits and 4 records
2025-09-19 04:33:58,382 - INFO - Processing /viper/ptmp/arego/RC4K1/28234.h5
2025-09-19 04:33:58,474 - INFO - Processing /viper/ptmp/arego/RC4K1/26164.h5
2025-09-19 04:33:58,528 - INFO - File 5681: Filtered 19058212 hits and 8 records
2025-09-19 04:33:59,103 - INFO - Completed /viper/ptmp/arego/RC4K1_1/12934.h5 in 35.60 seconds
2025-09-19 04:33:59,120 - INFO - Completed /viper/ptmp/arego/RC4K1_1/9431.h5 in 20.98 seconds
2025-09-19 04:33:59,286 - INFO - File 2277: Filtered 19830338 hits and 9 records
2025-09-19 04:33:59,354 - INFO - Completed /viper/ptmp/arego/RC4K1_1/5294.h5 in 13.44 seconds
2025-09-19 04:33:59,391 - INFO - File 12840: Filtered 22531346 hits and 5 records
2025-09-19 04:33:59,818 - INFO - Completed /viper/ptmp/arego/RC4K1_1/23997.h5 in 15.03 seconds
2025-09-19 04:34:00,074 - INFO - File 28699: Filtered 12403231 hits and 10 records
2025-09-19 04:34:00,142 - INFO - Processing /viper/ptmp/arego/RC4K1/23318.h5
2025-09-19 04:34:00,172 - INFO - Completed /viper/ptmp/arego/RC4K1_1/9002.h5 in 18.59 seconds
2025-09-19 04:34:00,490 - INFO - Processing /viper/ptmp/arego/RC4K1/1351.h5
2025-09-19 04:34:00,553 - INFO - Completed /viper/ptmp/arego/RC4K1_1/23852.h5 in 15.73 seconds
2025-09-19 04:34:00,906 - INFO - File 2698: Filtered 13586085 hits and 8 records
2025-09-19 04:34:00,996 - INFO - Processing /viper/ptmp/arego/RC4K1/18513.h5
2025-09-19 04:34:01,410 - INFO - Completed /viper/ptmp/arego/RC4K1_1/4048.h5 in 18.95 seconds
2025-09-19 04:34:01,489 - INFO - Processing /viper/ptmp/arego/RC4K1/12800.h5
2025-09-19 04:34:01,837 - INFO - Completed /viper/ptmp/arego/RC4K1_1/16729.h5 in 19.03 seconds
2025-09-19 04:34:01,893 - INFO - Processing /viper/ptmp/arego/RC4K1/19792.h5
2025-09-19 04:34:02,172 - INFO - Processing /viper/ptmp/arego/RC4K1/26528.h5
2025-09-19 04:34:02,455 - INFO - Processing /viper/ptmp/arego/RC4K1/11795.h5
2025-09-19 04:34:02,689 - INFO - Processing /viper/ptmp/arego/RC4K1/20018.h5
2025-09-19 04:34:02,912 - INFO - File 20304: Filtered 22837836 hits and 8 records
2025-09-19 04:34:03,049 - INFO - Completed /viper/ptmp/arego/RC4K1_1/25515.h5 in 18.60 seconds
2025-09-19 04:34:03,833 - INFO - File 12011: Filtered 14423740 hits and 10 records
2025-09-19 04:34:03,977 - INFO - Processing /viper/ptmp/arego/RC4K1/13122.h5
2025-09-19 04:34:04,619 - INFO - Completed /viper/ptmp/arego/RC4K1_1/5681.h5 in 14.33 seconds
2025-09-19 04:34:04,727 - INFO - Completed /viper/ptmp/arego/RC4K1_1/12840.h5 in 12.69 seconds
2025-09-19 04:34:05,096 - INFO - Completed /viper/ptmp/arego/RC4K1_1/874.h5 in 19.62 seconds
2025-09-19 04:34:05,179 - INFO - File 19340: Filtered 5440273 hits and 6 records
2025-09-19 04:34:05,243 - INFO - Processing /viper/ptmp/arego/RC4K1/11737.h5
2025-09-19 04:34:05,322 - INFO - Completed /viper/ptmp/arego/RC4K1_1/2277.h5 in 14.18 seconds
2025-09-19 04:34:06,096 - INFO - Processing /viper/ptmp/arego/RC4K1/20589.h5
2025-09-19 04:34:06,141 - INFO - Processing /viper/ptmp/arego/RC4K1/22452.h5
2025-09-19 04:34:06,368 - INFO - Completed /viper/ptmp/arego/RC4K1_1/2698.h5 in 17.27 seconds
2025-09-19 04:34:06,838 - INFO - Processing /viper/ptmp/arego/RC4K1/20640.h5
2025-09-19 04:34:07,000 - INFO - File 979: Filtered 10177311 hits and 9 records
2025-09-19 04:34:07,102 - INFO - Completed /viper/ptmp/arego/RC4K1_1/26073.h5 in 21.09 seconds
2025-09-19 04:34:07,449 - INFO - Processing /viper/ptmp/arego/RC4K1/25274.h5
2025-09-19 04:34:08,093 - INFO - File 29449: Filtered 21620216 hits and 10 records
2025-09-19 04:34:08,433 - INFO - Completed /viper/ptmp/arego/RC4K1_1/20304.h5 in 15.61 seconds
2025-09-19 04:34:08,606 - INFO - File 18513: Filtered 26601834 hits and 8 records
2025-09-19 04:34:08,980 - INFO - Completed /viper/ptmp/arego/RC4K1_1/12011.h5 in 15.93 seconds
2025-09-19 04:34:09,012 - INFO - File 28234: Filtered 26050774 hits and 11 records
2025-09-19 04:34:09,337 - INFO - Completed /viper/ptmp/arego/RC4K1_1/28699.h5 in 20.61 seconds
2025-09-19 04:34:09,340 - INFO - Processing /viper/ptmp/arego/RC4K1/5815.h5
2025-09-19 04:34:09,472 - INFO - File 23318: Filtered 18914258 hits and 9 records
2025-09-19 04:34:09,524 - INFO - Processing /viper/ptmp/arego/RC4K1/14355.h5
2025-09-19 04:34:09,918 - INFO - File 27632: Filtered 14234988 hits and 11 records
2025-09-19 04:34:10,440 - INFO - Processing /viper/ptmp/arego/RC4K1/10259.h5
2025-09-19 04:34:10,684 - INFO - Processing /viper/ptmp/arego/RC4K1/17675.h5
2025-09-19 04:34:10,861 - INFO - File 26528: Filtered 19242073 hits and 9 records
2025-09-19 04:34:11,303 - INFO - File 12800: Filtered 15298534 hits and 7 records
2025-09-19 04:34:11,404 - INFO - File 26164: Filtered 11198909 hits and 5 records
2025-09-19 04:34:12,783 - INFO - File 20018: Filtered 13944135 hits and 8 records
2025-09-19 04:34:13,269 - INFO - Completed /viper/ptmp/arego/RC4K1_1/18513.h5 in 12.27 seconds
2025-09-19 04:34:13,697 - INFO - Completed /viper/ptmp/arego/RC4K1_1/28234.h5 in 15.32 seconds
2025-09-19 04:34:13,704 - INFO - File 11795: Filtered 11932525 hits and 7 records
2025-09-19 04:34:13,706 - INFO - File 1351: Filtered 13547686 hits and 8 records
2025-09-19 04:34:13,952 - INFO - Processing /viper/ptmp/arego/RC4K1/13258.h5
2025-09-19 04:34:14,329 - INFO - Processing /viper/ptmp/arego/RC4K1/4112.h5
2025-09-19 04:34:14,454 - INFO - Completed /viper/ptmp/arego/RC4K1_1/29449.h5 in 17.29 seconds
2025-09-19 04:34:14,752 - INFO - File 19792: Filtered 19439654 hits and 9 records
2025-09-19 04:34:14,838 - INFO - File 13122: Filtered 14832427 hits and 5 records
2025-09-19 04:34:14,949 - INFO - File 20589: Filtered 32355832 hits and 7 records
2025-09-19 04:34:15,073 - INFO - Completed /viper/ptmp/arego/RC4K1_1/27632.h5 in 17.78 seconds
2025-09-19 04:34:15,162 - INFO - File 11737: Filtered 15860833 hits and 7 records
2025-09-19 04:34:15,482 - INFO - Processing /viper/ptmp/arego/RC4K1/28425.h5
2025-09-19 04:34:15,877 - INFO - Completed /viper/ptmp/arego/RC4K1_1/979.h5 in 21.42 seconds
2025-09-19 04:34:15,967 - INFO - Processing /viper/ptmp/arego/RC4K1/29032.h5
2025-09-19 04:34:16,026 - INFO - File 20640: Filtered 15156971 hits and 7 records
2025-09-19 04:34:16,537 - INFO - File 22452: Filtered 17159395 hits and 8 records
2025-09-19 04:34:16,622 - INFO - Completed /viper/ptmp/arego/RC4K1_1/19340.h5 in 22.33 seconds
2025-09-19 04:34:16,985 - INFO - Completed /viper/ptmp/arego/RC4K1_1/23318.h5 in 16.84 seconds
2025-09-19 04:34:17,276 - INFO - Processing /viper/ptmp/arego/RC4K1/6375.h5
2025-09-19 04:34:17,632 - INFO - Completed /viper/ptmp/arego/RC4K1_1/20589.h5 in 11.54 seconds
2025-09-19 04:34:17,793 - INFO - Completed /viper/ptmp/arego/RC4K1_1/26164.h5 in 19.32 seconds
2025-09-19 04:34:17,961 - INFO - Completed /viper/ptmp/arego/RC4K1_1/26528.h5 in 15.79 seconds
2025-09-19 04:34:17,998 - INFO - Processing /viper/ptmp/arego/RC4K1/7444.h5
2025-09-19 04:34:18,057 - INFO - Processing /viper/ptmp/arego/RC4K1/13324.h5
2025-09-19 04:34:18,568 - INFO - Processing /viper/ptmp/arego/RC4K1/3045.h5
2025-09-19 04:34:18,669 - INFO - Completed /viper/ptmp/arego/RC4K1_1/19792.h5 in 16.78 seconds
2025-09-19 04:34:18,800 - INFO - Processing /viper/ptmp/arego/RC4K1/1405.h5
2025-09-19 04:34:19,198 - INFO - Processing /viper/ptmp/arego/RC4K1/5426.h5
2025-09-19 04:34:19,511 - INFO - Completed /viper/ptmp/arego/RC4K1_1/12800.h5 in 18.02 seconds
2025-09-19 04:34:20,112 - INFO - Processing /viper/ptmp/arego/RC4K1/10938.h5
2025-09-19 04:34:20,139 - INFO - Processing /viper/ptmp/arego/RC4K1/29663.h5
2025-09-19 04:34:20,185 - INFO - Completed /viper/ptmp/arego/RC4K1_1/1351.h5 in 19.70 seconds
2025-09-19 04:34:20,498 - INFO - File 17675: Filtered 23064112 hits and 9 records
2025-09-19 04:34:21,045 - INFO - Completed /viper/ptmp/arego/RC4K1_1/20018.h5 in 18.36 seconds
2025-09-19 04:34:21,307 - INFO - Processing /viper/ptmp/arego/RC4K1/15918.h5
2025-09-19 04:34:21,747 - INFO - File 14355: Filtered 8688122 hits and 9 records
2025-09-19 04:34:21,761 - INFO - Processing /viper/ptmp/arego/RC4K1/12132.h5
2025-09-19 04:34:21,809 - INFO - Completed /viper/ptmp/arego/RC4K1_1/11737.h5 in 16.57 seconds
2025-09-19 04:34:21,982 - INFO - File 13258: Filtered 16385767 hits and 8 records
2025-09-19 04:34:22,065 - INFO - File 10259: Filtered 16722840 hits and 9 records
2025-09-19 04:34:22,408 - INFO - Processing /viper/ptmp/arego/RC4K1/12490.h5
2025-09-19 04:34:23,068 - INFO - Completed /viper/ptmp/arego/RC4K1_1/11795.h5 in 20.61 seconds
2025-09-19 04:34:23,854 - INFO - Completed /viper/ptmp/arego/RC4K1_1/22452.h5 in 17.71 seconds
2025-09-19 04:34:23,875 - INFO - Completed /viper/ptmp/arego/RC4K1_1/13122.h5 in 19.90 seconds
2025-09-19 04:34:24,220 - INFO - Processing /viper/ptmp/arego/RC4K1/14726.h5
2025-09-19 04:34:24,819 - INFO - Completed /viper/ptmp/arego/RC4K1_1/20640.h5 in 17.98 seconds
2025-09-19 04:34:25,724 - INFO - Processing /viper/ptmp/arego/RC4K1/463.h5
2025-09-19 04:34:25,750 - INFO - Processing /viper/ptmp/arego/RC4K1/11028.h5
2025-09-19 04:34:26,076 - INFO - File 4112: Filtered 18785326 hits and 8 records
2025-09-19 04:34:27,033 - INFO - Completed /viper/ptmp/arego/RC4K1_1/17675.h5 in 16.35 seconds
2025-09-19 04:34:27,106 - INFO - Completed /viper/ptmp/arego/RC4K1_1/10259.h5 in 16.67 seconds
2025-09-19 04:34:27,134 - INFO - Processing /viper/ptmp/arego/RC4K1/13245.h5
2025-09-19 04:34:27,653 - INFO - File 28425: Filtered 19310412 hits and 10 records
2025-09-19 04:34:27,927 - INFO - File 5426: Filtered 18057679 hits and 9 records
2025-09-19 04:34:28,096 - INFO - File 3045: Filtered 11583011 hits and 9 records
2025-09-19 04:34:28,184 - INFO - Processing /viper/ptmp/arego/RC4K1/25390.h5
2025-09-19 04:34:28,236 - INFO - Processing /viper/ptmp/arego/RC4K1/2952.h5
2025-09-19 04:34:28,682 - INFO - File 7444: Filtered 19587427 hits and 8 records
2025-09-19 04:34:29,087 - ERROR - Error processing /viper/ptmp/arego/RC4K1/13258.h5: low >= high
2025-09-19 04:34:30,010 - INFO - Processing /viper/ptmp/arego/RC4K1/9990.h5
2025-09-19 04:34:30,207 - INFO - File 13324: Filtered 20756892 hits and 7 records
2025-09-19 04:34:30,383 - INFO - Completed /viper/ptmp/arego/RC4K1_1/14355.h5 in 20.86 seconds
2025-09-19 04:34:30,734 - INFO - File 10938: Filtered 22285732 hits and 9 records
2025-09-19 04:34:31,056 - INFO - File 29032: Filtered 11265931 hits and 9 records
2025-09-19 04:34:31,738 - INFO - Processing /viper/ptmp/arego/RC4K1/3211.h5
2025-09-19 04:34:32,253 - INFO - File 12132: Filtered 26828574 hits and 8 records
2025-09-19 04:34:32,776 - INFO - File 12490: Filtered 24707471 hits and 7 records
2025-09-19 04:34:33,199 - INFO - File 6375: Filtered 14932467 hits and 8 records
2025-09-19 04:34:34,168 - INFO - File 11028: Filtered 17535102 hits and 5 records
2025-09-19 04:34:34,735 - INFO - Completed /viper/ptmp/arego/RC4K1_1/5426.h5 in 15.54 seconds
2025-09-19 04:34:34,771 - INFO - Completed /viper/ptmp/arego/RC4K1_1/4112.h5 in 20.44 seconds
2025-09-19 04:34:35,421 - INFO - Processing /viper/ptmp/arego/RC4K1/23288.h5
2025-09-19 04:34:35,544 - INFO - Completed /viper/ptmp/arego/RC4K1_1/28425.h5 in 20.06 seconds
2025-09-19 04:34:35,852 - INFO - File 25274: Filtered 5244032 hits and 5 records
2025-09-19 04:34:35,877 - INFO - Processing /viper/ptmp/arego/RC4K1/17323.h5
2025-09-19 04:34:36,052 - INFO - File 1405: Filtered 7851807 hits and 6 records
2025-09-19 04:34:36,081 - INFO - Completed /viper/ptmp/arego/RC4K1_1/7444.h5 in 18.08 seconds
2025-09-19 04:34:36,084 - INFO - File 29663: Filtered 15997423 hits and 9 records
2025-09-19 04:34:36,640 - INFO - Completed /viper/ptmp/arego/RC4K1_1/12132.h5 in 14.88 seconds
2025-09-19 04:34:36,710 - INFO - Processing /viper/ptmp/arego/RC4K1/14106.h5
2025-09-19 04:34:36,767 - INFO - Completed /viper/ptmp/arego/RC4K1_1/10938.h5 in 16.66 seconds
2025-09-19 04:34:36,860 - INFO - Completed /viper/ptmp/arego/RC4K1_1/3045.h5 in 18.29 seconds
2025-09-19 04:34:37,019 - INFO - Processing /viper/ptmp/arego/RC4K1/18871.h5
2025-09-19 04:34:37,281 - INFO - File 15918: Filtered 17334788 hits and 9 records
2025-09-19 04:34:37,706 - INFO - Processing /viper/ptmp/arego/RC4K1/11582.h5
2025-09-19 04:34:37,741 - INFO - Completed /viper/ptmp/arego/RC4K1_1/12490.h5 in 15.33 seconds
2025-09-19 04:34:37,932 - INFO - Completed /viper/ptmp/arego/RC4K1_1/13324.h5 in 19.87 seconds
2025-09-19 04:34:38,030 - INFO - File 9990: Filtered 22686325 hits and 7 records
2025-09-19 04:34:38,267 - INFO - Processing /viper/ptmp/arego/RC4K1/14510.h5
2025-09-19 04:34:38,740 - INFO - Processing /viper/ptmp/arego/RC4K1/20049.h5
2025-09-19 04:34:38,881 - INFO - Processing /viper/ptmp/arego/RC4K1/24144.h5
2025-09-19 04:34:39,178 - INFO - File 14726: Filtered 21435858 hits and 10 records
2025-09-19 04:34:39,459 - INFO - File 463: Filtered 33134670 hits and 10 records
2025-09-19 04:34:39,480 - INFO - Processing /viper/ptmp/arego/RC4K1/19247.h5
2025-09-19 04:34:40,850 - INFO - File 13245: Filtered 20960283 hits and 5 records
2025-09-19 04:34:41,132 - INFO - Completed /viper/ptmp/arego/RC4K1_1/6375.h5 in 23.86 seconds
2025-09-19 04:34:41,331 - INFO - File 5815: Filtered 51227455 hits and 7 records
2025-09-19 04:34:41,517 - INFO - Completed /viper/ptmp/arego/RC4K1_1/29032.h5 in 25.55 seconds
2025-09-19 04:34:41,588 - INFO - File 25390: Filtered 14217610 hits and 7 records
2025-09-19 04:34:41,751 - INFO - Completed /viper/ptmp/arego/RC4K1_1/11028.h5 in 16.00 seconds
2025-09-19 04:34:42,151 - INFO - Processing /viper/ptmp/arego/RC4K1/19716.h5
2025-09-19 04:34:42,199 - INFO - File 2952: Filtered 13091110 hits and 9 records
2025-09-19 04:34:42,302 - ERROR - Error processing /viper/ptmp/arego/RC4K1/29663.h5: low >= high
2025-09-19 04:34:42,531 - INFO - Processing /viper/ptmp/arego/RC4K1/12334.h5
2025-09-19 04:34:42,798 - INFO - Completed /viper/ptmp/arego/RC4K1_1/463.h5 in 17.07 seconds
2025-09-19 04:34:42,830 - INFO - Completed /viper/ptmp/arego/RC4K1_1/15918.h5 in 21.52 seconds
2025-09-19 04:34:43,428 - INFO - Processing /viper/ptmp/arego/RC4K1/11205.h5
2025-09-19 04:34:43,436 - INFO - Completed /viper/ptmp/arego/RC4K1_1/9990.h5 in 13.43 seconds
2025-09-19 04:34:43,677 - INFO - File 23288: Filtered 21132741 hits and 8 records
2025-09-19 04:34:43,963 - INFO - Processing /viper/ptmp/arego/RC4K1/515.h5
2025-09-19 04:34:44,175 - INFO - Processing /viper/ptmp/arego/RC4K1/29508.h5
2025-09-19 04:34:44,609 - INFO - Processing /viper/ptmp/arego/RC4K1/25994.h5
2025-09-19 04:34:45,581 - INFO - File 3211: Filtered 18424287 hits and 8 records
2025-09-19 04:34:45,640 - INFO - Processing /viper/ptmp/arego/RC4K1/10982.h5
2025-09-19 04:34:45,645 - INFO - Completed /viper/ptmp/arego/RC4K1_1/1405.h5 in 26.84 seconds
2025-09-19 04:34:46,614 - INFO - Completed /viper/ptmp/arego/RC4K1_1/14726.h5 in 22.39 seconds
2025-09-19 04:34:46,623 - INFO - Processing /viper/ptmp/arego/RC4K1/14767.h5
2025-09-19 04:34:47,241 - INFO - File 14106: Filtered 31685960 hits and 8 records
2025-09-19 04:34:47,963 - INFO - Processing /viper/ptmp/arego/RC4K1/4974.h5
2025-09-19 04:34:47,984 - INFO - Completed /viper/ptmp/arego/RC4K1_1/13245.h5 in 20.85 seconds
2025-09-19 04:34:48,240 - INFO - File 24144: Filtered 8228640 hits and 6 records
2025-09-19 04:34:48,497 - INFO - Completed /viper/ptmp/arego/RC4K1_1/2952.h5 in 20.26 seconds
2025-09-19 04:34:49,229 - INFO - File 17323: Filtered 27545746 hits and 9 records
2025-09-19 04:34:49,435 - INFO - Processing /viper/ptmp/arego/RC4K1/6581.h5
2025-09-19 04:34:49,540 - INFO - Processing /viper/ptmp/arego/RC4K1/3500.h5
2025-09-19 04:34:49,722 - INFO - File 11582: Filtered 22192922 hits and 7 records
2025-09-19 04:34:49,960 - INFO - Completed /viper/ptmp/arego/RC4K1_1/3211.h5 in 18.22 seconds
2025-09-19 04:34:50,192 - INFO - File 18871: Filtered 26052779 hits and 6 records
2025-09-19 04:34:50,658 - INFO - Completed /viper/ptmp/arego/RC4K1_1/23288.h5 in 15.24 seconds
2025-09-19 04:34:50,685 - INFO - File 14510: Filtered 18728969 hits and 8 records
2025-09-19 04:34:50,966 - INFO - Processing /viper/ptmp/arego/RC4K1/7926.h5
2025-09-19 04:34:51,522 - INFO - File 20049: Filtered 24059780 hits and 8 records
2025-09-19 04:34:51,588 - INFO - File 19247: Filtered 13151665 hits and 8 records
2025-09-19 04:34:51,615 - INFO - Completed /viper/ptmp/arego/RC4K1_1/14106.h5 in 14.91 seconds
2025-09-19 04:34:51,696 - INFO - Processing /viper/ptmp/arego/RC4K1/1895.h5
2025-09-19 04:34:52,308 - INFO - Completed /viper/ptmp/arego/RC4K1_1/25390.h5 in 24.12 seconds
2025-09-19 04:34:52,318 - INFO - File 12334: Filtered 26666573 hits and 9 records
2025-09-19 04:34:52,571 - INFO - File 19716: Filtered 15892164 hits and 8 records
2025-09-19 04:34:52,868 - INFO - Processing /viper/ptmp/arego/RC4K1/28350.h5
2025-09-19 04:34:53,408 - INFO - Processing /viper/ptmp/arego/RC4K1/9533.h5
2025-09-19 04:34:54,275 - INFO - File 515: Filtered 25674111 hits and 9 records
2025-09-19 04:34:54,568 - INFO - Completed /viper/ptmp/arego/RC4K1_1/17323.h5 in 18.69 seconds
2025-09-19 04:34:54,913 - INFO - File 11205: Filtered 23584819 hits and 8 records
2025-09-19 04:34:55,319 - INFO - Processing /viper/ptmp/arego/RC4K1/3099.h5
2025-09-19 04:34:56,397 - INFO - Completed /viper/ptmp/arego/RC4K1_1/18871.h5 in 19.38 seconds
2025-09-19 04:34:56,662 - INFO - Completed /viper/ptmp/arego/RC4K1_1/25274.h5 in 49.21 seconds
2025-09-19 04:34:57,169 - INFO - Completed /viper/ptmp/arego/RC4K1_1/11582.h5 in 19.46 seconds
2025-09-19 04:34:57,462 - INFO - Processing /viper/ptmp/arego/RC4K1/24643.h5
2025-09-19 04:34:57,769 - INFO - Processing /viper/ptmp/arego/RC4K1/2424.h5
2025-09-19 04:34:58,373 - INFO - File 29508: Filtered 11847698 hits and 7 records
2025-09-19 04:34:58,377 - INFO - Completed /viper/ptmp/arego/RC4K1_1/20049.h5 in 19.64 seconds
2025-09-19 04:34:58,472 - INFO - Completed /viper/ptmp/arego/RC4K1_1/12334.h5 in 15.94 seconds
2025-09-19 04:34:59,020 - INFO - Processing /viper/ptmp/arego/RC4K1/27110.h5
2025-09-19 04:34:59,125 - INFO - File 25994: Filtered 20327638 hits and 10 records
2025-09-19 04:34:59,166 - INFO - Processing /viper/ptmp/arego/RC4K1/3413.h5
2025-09-19 04:34:59,213 - INFO - Completed /viper/ptmp/arego/RC4K1_1/14510.h5 in 20.95 seconds
2025-09-19 04:34:59,442 - INFO - Completed /viper/ptmp/arego/RC4K1_1/19716.h5 in 17.29 seconds
2025-09-19 04:34:59,569 - INFO - Processing /viper/ptmp/arego/RC4K1/3863.h5
2025-09-19 04:34:59,774 - INFO - Completed /viper/ptmp/arego/RC4K1_1/515.h5 in 15.81 seconds
2025-09-19 04:34:59,998 - INFO - Processing /viper/ptmp/arego/RC4K1/3116.h5
2025-09-19 04:35:00,306 - INFO - Completed /viper/ptmp/arego/RC4K1_1/5815.h5 in 50.97 seconds
2025-09-19 04:35:00,341 - INFO - Completed /viper/ptmp/arego/RC4K1_1/24144.h5 in 21.46 seconds
2025-09-19 04:35:00,490 - INFO - File 4974: Filtered 20376651 hits and 9 records
2025-09-19 04:35:00,674 - INFO - File 1895: Filtered 24122557 hits and 9 records
2025-09-19 04:35:00,699 - INFO - File 6581: Filtered 19757062 hits and 10 records
2025-09-19 04:35:00,864 - INFO - Processing /viper/ptmp/arego/RC4K1/14858.h5
2025-09-19 04:35:00,946 - INFO - Processing /viper/ptmp/arego/RC4K1/10055.h5
2025-09-19 04:35:01,347 - INFO - File 10982: Filtered 13953042 hits and 7 records
2025-09-19 04:35:01,507 - INFO - Processing /viper/ptmp/arego/RC4K1/16618.h5
2025-09-19 04:35:02,626 - INFO - Completed /viper/ptmp/arego/RC4K1_1/11205.h5 in 19.20 seconds
2025-09-19 04:35:02,737 - INFO - Completed /viper/ptmp/arego/RC4K1_1/19247.h5 in 23.26 seconds
2025-09-19 04:35:02,996 - INFO - Processing /viper/ptmp/arego/RC4K1/1872.h5
2025-09-19 04:35:03,348 - INFO - File 14767: Filtered 11950359 hits and 3 records
2025-09-19 04:35:03,544 - INFO - Processing /viper/ptmp/arego/RC4K1/28458.h5
2025-09-19 04:35:04,310 - INFO - Completed /viper/ptmp/arego/RC4K1_1/25994.h5 in 19.70 seconds
2025-09-19 04:35:04,368 - INFO - Processing /viper/ptmp/arego/RC4K1/1080.h5
2025-09-19 04:35:04,709 - INFO - File 28350: Filtered 25454266 hits and 7 records
2025-09-19 04:35:05,138 - INFO - Processing /viper/ptmp/arego/RC4K1/26012.h5
2025-09-19 04:35:05,550 - INFO - File 3500: Filtered 19051878 hits and 8 records
2025-09-19 04:35:06,772 - INFO - File 9533: Filtered 29905489 hits and 11 records
2025-09-19 04:35:07,273 - INFO - Completed /viper/ptmp/arego/RC4K1_1/1895.h5 in 15.58 seconds
2025-09-19 04:35:07,426 - INFO - Completed /viper/ptmp/arego/RC4K1_1/29508.h5 in 23.25 seconds
2025-09-19 04:35:07,522 - INFO - File 7926: Filtered 7440471 hits and 5 records
2025-09-19 04:35:08,404 - INFO - Processing /viper/ptmp/arego/RC4K1/5540.h5
2025-09-19 04:35:08,651 - INFO - Processing /viper/ptmp/arego/RC4K1/10346.h5
2025-09-19 04:35:08,866 - INFO - File 3099: Filtered 19029994 hits and 8 records
2025-09-19 04:35:08,928 - INFO - Completed /viper/ptmp/arego/RC4K1_1/10982.h5 in 23.29 seconds
2025-09-19 04:35:09,695 - INFO - Completed /viper/ptmp/arego/RC4K1_1/4974.h5 in 21.73 seconds
2025-09-19 04:35:10,278 - INFO - File 2424: Filtered 19804517 hits and 6 records
2025-09-19 04:35:10,361 - INFO - Processing /viper/ptmp/arego/RC4K1/13853.h5
2025-09-19 04:35:10,482 - INFO - File 27110: Filtered 19857565 hits and 9 records
2025-09-19 04:35:10,490 - INFO - Completed /viper/ptmp/arego/RC4K1_1/3500.h5 in 20.95 seconds
2025-09-19 04:35:10,668 - INFO - Completed /viper/ptmp/arego/RC4K1_1/6581.h5 in 21.23 seconds
2025-09-19 04:35:10,744 - INFO - File 24643: Filtered 29533097 hits and 8 records
2025-09-19 04:35:10,805 - INFO - Processing /viper/ptmp/arego/RC4K1/24115.h5
2025-09-19 04:35:11,720 - INFO - Completed /viper/ptmp/arego/RC4K1_1/14767.h5 in 25.10 seconds
2025-09-19 04:35:11,808 - INFO - Processing /viper/ptmp/arego/RC4K1/20652.h5
2025-09-19 04:35:12,147 - INFO - File 14858: Filtered 20546974 hits and 6 records
2025-09-19 04:35:12,232 - INFO - Processing /viper/ptmp/arego/RC4K1/12569.h5
2025-09-19 04:35:12,399 - INFO - File 16618: Filtered 29372198 hits and 7 records
2025-09-19 04:35:12,520 - INFO - File 3413: Filtered 16195365 hits and 8 records
2025-09-19 04:35:12,704 - INFO - Completed /viper/ptmp/arego/RC4K1_1/28350.h5 in 19.84 seconds
2025-09-19 04:35:12,909 - INFO - File 3116: Filtered 11141626 hits and 4 records
2025-09-19 04:35:12,950 - INFO - Completed /viper/ptmp/arego/RC4K1_1/9533.h5 in 19.54 seconds
2025-09-19 04:35:13,098 - INFO - Processing /viper/ptmp/arego/RC4K1/12007.h5
2025-09-19 04:35:13,372 - INFO - File 3863: Filtered 19602232 hits and 10 records
2025-09-19 04:35:13,428 - INFO - Processing /viper/ptmp/arego/RC4K1/28484.h5
2025-09-19 04:35:13,635 - INFO - Processing /viper/ptmp/arego/RC4K1/12423.h5
2025-09-19 04:35:14,322 - INFO - File 10055: Filtered 16874295 hits and 7 records
2025-09-19 04:35:16,607 - INFO - File 28458: Filtered 18546555 hits and 8 records
2025-09-19 04:35:16,684 - INFO - Completed /viper/ptmp/arego/RC4K1_1/24643.h5 in 19.22 seconds
2025-09-19 04:35:16,706 - INFO - File 1080: Filtered 38009426 hits and 10 records
2025-09-19 04:35:17,439 - INFO - Completed /viper/ptmp/arego/RC4K1_1/7926.h5 in 26.47 seconds
2025-09-19 04:35:17,529 - INFO - Processing /viper/ptmp/arego/RC4K1/8464.h5
2025-09-19 04:35:18,007 - INFO - Completed /viper/ptmp/arego/RC4K1_1/16618.h5 in 16.50 seconds
2025-09-19 04:35:18,356 - INFO - Completed /viper/ptmp/arego/RC4K1_1/3863.h5 in 18.79 seconds
2025-09-19 04:35:18,577 - INFO - Processing /viper/ptmp/arego/RC4K1/22390.h5
2025-09-19 04:35:18,776 - INFO - File 5540: Filtered 21358458 hits and 8 records
2025-09-19 04:35:18,983 - INFO - Processing /viper/ptmp/arego/RC4K1/27613.h5
2025-09-19 04:35:19,405 - INFO - File 26012: Filtered 17773605 hits and 11 records
2025-09-19 04:35:19,800 - INFO - Completed /viper/ptmp/arego/RC4K1_1/3099.h5 in 24.48 seconds
2025-09-19 04:35:20,172 - INFO - Completed /viper/ptmp/arego/RC4K1_1/27110.h5 in 21.15 seconds
2025-09-19 04:35:20,199 - INFO - Completed /viper/ptmp/arego/RC4K1_1/1080.h5 in 15.83 seconds
2025-09-19 04:35:20,289 - INFO - Completed /viper/ptmp/arego/RC4K1_1/14858.h5 in 19.42 seconds
2025-09-19 04:35:20,425 - INFO - Processing /viper/ptmp/arego/RC4K1/14560.h5
2025-09-19 04:35:20,477 - INFO - Completed /viper/ptmp/arego/RC4K1_1/10055.h5 in 19.53 seconds
2025-09-19 04:35:20,875 - INFO - Completed /viper/ptmp/arego/RC4K1_1/2424.h5 in 23.11 seconds
2025-09-19 04:35:21,008 - INFO - Processing /viper/ptmp/arego/RC4K1/19419.h5
2025-09-19 04:35:21,056 - INFO - Processing /viper/ptmp/arego/RC4K1/17279.h5
2025-09-19 04:35:21,682 - INFO - Processing /viper/ptmp/arego/RC4K1/2811.h5
2025-09-19 04:35:22,270 - INFO - Processing /viper/ptmp/arego/RC4K1/28684.h5
2025-09-19 04:35:22,335 - INFO - Processing /viper/ptmp/arego/RC4K1/21641.h5
2025-09-19 04:35:22,528 - INFO - Processing /viper/ptmp/arego/RC4K1/5026.h5
2025-09-19 04:35:22,760 - INFO - Completed /viper/ptmp/arego/RC4K1_1/3413.h5 in 23.59 seconds
2025-09-19 04:35:23,492 - INFO - File 10346: Filtered 21124391 hits and 9 records
2025-09-19 04:35:24,204 - INFO - Processing /viper/ptmp/arego/RC4K1/4836.h5
2025-09-19 04:35:25,408 - INFO - Completed /viper/ptmp/arego/RC4K1_1/26012.h5 in 20.27 seconds
2025-09-19 04:35:25,720 - INFO - File 24115: Filtered 20241126 hits and 9 records
2025-09-19 04:35:26,199 - INFO - File 28484: Filtered 23004107 hits and 12 records
2025-09-19 04:35:26,471 - INFO - Processing /viper/ptmp/arego/RC4K1/7830.h5
2025-09-19 04:35:26,767 - INFO - File 13853: Filtered 12061932 hits and 8 records
2025-09-19 04:35:26,981 - INFO - File 12569: Filtered 21205583 hits and 5 records
2025-09-19 04:35:26,990 - INFO - Completed /viper/ptmp/arego/RC4K1_1/3116.h5 in 26.99 seconds
2025-09-19 04:35:27,296 - INFO - Completed /viper/ptmp/arego/RC4K1_1/5540.h5 in 18.89 seconds
2025-09-19 04:35:27,697 - INFO - File 1872: Filtered 16261951 hits and 7 records
2025-09-19 04:35:27,929 - INFO - Processing /viper/ptmp/arego/RC4K1/7778.h5
2025-09-19 04:35:28,139 - INFO - File 20652: Filtered 8649859 hits and 5 records
2025-09-19 04:35:28,283 - INFO - Completed /viper/ptmp/arego/RC4K1_1/10346.h5 in 19.63 seconds
2025-09-19 04:35:28,303 - INFO - Completed /viper/ptmp/arego/RC4K1_1/28458.h5 in 24.76 seconds
2025-09-19 04:35:28,731 - INFO - Processing /viper/ptmp/arego/RC4K1/28894.h5
2025-09-19 04:35:29,212 - INFO - File 22390: Filtered 29319246 hits and 10 records
2025-09-19 04:35:29,219 - INFO - Processing /viper/ptmp/arego/RC4K1/25612.h5
2025-09-19 04:35:29,240 - INFO - File 12423: Filtered 13645351 hits and 8 records
2025-09-19 04:35:29,277 - INFO - Processing /viper/ptmp/arego/RC4K1/10666.h5
2025-09-19 04:35:30,558 - INFO - File 12007: Filtered 11600087 hits and 9 records
2025-09-19 04:35:32,815 - INFO - File 2811: Filtered 35634505 hits and 8 records
2025-09-19 04:35:33,405 - INFO - File 17279: Filtered 21816474 hits and 9 records
2025-09-19 04:35:34,492 - INFO - File 21641: Filtered 27528189 hits and 7 records
2025-09-19 04:35:34,512 - INFO - File 8464: Filtered 32530643 hits and 6 records
2025-09-19 04:35:36,266 - INFO - Completed /viper/ptmp/arego/RC4K1_1/22390.h5 in 17.69 seconds
2025-09-19 04:35:36,435 - INFO - Completed /viper/ptmp/arego/RC4K1_1/13853.h5 in 26.07 seconds
2025-09-19 04:35:36,622 - INFO - File 27613: Filtered 16454632 hits and 10 records
2025-09-19 04:35:37,044 - INFO - Completed /viper/ptmp/arego/RC4K1_1/24115.h5 in 26.24 seconds
2025-09-19 04:35:37,108 - INFO - Processing /viper/ptmp/arego/RC4K1/25129.h5
2025-09-19 04:35:37,146 - INFO - File 14560: Filtered 28693545 hits and 8 records
2025-09-19 04:35:37,811 - INFO - Processing /viper/ptmp/arego/RC4K1/2704.h5
2025-09-19 04:35:37,973 - INFO - Completed /viper/ptmp/arego/RC4K1_1/2811.h5 in 16.29 seconds
2025-09-19 04:35:38,044 - INFO - Completed /viper/ptmp/arego/RC4K1_1/12569.h5 in 25.81 seconds
2025-09-19 04:35:38,353 - INFO - Processing /viper/ptmp/arego/RC4K1/9652.h5
2025-09-19 04:35:38,540 - INFO - Processing /viper/ptmp/arego/RC4K1/14215.h5
2025-09-19 04:35:38,556 - INFO - Completed /viper/ptmp/arego/RC4K1_1/28484.h5 in 25.13 seconds
2025-09-19 04:35:38,659 - INFO - Completed /viper/ptmp/arego/RC4K1_1/14560.h5 in 18.23 seconds
2025-09-19 04:35:39,257 - INFO - Completed /viper/ptmp/arego/RC4K1_1/20652.h5 in 27.45 seconds
2025-09-19 04:35:39,303 - INFO - File 19419: Filtered 17048842 hits and 7 records
2025-09-19 04:35:39,417 - INFO - Processing /viper/ptmp/arego/RC4K1/13575.h5
2025-09-19 04:35:39,532 - INFO - File 28894: Filtered 30524336 hits and 7 records
2025-09-19 04:35:39,752 - INFO - Processing /viper/ptmp/arego/RC4K1/17429.h5
2025-09-19 04:35:39,890 - INFO - File 28684: Filtered 19714343 hits and 11 records
2025-09-19 04:35:39,995 - INFO - Completed /viper/ptmp/arego/RC4K1_1/12007.h5 in 26.90 seconds
2025-09-19 04:35:40,140 - INFO - File 5026: Filtered 25472302 hits and 8 records
2025-09-19 04:35:40,224 - INFO - Processing /viper/ptmp/arego/RC4K1/19147.h5
2025-09-19 04:35:40,558 - INFO - File 7778: Filtered 21658958 hits and 9 records
2025-09-19 04:35:40,563 - INFO - Processing /viper/ptmp/arego/RC4K1/16311.h5
2025-09-19 04:35:41,234 - INFO - File 25612: Filtered 19566946 hits and 8 records
2025-09-19 04:35:41,397 - INFO - File 4836: Filtered 22739357 hits and 10 records
2025-09-19 04:35:41,437 - INFO - Completed /viper/ptmp/arego/RC4K1_1/8464.h5 in 23.91 seconds
2025-09-19 04:35:41,666 - INFO - Completed /viper/ptmp/arego/RC4K1_1/21641.h5 in 19.33 seconds
2025-09-19 04:35:41,925 - INFO - Processing /viper/ptmp/arego/RC4K1/2162.h5
2025-09-19 04:35:42,161 - INFO - Processing /viper/ptmp/arego/RC4K1/21625.h5
2025-09-19 04:35:42,326 - INFO - Processing /viper/ptmp/arego/RC4K1/27144.h5
2025-09-19 04:35:42,743 - INFO - File 7830: Filtered 13578099 hits and 7 records
2025-09-19 04:35:43,280 - INFO - Completed /viper/ptmp/arego/RC4K1_1/17279.h5 in 22.22 seconds
2025-09-19 04:35:43,616 - INFO - Completed /viper/ptmp/arego/RC4K1_1/27613.h5 in 24.63 seconds
2025-09-19 04:35:43,623 - INFO - Completed /viper/ptmp/arego/RC4K1_1/12423.h5 in 29.99 seconds
2025-09-19 04:35:43,873 - INFO - File 10666: Filtered 21321407 hits and 9 records
2025-09-19 04:35:44,507 - INFO - Processing /viper/ptmp/arego/RC4K1/16758.h5
2025-09-19 04:35:44,529 - INFO - Processing /viper/ptmp/arego/RC4K1/19575.h5
2025-09-19 04:35:44,790 - INFO - Processing /viper/ptmp/arego/RC4K1/25832.h5
2025-09-19 04:35:45,138 - INFO - Completed /viper/ptmp/arego/RC4K1_1/28684.h5 in 22.87 seconds
2025-09-19 04:35:45,583 - INFO - Completed /viper/ptmp/arego/RC4K1_1/28894.h5 in 16.85 seconds
2025-09-19 04:35:46,490 - INFO - Processing /viper/ptmp/arego/RC4K1/6539.h5
2025-09-19 04:35:46,596 - INFO - Processing /viper/ptmp/arego/RC4K1/243.h5
2025-09-19 04:35:48,425 - INFO - File 25129: Filtered 24918780 hits and 11 records
2025-09-19 04:35:48,497 - INFO - Completed /viper/ptmp/arego/RC4K1_1/5026.h5 in 25.97 seconds
2025-09-19 04:35:48,646 - INFO - Completed /viper/ptmp/arego/RC4K1_1/10666.h5 in 19.37 seconds
2025-09-19 04:35:49,082 - INFO - Completed /viper/ptmp/arego/RC4K1_1/7778.h5 in 21.15 seconds
2025-09-19 04:35:49,509 - INFO - Processing /viper/ptmp/arego/RC4K1/4908.h5
2025-09-19 04:35:49,835 - INFO - Processing /viper/ptmp/arego/RC4K1/5158.h5
2025-09-19 04:35:50,055 - INFO - Completed /viper/ptmp/arego/RC4K1_1/19419.h5 in 29.05 seconds
2025-09-19 04:35:50,106 - INFO - Processing /viper/ptmp/arego/RC4K1/9561.h5
2025-09-19 04:35:50,549 - INFO - Completed /viper/ptmp/arego/RC4K1_1/7830.h5 in 24.08 seconds
2025-09-19 04:35:50,653 - INFO - Completed /viper/ptmp/arego/RC4K1_1/25612.h5 in 21.43 seconds
2025-09-19 04:35:50,771 - INFO - Completed /viper/ptmp/arego/RC4K1_1/4836.h5 in 26.57 seconds
2025-09-19 04:35:50,777 - INFO - File 14215: Filtered 22429872 hits and 10 records
2025-09-19 04:35:51,430 - INFO - Processing /viper/ptmp/arego/RC4K1/4992.h5
2025-09-19 04:35:51,733 - INFO - Processing /viper/ptmp/arego/RC4K1/2970.h5
2025-09-19 04:35:51,776 - INFO - Processing /viper/ptmp/arego/RC4K1/10807.h5
2025-09-19 04:35:52,172 - INFO - File 9652: Filtered 36250260 hits and 11 records
2025-09-19 04:35:52,210 - INFO - File 2704: Filtered 11825146 hits and 5 records
2025-09-19 04:35:52,980 - INFO - Processing /viper/ptmp/arego/RC4K1/12819.h5
2025-09-19 04:35:53,126 - INFO - File 19147: Filtered 13564491 hits and 7 records
2025-09-19 04:35:53,553 - INFO - Completed /viper/ptmp/arego/RC4K1_1/1872.h5 in 50.56 seconds
2025-09-19 04:35:54,163 - INFO - File 27144: Filtered 33774042 hits and 9 records
2025-09-19 04:35:54,229 - INFO - File 17429: Filtered 30524080 hits and 5 records
2025-09-19 04:35:55,832 - INFO - File 13575: Filtered 13733091 hits and 8 records
2025-09-19 04:35:56,301 - INFO - Processing /viper/ptmp/arego/RC4K1/26634.h5
2025-09-19 04:35:56,656 - ERROR - Error processing /viper/ptmp/arego/RC4K1/25129.h5: low >= high
2025-09-19 04:35:57,099 - INFO - File 21625: Filtered 21830875 hits and 7 records
2025-09-19 04:35:57,571 - INFO - Processing /viper/ptmp/arego/RC4K1/6181.h5
2025-09-19 04:35:58,007 - INFO - File 16758: Filtered 20046426 hits and 8 records
2025-09-19 04:35:58,269 - INFO - File 16311: Filtered 11125562 hits and 6 records
2025-09-19 04:35:59,015 - INFO - Completed /viper/ptmp/arego/RC4K1_1/9652.h5 in 20.66 seconds
2025-09-19 04:35:59,104 - INFO - File 19575: Filtered 12168513 hits and 5 records
2025-09-19 04:35:59,836 - INFO - Completed /viper/ptmp/arego/RC4K1_1/27144.h5 in 17.51 seconds
2025-09-19 04:35:59,919 - INFO - Processing /viper/ptmp/arego/RC4K1/27593.h5
2025-09-19 04:36:00,029 - INFO - File 243: Filtered 13484744 hits and 6 records
2025-09-19 04:36:00,435 - INFO - Processing /viper/ptmp/arego/RC4K1/29059.h5
2025-09-19 04:36:00,952 - INFO - File 2162: Filtered 13711082 hits and 5 records
2025-09-19 04:36:02,487 - INFO - Completed /viper/ptmp/arego/RC4K1_1/14215.h5 in 23.95 seconds
2025-09-19 04:36:02,862 - INFO - Completed /viper/ptmp/arego/RC4K1_1/17429.h5 in 23.11 seconds
2025-09-19 04:36:03,079 - INFO - Completed /viper/ptmp/arego/RC4K1_1/2704.h5 in 25.27 seconds
2025-09-19 04:36:03,209 - INFO - Processing /viper/ptmp/arego/RC4K1/15567.h5
2025-09-19 04:36:03,388 - INFO - File 25832: Filtered 19115205 hits and 6 records
2025-09-19 04:36:03,852 - INFO - File 9561: Filtered 30589051 hits and 8 records
2025-09-19 04:36:04,178 - INFO - File 4992: Filtered 36406438 hits and 9 records
2025-09-19 04:36:04,226 - INFO - Processing /viper/ptmp/arego/RC4K1/3564.h5
2025-09-19 04:36:04,538 - INFO - Processing /viper/ptmp/arego/RC4K1/1516.h5
2025-09-19 04:36:04,729 - INFO - File 6539: Filtered 17714095 hits and 7 records
2025-09-19 04:36:05,428 - INFO - Completed /viper/ptmp/arego/RC4K1_1/13575.h5 in 26.01 seconds
2025-09-19 04:36:06,625 - INFO - Processing /viper/ptmp/arego/RC4K1/29570.h5
2025-09-19 04:36:06,811 - INFO - File 5158: Filtered 41898235 hits and 10 records
2025-09-19 04:36:06,960 - INFO - Completed /viper/ptmp/arego/RC4K1_1/19147.h5 in 26.74 seconds
2025-09-19 04:36:07,652 - INFO - Completed /viper/ptmp/arego/RC4K1_1/16758.h5 in 23.15 seconds
2025-09-19 04:36:08,077 - INFO - File 6181: Filtered 38082215 hits and 10 records
2025-09-19 04:36:08,226 - INFO - Processing /viper/ptmp/arego/RC4K1/8405.h5
2025-09-19 04:36:08,367 - INFO - File 4908: Filtered 20026289 hits and 10 records
2025-09-19 04:36:08,832 - INFO - Completed /viper/ptmp/arego/RC4K1_1/21625.h5 in 26.67 seconds
2025-09-19 04:36:08,876 - INFO - Processing /viper/ptmp/arego/RC4K1/9348.h5
2025-09-19 04:36:09,054 - INFO - File 2970: Filtered 27958050 hits and 8 records
2025-09-19 04:36:09,171 - INFO - Completed /viper/ptmp/arego/RC4K1_1/16311.h5 in 28.61 seconds
2025-09-19 04:36:09,198 - INFO - Completed /viper/ptmp/arego/RC4K1_1/4992.h5 in 17.77 seconds
2025-09-19 04:36:09,720 - INFO - File 10807: Filtered 13705224 hits and 6 records
2025-09-19 04:36:09,753 - INFO - Processing /viper/ptmp/arego/RC4K1/16742.h5
2025-09-19 04:36:10,257 - INFO - Completed /viper/ptmp/arego/RC4K1_1/25832.h5 in 25.47 seconds
2025-09-19 04:36:10,400 - INFO - Completed /viper/ptmp/arego/RC4K1_1/2162.h5 in 28.47 seconds
2025-09-19 04:36:10,435 - INFO - Processing /viper/ptmp/arego/RC4K1/11908.h5
2025-09-19 04:36:10,594 - INFO - Processing /viper/ptmp/arego/RC4K1/21219.h5
2025-09-19 04:36:11,049 - INFO - File 12819: Filtered 10955349 hits and 5 records
2025-09-19 04:36:11,111 - INFO - Completed /viper/ptmp/arego/RC4K1_1/243.h5 in 24.52 seconds
2025-09-19 04:36:11,685 - INFO - Completed /viper/ptmp/arego/RC4K1_1/5158.h5 in 21.85 seconds
2025-09-19 04:36:11,716 - INFO - Processing /viper/ptmp/arego/RC4K1/23343.h5
2025-09-19 04:36:11,798 - INFO - Completed /viper/ptmp/arego/RC4K1_1/6539.h5 in 25.31 seconds
2025-09-19 04:36:11,920 - INFO - Completed /viper/ptmp/arego/RC4K1_1/9561.h5 in 21.81 seconds
2025-09-19 04:36:12,246 - INFO - Processing /viper/ptmp/arego/RC4K1/15417.h5
2025-09-19 04:36:12,423 - INFO - Processing /viper/ptmp/arego/RC4K1/29645.h5
2025-09-19 04:36:12,802 - INFO - Processing /viper/ptmp/arego/RC4K1/6457.h5
2025-09-19 04:36:12,951 - INFO - File 26634: Filtered 29001060 hits and 7 records
2025-09-19 04:36:13,246 - ERROR - Error processing /viper/ptmp/arego/RC4K1/6181.h5: low >= high
2025-09-19 04:36:13,286 - INFO - Processing /viper/ptmp/arego/RC4K1/6541.h5
2025-09-19 04:36:13,599 - INFO - File 29059: Filtered 37543422 hits and 10 records
2025-09-19 04:36:14,049 - INFO - File 15567: Filtered 28460792 hits and 9 records
2025-09-19 04:36:14,056 - INFO - Processing /viper/ptmp/arego/RC4K1/22007.h5
2025-09-19 04:36:14,323 - INFO - Completed /viper/ptmp/arego/RC4K1_1/4908.h5 in 24.81 seconds
2025-09-19 04:36:14,525 - INFO - Processing /viper/ptmp/arego/RC4K1/2767.h5
2025-09-19 04:36:15,280 - INFO - Processing /viper/ptmp/arego/RC4K1/13121.h5
2025-09-19 04:36:15,611 - INFO - Completed /viper/ptmp/arego/RC4K1_1/19575.h5 in 31.08 seconds
2025-09-19 04:36:17,457 - INFO - Processing /viper/ptmp/arego/RC4K1/14821.h5
2025-09-19 04:36:17,960 - INFO - File 1516: Filtered 18111251 hits and 11 records
2025-09-19 04:36:18,016 - INFO - File 27593: Filtered 23794367 hits and 6 records
2025-09-19 04:36:18,128 - INFO - Completed /viper/ptmp/arego/RC4K1_1/10807.h5 in 26.35 seconds
2025-09-19 04:36:18,737 - INFO - Completed /viper/ptmp/arego/RC4K1_1/29059.h5 in 18.30 seconds
2025-09-19 04:36:18,738 - INFO - Completed /viper/ptmp/arego/RC4K1_1/2970.h5 in 27.01 seconds
2025-09-19 04:36:19,247 - INFO - Processing /viper/ptmp/arego/RC4K1/2020.h5
2025-09-19 04:36:19,655 - INFO - Processing /viper/ptmp/arego/RC4K1/13166.h5
2025-09-19 04:36:19,921 - INFO - Processing /viper/ptmp/arego/RC4K1/26541.h5
2025-09-19 04:36:20,041 - INFO - File 3564: Filtered 23451455 hits and 6 records
2025-09-19 04:36:20,259 - INFO - File 9348: Filtered 27085124 hits and 9 records
2025-09-19 04:36:21,203 - INFO - File 29570: Filtered 13325224 hits and 8 records
2025-09-19 04:36:21,698 - INFO - Completed /viper/ptmp/arego/RC4K1_1/15567.h5 in 18.49 seconds
2025-09-19 04:36:22,629 - INFO - Processing /viper/ptmp/arego/RC4K1/2786.h5
2025-09-19 04:36:23,197 - INFO - Completed /viper/ptmp/arego/RC4K1_1/26634.h5 in 26.90 seconds
2025-09-19 04:36:23,429 - INFO - File 8405: Filtered 32011939 hits and 9 records
2025-09-19 04:36:24,236 - INFO - File 16742: Filtered 30901862 hits and 8 records
2025-09-19 04:36:24,493 - INFO - Processing /viper/ptmp/arego/RC4K1/14072.h5
2025-09-19 04:36:24,825 - INFO - File 15417: Filtered 20942522 hits and 9 records
2025-09-19 04:36:25,481 - ERROR - Error processing /viper/ptmp/arego/RC4K1/1516.h5: low >= high
2025-09-19 04:36:25,870 - INFO - File 11908: Filtered 41394448 hits and 8 records
2025-09-19 04:36:26,654 - INFO - Processing /viper/ptmp/arego/RC4K1/9132.h5
2025-09-19 04:36:27,431 - INFO - File 2767: Filtered 9088954 hits and 4 records
2025-09-19 04:36:28,248 - INFO - Completed /viper/ptmp/arego/RC4K1_1/12819.h5 in 35.27 seconds
2025-09-19 04:36:28,468 - INFO - File 6541: Filtered 26979537 hits and 9 records
2025-09-19 04:36:28,543 - INFO - File 29645: Filtered 25067378 hits and 11 records
2025-09-19 04:36:28,865 - INFO - File 21219: Filtered 16172463 hits and 5 records
2025-09-19 04:36:28,909 - INFO - Completed /viper/ptmp/arego/RC4K1_1/27593.h5 in 28.99 seconds
2025-09-19 04:36:29,505 - INFO - Completed /viper/ptmp/arego/RC4K1_1/9348.h5 in 20.63 seconds
2025-09-19 04:36:30,276 - INFO - Processing /viper/ptmp/arego/RC4K1/13275.h5
2025-09-19 04:36:30,348 - INFO - Processing /viper/ptmp/arego/RC4K1/811.h5
2025-09-19 04:36:30,666 - INFO - File 23343: Filtered 22108434 hits and 8 records
2025-09-19 04:36:31,478 - INFO - Processing /viper/ptmp/arego/RC4K1/14942.h5
2025-09-19 04:36:31,486 - INFO - Completed /viper/ptmp/arego/RC4K1_1/29570.h5 in 24.86 seconds
2025-09-19 04:36:31,845 - INFO - Completed /viper/ptmp/arego/RC4K1_1/8405.h5 in 23.62 seconds
2025-09-19 04:36:31,871 - INFO - Completed /viper/ptmp/arego/RC4K1_1/11908.h5 in 21.44 seconds
2025-09-19 04:36:32,127 - INFO - Completed /viper/ptmp/arego/RC4K1_1/3564.h5 in 27.90 seconds
2025-09-19 04:36:32,497 - INFO - Processing /viper/ptmp/arego/RC4K1/8753.h5
2025-09-19 04:36:32,906 - INFO - Processing /viper/ptmp/arego/RC4K1/20630.h5
2025-09-19 04:36:32,916 - INFO - File 6457: Filtered 14090092 hits and 7 records
2025-09-19 04:36:33,116 - INFO - Processing /viper/ptmp/arego/RC4K1/19151.h5
2025-09-19 04:36:33,174 - INFO - Completed /viper/ptmp/arego/RC4K1_1/16742.h5 in 23.42 seconds
2025-09-19 04:36:33,268 - INFO - File 14821: Filtered 37710962 hits and 8 records
2025-09-19 04:36:33,362 - INFO - File 2020: Filtered 40581960 hits and 10 records
2025-09-19 04:36:33,842 - INFO - Processing /viper/ptmp/arego/RC4K1/2492.h5
2025-09-19 04:36:33,848 - INFO - Processing /viper/ptmp/arego/RC4K1/21910.h5
2025-09-19 04:36:34,543 - INFO - File 22007: Filtered 14054655 hits and 7 records
2025-09-19 04:36:34,873 - INFO - File 2786: Filtered 33772002 hits and 9 records
2025-09-19 04:36:35,463 - INFO - Completed /viper/ptmp/arego/RC4K1_1/15417.h5 in 23.22 seconds
2025-09-19 04:36:35,518 - INFO - File 13121: Filtered 23856998 hits and 8 records
2025-09-19 04:36:36,382 - INFO - Processing /viper/ptmp/arego/RC4K1/10553.h5
2025-09-19 04:36:36,581 - INFO - File 26541: Filtered 31046248 hits and 10 records
2025-09-19 04:36:37,082 - INFO - Completed /viper/ptmp/arego/RC4K1_1/23343.h5 in 25.37 seconds
2025-09-19 04:36:38,002 - INFO - Processing /viper/ptmp/arego/RC4K1/826.h5
2025-09-19 04:36:38,291 - INFO - Completed /viper/ptmp/arego/RC4K1_1/21219.h5 in 27.70 seconds
2025-09-19 04:36:38,609 - INFO - Completed /viper/ptmp/arego/RC4K1_1/2020.h5 in 19.36 seconds
2025-09-19 04:36:39,094 - INFO - Processing /viper/ptmp/arego/RC4K1/20357.h5
2025-09-19 04:36:39,156 - INFO - File 13166: Filtered 19555921 hits and 7 records
2025-09-19 04:36:39,645 - INFO - File 14072: Filtered 21593628 hits and 4 records
2025-09-19 04:36:39,658 - INFO - Processing /viper/ptmp/arego/RC4K1/10365.h5
2025-09-19 04:36:39,800 - INFO - Completed /viper/ptmp/arego/RC4K1_1/29645.h5 in 27.38 seconds
2025-09-19 04:36:40,135 - INFO - Completed /viper/ptmp/arego/RC4K1_1/6541.h5 in 26.85 seconds
2025-09-19 04:36:40,602 - INFO - Completed /viper/ptmp/arego/RC4K1_1/14821.h5 in 23.14 seconds
2025-09-19 04:36:41,136 - INFO - Processing /viper/ptmp/arego/RC4K1/7354.h5
2025-09-19 04:36:41,313 - INFO - Completed /viper/ptmp/arego/RC4K1_1/13121.h5 in 26.03 seconds
2025-09-19 04:36:41,454 - INFO - Processing /viper/ptmp/arego/RC4K1/3847.h5
2025-09-19 04:36:41,977 - INFO - Completed /viper/ptmp/arego/RC4K1_1/2767.h5 in 27.45 seconds
2025-09-19 04:36:42,220 - INFO - Processing /viper/ptmp/arego/RC4K1/8094.h5
2025-09-19 04:36:42,319 - INFO - File 811: Filtered 31852236 hits and 9 records
2025-09-19 04:36:42,776 - INFO - File 9132: Filtered 27503463 hits and 11 records
2025-09-19 04:36:42,783 - INFO - Processing /viper/ptmp/arego/RC4K1/10094.h5
2025-09-19 04:36:42,849 - INFO - Completed /viper/ptmp/arego/RC4K1_1/2786.h5 in 20.22 seconds
2025-09-19 04:36:42,888 - INFO - Completed /viper/ptmp/arego/RC4K1_1/6457.h5 in 30.09 seconds
2025-09-19 04:36:43,314 - INFO - Processing /viper/ptmp/arego/RC4K1/7643.h5
2025-09-19 04:36:44,066 - INFO - Processing /viper/ptmp/arego/RC4K1/17267.h5
2025-09-19 04:36:44,306 - INFO - Processing /viper/ptmp/arego/RC4K1/5106.h5
2025-09-19 04:36:44,351 - INFO - Completed /viper/ptmp/arego/RC4K1_1/22007.h5 in 30.30 seconds
2025-09-19 04:36:45,637 - INFO - Processing /viper/ptmp/arego/RC4K1/18132.h5
2025-09-19 04:36:46,227 - INFO - Completed /viper/ptmp/arego/RC4K1_1/26541.h5 in 26.31 seconds
2025-09-19 04:36:46,380 - INFO - Completed /viper/ptmp/arego/RC4K1_1/13166.h5 in 26.72 seconds
2025-09-19 04:36:47,110 - INFO - Completed /viper/ptmp/arego/RC4K1_1/9132.h5 in 20.46 seconds
2025-09-19 04:36:47,566 - INFO - Processing /viper/ptmp/arego/RC4K1/9513.h5
2025-09-19 04:36:47,710 - INFO - Processing /viper/ptmp/arego/RC4K1/20992.h5
2025-09-19 04:36:47,773 - INFO - File 19151: Filtered 21995138 hits and 7 records
2025-09-19 04:36:48,281 - INFO - File 8753: Filtered 22600412 hits and 5 records
2025-09-19 04:36:48,640 - INFO - File 10553: Filtered 33325862 hits and 7 records
2025-09-19 04:36:48,969 - INFO - Processing /viper/ptmp/arego/RC4K1/23776.h5
2025-09-19 04:36:49,331 - INFO - File 13275: Filtered 28023861 hits and 10 records
2025-09-19 04:36:49,414 - INFO - File 21910: Filtered 28704170 hits and 6 records
2025-09-19 04:36:51,051 - INFO - File 14942: Filtered 12383381 hits and 4 records
2025-09-19 04:36:51,110 - INFO - Completed /viper/ptmp/arego/RC4K1_1/811.h5 in 20.76 seconds
2025-09-19 04:36:51,951 - INFO - Processing /viper/ptmp/arego/RC4K1/22804.h5
2025-09-19 04:36:52,257 - INFO - File 20630: Filtered 21759108 hits and 4 records
2025-09-19 04:36:54,091 - INFO - File 2492: Filtered 14265810 hits and 8 records
2025-09-19 04:36:54,237 - INFO - Completed /viper/ptmp/arego/RC4K1_1/19151.h5 in 21.12 seconds
2025-09-19 04:36:55,044 - INFO - File 826: Filtered 17986439 hits and 4 records
2025-09-19 04:36:55,292 - INFO - Processing /viper/ptmp/arego/RC4K1/4116.h5
2025-09-19 04:36:55,694 - INFO - Completed /viper/ptmp/arego/RC4K1_1/14072.h5 in 31.20 seconds
2025-09-19 04:36:56,588 - INFO - File 20357: Filtered 30273573 hits and 10 records
2025-09-19 04:36:57,219 - INFO - File 7354: Filtered 39619934 hits and 9 records
2025-09-19 04:36:57,414 - INFO - Completed /viper/ptmp/arego/RC4K1_1/10553.h5 in 21.03 seconds
2025-09-19 04:36:58,114 - INFO - Processing /viper/ptmp/arego/RC4K1/16166.h5
2025-09-19 04:36:58,353 - INFO - Processing /viper/ptmp/arego/RC4K1/24342.h5
2025-09-19 04:36:58,614 - INFO - File 7643: Filtered 30951511 hits and 6 records
2025-09-19 04:36:59,165 - INFO - File 10365: Filtered 17571589 hits and 10 records
2025-09-19 04:36:59,310 - INFO - File 17267: Filtered 45616126 hits and 10 records
2025-09-19 04:37:01,557 - INFO - Completed /viper/ptmp/arego/RC4K1_1/21910.h5 in 27.71 seconds
2025-09-19 04:37:01,714 - INFO - File 8094: Filtered 24665000 hits and 7 records
2025-09-19 04:37:02,332 - INFO - Processing /viper/ptmp/arego/RC4K1/23092.h5
2025-09-19 04:37:02,483 - INFO - Completed /viper/ptmp/arego/RC4K1_1/8753.h5 in 29.99 seconds
2025-09-19 04:37:02,548 - INFO - Completed /viper/ptmp/arego/RC4K1_1/13275.h5 in 32.27 seconds
2025-09-19 04:37:02,865 - INFO - File 3847: Filtered 32517240 hits and 9 records
2025-09-19 04:37:03,759 - INFO - Processing /viper/ptmp/arego/RC4K1/2598.h5
2025-09-19 04:37:03,996 - INFO - Processing /viper/ptmp/arego/RC4K1/19089.h5
2025-09-19 04:37:04,253 - INFO - File 10094: Filtered 27008183 hits and 7 records
2025-09-19 04:37:04,901 - INFO - Completed /viper/ptmp/arego/RC4K1_1/7354.h5 in 23.77 seconds
2025-09-19 04:37:05,629 - INFO - Processing /viper/ptmp/arego/RC4K1/14151.h5
2025-09-19 04:37:05,738 - INFO - Completed /viper/ptmp/arego/RC4K1_1/826.h5 in 27.74 seconds
2025-09-19 04:37:05,816 - INFO - File 5106: Filtered 22166534 hits and 6 records
2025-09-19 04:37:05,886 - INFO - Completed /viper/ptmp/arego/RC4K1_1/17267.h5 in 21.82 seconds
2025-09-19 04:37:06,502 - INFO - File 22804: Filtered 11123611 hits and 5 records
2025-09-19 04:37:06,550 - INFO - Processing /viper/ptmp/arego/RC4K1/21590.h5
2025-09-19 04:37:06,734 - INFO - File 20992: Filtered 23179380 hits and 8 records
2025-09-19 04:37:06,856 - INFO - Completed /viper/ptmp/arego/RC4K1_1/20357.h5 in 27.76 seconds
2025-09-19 04:37:07,272 - INFO - Processing /viper/ptmp/arego/RC4K1/29930.h5
2025-09-19 04:37:07,722 - INFO - Processing /viper/ptmp/arego/RC4K1/11966.h5
2025-09-19 04:37:07,919 - INFO - Completed /viper/ptmp/arego/RC4K1_1/20630.h5 in 35.01 seconds
2025-09-19 04:37:08,367 - INFO - File 18132: Filtered 23316493 hits and 10 records
2025-09-19 04:37:08,424 - INFO - Completed /viper/ptmp/arego/RC4K1_1/8094.h5 in 26.20 seconds
2025-09-19 04:37:09,411 - INFO - Processing /viper/ptmp/arego/RC4K1/28863.h5
2025-09-19 04:37:09,592 - INFO - Processing /viper/ptmp/arego/RC4K1/1527.h5
2025-09-19 04:37:09,777 - INFO - Completed /viper/ptmp/arego/RC4K1_1/7643.h5 in 26.46 seconds
2025-09-19 04:37:09,961 - INFO - Completed /viper/ptmp/arego/RC4K1_1/10365.h5 in 30.30 seconds
2025-09-19 04:37:10,470 - INFO - Completed /viper/ptmp/arego/RC4K1_1/14942.h5 in 38.99 seconds
2025-09-19 04:37:10,908 - INFO - File 9513: Filtered 13087212 hits and 8 records
2025-09-19 04:37:10,985 - INFO - Processing /viper/ptmp/arego/RC4K1/18866.h5
2025-09-19 04:37:11,379 - INFO - Processing /viper/ptmp/arego/RC4K1/24850.h5
2025-09-19 04:37:11,959 - INFO - Processing /viper/ptmp/arego/RC4K1/840.h5
2025-09-19 04:37:12,080 - INFO - File 23776: Filtered 15946936 hits and 10 records
2025-09-19 04:37:12,441 - INFO - Completed /viper/ptmp/arego/RC4K1_1/2492.h5 in 38.60 seconds
2025-09-19 04:37:12,609 - INFO - Completed /viper/ptmp/arego/RC4K1_1/3847.h5 in 31.15 seconds
2025-09-19 04:37:13,031 - INFO - File 24342: Filtered 18136172 hits and 9 records
2025-09-19 04:37:13,662 - INFO - Processing /viper/ptmp/arego/RC4K1/22336.h5
2025-09-19 04:37:13,987 - INFO - Completed /viper/ptmp/arego/RC4K1_1/5106.h5 in 29.68 seconds
2025-09-19 04:37:14,017 - INFO - File 16166: Filtered 30672969 hits and 7 records
2025-09-19 04:37:14,646 - INFO - Processing /viper/ptmp/arego/RC4K1/6296.h5
2025-09-19 04:37:15,155 - INFO - Processing /viper/ptmp/arego/RC4K1/16965.h5
2025-09-19 04:37:15,641 - INFO - Completed /viper/ptmp/arego/RC4K1_1/10094.h5 in 32.86 seconds
2025-09-19 04:37:15,832 - INFO - Completed /viper/ptmp/arego/RC4K1_1/18132.h5 in 30.19 seconds
2025-09-19 04:37:16,226 - INFO - File 4116: Filtered 20052881 hits and 9 records
2025-09-19 04:37:16,841 - INFO - Processing /viper/ptmp/arego/RC4K1/26806.h5
2025-09-19 04:37:16,897 - INFO - Processing /viper/ptmp/arego/RC4K1/969.h5
2025-09-19 04:37:19,317 - INFO - File 19089: Filtered 16865960 hits and 5 records
2025-09-19 04:37:20,401 - INFO - Completed /viper/ptmp/arego/RC4K1_1/20992.h5 in 32.69 seconds
2025-09-19 04:37:21,404 - INFO - File 23092: Filtered 22911200 hits and 5 records
2025-09-19 04:37:22,333 - INFO - Processing /viper/ptmp/arego/RC4K1/16208.h5
2025-09-19 04:37:22,354 - INFO - Completed /viper/ptmp/arego/RC4K1_1/9513.h5 in 34.79 seconds
2025-09-19 04:37:22,543 - INFO - Completed /viper/ptmp/arego/RC4K1_1/23776.h5 in 33.57 seconds
2025-09-19 04:37:23,306 - INFO - Completed /viper/ptmp/arego/RC4K1_1/22804.h5 in 31.36 seconds
2025-09-19 04:37:24,043 - INFO - Processing /viper/ptmp/arego/RC4K1/15110.h5
2025-09-19 04:37:24,591 - INFO - Completed /viper/ptmp/arego/RC4K1_1/4116.h5 in 29.30 seconds
2025-09-19 04:37:24,813 - INFO - Processing /viper/ptmp/arego/RC4K1/2857.h5
2025-09-19 04:37:25,032 - INFO - File 29930: Filtered 31518060 hits and 7 records
2025-09-19 04:37:25,128 - INFO - Processing /viper/ptmp/arego/RC4K1/1037.h5
2025-09-19 04:37:25,513 - INFO - Completed /viper/ptmp/arego/RC4K1_1/16166.h5 in 27.40 seconds
2025-09-19 04:37:25,535 - INFO - File 18866: Filtered 26980883 hits and 7 records
2025-09-19 04:37:26,694 - INFO - Processing /viper/ptmp/arego/RC4K1/17930.h5
2025-09-19 04:37:27,078 - INFO - File 14151: Filtered 44623070 hits and 10 records
2025-09-19 04:37:27,582 - INFO - Completed /viper/ptmp/arego/RC4K1_1/24342.h5 in 29.23 seconds
2025-09-19 04:37:27,632 - INFO - Processing /viper/ptmp/arego/RC4K1/4718.h5
2025-09-19 04:37:27,696 - INFO - File 2598: Filtered 26748740 hits and 7 records
2025-09-19 04:37:28,154 - INFO - File 28863: Filtered 46364011 hits and 8 records
2025-09-19 04:37:28,158 - INFO - File 1527: Filtered 21731837 hits and 10 records
2025-09-19 04:37:29,198 - INFO - Completed /viper/ptmp/arego/RC4K1_1/29930.h5 in 21.93 seconds
2025-09-19 04:37:29,208 - INFO - Processing /viper/ptmp/arego/RC4K1/10096.h5
2025-09-19 04:37:30,011 - INFO - Processing /viper/ptmp/arego/RC4K1/7371.h5
2025-09-19 04:37:31,594 - INFO - File 24850: Filtered 21595079 hits and 9 records
2025-09-19 04:37:32,702 - INFO - File 11966: Filtered 29213791 hits and 9 records
2025-09-19 04:37:33,484 - INFO - File 840: Filtered 32490687 hits and 8 records
2025-09-19 04:37:34,693 - INFO - File 22336: Filtered 51328489 hits and 10 records
2025-09-19 04:37:34,713 - INFO - File 21590: Filtered 8993857 hits and 4 records
2025-09-19 04:37:35,648 - INFO - File 16965: Filtered 27434368 hits and 10 records
2025-09-19 04:37:36,746 - INFO - File 6296: Filtered 44739510 hits and 9 records
2025-09-19 04:37:36,906 - INFO - Completed /viper/ptmp/arego/RC4K1_1/1527.h5 in 27.31 seconds
2025-09-19 04:37:36,911 - INFO - Completed /viper/ptmp/arego/RC4K1_1/28863.h5 in 27.50 seconds
2025-09-19 04:37:37,579 - INFO - Completed /viper/ptmp/arego/RC4K1_1/14151.h5 in 31.95 seconds
2025-09-19 04:37:38,037 - INFO - File 26806: Filtered 22353646 hits and 10 records
2025-09-19 04:37:38,184 - INFO - Processing /viper/ptmp/arego/RC4K1/28779.h5
2025-09-19 04:37:38,274 - INFO - Processing /viper/ptmp/arego/RC4K1/13785.h5
2025-09-19 04:37:38,514 - INFO - File 969: Filtered 52755224 hits and 10 records
2025-09-19 04:37:38,766 - INFO - Processing /viper/ptmp/arego/RC4K1/18312.h5
2025-09-19 04:37:39,429 - INFO - Completed /viper/ptmp/arego/RC4K1_1/19089.h5 in 35.43 seconds
2025-09-19 04:37:39,632 - INFO - Completed /viper/ptmp/arego/RC4K1_1/23092.h5 in 37.30 seconds
2025-09-19 04:37:40,311 - INFO - Completed /viper/ptmp/arego/RC4K1_1/18866.h5 in 29.33 seconds
2025-09-19 04:37:40,728 - INFO - Processing /viper/ptmp/arego/RC4K1/8101.h5
2025-09-19 04:37:40,840 - INFO - Completed /viper/ptmp/arego/RC4K1_1/24850.h5 in 29.46 seconds
2025-09-19 04:37:41,229 - INFO - Completed /viper/ptmp/arego/RC4K1_1/22336.h5 in 27.57 seconds
2025-09-19 04:37:41,827 - INFO - Processing /viper/ptmp/arego/RC4K1/4000.h5
2025-09-19 04:37:42,056 - INFO - Completed /viper/ptmp/arego/RC4K1_1/16965.h5 in 26.90 seconds
2025-09-19 04:37:42,059 - INFO - Processing /viper/ptmp/arego/RC4K1/14970.h5
2025-09-19 04:37:42,132 - INFO - Processing /viper/ptmp/arego/RC4K1/20496.h5
2025-09-19 04:37:42,747 - INFO - Processing /viper/ptmp/arego/RC4K1/19777.h5
2025-09-19 04:37:43,542 - INFO - Completed /viper/ptmp/arego/RC4K1_1/2598.h5 in 39.78 seconds
2025-09-19 04:37:43,546 - INFO - File 16208: Filtered 42615782 hits and 7 records
2025-09-19 04:37:43,568 - INFO - Processing /viper/ptmp/arego/RC4K1/13597.h5
2025-09-19 04:37:44,099 - INFO - Completed /viper/ptmp/arego/RC4K1_1/969.h5 in 27.20 seconds
2025-09-19 04:37:44,256 - INFO - File 2857: Filtered 47565574 hits and 10 records
2025-09-19 04:37:44,701 - INFO - Processing /viper/ptmp/arego/RC4K1/60.h5
2025-09-19 04:37:44,821 - INFO - Processing /viper/ptmp/arego/RC4K1/13545.h5
2025-09-19 04:37:45,126 - INFO - Completed /viper/ptmp/arego/RC4K1_1/11966.h5 in 37.40 seconds
2025-09-19 04:37:45,515 - INFO - Completed /viper/ptmp/arego/RC4K1_1/6296.h5 in 30.87 seconds
2025-09-19 04:37:46,120 - INFO - File 15110: Filtered 21123216 hits and 6 records
2025-09-19 04:37:46,217 - INFO - Completed /viper/ptmp/arego/RC4K1_1/840.h5 in 34.26 seconds
2025-09-19 04:37:46,257 - INFO - File 4718: Filtered 27355392 hits and 7 records
2025-09-19 04:37:46,317 - INFO - Processing /viper/ptmp/arego/RC4K1/24975.h5
2025-09-19 04:37:46,370 - INFO - Processing /viper/ptmp/arego/RC4K1/27304.h5
2025-09-19 04:37:46,411 - INFO - File 1037: Filtered 30621417 hits and 9 records
2025-09-19 04:37:46,904 - INFO - Completed /viper/ptmp/arego/RC4K1_1/26806.h5 in 30.06 seconds
2025-09-19 04:37:47,165 - INFO - Processing /viper/ptmp/arego/RC4K1/3635.h5
2025-09-19 04:37:48,108 - INFO - File 10096: Filtered 36228864 hits and 8 records
2025-09-19 04:37:48,401 - INFO - Processing /viper/ptmp/arego/RC4K1/4879.h5
2025-09-19 04:37:49,957 - INFO - File 17930: Filtered 16234555 hits and 8 records
2025-09-19 04:37:51,501 - INFO - Completed /viper/ptmp/arego/RC4K1_1/16208.h5 in 29.17 seconds
2025-09-19 04:37:52,240 - INFO - Completed /viper/ptmp/arego/RC4K1_1/1037.h5 in 27.11 seconds
2025-09-19 04:37:52,708 - INFO - Processing /viper/ptmp/arego/RC4K1/8066.h5
2025-09-19 04:37:52,780 - INFO - File 7371: Filtered 32856100 hits and 10 records
2025-09-19 04:37:53,170 - INFO - Processing /viper/ptmp/arego/RC4K1/6743.h5
2025-09-19 04:37:53,756 - ERROR - Error processing /viper/ptmp/arego/RC4K1/2857.h5: low >= high
2025-09-19 04:37:54,983 - INFO - Processing /viper/ptmp/arego/RC4K1/24246.h5
2025-09-19 04:37:56,317 - INFO - Completed /viper/ptmp/arego/RC4K1_1/15110.h5 in 32.27 seconds
2025-09-19 04:37:57,653 - INFO - Processing /viper/ptmp/arego/RC4K1/16658.h5
2025-09-19 04:37:57,778 - INFO - Completed /viper/ptmp/arego/RC4K1_1/7371.h5 in 27.77 seconds
2025-09-19 04:37:57,808 - INFO - File 13785: Filtered 10609048 hits and 4 records
2025-09-19 04:37:58,998 - INFO - Processing /viper/ptmp/arego/RC4K1/14202.h5
2025-09-19 04:37:59,232 - INFO - File 18312: Filtered 25069513 hits and 6 records
2025-09-19 04:38:00,245 - INFO - Completed /viper/ptmp/arego/RC4K1_1/4718.h5 in 32.61 seconds
2025-09-19 04:38:00,430 - ERROR - Error processing /viper/ptmp/arego/RC4K1/10096.h5: low >= high
2025-09-19 04:38:00,552 - INFO - File 14970: Filtered 40694806 hits and 10 records
2025-09-19 04:38:00,623 - INFO - File 28779: Filtered 19341272 hits and 6 records
2025-09-19 04:38:01,545 - INFO - Processing /viper/ptmp/arego/RC4K1/8947.h5
2025-09-19 04:38:01,906 - INFO - Completed /viper/ptmp/arego/RC4K1_1/17930.h5 in 35.21 seconds
2025-09-19 04:38:03,486 - INFO - Processing /viper/ptmp/arego/RC4K1/14745.h5
2025-09-19 04:38:03,790 - INFO - Processing /viper/ptmp/arego/RC4K1/11302.h5
2025-09-19 04:38:04,326 - INFO - File 20496: Filtered 34463512 hits and 11 records
2025-09-19 04:38:04,351 - INFO - File 8101: Filtered 36349316 hits and 5 records
2025-09-19 04:38:05,522 - INFO - File 4000: Filtered 27565031 hits and 7 records
2025-09-19 04:38:06,521 - INFO - File 13597: Filtered 28908959 hits and 11 records
2025-09-19 04:38:07,329 - INFO - File 19777: Filtered 10417532 hits and 4 records
2025-09-19 04:38:08,103 - INFO - File 60: Filtered 42852711 hits and 10 records
2025-09-19 04:38:08,747 - INFO - Completed /viper/ptmp/arego/RC4K1_1/20496.h5 in 26.61 seconds
2025-09-19 04:38:09,463 - INFO - Processing /viper/ptmp/arego/RC4K1/25361.h5
2025-09-19 04:38:09,723 - INFO - File 27304: Filtered 40288526 hits and 6 records
2025-09-19 04:38:10,640 - INFO - File 13545: Filtered 40596921 hits and 8 records
2025-09-19 04:38:11,382 - INFO - File 4879: Filtered 23007331 hits and 6 records
2025-09-19 04:38:11,544 - INFO - Completed /viper/ptmp/arego/RC4K1_1/28779.h5 in 33.36 seconds
2025-09-19 04:38:12,712 - INFO - Completed /viper/ptmp/arego/RC4K1_1/21590.h5 in 66.16 seconds
2025-09-19 04:38:13,126 - INFO - Processing /viper/ptmp/arego/RC4K1/9466.h5
2025-09-19 04:38:13,742 - INFO - File 24246: Filtered 26400281 hits and 6 records
2025-09-19 04:38:14,105 - INFO - Completed /viper/ptmp/arego/RC4K1_1/13597.h5 in 30.54 seconds
2025-09-19 04:38:14,345 - INFO - File 24975: Filtered 36548488 hits and 7 records
2025-09-19 04:38:15,188 - INFO - File 3635: Filtered 26866328 hits and 7 records
2025-09-19 04:38:15,240 - INFO - Completed /viper/ptmp/arego/RC4K1_1/14970.h5 in 33.18 seconds
2025-09-19 04:38:15,482 - INFO - Processing /viper/ptmp/arego/RC4K1/20557.h5
2025-09-19 04:38:16,129 - INFO - File 6743: Filtered 29371369 hits and 9 records
2025-09-19 04:38:17,334 - INFO - Processing /viper/ptmp/arego/RC4K1/14935.h5
2025-09-19 04:38:19,096 - INFO - Processing /viper/ptmp/arego/RC4K1/15655.h5
2025-09-19 04:38:19,595 - INFO - File 8947: Filtered 53640489 hits and 9 records
2025-09-19 04:38:19,874 - INFO - File 8066: Filtered 19273819 hits and 8 records
2025-09-19 04:38:20,220 - INFO - Completed /viper/ptmp/arego/RC4K1_1/18312.h5 in 41.45 seconds
2025-09-19 04:38:20,850 - INFO - Completed /viper/ptmp/arego/RC4K1_1/8101.h5 in 40.12 seconds
2025-09-19 04:38:21,272 - INFO - File 16658: Filtered 22673370 hits and 6 records
2025-09-19 04:38:21,714 - INFO - Completed /viper/ptmp/arego/RC4K1_1/4879.h5 in 33.31 seconds
2025-09-19 04:38:21,946 - INFO - Completed /viper/ptmp/arego/RC4K1_1/60.h5 in 37.24 seconds
2025-09-19 04:38:22,003 - INFO - Processing /viper/ptmp/arego/RC4K1/19051.h5
2025-09-19 04:38:22,600 - INFO - Processing /viper/ptmp/arego/RC4K1/14061.h5
2025-09-19 04:38:23,101 - INFO - File 14202: Filtered 21562572 hits and 6 records
2025-09-19 04:38:23,166 - INFO - Completed /viper/ptmp/arego/RC4K1_1/6743.h5 in 30.00 seconds
2025-09-19 04:38:23,317 - INFO - Processing /viper/ptmp/arego/RC4K1/14961.h5
2025-09-19 04:38:23,321 - INFO - Completed /viper/ptmp/arego/RC4K1_1/27304.h5 in 36.95 seconds
2025-09-19 04:38:23,544 - INFO - Completed /viper/ptmp/arego/RC4K1_1/4000.h5 in 41.72 seconds
2025-09-19 04:38:23,581 - INFO - Completed /viper/ptmp/arego/RC4K1_1/13545.h5 in 38.76 seconds
2025-09-19 04:38:24,317 - INFO - Processing /viper/ptmp/arego/RC4K1/21823.h5
2025-09-19 04:38:24,395 - INFO - Completed /viper/ptmp/arego/RC4K1_1/13785.h5 in 46.12 seconds
2025-09-19 04:38:24,607 - INFO - Processing /viper/ptmp/arego/RC4K1/29081.h5
2025-09-19 04:38:24,623 - INFO - Processing /viper/ptmp/arego/RC4K1/3805.h5
2025-09-19 04:38:25,138 - INFO - Processing /viper/ptmp/arego/RC4K1/4193.h5
2025-09-19 04:38:25,408 - INFO - File 14745: Filtered 39534019 hits and 6 records
2025-09-19 04:38:25,532 - INFO - Processing /viper/ptmp/arego/RC4K1/29111.h5
2025-09-19 04:38:26,296 - INFO - Processing /viper/ptmp/arego/RC4K1/14649.h5
2025-09-19 04:38:27,399 - INFO - File 11302: Filtered 12785659 hits and 5 records
2025-09-19 04:38:27,706 - INFO - Completed /viper/ptmp/arego/RC4K1_1/24975.h5 in 41.39 seconds
2025-09-19 04:38:28,668 - INFO - Processing /viper/ptmp/arego/RC4K1/5526.h5
2025-09-19 04:38:29,830 - INFO - Completed /viper/ptmp/arego/RC4K1_1/8947.h5 in 28.28 seconds
2025-09-19 04:38:30,718 - INFO - Completed /viper/ptmp/arego/RC4K1_1/19777.h5 in 47.97 seconds
2025-09-19 04:38:31,067 - INFO - Processing /viper/ptmp/arego/RC4K1/16383.h5
2025-09-19 04:38:31,994 - INFO - Completed /viper/ptmp/arego/RC4K1_1/3635.h5 in 44.83 seconds
2025-09-19 04:38:32,013 - INFO - Completed /viper/ptmp/arego/RC4K1_1/16658.h5 in 34.36 seconds
2025-09-19 04:38:32,100 - INFO - Processing /viper/ptmp/arego/RC4K1/20634.h5
2025-09-19 04:38:32,878 - INFO - Completed /viper/ptmp/arego/RC4K1_1/24246.h5 in 37.90 seconds
2025-09-19 04:38:33,184 - INFO - Processing /viper/ptmp/arego/RC4K1/592.h5
2025-09-19 04:38:33,323 - INFO - Processing /viper/ptmp/arego/RC4K1/21871.h5
2025-09-19 04:38:34,314 - INFO - File 25361: Filtered 19321631 hits and 6 records
2025-09-19 04:38:34,622 - INFO - Completed /viper/ptmp/arego/RC4K1_1/14202.h5 in 35.62 seconds
2025-09-19 04:38:35,122 - INFO - Processing /viper/ptmp/arego/RC4K1/9225.h5
2025-09-19 04:38:36,170 - INFO - File 14935: Filtered 33171439 hits and 9 records
2025-09-19 04:38:36,394 - INFO - Processing /viper/ptmp/arego/RC4K1/15359.h5
2025-09-19 04:38:37,157 - INFO - Completed /viper/ptmp/arego/RC4K1_1/8066.h5 in 44.45 seconds
2025-09-19 04:38:37,330 - INFO - Completed /viper/ptmp/arego/RC4K1_1/14745.h5 in 33.84 seconds
2025-09-19 04:38:37,490 - INFO - File 9466: Filtered 16206392 hits and 7 records
2025-09-19 04:38:38,729 - INFO - File 20557: Filtered 32597579 hits and 7 records
2025-09-19 04:38:39,496 - INFO - File 15655: Filtered 22168015 hits and 6 records
2025-09-19 04:38:39,538 - INFO - Processing /viper/ptmp/arego/RC4K1/5594.h5
2025-09-19 04:38:41,004 - INFO - Processing /viper/ptmp/arego/RC4K1/1321.h5
2025-09-19 04:38:44,696 - INFO - Completed /viper/ptmp/arego/RC4K1_1/11302.h5 in 40.91 seconds
2025-09-19 04:38:45,609 - INFO - Completed /viper/ptmp/arego/RC4K1_1/20557.h5 in 30.13 seconds
2025-09-19 04:38:46,748 - INFO - Processing /viper/ptmp/arego/RC4K1/28755.h5
2025-09-19 04:38:46,760 - INFO - File 14961: Filtered 29832791 hits and 5 records
2025-09-19 04:38:47,332 - INFO - Completed /viper/ptmp/arego/RC4K1_1/25361.h5 in 37.87 seconds
2025-09-19 04:38:48,382 - INFO - Processing /viper/ptmp/arego/RC4K1/942.h5
2025-09-19 04:38:48,492 - INFO - File 29081: Filtered 15037252 hits and 6 records
2025-09-19 04:38:49,312 - INFO - File 3805: Filtered 19239733 hits and 9 records
2025-09-19 04:38:49,606 - INFO - Processing /viper/ptmp/arego/RC4K1/25924.h5
2025-09-19 04:38:49,832 - INFO - File 14061: Filtered 43247177 hits and 9 records
2025-09-19 04:38:51,520 - INFO - File 29111: Filtered 30517630 hits and 7 records
2025-09-19 04:38:51,603 - INFO - File 19051: Filtered 11594072 hits and 6 records
2025-09-19 04:38:52,424 - INFO - Completed /viper/ptmp/arego/RC4K1_1/9466.h5 in 39.30 seconds
2025-09-19 04:38:52,666 - INFO - Completed /viper/ptmp/arego/RC4K1_1/14935.h5 in 35.33 seconds
2025-09-19 04:38:53,738 - INFO - File 14649: Filtered 56200584 hits and 9 records
2025-09-19 04:38:54,478 - INFO - Processing /viper/ptmp/arego/RC4K1/9098.h5
2025-09-19 04:38:54,567 - INFO - Completed /viper/ptmp/arego/RC4K1_1/14961.h5 in 31.25 seconds
2025-09-19 04:38:54,836 - INFO - Processing /viper/ptmp/arego/RC4K1/19690.h5
2025-09-19 04:38:55,586 - INFO - File 21823: Filtered 34266704 hits and 6 records
2025-09-19 04:38:56,114 - INFO - Processing /viper/ptmp/arego/RC4K1/26820.h5
2025-09-19 04:38:56,908 - INFO - File 21871: Filtered 20076294 hits and 10 records
2025-09-19 04:38:56,999 - INFO - File 4193: Filtered 40679484 hits and 5 records
2025-09-19 04:38:57,724 - INFO - File 5526: Filtered 43403503 hits and 9 records
2025-09-19 04:38:58,231 - INFO - File 15359: Filtered 17973779 hits and 10 records
2025-09-19 04:39:00,622 - INFO - File 16383: Filtered 65246440 hits and 10 records
2025-09-19 04:39:00,774 - INFO - Completed /viper/ptmp/arego/RC4K1_1/15655.h5 in 41.68 seconds
2025-09-19 04:39:02,958 - INFO - Completed /viper/ptmp/arego/RC4K1_1/29081.h5 in 38.35 seconds
2025-09-19 04:39:03,115 - INFO - Processing /viper/ptmp/arego/RC4K1/21750.h5
2025-09-19 04:39:04,824 - INFO - File 9225: Filtered 44236450 hits and 9 records
2025-09-19 04:39:04,969 - INFO - Processing /viper/ptmp/arego/RC4K1/18328.h5
2025-09-19 04:39:05,024 - INFO - File 20634: Filtered 34129433 hits and 11 records
2025-09-19 04:39:05,510 - INFO - File 592: Filtered 72604961 hits and 6 records
2025-09-19 04:39:07,081 - INFO - Completed /viper/ptmp/arego/RC4K1_1/14649.h5 in 40.79 seconds
2025-09-19 04:39:07,449 - INFO - Completed /viper/ptmp/arego/RC4K1_1/14061.h5 in 44.85 seconds
2025-09-19 04:39:08,343 - INFO - Processing /viper/ptmp/arego/RC4K1/11974.h5
2025-09-19 04:39:08,564 - INFO - Processing /viper/ptmp/arego/RC4K1/7050.h5
2025-09-19 04:39:09,661 - INFO - Completed /viper/ptmp/arego/RC4K1_1/21871.h5 in 36.34 seconds
2025-09-19 04:39:09,718 - INFO - File 5594: Filtered 86221186 hits and 10 records
2025-09-19 04:39:10,691 - INFO - File 28755: Filtered 17809306 hits and 6 records
2025-09-19 04:39:11,407 - INFO - File 1321: Filtered 40777639 hits and 7 records
2025-09-19 04:39:11,407 - INFO - Completed /viper/ptmp/arego/RC4K1_1/5594.h5 in 31.87 seconds
2025-09-19 04:39:11,643 - INFO - Processing /viper/ptmp/arego/RC4K1/17556.h5
2025-09-19 04:39:11,855 - INFO - Processing /viper/ptmp/arego/RC4K1/12400.h5
2025-09-19 04:39:12,008 - INFO - Completed /viper/ptmp/arego/RC4K1_1/592.h5 in 38.82 seconds
2025-09-19 04:39:12,509 - INFO - Completed /viper/ptmp/arego/RC4K1_1/15359.h5 in 36.11 seconds
2025-09-19 04:39:12,611 - INFO - Processing /viper/ptmp/arego/RC4K1/20647.h5
2025-09-19 04:39:12,990 - INFO - Completed /viper/ptmp/arego/RC4K1_1/29111.h5 in 47.46 seconds
2025-09-19 04:39:14,538 - INFO - File 942: Filtered 22886541 hits and 8 records
2025-09-19 04:39:14,608 - INFO - Processing /viper/ptmp/arego/RC4K1/25175.h5
2025-09-19 04:39:14,864 - INFO - Processing /viper/ptmp/arego/RC4K1/3267.h5
2025-09-19 04:39:14,870 - INFO - Completed /viper/ptmp/arego/RC4K1_1/5526.h5 in 46.20 seconds
2025-09-19 04:39:15,194 - INFO - Completed /viper/ptmp/arego/RC4K1_1/3805.h5 in 50.57 seconds
2025-09-19 04:39:16,116 - INFO - Processing /viper/ptmp/arego/RC4K1/29212.h5
2025-09-19 04:39:16,515 - INFO - File 25924: Filtered 20385873 hits and 8 records
2025-09-19 04:39:16,950 - INFO - Processing /viper/ptmp/arego/RC4K1/27263.h5
2025-09-19 04:39:18,915 - INFO - Completed /viper/ptmp/arego/RC4K1_1/16383.h5 in 47.85 seconds
2025-09-19 04:39:19,067 - INFO - Completed /viper/ptmp/arego/RC4K1_1/4193.h5 in 53.93 seconds
2025-09-19 04:39:19,067 - INFO - Completed /viper/ptmp/arego/RC4K1_1/21823.h5 in 54.75 seconds
2025-09-19 04:39:21,320 - INFO - Completed /viper/ptmp/arego/RC4K1_1/19051.h5 in 59.32 seconds
2025-09-19 04:39:21,861 - INFO - File 9098: Filtered 21323502 hits and 7 records
2025-09-19 04:39:21,908 - ERROR - Error processing /viper/ptmp/arego/RC4K1/20634.h5: low >= high
2025-09-19 04:39:23,631 - INFO - Processing /viper/ptmp/arego/RC4K1/14891.h5
2025-09-19 04:39:23,925 - INFO - File 26820: Filtered 24280591 hits and 6 records
2025-09-19 04:39:25,686 - INFO - Completed /viper/ptmp/arego/RC4K1_1/28755.h5 in 38.94 seconds
2025-09-19 04:39:26,301 - INFO - Completed /viper/ptmp/arego/RC4K1_1/1321.h5 in 45.30 seconds
2025-09-19 04:39:26,762 - ERROR - Error processing /viper/ptmp/arego/RC4K1/942.h5: low >= high
2025-09-19 04:39:28,303 - INFO - Processing /viper/ptmp/arego/RC4K1/9198.h5
2025-09-19 04:39:28,408 - INFO - Processing /viper/ptmp/arego/RC4K1/25868.h5
2025-09-19 04:39:28,830 - INFO - Processing /viper/ptmp/arego/RC4K1/20347.h5
2025-09-19 04:39:30,128 - INFO - Completed /viper/ptmp/arego/RC4K1_1/9225.h5 in 55.01 seconds
2025-09-19 04:39:30,185 - INFO - Completed /viper/ptmp/arego/RC4K1_1/25924.h5 in 40.58 seconds
2025-09-19 04:39:31,698 - INFO - File 18328: Filtered 26333586 hits and 7 records
2025-09-19 04:39:31,846 - INFO - Processing /viper/ptmp/arego/RC4K1/12651.h5
2025-09-19 04:39:32,229 - INFO - File 19690: Filtered 77228325 hits and 11 records
2025-09-19 04:39:35,212 - INFO - Completed /viper/ptmp/arego/RC4K1_1/9098.h5 in 40.73 seconds
2025-09-19 04:39:35,802 - INFO - Completed /viper/ptmp/arego/RC4K1_1/26820.h5 in 39.69 seconds
2025-09-19 04:39:36,048 - INFO - File 12400: Filtered 24276412 hits and 6 records
2025-09-19 04:39:36,921 - INFO - Processing /viper/ptmp/arego/RC4K1/24882.h5
2025-09-19 04:39:38,065 - INFO - File 11974: Filtered 40054045 hits and 6 records
2025-09-19 04:39:38,205 - INFO - Processing /viper/ptmp/arego/RC4K1/10774.h5
2025-09-19 04:39:38,435 - INFO - File 3267: Filtered 33777643 hits and 8 records
2025-09-19 04:39:42,860 - INFO - Completed /viper/ptmp/arego/RC4K1_1/18328.h5 in 37.89 seconds
2025-09-19 04:39:44,363 - INFO - Processing /viper/ptmp/arego/RC4K1/20319.h5
2025-09-19 04:39:46,913 - INFO - Completed /viper/ptmp/arego/RC4K1_1/3267.h5 in 32.05 seconds
2025-09-19 04:39:48,126 - INFO - Completed /viper/ptmp/arego/RC4K1_1/12400.h5 in 36.27 seconds
2025-09-19 04:39:48,175 - INFO - Processing /viper/ptmp/arego/RC4K1/7328.h5
2025-09-19 04:39:48,479 - INFO - File 17556: Filtered 49036116 hits and 8 records
2025-09-19 04:39:49,816 - INFO - Processing /viper/ptmp/arego/RC4K1/23954.h5
2025-09-19 04:39:49,853 - INFO - File 20647: Filtered 81143518 hits and 10 records
2025-09-19 04:39:55,555 - INFO - File 25175: Filtered 54767576 hits and 11 records
2025-09-19 04:39:56,319 - INFO - File 9198: Filtered 14944546 hits and 8 records
2025-09-19 04:39:56,411 - INFO - File 25868: Filtered 11807465 hits and 7 records
2025-09-19 04:39:57,820 - INFO - File 29212: Filtered 63676894 hits and 9 records
2025-09-19 04:39:57,938 - ERROR - Error processing /viper/ptmp/arego/RC4K1/19690.h5: low >= high
2025-09-19 04:39:58,137 - INFO - File 27263: Filtered 84096364 hits and 11 records
2025-09-19 04:39:59,770 - INFO - File 12651: Filtered 28462258 hits and 9 records
2025-09-19 04:40:03,780 - INFO - Completed /viper/ptmp/arego/RC4K1_1/20647.h5 in 51.17 seconds
2025-09-19 04:40:04,764 - INFO - File 21750: Filtered 47039174 hits and 6 records
2025-09-19 04:40:04,956 - INFO - Processing /viper/ptmp/arego/RC4K1/12967.h5
2025-09-19 04:40:05,771 - INFO - Completed /viper/ptmp/arego/RC4K1_1/11974.h5 in 57.43 seconds
2025-09-19 04:40:06,457 - INFO - File 24882: Filtered 34957311 hits and 11 records
2025-09-19 04:40:07,931 - INFO - File 14891: Filtered 17405318 hits and 2 records
2025-09-19 04:40:09,983 - INFO - File 20347: Filtered 90670115 hits and 10 records
2025-09-19 04:40:10,384 - ERROR - Error processing /viper/ptmp/arego/RC4K1/27263.h5: low >= high
2025-09-19 04:40:13,731 - INFO - Completed /viper/ptmp/arego/RC4K1_1/17556.h5 in 62.09 seconds
2025-09-19 04:40:14,328 - INFO - Completed /viper/ptmp/arego/RC4K1_1/12651.h5 in 42.48 seconds
2025-09-19 04:40:15,683 - INFO - Processing /viper/ptmp/arego/RC4K1/442.h5
2025-09-19 04:40:16,708 - INFO - Completed /viper/ptmp/arego/RC4K1_1/24882.h5 in 39.79 seconds
2025-09-19 04:40:17,178 - INFO - Completed /viper/ptmp/arego/RC4K1_1/29212.h5 in 61.06 seconds
2025-09-19 04:40:17,189 - INFO - Completed /viper/ptmp/arego/RC4K1_1/9198.h5 in 48.89 seconds
2025-09-19 04:40:17,823 - INFO - Completed /viper/ptmp/arego/RC4K1_1/25175.h5 in 63.22 seconds
2025-09-19 04:40:18,373 - INFO - Processing /viper/ptmp/arego/RC4K1/20882.h5
2025-09-19 04:40:18,422 - INFO - Completed /viper/ptmp/arego/RC4K1_1/25868.h5 in 50.01 seconds
2025-09-19 04:40:19,149 - INFO - File 20319: Filtered 29685679 hits and 8 records
2025-09-19 04:40:19,739 - INFO - Processing /viper/ptmp/arego/RC4K1/21286.h5
2025-09-19 04:40:21,232 - INFO - Processing /viper/ptmp/arego/RC4K1/25453.h5
2025-09-19 04:40:21,413 - INFO - File 7328: Filtered 30800279 hits and 8 records
2025-09-19 04:40:22,506 - INFO - Completed /viper/ptmp/arego/RC4K1_1/20347.h5 in 53.68 seconds
2025-09-19 04:40:22,841 - INFO - File 23954: Filtered 24312171 hits and 7 records
2025-09-19 04:40:34,534 - INFO - Completed /viper/ptmp/arego/RC4K1_1/20319.h5 in 50.17 seconds
2025-09-19 04:40:36,550 - INFO - Processing /viper/ptmp/arego/RC4K1/19734.h5
2025-09-19 04:40:36,573 - INFO - File 10774: Filtered 69647707 hits and 7 records
2025-09-19 04:40:36,575 - INFO - Completed /viper/ptmp/arego/RC4K1_1/7328.h5 in 48.40 seconds
2025-09-19 04:40:39,025 - INFO - Completed /viper/ptmp/arego/RC4K1_1/14891.h5 in 75.39 seconds
2025-09-19 04:40:39,163 - INFO - Processing /viper/ptmp/arego/RC4K1/3184.h5
2025-09-19 04:40:39,278 - INFO - Completed /viper/ptmp/arego/RC4K1_1/23954.h5 in 49.46 seconds
2025-09-19 04:40:42,118 - INFO - Processing /viper/ptmp/arego/RC4K1/25656.h5
2025-09-19 04:40:44,532 - INFO - File 442: Filtered 27079643 hits and 8 records
2025-09-19 04:40:49,884 - INFO - File 20882: Filtered 26740459 hits and 6 records
2025-09-19 04:40:51,247 - INFO - File 21286: Filtered 33626434 hits and 7 records
2025-09-19 04:40:54,700 - INFO - File 25453: Filtered 41783816 hits and 11 records
2025-09-19 04:40:58,588 - INFO - Completed /viper/ptmp/arego/RC4K1_1/10774.h5 in 80.38 seconds
2025-09-19 04:40:59,593 - INFO - File 7050: Filtered 349324076 hits and 9 records
2025-09-19 04:41:01,124 - INFO - Processing /viper/ptmp/arego/RC4K1/5228.h5
2025-09-19 04:41:01,804 - INFO - Completed /viper/ptmp/arego/RC4K1_1/442.h5 in 46.12 seconds
2025-09-19 04:41:03,871 - INFO - Processing /viper/ptmp/arego/RC4K1/25730.h5
2025-09-19 04:41:04,917 - INFO - Completed /viper/ptmp/arego/RC4K1_1/25453.h5 in 43.69 seconds
2025-09-19 04:41:05,384 - INFO - Completed /viper/ptmp/arego/RC4K1_1/21286.h5 in 45.64 seconds
2025-09-19 04:41:06,121 - INFO - Completed /viper/ptmp/arego/RC4K1_1/21750.h5 in 123.01 seconds
2025-09-19 04:41:06,288 - INFO - Processing /viper/ptmp/arego/RC4K1/24035.h5
2025-09-19 04:41:07,771 - INFO - Processing /viper/ptmp/arego/RC4K1/29462.h5
2025-09-19 04:41:08,117 - INFO - Completed /viper/ptmp/arego/RC4K1_1/20882.h5 in 49.74 seconds
2025-09-19 04:41:09,515 - INFO - File 19734: Filtered 26752259 hits and 7 records
2025-09-19 04:41:10,051 - INFO - Processing /viper/ptmp/arego/RC4K1/5809.h5
2025-09-19 04:41:11,990 - INFO - File 3184: Filtered 25840029 hits and 8 records
2025-09-19 04:41:14,117 - INFO - File 25656: Filtered 21431802 hits and 7 records
2025-09-19 04:41:22,186 - INFO - Completed /viper/ptmp/arego/RC4K1_1/7050.h5 in 133.62 seconds
2025-09-19 04:41:26,571 - INFO - Completed /viper/ptmp/arego/RC4K1_1/19734.h5 in 50.02 seconds
2025-09-19 04:41:28,581 - INFO - Processing /viper/ptmp/arego/RC4K1/7651.h5
2025-09-19 04:41:30,396 - INFO - Completed /viper/ptmp/arego/RC4K1_1/3184.h5 in 51.23 seconds
2025-09-19 04:41:32,888 - INFO - Processing /viper/ptmp/arego/RC4K1/13926.h5
2025-09-19 04:41:34,731 - INFO - Completed /viper/ptmp/arego/RC4K1_1/25656.h5 in 52.61 seconds
2025-09-19 04:41:36,913 - INFO - File 5228: Filtered 35017126 hits and 9 records
2025-09-19 04:41:37,588 - INFO - Processing /viper/ptmp/arego/RC4K1/20680.h5
2025-09-19 04:41:41,305 - INFO - File 25730: Filtered 27105859 hits and 9 records
2025-09-19 04:41:45,873 - INFO - File 24035: Filtered 33789739 hits and 10 records
2025-09-19 04:41:46,993 - INFO - File 29462: Filtered 34873137 hits and 9 records
2025-09-19 04:41:51,095 - INFO - File 5809: Filtered 32256035 hits and 8 records
2025-09-19 04:41:53,710 - INFO - Completed /viper/ptmp/arego/RC4K1_1/5228.h5 in 52.59 seconds
2025-09-19 04:41:56,090 - INFO - Processing /viper/ptmp/arego/RC4K1/18942.h5
2025-09-19 04:41:56,602 - INFO - File 12967: Filtered 196654524 hits and 5 records
2025-09-19 04:42:01,707 - INFO - Completed /viper/ptmp/arego/RC4K1_1/25730.h5 in 57.84 seconds
2025-09-19 04:42:03,640 - INFO - Completed /viper/ptmp/arego/RC4K1_1/24035.h5 in 57.35 seconds
2025-09-19 04:42:04,000 - INFO - Processing /viper/ptmp/arego/RC4K1/19292.h5
2025-09-19 04:42:04,231 - INFO - Completed /viper/ptmp/arego/RC4K1_1/29462.h5 in 56.46 seconds
2025-09-19 04:42:05,570 - INFO - Processing /viper/ptmp/arego/RC4K1/7218.h5
2025-09-19 04:42:05,639 - INFO - File 7651: Filtered 39953715 hits and 9 records
2025-09-19 04:42:06,987 - INFO - Processing /viper/ptmp/arego/RC4K1/22190.h5
2025-09-19 04:42:07,713 - INFO - File 13926: Filtered 55111696 hits and 10 records
2025-09-19 04:42:09,531 - INFO - Completed /viper/ptmp/arego/RC4K1_1/5809.h5 in 59.48 seconds
2025-09-19 04:42:11,464 - INFO - File 20680: Filtered 39920136 hits and 8 records
2025-09-19 04:42:11,868 - INFO - Processing /viper/ptmp/arego/RC4K1/27608.h5
2025-09-19 04:42:15,694 - INFO - Completed /viper/ptmp/arego/RC4K1_1/13926.h5 in 42.81 seconds
2025-09-19 04:42:16,809 - INFO - Processing /viper/ptmp/arego/RC4K1/10576.h5
2025-09-19 04:42:19,014 - INFO - Completed /viper/ptmp/arego/RC4K1_1/7651.h5 in 50.43 seconds
2025-09-19 04:42:21,117 - INFO - Processing /viper/ptmp/arego/RC4K1/7019.h5
2025-09-19 04:42:22,056 - INFO - File 18942: Filtered 34776534 hits and 7 records
2025-09-19 04:42:24,789 - INFO - Completed /viper/ptmp/arego/RC4K1_1/20680.h5 in 47.20 seconds
2025-09-19 04:42:26,981 - INFO - Processing /viper/ptmp/arego/RC4K1/3734.h5
2025-09-19 04:42:29,740 - INFO - File 19292: Filtered 46862448 hits and 10 records
2025-09-19 04:42:31,938 - INFO - File 7218: Filtered 30132710 hits and 5 records
2025-09-19 04:42:34,786 - INFO - File 22190: Filtered 35616999 hits and 9 records
2025-09-19 04:42:39,095 - INFO - File 27608: Filtered 49693079 hits and 6 records
2025-09-19 04:42:40,346 - INFO - Completed /viper/ptmp/arego/RC4K1_1/18942.h5 in 44.26 seconds
2025-09-19 04:42:42,185 - INFO - Completed /viper/ptmp/arego/RC4K1_1/19292.h5 in 38.19 seconds
2025-09-19 04:42:42,730 - INFO - Processing /viper/ptmp/arego/RC4K1/26431.h5
2025-09-19 04:42:44,392 - INFO - Processing /viper/ptmp/arego/RC4K1/26757.h5
2025-09-19 04:42:45,386 - INFO - File 10576: Filtered 51138186 hits and 8 records
2025-09-19 04:42:48,052 - INFO - File 7019: Filtered 34697381 hits and 8 records
2025-09-19 04:42:50,427 - INFO - Completed /viper/ptmp/arego/RC4K1_1/27608.h5 in 38.56 seconds
2025-09-19 04:42:50,826 - INFO - Completed /viper/ptmp/arego/RC4K1_1/7218.h5 in 45.26 seconds
2025-09-19 04:42:50,976 - INFO - File 3734: Filtered 46430593 hits and 9 records
2025-09-19 04:42:51,571 - INFO - Processing /viper/ptmp/arego/RC4K1/11871.h5
2025-09-19 04:42:52,234 - INFO - Completed /viper/ptmp/arego/RC4K1_1/22190.h5 in 45.25 seconds
2025-09-19 04:42:52,755 - INFO - Processing /viper/ptmp/arego/RC4K1/24624.h5
2025-09-19 04:42:53,569 - INFO - Processing /viper/ptmp/arego/RC4K1/29677.h5
2025-09-19 04:42:56,005 - INFO - Completed /viper/ptmp/arego/RC4K1_1/10576.h5 in 39.20 seconds
2025-09-19 04:42:57,465 - INFO - Processing /viper/ptmp/arego/RC4K1/12944.h5
2025-09-19 04:43:02,527 - INFO - Completed /viper/ptmp/arego/RC4K1_1/3734.h5 in 35.55 seconds
2025-09-19 04:43:03,235 - INFO - Completed /viper/ptmp/arego/RC4K1_1/7019.h5 in 42.12 seconds
2025-09-19 04:43:03,960 - INFO - Processing /viper/ptmp/arego/RC4K1/5807.h5
2025-09-19 04:43:04,219 - INFO - File 26431: Filtered 44205873 hits and 8 records
2025-09-19 04:43:05,402 - INFO - Processing /viper/ptmp/arego/RC4K1/13728.h5
2025-09-19 04:43:06,269 - INFO - File 26757: Filtered 39361021 hits and 6 records
2025-09-19 04:43:08,053 - INFO - Completed /viper/ptmp/arego/RC4K1_1/12967.h5 in 183.10 seconds
2025-09-19 04:43:15,720 - INFO - File 11871: Filtered 69665633 hits and 10 records
2025-09-19 04:43:17,732 - INFO - File 24624: Filtered 42554460 hits and 8 records
2025-09-19 04:43:20,574 - INFO - Completed /viper/ptmp/arego/RC4K1_1/26431.h5 in 37.84 seconds
2025-09-19 04:43:22,374 - INFO - Completed /viper/ptmp/arego/RC4K1_1/11871.h5 in 30.80 seconds
2025-09-19 04:43:22,800 - INFO - Processing /viper/ptmp/arego/RC4K1/27347.h5
2025-09-19 04:43:23,906 - INFO - Completed /viper/ptmp/arego/RC4K1_1/26757.h5 in 39.51 seconds
2025-09-19 04:43:24,310 - INFO - Processing /viper/ptmp/arego/RC4K1/9855.h5
2025-09-19 04:43:24,536 - INFO - File 12944: Filtered 48810602 hits and 8 records
2025-09-19 04:43:32,323 - INFO - File 5807: Filtered 20636205 hits and 7 records
2025-09-19 04:43:33,081 - INFO - File 13728: Filtered 26848254 hits and 6 records
2025-09-19 04:43:34,400 - INFO - Completed /viper/ptmp/arego/RC4K1_1/24624.h5 in 41.65 seconds
2025-09-19 04:43:41,093 - INFO - Completed /viper/ptmp/arego/RC4K1_1/12944.h5 in 43.63 seconds
2025-09-19 04:43:52,938 - INFO - File 27347: Filtered 31432185 hits and 8 records
2025-09-19 04:43:53,747 - INFO - File 9855: Filtered 45734796 hits and 10 records
2025-09-19 04:43:58,029 - INFO - File 29677: Filtered 44963473 hits and 6 records
2025-09-19 04:44:00,574 - INFO - Completed /viper/ptmp/arego/RC4K1_1/13728.h5 in 55.17 seconds
2025-09-19 04:44:00,764 - INFO - Completed /viper/ptmp/arego/RC4K1_1/5807.h5 in 56.80 seconds
2025-09-19 04:44:12,530 - INFO - Completed /viper/ptmp/arego/RC4K1_1/9855.h5 in 48.22 seconds
2025-09-19 04:44:15,593 - INFO - Completed /viper/ptmp/arego/RC4K1_1/27347.h5 in 52.79 seconds
2025-09-19 04:44:40,147 - INFO - Completed /viper/ptmp/arego/RC4K1_1/29677.h5 in 106.58 seconds
