2025-09-19 08:26:23,755 - INFO - Loaded skip configuration: 0 files to skip entirely, 21186 files with partial record skips
2025-09-19 08:26:23,887 - INFO - Loaded skip configuration: 0 files to skip entirely, 21186 files with partial record skips
2025-09-19 08:26:24,081 - INFO - Loaded skip configuration: 0 files to skip entirely, 21186 files with partial record skips
2025-09-19 08:26:24,192 - INFO - Processing /viper/ptmp/arego/Red_T_7K_1/17978.h5
2025-09-19 08:26:24,364 - INFO - Processing /viper/ptmp/arego/Red_T_7K_1/4486.h5
2025-09-19 08:26:24,378 - INFO - Processing /viper/ptmp/arego/Red_T_7K_1/2669.h5
2025-09-19 08:26:24,412 - INFO - File 17978: Filtered 0 hits and 0 records
2025-09-19 08:26:24,524 - INFO - Processing /viper/ptmp/arego/Red_T_7K_1/22925.h5
2025-09-19 08:26:24,556 - INFO - Processing /viper/ptmp/arego/Red_T_7K_1/23331.h5
2025-09-19 08:26:24,570 - INFO - File 4486: Filtered 93721 hits and 2 records
2025-09-19 08:26:24,693 - INFO - File 2669: Filtered 48087 hits and 2 records
2025-09-19 08:26:24,701 - INFO - Processing /viper/ptmp/arego/Red_T_7K_1/22582.h5
2025-09-19 08:26:24,717 - INFO - Processing /viper/ptmp/arego/Red_T_7K_1/18030.h5
2025-09-19 08:26:24,744 - INFO - Processing /viper/ptmp/arego/Red_T_7K_1/19464.h5
2025-09-19 08:26:24,752 - INFO - File 22925: Filtered 58671 hits and 2 records
2025-09-19 08:26:24,779 - INFO - File 23331: Filtered 54615 hits and 2 records
2025-09-19 08:26:24,894 - INFO - Processing /viper/ptmp/arego/Red_T_7K_1/17177.h5
2025-09-19 08:26:24,905 - INFO - File 22582: Filtered 57728 hits and 2 records
2025-09-19 08:26:24,946 - INFO - Processing /viper/ptmp/arego/Red_T_7K_1/15962.h5
2025-09-19 08:26:24,985 - INFO - File 19464: Filtered 59751 hits and 2 records
2025-09-19 08:26:25,046 - INFO - Processing /viper/ptmp/arego/Red_T_7K_1/12230.h5
2025-09-19 08:26:25,055 - INFO - File 18030: Filtered 225673 hits and 2 records
2025-09-19 08:26:25,082 - INFO - Processing /viper/ptmp/arego/Red_T_7K_1/16126.h5
2025-09-19 08:26:25,148 - INFO - File 17177: Filtered 87806 hits and 2 records
2025-09-19 08:26:25,154 - INFO - Completed /viper/ptmp/arego/Red_T_7K_1_EN_100/17978.h5 in 0.96 seconds
2025-09-19 08:26:25,163 - INFO - Processing /viper/ptmp/arego/Red_T_7K_1/19831.h5
2025-09-19 08:26:25,164 - INFO - File 15962: Filtered 169501 hits and 5 records
2025-09-19 08:26:25,204 - INFO - Completed /viper/ptmp/arego/Red_T_7K_1_EN_100/4486.h5 in 0.84 seconds
2025-09-19 08:26:25,272 - INFO - Processing /viper/ptmp/arego/Red_T_7K_1/9605.h5
2025-09-19 08:26:25,312 - INFO - Completed /viper/ptmp/arego/Red_T_7K_1_EN_100/22925.h5 in 0.79 seconds
2025-09-19 08:26:25,320 - INFO - File 16126: Filtered 91731 hits and 3 records
2025-09-19 08:26:25,352 - INFO - Completed /viper/ptmp/arego/Red_T_7K_1_EN_100/18030.h5 in 0.63 seconds
2025-09-19 08:26:25,356 - INFO - Processing /viper/ptmp/arego/Red_T_7K_1/12169.h5
2025-09-19 08:26:25,393 - INFO - File 19831: Filtered 276527 hits and 4 records
2025-09-19 08:26:25,460 - INFO - Processing /viper/ptmp/arego/Red_T_7K_1/10843.h5
2025-09-19 08:26:25,500 - INFO - Processing /viper/ptmp/arego/Red_T_7K_1/21695.h5
2025-09-19 08:26:25,509 - INFO - File 9605: Filtered 265827 hits and 5 records
2025-09-19 08:26:25,514 - INFO - Completed /viper/ptmp/arego/Red_T_7K_1_EN_100/22582.h5 in 0.81 seconds
2025-09-19 08:26:25,552 - INFO - Processing /viper/ptmp/arego/Red_T_7K_1/4589.h5
2025-09-19 08:26:25,567 - INFO - Completed /viper/ptmp/arego/Red_T_7K_1_EN_100/23331.h5 in 1.01 seconds
2025-09-19 08:26:25,595 - INFO - File 12169: Filtered 125015 hits and 3 records
2025-09-19 08:26:25,602 - INFO - File 12230: Filtered 123457 hits and 3 records
2025-09-19 08:26:25,653 - INFO - Completed /viper/ptmp/arego/Red_T_7K_1_EN_100/19464.h5 in 0.91 seconds
2025-09-19 08:26:25,696 - INFO - Processing /viper/ptmp/arego/Red_T_7K_1/21014.h5
2025-09-19 08:26:25,732 - INFO - Processing /viper/ptmp/arego/Red_T_7K_1/16034.h5
2025-09-19 08:26:25,734 - INFO - File 21695: Filtered 95259 hits and 3 records
2025-09-19 08:26:25,743 - INFO - Processing /viper/ptmp/arego/Red_T_7K_1/13326.h5
2025-09-19 08:26:25,748 - INFO - Completed /viper/ptmp/arego/Red_T_7K_1_EN_100/15962.h5 in 0.80 seconds
2025-09-19 08:26:25,774 - INFO - File 10843: Filtered 138406 hits and 3 records
2025-09-19 08:26:25,778 - INFO - File 4589: Filtered 235944 hits and 6 records
2025-09-19 08:26:25,884 - INFO - Processing /viper/ptmp/arego/Red_T_7K_1/14206.h5
2025-09-19 08:26:25,897 - INFO - Completed /viper/ptmp/arego/Red_T_7K_1_EN_100/17177.h5 in 1.00 seconds
2025-09-19 08:26:25,904 - INFO - Processing /viper/ptmp/arego/Red_T_7K_1/15420.h5
2025-09-19 08:26:25,945 - INFO - Processing /viper/ptmp/arego/Red_T_7K_1/19620.h5
2025-09-19 08:26:25,945 - INFO - File 21014: Filtered 137208 hits and 3 records
2025-09-19 08:26:25,958 - INFO - File 13326: Filtered 0 hits and 0 records
2025-09-19 08:26:26,030 - INFO - File 16034: Filtered 144295 hits and 2 records
2025-09-19 08:26:26,082 - INFO - Processing /viper/ptmp/arego/Red_T_7K_1/11888.h5
2025-09-19 08:26:26,082 - INFO - Completed /viper/ptmp/arego/Red_T_7K_1_EN_100/9605.h5 in 0.81 seconds
2025-09-19 08:26:26,086 - INFO - Processing /viper/ptmp/arego/Red_T_7K_1/7336.h5
2025-09-19 08:26:26,096 - INFO - File 14206: Filtered 122030 hits and 4 records
2025-09-19 08:26:26,122 - INFO - Completed /viper/ptmp/arego/Red_T_7K_1_EN_100/19831.h5 in 0.96 seconds
2025-09-19 08:26:26,139 - INFO - Processing /viper/ptmp/arego/Red_T_7K_1/17770.h5
2025-09-19 08:26:26,161 - INFO - File 19620: Filtered 147308 hits and 3 records
2025-09-19 08:26:26,201 - INFO - File 15420: Filtered 337571 hits and 7 records
2025-09-19 08:26:26,282 - INFO - Processing /viper/ptmp/arego/Red_T_7K_1/19099.h5
2025-09-19 08:26:26,285 - INFO - Processing /viper/ptmp/arego/Red_T_7K_1/19298.h5
2025-09-19 08:26:26,288 - INFO - File 11888: Filtered 129402 hits and 4 records
2025-09-19 08:26:26,342 - INFO - Processing /viper/ptmp/arego/Red_T_7K_1/5463.h5
2025-09-19 08:26:26,351 - INFO - File 17770: Filtered 57886 hits and 1 records
2025-09-19 08:26:26,403 - INFO - Completed /viper/ptmp/arego/Red_T_7K_1_EN_100/12169.h5 in 1.05 seconds
2025-09-19 08:26:26,405 - INFO - File 7336: Filtered 195272 hits and 5 records
2025-09-19 08:26:26,465 - INFO - Processing /viper/ptmp/arego/Red_T_7K_1/17972.h5
2025-09-19 08:26:26,496 - INFO - File 19298: Filtered 103246 hits and 3 records
2025-09-19 08:26:26,513 - INFO - Processing /viper/ptmp/arego/Red_T_7K_1/15094.h5
2025-09-19 08:26:26,522 - INFO - Completed /viper/ptmp/arego/Red_T_7K_1_EN_100/21695.h5 in 1.02 seconds
2025-09-19 08:26:26,532 - INFO - Completed /viper/ptmp/arego/Red_T_7K_1_EN_100/4589.h5 in 0.98 seconds
2025-09-19 08:26:26,540 - INFO - File 5463: Filtered 265184 hits and 4 records
2025-09-19 08:26:26,549 - INFO - Processing /viper/ptmp/arego/Red_T_7K_1/18319.h5
2025-09-19 08:26:26,555 - INFO - File 19099: Filtered 30681 hits and 1 records
2025-09-19 08:26:26,560 - INFO - Completed /viper/ptmp/arego/Red_T_7K_1_EN_100/12230.h5 in 1.51 seconds
2025-09-19 08:26:26,598 - INFO - Completed /viper/ptmp/arego/Red_T_7K_1_EN_100/2669.h5 in 2.22 seconds
2025-09-19 08:26:26,700 - INFO - Processing /viper/ptmp/arego/Red_T_7K_1/19030.h5
2025-09-19 08:26:26,703 - INFO - Completed /viper/ptmp/arego/Red_T_7K_1_EN_100/14206.h5 in 0.82 seconds
2025-09-19 08:26:26,706 - INFO - File 17972: Filtered 252081 hits and 5 records
2025-09-19 08:26:26,711 - INFO - Processing /viper/ptmp/arego/Red_T_7K_1/241.h5
2025-09-19 08:26:26,725 - INFO - File 15094: Filtered 114105 hits and 3 records
2025-09-19 08:26:26,747 - INFO - File 18319: Filtered 148998 hits and 4 records
2025-09-19 08:26:26,752 - INFO - Processing /viper/ptmp/arego/Red_T_7K_1/17614.h5
2025-09-19 08:26:26,833 - INFO - Completed /viper/ptmp/arego/Red_T_7K_1_EN_100/10843.h5 in 1.37 seconds
2025-09-19 08:26:26,883 - INFO - Processing /viper/ptmp/arego/Red_T_7K_1/18102.h5
2025-09-19 08:26:26,894 - INFO - Processing /viper/ptmp/arego/Red_T_7K_1/16146.h5
2025-09-19 08:26:26,922 - INFO - Completed /viper/ptmp/arego/Red_T_7K_1_EN_100/16126.h5 in 1.84 seconds
2025-09-19 08:26:26,934 - INFO - Processing /viper/ptmp/arego/Red_T_7K_1/18112.h5
2025-09-19 08:26:26,948 - INFO - File 241: Filtered 51961 hits and 1 records
2025-09-19 08:26:26,953 - INFO - Completed /viper/ptmp/arego/Red_T_7K_1_EN_100/19620.h5 in 1.01 seconds
2025-09-19 08:26:26,955 - INFO - File 19030: Filtered 161820 hits and 4 records
2025-09-19 08:26:26,958 - INFO - File 17614: Filtered 18423 hits and 1 records
2025-09-19 08:26:27,033 - INFO - Completed /viper/ptmp/arego/Red_T_7K_1_EN_100/11888.h5 in 0.95 seconds
2025-09-19 08:26:27,066 - INFO - Processing /viper/ptmp/arego/Red_T_7K_1/22692.h5
2025-09-19 08:26:27,098 - INFO - File 18102: Filtered 344582 hits and 7 records
2025-09-19 08:26:27,099 - INFO - Processing /viper/ptmp/arego/Red_T_7K_1/222.h5
2025-09-19 08:26:27,110 - INFO - File 16146: Filtered 278751 hits and 6 records
2025-09-19 08:26:27,144 - INFO - Processing /viper/ptmp/arego/Red_T_7K_1/15113.h5
2025-09-19 08:26:27,161 - INFO - Completed /viper/ptmp/arego/Red_T_7K_1_EN_100/7336.h5 in 1.08 seconds
2025-09-19 08:26:27,163 - INFO - File 18112: Filtered 143230 hits and 4 records
2025-09-19 08:26:27,245 - INFO - Completed /viper/ptmp/arego/Red_T_7K_1_EN_100/5463.h5 in 0.90 seconds
2025-09-19 08:26:27,288 - INFO - Completed /viper/ptmp/arego/Red_T_7K_1_EN_100/19298.h5 in 1.00 seconds
2025-09-19 08:26:27,301 - INFO - File 22692: Filtered 50758 hits and 2 records
2025-09-19 08:26:27,319 - INFO - Processing /viper/ptmp/arego/Red_T_7K_1/13800.h5
2025-09-19 08:26:27,323 - INFO - File 222: Filtered 110808 hits and 2 records
2025-09-19 08:26:27,358 - INFO - File 15113: Filtered 204872 hits and 6 records
2025-09-19 08:26:27,363 - INFO - Processing /viper/ptmp/arego/Red_T_7K_1/11959.h5
2025-09-19 08:26:27,412 - INFO - Processing /viper/ptmp/arego/Red_T_7K_1/8663.h5
2025-09-19 08:26:27,472 - INFO - Completed /viper/ptmp/arego/Red_T_7K_1_EN_100/18319.h5 in 0.92 seconds
2025-09-19 08:26:27,493 - INFO - Processing /viper/ptmp/arego/Red_T_7K_1/13521.h5
2025-09-19 08:26:27,556 - INFO - Completed /viper/ptmp/arego/Red_T_7K_1_EN_100/16034.h5 in 1.82 seconds
2025-09-19 08:26:27,561 - INFO - Processing /viper/ptmp/arego/Red_T_7K_1/820.h5
2025-09-19 08:26:27,579 - INFO - File 13800: Filtered 552732 hits and 6 records
2025-09-19 08:26:27,603 - INFO - File 11959: Filtered 293500 hits and 7 records
2025-09-19 08:26:27,607 - INFO - Completed /viper/ptmp/arego/Red_T_7K_1_EN_100/13326.h5 in 1.86 seconds
2025-09-19 08:26:27,620 - INFO - Completed /viper/ptmp/arego/Red_T_7K_1_EN_100/21014.h5 in 1.92 seconds
2025-09-19 08:26:27,638 - INFO - Completed /viper/ptmp/arego/Red_T_7K_1_EN_100/15420.h5 in 1.73 seconds
2025-09-19 08:26:27,686 - INFO - Completed /viper/ptmp/arego/Red_T_7K_1_EN_100/17770.h5 in 1.55 seconds
2025-09-19 08:26:27,692 - INFO - Completed /viper/ptmp/arego/Red_T_7K_1_EN_100/17614.h5 in 0.94 seconds
2025-09-19 08:26:27,706 - INFO - File 8663: Filtered 291016 hits and 4 records
2025-09-19 08:26:27,712 - INFO - Processing /viper/ptmp/arego/Red_T_7K_1/20054.h5
2025-09-19 08:26:27,714 - INFO - File 13521: Filtered 148344 hits and 3 records
2025-09-19 08:26:27,742 - INFO - Processing /viper/ptmp/arego/Red_T_7K_1/4592.h5
2025-09-19 08:26:27,749 - INFO - Completed /viper/ptmp/arego/Red_T_7K_1_EN_100/16146.h5 in 0.86 seconds
2025-09-19 08:26:27,750 - INFO - Processing /viper/ptmp/arego/Red_T_7K_1/5650.h5
2025-09-19 08:26:27,806 - INFO - File 820: Filtered 186064 hits and 4 records
2025-09-19 08:26:27,845 - INFO - Completed /viper/ptmp/arego/Red_T_7K_1_EN_100/19099.h5 in 1.56 seconds
2025-09-19 08:26:27,923 - INFO - Processing /viper/ptmp/arego/Red_T_7K_1/21868.h5
2025-09-19 08:26:27,932 - INFO - Completed /viper/ptmp/arego/Red_T_7K_1_EN_100/13800.h5 in 0.61 seconds
2025-09-19 08:26:27,939 - INFO - File 20054: Filtered 171826 hits and 4 records
2025-09-19 08:26:27,944 - INFO - Processing /viper/ptmp/arego/Red_T_7K_1/17692.h5
2025-09-19 08:26:27,956 - INFO - Completed /viper/ptmp/arego/Red_T_7K_1_EN_100/18102.h5 in 1.07 seconds
2025-09-19 08:26:27,975 - INFO - File 5650: Filtered 0 hits and 0 records
2025-09-19 08:26:28,065 - INFO - Processing /viper/ptmp/arego/Red_T_7K_1/8903.h5
2025-09-19 08:26:28,078 - INFO - File 4592: Filtered 309674 hits and 4 records
2025-09-19 08:26:28,110 - INFO - Processing /viper/ptmp/arego/Red_T_7K_1/8476.h5
2025-09-19 08:26:28,142 - INFO - Processing /viper/ptmp/arego/Red_T_7K_1/7484.h5
2025-09-19 08:26:28,188 - INFO - File 17692: Filtered 160428 hits and 3 records
2025-09-19 08:26:28,194 - INFO - File 21868: Filtered 268064 hits and 6 records
2025-09-19 08:26:28,226 - INFO - Completed /viper/ptmp/arego/Red_T_7K_1_EN_100/17972.h5 in 1.76 seconds
2025-09-19 08:26:28,228 - INFO - Completed /viper/ptmp/arego/Red_T_7K_1_EN_100/19030.h5 in 1.53 seconds
2025-09-19 08:26:28,298 - INFO - Completed /viper/ptmp/arego/Red_T_7K_1_EN_100/15094.h5 in 1.78 seconds
2025-09-19 08:26:28,306 - INFO - Processing /viper/ptmp/arego/Red_T_7K_1/8341.h5
2025-09-19 08:26:28,361 - INFO - Processing /viper/ptmp/arego/Red_T_7K_1/19125.h5
2025-09-19 08:26:28,371 - INFO - File 8903: Filtered 205879 hits and 3 records
2025-09-19 08:26:28,382 - INFO - Processing /viper/ptmp/arego/Red_T_7K_1/16062.h5
2025-09-19 08:26:28,384 - INFO - File 7484: Filtered 83951 hits and 2 records
2025-09-19 08:26:28,387 - INFO - File 8476: Filtered 198183 hits and 3 records
2025-09-19 08:26:28,520 - INFO - Processing /viper/ptmp/arego/Red_T_7K_1/1739.h5
2025-09-19 08:26:28,534 - INFO - File 8341: Filtered 145430 hits and 4 records
2025-09-19 08:26:28,626 - INFO - File 19125: Filtered 198965 hits and 5 records
2025-09-19 08:26:28,644 - INFO - File 16062: Filtered 242623 hits and 3 records
2025-09-19 08:26:28,676 - INFO - Processing /viper/ptmp/arego/Red_T_7K_1/8295.h5
2025-09-19 08:26:28,716 - INFO - Processing /viper/ptmp/arego/Red_T_7K_1/814.h5
2025-09-19 08:26:28,766 - INFO - File 1739: Filtered 101755 hits and 2 records
2025-09-19 08:26:28,786 - INFO - Completed /viper/ptmp/arego/Red_T_7K_1_EN_100/15113.h5 in 1.64 seconds
2025-09-19 08:26:28,834 - INFO - Completed /viper/ptmp/arego/Red_T_7K_1_EN_100/222.h5 in 1.74 seconds
2025-09-19 08:26:28,857 - INFO - Processing /viper/ptmp/arego/Red_T_7K_1/17777.h5
2025-09-19 08:26:28,863 - INFO - Completed /viper/ptmp/arego/Red_T_7K_1_EN_100/241.h5 in 2.15 seconds
2025-09-19 08:26:28,875 - INFO - Completed /viper/ptmp/arego/Red_T_7K_1_EN_100/18112.h5 in 1.94 seconds
2025-09-19 08:26:28,880 - INFO - Processing /viper/ptmp/arego/Red_T_7K_1/20472.h5
2025-09-19 08:26:28,902 - INFO - Processing /viper/ptmp/arego/Red_T_7K_1/10596.h5
2025-09-19 08:26:28,971 - INFO - File 8295: Filtered 44425 hits and 1 records
2025-09-19 08:26:28,992 - INFO - File 814: Filtered 399655 hits and 4 records
2025-09-19 08:26:29,082 - INFO - Completed /viper/ptmp/arego/Red_T_7K_1_EN_100/13521.h5 in 1.59 seconds
2025-09-19 08:26:29,098 - INFO - Completed /viper/ptmp/arego/Red_T_7K_1_EN_100/11959.h5 in 1.74 seconds
2025-09-19 08:26:29,098 - INFO - File 17777: Filtered 180723 hits and 2 records
2025-09-19 08:26:29,122 - INFO - File 10596: Filtered 65967 hits and 2 records
2025-09-19 08:26:29,159 - INFO - Processing /viper/ptmp/arego/Red_T_7K_1/22859.h5
2025-09-19 08:26:29,161 - INFO - File 20472: Filtered 149129 hits and 3 records
2025-09-19 08:26:29,191 - INFO - Processing /viper/ptmp/arego/Red_T_7K_1/2749.h5
2025-09-19 08:26:29,241 - INFO - Processing /viper/ptmp/arego/Red_T_7K_1/5699.h5
2025-09-19 08:26:29,244 - INFO - Completed /viper/ptmp/arego/Red_T_7K_1_EN_100/820.h5 in 1.68 seconds
2025-09-19 08:26:29,319 - INFO - Processing /viper/ptmp/arego/Red_T_7K_1/12838.h5
2025-09-19 08:26:29,396 - INFO - File 22859: Filtered 209927 hits and 4 records
2025-09-19 08:26:29,451 - INFO - Completed /viper/ptmp/arego/Red_T_7K_1_EN_100/8663.h5 in 2.04 seconds
2025-09-19 08:26:29,503 - INFO - File 5699: Filtered 126432 hits and 2 records
2025-09-19 08:26:29,507 - INFO - File 2749: Filtered 248451 hits and 3 records
2025-09-19 08:26:29,558 - INFO - Processing /viper/ptmp/arego/Red_T_7K_1/14621.h5
2025-09-19 08:26:29,577 - INFO - Processing /viper/ptmp/arego/Red_T_7K_1/23308.h5
2025-09-19 08:26:29,581 - INFO - File 12838: Filtered 246246 hits and 4 records
2025-09-19 08:26:29,612 - INFO - Completed /viper/ptmp/arego/Red_T_7K_1_EN_100/21868.h5 in 1.69 seconds
2025-09-19 08:26:29,667 - INFO - Completed /viper/ptmp/arego/Red_T_7K_1_EN_100/4592.h5 in 1.92 seconds
2025-09-19 08:26:29,682 - INFO - Processing /viper/ptmp/arego/Red_T_7K_1/21854.h5
2025-09-19 08:26:29,835 - INFO - File 14621: Filtered 138702 hits and 4 records
2025-09-19 08:26:29,842 - INFO - File 23308: Filtered 177943 hits and 4 records
2025-09-19 08:26:29,869 - INFO - Completed /viper/ptmp/arego/Red_T_7K_1_EN_100/5650.h5 in 2.12 seconds
2025-09-19 08:26:29,870 - INFO - Completed /viper/ptmp/arego/Red_T_7K_1_EN_100/20054.h5 in 2.16 seconds
2025-09-19 08:26:29,872 - INFO - Processing /viper/ptmp/arego/Red_T_7K_1/6186.h5
2025-09-19 08:26:29,889 - INFO - Completed /viper/ptmp/arego/Red_T_7K_1_EN_100/8903.h5 in 1.82 seconds
2025-09-19 08:26:29,925 - INFO - File 21854: Filtered 46944 hits and 1 records
2025-09-19 08:26:29,933 - INFO - Completed /viper/ptmp/arego/Red_T_7K_1_EN_100/17777.h5 in 1.08 seconds
2025-09-19 08:26:29,945 - INFO - Processing /viper/ptmp/arego/Red_T_7K_1/6252.h5
2025-09-19 08:26:29,972 - INFO - Completed /viper/ptmp/arego/Red_T_7K_1_EN_100/17692.h5 in 2.03 seconds
2025-09-19 08:26:29,977 - INFO - Processing /viper/ptmp/arego/Red_T_7K_1/6777.h5
2025-09-19 08:26:30,016 - INFO - Completed /viper/ptmp/arego/Red_T_7K_1_EN_100/22692.h5 in 2.95 seconds
2025-09-19 08:26:30,132 - INFO - Completed /viper/ptmp/arego/Red_T_7K_1_EN_100/8476.h5 in 2.02 seconds
2025-09-19 08:26:30,138 - INFO - Processing /viper/ptmp/arego/Red_T_7K_1/18574.h5
2025-09-19 08:26:30,155 - INFO - File 6186: Filtered 208200 hits and 4 records
2025-09-19 08:26:30,191 - INFO - File 6252: Filtered 149954 hits and 4 records
2025-09-19 08:26:30,191 - INFO - Processing /viper/ptmp/arego/Red_T_7K_1/16362.h5
2025-09-19 08:26:30,213 - INFO - Completed /viper/ptmp/arego/Red_T_7K_1_EN_100/814.h5 in 1.50 seconds
2025-09-19 08:26:30,232 - INFO - File 6777: Filtered 275923 hits and 4 records
2025-09-19 08:26:30,237 - INFO - Processing /viper/ptmp/arego/Red_T_7K_1/2931.h5
2025-09-19 08:26:30,254 - INFO - Completed /viper/ptmp/arego/Red_T_7K_1_EN_100/16062.h5 in 1.87 seconds
2025-09-19 08:26:30,275 - INFO - Completed /viper/ptmp/arego/Red_T_7K_1_EN_100/8341.h5 in 1.97 seconds
2025-09-19 08:26:30,358 - INFO - Processing /viper/ptmp/arego/Red_T_7K_1/2716.h5
2025-09-19 08:26:30,379 - INFO - File 18574: Filtered 449175 hits and 4 records
2025-09-19 08:26:30,391 - INFO - Processing /viper/ptmp/arego/Red_T_7K_1/19457.h5
2025-09-19 08:26:30,391 - INFO - File 16362: Filtered 151913 hits and 4 records
2025-09-19 08:26:30,395 - INFO - Completed /viper/ptmp/arego/Red_T_7K_1_EN_100/1739.h5 in 1.88 seconds
2025-09-19 08:26:30,420 - INFO - Completed /viper/ptmp/arego/Red_T_7K_1_EN_100/7484.h5 in 2.28 seconds
2025-09-19 08:26:30,427 - INFO - Processing /viper/ptmp/arego/Red_T_7K_1/19449.h5
2025-09-19 08:26:30,501 - INFO - File 2931: Filtered 41209 hits and 1 records
2025-09-19 08:26:30,594 - INFO - Processing /viper/ptmp/arego/Red_T_7K_1/14171.h5
2025-09-19 08:26:30,647 - INFO - File 19457: Filtered 285259 hits and 4 records
2025-09-19 08:26:30,673 - INFO - File 2716: Filtered 491550 hits and 3 records
2025-09-19 08:26:30,678 - INFO - File 19449: Filtered 343531 hits and 6 records
2025-09-19 08:26:30,702 - INFO - Completed /viper/ptmp/arego/Red_T_7K_1_EN_100/22859.h5 in 1.54 seconds
2025-09-19 08:26:30,727 - INFO - Processing /viper/ptmp/arego/Red_T_7K_1/9142.h5
2025-09-19 08:26:30,743 - INFO - Completed /viper/ptmp/arego/Red_T_7K_1_EN_100/20472.h5 in 1.86 seconds
2025-09-19 08:26:30,810 - INFO - Processing /viper/ptmp/arego/Red_T_7K_1/12051.h5
2025-09-19 08:26:30,837 - INFO - Processing /viper/ptmp/arego/Red_T_7K_1/10006.h5
2025-09-19 08:26:30,867 - INFO - File 14171: Filtered 90200 hits and 2 records
2025-09-19 08:26:30,909 - INFO - Processing /viper/ptmp/arego/Red_T_7K_1/4555.h5
2025-09-19 08:26:31,022 - INFO - File 9142: Filtered 312748 hits and 5 records
2025-09-19 08:26:31,022 - INFO - Completed /viper/ptmp/arego/Red_T_7K_1_EN_100/19125.h5 in 2.66 seconds
2025-09-19 08:26:31,022 - INFO - Completed /viper/ptmp/arego/Red_T_7K_1_EN_100/2749.h5 in 1.83 seconds
2025-09-19 08:26:31,026 - INFO - Processing /viper/ptmp/arego/Red_T_7K_1/11743.h5
2025-09-19 08:26:31,046 - INFO - File 12051: Filtered 440185 hits and 8 records
2025-09-19 08:26:31,127 - INFO - Completed /viper/ptmp/arego/Red_T_7K_1_EN_100/10596.h5 in 2.22 seconds
2025-09-19 08:26:31,132 - INFO - Processing /viper/ptmp/arego/Red_T_7K_1/14818.h5
2025-09-19 08:26:31,148 - INFO - File 4555: Filtered 140094 hits and 2 records
2025-09-19 08:26:31,162 - INFO - File 10006: Filtered 346789 hits and 5 records
2025-09-19 08:26:31,202 - INFO - Processing /viper/ptmp/arego/Red_T_7K_1/17585.h5
2025-09-19 08:26:31,269 - INFO - Completed /viper/ptmp/arego/Red_T_7K_1_EN_100/8295.h5 in 2.59 seconds
2025-09-19 08:26:31,276 - INFO - File 11743: Filtered 217851 hits and 5 records
2025-09-19 08:26:31,416 - INFO - Processing /viper/ptmp/arego/Red_T_7K_1/10524.h5
2025-09-19 08:26:31,420 - INFO - Completed /viper/ptmp/arego/Red_T_7K_1_EN_100/12838.h5 in 2.10 seconds
2025-09-19 08:26:31,436 - INFO - File 14818: Filtered 355630 hits and 5 records
2025-09-19 08:26:31,448 - INFO - File 17585: Filtered 156620 hits and 4 records
2025-09-19 08:26:31,490 - INFO - Completed /viper/ptmp/arego/Red_T_7K_1_EN_100/5699.h5 in 2.25 seconds
2025-09-19 08:26:31,497 - INFO - Processing /viper/ptmp/arego/Red_T_7K_1/23156.h5
2025-09-19 08:26:31,554 - INFO - Completed /viper/ptmp/arego/Red_T_7K_1_EN_100/16362.h5 in 1.36 seconds
2025-09-19 08:26:31,560 - INFO - Processing /viper/ptmp/arego/Red_T_7K_1/12617.h5
2025-09-19 08:26:31,589 - INFO - Completed /viper/ptmp/arego/Red_T_7K_1_EN_100/6777.h5 in 1.61 seconds
2025-09-19 08:26:31,716 - INFO - Completed /viper/ptmp/arego/Red_T_7K_1_EN_100/2716.h5 in 1.36 seconds
2025-09-19 08:26:31,727 - INFO - Processing /viper/ptmp/arego/Red_T_7K_1/19840.h5
2025-09-19 08:26:31,740 - INFO - File 23156: Filtered 79997 hits and 2 records
2025-09-19 08:26:31,740 - INFO - File 10524: Filtered 272650 hits and 4 records
2025-09-19 08:26:31,790 - INFO - File 12617: Filtered 352590 hits and 6 records
2025-09-19 08:26:31,800 - INFO - Processing /viper/ptmp/arego/Red_T_7K_1/23086.h5
2025-09-19 08:26:31,805 - INFO - Processing /viper/ptmp/arego/Red_T_7K_1/19340.h5
2025-09-19 08:26:31,830 - INFO - Completed /viper/ptmp/arego/Red_T_7K_1_EN_100/23308.h5 in 2.25 seconds
2025-09-19 08:26:31,850 - INFO - Completed /viper/ptmp/arego/Red_T_7K_1_EN_100/6252.h5 in 1.91 seconds
2025-09-19 08:26:31,901 - INFO - Completed /viper/ptmp/arego/Red_T_7K_1_EN_100/19457.h5 in 1.51 seconds
2025-09-19 08:26:31,989 - INFO - Completed /viper/ptmp/arego/Red_T_7K_1_EN_100/6186.h5 in 2.12 seconds
2025-09-19 08:26:31,994 - INFO - Processing /viper/ptmp/arego/Red_T_7K_1/5194.h5
2025-09-19 08:26:32,046 - INFO - File 19840: Filtered 58047 hits and 1 records
2025-09-19 08:26:32,055 - INFO - Completed /viper/ptmp/arego/Red_T_7K_1_EN_100/21854.h5 in 2.37 seconds
2025-09-19 08:26:32,070 - INFO - File 23086: Filtered 189900 hits and 3 records
2025-09-19 08:26:32,078 - INFO - File 19340: Filtered 168218 hits and 4 records
2025-09-19 08:26:32,092 - INFO - Processing /viper/ptmp/arego/Red_T_7K_1/3557.h5
2025-09-19 08:26:32,104 - INFO - Completed /viper/ptmp/arego/Red_T_7K_1_EN_100/19449.h5 in 1.68 seconds
2025-09-19 08:26:32,164 - INFO - Processing /viper/ptmp/arego/Red_T_7K_1/2753.h5
2025-09-19 08:26:32,173 - INFO - Completed /viper/ptmp/arego/Red_T_7K_1_EN_100/12051.h5 in 1.36 seconds
2025-09-19 08:26:32,186 - INFO - Processing /viper/ptmp/arego/Red_T_7K_1/16367.h5
2025-09-19 08:26:32,221 - INFO - Completed /viper/ptmp/arego/Red_T_7K_1_EN_100/14621.h5 in 2.66 seconds
2025-09-19 08:26:32,256 - INFO - File 5194: Filtered 291448 hits and 6 records
2025-09-19 08:26:32,268 - INFO - Completed /viper/ptmp/arego/Red_T_7K_1_EN_100/18574.h5 in 2.13 seconds
2025-09-19 08:26:32,393 - INFO - Processing /viper/ptmp/arego/Red_T_7K_1/17136.h5
2025-09-19 08:26:32,407 - INFO - File 3557: Filtered 190919 hits and 4 records
2025-09-19 08:26:32,414 - INFO - Processing /viper/ptmp/arego/Red_T_7K_1/808.h5
2025-09-19 08:26:32,425 - INFO - File 16367: Filtered 506261 hits and 4 records
2025-09-19 08:26:32,447 - INFO - Processing /viper/ptmp/arego/Red_T_7K_1/17144.h5
2025-09-19 08:26:32,481 - INFO - File 2753: Filtered 255779 hits and 4 records
2025-09-19 08:26:32,506 - INFO - Completed /viper/ptmp/arego/Red_T_7K_1_EN_100/4555.h5 in 1.60 seconds
2025-09-19 08:26:32,569 - INFO - Completed /viper/ptmp/arego/Red_T_7K_1_EN_100/2931.h5 in 2.33 seconds
2025-09-19 08:26:32,590 - INFO - Processing /viper/ptmp/arego/Red_T_7K_1/6981.h5
2025-09-19 08:26:32,648 - INFO - Processing /viper/ptmp/arego/Red_T_7K_1/14822.h5
2025-09-19 08:26:32,677 - INFO - File 17136: Filtered 217366 hits and 4 records
2025-09-19 08:26:32,682 - INFO - File 808: Filtered 350332 hits and 4 records
2025-09-19 08:26:32,693 - INFO - Completed /viper/ptmp/arego/Red_T_7K_1_EN_100/9142.h5 in 1.97 seconds
2025-09-19 08:26:32,747 - INFO - File 17144: Filtered 214700 hits and 4 records
2025-09-19 08:26:32,775 - INFO - Completed /viper/ptmp/arego/Red_T_7K_1_EN_100/14171.h5 in 2.18 seconds
2025-09-19 08:26:32,779 - INFO - Processing /viper/ptmp/arego/Red_T_7K_1/4077.h5
2025-09-19 08:26:32,859 - INFO - Processing /viper/ptmp/arego/Red_T_7K_1/3324.h5
2025-09-19 08:26:32,864 - INFO - File 6981: Filtered 313905 hits and 5 records
2025-09-19 08:26:32,914 - INFO - Processing /viper/ptmp/arego/Red_T_7K_1/5871.h5
2025-09-19 08:26:32,953 - INFO - File 14822: Filtered 413392 hits and 5 records
2025-09-19 08:26:32,967 - INFO - Processing /viper/ptmp/arego/Red_T_7K_1/13695.h5
2025-09-19 08:26:33,047 - INFO - File 4077: Filtered 134492 hits and 2 records
2025-09-19 08:26:33,083 - INFO - Completed /viper/ptmp/arego/Red_T_7K_1_EN_100/11743.h5 in 2.06 seconds
2025-09-19 08:26:33,127 - INFO - File 3324: Filtered 202990 hits and 2 records
2025-09-19 08:26:33,165 - INFO - Processing /viper/ptmp/arego/Red_T_7K_1/19191.h5
2025-09-19 08:26:33,173 - INFO - Processing /viper/ptmp/arego/Red_T_7K_1/18499.h5
2025-09-19 08:26:33,186 - INFO - File 5871: Filtered 433342 hits and 6 records
2025-09-19 08:26:33,220 - INFO - Completed /viper/ptmp/arego/Red_T_7K_1_EN_100/17585.h5 in 2.02 seconds
2025-09-19 08:26:33,239 - INFO - File 13695: Filtered 341954 hits and 6 records
2025-09-19 08:26:33,362 - INFO - Completed /viper/ptmp/arego/Red_T_7K_1_EN_100/16367.h5 in 1.18 seconds
2025-09-19 08:26:33,397 - INFO - File 19191: Filtered 191679 hits and 4 records
2025-09-19 08:26:33,458 - INFO - Processing /viper/ptmp/arego/Red_T_7K_1/9271.h5
2025-09-19 08:26:33,468 - INFO - Completed /viper/ptmp/arego/Red_T_7K_1_EN_100/10006.h5 in 2.63 seconds
2025-09-19 08:26:33,477 - INFO - Processing /viper/ptmp/arego/Red_T_7K_1/3357.h5
2025-09-19 08:26:33,498 - INFO - File 18499: Filtered 278748 hits and 5 records
2025-09-19 08:26:33,537 - INFO - Completed /viper/ptmp/arego/Red_T_7K_1_EN_100/12617.h5 in 1.98 seconds
2025-09-19 08:26:33,584 - INFO - Processing /viper/ptmp/arego/Red_T_7K_1/22520.h5
2025-09-19 08:26:33,653 - INFO - Completed /viper/ptmp/arego/Red_T_7K_1_EN_100/14818.h5 in 2.52 seconds
2025-09-19 08:26:33,704 - INFO - Processing /viper/ptmp/arego/Red_T_7K_1/13016.h5
2025-09-19 08:26:33,762 - INFO - File 9271: Filtered 119345 hits and 2 records
2025-09-19 08:26:33,767 - INFO - Completed /viper/ptmp/arego/Red_T_7K_1_EN_100/23086.h5 in 1.97 seconds
2025-09-19 08:26:33,769 - INFO - File 3357: Filtered 236124 hits and 4 records
2025-09-19 08:26:33,843 - INFO - Processing /viper/ptmp/arego/Red_T_7K_1/21734.h5
2025-09-19 08:26:33,880 - INFO - Processing /viper/ptmp/arego/Red_T_7K_1/6846.h5
2025-09-19 08:26:33,903 - INFO - File 22520: Filtered 487146 hits and 5 records
2025-09-19 08:26:33,966 - INFO - File 13016: Filtered 588656 hits and 5 records
2025-09-19 08:26:33,977 - INFO - Completed /viper/ptmp/arego/Red_T_7K_1_EN_100/10524.h5 in 2.56 seconds
2025-09-19 08:26:33,986 - INFO - Completed /viper/ptmp/arego/Red_T_7K_1_EN_100/19340.h5 in 2.18 seconds
2025-09-19 08:26:34,062 - INFO - Processing /viper/ptmp/arego/Red_T_7K_1/9345.h5
2025-09-19 08:26:34,066 - INFO - Completed /viper/ptmp/arego/Red_T_7K_1_EN_100/23156.h5 in 2.57 seconds
2025-09-19 08:26:34,079 - INFO - Completed /viper/ptmp/arego/Red_T_7K_1_EN_100/808.h5 in 1.67 seconds
2025-09-19 08:26:34,121 - INFO - File 21734: Filtered 213874 hits and 2 records
2025-09-19 08:26:34,158 - INFO - Processing /viper/ptmp/arego/Red_T_7K_1/12487.h5
2025-09-19 08:26:34,177 - INFO - Completed /viper/ptmp/arego/Red_T_7K_1_EN_100/5194.h5 in 2.18 seconds
2025-09-19 08:26:34,220 - INFO - Processing /viper/ptmp/arego/Red_T_7K_1/6971.h5
2025-09-19 08:26:34,236 - INFO - File 6846: Filtered 425652 hits and 3 records
2025-09-19 08:26:34,247 - INFO - Completed /viper/ptmp/arego/Red_T_7K_1_EN_100/2753.h5 in 2.08 seconds
2025-09-19 08:26:34,332 - INFO - Processing /viper/ptmp/arego/Red_T_7K_1/19197.h5
2025-09-19 08:26:34,347 - INFO - File 9345: Filtered 299542 hits and 5 records
2025-09-19 08:26:34,371 - INFO - Processing /viper/ptmp/arego/Red_T_7K_1/20777.h5
2025-09-19 08:26:34,414 - INFO - File 12487: Filtered 103396 hits and 2 records
2025-09-19 08:26:34,485 - INFO - Completed /viper/ptmp/arego/Red_T_7K_1_EN_100/17136.h5 in 2.09 seconds
2025-09-19 08:26:34,563 - INFO - File 6971: Filtered 142108 hits and 4 records
2025-09-19 08:26:34,577 - INFO - Completed /viper/ptmp/arego/Red_T_7K_1_EN_100/13695.h5 in 1.61 seconds
2025-09-19 08:26:34,581 - INFO - Completed /viper/ptmp/arego/Red_T_7K_1_EN_100/3557.h5 in 2.49 seconds
2025-09-19 08:26:34,588 - INFO - Processing /viper/ptmp/arego/Red_T_7K_1/10095.h5
2025-09-19 08:26:34,595 - INFO - Completed /viper/ptmp/arego/Red_T_7K_1_EN_100/6981.h5 in 2.00 seconds
2025-09-19 08:26:34,615 - INFO - File 20777: Filtered 419183 hits and 5 records
2025-09-19 08:26:34,616 - INFO - Processing /viper/ptmp/arego/Red_T_7K_1/17268.h5
2025-09-19 08:26:34,627 - INFO - File 19197: Filtered 68470 hits and 1 records
2025-09-19 08:26:34,662 - INFO - Processing /viper/ptmp/arego/Red_T_7K_1/15909.h5
2025-09-19 08:26:34,757 - INFO - Completed /viper/ptmp/arego/Red_T_7K_1_EN_100/19191.h5 in 1.59 seconds
2025-09-19 08:26:34,830 - INFO - Processing /viper/ptmp/arego/Red_T_7K_1/3813.h5
2025-09-19 08:26:34,865 - INFO - Completed /viper/ptmp/arego/Red_T_7K_1_EN_100/19840.h5 in 3.14 seconds
2025-09-19 08:26:34,868 - INFO - File 10095: Filtered 261064 hits and 3 records
2025-09-19 08:26:34,907 - INFO - Processing /viper/ptmp/arego/Red_T_7K_1/11352.h5
2025-09-19 08:26:34,925 - INFO - File 17268: Filtered 315548 hits and 4 records
2025-09-19 08:26:34,937 - INFO - Completed /viper/ptmp/arego/Red_T_7K_1_EN_100/14822.h5 in 2.29 seconds
2025-09-19 08:26:34,954 - INFO - File 15909: Filtered 65860 hits and 1 records
2025-09-19 08:26:35,089 - INFO - Processing /viper/ptmp/arego/Red_T_7K_1/9064.h5
2025-09-19 08:26:35,099 - INFO - File 3813: Filtered 361233 hits and 4 records
2025-09-19 08:26:35,113 - INFO - Completed /viper/ptmp/arego/Red_T_7K_1_EN_100/5871.h5 in 2.20 seconds
2025-09-19 08:26:35,120 - INFO - Completed /viper/ptmp/arego/Red_T_7K_1_EN_100/13016.h5 in 1.42 seconds
2025-09-19 08:26:35,189 - INFO - Processing /viper/ptmp/arego/Red_T_7K_1/5878.h5
2025-09-19 08:26:35,209 - INFO - File 11352: Filtered 375841 hits and 6 records
2025-09-19 08:26:35,226 - INFO - Processing /viper/ptmp/arego/Red_T_7K_1/15608.h5
2025-09-19 08:26:35,242 - INFO - Completed /viper/ptmp/arego/Red_T_7K_1_EN_100/17144.h5 in 2.80 seconds
2025-09-19 08:26:35,321 - INFO - Completed /viper/ptmp/arego/Red_T_7K_1_EN_100/4077.h5 in 2.54 seconds
2025-09-19 08:26:35,338 - INFO - File 9064: Filtered 292496 hits and 4 records
2025-09-19 08:26:35,377 - INFO - Completed /viper/ptmp/arego/Red_T_7K_1_EN_100/3324.h5 in 2.52 seconds
2025-09-19 08:26:35,392 - INFO - Completed /viper/ptmp/arego/Red_T_7K_1_EN_100/18499.h5 in 2.22 seconds
2025-09-19 08:26:35,458 - INFO - Processing /viper/ptmp/arego/Red_T_7K_1/13895.h5
2025-09-19 08:26:35,467 - INFO - Processing /viper/ptmp/arego/Red_T_7K_1/18092.h5
2025-09-19 08:26:35,469 - INFO - File 5878: Filtered 287604 hits and 4 records
2025-09-19 08:26:35,537 - INFO - File 15608: Filtered 708682 hits and 6 records
2025-09-19 08:26:35,552 - INFO - Processing /viper/ptmp/arego/Red_T_7K_1/22199.h5
2025-09-19 08:26:35,617 - INFO - Completed /viper/ptmp/arego/Red_T_7K_1_EN_100/9271.h5 in 2.16 seconds
2025-09-19 08:26:35,662 - INFO - Processing /viper/ptmp/arego/Red_T_7K_1/20373.h5
2025-09-19 08:26:35,739 - INFO - File 13895: Filtered 78507 hits and 1 records
2025-09-19 08:26:35,770 - INFO - File 18092: Filtered 225442 hits and 3 records
2025-09-19 08:26:35,797 - INFO - Completed /viper/ptmp/arego/Red_T_7K_1_EN_100/20777.h5 in 1.43 seconds
2025-09-19 08:26:35,849 - INFO - Completed /viper/ptmp/arego/Red_T_7K_1_EN_100/21734.h5 in 2.01 seconds
2025-09-19 08:26:35,869 - INFO - Completed /viper/ptmp/arego/Red_T_7K_1_EN_100/3357.h5 in 2.39 seconds
2025-09-19 08:26:35,887 - INFO - Processing /viper/ptmp/arego/Red_T_7K_1/13881.h5
2025-09-19 08:26:35,897 - INFO - File 22199: Filtered 73414 hits and 2 records
2025-09-19 08:26:35,901 - INFO - Processing /viper/ptmp/arego/Red_T_7K_1/18432.h5
2025-09-19 08:26:35,917 - INFO - Completed /viper/ptmp/arego/Red_T_7K_1_EN_100/22520.h5 in 2.33 seconds
2025-09-19 08:26:35,918 - INFO - Processing /viper/ptmp/arego/Red_T_7K_1/3405.h5
2025-09-19 08:26:35,984 - INFO - File 20373: Filtered 453343 hits and 6 records
2025-09-19 08:26:36,144 - INFO - Processing /viper/ptmp/arego/Red_T_7K_1/15312.h5
2025-09-19 08:26:36,147 - INFO - Completed /viper/ptmp/arego/Red_T_7K_1_EN_100/9345.h5 in 2.09 seconds
2025-09-19 08:26:36,168 - INFO - Processing /viper/ptmp/arego/Red_T_7K_1/140.h5
2025-09-19 08:26:36,190 - INFO - File 18432: Filtered 222366 hits and 4 records
2025-09-19 08:26:36,197 - INFO - Processing /viper/ptmp/arego/Red_T_7K_1/4306.h5
2025-09-19 08:26:36,203 - INFO - File 13881: Filtered 297276 hits and 5 records
2025-09-19 08:26:36,210 - INFO - File 3405: Filtered 517739 hits and 5 records
2025-09-19 08:26:36,350 - INFO - Processing /viper/ptmp/arego/Red_T_7K_1/10682.h5
2025-09-19 08:26:36,383 - INFO - Processing /viper/ptmp/arego/Red_T_7K_1/4408.h5
2025-09-19 08:26:36,435 - INFO - File 15312: Filtered 95621 hits and 2 records
2025-09-19 08:26:36,464 - INFO - File 140: Filtered 466596 hits and 4 records
2025-09-19 08:26:36,480 - INFO - Completed /viper/ptmp/arego/Red_T_7K_1_EN_100/12487.h5 in 2.32 seconds
2025-09-19 08:26:36,537 - INFO - Completed /viper/ptmp/arego/Red_T_7K_1_EN_100/3813.h5 in 1.71 seconds
2025-09-19 08:26:36,564 - INFO - File 4306: Filtered 54765 hits and 1 records
2025-09-19 08:26:36,575 - INFO - Processing /viper/ptmp/arego/Red_T_7K_1/9073.h5
2025-09-19 08:26:36,578 - INFO - Completed /viper/ptmp/arego/Red_T_7K_1_EN_100/15608.h5 in 1.35 seconds
2025-09-19 08:26:36,652 - INFO - File 10682: Filtered 260889 hits and 3 records
2025-09-19 08:26:36,674 - INFO - Processing /viper/ptmp/arego/Red_T_7K_1/1027.h5
2025-09-19 08:26:36,722 - INFO - File 4408: Filtered 150087 hits and 3 records
2025-09-19 08:26:36,787 - INFO - Completed /viper/ptmp/arego/Red_T_7K_1_EN_100/19197.h5 in 2.45 seconds
2025-09-19 08:26:36,809 - INFO - Processing /viper/ptmp/arego/Red_T_7K_1/9544.h5
2025-09-19 08:26:36,854 - INFO - Processing /viper/ptmp/arego/Red_T_7K_1/11165.h5
2025-09-19 08:26:36,862 - INFO - Completed /viper/ptmp/arego/Red_T_7K_1_EN_100/9064.h5 in 1.77 seconds
2025-09-19 08:26:36,870 - INFO - File 9073: Filtered 212838 hits and 3 records
2025-09-19 08:26:36,967 - INFO - Completed /viper/ptmp/arego/Red_T_7K_1_EN_100/6846.h5 in 3.09 seconds
2025-09-19 08:26:36,984 - INFO - File 1027: Filtered 299351 hits and 5 records
2025-09-19 08:26:36,989 - INFO - Completed /viper/ptmp/arego/Red_T_7K_1_EN_100/17268.h5 in 2.37 seconds
2025-09-19 08:26:37,037 - INFO - Processing /viper/ptmp/arego/Red_T_7K_1/7084.h5
2025-09-19 08:26:37,039 - INFO - Processing /viper/ptmp/arego/Red_T_7K_1/1040.h5
2025-09-19 08:26:37,040 - INFO - Completed /viper/ptmp/arego/Red_T_7K_1_EN_100/10095.h5 in 2.45 seconds
2025-09-19 08:26:37,088 - INFO - File 9544: Filtered 715841 hits and 6 records
2025-09-19 08:26:37,138 - INFO - File 11165: Filtered 118543 hits and 3 records
2025-09-19 08:26:37,241 - INFO - Processing /viper/ptmp/arego/Red_T_7K_1/18447.h5
2025-09-19 08:26:37,326 - INFO - File 1040: Filtered 148936 hits and 3 records
2025-09-19 08:26:37,378 - INFO - Processing /viper/ptmp/arego/Red_T_7K_1/18686.h5
2025-09-19 08:26:37,384 - INFO - File 7084: Filtered 528567 hits and 4 records
2025-09-19 08:26:37,431 - INFO - Completed /viper/ptmp/arego/Red_T_7K_1_EN_100/5878.h5 in 2.24 seconds
2025-09-19 08:26:37,468 - INFO - Completed /viper/ptmp/arego/Red_T_7K_1_EN_100/11352.h5 in 2.56 seconds
2025-09-19 08:26:37,532 - INFO - Processing /viper/ptmp/arego/Red_T_7K_1/6281.h5
2025-09-19 08:26:37,544 - INFO - File 18447: Filtered 228547 hits and 5 records
2025-09-19 08:26:37,567 - INFO - Completed /viper/ptmp/arego/Red_T_7K_1_EN_100/3405.h5 in 1.65 seconds
2025-09-19 08:26:37,699 - INFO - Processing /viper/ptmp/arego/Red_T_7K_1/3326.h5
2025-09-19 08:26:37,732 - INFO - File 18686: Filtered 192232 hits and 4 records
2025-09-19 08:26:37,772 - INFO - Completed /viper/ptmp/arego/Red_T_7K_1_EN_100/9544.h5 in 0.96 seconds
2025-09-19 08:26:37,783 - INFO - Completed /viper/ptmp/arego/Red_T_7K_1_EN_100/140.h5 in 1.62 seconds
2025-09-19 08:26:37,815 - INFO - Processing /viper/ptmp/arego/Red_T_7K_1/14801.h5
2025-09-19 08:26:37,845 - INFO - Processing /viper/ptmp/arego/Red_T_7K_1/20368.h5
2025-09-19 08:26:37,867 - INFO - File 6281: Filtered 607194 hits and 5 records
2025-09-19 08:26:37,992 - INFO - Completed /viper/ptmp/arego/Red_T_7K_1_EN_100/20373.h5 in 2.33 seconds
2025-09-19 08:26:38,030 - INFO - File 3326: Filtered 292387 hits and 3 records
2025-09-19 08:26:38,070 - INFO - Processing /viper/ptmp/arego/Red_T_7K_1/17327.h5
2025-09-19 08:26:38,101 - INFO - Processing /viper/ptmp/arego/Red_T_7K_1/8736.h5
2025-09-19 08:26:38,147 - INFO - File 20368: Filtered 444729 hits and 3 records
2025-09-19 08:26:38,167 - INFO - File 14801: Filtered 635795 hits and 6 records
2025-09-19 08:26:38,269 - INFO - Completed /viper/ptmp/arego/Red_T_7K_1_EN_100/15909.h5 in 3.61 seconds
2025-09-19 08:26:38,381 - INFO - File 17327: Filtered 587726 hits and 7 records
2025-09-19 08:26:38,399 - INFO - File 8736: Filtered 232593 hits and 5 records
2025-09-19 08:26:38,419 - INFO - Processing /viper/ptmp/arego/Red_T_7K_1/22397.h5
2025-09-19 08:26:38,464 - INFO - Completed /viper/ptmp/arego/Red_T_7K_1_EN_100/10682.h5 in 2.11 seconds
2025-09-19 08:26:38,616 - INFO - Processing /viper/ptmp/arego/Red_T_7K_1/21343.h5
2025-09-19 08:26:38,641 - INFO - Completed /viper/ptmp/arego/Red_T_7K_1_EN_100/13881.h5 in 2.75 seconds
2025-09-19 08:26:38,688 - INFO - Completed /viper/ptmp/arego/Red_T_7K_1_EN_100/7084.h5 in 1.65 seconds
2025-09-19 08:26:38,725 - INFO - Processing /viper/ptmp/arego/Red_T_7K_1/20039.h5
2025-09-19 08:26:38,730 - INFO - File 22397: Filtered 204344 hits and 6 records
2025-09-19 08:26:38,761 - INFO - Processing /viper/ptmp/arego/Red_T_7K_1/11602.h5
2025-09-19 08:26:38,874 - INFO - Completed /viper/ptmp/arego/Red_T_7K_1_EN_100/15312.h5 in 2.73 seconds
2025-09-19 08:26:38,882 - INFO - File 21343: Filtered 393652 hits and 6 records
2025-09-19 08:26:38,936 - INFO - Completed /viper/ptmp/arego/Red_T_7K_1_EN_100/6971.h5 in 4.72 seconds
2025-09-19 08:26:38,952 - INFO - Completed /viper/ptmp/arego/Red_T_7K_1_EN_100/22199.h5 in 3.40 seconds
2025-09-19 08:26:38,972 - INFO - Processing /viper/ptmp/arego/Red_T_7K_1/12884.h5
2025-09-19 08:26:39,009 - INFO - Completed /viper/ptmp/arego/Red_T_7K_1_EN_100/18092.h5 in 3.54 seconds
2025-09-19 08:26:39,022 - INFO - Completed /viper/ptmp/arego/Red_T_7K_1_EN_100/9073.h5 in 2.45 seconds
2025-09-19 08:26:39,039 - INFO - File 20039: Filtered 651493 hits and 7 records
2025-09-19 08:26:39,063 - INFO - Processing /viper/ptmp/arego/Red_T_7K_1/22638.h5
2025-09-19 08:26:39,081 - INFO - File 11602: Filtered 280483 hits and 5 records
2025-09-19 08:26:39,103 - INFO - Processing /viper/ptmp/arego/Red_T_7K_1/4672.h5
2025-09-19 08:26:39,134 - INFO - Processing /viper/ptmp/arego/Red_T_7K_1/18712.h5
2025-09-19 08:26:39,200 - INFO - Completed /viper/ptmp/arego/Red_T_7K_1_EN_100/1027.h5 in 2.53 seconds
2025-09-19 08:26:39,290 - INFO - File 12884: Filtered 540067 hits and 6 records
2025-09-19 08:26:39,353 - INFO - Processing /viper/ptmp/arego/Red_T_7K_1/6051.h5
2025-09-19 08:26:39,386 - INFO - File 4672: Filtered 598930 hits and 3 records
2025-09-19 08:26:39,390 - INFO - File 22638: Filtered 286667 hits and 5 records
2025-09-19 08:26:39,396 - INFO - Completed /viper/ptmp/arego/Red_T_7K_1_EN_100/6281.h5 in 1.86 seconds
2025-09-19 08:26:39,411 - INFO - File 18712: Filtered 779051 hits and 4 records
2025-09-19 08:26:39,458 - INFO - Processing /viper/ptmp/arego/Red_T_7K_1/17813.h5
2025-09-19 08:26:39,480 - INFO - Completed /viper/ptmp/arego/Red_T_7K_1_EN_100/13895.h5 in 4.02 seconds
2025-09-19 08:26:39,562 - INFO - Processing /viper/ptmp/arego/Red_T_7K_1/18986.h5
2025-09-19 08:26:39,642 - INFO - Processing /viper/ptmp/arego/Red_T_7K_1/7653.h5
2025-09-19 08:26:39,658 - INFO - Completed /viper/ptmp/arego/Red_T_7K_1_EN_100/18432.h5 in 3.76 seconds
2025-09-19 08:26:39,714 - INFO - File 17813: Filtered 371252 hits and 6 records
2025-09-19 08:26:39,721 - INFO - File 6051: Filtered 129761 hits and 2 records
2025-09-19 08:26:39,762 - INFO - Completed /viper/ptmp/arego/Red_T_7K_1_EN_100/14801.h5 in 1.95 seconds
2025-09-19 08:26:39,835 - INFO - Completed /viper/ptmp/arego/Red_T_7K_1_EN_100/20368.h5 in 1.99 seconds
2025-09-19 08:26:39,840 - INFO - Processing /viper/ptmp/arego/Red_T_7K_1/1039.h5
2025-09-19 08:26:39,860 - INFO - Processing /viper/ptmp/arego/Red_T_7K_1/4634.h5
2025-09-19 08:26:39,877 - INFO - File 18986: Filtered 140331 hits and 2 records
2025-09-19 08:26:39,936 - INFO - Completed /viper/ptmp/arego/Red_T_7K_1_EN_100/18447.h5 in 2.70 seconds
2025-09-19 08:26:39,948 - INFO - Completed /viper/ptmp/arego/Red_T_7K_1_EN_100/17327.h5 in 1.88 seconds
2025-09-19 08:26:39,997 - INFO - File 7653: Filtered 821338 hits and 6 records
2025-09-19 08:26:40,080 - INFO - Processing /viper/ptmp/arego/Red_T_7K_1/19174.h5
2025-09-19 08:26:40,084 - INFO - Completed /viper/ptmp/arego/Red_T_7K_1_EN_100/18712.h5 in 0.95 seconds
2025-09-19 08:26:40,118 - INFO - File 1039: Filtered 645902 hits and 6 records
2025-09-19 08:26:40,188 - INFO - Processing /viper/ptmp/arego/Red_T_7K_1/1694.h5
2025-09-19 08:26:40,197 - INFO - File 4634: Filtered 140473 hits and 3 records
2025-09-19 08:26:40,214 - INFO - Completed /viper/ptmp/arego/Red_T_7K_1_EN_100/4408.h5 in 3.83 seconds
2025-09-19 08:26:40,275 - INFO - Completed /viper/ptmp/arego/Red_T_7K_1_EN_100/12884.h5 in 1.30 seconds
2025-09-19 08:26:40,302 - INFO - Processing /viper/ptmp/arego/Red_T_7K_1/9122.h5
2025-09-19 08:26:40,425 - INFO - Completed /viper/ptmp/arego/Red_T_7K_1_EN_100/11165.h5 in 3.57 seconds
2025-09-19 08:26:40,435 - INFO - File 19174: Filtered 117702 hits and 2 records
2025-09-19 08:26:40,483 - INFO - Processing /viper/ptmp/arego/Red_T_7K_1/4805.h5
2025-09-19 08:26:40,535 - INFO - File 1694: Filtered 373903 hits and 5 records
2025-09-19 08:26:40,546 - INFO - Processing /viper/ptmp/arego/Red_T_7K_1/3856.h5
2025-09-19 08:26:40,633 - INFO - File 9122: Filtered 256662 hits and 4 records
2025-09-19 08:26:40,795 - INFO - Completed /viper/ptmp/arego/Red_T_7K_1_EN_100/3326.h5 in 3.10 seconds
2025-09-19 08:26:40,801 - INFO - File 4805: Filtered 176208 hits and 3 records
2025-09-19 08:26:40,822 - INFO - Completed /viper/ptmp/arego/Red_T_7K_1_EN_100/21343.h5 in 2.21 seconds
2025-09-19 08:26:40,823 - INFO - Processing /viper/ptmp/arego/Red_T_7K_1/18628.h5
2025-09-19 08:26:40,852 - INFO - File 3856: Filtered 340824 hits and 3 records
2025-09-19 08:26:40,900 - INFO - Completed /viper/ptmp/arego/Red_T_7K_1_EN_100/20039.h5 in 2.18 seconds
2025-09-19 08:26:40,904 - INFO - Processing /viper/ptmp/arego/Red_T_7K_1/13913.h5
2025-09-19 08:26:41,031 - INFO - Completed /viper/ptmp/arego/Red_T_7K_1_EN_100/7653.h5 in 1.39 seconds
2025-09-19 08:26:41,098 - INFO - Completed /viper/ptmp/arego/Red_T_7K_1_EN_100/4672.h5 in 1.99 seconds
2025-09-19 08:26:41,113 - INFO - Processing /viper/ptmp/arego/Red_T_7K_1/1591.h5
2025-09-19 08:26:41,144 - INFO - Processing /viper/ptmp/arego/Red_T_7K_1/22345.h5
2025-09-19 08:26:41,151 - INFO - Completed /viper/ptmp/arego/Red_T_7K_1_EN_100/22397.h5 in 2.73 seconds
2025-09-19 08:26:41,172 - INFO - File 18628: Filtered 456766 hits and 6 records
2025-09-19 08:26:41,199 - INFO - Processing /viper/ptmp/arego/Red_T_7K_1/14114.h5
2025-09-19 08:26:41,217 - INFO - File 13913: Filtered 250017 hits and 3 records
2025-09-19 08:26:41,362 - INFO - Processing /viper/ptmp/arego/Red_T_7K_1/9057.h5
2025-09-19 08:26:41,392 - INFO - Completed /viper/ptmp/arego/Red_T_7K_1_EN_100/1039.h5 in 1.55 seconds
2025-09-19 08:26:41,437 - INFO - File 22345: Filtered 480018 hits and 7 records
2025-09-19 08:26:41,444 - INFO - File 1591: Filtered 333858 hits and 6 records
2025-09-19 08:26:41,482 - INFO - Completed /viper/ptmp/arego/Red_T_7K_1_EN_100/4306.h5 in 5.28 seconds
2025-09-19 08:26:41,519 - INFO - Processing /viper/ptmp/arego/Red_T_7K_1/10008.h5
2025-09-19 08:26:41,539 - INFO - File 14114: Filtered 236950 hits and 3 records
2025-09-19 08:26:41,605 - INFO - Completed /viper/ptmp/arego/Red_T_7K_1_EN_100/8736.h5 in 3.50 seconds
2025-09-19 08:26:41,619 - INFO - Processing /viper/ptmp/arego/Red_T_7K_1/2674.h5
2025-09-19 08:26:41,656 - INFO - Processing /viper/ptmp/arego/Red_T_7K_1/12932.h5
2025-09-19 08:26:41,683 - INFO - Completed /viper/ptmp/arego/Red_T_7K_1_EN_100/1040.h5 in 4.64 seconds
2025-09-19 08:26:41,717 - INFO - File 9057: Filtered 534065 hits and 5 records
2025-09-19 08:26:41,750 - INFO - Completed /viper/ptmp/arego/Red_T_7K_1_EN_100/17813.h5 in 2.29 seconds
2025-09-19 08:26:41,813 - INFO - Completed /viper/ptmp/arego/Red_T_7K_1_EN_100/22638.h5 in 2.75 seconds
2025-09-19 08:26:41,836 - INFO - Processing /viper/ptmp/arego/Red_T_7K_1/492.h5
2025-09-19 08:26:41,850 - INFO - File 10008: Filtered 423189 hits and 4 records
2025-09-19 08:26:41,878 - INFO - File 2674: Filtered 329917 hits and 5 records
2025-09-19 08:26:41,951 - INFO - Processing /viper/ptmp/arego/Red_T_7K_1/22930.h5
2025-09-19 08:26:41,965 - INFO - File 12932: Filtered 422428 hits and 5 records
2025-09-19 08:26:42,003 - INFO - Processing /viper/ptmp/arego/Red_T_7K_1/7303.h5
2025-09-19 08:26:42,097 - INFO - File 492: Filtered 542098 hits and 8 records
2025-09-19 08:26:42,263 - INFO - File 22930: Filtered 616220 hits and 8 records
2025-09-19 08:26:42,279 - INFO - Processing /viper/ptmp/arego/Red_T_7K_1/3216.h5
2025-09-19 08:26:42,301 - INFO - Processing /viper/ptmp/arego/Red_T_7K_1/14555.h5
2025-09-19 08:26:42,312 - INFO - File 7303: Filtered 584425 hits and 4 records
2025-09-19 08:26:42,397 - INFO - Completed /viper/ptmp/arego/Red_T_7K_1_EN_100/18686.h5 in 5.02 seconds
2025-09-19 08:26:42,583 - INFO - Processing /viper/ptmp/arego/Red_T_7K_1/14414.h5
2025-09-19 08:26:42,602 - INFO - File 14555: Filtered 259373 hits and 2 records
2025-09-19 08:26:42,644 - INFO - Completed /viper/ptmp/arego/Red_T_7K_1_EN_100/11602.h5 in 3.88 seconds
2025-09-19 08:26:42,653 - INFO - File 3216: Filtered 402398 hits and 5 records
2025-09-19 08:26:42,694 - INFO - Processing /viper/ptmp/arego/Red_T_7K_1/18794.h5
2025-09-19 08:26:42,957 - INFO - File 14414: Filtered 58300 hits and 1 records
2025-09-19 08:26:42,987 - INFO - Completed /viper/ptmp/arego/Red_T_7K_1_EN_100/3856.h5 in 2.44 seconds
2025-09-19 08:26:42,991 - INFO - File 18794: Filtered 610331 hits and 7 records
2025-09-19 08:26:43,040 - INFO - Processing /viper/ptmp/arego/Red_T_7K_1/18723.h5
2025-09-19 08:26:43,077 - INFO - Completed /viper/ptmp/arego/Red_T_7K_1_EN_100/9122.h5 in 2.77 seconds
2025-09-19 08:26:43,113 - INFO - Completed /viper/ptmp/arego/Red_T_7K_1_EN_100/1694.h5 in 2.93 seconds
2025-09-19 08:26:43,165 - INFO - Completed /viper/ptmp/arego/Red_T_7K_1_EN_100/7303.h5 in 1.16 seconds
2025-09-19 08:26:43,177 - INFO - Completed /viper/ptmp/arego/Red_T_7K_1_EN_100/18986.h5 in 3.62 seconds
2025-09-19 08:26:43,185 - INFO - Processing /viper/ptmp/arego/Red_T_7K_1/3498.h5
2025-09-19 08:26:43,304 - INFO - Processing /viper/ptmp/arego/Red_T_7K_1/15499.h5
2025-09-19 08:26:43,308 - INFO - Completed /viper/ptmp/arego/Red_T_7K_1_EN_100/4634.h5 in 3.45 seconds
2025-09-19 08:26:43,340 - INFO - Processing /viper/ptmp/arego/Red_T_7K_1/21252.h5
2025-09-19 08:26:43,343 - INFO - File 18723: Filtered 275867 hits and 4 records
2025-09-19 08:26:43,401 - INFO - Completed /viper/ptmp/arego/Red_T_7K_1_EN_100/18628.h5 in 2.58 seconds
2025-09-19 08:26:43,446 - INFO - Processing /viper/ptmp/arego/Red_T_7K_1/992.h5
2025-09-19 08:26:43,526 - INFO - File 3498: Filtered 313298 hits and 5 records
2025-09-19 08:26:43,537 - INFO - Completed /viper/ptmp/arego/Red_T_7K_1_EN_100/10008.h5 in 2.02 seconds
2025-09-19 08:26:43,574 - INFO - Processing /viper/ptmp/arego/Red_T_7K_1/11899.h5
2025-09-19 08:26:43,601 - INFO - Processing /viper/ptmp/arego/Red_T_7K_1/4662.h5
2025-09-19 08:26:43,607 - INFO - File 15499: Filtered 279129 hits and 5 records
2025-09-19 08:26:43,666 - INFO - File 21252: Filtered 521628 hits and 5 records
2025-09-19 08:26:43,739 - INFO - Completed /viper/ptmp/arego/Red_T_7K_1_EN_100/2674.h5 in 2.12 seconds
2025-09-19 08:26:43,741 - INFO - Completed /viper/ptmp/arego/Red_T_7K_1_EN_100/22345.h5 in 2.60 seconds
2025-09-19 08:26:43,752 - INFO - Processing /viper/ptmp/arego/Red_T_7K_1/17823.h5
2025-09-19 08:26:43,755 - INFO - File 992: Filtered 517112 hits and 6 records
2025-09-19 08:26:43,792 - INFO - Processing /viper/ptmp/arego/Red_T_7K_1/20498.h5
2025-09-19 08:26:43,899 - INFO - File 11899: Filtered 270430 hits and 5 records
2025-09-19 08:26:43,969 - INFO - Processing /viper/ptmp/arego/Red_T_7K_1/20532.h5
2025-09-19 08:26:43,969 - INFO - File 4662: Filtered 657377 hits and 5 records
2025-09-19 08:26:43,991 - INFO - Completed /viper/ptmp/arego/Red_T_7K_1_EN_100/6051.h5 in 4.64 seconds
2025-09-19 08:26:44,098 - INFO - File 17823: Filtered 629238 hits and 4 records
2025-09-19 08:26:44,105 - INFO - Processing /viper/ptmp/arego/Red_T_7K_1/16924.h5
2025-09-19 08:26:44,113 - INFO - File 20498: Filtered 143616 hits and 2 records
2025-09-19 08:26:44,159 - INFO - Completed /viper/ptmp/arego/Red_T_7K_1_EN_100/4805.h5 in 3.68 seconds
2025-09-19 08:26:44,200 - INFO - Completed /viper/ptmp/arego/Red_T_7K_1_EN_100/9057.h5 in 2.84 seconds
2025-09-19 08:26:44,211 - INFO - Processing /viper/ptmp/arego/Red_T_7K_1/14057.h5
2025-09-19 08:26:44,298 - INFO - Completed /viper/ptmp/arego/Red_T_7K_1_EN_100/22930.h5 in 2.35 seconds
2025-09-19 08:26:44,303 - INFO - File 20532: Filtered 627917 hits and 5 records
2025-09-19 08:26:44,360 - INFO - Completed /viper/ptmp/arego/Red_T_7K_1_EN_100/12932.h5 in 2.70 seconds
2025-09-19 08:26:44,401 - INFO - Completed /viper/ptmp/arego/Red_T_7K_1_EN_100/492.h5 in 2.57 seconds
2025-09-19 08:26:44,435 - INFO - Processing /viper/ptmp/arego/Red_T_7K_1/6755.h5
2025-09-19 08:26:44,460 - INFO - File 16924: Filtered 269687 hits and 6 records
2025-09-19 08:26:44,498 - INFO - Processing /viper/ptmp/arego/Red_T_7K_1/3133.h5
2025-09-19 08:26:44,583 - INFO - Processing /viper/ptmp/arego/Red_T_7K_1/6418.h5
2025-09-19 08:26:44,595 - INFO - File 14057: Filtered 570025 hits and 6 records
2025-09-19 08:26:44,607 - INFO - Completed /viper/ptmp/arego/Red_T_7K_1_EN_100/18794.h5 in 1.91 seconds
2025-09-19 08:26:44,742 - INFO - File 6755: Filtered 234505 hits and 3 records
2025-09-19 08:26:44,756 - INFO - Completed /viper/ptmp/arego/Red_T_7K_1_EN_100/19174.h5 in 4.68 seconds
2025-09-19 08:26:44,760 - INFO - Processing /viper/ptmp/arego/Red_T_7K_1/5280.h5
2025-09-19 08:26:44,860 - INFO - File 3133: Filtered 800397 hits and 4 records
2025-09-19 08:26:44,891 - INFO - Completed /viper/ptmp/arego/Red_T_7K_1_EN_100/14114.h5 in 3.69 seconds
2025-09-19 08:26:44,912 - INFO - Processing /viper/ptmp/arego/Red_T_7K_1/6739.h5
2025-09-19 08:26:44,963 - INFO - File 6418: Filtered 382884 hits and 4 records
2025-09-19 08:26:45,012 - INFO - Processing /viper/ptmp/arego/Red_T_7K_1/16307.h5
2025-09-19 08:26:45,028 - INFO - Processing /viper/ptmp/arego/Red_T_7K_1/5484.h5
2025-09-19 08:26:45,074 - INFO - Completed /viper/ptmp/arego/Red_T_7K_1_EN_100/14555.h5 in 2.77 seconds
2025-09-19 08:26:45,087 - INFO - File 5280: Filtered 604408 hits and 4 records
2025-09-19 08:26:45,201 - INFO - Completed /viper/ptmp/arego/Red_T_7K_1_EN_100/1591.h5 in 4.09 seconds
2025-09-19 08:26:45,217 - INFO - File 6739: Filtered 169314 hits and 3 records
2025-09-19 08:26:45,244 - INFO - Processing /viper/ptmp/arego/Red_T_7K_1/18206.h5
2025-09-19 08:26:45,342 - INFO - File 16307: Filtered 426339 hits and 5 records
2025-09-19 08:26:45,343 - INFO - File 5484: Filtered 713146 hits and 8 records
2025-09-19 08:26:45,353 - INFO - Completed /viper/ptmp/arego/Red_T_7K_1_EN_100/13913.h5 in 4.45 seconds
2025-09-19 08:26:45,377 - INFO - Completed /viper/ptmp/arego/Red_T_7K_1_EN_100/3216.h5 in 3.10 seconds
2025-09-19 08:26:45,516 - INFO - Processing /viper/ptmp/arego/Red_T_7K_1/18147.h5
2025-09-19 08:26:45,536 - INFO - Processing /viper/ptmp/arego/Red_T_7K_1/12996.h5
2025-09-19 08:26:45,600 - INFO - File 18206: Filtered 468106 hits and 5 records
2025-09-19 08:26:45,720 - INFO - Processing /viper/ptmp/arego/Red_T_7K_1/4484.h5
2025-09-19 08:26:45,769 - INFO - Completed /viper/ptmp/arego/Red_T_7K_1_EN_100/15499.h5 in 2.47 seconds
2025-09-19 08:26:45,840 - INFO - Processing /viper/ptmp/arego/Red_T_7K_1/20733.h5
2025-09-19 08:26:45,851 - INFO - Completed /viper/ptmp/arego/Red_T_7K_1_EN_100/992.h5 in 2.41 seconds
2025-09-19 08:26:45,878 - INFO - File 18147: Filtered 1067580 hits and 8 records
2025-09-19 08:26:45,929 - INFO - Processing /viper/ptmp/arego/Red_T_7K_1/2071.h5
2025-09-19 08:26:45,985 - INFO - Completed /viper/ptmp/arego/Red_T_7K_1_EN_100/17823.h5 in 2.23 seconds
2025-09-19 08:26:46,009 - INFO - File 12996: Filtered 558289 hits and 4 records
2025-09-19 08:26:46,096 - INFO - Completed /viper/ptmp/arego/Red_T_7K_1_EN_100/16924.h5 in 1.99 seconds
2025-09-19 08:26:46,117 - INFO - File 20733: Filtered 336504 hits and 8 records
2025-09-19 08:26:46,117 - INFO - File 4484: Filtered 199101 hits and 3 records
2025-09-19 08:26:46,119 - INFO - Completed /viper/ptmp/arego/Red_T_7K_1_EN_100/20532.h5 in 2.15 seconds
2025-09-19 08:26:46,118 - INFO - Completed /viper/ptmp/arego/Red_T_7K_1_EN_100/21252.h5 in 2.78 seconds
2025-09-19 08:26:46,157 - INFO - Processing /viper/ptmp/arego/Red_T_7K_1/2489.h5
2025-09-19 08:26:46,212 - INFO - Completed /viper/ptmp/arego/Red_T_7K_1_EN_100/3498.h5 in 3.03 seconds
2025-09-19 08:26:46,214 - INFO - File 2071: Filtered 474780 hits and 5 records
2025-09-19 08:26:46,216 - INFO - Processing /viper/ptmp/arego/Red_T_7K_1/5643.h5
2025-09-19 08:26:46,275 - INFO - Completed /viper/ptmp/arego/Red_T_7K_1_EN_100/3133.h5 in 1.78 seconds
2025-09-19 08:26:46,318 - INFO - Processing /viper/ptmp/arego/Red_T_7K_1/7261.h5
2025-09-19 08:26:46,351 - INFO - Completed /viper/ptmp/arego/Red_T_7K_1_EN_100/20498.h5 in 2.56 seconds
2025-09-19 08:26:46,360 - INFO - Processing /viper/ptmp/arego/Red_T_7K_1/2588.h5
2025-09-19 08:26:46,448 - INFO - Processing /viper/ptmp/arego/Red_T_7K_1/6618.h5
2025-09-19 08:26:46,499 - INFO - File 2489: Filtered 324109 hits and 3 records
2025-09-19 08:26:46,529 - INFO - Completed /viper/ptmp/arego/Red_T_7K_1_EN_100/5484.h5 in 1.50 seconds
2025-09-19 08:26:46,575 - INFO - Processing /viper/ptmp/arego/Red_T_7K_1/18973.h5
2025-09-19 08:26:46,615 - INFO - File 5643: Filtered 401945 hits and 5 records
2025-09-19 08:26:46,675 - INFO - Completed /viper/ptmp/arego/Red_T_7K_1_EN_100/18147.h5 in 1.16 seconds
2025-09-19 08:26:46,676 - INFO - Completed /viper/ptmp/arego/Red_T_7K_1_EN_100/4662.h5 in 3.07 seconds
2025-09-19 08:26:46,712 - INFO - File 2588: Filtered 176598 hits and 2 records
2025-09-19 08:26:46,716 - INFO - File 7261: Filtered 605357 hits and 3 records
2025-09-19 08:26:46,772 - INFO - File 6618: Filtered 543740 hits and 6 records
2025-09-19 08:26:46,792 - INFO - Processing /viper/ptmp/arego/Red_T_7K_1/11363.h5
2025-09-19 08:26:46,871 - INFO - Completed /viper/ptmp/arego/Red_T_7K_1_EN_100/6755.h5 in 2.44 seconds
2025-09-19 08:26:46,884 - INFO - File 18973: Filtered 267076 hits and 2 records
2025-09-19 08:26:46,885 - INFO - Completed /viper/ptmp/arego/Red_T_7K_1_EN_100/14414.h5 in 4.30 seconds
2025-09-19 08:26:46,910 - INFO - Processing /viper/ptmp/arego/Red_T_7K_1/18231.h5
2025-09-19 08:26:46,938 - INFO - Processing /viper/ptmp/arego/Red_T_7K_1/11578.h5
2025-09-19 08:26:46,957 - INFO - Completed /viper/ptmp/arego/Red_T_7K_1_EN_100/5280.h5 in 2.20 seconds
2025-09-19 08:26:46,998 - INFO - Completed /viper/ptmp/arego/Red_T_7K_1_EN_100/18723.h5 in 3.96 seconds
2025-09-19 08:26:47,090 - INFO - File 11363: Filtered 350892 hits and 7 records
2025-09-19 08:26:47,129 - INFO - Processing /viper/ptmp/arego/Red_T_7K_1/8079.h5
2025-09-19 08:26:47,208 - INFO - Processing /viper/ptmp/arego/Red_T_7K_1/6131.h5
2025-09-19 08:26:47,218 - INFO - File 18231: Filtered 89748 hits and 2 records
2025-09-19 08:26:47,264 - INFO - File 11578: Filtered 470135 hits and 5 records
2025-09-19 08:26:47,440 - INFO - Completed /viper/ptmp/arego/Red_T_7K_1_EN_100/14057.h5 in 3.23 seconds
2025-09-19 08:26:47,456 - INFO - Processing /viper/ptmp/arego/Red_T_7K_1/19489.h5
2025-09-19 08:26:47,478 - INFO - Processing /viper/ptmp/arego/Red_T_7K_1/20146.h5
2025-09-19 08:26:47,525 - INFO - File 8079: Filtered 689322 hits and 4 records
2025-09-19 08:26:47,534 - INFO - Processing /viper/ptmp/arego/Red_T_7K_1/2433.h5
2025-09-19 08:26:47,547 - INFO - File 6131: Filtered 155721 hits and 2 records
2025-09-19 08:26:47,640 - INFO - Completed /viper/ptmp/arego/Red_T_7K_1_EN_100/11899.h5 in 4.07 seconds
2025-09-19 08:26:47,724 - INFO - Processing /viper/ptmp/arego/Red_T_7K_1/7014.h5
2025-09-19 08:26:47,791 - INFO - Processing /viper/ptmp/arego/Red_T_7K_1/13744.h5
2025-09-19 08:26:47,829 - INFO - File 20146: Filtered 148426 hits and 3 records
2025-09-19 08:26:47,867 - INFO - File 19489: Filtered 243966 hits and 3 records
2025-09-19 08:26:47,920 - INFO - Completed /viper/ptmp/arego/Red_T_7K_1_EN_100/20733.h5 in 2.08 seconds
2025-09-19 08:26:47,930 - INFO - File 2433: Filtered 539397 hits and 5 records
2025-09-19 08:26:47,938 - INFO - Completed /viper/ptmp/arego/Red_T_7K_1_EN_100/6418.h5 in 3.36 seconds
2025-09-19 08:26:47,998 - INFO - Processing /viper/ptmp/arego/Red_T_7K_1/6329.h5
2025-09-19 08:26:48,020 - INFO - Processing /viper/ptmp/arego/Red_T_7K_1/18295.h5
2025-09-19 08:26:48,104 - INFO - File 7014: Filtered 196904 hits and 3 records
2025-09-19 08:26:48,187 - INFO - File 13744: Filtered 708306 hits and 4 records
2025-09-19 08:26:48,344 - INFO - File 18295: Filtered 816317 hits and 5 records
2025-09-19 08:26:48,351 - INFO - File 6329: Filtered 743316 hits and 6 records
2025-09-19 08:26:48,451 - INFO - Completed /viper/ptmp/arego/Red_T_7K_1_EN_100/2071.h5 in 2.52 seconds
2025-09-19 08:26:48,518 - INFO - Processing /viper/ptmp/arego/Red_T_7K_1/8877.h5
2025-09-19 08:26:48,779 - INFO - Completed /viper/ptmp/arego/Red_T_7K_1_EN_100/16307.h5 in 3.77 seconds
2025-09-19 08:26:48,825 - INFO - File 8877: Filtered 244726 hits and 2 records
2025-09-19 08:26:48,851 - INFO - Processing /viper/ptmp/arego/Red_T_7K_1/5254.h5
2025-09-19 08:26:48,862 - INFO - Completed /viper/ptmp/arego/Red_T_7K_1_EN_100/18206.h5 in 3.62 seconds
2025-09-19 08:26:48,884 - INFO - Completed /viper/ptmp/arego/Red_T_7K_1_EN_100/12996.h5 in 3.35 seconds
2025-09-19 08:26:48,947 - INFO - Processing /viper/ptmp/arego/Red_T_7K_1/18133.h5
2025-09-19 08:26:48,966 - INFO - Processing /viper/ptmp/arego/Red_T_7K_1/6554.h5
2025-09-19 08:26:49,187 - INFO - File 5254: Filtered 274968 hits and 4 records
2025-09-19 08:26:49,232 - INFO - File 18133: Filtered 586027 hits and 6 records
2025-09-19 08:26:49,313 - INFO - File 6554: Filtered 197255 hits and 3 records
2025-09-19 08:26:49,334 - INFO - Completed /viper/ptmp/arego/Red_T_7K_1_EN_100/7261.h5 in 3.02 seconds
2025-09-19 08:26:49,347 - INFO - Completed /viper/ptmp/arego/Red_T_7K_1_EN_100/6739.h5 in 4.44 seconds
2025-09-19 08:26:49,364 - INFO - Completed /viper/ptmp/arego/Red_T_7K_1_EN_100/6618.h5 in 2.92 seconds
2025-09-19 08:26:49,426 - INFO - Processing /viper/ptmp/arego/Red_T_7K_1/18313.h5
2025-09-19 08:26:49,462 - INFO - Processing /viper/ptmp/arego/Red_T_7K_1/22124.h5
2025-09-19 08:26:49,578 - INFO - Completed /viper/ptmp/arego/Red_T_7K_1_EN_100/11363.h5 in 2.79 seconds
2025-09-19 08:26:49,599 - INFO - Completed /viper/ptmp/arego/Red_T_7K_1_EN_100/18973.h5 in 3.02 seconds
2025-09-19 08:26:49,619 - INFO - Completed /viper/ptmp/arego/Red_T_7K_1_EN_100/8079.h5 in 2.49 seconds
2025-09-19 08:26:49,648 - INFO - Processing /viper/ptmp/arego/Red_T_7K_1/21249.h5
2025-09-19 08:26:49,664 - INFO - Completed /viper/ptmp/arego/Red_T_7K_1_EN_100/11578.h5 in 2.73 seconds
2025-09-19 08:26:49,729 - INFO - Processing /viper/ptmp/arego/Red_T_7K_1/14975.h5
2025-09-19 08:26:49,732 - INFO - Processing /viper/ptmp/arego/Red_T_7K_1/5402.h5
2025-09-19 08:26:49,753 - INFO - File 18313: Filtered 539951 hits and 6 records
2025-09-19 08:26:49,814 - INFO - Processing /viper/ptmp/arego/Red_T_7K_1/6129.h5
2025-09-19 08:26:49,839 - INFO - File 22124: Filtered 281327 hits and 3 records
2025-09-19 08:26:49,884 - INFO - Completed /viper/ptmp/arego/Red_T_7K_1_EN_100/2433.h5 in 2.35 seconds
2025-09-19 08:26:49,995 - INFO - Completed /viper/ptmp/arego/Red_T_7K_1_EN_100/18295.h5 in 1.97 seconds
2025-09-19 08:26:50,031 - INFO - Processing /viper/ptmp/arego/Red_T_7K_1/11880.h5
2025-09-19 08:26:50,042 - INFO - Processing /viper/ptmp/arego/Red_T_7K_1/7654.h5
2025-09-19 08:26:50,061 - INFO - File 5402: Filtered 539317 hits and 5 records
2025-09-19 08:26:50,072 - INFO - File 21249: Filtered 953454 hits and 7 records
2025-09-19 08:26:50,112 - INFO - File 14975: Filtered 437495 hits and 7 records
2025-09-19 08:26:50,130 - INFO - File 6129: Filtered 713852 hits and 5 records
2025-09-19 08:26:50,229 - INFO - Completed /viper/ptmp/arego/Red_T_7K_1_EN_100/2588.h5 in 3.87 seconds
2025-09-19 08:26:50,240 - INFO - Completed /viper/ptmp/arego/Red_T_7K_1_EN_100/2489.h5 in 4.08 seconds
2025-09-19 08:26:50,286 - INFO - Processing /viper/ptmp/arego/Red_T_7K_1/6896.h5
2025-09-19 08:26:50,303 - INFO - Processing /viper/ptmp/arego/Red_T_7K_1/12786.h5
2025-09-19 08:26:50,341 - INFO - Completed /viper/ptmp/arego/Red_T_7K_1_EN_100/19489.h5 in 2.89 seconds
2025-09-19 08:26:50,383 - INFO - File 11880: Filtered 620268 hits and 6 records
2025-09-19 08:26:50,396 - INFO - File 7654: Filtered 819891 hits and 2 records
2025-09-19 08:26:50,399 - INFO - Completed /viper/ptmp/arego/Red_T_7K_1_EN_100/6329.h5 in 2.40 seconds
2025-09-19 08:26:50,527 - INFO - Processing /viper/ptmp/arego/Red_T_7K_1/7396.h5
2025-09-19 08:26:50,603 - INFO - Completed /viper/ptmp/arego/Red_T_7K_1_EN_100/4484.h5 in 4.88 seconds
2025-09-19 08:26:50,631 - INFO - File 6896: Filtered 262711 hits and 2 records
2025-09-19 08:26:50,649 - INFO - File 12786: Filtered 514763 hits and 6 records
2025-09-19 08:26:50,716 - INFO - Processing /viper/ptmp/arego/Red_T_7K_1/13163.h5
2025-09-19 08:26:50,740 - INFO - Processing /viper/ptmp/arego/Red_T_7K_1/6902.h5
2025-09-19 08:26:50,808 - INFO - Completed /viper/ptmp/arego/Red_T_7K_1_EN_100/18133.h5 in 1.86 seconds
2025-09-19 08:26:50,852 - INFO - Completed /viper/ptmp/arego/Red_T_7K_1_EN_100/13744.h5 in 3.06 seconds
2025-09-19 08:26:50,887 - INFO - File 7396: Filtered 329882 hits and 4 records
2025-09-19 08:26:50,903 - INFO - Processing /viper/ptmp/arego/Red_T_7K_1/20644.h5
2025-09-19 08:26:50,970 - INFO - Processing /viper/ptmp/arego/Red_T_7K_1/6099.h5
2025-09-19 08:26:50,976 - INFO - Processing /viper/ptmp/arego/Red_T_7K_1/1274.h5
2025-09-19 08:26:50,982 - INFO - Completed /viper/ptmp/arego/Red_T_7K_1_EN_100/6131.h5 in 3.77 seconds
2025-09-19 08:26:51,033 - INFO - Completed /viper/ptmp/arego/Red_T_7K_1_EN_100/18231.h5 in 4.12 seconds
2025-09-19 08:26:51,068 - INFO - File 6902: Filtered 701217 hits and 3 records
2025-09-19 08:26:51,091 - INFO - Completed /viper/ptmp/arego/Red_T_7K_1_EN_100/8877.h5 in 2.57 seconds
2025-09-19 08:26:51,093 - INFO - File 13163: Filtered 561123 hits and 3 records
2025-09-19 08:26:51,172 - INFO - Completed /viper/ptmp/arego/Red_T_7K_1_EN_100/21249.h5 in 1.52 seconds
2025-09-19 08:26:51,181 - INFO - Processing /viper/ptmp/arego/Red_T_7K_1/9323.h5
2025-09-19 08:26:51,206 - INFO - Completed /viper/ptmp/arego/Red_T_7K_1_EN_100/5643.h5 in 4.99 seconds
2025-09-19 08:26:51,257 - INFO - Processing /viper/ptmp/arego/Red_T_7K_1/13226.h5
2025-09-19 08:26:51,272 - INFO - File 20644: Filtered 641416 hits and 5 records
2025-09-19 08:26:51,332 - INFO - Processing /viper/ptmp/arego/Red_T_7K_1/22449.h5
2025-09-19 08:26:51,354 - INFO - File 6099: Filtered 322428 hits and 2 records
2025-09-19 08:26:51,392 - INFO - File 1274: Filtered 323789 hits and 4 records
2025-09-19 08:26:51,480 - INFO - Processing /viper/ptmp/arego/Red_T_7K_1/17233.h5
2025-09-19 08:26:51,505 - INFO - File 9323: Filtered 444845 hits and 3 records
2025-09-19 08:26:51,532 - INFO - Completed /viper/ptmp/arego/Red_T_7K_1_EN_100/5254.h5 in 2.68 seconds
2025-09-19 08:26:51,592 - INFO - File 13226: Filtered 491445 hits and 7 records
2025-09-19 08:26:51,613 - INFO - Processing /viper/ptmp/arego/Red_T_7K_1/20118.h5
2025-09-19 08:26:51,674 - INFO - Processing /viper/ptmp/arego/Red_T_7K_1/6970.h5
2025-09-19 08:26:51,682 - INFO - File 22449: Filtered 537153 hits and 4 records
2025-09-19 08:26:51,714 - INFO - Completed /viper/ptmp/arego/Red_T_7K_1_EN_100/7654.h5 in 1.67 seconds
2025-09-19 08:26:51,788 - INFO - Processing /viper/ptmp/arego/Red_T_7K_1/16886.h5
2025-09-19 08:26:51,893 - INFO - File 17233: Filtered 360347 hits and 4 records
2025-09-19 08:26:51,942 - INFO - File 20118: Filtered 347202 hits and 3 records
2025-09-19 08:26:51,971 - INFO - Completed /viper/ptmp/arego/Red_T_7K_1_EN_100/18313.h5 in 2.54 seconds
2025-09-19 08:26:52,001 - INFO - Completed /viper/ptmp/arego/Red_T_7K_1_EN_100/6129.h5 in 2.19 seconds
2025-09-19 08:26:52,025 - INFO - File 6970: Filtered 520205 hits and 8 records
2025-09-19 08:26:52,093 - INFO - Processing /viper/ptmp/arego/Red_T_7K_1/3116.h5
2025-09-19 08:26:52,098 - INFO - File 16886: Filtered 703387 hits and 3 records
2025-09-19 08:26:52,153 - INFO - Completed /viper/ptmp/arego/Red_T_7K_1_EN_100/7014.h5 in 4.43 seconds
2025-09-19 08:26:52,224 - INFO - Processing /viper/ptmp/arego/Red_T_7K_1/11386.h5
2025-09-19 08:26:52,295 - INFO - Completed /viper/ptmp/arego/Red_T_7K_1_EN_100/20146.h5 in 4.82 seconds
2025-09-19 08:26:52,361 - INFO - Processing /viper/ptmp/arego/Red_T_7K_1/21368.h5
2025-09-19 08:26:52,395 - INFO - Processing /viper/ptmp/arego/Red_T_7K_1/11735.h5
2025-09-19 08:26:52,517 - INFO - File 3116: Filtered 260196 hits and 3 records
2025-09-19 08:26:52,531 - INFO - File 11386: Filtered 552553 hits and 6 records
2025-09-19 08:26:52,651 - INFO - Completed /viper/ptmp/arego/Red_T_7K_1_EN_100/11880.h5 in 2.62 seconds
2025-09-19 08:26:52,691 - INFO - File 21368: Filtered 117113 hits and 3 records
2025-09-19 08:26:52,737 - INFO - Processing /viper/ptmp/arego/Red_T_7K_1/15356.h5
2025-09-19 08:26:52,746 - INFO - File 11735: Filtered 182658 hits and 2 records
2025-09-19 08:26:52,895 - INFO - Completed /viper/ptmp/arego/Red_T_7K_1_EN_100/12786.h5 in 2.59 seconds
2025-09-19 08:26:52,964 - INFO - Processing /viper/ptmp/arego/Red_T_7K_1/7152.h5
2025-09-19 08:26:52,964 - INFO - Completed /viper/ptmp/arego/Red_T_7K_1_EN_100/6896.h5 in 2.68 seconds
2025-09-19 08:26:53,008 - INFO - Completed /viper/ptmp/arego/Red_T_7K_1_EN_100/6902.h5 in 2.27 seconds
2025-09-19 08:26:53,085 - INFO - Processing /viper/ptmp/arego/Red_T_7K_1/269.h5
2025-09-19 08:26:53,095 - INFO - File 15356: Filtered 623844 hits and 5 records
2025-09-19 08:26:53,244 - INFO - Processing /viper/ptmp/arego/Red_T_7K_1/1579.h5
2025-09-19 08:26:53,314 - INFO - File 7152: Filtered 584798 hits and 5 records
2025-09-19 08:26:53,431 - INFO - File 269: Filtered 708263 hits and 7 records
2025-09-19 08:26:53,593 - INFO - File 1579: Filtered 517405 hits and 4 records
2025-09-19 08:26:53,607 - INFO - Completed /viper/ptmp/arego/Red_T_7K_1_EN_100/20644.h5 in 2.70 seconds
2025-09-19 08:26:53,672 - INFO - Processing /viper/ptmp/arego/Red_T_7K_1/11017.h5
2025-09-19 08:26:53,693 - INFO - Completed /viper/ptmp/arego/Red_T_7K_1_EN_100/5402.h5 in 3.96 seconds
2025-09-19 08:26:53,724 - INFO - Completed /viper/ptmp/arego/Red_T_7K_1_EN_100/9323.h5 in 2.54 seconds
2025-09-19 08:26:53,772 - INFO - Completed /viper/ptmp/arego/Red_T_7K_1_EN_100/13226.h5 in 2.51 seconds
2025-09-19 08:26:53,772 - INFO - Processing /viper/ptmp/arego/Red_T_7K_1/8541.h5
2025-09-19 08:26:53,826 - INFO - Completed /viper/ptmp/arego/Red_T_7K_1_EN_100/13163.h5 in 3.11 seconds
2025-09-19 08:26:53,906 - INFO - Processing /viper/ptmp/arego/Red_T_7K_1/3422.h5
2025-09-19 08:26:53,975 - INFO - Processing /viper/ptmp/arego/Red_T_7K_1/21940.h5
2025-09-19 08:26:54,003 - INFO - Completed /viper/ptmp/arego/Red_T_7K_1_EN_100/22124.h5 in 4.54 seconds
2025-09-19 08:26:54,009 - INFO - File 11017: Filtered 1086612 hits and 6 records
2025-09-19 08:26:54,026 - INFO - Processing /viper/ptmp/arego/Red_T_7K_1/18026.h5
2025-09-19 08:26:54,115 - INFO - Completed /viper/ptmp/arego/Red_T_7K_1_EN_100/6970.h5 in 2.44 seconds
2025-09-19 08:26:54,145 - INFO - Completed /viper/ptmp/arego/Red_T_7K_1_EN_100/6554.h5 in 5.18 seconds
2025-09-19 08:26:54,156 - INFO - Completed /viper/ptmp/arego/Red_T_7K_1_EN_100/16886.h5 in 2.37 seconds
2025-09-19 08:26:54,162 - INFO - File 8541: Filtered 358132 hits and 3 records
2025-09-19 08:26:54,181 - INFO - Processing /viper/ptmp/arego/Red_T_7K_1/8591.h5
2025-09-19 08:26:54,220 - INFO - Processing /viper/ptmp/arego/Red_T_7K_1/4842.h5
2025-09-19 08:26:54,242 - INFO - Completed /viper/ptmp/arego/Red_T_7K_1_EN_100/22449.h5 in 2.91 seconds
2025-09-19 08:26:54,278 - INFO - File 3422: Filtered 344127 hits and 3 records
2025-09-19 08:26:54,284 - INFO - File 21940: Filtered 282699 hits and 4 records
2025-09-19 08:26:54,445 - INFO - File 18026: Filtered 820261 hits and 5 records
2025-09-19 08:26:54,544 - INFO - Completed /viper/ptmp/arego/Red_T_7K_1_EN_100/14975.h5 in 4.81 seconds
2025-09-19 08:26:54,552 - INFO - File 8591: Filtered 552881 hits and 3 records
2025-09-19 08:26:54,552 - INFO - Processing /viper/ptmp/arego/Red_T_7K_1/18132.h5
2025-09-19 08:26:54,594 - INFO - Completed /viper/ptmp/arego/Red_T_7K_1_EN_100/7396.h5 in 4.07 seconds
2025-09-19 08:26:54,605 - INFO - File 4842: Filtered 455570 hits and 6 records
2025-09-19 08:26:54,668 - INFO - Processing /viper/ptmp/arego/Red_T_7K_1/18326.h5
2025-09-19 08:26:54,800 - INFO - Processing /viper/ptmp/arego/Red_T_7K_1/11198.h5
2025-09-19 08:26:54,825 - INFO - Completed /viper/ptmp/arego/Red_T_7K_1_EN_100/11017.h5 in 1.15 seconds
2025-09-19 08:26:54,896 - INFO - Processing /viper/ptmp/arego/Red_T_7K_1/21169.h5
2025-09-19 08:26:54,956 - INFO - File 18132: Filtered 725330 hits and 9 records
2025-09-19 08:26:55,023 - INFO - File 18326: Filtered 338493 hits and 2 records
2025-09-19 08:26:55,063 - INFO - Processing /viper/ptmp/arego/Red_T_7K_1/13047.h5
2025-09-19 08:26:55,186 - INFO - Completed /viper/ptmp/arego/Red_T_7K_1_EN_100/7152.h5 in 2.22 seconds
2025-09-19 08:26:55,193 - INFO - File 11198: Filtered 542451 hits and 4 records
2025-09-19 08:26:55,201 - INFO - Completed /viper/ptmp/arego/Red_T_7K_1_EN_100/15356.h5 in 2.46 seconds
2025-09-19 08:26:55,217 - INFO - Completed /viper/ptmp/arego/Red_T_7K_1_EN_100/6099.h5 in 4.25 seconds
2025-09-19 08:26:55,276 - INFO - Processing /viper/ptmp/arego/Red_T_7K_1/21680.h5
2025-09-19 08:26:55,276 - INFO - Processing /viper/ptmp/arego/Red_T_7K_1/9824.h5
2025-09-19 08:26:55,299 - INFO - File 21169: Filtered 521108 hits and 8 records
2025-09-19 08:26:55,362 - INFO - Processing /viper/ptmp/arego/Red_T_7K_1/4070.h5
2025-09-19 08:26:55,484 - INFO - Completed /viper/ptmp/arego/Red_T_7K_1_EN_100/269.h5 in 2.40 seconds
2025-09-19 08:26:55,499 - INFO - Processing /viper/ptmp/arego/Red_T_7K_1/11630.h5
2025-09-19 08:26:55,521 - INFO - File 13047: Filtered 442612 hits and 4 records
2025-09-19 08:26:55,539 - INFO - Completed /viper/ptmp/arego/Red_T_7K_1_EN_100/17233.h5 in 4.06 seconds
2025-09-19 08:26:55,563 - INFO - Completed /viper/ptmp/arego/Red_T_7K_1_EN_100/1274.h5 in 4.59 seconds
2025-09-19 08:26:55,606 - INFO - Processing /viper/ptmp/arego/Red_T_7K_1/15896.h5
2025-09-19 08:26:55,608 - INFO - File 21680: Filtered 894513 hits and 9 records
2025-09-19 08:26:55,635 - INFO - Completed /viper/ptmp/arego/Red_T_7K_1_EN_100/20118.h5 in 4.02 seconds
2025-09-19 08:26:55,641 - INFO - File 9824: Filtered 554940 hits and 5 records
2025-09-19 08:26:55,668 - INFO - Processing /viper/ptmp/arego/Red_T_7K_1/17685.h5
2025-09-19 08:26:55,716 - INFO - Processing /viper/ptmp/arego/Red_T_7K_1/1083.h5
2025-09-19 08:26:55,773 - INFO - File 4070: Filtered 906533 hits and 5 records
2025-09-19 08:26:55,875 - INFO - File 11630: Filtered 442365 hits and 4 records
2025-09-19 08:26:55,898 - INFO - Completed /viper/ptmp/arego/Red_T_7K_1_EN_100/1579.h5 in 2.65 seconds
2025-09-19 08:26:55,956 - INFO - Processing /viper/ptmp/arego/Red_T_7K_1/22156.h5
2025-09-19 08:26:55,996 - INFO - File 15896: Filtered 371435 hits and 4 records
2025-09-19 08:26:56,075 - INFO - File 17685: Filtered 272548 hits and 2 records
2025-09-19 08:26:56,090 - INFO - Processing /viper/ptmp/arego/Red_T_7K_1/22422.h5
2025-09-19 08:26:56,145 - INFO - Completed /viper/ptmp/arego/Red_T_7K_1_EN_100/3116.h5 in 4.05 seconds
2025-09-19 08:26:56,175 - INFO - File 1083: Filtered 100590 hits and 2 records
2025-09-19 08:26:56,261 - INFO - Completed /viper/ptmp/arego/Red_T_7K_1_EN_100/11386.h5 in 4.04 seconds
2025-09-19 08:26:56,270 - INFO - Processing /viper/ptmp/arego/Red_T_7K_1/12877.h5
2025-09-19 08:26:56,338 - INFO - Processing /viper/ptmp/arego/Red_T_7K_1/5361.h5
2025-09-19 08:26:56,368 - INFO - File 22156: Filtered 812058 hits and 4 records
2025-09-19 08:26:56,525 - INFO - Completed /viper/ptmp/arego/Red_T_7K_1_EN_100/21368.h5 in 4.16 seconds
2025-09-19 08:26:56,525 - INFO - File 22422: Filtered 359368 hits and 2 records
2025-09-19 08:26:56,600 - INFO - Processing /viper/ptmp/arego/Red_T_7K_1/3889.h5
2025-09-19 08:26:56,663 - INFO - File 12877: Filtered 824424 hits and 7 records
2025-09-19 08:26:56,701 - INFO - File 5361: Filtered 759303 hits and 5 records
2025-09-19 08:26:56,711 - INFO - Completed /viper/ptmp/arego/Red_T_7K_1_EN_100/11735.h5 in 4.32 seconds
2025-09-19 08:26:56,771 - INFO - Completed /viper/ptmp/arego/Red_T_7K_1_EN_100/18026.h5 in 2.75 seconds
2025-09-19 08:26:56,802 - INFO - Processing /viper/ptmp/arego/Red_T_7K_1/21010.h5
2025-09-19 08:26:56,853 - INFO - Processing /viper/ptmp/arego/Red_T_7K_1/14846.h5
2025-09-19 08:26:56,979 - INFO - File 3889: Filtered 228976 hits and 3 records
2025-09-19 08:26:57,191 - INFO - File 21010: Filtered 550613 hits and 3 records
2025-09-19 08:26:57,192 - INFO - Completed /viper/ptmp/arego/Red_T_7K_1_EN_100/21680.h5 in 1.92 seconds
2025-09-19 08:26:57,229 - INFO - File 14846: Filtered 71119 hits and 1 records
2025-09-19 08:26:57,270 - INFO - Processing /viper/ptmp/arego/Red_T_7K_1/3908.h5
2025-09-19 08:26:57,613 - INFO - Completed /viper/ptmp/arego/Red_T_7K_1_EN_100/21940.h5 in 3.64 seconds
2025-09-19 08:26:57,674 - INFO - Completed /viper/ptmp/arego/Red_T_7K_1_EN_100/4842.h5 in 3.45 seconds
2025-09-19 08:26:57,683 - INFO - Processing /viper/ptmp/arego/Red_T_7K_1/9017.h5
2025-09-19 08:26:57,727 - INFO - File 3908: Filtered 409376 hits and 6 records
2025-09-19 08:26:57,764 - INFO - Completed /viper/ptmp/arego/Red_T_7K_1_EN_100/18132.h5 in 3.21 seconds
2025-09-19 08:26:57,775 - INFO - Processing /viper/ptmp/arego/Red_T_7K_1/9211.h5
2025-09-19 08:26:57,810 - INFO - Completed /viper/ptmp/arego/Red_T_7K_1_EN_100/8591.h5 in 3.63 seconds
2025-09-19 08:26:58,018 - INFO - Processing /viper/ptmp/arego/Red_T_7K_1/23059.h5
2025-09-19 08:26:58,026 - INFO - File 9017: Filtered 474121 hits and 3 records
2025-09-19 08:26:58,035 - INFO - Completed /viper/ptmp/arego/Red_T_7K_1_EN_100/4070.h5 in 2.67 seconds
2025-09-19 08:26:58,079 - INFO - Completed /viper/ptmp/arego/Red_T_7K_1_EN_100/8541.h5 in 4.31 seconds
2025-09-19 08:26:58,099 - INFO - Completed /viper/ptmp/arego/Red_T_7K_1_EN_100/9824.h5 in 2.82 seconds
2025-09-19 08:26:58,104 - INFO - Processing /viper/ptmp/arego/Red_T_7K_1/10812.h5
2025-09-19 08:26:58,126 - INFO - File 9211: Filtered 228032 hits and 3 records
2025-09-19 08:26:58,148 - INFO - Processing /viper/ptmp/arego/Red_T_7K_1/12076.h5
2025-09-19 08:26:58,159 - INFO - Completed /viper/ptmp/arego/Red_T_7K_1_EN_100/15896.h5 in 2.55 seconds
2025-09-19 08:26:58,198 - INFO - Completed /viper/ptmp/arego/Red_T_7K_1_EN_100/18326.h5 in 3.53 seconds
2025-09-19 08:26:58,229 - INFO - Processing /viper/ptmp/arego/Red_T_7K_1/224.h5
2025-09-19 08:26:58,359 - INFO - Processing /viper/ptmp/arego/Red_T_7K_1/413.h5
2025-09-19 08:26:58,394 - INFO - Processing /viper/ptmp/arego/Red_T_7K_1/17679.h5
2025-09-19 08:26:58,424 - INFO - Processing /viper/ptmp/arego/Red_T_7K_1/724.h5
2025-09-19 08:26:58,476 - INFO - File 12076: Filtered 656029 hits and 6 records
2025-09-19 08:26:58,494 - INFO - File 10812: Filtered 446546 hits and 6 records
2025-09-19 08:26:58,510 - INFO - File 23059: Filtered 119050 hits and 4 records
2025-09-19 08:26:58,546 - INFO - Completed /viper/ptmp/arego/Red_T_7K_1_EN_100/3422.h5 in 4.64 seconds
2025-09-19 08:26:58,653 - INFO - Completed /viper/ptmp/arego/Red_T_7K_1_EN_100/12877.h5 in 2.38 seconds
2025-09-19 08:26:58,687 - INFO - File 224: Filtered 496448 hits and 4 records
2025-09-19 08:26:58,709 - INFO - Processing /viper/ptmp/arego/Red_T_7K_1/18455.h5
2025-09-19 08:26:58,740 - INFO - Processing /viper/ptmp/arego/Red_T_7K_1/17049.h5
2025-09-19 08:26:58,764 - INFO - File 413: Filtered 531763 hits and 4 records
2025-09-19 08:26:58,765 - INFO - File 17679: Filtered 193401 hits and 4 records
2025-09-19 08:26:58,824 - INFO - File 724: Filtered 579786 hits and 8 records
2025-09-19 08:26:58,826 - INFO - Completed /viper/ptmp/arego/Red_T_7K_1_EN_100/22156.h5 in 2.87 seconds
2025-09-19 08:26:58,964 - INFO - Processing /viper/ptmp/arego/Red_T_7K_1/19479.h5
2025-09-19 08:26:59,066 - INFO - Completed /viper/ptmp/arego/Red_T_7K_1_EN_100/5361.h5 in 2.73 seconds
2025-09-19 08:26:59,068 - INFO - File 18455: Filtered 556682 hits and 5 records
2025-09-19 08:26:59,073 - INFO - Completed /viper/ptmp/arego/Red_T_7K_1_EN_100/11198.h5 in 4.27 seconds
2025-09-19 08:26:59,140 - INFO - Processing /viper/ptmp/arego/Red_T_7K_1/4454.h5
2025-09-19 08:26:59,151 - INFO - File 17049: Filtered 332562 hits and 4 records
2025-09-19 08:26:59,173 - INFO - Processing /viper/ptmp/arego/Red_T_7K_1/14823.h5
2025-09-19 08:26:59,368 - INFO - File 19479: Filtered 212202 hits and 5 records
2025-09-19 08:26:59,525 - INFO - Completed /viper/ptmp/arego/Red_T_7K_1_EN_100/21169.h5 in 4.63 seconds
2025-09-19 08:26:59,549 - INFO - File 4454: Filtered 1054332 hits and 4 records
2025-09-19 08:26:59,578 - INFO - File 14823: Filtered 434634 hits and 6 records
2025-09-19 08:26:59,612 - INFO - Processing /viper/ptmp/arego/Red_T_7K_1/18733.h5
2025-09-19 08:26:59,927 - INFO - Completed /viper/ptmp/arego/Red_T_7K_1_EN_100/22422.h5 in 3.84 seconds
2025-09-19 08:26:59,977 - INFO - File 18733: Filtered 1329573 hits and 5 records
2025-09-19 08:26:59,991 - INFO - Processing /viper/ptmp/arego/Red_T_7K_1/18420.h5
2025-09-19 08:27:00,009 - INFO - Completed /viper/ptmp/arego/Red_T_7K_1_EN_100/11630.h5 in 4.51 seconds
2025-09-19 08:27:00,069 - INFO - Completed /viper/ptmp/arego/Red_T_7K_1_EN_100/13047.h5 in 5.01 seconds
2025-09-19 08:27:00,091 - INFO - Completed /viper/ptmp/arego/Red_T_7K_1_EN_100/21010.h5 in 3.29 seconds
2025-09-19 08:27:00,168 - INFO - Processing /viper/ptmp/arego/Red_T_7K_1/589.h5
2025-09-19 08:27:00,232 - INFO - Completed /viper/ptmp/arego/Red_T_7K_1_EN_100/9017.h5 in 2.55 seconds
2025-09-19 08:27:00,266 - INFO - Processing /viper/ptmp/arego/Red_T_7K_1/3222.h5
2025-09-19 08:27:00,293 - INFO - Processing /viper/ptmp/arego/Red_T_7K_1/14310.h5
2025-09-19 08:27:00,344 - INFO - Completed /viper/ptmp/arego/Red_T_7K_1_EN_100/1083.h5 in 4.63 seconds
2025-09-19 08:27:00,394 - INFO - File 18420: Filtered 1015169 hits and 4 records
2025-09-19 08:27:00,443 - INFO - Processing /viper/ptmp/arego/Red_T_7K_1/17363.h5
2025-09-19 08:27:00,471 - INFO - Processing /viper/ptmp/arego/Red_T_7K_1/9458.h5
2025-09-19 08:27:00,640 - INFO - Completed /viper/ptmp/arego/Red_T_7K_1_EN_100/18733.h5 in 1.03 seconds
2025-09-19 08:27:00,656 - INFO - File 14310: Filtered 246617 hits and 2 records
2025-09-19 08:27:00,666 - INFO - File 589: Filtered 738380 hits and 4 records
2025-09-19 08:27:00,670 - INFO - File 3222: Filtered 502263 hits and 5 records
2025-09-19 08:27:00,713 - INFO - Processing /viper/ptmp/arego/Red_T_7K_1/14854.h5
2025-09-19 08:27:00,736 - INFO - Completed /viper/ptmp/arego/Red_T_7K_1_EN_100/3889.h5 in 4.14 seconds
2025-09-19 08:27:00,815 - INFO - File 17363: Filtered 455911 hits and 4 records
2025-09-19 08:27:00,917 - INFO - Completed /viper/ptmp/arego/Red_T_7K_1_EN_100/17685.h5 in 5.25 seconds
2025-09-19 08:27:00,933 - INFO - Completed /viper/ptmp/arego/Red_T_7K_1_EN_100/14846.h5 in 4.08 seconds
2025-09-19 08:27:00,941 - INFO - File 9458: Filtered 518713 hits and 5 records
2025-09-19 08:27:01,006 - INFO - Processing /viper/ptmp/arego/Red_T_7K_1/3014.h5
2025-09-19 08:27:01,010 - INFO - Processing /viper/ptmp/arego/Red_T_7K_1/9826.h5
2025-09-19 08:27:01,019 - INFO - Processing /viper/ptmp/arego/Red_T_7K_1/13310.h5
2025-09-19 08:27:01,172 - INFO - File 14854: Filtered 897239 hits and 9 records
2025-09-19 08:27:01,221 - INFO - Completed /viper/ptmp/arego/Red_T_7K_1_EN_100/4454.h5 in 2.08 seconds
2025-09-19 08:27:01,340 - INFO - Processing /viper/ptmp/arego/Red_T_7K_1/15618.h5
2025-09-19 08:27:01,410 - INFO - File 9826: Filtered 1204620 hits and 4 records
2025-09-19 08:27:01,448 - INFO - File 13310: Filtered 225757 hits and 3 records
2025-09-19 08:27:01,491 - INFO - File 3014: Filtered 634044 hits and 4 records
2025-09-19 08:27:01,771 - INFO - Completed /viper/ptmp/arego/Red_T_7K_1_EN_100/18455.h5 in 3.06 seconds
2025-09-19 08:27:01,786 - INFO - File 15618: Filtered 386552 hits and 3 records
2025-09-19 08:27:01,868 - INFO - Processing /viper/ptmp/arego/Red_T_7K_1/11127.h5
2025-09-19 08:27:02,121 - INFO - Completed /viper/ptmp/arego/Red_T_7K_1_EN_100/12076.h5 in 3.97 seconds
2025-09-19 08:27:02,191 - INFO - Processing /viper/ptmp/arego/Red_T_7K_1/22922.h5
2025-09-19 08:27:02,220 - INFO - Completed /viper/ptmp/arego/Red_T_7K_1_EN_100/9826.h5 in 1.21 seconds
2025-09-19 08:27:02,245 - INFO - Completed /viper/ptmp/arego/Red_T_7K_1_EN_100/18420.h5 in 2.25 seconds
2025-09-19 08:27:02,281 - INFO - Completed /viper/ptmp/arego/Red_T_7K_1_EN_100/23059.h5 in 4.26 seconds
2025-09-19 08:27:02,324 - INFO - File 11127: Filtered 525491 hits and 3 records
2025-09-19 08:27:02,346 - INFO - Processing /viper/ptmp/arego/Red_T_7K_1/20522.h5
2025-09-19 08:27:02,382 - INFO - Completed /viper/ptmp/arego/Red_T_7K_1_EN_100/224.h5 in 4.15 seconds
2025-09-19 08:27:02,440 - INFO - Processing /viper/ptmp/arego/Red_T_7K_1/7036.h5
2025-09-19 08:27:02,444 - INFO - Completed /viper/ptmp/arego/Red_T_7K_1_EN_100/413.h5 in 4.08 seconds
2025-09-19 08:27:02,617 - INFO - File 22922: Filtered 445654 hits and 5 records
2025-09-19 08:27:02,669 - INFO - Processing /viper/ptmp/arego/Red_T_7K_1/14301.h5
2025-09-19 08:27:02,680 - INFO - Processing /viper/ptmp/arego/Red_T_7K_1/2321.h5
2025-09-19 08:27:02,730 - INFO - Completed /viper/ptmp/arego/Red_T_7K_1_EN_100/724.h5 in 4.31 seconds
2025-09-19 08:27:02,740 - INFO - File 20522: Filtered 579220 hits and 7 records
2025-09-19 08:27:02,793 - INFO - Completed /viper/ptmp/arego/Red_T_7K_1_EN_100/9211.h5 in 5.02 seconds
2025-09-19 08:27:02,839 - INFO - File 7036: Filtered 768746 hits and 5 records
2025-09-19 08:27:02,920 - INFO - Processing /viper/ptmp/arego/Red_T_7K_1/12167.h5
2025-09-19 08:27:02,922 - INFO - Completed /viper/ptmp/arego/Red_T_7K_1_EN_100/3908.h5 in 5.65 seconds
2025-09-19 08:27:02,945 - INFO - Processing /viper/ptmp/arego/Red_T_7K_1/8775.h5
2025-09-19 08:27:02,982 - INFO - Processing /viper/ptmp/arego/Red_T_7K_1/22540.h5
2025-09-19 08:27:03,085 - INFO - Completed /viper/ptmp/arego/Red_T_7K_1_EN_100/19479.h5 in 4.12 seconds
2025-09-19 08:27:03,116 - INFO - File 14301: Filtered 772446 hits and 5 records
2025-09-19 08:27:03,148 - INFO - Processing /viper/ptmp/arego/Red_T_7K_1/1632.h5
2025-09-19 08:27:03,161 - INFO - File 2321: Filtered 936337 hits and 3 records
2025-09-19 08:27:03,251 - INFO - Completed /viper/ptmp/arego/Red_T_7K_1_EN_100/14823.h5 in 4.08 seconds
2025-09-19 08:27:03,256 - INFO - Completed /viper/ptmp/arego/Red_T_7K_1_EN_100/10812.h5 in 5.15 seconds
2025-09-19 08:27:03,261 - INFO - Processing /viper/ptmp/arego/Red_T_7K_1/14195.h5
2025-09-19 08:27:03,271 - INFO - Completed /viper/ptmp/arego/Red_T_7K_1_EN_100/17049.h5 in 4.53 seconds
2025-09-19 08:27:03,320 - INFO - File 8775: Filtered 611319 hits and 6 records
2025-09-19 08:27:03,357 - INFO - Processing /viper/ptmp/arego/Red_T_7K_1/6600.h5
2025-09-19 08:27:03,372 - INFO - File 12167: Filtered 779181 hits and 4 records
2025-09-19 08:27:03,392 - INFO - Completed /viper/ptmp/arego/Red_T_7K_1_EN_100/17363.h5 in 2.95 seconds
2025-09-19 08:27:03,467 - INFO - File 22540: Filtered 466057 hits and 4 records
2025-09-19 08:27:03,504 - INFO - Processing /viper/ptmp/arego/Red_T_7K_1/5078.h5
2025-09-19 08:27:03,555 - INFO - Completed /viper/ptmp/arego/Red_T_7K_1_EN_100/589.h5 in 3.39 seconds
2025-09-19 08:27:03,571 - INFO - Completed /viper/ptmp/arego/Red_T_7K_1_EN_100/17679.h5 in 5.18 seconds
2025-09-19 08:27:03,612 - INFO - File 1632: Filtered 313954 hits and 4 records
2025-09-19 08:27:03,685 - INFO - File 14195: Filtered 506875 hits and 2 records
2025-09-19 08:27:03,735 - INFO - Processing /viper/ptmp/arego/Red_T_7K_1/11366.h5
2025-09-19 08:27:03,736 - INFO - File 6600: Filtered 445728 hits and 4 records
2025-09-19 08:27:03,749 - INFO - Completed /viper/ptmp/arego/Red_T_7K_1_EN_100/13310.h5 in 2.73 seconds
2025-09-19 08:27:03,865 - INFO - Completed /viper/ptmp/arego/Red_T_7K_1_EN_100/3222.h5 in 3.60 seconds
2025-09-19 08:27:03,934 - INFO - Processing /viper/ptmp/arego/Red_T_7K_1/10509.h5
2025-09-19 08:27:03,956 - INFO - File 5078: Filtered 888778 hits and 7 records
2025-09-19 08:27:04,007 - INFO - Processing /viper/ptmp/arego/Red_T_7K_1/10880.h5
2025-09-19 08:27:04,094 - INFO - File 11366: Filtered 463555 hits and 4 records
2025-09-19 08:27:04,189 - INFO - Processing /viper/ptmp/arego/Red_T_7K_1/21473.h5
2025-09-19 08:27:04,293 - INFO - File 10509: Filtered 583115 hits and 6 records
2025-09-19 08:27:04,422 - INFO - File 10880: Filtered 1123904 hits and 6 records
2025-09-19 08:27:04,479 - INFO - Processing /viper/ptmp/arego/Red_T_7K_1/14395.h5
2025-09-19 08:27:04,483 - INFO - Completed /viper/ptmp/arego/Red_T_7K_1_EN_100/14854.h5 in 3.77 seconds
2025-09-19 08:27:04,550 - INFO - Processing /viper/ptmp/arego/Red_T_7K_1/13667.h5
2025-09-19 08:27:04,597 - INFO - Completed /viper/ptmp/arego/Red_T_7K_1_EN_100/14310.h5 in 4.30 seconds
2025-09-19 08:27:04,671 - INFO - File 21473: Filtered 1210261 hits and 5 records
2025-09-19 08:27:04,826 - INFO - Processing /viper/ptmp/arego/Red_T_7K_1/18520.h5
2025-09-19 08:27:04,855 - INFO - Processing /viper/ptmp/arego/Red_T_7K_1/15054.h5
2025-09-19 08:27:04,892 - INFO - File 14395: Filtered 895284 hits and 4 records
2025-09-19 08:27:04,917 - INFO - Completed /viper/ptmp/arego/Red_T_7K_1_EN_100/9458.h5 in 4.45 seconds
2025-09-19 08:27:04,986 - INFO - Processing /viper/ptmp/arego/Red_T_7K_1/10129.h5
2025-09-19 08:27:05,040 - INFO - File 13667: Filtered 172547 hits and 4 records
2025-09-19 08:27:05,206 - INFO - Completed /viper/ptmp/arego/Red_T_7K_1_EN_100/3014.h5 in 4.20 seconds
2025-09-19 08:27:05,230 - INFO - Completed /viper/ptmp/arego/Red_T_7K_1_EN_100/7036.h5 in 2.79 seconds
2025-09-19 08:27:05,233 - INFO - File 18520: Filtered 926369 hits and 8 records
2025-09-19 08:27:05,282 - INFO - Processing /viper/ptmp/arego/Red_T_7K_1/15635.h5
2025-09-19 08:27:05,349 - INFO - Processing /viper/ptmp/arego/Red_T_7K_1/1135.h5
2025-09-19 08:27:05,352 - INFO - Completed /viper/ptmp/arego/Red_T_7K_1_EN_100/15618.h5 in 4.01 seconds
2025-09-19 08:27:05,362 - INFO - File 15054: Filtered 1139364 hits and 1 records
2025-09-19 08:27:05,411 - INFO - File 10129: Filtered 1138686 hits and 8 records
2025-09-19 08:27:05,530 - INFO - Processing /viper/ptmp/arego/Red_T_7K_1/12645.h5
2025-09-19 08:27:05,539 - INFO - Completed /viper/ptmp/arego/Red_T_7K_1_EN_100/2321.h5 in 2.86 seconds
2025-09-19 08:27:05,653 - INFO - Processing /viper/ptmp/arego/Red_T_7K_1/769.h5
2025-09-19 08:27:05,701 - INFO - File 15635: Filtered 898093 hits and 5 records
2025-09-19 08:27:05,853 - INFO - File 1135: Filtered 399511 hits and 2 records
2025-09-19 08:27:05,960 - INFO - File 12645: Filtered 729856 hits and 4 records
2025-09-19 08:27:06,086 - INFO - File 769: Filtered 784476 hits and 7 records
2025-09-19 08:27:06,139 - INFO - Completed /viper/ptmp/arego/Red_T_7K_1_EN_100/20522.h5 in 3.79 seconds
2025-09-19 08:27:06,166 - INFO - Completed /viper/ptmp/arego/Red_T_7K_1_EN_100/10880.h5 in 2.16 seconds
2025-09-19 08:27:06,193 - INFO - Completed /viper/ptmp/arego/Red_T_7K_1_EN_100/5078.h5 in 2.69 seconds
2025-09-19 08:27:06,211 - INFO - Processing /viper/ptmp/arego/Red_T_7K_1/9745.h5
2025-09-19 08:27:06,256 - INFO - Processing /viper/ptmp/arego/Red_T_7K_1/4881.h5
2025-09-19 08:27:06,377 - INFO - Completed /viper/ptmp/arego/Red_T_7K_1_EN_100/8775.h5 in 3.43 seconds
2025-09-19 08:27:06,497 - INFO - Processing /viper/ptmp/arego/Red_T_7K_1/17706.h5
2025-09-19 08:27:06,546 - INFO - Completed /viper/ptmp/arego/Red_T_7K_1_EN_100/11127.h5 in 4.68 seconds
2025-09-19 08:27:06,559 - INFO - Completed /viper/ptmp/arego/Red_T_7K_1_EN_100/21473.h5 in 2.37 seconds
2025-09-19 08:27:06,629 - INFO - File 9745: Filtered 564259 hits and 4 records
2025-09-19 08:27:06,645 - INFO - File 4881: Filtered 545958 hits and 4 records
2025-09-19 08:27:06,655 - INFO - Processing /viper/ptmp/arego/Red_T_7K_1/4500.h5
2025-09-19 08:27:06,705 - INFO - Processing /viper/ptmp/arego/Red_T_7K_1/5417.h5
2025-09-19 08:27:06,958 - INFO - Processing /viper/ptmp/arego/Red_T_7K_1/20789.h5
2025-09-19 08:27:07,014 - INFO - File 17706: Filtered 332642 hits and 3 records
2025-09-19 08:27:07,024 - INFO - Completed /viper/ptmp/arego/Red_T_7K_1_EN_100/12167.h5 in 4.10 seconds
2025-09-19 08:27:07,033 - INFO - File 4500: Filtered 183501 hits and 2 records
2025-09-19 08:27:07,084 - INFO - Completed /viper/ptmp/arego/Red_T_7K_1_EN_100/10129.h5 in 2.10 seconds
2025-09-19 08:27:07,090 - INFO - Processing /viper/ptmp/arego/Red_T_7K_1/2568.h5
2025-09-19 08:27:07,194 - INFO - Completed /viper/ptmp/arego/Red_T_7K_1_EN_100/14301.h5 in 4.52 seconds
2025-09-19 08:27:07,225 - INFO - Completed /viper/ptmp/arego/Red_T_7K_1_EN_100/18520.h5 in 2.40 seconds
2025-09-19 08:27:07,282 - INFO - File 5417: Filtered 565762 hits and 4 records
2025-09-19 08:27:07,300 - INFO - Processing /viper/ptmp/arego/Red_T_7K_1/11338.h5
2025-09-19 08:27:07,338 - INFO - Processing /viper/ptmp/arego/Red_T_7K_1/3303.h5
2025-09-19 08:27:07,518 - INFO - File 20789: Filtered 36800 hits and 1 records
2025-09-19 08:27:07,553 - INFO - File 2568: Filtered 373648 hits and 3 records
2025-09-19 08:27:07,581 - INFO - Processing /viper/ptmp/arego/Red_T_7K_1/4165.h5
2025-09-19 08:27:07,598 - INFO - Completed /viper/ptmp/arego/Red_T_7K_1_EN_100/22922.h5 in 5.41 seconds
2025-09-19 08:27:07,601 - INFO - Completed /viper/ptmp/arego/Red_T_7K_1_EN_100/1632.h5 in 4.45 seconds
2025-09-19 08:27:07,661 - INFO - Completed /viper/ptmp/arego/Red_T_7K_1_EN_100/14195.h5 in 4.40 seconds
2025-09-19 08:27:07,697 - INFO - File 3303: Filtered 243840 hits and 4 records
2025-09-19 08:27:07,707 - INFO - Completed /viper/ptmp/arego/Red_T_7K_1_EN_100/15054.h5 in 2.85 seconds
2025-09-19 08:27:07,723 - INFO - Completed /viper/ptmp/arego/Red_T_7K_1_EN_100/14395.h5 in 3.24 seconds
2025-09-19 08:27:07,757 - INFO - Processing /viper/ptmp/arego/Red_T_7K_1/19633.h5
2025-09-19 08:27:07,761 - INFO - File 11338: Filtered 91781 hits and 2 records
2025-09-19 08:27:07,768 - INFO - Completed /viper/ptmp/arego/Red_T_7K_1_EN_100/6600.h5 in 4.41 seconds
2025-09-19 08:27:07,791 - INFO - Processing /viper/ptmp/arego/Red_T_7K_1/2755.h5
2025-09-19 08:27:07,822 - INFO - Processing /viper/ptmp/arego/Red_T_7K_1/16089.h5
2025-09-19 08:27:08,029 - INFO - File 4165: Filtered 754361 hits and 7 records
2025-09-19 08:27:08,032 - INFO - Processing /viper/ptmp/arego/Red_T_7K_1/2882.h5
2025-09-19 08:27:08,113 - INFO - Completed /viper/ptmp/arego/Red_T_7K_1_EN_100/10509.h5 in 4.18 seconds
2025-09-19 08:27:08,193 - INFO - Processing /viper/ptmp/arego/Red_T_7K_1/21817.h5
2025-09-19 08:27:08,239 - INFO - File 16089: Filtered 344859 hits and 5 records
2025-09-19 08:27:08,244 - INFO - File 19633: Filtered 845422 hits and 6 records
2025-09-19 08:27:08,267 - INFO - Processing /viper/ptmp/arego/Red_T_7K_1/19518.h5
2025-09-19 08:27:08,269 - INFO - File 2755: Filtered 220019 hits and 3 records
2025-09-19 08:27:08,474 - INFO - File 2882: Filtered 810061 hits and 5 records
2025-09-19 08:27:08,540 - INFO - Processing /viper/ptmp/arego/Red_T_7K_1/10901.h5
2025-09-19 08:27:08,566 - INFO - Completed /viper/ptmp/arego/Red_T_7K_1_EN_100/11366.h5 in 4.83 seconds
2025-09-19 08:27:08,596 - INFO - Completed /viper/ptmp/arego/Red_T_7K_1_EN_100/22540.h5 in 5.61 seconds
2025-09-19 08:27:08,638 - INFO - File 21817: Filtered 326095 hits and 3 records
2025-09-19 08:27:08,711 - INFO - File 19518: Filtered 748964 hits and 5 records
2025-09-19 08:27:08,865 - INFO - Processing /viper/ptmp/arego/Red_T_7K_1/16383.h5
2025-09-19 08:27:09,118 - INFO - File 10901: Filtered 1255235 hits and 6 records
2025-09-19 08:27:09,259 - INFO - Processing /viper/ptmp/arego/Red_T_7K_1/22768.h5
2025-09-19 08:27:09,342 - INFO - Completed /viper/ptmp/arego/Red_T_7K_1_EN_100/15635.h5 in 4.06 seconds
2025-09-19 08:27:09,387 - INFO - File 16383: Filtered 819567 hits and 7 records
2025-09-19 08:27:09,420 - INFO - Processing /viper/ptmp/arego/Red_T_7K_1/13951.h5
2025-09-19 08:27:09,435 - INFO - Completed /viper/ptmp/arego/Red_T_7K_1_EN_100/12645.h5 in 3.91 seconds
2025-09-19 08:27:09,504 - INFO - Processing /viper/ptmp/arego/Red_T_7K_1/19379.h5
2025-09-19 08:27:09,774 - INFO - File 22768: Filtered 771949 hits and 5 records
2025-09-19 08:27:09,851 - INFO - File 19379: Filtered 597555 hits and 4 records
2025-09-19 08:27:09,861 - INFO - File 13951: Filtered 737448 hits and 3 records
2025-09-19 08:27:09,910 - INFO - Completed /viper/ptmp/arego/Red_T_7K_1_EN_100/1135.h5 in 4.56 seconds
2025-09-19 08:27:09,956 - INFO - Processing /viper/ptmp/arego/Red_T_7K_1/17669.h5
2025-09-19 08:27:10,118 - INFO - Completed /viper/ptmp/arego/Red_T_7K_1_EN_100/769.h5 in 4.46 seconds
2025-09-19 08:27:10,213 - INFO - Processing /viper/ptmp/arego/Red_T_7K_1/19022.h5
2025-09-19 08:27:10,375 - INFO - File 17669: Filtered 876569 hits and 8 records
2025-09-19 08:27:10,382 - INFO - Completed /viper/ptmp/arego/Red_T_7K_1_EN_100/2882.h5 in 2.35 seconds
2025-09-19 08:27:10,490 - INFO - Processing /viper/ptmp/arego/Red_T_7K_1/14180.h5
2025-09-19 08:27:10,721 - INFO - File 19022: Filtered 412879 hits and 4 records
2025-09-19 08:27:10,802 - INFO - Completed /viper/ptmp/arego/Red_T_7K_1_EN_100/10901.h5 in 2.26 seconds
2025-09-19 08:27:10,816 - INFO - Completed /viper/ptmp/arego/Red_T_7K_1_EN_100/9745.h5 in 4.61 seconds
2025-09-19 08:27:10,910 - INFO - Processing /viper/ptmp/arego/Red_T_7K_1/1592.h5
2025-09-19 08:27:10,923 - INFO - Processing /viper/ptmp/arego/Red_T_7K_1/19783.h5
2025-09-19 08:27:10,968 - INFO - File 14180: Filtered 907833 hits and 5 records
2025-09-19 08:27:10,988 - INFO - Completed /viper/ptmp/arego/Red_T_7K_1_EN_100/2568.h5 in 3.90 seconds
2025-09-19 08:27:11,017 - INFO - Completed /viper/ptmp/arego/Red_T_7K_1_EN_100/4881.h5 in 4.76 seconds
2025-09-19 08:27:11,066 - INFO - Processing /viper/ptmp/arego/Red_T_7K_1/21565.h5
2025-09-19 08:27:11,144 - INFO - Processing /viper/ptmp/arego/Red_T_7K_1/16183.h5
2025-09-19 08:27:11,240 - INFO - Completed /viper/ptmp/arego/Red_T_7K_1_EN_100/13667.h5 in 6.69 seconds
2025-09-19 08:27:11,309 - INFO - Processing /viper/ptmp/arego/Red_T_7K_1/16013.h5
2025-09-19 08:27:11,350 - INFO - File 1592: Filtered 153071 hits and 3 records
2025-09-19 08:27:11,380 - INFO - File 19783: Filtered 753579 hits and 4 records
2025-09-19 08:27:11,532 - INFO - Completed /viper/ptmp/arego/Red_T_7K_1_EN_100/3303.h5 in 4.19 seconds
2025-09-19 08:27:11,613 - INFO - File 21565: Filtered 742805 hits and 6 records
2025-09-19 08:27:11,615 - INFO - Processing /viper/ptmp/arego/Red_T_7K_1/7444.h5
2025-09-19 08:27:11,650 - INFO - File 16183: Filtered 1115980 hits and 3 records
2025-09-19 08:27:11,719 - INFO - Completed /viper/ptmp/arego/Red_T_7K_1_EN_100/19633.h5 in 3.96 seconds
2025-09-19 08:27:11,740 - INFO - File 16013: Filtered 403764 hits and 4 records
2025-09-19 08:27:11,789 - INFO - Processing /viper/ptmp/arego/Red_T_7K_1/18085.h5
2025-09-19 08:27:11,889 - INFO - Completed /viper/ptmp/arego/Red_T_7K_1_EN_100/4165.h5 in 4.31 seconds
2025-09-19 08:27:11,973 - INFO - Processing /viper/ptmp/arego/Red_T_7K_1/11422.h5
2025-09-19 08:27:12,042 - INFO - File 7444: Filtered 803758 hits and 4 records
2025-09-19 08:27:12,093 - INFO - Completed /viper/ptmp/arego/Red_T_7K_1_EN_100/5417.h5 in 5.39 seconds
2025-09-19 08:27:12,137 - INFO - Processing /viper/ptmp/arego/Red_T_7K_1/12181.h5
2025-09-19 08:27:12,174 - INFO - Completed /viper/ptmp/arego/Red_T_7K_1_EN_100/19518.h5 in 3.91 seconds
2025-09-19 08:27:12,248 - INFO - Processing /viper/ptmp/arego/Red_T_7K_1/16967.h5
2025-09-19 08:27:12,295 - INFO - Completed /viper/ptmp/arego/Red_T_7K_1_EN_100/4500.h5 in 5.64 seconds
2025-09-19 08:27:12,296 - INFO - File 18085: Filtered 526659 hits and 6 records
2025-09-19 08:27:12,397 - INFO - Processing /viper/ptmp/arego/Red_T_7K_1/2932.h5
2025-09-19 08:27:12,537 - INFO - File 11422: Filtered 172003 hits and 4 records
2025-09-19 08:27:12,631 - INFO - File 12181: Filtered 815426 hits and 5 records
2025-09-19 08:27:12,869 - INFO - File 2932: Filtered 937856 hits and 4 records
2025-09-19 08:27:12,915 - INFO - Completed /viper/ptmp/arego/Red_T_7K_1_EN_100/17706.h5 in 6.42 seconds
2025-09-19 08:27:13,019 - INFO - Processing /viper/ptmp/arego/Red_T_7K_1/11120.h5
2025-09-19 08:27:13,030 - INFO - Completed /viper/ptmp/arego/Red_T_7K_1_EN_100/16089.h5 in 5.21 seconds
2025-09-19 08:27:13,061 - INFO - File 16967: Filtered 293741 hits and 3 records
2025-09-19 08:27:13,132 - INFO - Processing /viper/ptmp/arego/Red_T_7K_1/12597.h5
2025-09-19 08:27:13,214 - INFO - Completed /viper/ptmp/arego/Red_T_7K_1_EN_100/14180.h5 in 2.72 seconds
2025-09-19 08:27:13,247 - INFO - Completed /viper/ptmp/arego/Red_T_7K_1_EN_100/21817.h5 in 5.05 seconds
2025-09-19 08:27:13,281 - INFO - Processing /viper/ptmp/arego/Red_T_7K_1/10028.h5
2025-09-19 08:27:13,294 - INFO - Completed /viper/ptmp/arego/Red_T_7K_1_EN_100/16383.h5 in 4.43 seconds
2025-09-19 08:27:13,417 - INFO - Completed /viper/ptmp/arego/Red_T_7K_1_EN_100/19379.h5 in 3.91 seconds
2025-09-19 08:27:13,431 - INFO - Processing /viper/ptmp/arego/Red_T_7K_1/16351.h5
2025-09-19 08:27:13,491 - INFO - File 11120: Filtered 243566 hits and 3 records
2025-09-19 08:27:13,598 - INFO - Processing /viper/ptmp/arego/Red_T_7K_1/7342.h5
2025-09-19 08:27:13,606 - INFO - File 12597: Filtered 904514 hits and 4 records
2025-09-19 08:27:13,687 - INFO - Completed /viper/ptmp/arego/Red_T_7K_1_EN_100/13951.h5 in 4.27 seconds
2025-09-19 08:27:13,691 - INFO - Processing /viper/ptmp/arego/Red_T_7K_1/21796.h5
2025-09-19 08:27:13,754 - INFO - Completed /viper/ptmp/arego/Red_T_7K_1_EN_100/17669.h5 in 3.80 seconds
2025-09-19 08:27:13,756 - INFO - Processing /viper/ptmp/arego/Red_T_7K_1/14941.h5
2025-09-19 08:27:13,796 - INFO - File 10028: Filtered 1158245 hits and 5 records
2025-09-19 08:27:13,829 - INFO - Processing /viper/ptmp/arego/Red_T_7K_1/19727.h5
2025-09-19 08:27:13,982 - INFO - File 16351: Filtered 790866 hits and 7 records
2025-09-19 08:27:13,991 - INFO - Completed /viper/ptmp/arego/Red_T_7K_1_EN_100/7444.h5 in 2.38 seconds
2025-09-19 08:27:14,027 - INFO - Completed /viper/ptmp/arego/Red_T_7K_1_EN_100/11338.h5 in 6.73 seconds
2025-09-19 08:27:14,046 - INFO - Processing /viper/ptmp/arego/Red_T_7K_1/14136.h5
2025-09-19 08:27:14,103 - INFO - Processing /viper/ptmp/arego/Red_T_7K_1/10929.h5
2025-09-19 08:27:14,122 - INFO - File 7342: Filtered 1210239 hits and 4 records
2025-09-19 08:27:14,150 - INFO - File 21796: Filtered 285493 hits and 5 records
2025-09-19 08:27:14,184 - INFO - File 14941: Filtered 1200523 hits and 7 records
2025-09-19 08:27:14,295 - INFO - Completed /viper/ptmp/arego/Red_T_7K_1_EN_100/22768.h5 in 5.04 seconds
2025-09-19 08:27:14,337 - INFO - File 19727: Filtered 768783 hits and 5 records
2025-09-19 08:27:14,458 - INFO - Processing /viper/ptmp/arego/Red_T_7K_1/14756.h5
2025-09-19 08:27:14,550 - INFO - File 14136: Filtered 1277558 hits and 6 records
2025-09-19 08:27:14,626 - INFO - Completed /viper/ptmp/arego/Red_T_7K_1_EN_100/2755.h5 in 6.83 seconds
2025-09-19 08:27:14,632 - INFO - File 10929: Filtered 1374953 hits and 9 records
2025-09-19 08:27:14,666 - INFO - Processing /viper/ptmp/arego/Red_T_7K_1/20991.h5
2025-09-19 08:27:15,015 - INFO - File 14756: Filtered 788044 hits and 5 records
2025-09-19 08:27:15,040 - INFO - Completed /viper/ptmp/arego/Red_T_7K_1_EN_100/1592.h5 in 4.13 seconds
2025-09-19 08:27:15,127 - INFO - Processing /viper/ptmp/arego/Red_T_7K_1/3948.h5
2025-09-19 08:27:15,140 - INFO - File 20991: Filtered 956841 hits and 6 records
2025-09-19 08:27:15,447 - INFO - Completed /viper/ptmp/arego/Red_T_7K_1_EN_100/19783.h5 in 4.52 seconds
2025-09-19 08:27:15,473 - INFO - Completed /viper/ptmp/arego/Red_T_7K_1_EN_100/16183.h5 in 4.33 seconds
2025-09-19 08:27:15,487 - INFO - Processing /viper/ptmp/arego/Red_T_7K_1/17083.h5
2025-09-19 08:27:15,531 - INFO - File 3948: Filtered 818935 hits and 5 records
2025-09-19 08:27:15,576 - INFO - Processing /viper/ptmp/arego/Red_T_7K_1/16032.h5
2025-09-19 08:27:15,674 - INFO - Completed /viper/ptmp/arego/Red_T_7K_1_EN_100/21565.h5 in 4.61 seconds
2025-09-19 08:27:15,739 - INFO - Completed /viper/ptmp/arego/Red_T_7K_1_EN_100/20789.h5 in 8.78 seconds
2025-09-19 08:27:15,755 - INFO - Processing /viper/ptmp/arego/Red_T_7K_1/1665.h5
2025-09-19 08:27:15,854 - INFO - Processing /viper/ptmp/arego/Red_T_7K_1/1175.h5
2025-09-19 08:27:15,996 - INFO - File 17083: Filtered 619948 hits and 3 records
2025-09-19 08:27:16,012 - INFO - Completed /viper/ptmp/arego/Red_T_7K_1_EN_100/2932.h5 in 3.62 seconds
2025-09-19 08:27:16,037 - INFO - File 16032: Filtered 428774 hits and 2 records
2025-09-19 08:27:16,097 - INFO - Completed /viper/ptmp/arego/Red_T_7K_1_EN_100/7342.h5 in 2.50 seconds
2025-09-19 08:27:16,168 - INFO - File 1665: Filtered 533024 hits and 3 records
2025-09-19 08:27:16,177 - INFO - Processing /viper/ptmp/arego/Red_T_7K_1/5960.h5
2025-09-19 08:27:16,203 - INFO - Processing /viper/ptmp/arego/Red_T_7K_1/20552.h5
2025-09-19 08:27:16,297 - INFO - Completed /viper/ptmp/arego/Red_T_7K_1_EN_100/14941.h5 in 2.54 seconds
2025-09-19 08:27:16,335 - INFO - Completed /viper/ptmp/arego/Red_T_7K_1_EN_100/12597.h5 in 3.20 seconds
2025-09-19 08:27:16,338 - INFO - Processing /viper/ptmp/arego/Red_T_7K_1/13522.h5
2025-09-19 08:27:16,404 - INFO - File 1175: Filtered 1151314 hits and 6 records
2025-09-19 08:27:16,468 - INFO - Processing /viper/ptmp/arego/Red_T_7K_1/14735.h5
2025-09-19 08:27:16,661 - INFO - File 20552: Filtered 726224 hits and 6 records
2025-09-19 08:27:16,723 - INFO - File 5960: Filtered 1267881 hits and 4 records
2025-09-19 08:27:16,834 - INFO - File 13522: Filtered 967842 hits and 4 records
2025-09-19 08:27:16,927 - INFO - File 14735: Filtered 866976 hits and 5 records
2025-09-19 08:27:16,985 - INFO - Completed /viper/ptmp/arego/Red_T_7K_1_EN_100/16013.h5 in 5.68 seconds
2025-09-19 08:27:17,051 - INFO - Processing /viper/ptmp/arego/Red_T_7K_1/7544.h5
2025-09-19 08:27:17,159 - INFO - Completed /viper/ptmp/arego/Red_T_7K_1_EN_100/19022.h5 in 6.95 seconds
2025-09-19 08:27:17,164 - INFO - Completed /viper/ptmp/arego/Red_T_7K_1_EN_100/18085.h5 in 5.37 seconds
2025-09-19 08:27:17,231 - INFO - Processing /viper/ptmp/arego/Red_T_7K_1/13844.h5
2025-09-19 08:27:17,280 - INFO - Completed /viper/ptmp/arego/Red_T_7K_1_EN_100/12181.h5 in 5.14 seconds
2025-09-19 08:27:17,324 - INFO - Completed /viper/ptmp/arego/Red_T_7K_1_EN_100/10028.h5 in 4.04 seconds
2025-09-19 08:27:17,396 - INFO - Processing /viper/ptmp/arego/Red_T_7K_1/22278.h5
2025-09-19 08:27:17,415 - INFO - Processing /viper/ptmp/arego/Red_T_7K_1/21294.h5
2025-09-19 08:27:17,512 - INFO - Completed /viper/ptmp/arego/Red_T_7K_1_EN_100/10929.h5 in 3.41 seconds
2025-09-19 08:27:17,535 - INFO - File 7544: Filtered 217651 hits and 3 records
2025-09-19 08:27:17,683 - INFO - Processing /viper/ptmp/arego/Red_T_7K_1/2589.h5
2025-09-19 08:27:17,780 - INFO - File 13844: Filtered 341937 hits and 2 records
2025-09-19 08:27:17,785 - INFO - Completed /viper/ptmp/arego/Red_T_7K_1_EN_100/14136.h5 in 3.74 seconds
2025-09-19 08:27:17,869 - INFO - Processing /viper/ptmp/arego/Red_T_7K_1/13224.h5
2025-09-19 08:27:17,916 - INFO - File 22278: Filtered 881589 hits and 5 records
2025-09-19 08:27:17,963 - INFO - Processing /viper/ptmp/arego/Red_T_7K_1/2387.h5
2025-09-19 08:27:18,005 - INFO - File 21294: Filtered 1412376 hits and 5 records
2025-09-19 08:27:18,135 - INFO - Completed /viper/ptmp/arego/Red_T_7K_1_EN_100/19727.h5 in 4.31 seconds
2025-09-19 08:27:18,207 - INFO - Processing /viper/ptmp/arego/Red_T_7K_1/4736.h5
2025-09-19 08:27:18,276 - INFO - File 2589: Filtered 865247 hits and 5 records
2025-09-19 08:27:18,352 - INFO - File 13224: Filtered 1809074 hits and 4 records
2025-09-19 08:27:18,534 - INFO - File 2387: Filtered 901319 hits and 5 records
2025-09-19 08:27:18,684 - INFO - Completed /viper/ptmp/arego/Red_T_7K_1_EN_100/20991.h5 in 4.02 seconds
2025-09-19 08:27:18,705 - INFO - File 4736: Filtered 983575 hits and 4 records
2025-09-19 08:27:18,713 - INFO - Completed /viper/ptmp/arego/Red_T_7K_1_EN_100/16351.h5 in 5.28 seconds
2025-09-19 08:27:18,767 - INFO - Processing /viper/ptmp/arego/Red_T_7K_1/10241.h5
2025-09-19 08:27:18,816 - INFO - Processing /viper/ptmp/arego/Red_T_7K_1/5355.h5
2025-09-19 08:27:19,049 - INFO - Completed /viper/ptmp/arego/Red_T_7K_1_EN_100/11120.h5 in 6.03 seconds
2025-09-19 08:27:19,079 - INFO - Completed /viper/ptmp/arego/Red_T_7K_1_EN_100/13224.h5 in 1.21 seconds
2025-09-19 08:27:19,109 - INFO - Processing /viper/ptmp/arego/Red_T_7K_1/8765.h5
2025-09-19 08:27:19,167 - INFO - Processing /viper/ptmp/arego/Red_T_7K_1/15373.h5
2025-09-19 08:27:19,228 - INFO - File 10241: Filtered 1166788 hits and 3 records
2025-09-19 08:27:19,239 - INFO - Completed /viper/ptmp/arego/Red_T_7K_1_EN_100/3948.h5 in 4.11 seconds
2025-09-19 08:27:19,287 - INFO - Processing /viper/ptmp/arego/Red_T_7K_1/18263.h5
2025-09-19 08:27:19,316 - INFO - Completed /viper/ptmp/arego/Red_T_7K_1_EN_100/21796.h5 in 5.62 seconds
2025-09-19 08:27:19,367 - INFO - File 5355: Filtered 776399 hits and 6 records
2025-09-19 08:27:19,431 - INFO - Completed /viper/ptmp/arego/Red_T_7K_1_EN_100/1665.h5 in 3.68 seconds
2025-09-19 08:27:19,472 - INFO - Processing /viper/ptmp/arego/Red_T_7K_1/4011.h5
2025-09-19 08:27:19,499 - INFO - Completed /viper/ptmp/arego/Red_T_7K_1_EN_100/11422.h5 in 7.53 seconds
2025-09-19 08:27:19,552 - INFO - Completed /viper/ptmp/arego/Red_T_7K_1_EN_100/5960.h5 in 3.38 seconds
2025-09-19 08:27:19,618 - INFO - File 8765: Filtered 1030593 hits and 5 records
2025-09-19 08:27:19,642 - INFO - File 15373: Filtered 1380252 hits and 3 records
2025-09-19 08:27:19,665 - INFO - Processing /viper/ptmp/arego/Red_T_7K_1/17118.h5
2025-09-19 08:27:19,725 - INFO - Processing /viper/ptmp/arego/Red_T_7K_1/11649.h5
2025-09-19 08:27:19,739 - INFO - File 18263: Filtered 1262039 hits and 3 records
2025-09-19 08:27:19,929 - INFO - Processing /viper/ptmp/arego/Red_T_7K_1/22989.h5
2025-09-19 08:27:19,972 - INFO - File 4011: Filtered 766021 hits and 4 records
2025-09-19 08:27:20,056 - INFO - Completed /viper/ptmp/arego/Red_T_7K_1_EN_100/14756.h5 in 5.60 seconds
2025-09-19 08:27:20,149 - INFO - Completed /viper/ptmp/arego/Red_T_7K_1_EN_100/21294.h5 in 2.73 seconds
2025-09-19 08:27:20,214 - INFO - Processing /viper/ptmp/arego/Red_T_7K_1/5246.h5
2025-09-19 08:27:20,219 - INFO - File 17118: Filtered 373735 hits and 4 records
2025-09-19 08:27:20,227 - INFO - File 11649: Filtered 113399 hits and 1 records
2025-09-19 08:27:20,244 - INFO - Processing /viper/ptmp/arego/Red_T_7K_1/22452.h5
2025-09-19 08:27:20,260 - INFO - Completed /viper/ptmp/arego/Red_T_7K_1_EN_100/13522.h5 in 3.92 seconds
2025-09-19 08:27:20,424 - INFO - Processing /viper/ptmp/arego/Red_T_7K_1/17016.h5
2025-09-19 08:27:20,516 - INFO - File 22989: Filtered 1126023 hits and 7 records
2025-09-19 08:27:20,527 - INFO - Completed /viper/ptmp/arego/Red_T_7K_1_EN_100/16032.h5 in 4.95 seconds
2025-09-19 08:27:20,637 - INFO - Processing /viper/ptmp/arego/Red_T_7K_1/20768.h5
2025-09-19 08:27:20,695 - INFO - Completed /viper/ptmp/arego/Red_T_7K_1_EN_100/20552.h5 in 4.49 seconds
2025-09-19 08:27:20,702 - INFO - File 22452: Filtered 848626 hits and 4 records
2025-09-19 08:27:20,737 - INFO - Processing /viper/ptmp/arego/Red_T_7K_1/314.h5
2025-09-19 08:27:20,826 - INFO - File 5246: Filtered 879828 hits and 7 records
2025-09-19 08:27:20,941 - INFO - File 17016: Filtered 450179 hits and 7 records
2025-09-19 08:27:20,957 - INFO - Completed /viper/ptmp/arego/Red_T_7K_1_EN_100/14735.h5 in 4.49 seconds
2025-09-19 08:27:21,092 - INFO - Completed /viper/ptmp/arego/Red_T_7K_1_EN_100/15373.h5 in 1.93 seconds
2025-09-19 08:27:21,102 - INFO - Processing /viper/ptmp/arego/Red_T_7K_1/21160.h5
2025-09-19 08:27:21,150 - INFO - Completed /viper/ptmp/arego/Red_T_7K_1_EN_100/17083.h5 in 5.66 seconds
2025-09-19 08:27:21,163 - INFO - File 20768: Filtered 450632 hits and 4 records
2025-09-19 08:27:21,171 - INFO - Processing /viper/ptmp/arego/Red_T_7K_1/15863.h5
2025-09-19 08:27:21,184 - INFO - Completed /viper/ptmp/arego/Red_T_7K_1_EN_100/1175.h5 in 5.33 seconds
2025-09-19 08:27:21,195 - INFO - File 314: Filtered 688005 hits and 3 records
2025-09-19 08:27:21,218 - INFO - Processing /viper/ptmp/arego/Red_T_7K_1/11934.h5
2025-09-19 08:27:21,412 - INFO - Processing /viper/ptmp/arego/Red_T_7K_1/14789.h5
2025-09-19 08:27:21,635 - INFO - File 21160: Filtered 639621 hits and 5 records
2025-09-19 08:27:21,665 - INFO - Completed /viper/ptmp/arego/Red_T_7K_1_EN_100/22278.h5 in 4.27 seconds
2025-09-19 08:27:21,715 - INFO - File 15863: Filtered 618075 hits and 4 records
2025-09-19 08:27:21,719 - INFO - File 11934: Filtered 1027934 hits and 6 records
2025-09-19 08:27:21,737 - INFO - Processing /viper/ptmp/arego/Red_T_7K_1/9639.h5
2025-09-19 08:27:22,006 - INFO - Completed /viper/ptmp/arego/Red_T_7K_1_EN_100/2589.h5 in 4.32 seconds
2025-09-19 08:27:22,021 - INFO - File 14789: Filtered 43813 hits and 2 records
2025-09-19 08:27:22,066 - INFO - Processing /viper/ptmp/arego/Red_T_7K_1/8837.h5
2025-09-19 08:27:22,166 - INFO - Completed /viper/ptmp/arego/Red_T_7K_1_EN_100/2387.h5 in 4.20 seconds
2025-09-19 08:27:22,230 - INFO - File 9639: Filtered 657161 hits and 5 records
2025-09-19 08:27:22,362 - INFO - Processing /viper/ptmp/arego/Red_T_7K_1/2274.h5
2025-09-19 08:27:22,607 - INFO - File 8837: Filtered 208105 hits and 5 records
2025-09-19 08:27:22,732 - INFO - Completed /viper/ptmp/arego/Red_T_7K_1_EN_100/4736.h5 in 4.52 seconds
2025-09-19 08:27:22,794 - INFO - Processing /viper/ptmp/arego/Red_T_7K_1/14187.h5
2025-09-19 08:27:22,795 - INFO - Completed /viper/ptmp/arego/Red_T_7K_1_EN_100/10241.h5 in 4.03 seconds
2025-09-19 08:27:22,899 - INFO - File 2274: Filtered 749250 hits and 4 records
2025-09-19 08:27:22,933 - INFO - Completed /viper/ptmp/arego/Red_T_7K_1_EN_100/18263.h5 in 3.65 seconds
2025-09-19 08:27:23,010 - INFO - Processing /viper/ptmp/arego/Red_T_7K_1/16230.h5
2025-09-19 08:27:23,067 - INFO - Processing /viper/ptmp/arego/Red_T_7K_1/5034.h5
2025-09-19 08:27:23,254 - INFO - File 14187: Filtered 901604 hits and 6 records
2025-09-19 08:27:23,350 - INFO - Completed /viper/ptmp/arego/Red_T_7K_1_EN_100/8765.h5 in 4.24 seconds
2025-09-19 08:27:23,446 - INFO - Processing /viper/ptmp/arego/Red_T_7K_1/20219.h5
2025-09-19 08:27:23,446 - INFO - File 16230: Filtered 1186961 hits and 4 records
2025-09-19 08:27:23,588 - INFO - File 5034: Filtered 1082325 hits and 8 records
2025-09-19 08:27:23,986 - INFO - Completed /viper/ptmp/arego/Red_T_7K_1_EN_100/7544.h5 in 6.94 seconds
2025-09-19 08:27:24,024 - INFO - File 20219: Filtered 595120 hits and 4 records
2025-09-19 08:27:24,056 - INFO - Processing /viper/ptmp/arego/Red_T_7K_1/14694.h5
2025-09-19 08:27:24,095 - INFO - Completed /viper/ptmp/arego/Red_T_7K_1_EN_100/5355.h5 in 5.28 seconds
2025-09-19 08:27:24,160 - INFO - Processing /viper/ptmp/arego/Red_T_7K_1/19820.h5
2025-09-19 08:27:24,420 - INFO - Completed /viper/ptmp/arego/Red_T_7K_1_EN_100/22452.h5 in 4.18 seconds
2025-09-19 08:27:24,506 - INFO - Completed /viper/ptmp/arego/Red_T_7K_1_EN_100/13844.h5 in 7.28 seconds
2025-09-19 08:27:24,518 - INFO - Processing /viper/ptmp/arego/Red_T_7K_1/21442.h5
2025-09-19 08:27:24,573 - INFO - File 14694: Filtered 720929 hits and 3 records
2025-09-19 08:27:24,659 - INFO - Completed /viper/ptmp/arego/Red_T_7K_1_EN_100/4011.h5 in 5.19 seconds
2025-09-19 08:27:24,711 - INFO - File 19820: Filtered 1091151 hits and 8 records
2025-09-19 08:27:24,725 - INFO - Processing /viper/ptmp/arego/Red_T_7K_1/5999.h5
2025-09-19 08:27:24,736 - INFO - Processing /viper/ptmp/arego/Red_T_7K_1/7059.h5
2025-09-19 08:27:24,866 - INFO - Completed /viper/ptmp/arego/Red_T_7K_1_EN_100/16967.h5 in 12.62 seconds
2025-09-19 08:27:24,905 - INFO - Completed /viper/ptmp/arego/Red_T_7K_1_EN_100/314.h5 in 4.17 seconds
2025-09-19 08:27:25,018 - INFO - Processing /viper/ptmp/arego/Red_T_7K_1/4775.h5
2025-09-19 08:27:25,088 - INFO - Completed /viper/ptmp/arego/Red_T_7K_1_EN_100/15863.h5 in 3.92 seconds
2025-09-19 08:27:25,109 - INFO - File 21442: Filtered 344446 hits and 2 records
2025-09-19 08:27:25,249 - INFO - File 5999: Filtered 660507 hits and 3 records
2025-09-19 08:27:25,275 - INFO - Processing /viper/ptmp/arego/Red_T_7K_1/7284.h5
2025-09-19 08:27:25,319 - INFO - File 7059: Filtered 1079103 hits and 4 records
2025-09-19 08:27:25,351 - INFO - Completed /viper/ptmp/arego/Red_T_7K_1_EN_100/22989.h5 in 5.42 seconds
2025-09-19 08:27:25,453 - INFO - Processing /viper/ptmp/arego/Red_T_7K_1/6843.h5
2025-09-19 08:27:25,556 - INFO - Processing /viper/ptmp/arego/Red_T_7K_1/22231.h5
2025-09-19 08:27:25,584 - INFO - File 4775: Filtered 115648 hits and 2 records
2025-09-19 08:27:25,589 - INFO - Completed /viper/ptmp/arego/Red_T_7K_1_EN_100/20768.h5 in 4.95 seconds
2025-09-19 08:27:25,747 - INFO - Processing /viper/ptmp/arego/Red_T_7K_1/1967.h5
2025-09-19 08:27:25,910 - INFO - Completed /viper/ptmp/arego/Red_T_7K_1_EN_100/11934.h5 in 4.69 seconds
2025-09-19 08:27:25,918 - INFO - File 7284: Filtered 756697 hits and 4 records
2025-09-19 08:27:25,926 - INFO - Completed /viper/ptmp/arego/Red_T_7K_1_EN_100/5246.h5 in 5.71 seconds
2025-09-19 08:27:25,985 - INFO - File 6843: Filtered 716449 hits and 6 records
2025-09-19 08:27:25,995 - INFO - Processing /viper/ptmp/arego/Red_T_7K_1/1527.h5
2025-09-19 08:27:26,028 - INFO - Completed /viper/ptmp/arego/Red_T_7K_1_EN_100/17016.h5 in 5.60 seconds
2025-09-19 08:27:26,119 - INFO - Processing /viper/ptmp/arego/Red_T_7K_1/11737.h5
2025-09-19 08:27:26,153 - INFO - File 22231: Filtered 403136 hits and 5 records
2025-09-19 08:27:26,301 - INFO - Processing /viper/ptmp/arego/Red_T_7K_1/12908.h5
2025-09-19 08:27:26,329 - INFO - File 1967: Filtered 972324 hits and 4 records
2025-09-19 08:27:26,693 - INFO - File 11737: Filtered 971172 hits and 5 records
2025-09-19 08:27:26,870 - INFO - Completed /viper/ptmp/arego/Red_T_7K_1_EN_100/14187.h5 in 4.08 seconds
2025-09-19 08:27:26,928 - INFO - File 12908: Filtered 1000728 hits and 6 records
2025-09-19 08:27:26,935 - INFO - Processing /viper/ptmp/arego/Red_T_7K_1/5216.h5
2025-09-19 08:27:26,962 - INFO - Completed /viper/ptmp/arego/Red_T_7K_1_EN_100/9639.h5 in 5.23 seconds
2025-09-19 08:27:26,980 - INFO - Completed /viper/ptmp/arego/Red_T_7K_1_EN_100/14789.h5 in 5.57 seconds
2025-09-19 08:27:26,987 - INFO - Completed /viper/ptmp/arego/Red_T_7K_1_EN_100/11649.h5 in 7.26 seconds
2025-09-19 08:27:27,025 - INFO - File 1527: Filtered 253968 hits and 4 records
2025-09-19 08:27:27,037 - INFO - Completed /viper/ptmp/arego/Red_T_7K_1_EN_100/16230.h5 in 4.03 seconds
2025-09-19 08:27:27,087 - INFO - Completed /viper/ptmp/arego/Red_T_7K_1_EN_100/5034.h5 in 4.02 seconds
2025-09-19 08:27:27,144 - INFO - Processing /viper/ptmp/arego/Red_T_7K_1/22413.h5
2025-09-19 08:27:27,211 - INFO - Processing /viper/ptmp/arego/Red_T_7K_1/15450.h5
2025-09-19 08:27:27,381 - INFO - Completed /viper/ptmp/arego/Red_T_7K_1_EN_100/21160.h5 in 6.28 seconds
2025-09-19 08:27:27,422 - INFO - File 5216: Filtered 1175229 hits and 6 records
2025-09-19 08:27:27,432 - INFO - Processing /viper/ptmp/arego/Red_T_7K_1/22994.h5
2025-09-19 08:27:27,444 - INFO - Processing /viper/ptmp/arego/Red_T_7K_1/20214.h5
2025-09-19 08:27:27,679 - INFO - Processing /viper/ptmp/arego/Red_T_7K_1/12496.h5
2025-09-19 08:27:27,709 - INFO - File 22413: Filtered 1108061 hits and 7 records
2025-09-19 08:27:27,748 - INFO - File 15450: Filtered 773572 hits and 5 records
2025-09-19 08:27:27,749 - INFO - Processing /viper/ptmp/arego/Red_T_7K_1/21717.h5
2025-09-19 08:27:27,936 - INFO - File 20214: Filtered 277722 hits and 3 records
2025-09-19 08:27:27,941 - INFO - File 22994: Filtered 977885 hits and 6 records
2025-09-19 08:27:28,000 - INFO - Completed /viper/ptmp/arego/Red_T_7K_1_EN_100/2274.h5 in 5.64 seconds
2025-09-19 08:27:28,065 - INFO - Processing /viper/ptmp/arego/Red_T_7K_1/8951.h5
2025-09-19 08:27:28,177 - INFO - Completed /viper/ptmp/arego/Red_T_7K_1_EN_100/17118.h5 in 8.51 seconds
2025-09-19 08:27:28,226 - INFO - File 12496: Filtered 837963 hits and 4 records
2025-09-19 08:27:28,269 - INFO - Processing /viper/ptmp/arego/Red_T_7K_1/19754.h5
2025-09-19 08:27:28,318 - INFO - File 21717: Filtered 1235330 hits and 6 records
2025-09-19 08:27:28,619 - INFO - File 8951: Filtered 1695792 hits and 4 records
2025-09-19 08:27:28,814 - INFO - File 19754: Filtered 657244 hits and 5 records
2025-09-19 08:27:29,220 - INFO - Completed /viper/ptmp/arego/Red_T_7K_1_EN_100/19820.h5 in 5.06 seconds
2025-09-19 08:27:29,340 - INFO - Completed /viper/ptmp/arego/Red_T_7K_1_EN_100/7059.h5 in 4.60 seconds
2025-09-19 08:27:29,363 - INFO - Processing /viper/ptmp/arego/Red_T_7K_1/1524.h5
2025-09-19 08:27:29,404 - INFO - Processing /viper/ptmp/arego/Red_T_7K_1/10599.h5
2025-09-19 08:27:29,523 - INFO - Completed /viper/ptmp/arego/Red_T_7K_1_EN_100/7284.h5 in 4.25 seconds
2025-09-19 08:27:29,533 - INFO - Completed /viper/ptmp/arego/Red_T_7K_1_EN_100/14694.h5 in 5.48 seconds
2025-09-19 08:27:29,589 - INFO - Processing /viper/ptmp/arego/Red_T_7K_1/9377.h5
2025-09-19 08:27:29,736 - INFO - Processing /viper/ptmp/arego/Red_T_7K_1/13004.h5
2025-09-19 08:27:29,939 - INFO - File 10599: Filtered 757968 hits and 4 records
2025-09-19 08:27:30,034 - INFO - File 1524: Filtered 510662 hits and 5 records
2025-09-19 08:27:30,122 - INFO - File 9377: Filtered 737270 hits and 3 records
2025-09-19 08:27:30,225 - INFO - Completed /viper/ptmp/arego/Red_T_7K_1_EN_100/5999.h5 in 5.50 seconds
2025-09-19 08:27:30,230 - INFO - Completed /viper/ptmp/arego/Red_T_7K_1_EN_100/20219.h5 in 6.78 seconds
2025-09-19 08:27:30,295 - INFO - Processing /viper/ptmp/arego/Red_T_7K_1/1891.h5
2025-09-19 08:27:30,308 - INFO - Processing /viper/ptmp/arego/Red_T_7K_1/15628.h5
2025-09-19 08:27:30,338 - INFO - File 13004: Filtered 533840 hits and 4 records
2025-09-19 08:27:30,456 - INFO - Completed /viper/ptmp/arego/Red_T_7K_1_EN_100/1967.h5 in 4.71 seconds
2025-09-19 08:27:30,527 - INFO - Completed /viper/ptmp/arego/Red_T_7K_1_EN_100/8951.h5 in 2.46 seconds
2025-09-19 08:27:30,557 - INFO - Processing /viper/ptmp/arego/Red_T_7K_1/630.h5
2025-09-19 08:27:30,657 - INFO - Processing /viper/ptmp/arego/Red_T_7K_1/13554.h5
2025-09-19 08:27:30,739 - INFO - File 1891: Filtered 1421011 hits and 7 records
2025-09-19 08:27:30,783 - INFO - Completed /viper/ptmp/arego/Red_T_7K_1_EN_100/8837.h5 in 8.72 seconds
2025-09-19 08:27:30,794 - INFO - Completed /viper/ptmp/arego/Red_T_7K_1_EN_100/6843.h5 in 5.34 seconds
2025-09-19 08:27:30,927 - INFO - File 15628: Filtered 26656 hits and 1 records
2025-09-19 08:27:30,965 - INFO - Processing /viper/ptmp/arego/Red_T_7K_1/15721.h5
2025-09-19 08:27:30,985 - INFO - Processing /viper/ptmp/arego/Red_T_7K_1/2722.h5
2025-09-19 08:27:30,998 - INFO - Completed /viper/ptmp/arego/Red_T_7K_1_EN_100/12908.h5 in 4.70 seconds
2025-09-19 08:27:31,153 - INFO - File 630: Filtered 384935 hits and 2 records
2025-09-19 08:27:31,259 - INFO - Completed /viper/ptmp/arego/Red_T_7K_1_EN_100/11737.h5 in 5.14 seconds
2025-09-19 08:27:31,259 - INFO - File 13554: Filtered 834333 hits and 4 records
2025-09-19 08:27:31,289 - INFO - Processing /viper/ptmp/arego/Red_T_7K_1/10380.h5
2025-09-19 08:27:31,344 - INFO - Processing /viper/ptmp/arego/Red_T_7K_1/10272.h5
2025-09-19 08:27:31,436 - INFO - Completed /viper/ptmp/arego/Red_T_7K_1_EN_100/5216.h5 in 4.50 seconds
2025-09-19 08:27:31,517 - INFO - Processing /viper/ptmp/arego/Red_T_7K_1/640.h5
2025-09-19 08:27:31,640 - INFO - File 15721: Filtered 554107 hits and 4 records
2025-09-19 08:27:31,647 - INFO - File 2722: Filtered 241674 hits and 5 records
2025-09-19 08:27:31,804 - INFO - File 10380: Filtered 1048192 hits and 5 records
2025-09-19 08:27:31,818 - INFO - Completed /viper/ptmp/arego/Red_T_7K_1_EN_100/22994.h5 in 4.39 seconds
2025-09-19 08:27:31,824 - INFO - Completed /viper/ptmp/arego/Red_T_7K_1_EN_100/21442.h5 in 7.31 seconds
2025-09-19 08:27:31,898 - INFO - Processing /viper/ptmp/arego/Red_T_7K_1/14879.h5
2025-09-19 08:27:31,898 - INFO - Processing /viper/ptmp/arego/Red_T_7K_1/5140.h5
2025-09-19 08:27:31,906 - INFO - Completed /viper/ptmp/arego/Red_T_7K_1_EN_100/4775.h5 in 6.89 seconds
2025-09-19 08:27:31,953 - INFO - Completed /viper/ptmp/arego/Red_T_7K_1_EN_100/12496.h5 in 4.27 seconds
2025-09-19 08:27:31,997 - INFO - Completed /viper/ptmp/arego/Red_T_7K_1_EN_100/22231.h5 in 6.44 seconds
2025-09-19 08:27:32,006 - INFO - File 10272: Filtered 190207 hits and 3 records
2025-09-19 08:27:32,011 - INFO - File 640: Filtered 545130 hits and 6 records
2025-09-19 08:27:32,166 - INFO - Processing /viper/ptmp/arego/Red_T_7K_1/10498.h5
2025-09-19 08:27:32,405 - INFO - Processing /viper/ptmp/arego/Red_T_7K_1/10551.h5
2025-09-19 08:27:32,456 - INFO - File 14879: Filtered 732194 hits and 3 records
2025-09-19 08:27:32,494 - INFO - File 5140: Filtered 299290 hits and 3 records
2025-09-19 08:27:32,689 - INFO - Processing /viper/ptmp/arego/Red_T_7K_1/14426.h5
2025-09-19 08:27:32,817 - INFO - File 10498: Filtered 905346 hits and 7 records
2025-09-19 08:27:32,968 - INFO - Completed /viper/ptmp/arego/Red_T_7K_1_EN_100/22413.h5 in 5.82 seconds
2025-09-19 08:27:33,044 - INFO - File 10551: Filtered 515230 hits and 6 records
2025-09-19 08:27:33,092 - INFO - Processing /viper/ptmp/arego/Red_T_7K_1/8227.h5
2025-09-19 08:27:33,110 - INFO - Completed /viper/ptmp/arego/Red_T_7K_1_EN_100/1891.h5 in 2.82 seconds
2025-09-19 08:27:33,231 - INFO - Processing /viper/ptmp/arego/Red_T_7K_1/8226.h5
2025-09-19 08:27:33,333 - INFO - File 14426: Filtered 795263 hits and 6 records
2025-09-19 08:27:33,438 - INFO - Completed /viper/ptmp/arego/Red_T_7K_1_EN_100/21717.h5 in 5.69 seconds
2025-09-19 08:27:33,510 - INFO - Processing /viper/ptmp/arego/Red_T_7K_1/624.h5
2025-09-19 08:27:33,638 - INFO - File 8227: Filtered 1093792 hits and 4 records
2025-09-19 08:27:33,770 - INFO - File 8226: Filtered 893315 hits and 4 records
2025-09-19 08:27:33,962 - INFO - Completed /viper/ptmp/arego/Red_T_7K_1_EN_100/15450.h5 in 6.75 seconds
2025-09-19 08:27:34,030 - INFO - Processing /viper/ptmp/arego/Red_T_7K_1/19648.h5
2025-09-19 08:27:34,106 - INFO - File 624: Filtered 1480142 hits and 2 records
2025-09-19 08:27:34,447 - INFO - Completed /viper/ptmp/arego/Red_T_7K_1_EN_100/20214.h5 in 7.00 seconds
2025-09-19 08:27:34,503 - INFO - Completed /viper/ptmp/arego/Red_T_7K_1_EN_100/19754.h5 in 6.23 seconds
2025-09-19 08:27:34,521 - INFO - Processing /viper/ptmp/arego/Red_T_7K_1/21315.h5
2025-09-19 08:27:34,620 - INFO - File 19648: Filtered 45431 hits and 1 records
2025-09-19 08:27:34,757 - INFO - Processing /viper/ptmp/arego/Red_T_7K_1/23001.h5
2025-09-19 08:27:35,036 - INFO - File 21315: Filtered 1306205 hits and 5 records
2025-09-19 08:27:35,054 - INFO - Completed /viper/ptmp/arego/Red_T_7K_1_EN_100/13554.h5 in 4.40 seconds
2025-09-19 08:27:35,087 - INFO - Completed /viper/ptmp/arego/Red_T_7K_1_EN_100/10380.h5 in 3.80 seconds
2025-09-19 08:27:35,152 - INFO - Processing /viper/ptmp/arego/Red_T_7K_1/8689.h5
2025-09-19 08:27:35,278 - INFO - Completed /viper/ptmp/arego/Red_T_7K_1_EN_100/9377.h5 in 5.69 seconds
2025-09-19 08:27:35,318 - INFO - File 23001: Filtered 1227529 hits and 6 records
2025-09-19 08:27:35,346 - INFO - Processing /viper/ptmp/arego/Red_T_7K_1/7060.h5
2025-09-19 08:27:35,425 - INFO - Processing /viper/ptmp/arego/Red_T_7K_1/22599.h5
2025-09-19 08:27:35,783 - INFO - File 8689: Filtered 809605 hits and 2 records
2025-09-19 08:27:35,845 - INFO - File 7060: Filtered 1725733 hits and 6 records
2025-09-19 08:27:35,966 - INFO - Completed /viper/ptmp/arego/Red_T_7K_1_EN_100/10599.h5 in 6.56 seconds
2025-09-19 08:27:36,041 - INFO - Processing /viper/ptmp/arego/Red_T_7K_1/499.h5
2025-09-19 08:27:36,070 - INFO - File 22599: Filtered 866206 hits and 3 records
2025-09-19 08:27:36,271 - INFO - Completed /viper/ptmp/arego/Red_T_7K_1_EN_100/630.h5 in 5.71 seconds
2025-09-19 08:27:36,368 - INFO - Processing /viper/ptmp/arego/Red_T_7K_1/6643.h5
2025-09-19 08:27:36,474 - INFO - Completed /viper/ptmp/arego/Red_T_7K_1_EN_100/13004.h5 in 6.74 seconds
2025-09-19 08:27:36,558 - INFO - Processing /viper/ptmp/arego/Red_T_7K_1/22195.h5
2025-09-19 08:27:36,586 - INFO - File 499: Filtered 443336 hits and 5 records
2025-09-19 08:27:36,894 - INFO - Completed /viper/ptmp/arego/Red_T_7K_1_EN_100/15628.h5 in 6.59 seconds
2025-09-19 08:27:36,968 - INFO - Processing /viper/ptmp/arego/Red_T_7K_1/22040.h5
2025-09-19 08:27:36,988 - INFO - File 6643: Filtered 1010265 hits and 8 records
2025-09-19 08:27:37,029 - INFO - Completed /viper/ptmp/arego/Red_T_7K_1_EN_100/7060.h5 in 1.68 seconds
2025-09-19 08:27:37,117 - INFO - Processing /viper/ptmp/arego/Red_T_7K_1/10358.h5
2025-09-19 08:27:37,125 - INFO - File 22195: Filtered 899212 hits and 4 records
2025-09-19 08:27:37,238 - INFO - Completed /viper/ptmp/arego/Red_T_7K_1_EN_100/624.h5 in 3.73 seconds
2025-09-19 08:27:37,339 - INFO - Processing /viper/ptmp/arego/Red_T_7K_1/3008.h5
2025-09-19 08:27:37,582 - INFO - File 22040: Filtered 559457 hits and 3 records
2025-09-19 08:27:37,617 - INFO - File 10358: Filtered 1070427 hits and 6 records
2025-09-19 08:27:37,959 - INFO - File 3008: Filtered 2235631 hits and 5 records
2025-09-19 08:27:37,966 - INFO - Completed /viper/ptmp/arego/Red_T_7K_1_EN_100/8227.h5 in 4.87 seconds
2025-09-19 08:27:38,034 - INFO - Processing /viper/ptmp/arego/Red_T_7K_1/5315.h5
2025-09-19 08:27:38,319 - INFO - Completed /viper/ptmp/arego/Red_T_7K_1_EN_100/10498.h5 in 6.15 seconds
2025-09-19 08:27:38,320 - INFO - Completed /viper/ptmp/arego/Red_T_7K_1_EN_100/640.h5 in 6.80 seconds
2025-09-19 08:27:38,389 - INFO - Processing /viper/ptmp/arego/Red_T_7K_1/17510.h5
2025-09-19 08:27:38,447 - INFO - Completed /viper/ptmp/arego/Red_T_7K_1_EN_100/8226.h5 in 5.22 seconds
2025-09-19 08:27:38,463 - INFO - Completed /viper/ptmp/arego/Red_T_7K_1_EN_100/14879.h5 in 6.56 seconds
2025-09-19 08:27:38,550 - INFO - Processing /viper/ptmp/arego/Red_T_7K_1/845.h5
2025-09-19 08:27:38,617 - INFO - Processing /viper/ptmp/arego/Red_T_7K_1/7404.h5
2025-09-19 08:27:38,660 - INFO - Completed /viper/ptmp/arego/Red_T_7K_1_EN_100/1524.h5 in 9.30 seconds
2025-09-19 08:27:38,671 - INFO - Completed /viper/ptmp/arego/Red_T_7K_1_EN_100/10551.h5 in 6.27 seconds
2025-09-19 08:27:38,693 - INFO - File 5315: Filtered 591024 hits and 3 records
2025-09-19 08:27:38,799 - INFO - Completed /viper/ptmp/arego/Red_T_7K_1_EN_100/21315.h5 in 4.28 seconds
2025-09-19 08:27:38,822 - INFO - Processing /viper/ptmp/arego/Red_T_7K_1/21987.h5
2025-09-19 08:27:38,826 - INFO - Processing /viper/ptmp/arego/Red_T_7K_1/5505.h5
2025-09-19 08:27:38,888 - INFO - File 17510: Filtered 743340 hits and 5 records
2025-09-19 08:27:38,912 - INFO - Completed /viper/ptmp/arego/Red_T_7K_1_EN_100/3008.h5 in 1.57 seconds
2025-09-19 08:27:39,095 - INFO - Processing /viper/ptmp/arego/Red_T_7K_1/20807.h5
2025-09-19 08:27:39,134 - INFO - File 845: Filtered 828457 hits and 2 records
2025-09-19 08:27:39,149 - INFO - Processing /viper/ptmp/arego/Red_T_7K_1/21399.h5
2025-09-19 08:27:39,173 - INFO - File 7404: Filtered 1333450 hits and 7 records
2025-09-19 08:27:39,422 - INFO - Processing /viper/ptmp/arego/Red_T_7K_1/5535.h5
2025-09-19 08:27:39,503 - INFO - File 21987: Filtered 115364 hits and 2 records
2025-09-19 08:27:39,531 - INFO - File 5505: Filtered 611909 hits and 3 records
2025-09-19 08:27:39,658 - INFO - File 20807: Filtered 456465 hits and 5 records
2025-09-19 08:27:39,761 - INFO - Completed /viper/ptmp/arego/Red_T_7K_1_EN_100/23001.h5 in 5.00 seconds
2025-09-19 08:27:39,857 - INFO - File 21399: Filtered 1882145 hits and 6 records
2025-09-19 08:27:39,858 - INFO - Processing /viper/ptmp/arego/Red_T_7K_1/5852.h5
2025-09-19 08:27:39,876 - INFO - Completed /viper/ptmp/arego/Red_T_7K_1_EN_100/15721.h5 in 8.91 seconds
2025-09-19 08:27:39,889 - INFO - Completed /viper/ptmp/arego/Red_T_7K_1_EN_100/14426.h5 in 7.20 seconds
2025-09-19 08:27:39,915 - INFO - Completed /viper/ptmp/arego/Red_T_7K_1_EN_100/2722.h5 in 8.93 seconds
2025-09-19 08:27:39,967 - INFO - Processing /viper/ptmp/arego/Red_T_7K_1/20632.h5
2025-09-19 08:27:39,982 - INFO - Processing /viper/ptmp/arego/Red_T_7K_1/3754.h5
2025-09-19 08:27:40,056 - INFO - File 5535: Filtered 1395429 hits and 5 records
2025-09-19 08:27:40,144 - INFO - Processing /viper/ptmp/arego/Red_T_7K_1/22221.h5
2025-09-19 08:27:40,443 - INFO - Completed /viper/ptmp/arego/Red_T_7K_1_EN_100/5140.h5 in 8.54 seconds
2025-09-19 08:27:40,524 - INFO - Processing /viper/ptmp/arego/Red_T_7K_1/15098.h5
2025-09-19 08:27:40,543 - INFO - File 5852: Filtered 935273 hits and 6 records
2025-09-19 08:27:40,566 - INFO - File 3754: Filtered 846234 hits and 4 records
2025-09-19 08:27:40,573 - INFO - File 20632: Filtered 1615864 hits and 7 records
2025-09-19 08:27:40,797 - INFO - File 22221: Filtered 712036 hits and 4 records
2025-09-19 08:27:41,046 - INFO - Completed /viper/ptmp/arego/Red_T_7K_1_EN_100/10272.h5 in 9.70 seconds
2025-09-19 08:27:41,090 - INFO - File 15098: Filtered 837200 hits and 5 records
2025-09-19 08:27:41,143 - INFO - Completed /viper/ptmp/arego/Red_T_7K_1_EN_100/10358.h5 in 4.03 seconds
2025-09-19 08:27:41,156 - INFO - Processing /viper/ptmp/arego/Red_T_7K_1/2226.h5
2025-09-19 08:27:41,229 - INFO - Processing /viper/ptmp/arego/Red_T_7K_1/8170.h5
2025-09-19 08:27:41,712 - INFO - Completed /viper/ptmp/arego/Red_T_7K_1_EN_100/8689.h5 in 6.56 seconds
2025-09-19 08:27:41,768 - INFO - File 8170: Filtered 885741 hits and 5 records
2025-09-19 08:27:41,777 - INFO - Processing /viper/ptmp/arego/Red_T_7K_1/12530.h5
2025-09-19 08:27:41,822 - INFO - File 2226: Filtered 676890 hits and 3 records
2025-09-19 08:27:41,852 - INFO - Completed /viper/ptmp/arego/Red_T_7K_1_EN_100/21399.h5 in 2.70 seconds
2025-09-19 08:27:41,951 - INFO - Processing /viper/ptmp/arego/Red_T_7K_1/7176.h5
2025-09-19 08:27:42,378 - INFO - File 12530: Filtered 688265 hits and 5 records
2025-09-19 08:27:42,531 - INFO - Completed /viper/ptmp/arego/Red_T_7K_1_EN_100/22599.h5 in 7.11 seconds
2025-09-19 08:27:42,534 - INFO - File 7176: Filtered 1028893 hits and 5 records
2025-09-19 08:27:42,625 - INFO - Processing /viper/ptmp/arego/Red_T_7K_1/6472.h5
2025-09-19 08:27:42,850 - INFO - Completed /viper/ptmp/arego/Red_T_7K_1_EN_100/22040.h5 in 5.88 seconds
2025-09-19 08:27:42,916 - INFO - Processing /viper/ptmp/arego/Red_T_7K_1/4334.h5
2025-09-19 08:27:43,068 - INFO - Completed /viper/ptmp/arego/Red_T_7K_1_EN_100/7404.h5 in 4.45 seconds
2025-09-19 08:27:43,134 - INFO - Processing /viper/ptmp/arego/Red_T_7K_1/18807.h5
2025-09-19 08:27:43,133 - INFO - Completed /viper/ptmp/arego/Red_T_7K_1_EN_100/22195.h5 in 6.58 seconds
2025-09-19 08:27:43,156 - INFO - Completed /viper/ptmp/arego/Red_T_7K_1_EN_100/1527.h5 in 17.16 seconds
2025-09-19 08:27:43,212 - INFO - Completed /viper/ptmp/arego/Red_T_7K_1_EN_100/5505.h5 in 4.39 seconds
2025-09-19 08:27:43,258 - INFO - Processing /viper/ptmp/arego/Red_T_7K_1/697.h5
2025-09-19 08:27:43,276 - INFO - File 6472: Filtered 899522 hits and 4 records
2025-09-19 08:27:43,415 - INFO - Processing /viper/ptmp/arego/Red_T_7K_1/5604.h5
2025-09-19 08:27:43,482 - INFO - File 4334: Filtered 1132777 hits and 8 records
2025-09-19 08:27:43,559 - INFO - Processing /viper/ptmp/arego/Red_T_7K_1/20099.h5
2025-09-19 08:27:43,732 - INFO - File 18807: Filtered 168097 hits and 3 records
2025-09-19 08:27:43,865 - INFO - File 697: Filtered 776352 hits and 4 records
2025-09-19 08:27:44,008 - INFO - Completed /viper/ptmp/arego/Red_T_7K_1_EN_100/845.h5 in 5.46 seconds
2025-09-19 08:27:44,040 - INFO - File 5604: Filtered 1020404 hits and 2 records
2025-09-19 08:27:44,091 - INFO - Processing /viper/ptmp/arego/Red_T_7K_1/13777.h5
2025-09-19 08:27:44,151 - INFO - Completed /viper/ptmp/arego/Red_T_7K_1_EN_100/17510.h5 in 5.76 seconds
2025-09-19 08:27:44,168 - INFO - File 20099: Filtered 558313 hits and 5 records
2025-09-19 08:27:44,192 - INFO - Processing /viper/ptmp/arego/Red_T_7K_1/6615.h5
2025-09-19 08:27:44,210 - INFO - Completed /viper/ptmp/arego/Red_T_7K_1_EN_100/499.h5 in 8.17 seconds
2025-09-19 08:27:44,404 - INFO - Processing /viper/ptmp/arego/Red_T_7K_1/12374.h5
2025-09-19 08:27:44,407 - INFO - Completed /viper/ptmp/arego/Red_T_7K_1_EN_100/20632.h5 in 4.44 seconds
2025-09-19 08:27:44,442 - INFO - Completed /viper/ptmp/arego/Red_T_7K_1_EN_100/19648.h5 in 10.41 seconds
2025-09-19 08:27:44,483 - INFO - Processing /viper/ptmp/arego/Red_T_7K_1/20136.h5
2025-09-19 08:27:44,606 - INFO - Completed /viper/ptmp/arego/Red_T_7K_1_EN_100/5535.h5 in 5.18 seconds
2025-09-19 08:27:44,723 - INFO - Completed /viper/ptmp/arego/Red_T_7K_1_EN_100/6643.h5 in 8.36 seconds
2025-09-19 08:27:44,726 - INFO - Processing /viper/ptmp/arego/Red_T_7K_1/8345.h5
2025-09-19 08:27:44,755 - INFO - Processing /viper/ptmp/arego/Red_T_7K_1/22481.h5
2025-09-19 08:27:44,777 - INFO - File 13777: Filtered 690874 hits and 2 records
2025-09-19 08:27:44,885 - INFO - File 6615: Filtered 542399 hits and 2 records
2025-09-19 08:27:45,064 - INFO - File 12374: Filtered 2205801 hits and 7 records
2025-09-19 08:27:45,079 - INFO - Processing /viper/ptmp/arego/Red_T_7K_1/10608.h5
2025-09-19 08:27:45,146 - INFO - File 20136: Filtered 1152235 hits and 2 records
2025-09-19 08:27:45,407 - INFO - File 8345: Filtered 1613255 hits and 4 records
2025-09-19 08:27:45,479 - INFO - File 22481: Filtered 938468 hits and 6 records
2025-09-19 08:27:45,904 - INFO - File 10608: Filtered 520092 hits and 3 records
2025-09-19 08:27:46,143 - INFO - Completed /viper/ptmp/arego/Red_T_7K_1_EN_100/20807.h5 in 7.05 seconds
2025-09-19 08:27:46,221 - INFO - Processing /viper/ptmp/arego/Red_T_7K_1/9041.h5
2025-09-19 08:27:46,754 - INFO - File 9041: Filtered 1104652 hits and 3 records
2025-09-19 08:27:46,791 - INFO - Completed /viper/ptmp/arego/Red_T_7K_1_EN_100/3754.h5 in 6.81 seconds
2025-09-19 08:27:46,813 - INFO - Completed /viper/ptmp/arego/Red_T_7K_1_EN_100/12374.h5 in 2.41 seconds
2025-09-19 08:27:46,860 - INFO - Processing /viper/ptmp/arego/Red_T_7K_1/6353.h5
2025-09-19 08:27:47,037 - INFO - Processing /viper/ptmp/arego/Red_T_7K_1/4447.h5
2025-09-19 08:27:47,411 - INFO - File 6353: Filtered 1466885 hits and 7 records
2025-09-19 08:27:47,554 - INFO - Completed /viper/ptmp/arego/Red_T_7K_1_EN_100/15098.h5 in 7.03 seconds
2025-09-19 08:27:47,617 - INFO - Processing /viper/ptmp/arego/Red_T_7K_1/20860.h5
2025-09-19 08:27:47,659 - INFO - File 4447: Filtered 1068224 hits and 4 records
2025-09-19 08:27:47,894 - INFO - Completed /viper/ptmp/arego/Red_T_7K_1_EN_100/8170.h5 in 6.67 seconds
2025-09-19 08:27:47,922 - INFO - Completed /viper/ptmp/arego/Red_T_7K_1_EN_100/5315.h5 in 9.89 seconds
2025-09-19 08:27:47,964 - INFO - Processing /viper/ptmp/arego/Red_T_7K_1/5049.h5
2025-09-19 08:27:48,013 - INFO - Processing /viper/ptmp/arego/Red_T_7K_1/14457.h5
2025-09-19 08:27:48,218 - INFO - File 20860: Filtered 1265023 hits and 4 records
2025-09-19 08:27:48,484 - INFO - Completed /viper/ptmp/arego/Red_T_7K_1_EN_100/7176.h5 in 6.53 seconds
2025-09-19 08:27:48,530 - INFO - File 5049: Filtered 1605960 hits and 7 records
2025-09-19 08:27:48,549 - INFO - Completed /viper/ptmp/arego/Red_T_7K_1_EN_100/6615.h5 in 4.36 seconds
2025-09-19 08:27:48,565 - INFO - Processing /viper/ptmp/arego/Red_T_7K_1/5809.h5
2025-09-19 08:27:48,583 - INFO - File 14457: Filtered 1234363 hits and 6 records
2025-09-19 08:27:48,621 - INFO - Processing /viper/ptmp/arego/Red_T_7K_1/14481.h5
2025-09-19 08:27:48,685 - INFO - Completed /viper/ptmp/arego/Red_T_7K_1_EN_100/6472.h5 in 6.06 seconds
2025-09-19 08:27:48,731 - INFO - Completed /viper/ptmp/arego/Red_T_7K_1_EN_100/5852.h5 in 8.87 seconds
2025-09-19 08:27:48,776 - INFO - Processing /viper/ptmp/arego/Red_T_7K_1/21421.h5
2025-09-19 08:27:48,877 - INFO - Processing /viper/ptmp/arego/Red_T_7K_1/1376.h5
2025-09-19 08:27:48,951 - INFO - Completed /viper/ptmp/arego/Red_T_7K_1_EN_100/22221.h5 in 8.81 seconds
2025-09-19 08:27:49,107 - INFO - Completed /viper/ptmp/arego/Red_T_7K_1_EN_100/12530.h5 in 7.33 seconds
2025-09-19 08:27:49,172 - INFO - File 5809: Filtered 1121345 hits and 6 records
2025-09-19 08:27:49,178 - INFO - Processing /viper/ptmp/arego/Red_T_7K_1/20637.h5
2025-09-19 08:27:49,217 - INFO - Processing /viper/ptmp/arego/Red_T_7K_1/20482.h5
2025-09-19 08:27:49,289 - INFO - File 14481: Filtered 1729140 hits and 4 records
2025-09-19 08:27:49,454 - INFO - File 1376: Filtered 831467 hits and 5 records
2025-09-19 08:27:49,475 - INFO - File 21421: Filtered 157856 hits and 2 records
2025-09-19 08:27:49,800 - INFO - File 20482: Filtered 617086 hits and 4 records
2025-09-19 08:27:49,813 - INFO - Completed /viper/ptmp/arego/Red_T_7K_1_EN_100/5604.h5 in 6.40 seconds
2025-09-19 08:27:49,856 - INFO - File 20637: Filtered 587338 hits and 4 records
2025-09-19 08:27:49,886 - INFO - Processing /viper/ptmp/arego/Red_T_7K_1/3583.h5
2025-09-19 08:27:49,943 - INFO - Completed /viper/ptmp/arego/Red_T_7K_1_EN_100/8345.h5 in 5.22 seconds
2025-09-19 08:27:50,008 - INFO - Completed /viper/ptmp/arego/Red_T_7K_1_EN_100/697.h5 in 6.75 seconds
2025-09-19 08:27:50,027 - INFO - Processing /viper/ptmp/arego/Red_T_7K_1/14364.h5
2025-09-19 08:27:50,054 - INFO - Processing /viper/ptmp/arego/Red_T_7K_1/13814.h5
2025-09-19 08:27:50,191 - INFO - Completed /viper/ptmp/arego/Red_T_7K_1_EN_100/20136.h5 in 5.71 seconds
2025-09-19 08:27:50,220 - INFO - Completed /viper/ptmp/arego/Red_T_7K_1_EN_100/2226.h5 in 9.06 seconds
2025-09-19 08:27:50,254 - INFO - Processing /viper/ptmp/arego/Red_T_7K_1/15198.h5
2025-09-19 08:27:50,333 - INFO - Processing /viper/ptmp/arego/Red_T_7K_1/10387.h5
2025-09-19 08:27:50,373 - INFO - Completed /viper/ptmp/arego/Red_T_7K_1_EN_100/9041.h5 in 4.15 seconds
2025-09-19 08:27:50,383 - INFO - Completed /viper/ptmp/arego/Red_T_7K_1_EN_100/20099.h5 in 6.82 seconds
2025-09-19 08:27:50,420 - INFO - Completed /viper/ptmp/arego/Red_T_7K_1_EN_100/4334.h5 in 7.50 seconds
2025-09-19 08:27:50,458 - INFO - Processing /viper/ptmp/arego/Red_T_7K_1/14159.h5
2025-09-19 08:27:50,519 - INFO - Processing /viper/ptmp/arego/Red_T_7K_1/9316.h5
2025-09-19 08:27:50,530 - INFO - File 3583: Filtered 1633408 hits and 5 records
2025-09-19 08:27:50,557 - INFO - Completed /viper/ptmp/arego/Red_T_7K_1_EN_100/5049.h5 in 2.59 seconds
2025-09-19 08:27:50,595 - INFO - File 14364: Filtered 751650 hits and 4 records
2025-09-19 08:27:50,643 - INFO - File 13814: Filtered 1011609 hits and 6 records
2025-09-19 08:27:50,735 - INFO - Processing /viper/ptmp/arego/Red_T_7K_1/20909.h5
2025-09-19 08:27:50,775 - INFO - Completed /viper/ptmp/arego/Red_T_7K_1_EN_100/21987.h5 in 11.95 seconds
2025-09-19 08:27:50,785 - INFO - Processing /viper/ptmp/arego/Red_T_7K_1/20889.h5
2025-09-19 08:27:50,868 - INFO - Completed /viper/ptmp/arego/Red_T_7K_1_EN_100/18807.h5 in 7.73 seconds
2025-09-19 08:27:50,890 - INFO - Processing /viper/ptmp/arego/Red_T_7K_1/1464.h5
2025-09-19 08:27:50,947 - INFO - Completed /viper/ptmp/arego/Red_T_7K_1_EN_100/6353.h5 in 4.09 seconds
2025-09-19 08:27:50,981 - INFO - Processing /viper/ptmp/arego/Red_T_7K_1/8400.h5
2025-09-19 08:27:50,991 - INFO - File 10387: Filtered 1111635 hits and 5 records
2025-09-19 08:27:51,018 - INFO - Processing /viper/ptmp/arego/Red_T_7K_1/18445.h5
2025-09-19 08:27:51,019 - INFO - File 15198: Filtered 59643 hits and 2 records
2025-09-19 08:27:51,062 - INFO - File 14159: Filtered 1996199 hits and 6 records
2025-09-19 08:27:51,277 - INFO - File 9316: Filtered 505862 hits and 5 records
2025-09-19 08:27:51,545 - INFO - File 1464: Filtered 445467 hits and 2 records
2025-09-19 08:27:51,563 - INFO - File 20909: Filtered 2517637 hits and 4 records
2025-09-19 08:27:51,695 - INFO - File 20889: Filtered 325271 hits and 3 records
2025-09-19 08:27:51,706 - INFO - File 18445: Filtered 912542 hits and 7 records
2025-09-19 08:27:51,745 - INFO - File 8400: Filtered 2547313 hits and 5 records
2025-09-19 08:27:51,814 - INFO - Completed /viper/ptmp/arego/Red_T_7K_1_EN_100/22481.h5 in 7.06 seconds
2025-09-19 08:27:51,879 - INFO - Processing /viper/ptmp/arego/Red_T_7K_1/8493.h5
2025-09-19 08:27:52,443 - INFO - Completed /viper/ptmp/arego/Red_T_7K_1_EN_100/8400.h5 in 1.46 seconds
2025-09-19 08:27:52,483 - INFO - Completed /viper/ptmp/arego/Red_T_7K_1_EN_100/13777.h5 in 8.39 seconds
2025-09-19 08:27:52,500 - INFO - File 8493: Filtered 1032373 hits and 4 records
2025-09-19 08:27:52,543 - INFO - Processing /viper/ptmp/arego/Red_T_7K_1/7518.h5
2025-09-19 08:27:52,551 - INFO - Processing /viper/ptmp/arego/Red_T_7K_1/15055.h5
2025-09-19 08:27:52,941 - INFO - Completed /viper/ptmp/arego/Red_T_7K_1_EN_100/20909.h5 in 2.21 seconds
2025-09-19 08:27:53,007 - INFO - Processing /viper/ptmp/arego/Red_T_7K_1/16001.h5
2025-09-19 08:27:53,060 - INFO - Completed /viper/ptmp/arego/Red_T_7K_1_EN_100/20860.h5 in 5.44 seconds
2025-09-19 08:27:53,062 - INFO - Completed /viper/ptmp/arego/Red_T_7K_1_EN_100/14481.h5 in 4.44 seconds
2025-09-19 08:27:53,281 - INFO - Processing /viper/ptmp/arego/Red_T_7K_1/2.h5
2025-09-19 08:27:53,343 - INFO - File 15055: Filtered 1116177 hits and 6 records
2025-09-19 08:27:53,386 - INFO - Completed /viper/ptmp/arego/Red_T_7K_1_EN_100/4447.h5 in 6.35 seconds
2025-09-19 08:27:53,469 - INFO - Processing /viper/ptmp/arego/Red_T_7K_1/13851.h5
2025-09-19 08:27:53,582 - INFO - Processing /viper/ptmp/arego/Red_T_7K_1/338.h5
2025-09-19 08:27:53,657 - INFO - File 7518: Filtered 344431 hits and 6 records
2025-09-19 08:27:53,720 - INFO - File 16001: Filtered 837397 hits and 4 records
2025-09-19 08:27:54,085 - INFO - File 13851: Filtered 1995196 hits and 5 records
2025-09-19 08:27:54,199 - INFO - File 2: Filtered 752550 hits and 3 records
2025-09-19 08:27:54,227 - INFO - Completed /viper/ptmp/arego/Red_T_7K_1_EN_100/5809.h5 in 5.66 seconds
2025-09-19 08:27:54,274 - INFO - Processing /viper/ptmp/arego/Red_T_7K_1/4207.h5
2025-09-19 08:27:54,358 - INFO - File 338: Filtered 1137988 hits and 5 records
2025-09-19 08:27:54,362 - INFO - Completed /viper/ptmp/arego/Red_T_7K_1_EN_100/14159.h5 in 3.90 seconds
2025-09-19 08:27:54,427 - INFO - Processing /viper/ptmp/arego/Red_T_7K_1/17404.h5
2025-09-19 08:27:54,432 - INFO - Completed /viper/ptmp/arego/Red_T_7K_1_EN_100/10608.h5 in 9.35 seconds
2025-09-19 08:27:54,521 - INFO - Completed /viper/ptmp/arego/Red_T_7K_1_EN_100/14457.h5 in 6.51 seconds
2025-09-19 08:27:54,581 - INFO - Processing /viper/ptmp/arego/Red_T_7K_1/22529.h5
2025-09-19 08:27:54,672 - INFO - Completed /viper/ptmp/arego/Red_T_7K_1_EN_100/3583.h5 in 4.79 seconds
2025-09-19 08:27:54,729 - INFO - Processing /viper/ptmp/arego/Red_T_7K_1/17267.h5
2025-09-19 08:27:54,790 - INFO - Processing /viper/ptmp/arego/Red_T_7K_1/15625.h5
2025-09-19 08:27:54,867 - INFO - File 4207: Filtered 1128712 hits and 4 records
2025-09-19 08:27:55,031 - INFO - File 17404: Filtered 1203957 hits and 7 records
2025-09-19 08:27:55,261 - INFO - File 22529: Filtered 810757 hits and 3 records
2025-09-19 08:27:55,382 - INFO - File 17267: Filtered 1410583 hits and 7 records
2025-09-19 08:27:55,421 - INFO - File 15625: Filtered 1094519 hits and 5 records
2025-09-19 08:27:56,699 - INFO - Completed /viper/ptmp/arego/Red_T_7K_1_EN_100/13814.h5 in 6.65 seconds
2025-09-19 08:27:56,762 - INFO - Processing /viper/ptmp/arego/Red_T_7K_1/11437.h5
2025-09-19 08:27:57,197 - INFO - Completed /viper/ptmp/arego/Red_T_7K_1_EN_100/1376.h5 in 8.32 seconds
2025-09-19 08:27:57,325 - INFO - Processing /viper/ptmp/arego/Red_T_7K_1/4335.h5
2025-09-19 08:27:57,430 - INFO - File 11437: Filtered 2215353 hits and 4 records
2025-09-19 08:27:57,654 - INFO - Completed /viper/ptmp/arego/Red_T_7K_1_EN_100/14364.h5 in 7.63 seconds
2025-09-19 08:27:57,776 - INFO - Processing /viper/ptmp/arego/Red_T_7K_1/11920.h5
2025-09-19 08:27:57,900 - INFO - Completed /viper/ptmp/arego/Red_T_7K_1_EN_100/13851.h5 in 4.43 seconds
2025-09-19 08:27:57,956 - INFO - Processing /viper/ptmp/arego/Red_T_7K_1/12752.h5
2025-09-19 08:27:57,988 - INFO - File 4335: Filtered 1625257 hits and 5 records
2025-09-19 08:27:58,004 - INFO - Completed /viper/ptmp/arego/Red_T_7K_1_EN_100/20637.h5 in 8.83 seconds
2025-09-19 08:27:58,277 - INFO - Completed /viper/ptmp/arego/Red_T_7K_1_EN_100/10387.h5 in 7.94 seconds
2025-09-19 08:27:58,298 - INFO - Processing /viper/ptmp/arego/Red_T_7K_1/20870.h5
2025-09-19 08:27:58,435 - INFO - File 11920: Filtered 1520785 hits and 5 records
2025-09-19 08:27:58,437 - INFO - Processing /viper/ptmp/arego/Red_T_7K_1/148.h5
2025-09-19 08:27:58,721 - INFO - File 12752: Filtered 1055914 hits and 4 records
2025-09-19 08:27:58,778 - INFO - Completed /viper/ptmp/arego/Red_T_7K_1_EN_100/20482.h5 in 9.56 seconds
2025-09-19 08:27:58,875 - INFO - Completed /viper/ptmp/arego/Red_T_7K_1_EN_100/8493.h5 in 7.00 seconds
2025-09-19 08:27:58,882 - INFO - Processing /viper/ptmp/arego/Red_T_7K_1/19162.h5
2025-09-19 08:27:58,914 - INFO - Processing /viper/ptmp/arego/Red_T_7K_1/4729.h5
2025-09-19 08:27:59,115 - INFO - File 20870: Filtered 1220983 hits and 6 records
2025-09-19 08:27:59,159 - INFO - File 148: Filtered 860666 hits and 5 records
2025-09-19 08:27:59,431 - INFO - Completed /viper/ptmp/arego/Red_T_7K_1_EN_100/21421.h5 in 10.66 seconds
2025-09-19 08:27:59,471 - INFO - Processing /viper/ptmp/arego/Red_T_7K_1/11697.h5
2025-09-19 08:27:59,599 - INFO - Completed /viper/ptmp/arego/Red_T_7K_1_EN_100/18445.h5 in 8.58 seconds
2025-09-19 08:27:59,601 - INFO - File 4729: Filtered 1895729 hits and 6 records
2025-09-19 08:27:59,613 - INFO - File 19162: Filtered 1408752 hits and 5 records
2025-09-19 08:27:59,786 - INFO - Processing /viper/ptmp/arego/Red_T_7K_1/19110.h5
2025-09-19 08:27:59,976 - INFO - Completed /viper/ptmp/arego/Red_T_7K_1_EN_100/11437.h5 in 3.21 seconds
2025-09-19 08:28:00,025 - INFO - Completed /viper/ptmp/arego/Red_T_7K_1_EN_100/338.h5 in 6.44 seconds
2025-09-19 08:28:00,075 - INFO - Processing /viper/ptmp/arego/Red_T_7K_1/20384.h5
2025-09-19 08:28:00,093 - INFO - Processing /viper/ptmp/arego/Red_T_7K_1/4050.h5
2025-09-19 08:28:00,250 - INFO - File 11697: Filtered 1655946 hits and 6 records
2025-09-19 08:28:00,541 - INFO - File 19110: Filtered 1014759 hits and 5 records
2025-09-19 08:28:00,556 - INFO - Completed /viper/ptmp/arego/Red_T_7K_1_EN_100/9316.h5 in 10.04 seconds
2025-09-19 08:28:00,612 - INFO - Completed /viper/ptmp/arego/Red_T_7K_1_EN_100/17267.h5 in 5.88 seconds
2025-09-19 08:28:00,641 - INFO - Processing /viper/ptmp/arego/Red_T_7K_1/11082.h5
2025-09-19 08:28:00,697 - INFO - Completed /viper/ptmp/arego/Red_T_7K_1_EN_100/16001.h5 in 7.69 seconds
2025-09-19 08:28:00,729 - INFO - File 4050: Filtered 626938 hits and 4 records
2025-09-19 08:28:00,812 - INFO - Completed /viper/ptmp/arego/Red_T_7K_1_EN_100/4207.h5 in 6.54 seconds
2025-09-19 08:28:00,844 - INFO - Completed /viper/ptmp/arego/Red_T_7K_1_EN_100/2.h5 in 7.56 seconds
2025-09-19 08:28:00,889 - INFO - File 20384: Filtered 1777674 hits and 5 records
2025-09-19 08:28:00,889 - INFO - Processing /viper/ptmp/arego/Red_T_7K_1/16189.h5
2025-09-19 08:28:00,909 - INFO - Processing /viper/ptmp/arego/Red_T_7K_1/3524.h5
2025-09-19 08:28:01,160 - INFO - Processing /viper/ptmp/arego/Red_T_7K_1/4441.h5
2025-09-19 08:28:01,263 - INFO - File 11082: Filtered 1461688 hits and 8 records
2025-09-19 08:28:01,393 - INFO - Completed /viper/ptmp/arego/Red_T_7K_1_EN_100/17404.h5 in 6.97 seconds
2025-09-19 08:28:01,420 - INFO - Processing /viper/ptmp/arego/Red_T_7K_1/2473.h5
2025-09-19 08:28:01,462 - INFO - Processing /viper/ptmp/arego/Red_T_7K_1/15957.h5
2025-09-19 08:28:01,593 - INFO - File 16189: Filtered 592163 hits and 5 records
2025-09-19 08:28:01,620 - INFO - File 3524: Filtered 1287383 hits and 4 records
2025-09-19 08:28:02,092 - INFO - Completed /viper/ptmp/arego/Red_T_7K_1_EN_100/1464.h5 in 11.20 seconds
2025-09-19 08:28:02,168 - INFO - File 15957: Filtered 457082 hits and 3 records
2025-09-19 08:28:02,200 - INFO - File 2473: Filtered 2014079 hits and 4 records
2025-09-19 08:28:02,202 - INFO - Processing /viper/ptmp/arego/Red_T_7K_1/11155.h5
2025-09-19 08:28:02,410 - INFO - Completed /viper/ptmp/arego/Red_T_7K_1_EN_100/4335.h5 in 5.08 seconds
2025-09-19 08:28:02,430 - INFO - File 4441: Filtered 397135 hits and 6 records
2025-09-19 08:28:02,509 - INFO - Processing /viper/ptmp/arego/Red_T_7K_1/80.h5
2025-09-19 08:28:02,528 - INFO - Completed /viper/ptmp/arego/Red_T_7K_1_EN_100/15625.h5 in 7.74 seconds
2025-09-19 08:28:02,824 - INFO - Processing /viper/ptmp/arego/Red_T_7K_1/21613.h5
2025-09-19 08:28:02,854 - INFO - Completed /viper/ptmp/arego/Red_T_7K_1_EN_100/15198.h5 in 12.60 seconds
2025-09-19 08:28:02,927 - INFO - Processing /viper/ptmp/arego/Red_T_7K_1/19623.h5
2025-09-19 08:28:02,977 - INFO - File 11155: Filtered 232967 hits and 1 records
2025-09-19 08:28:02,980 - INFO - Completed /viper/ptmp/arego/Red_T_7K_1_EN_100/15055.h5 in 10.43 seconds
2025-09-19 08:28:03,021 - INFO - Processing /viper/ptmp/arego/Red_T_7K_1/19525.h5
2025-09-19 08:28:03,033 - INFO - Completed /viper/ptmp/arego/Red_T_7K_1_EN_100/22529.h5 in 8.45 seconds
2025-09-19 08:28:03,170 - INFO - Processing /viper/ptmp/arego/Red_T_7K_1/9849.h5
2025-09-19 08:28:03,261 - INFO - Completed /viper/ptmp/arego/Red_T_7K_1_EN_100/4729.h5 in 4.35 seconds
2025-09-19 08:28:03,336 - INFO - Processing /viper/ptmp/arego/Red_T_7K_1/20112.h5
2025-09-19 08:28:03,366 - INFO - File 80: Filtered 203108 hits and 2 records
2025-09-19 08:28:03,591 - INFO - Completed /viper/ptmp/arego/Red_T_7K_1_EN_100/20889.h5 in 12.81 seconds
2025-09-19 08:28:03,594 - INFO - File 21613: Filtered 1523189 hits and 5 records
2025-09-19 08:28:03,648 - INFO - File 19623: Filtered 523193 hits and 5 records
2025-09-19 08:28:03,671 - INFO - Processing /viper/ptmp/arego/Red_T_7K_1/21174.h5
2025-09-19 08:28:03,776 - INFO - File 19525: Filtered 1609325 hits and 2 records
2025-09-19 08:28:04,007 - INFO - File 9849: Filtered 2735460 hits and 3 records
2025-09-19 08:28:04,017 - INFO - File 20112: Filtered 1031052 hits and 7 records
2025-09-19 08:28:04,405 - INFO - File 21174: Filtered 1128580 hits and 4 records
2025-09-19 08:28:04,504 - INFO - Completed /viper/ptmp/arego/Red_T_7K_1_EN_100/11920.h5 in 6.73 seconds
2025-09-19 08:28:04,668 - INFO - Processing /viper/ptmp/arego/Red_T_7K_1/20536.h5
2025-09-19 08:28:04,832 - INFO - Completed /viper/ptmp/arego/Red_T_7K_1_EN_100/9849.h5 in 1.66 seconds
2025-09-19 08:28:05,031 - INFO - Processing /viper/ptmp/arego/Red_T_7K_1/7968.h5
2025-09-19 08:28:05,518 - INFO - File 20536: Filtered 166533 hits and 1 records
2025-09-19 08:28:05,544 - INFO - Completed /viper/ptmp/arego/Red_T_7K_1_EN_100/20870.h5 in 7.25 seconds
2025-09-19 08:28:05,582 - INFO - Processing /viper/ptmp/arego/Red_T_7K_1/18919.h5
2025-09-19 08:28:05,767 - INFO - Completed /viper/ptmp/arego/Red_T_7K_1_EN_100/11697.h5 in 6.30 seconds
2025-09-19 08:28:05,832 - INFO - File 7968: Filtered 1082827 hits and 6 records
2025-09-19 08:28:05,867 - INFO - Processing /viper/ptmp/arego/Red_T_7K_1/16777.h5
2025-09-19 08:28:05,874 - INFO - Completed /viper/ptmp/arego/Red_T_7K_1_EN_100/2473.h5 in 4.45 seconds
2025-09-19 08:28:05,912 - INFO - Processing /viper/ptmp/arego/Red_T_7K_1/2291.h5
2025-09-19 08:28:06,323 - INFO - Completed /viper/ptmp/arego/Red_T_7K_1_EN_100/20384.h5 in 6.25 seconds
2025-09-19 08:28:06,329 - INFO - File 18919: Filtered 987906 hits and 6 records
2025-09-19 08:28:06,396 - INFO - Processing /viper/ptmp/arego/Red_T_7K_1/5831.h5
2025-09-19 08:28:06,549 - INFO - File 2291: Filtered 1365856 hits and 3 records
2025-09-19 08:28:06,635 - INFO - File 16777: Filtered 2357897 hits and 7 records
2025-09-19 08:28:06,907 - INFO - Completed /viper/ptmp/arego/Red_T_7K_1_EN_100/12752.h5 in 8.95 seconds
2025-09-19 08:28:06,971 - INFO - Processing /viper/ptmp/arego/Red_T_7K_1/12739.h5
2025-09-19 08:28:06,977 - INFO - Completed /viper/ptmp/arego/Red_T_7K_1_EN_100/19162.h5 in 8.10 seconds
2025-09-19 08:28:07,036 - INFO - Completed /viper/ptmp/arego/Red_T_7K_1_EN_100/11082.h5 in 6.40 seconds
2025-09-19 08:28:07,075 - INFO - Processing /viper/ptmp/arego/Red_T_7K_1/11604.h5
2025-09-19 08:28:07,100 - INFO - Processing /viper/ptmp/arego/Red_T_7K_1/20894.h5
2025-09-19 08:28:07,130 - INFO - File 5831: Filtered 2118408 hits and 7 records
2025-09-19 08:28:07,393 - INFO - Completed /viper/ptmp/arego/Red_T_7K_1_EN_100/4050.h5 in 7.30 seconds
2025-09-19 08:28:07,460 - INFO - Processing /viper/ptmp/arego/Red_T_7K_1/18324.h5
2025-09-19 08:28:07,530 - INFO - Completed /viper/ptmp/arego/Red_T_7K_1_EN_100/16189.h5 in 6.64 seconds
2025-09-19 08:28:07,602 - INFO - Processing /viper/ptmp/arego/Red_T_7K_1/15109.h5
2025-09-19 08:28:07,739 - INFO - File 12739: Filtered 879323 hits and 5 records
2025-09-19 08:28:07,875 - INFO - File 11604: Filtered 927178 hits and 3 records
2025-09-19 08:28:07,999 - INFO - File 20894: Filtered 518150 hits and 5 records
2025-09-19 08:28:08,037 - INFO - Completed /viper/ptmp/arego/Red_T_7K_1_EN_100/3524.h5 in 7.13 seconds
2025-09-19 08:28:08,129 - INFO - Processing /viper/ptmp/arego/Red_T_7K_1/16629.h5
2025-09-19 08:28:08,129 - INFO - Completed /viper/ptmp/arego/Red_T_7K_1_EN_100/19110.h5 in 8.34 seconds
2025-09-19 08:28:08,133 - INFO - Completed /viper/ptmp/arego/Red_T_7K_1_EN_100/148.h5 in 9.70 seconds
2025-09-19 08:28:08,191 - INFO - Processing /viper/ptmp/arego/Red_T_7K_1/7020.h5
2025-09-19 08:28:08,226 - INFO - File 18324: Filtered 1041763 hits and 5 records
2025-09-19 08:28:08,237 - INFO - Processing /viper/ptmp/arego/Red_T_7K_1/19365.h5
2025-09-19 08:28:08,286 - INFO - File 15109: Filtered 1478814 hits and 4 records
2025-09-19 08:28:08,848 - INFO - File 16629: Filtered 1334555 hits and 7 records
2025-09-19 08:28:08,903 - INFO - File 7020: Filtered 1470378 hits and 6 records
2025-09-19 08:28:09,025 - INFO - File 19365: Filtered 1582143 hits and 5 records
2025-09-19 08:28:09,052 - INFO - Completed /viper/ptmp/arego/Red_T_7K_1_EN_100/7518.h5 in 16.51 seconds
2025-09-19 08:28:09,130 - INFO - Processing /viper/ptmp/arego/Red_T_7K_1/23219.h5
2025-09-19 08:28:09,460 - INFO - Completed /viper/ptmp/arego/Red_T_7K_1_EN_100/21613.h5 in 6.64 seconds
2025-09-19 08:28:09,560 - INFO - Processing /viper/ptmp/arego/Red_T_7K_1/18865.h5
2025-09-19 08:28:09,788 - INFO - File 23219: Filtered 1511784 hits and 4 records
2025-09-19 08:28:09,879 - INFO - Completed /viper/ptmp/arego/Red_T_7K_1_EN_100/16777.h5 in 4.01 seconds
2025-09-19 08:28:09,969 - INFO - Processing /viper/ptmp/arego/Red_T_7K_1/17050.h5
2025-09-19 08:28:10,337 - INFO - File 18865: Filtered 1475684 hits and 7 records
2025-09-19 08:28:10,512 - INFO - Completed /viper/ptmp/arego/Red_T_7K_1_EN_100/2291.h5 in 4.60 seconds
2025-09-19 08:28:10,582 - INFO - Processing /viper/ptmp/arego/Red_T_7K_1/18398.h5
2025-09-19 08:28:10,752 - INFO - File 17050: Filtered 1630686 hits and 6 records
2025-09-19 08:28:10,851 - INFO - Completed /viper/ptmp/arego/Red_T_7K_1_EN_100/5831.h5 in 4.45 seconds
2025-09-19 08:28:10,922 - INFO - Processing /viper/ptmp/arego/Red_T_7K_1/49.h5
2025-09-19 08:28:11,312 - INFO - File 18398: Filtered 807729 hits and 4 records
2025-09-19 08:28:11,623 - INFO - File 49: Filtered 1088521 hits and 4 records
2025-09-19 08:28:11,701 - INFO - Completed /viper/ptmp/arego/Red_T_7K_1_EN_100/19525.h5 in 8.68 seconds
2025-09-19 08:28:11,725 - INFO - Completed /viper/ptmp/arego/Red_T_7K_1_EN_100/20112.h5 in 8.39 seconds
2025-09-19 08:28:11,785 - INFO - Processing /viper/ptmp/arego/Red_T_7K_1/22693.h5
2025-09-19 08:28:11,787 - INFO - Processing /viper/ptmp/arego/Red_T_7K_1/9176.h5
2025-09-19 08:28:12,086 - INFO - Completed /viper/ptmp/arego/Red_T_7K_1_EN_100/80.h5 in 9.58 seconds
2025-09-19 08:28:12,187 - INFO - Processing /viper/ptmp/arego/Red_T_7K_1/12342.h5
2025-09-19 08:28:12,481 - INFO - File 9176: Filtered 2141578 hits and 6 records
2025-09-19 08:28:12,553 - INFO - File 22693: Filtered 1265996 hits and 6 records
2025-09-19 08:28:12,614 - INFO - Completed /viper/ptmp/arego/Red_T_7K_1_EN_100/21174.h5 in 8.94 seconds
2025-09-19 08:28:12,667 - INFO - Processing /viper/ptmp/arego/Red_T_7K_1/15397.h5
2025-09-19 08:28:12,857 - INFO - File 12342: Filtered 1212433 hits and 5 records
2025-09-19 08:28:13,503 - INFO - Completed /viper/ptmp/arego/Red_T_7K_1_EN_100/19623.h5 in 10.58 seconds
2025-09-19 08:28:13,544 - INFO - File 15397: Filtered 1413617 hits and 4 records
2025-09-19 08:28:13,569 - INFO - Processing /viper/ptmp/arego/Red_T_7K_1/10801.h5
2025-09-19 08:28:13,594 - INFO - Completed /viper/ptmp/arego/Red_T_7K_1_EN_100/15957.h5 in 12.13 seconds
2025-09-19 08:28:13,652 - INFO - Processing /viper/ptmp/arego/Red_T_7K_1/18614.h5
2025-09-19 08:28:14,053 - INFO - Completed /viper/ptmp/arego/Red_T_7K_1_EN_100/7968.h5 in 9.02 seconds
2025-09-19 08:28:14,168 - INFO - Processing /viper/ptmp/arego/Red_T_7K_1/14238.h5
2025-09-19 08:28:14,323 - INFO - File 10801: Filtered 315517 hits and 3 records
2025-09-19 08:28:14,364 - INFO - Completed /viper/ptmp/arego/Red_T_7K_1_EN_100/15109.h5 in 6.76 seconds
2025-09-19 08:28:14,515 - INFO - File 18614: Filtered 1705811 hits and 6 records
2025-09-19 08:28:14,529 - INFO - Processing /viper/ptmp/arego/Red_T_7K_1/16023.h5
2025-09-19 08:28:14,894 - INFO - Completed /viper/ptmp/arego/Red_T_7K_1_EN_100/11155.h5 in 12.69 seconds
2025-09-19 08:28:14,957 - INFO - File 14238: Filtered 918899 hits and 5 records
2025-09-19 08:28:15,002 - INFO - Processing /viper/ptmp/arego/Red_T_7K_1/17382.h5
2025-09-19 08:28:15,238 - INFO - Completed /viper/ptmp/arego/Red_T_7K_1_EN_100/16629.h5 in 7.11 seconds
2025-09-19 08:28:15,303 - INFO - Processing /viper/ptmp/arego/Red_T_7K_1/20352.h5
2025-09-19 08:28:15,325 - INFO - File 16023: Filtered 1307651 hits and 3 records
2025-09-19 08:28:15,403 - INFO - Completed /viper/ptmp/arego/Red_T_7K_1_EN_100/11604.h5 in 8.33 seconds
2025-09-19 08:28:15,502 - INFO - Processing /viper/ptmp/arego/Red_T_7K_1/5306.h5
2025-09-19 08:28:15,553 - INFO - Completed /viper/ptmp/arego/Red_T_7K_1_EN_100/7020.h5 in 7.36 seconds
2025-09-19 08:28:15,613 - INFO - Processing /viper/ptmp/arego/Red_T_7K_1/15947.h5
2025-09-19 08:28:15,637 - INFO - Completed /viper/ptmp/arego/Red_T_7K_1_EN_100/19365.h5 in 7.40 seconds
2025-09-19 08:28:15,881 - INFO - Processing /viper/ptmp/arego/Red_T_7K_1/491.h5
2025-09-19 08:28:15,925 - INFO - File 17382: Filtered 70381 hits and 2 records
2025-09-19 08:28:16,013 - INFO - File 20352: Filtered 1144988 hits and 5 records
2025-09-19 08:28:16,108 - INFO - Completed /viper/ptmp/arego/Red_T_7K_1_EN_100/9176.h5 in 4.32 seconds
2025-09-19 08:28:16,180 - INFO - Completed /viper/ptmp/arego/Red_T_7K_1_EN_100/18919.h5 in 10.60 seconds
2025-09-19 08:28:16,184 - INFO - Processing /viper/ptmp/arego/Red_T_7K_1/14731.h5
2025-09-19 08:28:16,238 - INFO - Completed /viper/ptmp/arego/Red_T_7K_1_EN_100/23219.h5 in 7.11 seconds
2025-09-19 08:28:16,284 - INFO - Processing /viper/ptmp/arego/Red_T_7K_1/17528.h5
2025-09-19 08:28:16,294 - INFO - File 5306: Filtered 992327 hits and 7 records
2025-09-19 08:28:16,374 - INFO - File 15947: Filtered 1651956 hits and 5 records
2025-09-19 08:28:16,440 - INFO - Completed /viper/ptmp/arego/Red_T_7K_1_EN_100/18865.h5 in 6.88 seconds
2025-09-19 08:28:16,443 - INFO - Processing /viper/ptmp/arego/Red_T_7K_1/21874.h5
2025-09-19 08:28:16,617 - INFO - Processing /viper/ptmp/arego/Red_T_7K_1/5307.h5
2025-09-19 08:28:16,623 - INFO - Completed /viper/ptmp/arego/Red_T_7K_1_EN_100/20536.h5 in 11.96 seconds
2025-09-19 08:28:16,671 - INFO - File 491: Filtered 1062645 hits and 7 records
2025-09-19 08:28:16,726 - INFO - Completed /viper/ptmp/arego/Red_T_7K_1_EN_100/18324.h5 in 9.27 seconds
2025-09-19 08:28:16,822 - INFO - Processing /viper/ptmp/arego/Red_T_7K_1/2698.h5
2025-09-19 08:28:16,831 - INFO - Processing /viper/ptmp/arego/Red_T_7K_1/19013.h5
2025-09-19 08:28:16,971 - INFO - File 14731: Filtered 1102977 hits and 4 records
2025-09-19 08:28:17,158 - INFO - File 17528: Filtered 2997841 hits and 8 records
2025-09-19 08:28:17,324 - INFO - File 21874: Filtered 763883 hits and 5 records
2025-09-19 08:28:17,473 - INFO - Completed /viper/ptmp/arego/Red_T_7K_1_EN_100/12739.h5 in 10.50 seconds
2025-09-19 08:28:17,480 - INFO - File 5307: Filtered 1103496 hits and 4 records
2025-09-19 08:28:17,543 - INFO - Processing /viper/ptmp/arego/Red_T_7K_1/6139.h5
2025-09-19 08:28:17,696 - INFO - File 2698: Filtered 516251 hits and 5 records
2025-09-19 08:28:17,714 - INFO - File 19013: Filtered 1081021 hits and 4 records
2025-09-19 08:28:17,735 - INFO - Completed /viper/ptmp/arego/Red_T_7K_1_EN_100/17050.h5 in 7.77 seconds
2025-09-19 08:28:17,798 - INFO - Processing /viper/ptmp/arego/Red_T_7K_1/8469.h5
2025-09-19 08:28:18,594 - INFO - File 8469: Filtered 1710995 hits and 5 records
2025-09-19 08:28:18,789 - INFO - File 6139: Filtered 77667 hits and 1 records
2025-09-19 08:28:19,515 - INFO - Completed /viper/ptmp/arego/Red_T_7K_1_EN_100/49.h5 in 8.59 seconds
2025-09-19 08:28:19,588 - INFO - Processing /viper/ptmp/arego/Red_T_7K_1/2065.h5
2025-09-19 08:28:20,309 - INFO - Completed /viper/ptmp/arego/Red_T_7K_1_EN_100/17528.h5 in 4.02 seconds
2025-09-19 08:28:20,394 - INFO - File 2065: Filtered 1875711 hits and 6 records
2025-09-19 08:28:20,398 - INFO - Processing /viper/ptmp/arego/Red_T_7K_1/14549.h5
2025-09-19 08:28:20,401 - INFO - Completed /viper/ptmp/arego/Red_T_7K_1_EN_100/12342.h5 in 8.21 seconds
2025-09-19 08:28:20,523 - INFO - Processing /viper/ptmp/arego/Red_T_7K_1/23366.h5
2025-09-19 08:28:20,768 - INFO - Completed /viper/ptmp/arego/Red_T_7K_1_EN_100/20894.h5 in 13.67 seconds
2025-09-19 08:28:20,805 - INFO - Completed /viper/ptmp/arego/Red_T_7K_1_EN_100/4441.h5 in 19.64 seconds
2025-09-19 08:28:20,833 - INFO - Processing /viper/ptmp/arego/Red_T_7K_1/14378.h5
2025-09-19 08:28:20,913 - INFO - Completed /viper/ptmp/arego/Red_T_7K_1_EN_100/18398.h5 in 10.33 seconds
2025-09-19 08:28:21,017 - INFO - Completed /viper/ptmp/arego/Red_T_7K_1_EN_100/22693.h5 in 9.23 seconds
2025-09-19 08:28:21,086 - INFO - Processing /viper/ptmp/arego/Red_T_7K_1/10491.h5
2025-09-19 08:28:21,091 - INFO - Processing /viper/ptmp/arego/Red_T_7K_1/13689.h5
2025-09-19 08:28:21,287 - INFO - Processing /viper/ptmp/arego/Red_T_7K_1/5305.h5
2025-09-19 08:28:21,391 - INFO - File 14549: Filtered 873762 hits and 4 records
2025-09-19 08:28:21,421 - INFO - File 23366: Filtered 659108 hits and 3 records
2025-09-19 08:28:21,591 - INFO - Completed /viper/ptmp/arego/Red_T_7K_1_EN_100/5307.h5 in 4.97 seconds
2025-09-19 08:28:21,718 - INFO - File 14378: Filtered 2132785 hits and 6 records
2025-09-19 08:28:21,744 - INFO - Processing /viper/ptmp/arego/Red_T_7K_1/6326.h5
2025-09-19 08:28:21,808 - INFO - File 13689: Filtered 1190520 hits and 7 records
2025-09-19 08:28:22,015 - INFO - File 10491: Filtered 1587763 hits and 8 records
2025-09-19 08:28:22,172 - INFO - File 5305: Filtered 980453 hits and 5 records
2025-09-19 08:28:22,607 - INFO - File 6326: Filtered 1246603 hits and 5 records
2025-09-19 08:28:22,640 - INFO - Completed /viper/ptmp/arego/Red_T_7K_1_EN_100/18614.h5 in 8.99 seconds
2025-09-19 08:28:22,681 - INFO - Completed /viper/ptmp/arego/Red_T_7K_1_EN_100/15397.h5 in 10.01 seconds
2025-09-19 08:28:22,713 - INFO - Processing /viper/ptmp/arego/Red_T_7K_1/17389.h5
2025-09-19 08:28:22,791 - INFO - Completed /viper/ptmp/arego/Red_T_7K_1_EN_100/16023.h5 in 8.26 seconds
2025-09-19 08:28:22,884 - INFO - Processing /viper/ptmp/arego/Red_T_7K_1/11199.h5
2025-09-19 08:28:22,931 - INFO - Processing /viper/ptmp/arego/Red_T_7K_1/17336.h5
2025-09-19 08:28:23,253 - INFO - Completed /viper/ptmp/arego/Red_T_7K_1_EN_100/15947.h5 in 7.64 seconds
2025-09-19 08:28:23,318 - INFO - Processing /viper/ptmp/arego/Red_T_7K_1/11772.h5
2025-09-19 08:28:23,558 - INFO - Completed /viper/ptmp/arego/Red_T_7K_1_EN_100/20352.h5 in 8.25 seconds
2025-09-19 08:28:23,611 - INFO - File 11199: Filtered 857177 hits and 3 records
2025-09-19 08:28:23,629 - INFO - Processing /viper/ptmp/arego/Red_T_7K_1/12319.h5
2025-09-19 08:28:23,647 - INFO - File 17389: Filtered 1709232 hits and 6 records
2025-09-19 08:28:23,882 - INFO - File 17336: Filtered 1057836 hits and 3 records
2025-09-19 08:28:24,060 - INFO - File 11772: Filtered 840947 hits and 4 records
2025-09-19 08:28:24,139 - INFO - Completed /viper/ptmp/arego/Red_T_7K_1_EN_100/14238.h5 in 9.97 seconds
2025-09-19 08:28:24,231 - INFO - Processing /viper/ptmp/arego/Red_T_7K_1/17712.h5
2025-09-19 08:28:24,459 - INFO - File 12319: Filtered 1034871 hits and 2 records
2025-09-19 08:28:24,472 - INFO - Completed /viper/ptmp/arego/Red_T_7K_1_EN_100/5306.h5 in 8.97 seconds
2025-09-19 08:28:24,624 - INFO - Processing /viper/ptmp/arego/Red_T_7K_1/17297.h5
2025-09-19 08:28:24,997 - INFO - File 17712: Filtered 386195 hits and 4 records
2025-09-19 08:28:25,235 - INFO - Completed /viper/ptmp/arego/Red_T_7K_1_EN_100/14731.h5 in 9.05 seconds
2025-09-19 08:28:25,301 - INFO - Processing /viper/ptmp/arego/Red_T_7K_1/9809.h5
2025-09-19 08:28:25,481 - INFO - File 17297: Filtered 2756284 hits and 10 records
2025-09-19 08:28:25,496 - INFO - Completed /viper/ptmp/arego/Red_T_7K_1_EN_100/14378.h5 in 4.66 seconds
2025-09-19 08:28:25,613 - INFO - Processing /viper/ptmp/arego/Red_T_7K_1/20799.h5
2025-09-19 08:28:25,853 - INFO - Completed /viper/ptmp/arego/Red_T_7K_1_EN_100/10801.h5 in 12.28 seconds
2025-09-19 08:28:25,968 - INFO - Processing /viper/ptmp/arego/Red_T_7K_1/8298.h5
2025-09-19 08:28:26,131 - INFO - File 9809: Filtered 1265952 hits and 6 records
2025-09-19 08:28:26,440 - INFO - File 20799: Filtered 1590284 hits and 4 records
2025-09-19 08:28:26,504 - INFO - Completed /viper/ptmp/arego/Red_T_7K_1_EN_100/8469.h5 in 8.71 seconds
2025-09-19 08:28:26,565 - INFO - Processing /viper/ptmp/arego/Red_T_7K_1/20001.h5
2025-09-19 08:28:26,588 - INFO - Completed /viper/ptmp/arego/Red_T_7K_1_EN_100/491.h5 in 10.71 seconds
2025-09-19 08:28:26,691 - INFO - Processing /viper/ptmp/arego/Red_T_7K_1/11213.h5
2025-09-19 08:28:26,900 - INFO - File 8298: Filtered 1261058 hits and 5 records
2025-09-19 08:28:27,297 - INFO - Completed /viper/ptmp/arego/Red_T_7K_1_EN_100/19013.h5 in 10.47 seconds
2025-09-19 08:28:27,365 - INFO - Processing /viper/ptmp/arego/Red_T_7K_1/5993.h5
2025-09-19 08:28:27,413 - INFO - File 11213: Filtered 1365513 hits and 5 records
2025-09-19 08:28:27,489 - INFO - Completed /viper/ptmp/arego/Red_T_7K_1_EN_100/21874.h5 in 11.05 seconds
2025-09-19 08:28:27,554 - INFO - File 20001: Filtered 1401620 hits and 3 records
2025-09-19 08:28:27,682 - INFO - Processing /viper/ptmp/arego/Red_T_7K_1/10227.h5
2025-09-19 08:28:28,220 - INFO - File 5993: Filtered 1604177 hits and 6 records
2025-09-19 08:28:28,306 - INFO - Completed /viper/ptmp/arego/Red_T_7K_1_EN_100/2065.h5 in 8.72 seconds
2025-09-19 08:28:28,308 - INFO - Completed /viper/ptmp/arego/Red_T_7K_1_EN_100/13689.h5 in 7.22 seconds
2025-09-19 08:28:28,374 - INFO - Processing /viper/ptmp/arego/Red_T_7K_1/4661.h5
2025-09-19 08:28:28,422 - INFO - Processing /viper/ptmp/arego/Red_T_7K_1/14213.h5
2025-09-19 08:28:28,549 - INFO - File 10227: Filtered 2013118 hits and 8 records
2025-09-19 08:28:29,228 - INFO - File 14213: Filtered 2243082 hits and 9 records
2025-09-19 08:28:29,272 - INFO - File 4661: Filtered 1367807 hits and 4 records
2025-09-19 08:28:29,322 - INFO - Completed /viper/ptmp/arego/Red_T_7K_1_EN_100/2698.h5 in 12.50 seconds
2025-09-19 08:28:29,436 - INFO - Processing /viper/ptmp/arego/Red_T_7K_1/17785.h5
2025-09-19 08:28:29,628 - INFO - Completed /viper/ptmp/arego/Red_T_7K_1_EN_100/17297.h5 in 5.00 seconds
2025-09-19 08:28:29,786 - INFO - Processing /viper/ptmp/arego/Red_T_7K_1/3505.h5
2025-09-19 08:28:30,205 - INFO - File 17785: Filtered 1181111 hits and 5 records
2025-09-19 08:28:30,470 - INFO - Completed /viper/ptmp/arego/Red_T_7K_1_EN_100/11772.h5 in 7.15 seconds
2025-09-19 08:28:30,533 - INFO - Processing /viper/ptmp/arego/Red_T_7K_1/2897.h5
2025-09-19 08:28:30,766 - INFO - File 3505: Filtered 808523 hits and 3 records
2025-09-19 08:28:31,369 - INFO - File 2897: Filtered 866778 hits and 5 records
2025-09-19 08:28:31,491 - INFO - Completed /viper/ptmp/arego/Red_T_7K_1_EN_100/6326.h5 in 9.75 seconds
2025-09-19 08:28:31,575 - INFO - Processing /viper/ptmp/arego/Red_T_7K_1/991.h5
2025-09-19 08:28:31,740 - INFO - Completed /viper/ptmp/arego/Red_T_7K_1_EN_100/10491.h5 in 10.65 seconds
2025-09-19 08:28:31,817 - INFO - Processing /viper/ptmp/arego/Red_T_7K_1/5921.h5
2025-09-19 08:28:31,998 - INFO - Completed /viper/ptmp/arego/Red_T_7K_1_EN_100/17382.h5 in 17.00 seconds
2025-09-19 08:28:32,084 - INFO - Completed /viper/ptmp/arego/Red_T_7K_1_EN_100/5305.h5 in 10.80 seconds
2025-09-19 08:28:32,099 - INFO - Processing /viper/ptmp/arego/Red_T_7K_1/10711.h5
2025-09-19 08:28:32,152 - INFO - Processing /viper/ptmp/arego/Red_T_7K_1/13093.h5
2025-09-19 08:28:32,462 - INFO - File 991: Filtered 1107439 hits and 3 records
2025-09-19 08:28:32,594 - INFO - File 5921: Filtered 691059 hits and 5 records
2025-09-19 08:28:32,834 - INFO - Completed /viper/ptmp/arego/Red_T_7K_1_EN_100/11199.h5 in 9.95 seconds
2025-09-19 08:28:32,884 - INFO - File 10711: Filtered 1534711 hits and 6 records
2025-09-19 08:28:32,910 - INFO - Processing /viper/ptmp/arego/Red_T_7K_1/18106.h5
2025-09-19 08:28:33,012 - INFO - Completed /viper/ptmp/arego/Red_T_7K_1_EN_100/17389.h5 in 10.30 seconds
2025-09-19 08:28:33,025 - INFO - File 13093: Filtered 937337 hits and 3 records
2025-09-19 08:28:33,077 - INFO - Processing /viper/ptmp/arego/Red_T_7K_1/1270.h5
2025-09-19 08:28:33,304 - INFO - Completed /viper/ptmp/arego/Red_T_7K_1_EN_100/14549.h5 in 12.91 seconds
2025-09-19 08:28:33,388 - INFO - Processing /viper/ptmp/arego/Red_T_7K_1/8630.h5
2025-09-19 08:28:33,683 - INFO - File 18106: Filtered 623383 hits and 3 records
2025-09-19 08:28:34,010 - INFO - File 1270: Filtered 1589735 hits and 6 records
2025-09-19 08:28:34,032 - INFO - Completed /viper/ptmp/arego/Red_T_7K_1_EN_100/12319.h5 in 10.40 seconds
2025-09-19 08:28:34,086 - INFO - Completed /viper/ptmp/arego/Red_T_7K_1_EN_100/17336.h5 in 11.15 seconds
2025-09-19 08:28:34,101 - INFO - Processing /viper/ptmp/arego/Red_T_7K_1/21824.h5
2025-09-19 08:28:34,102 - INFO - Completed /viper/ptmp/arego/Red_T_7K_1_EN_100/20799.h5 in 8.49 seconds
2025-09-19 08:28:34,175 - INFO - Processing /viper/ptmp/arego/Red_T_7K_1/16689.h5
2025-09-19 08:28:34,377 - INFO - Processing /viper/ptmp/arego/Red_T_7K_1/7807.h5
2025-09-19 08:28:34,453 - INFO - File 8630: Filtered 1902316 hits and 8 records
2025-09-19 08:28:34,457 - INFO - Completed /viper/ptmp/arego/Red_T_7K_1_EN_100/9809.h5 in 9.16 seconds
2025-09-19 08:28:34,546 - INFO - Processing /viper/ptmp/arego/Red_T_7K_1/19974.h5
2025-09-19 08:28:34,950 - INFO - File 21824: Filtered 1803643 hits and 4 records
2025-09-19 08:28:35,121 - INFO - Completed /viper/ptmp/arego/Red_T_7K_1_EN_100/10227.h5 in 7.44 seconds
2025-09-19 08:28:35,307 - INFO - Processing /viper/ptmp/arego/Red_T_7K_1/13109.h5
2025-09-19 08:28:35,433 - INFO - File 7807: Filtered 1781525 hits and 3 records
2025-09-19 08:28:35,439 - INFO - Completed /viper/ptmp/arego/Red_T_7K_1_EN_100/11213.h5 in 8.75 seconds
2025-09-19 08:28:35,503 - INFO - Processing /viper/ptmp/arego/Red_T_7K_1/13748.h5
2025-09-19 08:28:35,565 - INFO - File 19974: Filtered 2259996 hits and 4 records
2025-09-19 08:28:35,697 - INFO - Completed /viper/ptmp/arego/Red_T_7K_1_EN_100/14213.h5 in 7.28 seconds
2025-09-19 08:28:35,781 - INFO - Processing /viper/ptmp/arego/Red_T_7K_1/19242.h5
2025-09-19 08:28:36,020 - INFO - File 16689: Filtered 804013 hits and 4 records
2025-09-19 08:28:36,182 - INFO - Completed /viper/ptmp/arego/Red_T_7K_1_EN_100/23366.h5 in 15.66 seconds
2025-09-19 08:28:36,266 - INFO - File 13109: Filtered 890212 hits and 4 records
2025-09-19 08:28:36,280 - INFO - Processing /viper/ptmp/arego/Red_T_7K_1/11585.h5
2025-09-19 08:28:36,323 - INFO - Completed /viper/ptmp/arego/Red_T_7K_1_EN_100/8298.h5 in 10.36 seconds
2025-09-19 08:28:36,343 - INFO - Completed /viper/ptmp/arego/Red_T_7K_1_EN_100/5993.h5 in 8.98 seconds
2025-09-19 08:28:36,378 - INFO - File 13748: Filtered 1855003 hits and 5 records
2025-09-19 08:28:36,423 - INFO - Processing /viper/ptmp/arego/Red_T_7K_1/3567.h5
2025-09-19 08:28:36,680 - INFO - Processing /viper/ptmp/arego/Red_T_7K_1/6938.h5
2025-09-19 08:28:36,767 - INFO - File 19242: Filtered 1633195 hits and 6 records
2025-09-19 08:28:37,197 - INFO - File 11585: Filtered 1272163 hits and 3 records
2025-09-19 08:28:37,389 - INFO - File 3567: Filtered 1728160 hits and 5 records
2025-09-19 08:28:37,717 - INFO - File 6938: Filtered 656796 hits and 6 records
2025-09-19 08:28:37,885 - INFO - Completed /viper/ptmp/arego/Red_T_7K_1_EN_100/10711.h5 in 5.79 seconds
2025-09-19 08:28:37,941 - INFO - Processing /viper/ptmp/arego/Red_T_7K_1/7285.h5
2025-09-19 08:28:38,581 - INFO - Completed /viper/ptmp/arego/Red_T_7K_1_EN_100/4661.h5 in 10.21 seconds
2025-09-19 08:28:38,638 - INFO - Processing /viper/ptmp/arego/Red_T_7K_1/22359.h5
2025-09-19 08:28:38,723 - INFO - File 7285: Filtered 1240323 hits and 3 records
2025-09-19 08:28:39,087 - INFO - Completed /viper/ptmp/arego/Red_T_7K_1_EN_100/17712.h5 in 14.86 seconds
2025-09-19 08:28:39,183 - INFO - Processing /viper/ptmp/arego/Red_T_7K_1/12174.h5
2025-09-19 08:28:39,936 - INFO - File 22359: Filtered 429781 hits and 4 records
2025-09-19 08:28:40,133 - INFO - File 12174: Filtered 1223980 hits and 5 records
2025-09-19 08:28:40,591 - INFO - Completed /viper/ptmp/arego/Red_T_7K_1_EN_100/17785.h5 in 11.16 seconds
2025-09-19 08:28:40,663 - INFO - Completed /viper/ptmp/arego/Red_T_7K_1_EN_100/6139.h5 in 23.12 seconds
2025-09-19 08:28:40,730 - INFO - Processing /viper/ptmp/arego/Red_T_7K_1/17413.h5
2025-09-19 08:28:40,736 - INFO - Processing /viper/ptmp/arego/Red_T_7K_1/20564.h5
2025-09-19 08:28:41,135 - INFO - Completed /viper/ptmp/arego/Red_T_7K_1_EN_100/20001.h5 in 14.57 seconds
2025-09-19 08:28:41,208 - INFO - Processing /viper/ptmp/arego/Red_T_7K_1/20970.h5
2025-09-19 08:28:41,690 - INFO - File 20564: Filtered 2238618 hits and 3 records
2025-09-19 08:28:41,691 - INFO - File 17413: Filtered 1584417 hits and 5 records
2025-09-19 08:28:42,026 - INFO - Completed /viper/ptmp/arego/Red_T_7K_1_EN_100/19974.h5 in 7.48 seconds
2025-09-19 08:28:42,096 - INFO - Processing /viper/ptmp/arego/Red_T_7K_1/2026.h5
2025-09-19 08:28:42,203 - INFO - File 20970: Filtered 2365618 hits and 5 records
2025-09-19 08:28:42,592 - INFO - Completed /viper/ptmp/arego/Red_T_7K_1_EN_100/21824.h5 in 8.49 seconds
2025-09-19 08:28:42,662 - INFO - Processing /viper/ptmp/arego/Red_T_7K_1/21320.h5
2025-09-19 08:28:42,738 - INFO - Completed /viper/ptmp/arego/Red_T_7K_1_EN_100/2897.h5 in 12.21 seconds
2025-09-19 08:28:42,804 - INFO - Processing /viper/ptmp/arego/Red_T_7K_1/4293.h5
2025-09-19 08:28:42,868 - INFO - Completed /viper/ptmp/arego/Red_T_7K_1_EN_100/3505.h5 in 13.08 seconds
2025-09-19 08:28:42,943 - INFO - Processing /viper/ptmp/arego/Red_T_7K_1/11582.h5
2025-09-19 08:28:43,081 - INFO - File 2026: Filtered 1717377 hits and 5 records
2025-09-19 08:28:43,398 - INFO - Completed /viper/ptmp/arego/Red_T_7K_1_EN_100/7807.h5 in 9.02 seconds
2025-09-19 08:28:43,501 - INFO - Processing /viper/ptmp/arego/Red_T_7K_1/16790.h5
2025-09-19 08:28:43,610 - INFO - File 21320: Filtered 1857673 hits and 3 records
2025-09-19 08:28:43,711 - INFO - File 4293: Filtered 845387 hits and 5 records
2025-09-19 08:28:43,726 - INFO - Completed /viper/ptmp/arego/Red_T_7K_1_EN_100/8630.h5 in 10.34 seconds
2025-09-19 08:28:43,791 - INFO - Processing /viper/ptmp/arego/Red_T_7K_1/22201.h5
2025-09-19 08:28:43,832 - INFO - File 11582: Filtered 1429995 hits and 7 records
2025-09-19 08:28:44,333 - INFO - Completed /viper/ptmp/arego/Red_T_7K_1_EN_100/13748.h5 in 8.83 seconds
2025-09-19 08:28:44,334 - INFO - Completed /viper/ptmp/arego/Red_T_7K_1_EN_100/991.h5 in 12.76 seconds
2025-09-19 08:28:44,429 - INFO - Processing /viper/ptmp/arego/Red_T_7K_1/12578.h5
2025-09-19 08:28:44,505 - INFO - Completed /viper/ptmp/arego/Red_T_7K_1_EN_100/13093.h5 in 12.35 seconds
2025-09-19 08:28:44,506 - INFO - Completed /viper/ptmp/arego/Red_T_7K_1_EN_100/5921.h5 in 12.69 seconds
2025-09-19 08:28:44,516 - INFO - File 16790: Filtered 1456496 hits and 4 records
2025-09-19 08:28:44,572 - INFO - Processing /viper/ptmp/arego/Red_T_7K_1/15493.h5
2025-09-19 08:28:44,581 - INFO - Processing /viper/ptmp/arego/Red_T_7K_1/7812.h5
2025-09-19 08:28:44,609 - INFO - Processing /viper/ptmp/arego/Red_T_7K_1/16522.h5
2025-09-19 08:28:44,772 - INFO - File 22201: Filtered 2115756 hits and 7 records
2025-09-19 08:28:44,859 - INFO - Completed /viper/ptmp/arego/Red_T_7K_1_EN_100/1270.h5 in 11.78 seconds
2025-09-19 08:28:44,945 - INFO - Processing /viper/ptmp/arego/Red_T_7K_1/4917.h5
2025-09-19 08:28:44,996 - INFO - Completed /viper/ptmp/arego/Red_T_7K_1_EN_100/18106.h5 in 12.09 seconds
2025-09-19 08:28:45,066 - INFO - Processing /viper/ptmp/arego/Red_T_7K_1/12378.h5
2025-09-19 08:28:45,292 - INFO - File 12578: Filtered 2645591 hits and 5 records
2025-09-19 08:28:45,591 - INFO - File 16522: Filtered 1832634 hits and 6 records
2025-09-19 08:28:45,607 - INFO - File 7812: Filtered 2268003 hits and 4 records
2025-09-19 08:28:45,643 - INFO - File 15493: Filtered 428234 hits and 5 records
2025-09-19 08:28:45,901 - INFO - File 12378: Filtered 1543603 hits and 4 records
2025-09-19 08:28:46,101 - INFO - File 4917: Filtered 1808702 hits and 4 records
2025-09-19 08:28:46,641 - INFO - Completed /viper/ptmp/arego/Red_T_7K_1_EN_100/11585.h5 in 10.36 seconds
2025-09-19 08:28:46,707 - INFO - Processing /viper/ptmp/arego/Red_T_7K_1/8594.h5
2025-09-19 08:28:47,170 - INFO - Completed /viper/ptmp/arego/Red_T_7K_1_EN_100/3567.h5 in 10.75 seconds
2025-09-19 08:28:47,171 - INFO - Completed /viper/ptmp/arego/Red_T_7K_1_EN_100/19242.h5 in 11.39 seconds
2025-09-19 08:28:47,236 - INFO - Processing /viper/ptmp/arego/Red_T_7K_1/10210.h5
2025-09-19 08:28:47,452 - INFO - Processing /viper/ptmp/arego/Red_T_7K_1/13476.h5
2025-09-19 08:28:47,564 - INFO - File 8594: Filtered 1668931 hits and 9 records
2025-09-19 08:28:48,496 - INFO - File 13476: Filtered 2357819 hits and 7 records
2025-09-19 08:28:48,650 - INFO - Completed /viper/ptmp/arego/Red_T_7K_1_EN_100/13109.h5 in 13.34 seconds
2025-09-19 08:28:48,719 - INFO - Processing /viper/ptmp/arego/Red_T_7K_1/4079.h5
2025-09-19 08:28:49,533 - INFO - Completed /viper/ptmp/arego/Red_T_7K_1_EN_100/20564.h5 in 8.80 seconds
2025-09-19 08:28:49,598 - INFO - Processing /viper/ptmp/arego/Red_T_7K_1/2354.h5
2025-09-19 08:28:49,807 - INFO - Completed /viper/ptmp/arego/Red_T_7K_1_EN_100/12578.h5 in 5.38 seconds
2025-09-19 08:28:49,894 - INFO - File 4079: Filtered 2282937 hits and 6 records
2025-09-19 08:28:49,911 - INFO - Processing /viper/ptmp/arego/Red_T_7K_1/21460.h5
2025-09-19 08:28:50,093 - INFO - Completed /viper/ptmp/arego/Red_T_7K_1_EN_100/7285.h5 in 12.15 seconds
2025-09-19 08:28:50,266 - INFO - Processing /viper/ptmp/arego/Red_T_7K_1/22791.h5
2025-09-19 08:28:50,283 - INFO - File 10210: Filtered 122307 hits and 3 records
2025-09-19 08:28:50,745 - INFO - Completed /viper/ptmp/arego/Red_T_7K_1_EN_100/20970.h5 in 9.54 seconds
2025-09-19 08:28:50,753 - INFO - Completed /viper/ptmp/arego/Red_T_7K_1_EN_100/17413.h5 in 10.02 seconds
2025-09-19 08:28:50,787 - INFO - File 2354: Filtered 435471 hits and 3 records
2025-09-19 08:28:50,813 - INFO - Processing /viper/ptmp/arego/Red_T_7K_1/19597.h5
2025-09-19 08:28:50,893 - INFO - Processing /viper/ptmp/arego/Red_T_7K_1/7093.h5
2025-09-19 08:28:50,925 - INFO - File 21460: Filtered 1369166 hits and 5 records
2025-09-19 08:28:51,099 - INFO - Completed /viper/ptmp/arego/Red_T_7K_1_EN_100/12174.h5 in 11.92 seconds
2025-09-19 08:28:51,237 - INFO - Processing /viper/ptmp/arego/Red_T_7K_1/7787.h5
2025-09-19 08:28:51,893 - INFO - File 22791: Filtered 1259978 hits and 8 records
2025-09-19 08:28:51,901 - INFO - File 19597: Filtered 2747593 hits and 7 records
2025-09-19 08:28:51,920 - INFO - File 7093: Filtered 2496642 hits and 5 records
2025-09-19 08:28:52,156 - INFO - File 7787: Filtered 1828847 hits and 6 records
2025-09-19 08:28:52,347 - INFO - Completed /viper/ptmp/arego/Red_T_7K_1_EN_100/6938.h5 in 15.67 seconds
2025-09-19 08:28:52,410 - INFO - Processing /viper/ptmp/arego/Red_T_7K_1/19018.h5
2025-09-19 08:28:52,451 - INFO - Completed /viper/ptmp/arego/Red_T_7K_1_EN_100/21320.h5 in 9.79 seconds
2025-09-19 08:28:52,651 - INFO - Processing /viper/ptmp/arego/Red_T_7K_1/12512.h5
2025-09-19 08:28:53,098 - INFO - Completed /viper/ptmp/arego/Red_T_7K_1_EN_100/22201.h5 in 9.31 seconds
2025-09-19 08:28:53,162 - INFO - Processing /viper/ptmp/arego/Red_T_7K_1/21682.h5
2025-09-19 08:28:53,406 - INFO - File 19018: Filtered 1884241 hits and 4 records
2025-09-19 08:28:53,551 - INFO - Completed /viper/ptmp/arego/Red_T_7K_1_EN_100/2026.h5 in 11.46 seconds
2025-09-19 08:28:53,594 - INFO - Processing /viper/ptmp/arego/Red_T_7K_1/22755.h5
2025-09-19 08:28:53,822 - INFO - File 12512: Filtered 150547 hits and 2 records
2025-09-19 08:28:54,203 - INFO - File 21682: Filtered 1107824 hits and 3 records
2025-09-19 08:28:54,504 - INFO - Completed /viper/ptmp/arego/Red_T_7K_1_EN_100/12378.h5 in 9.44 seconds
2025-09-19 08:28:54,551 - INFO - Processing /viper/ptmp/arego/Red_T_7K_1/7230.h5
2025-09-19 08:28:54,723 - INFO - Completed /viper/ptmp/arego/Red_T_7K_1_EN_100/11582.h5 in 11.78 seconds
2025-09-19 08:28:54,806 - INFO - Completed /viper/ptmp/arego/Red_T_7K_1_EN_100/16522.h5 in 10.20 seconds
2025-09-19 08:28:54,816 - INFO - Processing /viper/ptmp/arego/Red_T_7K_1/20505.h5
2025-09-19 08:28:54,827 - INFO - File 22755: Filtered 278234 hits and 6 records
2025-09-19 08:28:55,074 - INFO - Completed /viper/ptmp/arego/Red_T_7K_1_EN_100/7812.h5 in 10.49 seconds
2025-09-19 08:28:55,095 - INFO - Processing /viper/ptmp/arego/Red_T_7K_1/7365.h5
2025-09-19 08:28:55,137 - INFO - Processing /viper/ptmp/arego/Red_T_7K_1/12089.h5
2025-09-19 08:28:55,374 - INFO - File 7230: Filtered 1747461 hits and 5 records
2025-09-19 08:28:55,611 - INFO - Completed /viper/ptmp/arego/Red_T_7K_1_EN_100/4293.h5 in 12.81 seconds
2025-09-19 08:28:55,680 - INFO - Processing /viper/ptmp/arego/Red_T_7K_1/9242.h5
2025-09-19 08:28:55,811 - INFO - Completed /viper/ptmp/arego/Red_T_7K_1_EN_100/16790.h5 in 12.31 seconds
2025-09-19 08:28:55,838 - INFO - File 20505: Filtered 984650 hits and 4 records
2025-09-19 08:28:55,850 - INFO - Processing /viper/ptmp/arego/Red_T_7K_1/22742.h5
2025-09-19 08:28:56,291 - INFO - File 7365: Filtered 382060 hits and 6 records
2025-09-19 08:28:56,505 - INFO - Completed /viper/ptmp/arego/Red_T_7K_1_EN_100/8594.h5 in 9.80 seconds
2025-09-19 08:28:56,586 - INFO - File 12089: Filtered 28263 hits and 1 records
2025-09-19 08:28:56,608 - INFO - Processing /viper/ptmp/arego/Red_T_7K_1/9769.h5
2025-09-19 08:28:56,861 - INFO - File 9242: Filtered 384831 hits and 2 records
2025-09-19 08:28:57,099 - INFO - Completed /viper/ptmp/arego/Red_T_7K_1_EN_100/4917.h5 in 12.15 seconds
2025-09-19 08:28:57,170 - INFO - Processing /viper/ptmp/arego/Red_T_7K_1/22816.h5
2025-09-19 08:28:57,446 - INFO - File 22742: Filtered 348954 hits and 4 records
2025-09-19 08:28:57,638 - INFO - File 9769: Filtered 3320919 hits and 3 records
2025-09-19 08:28:58,160 - INFO - File 22816: Filtered 1866820 hits and 8 records
2025-09-19 08:28:58,611 - INFO - Completed /viper/ptmp/arego/Red_T_7K_1_EN_100/13476.h5 in 11.16 seconds
2025-09-19 08:28:58,647 - INFO - Processing /viper/ptmp/arego/Red_T_7K_1/575.h5
2025-09-19 08:28:58,674 - INFO - Completed /viper/ptmp/arego/Red_T_7K_1_EN_100/7093.h5 in 7.78 seconds
2025-09-19 08:28:58,776 - INFO - Processing /viper/ptmp/arego/Red_T_7K_1/11518.h5
2025-09-19 08:28:59,408 - INFO - Completed /viper/ptmp/arego/Red_T_7K_1_EN_100/22359.h5 in 20.77 seconds
2025-09-19 08:28:59,473 - INFO - Processing /viper/ptmp/arego/Red_T_7K_1/5446.h5
2025-09-19 08:28:59,689 - INFO - File 575: Filtered 1363430 hits and 3 records
2025-09-19 08:28:59,884 - INFO - File 11518: Filtered 1080328 hits and 4 records
2025-09-19 08:29:00,006 - INFO - Completed /viper/ptmp/arego/Red_T_7K_1_EN_100/4079.h5 in 11.29 seconds
2025-09-19 08:29:00,102 - INFO - Processing /viper/ptmp/arego/Red_T_7K_1/5095.h5
2025-09-19 08:29:00,550 - INFO - File 5446: Filtered 4966916 hits and 5 records
2025-09-19 08:29:00,815 - INFO - Completed /viper/ptmp/arego/Red_T_7K_1_EN_100/19597.h5 in 10.00 seconds
2025-09-19 08:29:00,850 - INFO - Processing /viper/ptmp/arego/Red_T_7K_1/1398.h5
2025-09-19 08:29:01,849 - INFO - Completed /viper/ptmp/arego/Red_T_7K_1_EN_100/7787.h5 in 10.61 seconds
2025-09-19 08:29:01,970 - INFO - Processing /viper/ptmp/arego/Red_T_7K_1/7839.h5
2025-09-19 08:29:02,033 - INFO - File 1398: Filtered 1434546 hits and 2 records
2025-09-19 08:29:02,246 - INFO - Completed /viper/ptmp/arego/Red_T_7K_1_EN_100/9769.h5 in 5.64 seconds
2025-09-19 08:29:02,292 - INFO - File 5095: Filtered 720253 hits and 5 records
2025-09-19 08:29:02,331 - INFO - Processing /viper/ptmp/arego/Red_T_7K_1/13407.h5
2025-09-19 08:29:02,684 - INFO - Completed /viper/ptmp/arego/Red_T_7K_1_EN_100/5446.h5 in 3.21 seconds
2025-09-19 08:29:02,748 - INFO - Processing /viper/ptmp/arego/Red_T_7K_1/3283.h5
2025-09-19 08:29:03,001 - INFO - File 7839: Filtered 1147505 hits and 3 records
2025-09-19 08:29:03,012 - INFO - Completed /viper/ptmp/arego/Red_T_7K_1_EN_100/7230.h5 in 8.46 seconds
2025-09-19 08:29:03,083 - INFO - Processing /viper/ptmp/arego/Red_T_7K_1/16727.h5
2025-09-19 08:29:03,161 - INFO - Completed /viper/ptmp/arego/Red_T_7K_1_EN_100/15493.h5 in 18.59 seconds
2025-09-19 08:29:03,245 - INFO - Processing /viper/ptmp/arego/Red_T_7K_1/7947.h5
2025-09-19 08:29:03,431 - INFO - File 13407: Filtered 1303908 hits and 4 records
2025-09-19 08:29:03,605 - INFO - Completed /viper/ptmp/arego/Red_T_7K_1_EN_100/21460.h5 in 13.69 seconds
2025-09-19 08:29:03,698 - INFO - Processing /viper/ptmp/arego/Red_T_7K_1/124.h5
2025-09-19 08:29:03,971 - INFO - File 16727: Filtered 4116519 hits and 6 records
2025-09-19 08:29:04,427 - INFO - File 7947: Filtered 2154887 hits and 7 records
2025-09-19 08:29:04,581 - INFO - File 124: Filtered 921056 hits and 3 records
2025-09-19 08:29:04,623 - INFO - File 3283: Filtered 1242514 hits and 6 records
2025-09-19 08:29:04,742 - INFO - Completed /viper/ptmp/arego/Red_T_7K_1_EN_100/16727.h5 in 1.66 seconds
2025-09-19 08:29:04,806 - INFO - Processing /viper/ptmp/arego/Red_T_7K_1/20720.h5
2025-09-19 08:29:05,082 - INFO - Completed /viper/ptmp/arego/Red_T_7K_1_EN_100/19018.h5 in 12.67 seconds
2025-09-19 08:29:05,152 - INFO - Processing /viper/ptmp/arego/Red_T_7K_1/6291.h5
2025-09-19 08:29:05,735 - INFO - File 20720: Filtered 2357294 hits and 3 records
2025-09-19 08:29:06,306 - INFO - File 6291: Filtered 1743708 hits and 6 records
2025-09-19 08:29:08,436 - INFO - Completed /viper/ptmp/arego/Red_T_7K_1_EN_100/16689.h5 in 34.26 seconds
2025-09-19 08:29:08,497 - INFO - Processing /viper/ptmp/arego/Red_T_7K_1/11745.h5
2025-09-19 08:29:08,674 - INFO - Completed /viper/ptmp/arego/Red_T_7K_1_EN_100/21682.h5 in 15.51 seconds
2025-09-19 08:29:08,751 - INFO - Processing /viper/ptmp/arego/Red_T_7K_1/22551.h5
2025-09-19 08:29:09,699 - INFO - Completed /viper/ptmp/arego/Red_T_7K_1_EN_100/22816.h5 in 12.53 seconds
2025-09-19 08:29:09,791 - INFO - Processing /viper/ptmp/arego/Red_T_7K_1/4990.h5
2025-09-19 08:29:09,931 - INFO - File 11745: Filtered 3070389 hits and 4 records
2025-09-19 08:29:09,955 - INFO - File 22551: Filtered 1803907 hits and 5 records
2025-09-19 08:29:10,950 - INFO - File 4990: Filtered 2317266 hits and 5 records
2025-09-19 08:29:11,066 - INFO - Completed /viper/ptmp/arego/Red_T_7K_1_EN_100/20505.h5 in 16.25 seconds
2025-09-19 08:29:11,164 - INFO - Processing /viper/ptmp/arego/Red_T_7K_1/2515.h5
2025-09-19 08:29:11,307 - INFO - Completed /viper/ptmp/arego/Red_T_7K_1_EN_100/2354.h5 in 21.71 seconds
2025-09-19 08:29:11,393 - INFO - Processing /viper/ptmp/arego/Red_T_7K_1/16033.h5
2025-09-19 08:29:12,215 - INFO - File 2515: Filtered 1239390 hits and 7 records
2025-09-19 08:29:12,594 - INFO - File 16033: Filtered 1590905 hits and 4 records
2025-09-19 08:29:12,815 - INFO - Completed /viper/ptmp/arego/Red_T_7K_1_EN_100/7365.h5 in 17.72 seconds
2025-09-19 08:29:12,919 - INFO - Processing /viper/ptmp/arego/Red_T_7K_1/12004.h5
2025-09-19 08:29:13,080 - INFO - Completed /viper/ptmp/arego/Red_T_7K_1_EN_100/12512.h5 in 20.43 seconds
2025-09-19 08:29:13,151 - INFO - Processing /viper/ptmp/arego/Red_T_7K_1/534.h5
2025-09-19 08:29:13,557 - INFO - Completed /viper/ptmp/arego/Red_T_7K_1_EN_100/20720.h5 in 8.75 seconds
2025-09-19 08:29:13,630 - INFO - Processing /viper/ptmp/arego/Red_T_7K_1/5060.h5
2025-09-19 08:29:14,002 - INFO - Completed /viper/ptmp/arego/Red_T_7K_1_EN_100/22755.h5 in 20.41 seconds
2025-09-19 08:29:14,080 - INFO - File 12004: Filtered 949940 hits and 3 records
2025-09-19 08:29:14,099 - INFO - Processing /viper/ptmp/arego/Red_T_7K_1/14129.h5
2025-09-19 08:29:14,398 - INFO - File 534: Filtered 3049892 hits and 7 records
2025-09-19 08:29:14,449 - INFO - Completed /viper/ptmp/arego/Red_T_7K_1_EN_100/575.h5 in 15.80 seconds
2025-09-19 08:29:14,551 - INFO - Processing /viper/ptmp/arego/Red_T_7K_1/7109.h5
2025-09-19 08:29:14,591 - INFO - File 5060: Filtered 2990255 hits and 5 records
2025-09-19 08:29:15,447 - INFO - File 14129: Filtered 1557784 hits and 4 records
2025-09-19 08:29:15,957 - INFO - Completed /viper/ptmp/arego/Red_T_7K_1_EN_100/9242.h5 in 20.28 seconds
2025-09-19 08:29:15,976 - INFO - File 7109: Filtered 3153854 hits and 4 records
2025-09-19 08:29:15,994 - INFO - Processing /viper/ptmp/arego/Red_T_7K_1/4780.h5
2025-09-19 08:29:16,835 - INFO - Completed /viper/ptmp/arego/Red_T_7K_1_EN_100/22791.h5 in 26.57 seconds
2025-09-19 08:29:16,934 - INFO - Processing /viper/ptmp/arego/Red_T_7K_1/21258.h5
2025-09-19 08:29:17,058 - INFO - Completed /viper/ptmp/arego/Red_T_7K_1_EN_100/7839.h5 in 15.09 seconds
2025-09-19 08:29:17,201 - INFO - Processing /viper/ptmp/arego/Red_T_7K_1/22240.h5
2025-09-19 08:29:17,222 - INFO - File 4780: Filtered 2357084 hits and 6 records
2025-09-19 08:29:18,012 - INFO - Completed /viper/ptmp/arego/Red_T_7K_1_EN_100/11518.h5 in 19.24 seconds
2025-09-19 08:29:18,023 - INFO - File 21258: Filtered 2532943 hits and 4 records
2025-09-19 08:29:18,125 - INFO - Processing /viper/ptmp/arego/Red_T_7K_1/7679.h5
2025-09-19 08:29:18,293 - INFO - Completed /viper/ptmp/arego/Red_T_7K_1_EN_100/7947.h5 in 15.05 seconds
2025-09-19 08:29:18,326 - INFO - Completed /viper/ptmp/arego/Red_T_7K_1_EN_100/1398.h5 in 17.48 seconds
2025-09-19 08:29:18,336 - INFO - Completed /viper/ptmp/arego/Red_T_7K_1_EN_100/13407.h5 in 16.01 seconds
2025-09-19 08:29:18,341 - INFO - File 22240: Filtered 1506062 hits and 7 records
2025-09-19 08:29:18,374 - INFO - Processing /viper/ptmp/arego/Red_T_7K_1/21585.h5
2025-09-19 08:29:18,391 - INFO - Processing /viper/ptmp/arego/Red_T_7K_1/18148.h5
2025-09-19 08:29:18,478 - INFO - Processing /viper/ptmp/arego/Red_T_7K_1/2697.h5
2025-09-19 08:29:19,146 - INFO - File 7679: Filtered 3803955 hits and 10 records
2025-09-19 08:29:19,509 - INFO - File 2697: Filtered 1372381 hits and 2 records
2025-09-19 08:29:19,659 - INFO - File 21585: Filtered 2314861 hits and 6 records
2025-09-19 08:29:19,798 - INFO - File 18148: Filtered 2539424 hits and 4 records
2025-09-19 08:29:19,837 - INFO - Completed /viper/ptmp/arego/Red_T_7K_1_EN_100/124.h5 in 16.14 seconds
2025-09-19 08:29:20,028 - INFO - Processing /viper/ptmp/arego/Red_T_7K_1/7405.h5
2025-09-19 08:29:20,782 - INFO - Completed /viper/ptmp/arego/Red_T_7K_1_EN_100/5060.h5 in 7.15 seconds
2025-09-19 08:29:20,853 - INFO - Processing /viper/ptmp/arego/Red_T_7K_1/1210.h5
2025-09-19 08:29:21,173 - INFO - File 7405: Filtered 2006896 hits and 6 records
2025-09-19 08:29:21,824 - INFO - Completed /viper/ptmp/arego/Red_T_7K_1_EN_100/12089.h5 in 26.69 seconds
2025-09-19 08:29:21,929 - INFO - Processing /viper/ptmp/arego/Red_T_7K_1/13781.h5
2025-09-19 08:29:21,929 - INFO - File 1210: Filtered 1626686 hits and 4 records
2025-09-19 08:29:22,063 - INFO - Completed /viper/ptmp/arego/Red_T_7K_1_EN_100/6291.h5 in 16.91 seconds
2025-09-19 08:29:22,139 - INFO - Processing /viper/ptmp/arego/Red_T_7K_1/8312.h5
2025-09-19 08:29:22,266 - INFO - Completed /viper/ptmp/arego/Red_T_7K_1_EN_100/11745.h5 in 13.77 seconds
2025-09-19 08:29:22,340 - INFO - Processing /viper/ptmp/arego/Red_T_7K_1/13941.h5
2025-09-19 08:29:23,276 - INFO - File 13781: Filtered 1843636 hits and 7 records
2025-09-19 08:29:23,302 - INFO - Completed /viper/ptmp/arego/Red_T_7K_1_EN_100/22551.h5 in 14.55 seconds
2025-09-19 08:29:23,344 - INFO - Processing /viper/ptmp/arego/Red_T_7K_1/20335.h5
2025-09-19 08:29:23,413 - INFO - Completed /viper/ptmp/arego/Red_T_7K_1_EN_100/7679.h5 in 5.29 seconds
2025-09-19 08:29:23,477 - INFO - File 8312: Filtered 2178495 hits and 6 records
2025-09-19 08:29:23,479 - INFO - Processing /viper/ptmp/arego/Red_T_7K_1/20821.h5
2025-09-19 08:29:23,625 - INFO - File 13941: Filtered 2675390 hits and 3 records
2025-09-19 08:29:23,810 - INFO - Completed /viper/ptmp/arego/Red_T_7K_1_EN_100/4990.h5 in 14.02 seconds
2025-09-19 08:29:23,890 - INFO - Processing /viper/ptmp/arego/Red_T_7K_1/22979.h5
2025-09-19 08:29:24,652 - INFO - File 20335: Filtered 1785900 hits and 5 records
2025-09-19 08:29:24,678 - INFO - File 20821: Filtered 3383286 hits and 7 records
2025-09-19 08:29:25,230 - INFO - File 22979: Filtered 2378147 hits and 6 records
2025-09-19 08:29:25,580 - INFO - Completed /viper/ptmp/arego/Red_T_7K_1_EN_100/534.h5 in 12.43 seconds
2025-09-19 08:29:25,667 - INFO - Processing /viper/ptmp/arego/Red_T_7K_1/18161.h5
2025-09-19 08:29:26,512 - INFO - Completed /viper/ptmp/arego/Red_T_7K_1_EN_100/2515.h5 in 15.35 seconds
2025-09-19 08:29:26,612 - INFO - Processing /viper/ptmp/arego/Red_T_7K_1/16147.h5
2025-09-19 08:29:26,623 - INFO - Completed /viper/ptmp/arego/Red_T_7K_1_EN_100/22742.h5 in 30.77 seconds
2025-09-19 08:29:26,729 - INFO - Processing /viper/ptmp/arego/Red_T_7K_1/22607.h5
2025-09-19 08:29:27,566 - INFO - File 18161: Filtered 2449565 hits and 5 records
2025-09-19 08:29:27,616 - INFO - File 16147: Filtered 1522644 hits and 5 records
2025-09-19 08:29:27,953 - INFO - Completed /viper/ptmp/arego/Red_T_7K_1_EN_100/21258.h5 in 11.02 seconds
2025-09-19 08:29:28,010 - INFO - Completed /viper/ptmp/arego/Red_T_7K_1_EN_100/7109.h5 in 13.46 seconds
2025-09-19 08:29:28,047 - INFO - Processing /viper/ptmp/arego/Red_T_7K_1/9574.h5
2025-09-19 08:29:28,104 - INFO - Processing /viper/ptmp/arego/Red_T_7K_1/9419.h5
2025-09-19 08:29:28,245 - INFO - File 22607: Filtered 1530273 hits and 5 records
2025-09-19 08:29:28,365 - INFO - Completed /viper/ptmp/arego/Red_T_7K_1_EN_100/16033.h5 in 16.97 seconds
2025-09-19 08:29:28,433 - INFO - Processing /viper/ptmp/arego/Red_T_7K_1/10665.h5
2025-09-19 08:29:29,309 - INFO - File 9574: Filtered 1984621 hits and 3 records
2025-09-19 08:29:29,512 - INFO - File 9419: Filtered 6069820 hits and 3 records
2025-09-19 08:29:29,651 - INFO - File 10665: Filtered 3740883 hits and 9 records
2025-09-19 08:29:30,329 - INFO - Completed /viper/ptmp/arego/Red_T_7K_1_EN_100/12004.h5 in 17.41 seconds
2025-09-19 08:29:30,493 - INFO - Processing /viper/ptmp/arego/Red_T_7K_1/23057.h5
2025-09-19 08:29:31,729 - INFO - File 23057: Filtered 2482574 hits and 7 records
2025-09-19 08:29:32,221 - INFO - Completed /viper/ptmp/arego/Red_T_7K_1_EN_100/4780.h5 in 16.23 seconds
2025-09-19 08:29:32,316 - INFO - Processing /viper/ptmp/arego/Red_T_7K_1/6428.h5
2025-09-19 08:29:32,617 - INFO - Completed /viper/ptmp/arego/Red_T_7K_1_EN_100/22240.h5 in 15.42 seconds
2025-09-19 08:29:32,720 - INFO - Processing /viper/ptmp/arego/Red_T_7K_1/13397.h5
2025-09-19 08:29:32,890 - INFO - Completed /viper/ptmp/arego/Red_T_7K_1_EN_100/9419.h5 in 4.79 seconds
2025-09-19 08:29:32,961 - INFO - Processing /viper/ptmp/arego/Red_T_7K_1/18953.h5
2025-09-19 08:29:33,005 - INFO - Completed /viper/ptmp/arego/Red_T_7K_1_EN_100/7405.h5 in 12.98 seconds
2025-09-19 08:29:33,112 - INFO - Processing /viper/ptmp/arego/Red_T_7K_1/7991.h5
2025-09-19 08:29:33,355 - INFO - Completed /viper/ptmp/arego/Red_T_7K_1_EN_100/18148.h5 in 14.96 seconds
2025-09-19 08:29:33,428 - INFO - Processing /viper/ptmp/arego/Red_T_7K_1/11452.h5
2025-09-19 08:29:33,564 - INFO - File 6428: Filtered 3296528 hits and 7 records
2025-09-19 08:29:33,860 - INFO - Completed /viper/ptmp/arego/Red_T_7K_1_EN_100/14129.h5 in 19.76 seconds
2025-09-19 08:29:33,929 - INFO - Processing /viper/ptmp/arego/Red_T_7K_1/19473.h5
2025-09-19 08:29:33,931 - INFO - Completed /viper/ptmp/arego/Red_T_7K_1_EN_100/1210.h5 in 13.08 seconds
2025-09-19 08:29:33,993 - INFO - Processing /viper/ptmp/arego/Red_T_7K_1/4017.h5
2025-09-19 08:29:34,432 - INFO - File 7991: Filtered 1639750 hits and 5 records
2025-09-19 08:29:34,435 - INFO - Completed /viper/ptmp/arego/Red_T_7K_1_EN_100/20821.h5 in 10.96 seconds
2025-09-19 08:29:34,499 - INFO - Processing /viper/ptmp/arego/Red_T_7K_1/4237.h5
2025-09-19 08:29:34,678 - INFO - File 13397: Filtered 547487 hits and 3 records
2025-09-19 08:29:35,082 - INFO - Completed /viper/ptmp/arego/Red_T_7K_1_EN_100/21585.h5 in 16.71 seconds
2025-09-19 08:29:35,144 - INFO - Processing /viper/ptmp/arego/Red_T_7K_1/9833.h5
2025-09-19 08:29:35,215 - INFO - File 4017: Filtered 5597099 hits and 7 records
2025-09-19 08:29:35,231 - INFO - File 18953: Filtered 11347635 hits and 3 records
2025-09-19 08:29:35,282 - INFO - Completed /viper/ptmp/arego/Red_T_7K_1_EN_100/2697.h5 in 16.80 seconds
2025-09-19 08:29:35,392 - INFO - Processing /viper/ptmp/arego/Red_T_7K_1/14236.h5
2025-09-19 08:29:35,427 - INFO - File 11452: Filtered 1251181 hits and 4 records
2025-09-19 08:29:35,896 - INFO - File 4237: Filtered 1566772 hits and 6 records
2025-09-19 08:29:36,379 - INFO - Completed /viper/ptmp/arego/Red_T_7K_1_EN_100/13941.h5 in 14.04 seconds
2025-09-19 08:29:36,446 - INFO - Processing /viper/ptmp/arego/Red_T_7K_1/16786.h5
2025-09-19 08:29:36,567 - INFO - File 9833: Filtered 3360340 hits and 7 records
2025-09-19 08:29:36,634 - INFO - Completed /viper/ptmp/arego/Red_T_7K_1_EN_100/5095.h5 in 36.53 seconds
2025-09-19 08:29:36,731 - INFO - Completed /viper/ptmp/arego/Red_T_7K_1_EN_100/3283.h5 in 33.98 seconds
2025-09-19 08:29:36,750 - INFO - Processing /viper/ptmp/arego/Red_T_7K_1/14747.h5
2025-09-19 08:29:36,829 - INFO - Processing /viper/ptmp/arego/Red_T_7K_1/4187.h5
2025-09-19 08:29:36,856 - INFO - File 19473: Filtered 114261 hits and 2 records
2025-09-19 08:29:37,027 - INFO - File 14236: Filtered 2520314 hits and 4 records
2025-09-19 08:29:37,030 - INFO - Completed /viper/ptmp/arego/Red_T_7K_1_EN_100/4017.h5 in 3.04 seconds
2025-09-19 08:29:37,039 - INFO - Completed /viper/ptmp/arego/Red_T_7K_1_EN_100/13781.h5 in 15.11 seconds
2025-09-19 08:29:37,071 - INFO - Processing /viper/ptmp/arego/Red_T_7K_1/10557.h5
2025-09-19 08:29:37,077 - INFO - Processing /viper/ptmp/arego/Red_T_7K_1/15982.h5
2025-09-19 08:29:38,203 - INFO - File 10557: Filtered 5803703 hits and 6 records
2025-09-19 08:29:38,311 - INFO - File 14747: Filtered 3202623 hits and 7 records
2025-09-19 08:29:38,853 - INFO - File 15982: Filtered 576077 hits and 6 records
2025-09-19 08:29:38,915 - INFO - Completed /viper/ptmp/arego/Red_T_7K_1_EN_100/10665.h5 in 10.48 seconds
2025-09-19 08:29:38,919 - INFO - Completed /viper/ptmp/arego/Red_T_7K_1_EN_100/10557.h5 in 1.85 seconds
2025-09-19 08:29:38,964 - INFO - Processing /viper/ptmp/arego/Red_T_7K_1/13242.h5
2025-09-19 08:29:38,970 - INFO - File 4187: Filtered 2407656 hits and 4 records
2025-09-19 08:29:38,978 - INFO - Processing /viper/ptmp/arego/Red_T_7K_1/5195.h5
2025-09-19 08:29:39,197 - INFO - Completed /viper/ptmp/arego/Red_T_7K_1_EN_100/18953.h5 in 6.24 seconds
2025-09-19 08:29:39,274 - INFO - Processing /viper/ptmp/arego/Red_T_7K_1/9362.h5
2025-09-19 08:29:39,799 - INFO - File 16786: Filtered 114154 hits and 2 records
2025-09-19 08:29:40,164 - INFO - File 5195: Filtered 3905600 hits and 5 records
2025-09-19 08:29:40,227 - INFO - Completed /viper/ptmp/arego/Red_T_7K_1_EN_100/22979.h5 in 16.34 seconds
2025-09-19 08:29:40,278 - INFO - Processing /viper/ptmp/arego/Red_T_7K_1/16411.h5
2025-09-19 08:29:40,543 - INFO - Completed /viper/ptmp/arego/Red_T_7K_1_EN_100/8312.h5 in 18.40 seconds
2025-09-19 08:29:40,623 - INFO - File 13242: Filtered 3527655 hits and 6 records
2025-09-19 08:29:40,626 - INFO - Processing /viper/ptmp/arego/Red_T_7K_1/8111.h5
2025-09-19 08:29:40,691 - INFO - File 9362: Filtered 6440306 hits and 7 records
2025-09-19 08:29:41,558 - INFO - Completed /viper/ptmp/arego/Red_T_7K_1_EN_100/20335.h5 in 18.21 seconds
2025-09-19 08:29:41,636 - INFO - Processing /viper/ptmp/arego/Red_T_7K_1/153.h5
2025-09-19 08:29:41,781 - INFO - File 16411: Filtered 2723170 hits and 8 records
2025-09-19 08:29:42,128 - INFO - File 8111: Filtered 2445491 hits and 5 records
2025-09-19 08:29:43,165 - INFO - File 153: Filtered 7221561 hits and 9 records
2025-09-19 08:29:44,127 - INFO - Completed /viper/ptmp/arego/Red_T_7K_1_EN_100/16147.h5 in 17.52 seconds
2025-09-19 08:29:44,223 - INFO - Processing /viper/ptmp/arego/Red_T_7K_1/15475.h5
2025-09-19 08:29:44,698 - INFO - Completed /viper/ptmp/arego/Red_T_7K_1_EN_100/9362.h5 in 5.42 seconds
2025-09-19 08:29:44,769 - INFO - Processing /viper/ptmp/arego/Red_T_7K_1/6649.h5
2025-09-19 08:29:45,376 - INFO - Completed /viper/ptmp/arego/Red_T_7K_1_EN_100/9574.h5 in 17.33 seconds
2025-09-19 08:29:45,482 - INFO - Processing /viper/ptmp/arego/Red_T_7K_1/12652.h5
2025-09-19 08:29:45,525 - INFO - File 15475: Filtered 5467381 hits and 7 records
2025-09-19 08:29:45,605 - INFO - Completed /viper/ptmp/arego/Red_T_7K_1_EN_100/6428.h5 in 13.29 seconds
2025-09-19 08:29:45,662 - INFO - Processing /viper/ptmp/arego/Red_T_7K_1/14678.h5
2025-09-19 08:29:46,146 - INFO - Completed /viper/ptmp/arego/Red_T_7K_1_EN_100/23057.h5 in 15.65 seconds
2025-09-19 08:29:46,282 - INFO - Processing /viper/ptmp/arego/Red_T_7K_1/9683.h5
2025-09-19 08:29:46,311 - INFO - Completed /viper/ptmp/arego/Red_T_7K_1_EN_100/9833.h5 in 11.17 seconds
2025-09-19 08:29:46,376 - INFO - Completed /viper/ptmp/arego/Red_T_7K_1_EN_100/153.h5 in 4.74 seconds
2025-09-19 08:29:46,390 - INFO - Completed /viper/ptmp/arego/Red_T_7K_1_EN_100/10210.h5 in 59.15 seconds
2025-09-19 08:29:46,416 - INFO - Processing /viper/ptmp/arego/Red_T_7K_1/2098.h5
2025-09-19 08:29:46,460 - INFO - File 6649: Filtered 2446365 hits and 6 records
2025-09-19 08:29:46,472 - INFO - Processing /viper/ptmp/arego/Red_T_7K_1/6761.h5
2025-09-19 08:29:46,649 - INFO - Processing /viper/ptmp/arego/Red_T_7K_1/639.h5
2025-09-19 08:29:46,881 - INFO - File 12652: Filtered 1804771 hits and 5 records
2025-09-19 08:29:47,315 - INFO - Completed /viper/ptmp/arego/Red_T_7K_1_EN_100/22607.h5 in 20.59 seconds
2025-09-19 08:29:47,431 - INFO - Processing /viper/ptmp/arego/Red_T_7K_1/766.h5
2025-09-19 08:29:47,573 - INFO - File 14678: Filtered 3621824 hits and 7 records
2025-09-19 08:29:47,582 - INFO - File 9683: Filtered 915680 hits and 4 records
2025-09-19 08:29:47,992 - INFO - File 2098: Filtered 1143341 hits and 3 records
2025-09-19 08:29:48,382 - INFO - Completed /viper/ptmp/arego/Red_T_7K_1_EN_100/15475.h5 in 4.16 seconds
2025-09-19 08:29:48,470 - INFO - Processing /viper/ptmp/arego/Red_T_7K_1/23349.h5
2025-09-19 08:29:48,514 - INFO - Completed /viper/ptmp/arego/Red_T_7K_1_EN_100/5195.h5 in 9.54 seconds
2025-09-19 08:29:48,755 - INFO - Processing /viper/ptmp/arego/Red_T_7K_1/19151.h5
2025-09-19 08:29:49,213 - INFO - File 6761: Filtered 1300849 hits and 5 records
2025-09-19 08:29:49,287 - INFO - File 766: Filtered 3385191 hits and 3 records
2025-09-19 08:29:49,865 - INFO - File 23349: Filtered 2188157 hits and 5 records
2025-09-19 08:29:49,951 - INFO - File 19151: Filtered 2456194 hits and 5 records
2025-09-19 08:29:53,880 - INFO - Completed /viper/ptmp/arego/Red_T_7K_1_EN_100/7991.h5 in 20.77 seconds
2025-09-19 08:29:53,980 - INFO - Processing /viper/ptmp/arego/Red_T_7K_1/20181.h5
2025-09-19 08:29:54,243 - INFO - Completed /viper/ptmp/arego/Red_T_7K_1_EN_100/14747.h5 in 17.49 seconds
2025-09-19 08:29:54,348 - INFO - Processing /viper/ptmp/arego/Red_T_7K_1/9791.h5
2025-09-19 08:29:54,382 - INFO - Completed /viper/ptmp/arego/Red_T_7K_1_EN_100/4237.h5 in 19.88 seconds
2025-09-19 08:29:54,431 - INFO - File 639: Filtered 12926643 hits and 5 records
2025-09-19 08:29:54,482 - INFO - Processing /viper/ptmp/arego/Red_T_7K_1/13700.h5
2025-09-19 08:29:54,679 - INFO - Completed /viper/ptmp/arego/Red_T_7K_1_EN_100/18161.h5 in 29.01 seconds
2025-09-19 08:29:54,777 - INFO - Processing /viper/ptmp/arego/Red_T_7K_1/20647.h5
2025-09-19 08:29:55,352 - INFO - File 20181: Filtered 3042229 hits and 5 records
2025-09-19 08:29:55,762 - INFO - File 13700: Filtered 2520741 hits and 7 records
2025-09-19 08:29:56,975 - INFO - File 9791: Filtered 3419161 hits and 5 records
2025-09-19 08:29:57,026 - INFO - File 20647: Filtered 3624320 hits and 6 records
2025-09-19 08:29:57,304 - INFO - Completed /viper/ptmp/arego/Red_T_7K_1_EN_100/13242.h5 in 18.34 seconds
2025-09-19 08:29:57,371 - INFO - Processing /viper/ptmp/arego/Red_T_7K_1/8588.h5
2025-09-19 08:29:58,936 - INFO - Completed /viper/ptmp/arego/Red_T_7K_1_EN_100/16411.h5 in 18.66 seconds
2025-09-19 08:29:59,012 - INFO - Processing /viper/ptmp/arego/Red_T_7K_1/8728.h5
2025-09-19 08:29:59,036 - INFO - File 8588: Filtered 4684851 hits and 5 records
2025-09-19 08:30:00,087 - INFO - Completed /viper/ptmp/arego/Red_T_7K_1_EN_100/14236.h5 in 24.69 seconds
2025-09-19 08:30:00,200 - INFO - Processing /viper/ptmp/arego/Red_T_7K_1/8246.h5
2025-09-19 08:30:00,550 - INFO - File 8728: Filtered 7137735 hits and 8 records
2025-09-19 08:30:00,963 - INFO - Completed /viper/ptmp/arego/Red_T_7K_1_EN_100/8111.h5 in 20.34 seconds
2025-09-19 08:30:01,043 - INFO - Processing /viper/ptmp/arego/Red_T_7K_1/4758.h5
2025-09-19 08:30:01,755 - INFO - File 8246: Filtered 1868428 hits and 4 records
2025-09-19 08:30:02,828 - INFO - File 4758: Filtered 5640947 hits and 8 records
2025-09-19 08:30:03,380 - INFO - Completed /viper/ptmp/arego/Red_T_7K_1_EN_100/19151.h5 in 14.63 seconds
2025-09-19 08:30:03,446 - INFO - Processing /viper/ptmp/arego/Red_T_7K_1/8276.h5
2025-09-19 08:30:04,203 - INFO - Completed /viper/ptmp/arego/Red_T_7K_1_EN_100/4187.h5 in 27.37 seconds
2025-09-19 08:30:04,287 - INFO - Processing /viper/ptmp/arego/Red_T_7K_1/21122.h5
2025-09-19 08:30:04,850 - INFO - File 8276: Filtered 1366686 hits and 3 records
2025-09-19 08:30:05,017 - INFO - Completed /viper/ptmp/arego/Red_T_7K_1_EN_100/8728.h5 in 6.01 seconds
2025-09-19 08:30:05,101 - INFO - Processing /viper/ptmp/arego/Red_T_7K_1/10333.h5
2025-09-19 08:30:05,882 - INFO - File 21122: Filtered 3959417 hits and 4 records
2025-09-19 08:30:06,760 - INFO - Completed /viper/ptmp/arego/Red_T_7K_1_EN_100/13397.h5 in 34.04 seconds
2025-09-19 08:30:06,824 - INFO - Processing /viper/ptmp/arego/Red_T_7K_1/18285.h5
2025-09-19 08:30:07,086 - INFO - Completed /viper/ptmp/arego/Red_T_7K_1_EN_100/15982.h5 in 30.01 seconds
2025-09-19 08:30:07,176 - INFO - Processing /viper/ptmp/arego/Red_T_7K_1/7733.h5
2025-09-19 08:30:07,622 - INFO - Completed /viper/ptmp/arego/Red_T_7K_1_EN_100/12652.h5 in 22.14 seconds
2025-09-19 08:30:07,696 - INFO - Completed /viper/ptmp/arego/Red_T_7K_1_EN_100/23349.h5 in 19.23 seconds
2025-09-19 08:30:07,724 - INFO - Processing /viper/ptmp/arego/Red_T_7K_1/17621.h5
2025-09-19 08:30:07,773 - INFO - Completed /viper/ptmp/arego/Red_T_7K_1_EN_100/6649.h5 in 23.00 seconds
2025-09-19 08:30:07,815 - INFO - Processing /viper/ptmp/arego/Red_T_7K_1/7710.h5
2025-09-19 08:30:08,053 - INFO - Processing /viper/ptmp/arego/Red_T_7K_1/11012.h5
2025-09-19 08:30:08,571 - INFO - File 18285: Filtered 3936956 hits and 4 records
2025-09-19 08:30:09,107 - INFO - File 10333: Filtered 225412 hits and 2 records
2025-09-19 08:30:09,186 - INFO - File 7733: Filtered 2294282 hits and 2 records
2025-09-19 08:30:09,461 - INFO - File 17621: Filtered 2088592 hits and 8 records
2025-09-19 08:30:09,623 - INFO - File 11012: Filtered 4673653 hits and 5 records
2025-09-19 08:30:09,909 - INFO - Completed /viper/ptmp/arego/Red_T_7K_1_EN_100/766.h5 in 22.48 seconds
2025-09-19 08:30:10,009 - INFO - Processing /viper/ptmp/arego/Red_T_7K_1/11021.h5
2025-09-19 08:30:10,617 - INFO - Completed /viper/ptmp/arego/Red_T_7K_1_EN_100/20181.h5 in 16.64 seconds
2025-09-19 08:30:10,681 - INFO - Processing /viper/ptmp/arego/Red_T_7K_1/672.h5
2025-09-19 08:30:10,912 - INFO - Completed /viper/ptmp/arego/Red_T_7K_1_EN_100/11452.h5 in 37.48 seconds
2025-09-19 08:30:10,965 - INFO - Completed /viper/ptmp/arego/Red_T_7K_1_EN_100/13700.h5 in 16.48 seconds
2025-09-19 08:30:11,012 - INFO - Processing /viper/ptmp/arego/Red_T_7K_1/19209.h5
2025-09-19 08:30:11,066 - INFO - Processing /viper/ptmp/arego/Red_T_7K_1/2275.h5
2025-09-19 08:30:12,102 - INFO - Completed /viper/ptmp/arego/Red_T_7K_1_EN_100/14678.h5 in 26.44 seconds
2025-09-19 08:30:12,163 - INFO - Processing /viper/ptmp/arego/Red_T_7K_1/10113.h5
2025-09-19 08:30:12,630 - INFO - File 2275: Filtered 3089923 hits and 4 records
2025-09-19 08:30:12,865 - INFO - File 19209: Filtered 5195380 hits and 7 records
2025-09-19 08:30:12,918 - INFO - Completed /viper/ptmp/arego/Red_T_7K_1_EN_100/9683.h5 in 26.64 seconds
2025-09-19 08:30:13,052 - INFO - Processing /viper/ptmp/arego/Red_T_7K_1/7987.h5
2025-09-19 08:30:13,109 - INFO - File 11021: Filtered 1514871 hits and 3 records
2025-09-19 08:30:13,272 - INFO - Completed /viper/ptmp/arego/Red_T_7K_1_EN_100/2098.h5 in 26.86 seconds
2025-09-19 08:30:13,362 - INFO - Processing /viper/ptmp/arego/Red_T_7K_1/2620.h5
2025-09-19 08:30:13,521 - INFO - File 7710: Filtered 81448 hits and 2 records
2025-09-19 08:30:14,191 - INFO - File 10113: Filtered 3661365 hits and 5 records
2025-09-19 08:30:14,800 - INFO - Completed /viper/ptmp/arego/Red_T_7K_1_EN_100/8588.h5 in 17.43 seconds
2025-09-19 08:30:14,885 - INFO - Processing /viper/ptmp/arego/Red_T_7K_1/16218.h5
2025-09-19 08:30:14,948 - INFO - File 7987: Filtered 1507691 hits and 5 records
2025-09-19 08:30:16,915 - INFO - Completed /viper/ptmp/arego/Red_T_7K_1_EN_100/4758.h5 in 15.87 seconds
2025-09-19 08:30:16,961 - INFO - Processing /viper/ptmp/arego/Red_T_7K_1/6620.h5
2025-09-19 08:30:17,035 - INFO - File 2620: Filtered 1310789 hits and 3 records
2025-09-19 08:30:17,130 - INFO - File 16218: Filtered 4787748 hits and 7 records
2025-09-19 08:30:18,143 - INFO - Completed /viper/ptmp/arego/Red_T_7K_1_EN_100/20647.h5 in 23.37 seconds
2025-09-19 08:30:18,228 - INFO - Processing /viper/ptmp/arego/Red_T_7K_1/18980.h5
2025-09-19 08:30:18,856 - INFO - File 672: Filtered 833219 hits and 6 records
2025-09-19 08:30:19,074 - INFO - File 6620: Filtered 6152923 hits and 9 records
2025-09-19 08:30:20,426 - INFO - File 18980: Filtered 2650504 hits and 4 records
2025-09-19 08:30:21,861 - INFO - Completed /viper/ptmp/arego/Red_T_7K_1_EN_100/11012.h5 in 13.81 seconds
2025-09-19 08:30:21,939 - INFO - Processing /viper/ptmp/arego/Red_T_7K_1/2778.h5
2025-09-19 08:30:22,783 - INFO - Completed /viper/ptmp/arego/Red_T_7K_1_EN_100/21122.h5 in 18.50 seconds
2025-09-19 08:30:22,858 - INFO - Processing /viper/ptmp/arego/Red_T_7K_1/1407.h5
2025-09-19 08:30:23,407 - INFO - Completed /viper/ptmp/arego/Red_T_7K_1_EN_100/8246.h5 in 23.21 seconds
2025-09-19 08:30:23,550 - INFO - Processing /viper/ptmp/arego/Red_T_7K_1/12939.h5
2025-09-19 08:30:23,962 - INFO - File 2778: Filtered 3291592 hits and 6 records
2025-09-19 08:30:24,454 - INFO - Completed /viper/ptmp/arego/Red_T_7K_1_EN_100/19473.h5 in 50.52 seconds
2025-09-19 08:30:24,532 - INFO - Processing /viper/ptmp/arego/Red_T_7K_1/7685.h5
2025-09-19 08:30:24,832 - INFO - File 1407: Filtered 5323911 hits and 5 records
2025-09-19 08:30:25,280 - INFO - Completed /viper/ptmp/arego/Red_T_7K_1_EN_100/8276.h5 in 21.83 seconds
2025-09-19 08:30:25,354 - INFO - File 12939: Filtered 3046940 hits and 6 records
2025-09-19 08:30:25,357 - INFO - Processing /viper/ptmp/arego/Red_T_7K_1/1931.h5
2025-09-19 08:30:26,365 - INFO - Completed /viper/ptmp/arego/Red_T_7K_1_EN_100/9791.h5 in 32.02 seconds
2025-09-19 08:30:26,430 - INFO - Processing /viper/ptmp/arego/Red_T_7K_1/13750.h5
2025-09-19 08:30:26,754 - INFO - File 7685: Filtered 4043428 hits and 6 records
2025-09-19 08:30:27,060 - INFO - File 1931: Filtered 2066108 hits and 7 records
2025-09-19 08:30:27,780 - INFO - Completed /viper/ptmp/arego/Red_T_7K_1_EN_100/18285.h5 in 20.96 seconds
2025-09-19 08:30:27,862 - INFO - Processing /viper/ptmp/arego/Red_T_7K_1/14070.h5
2025-09-19 08:30:28,737 - INFO - File 13750: Filtered 2971046 hits and 4 records
2025-09-19 08:30:29,421 - INFO - Completed /viper/ptmp/arego/Red_T_7K_1_EN_100/19209.h5 in 18.41 seconds
2025-09-19 08:30:29,489 - INFO - Processing /viper/ptmp/arego/Red_T_7K_1/21926.h5
2025-09-19 08:30:29,800 - INFO - File 14070: Filtered 3097138 hits and 5 records
2025-09-19 08:30:30,631 - INFO - Completed /viper/ptmp/arego/Red_T_7K_1_EN_100/6761.h5 in 44.16 seconds
2025-09-19 08:30:30,698 - INFO - Processing /viper/ptmp/arego/Red_T_7K_1/2331.h5
2025-09-19 08:30:31,287 - INFO - Completed /viper/ptmp/arego/Red_T_7K_1_EN_100/6620.h5 in 14.33 seconds
2025-09-19 08:30:31,350 - INFO - Processing /viper/ptmp/arego/Red_T_7K_1/20436.h5
2025-09-19 08:30:31,610 - INFO - File 21926: Filtered 1871207 hits and 3 records
2025-09-19 08:30:32,878 - INFO - File 2331: Filtered 3886280 hits and 4 records
2025-09-19 08:30:34,616 - INFO - Completed /viper/ptmp/arego/Red_T_7K_1_EN_100/17621.h5 in 26.89 seconds
2025-09-19 08:30:34,718 - INFO - Processing /viper/ptmp/arego/Red_T_7K_1/16640.h5
2025-09-19 08:30:35,019 - INFO - Completed /viper/ptmp/arego/Red_T_7K_1_EN_100/2275.h5 in 23.95 seconds
2025-09-19 08:30:35,118 - INFO - Processing /viper/ptmp/arego/Red_T_7K_1/2121.h5
2025-09-19 08:30:36,658 - INFO - File 16640: Filtered 2734447 hits and 5 records
2025-09-19 08:30:37,635 - INFO - File 2121: Filtered 565312 hits and 1 records
2025-09-19 08:30:39,571 - INFO - Completed /viper/ptmp/arego/Red_T_7K_1_EN_100/10113.h5 in 27.41 seconds
2025-09-19 08:30:39,634 - INFO - Processing /viper/ptmp/arego/Red_T_7K_1/5311.h5
2025-09-19 08:30:41,678 - INFO - Completed /viper/ptmp/arego/Red_T_7K_1_EN_100/7733.h5 in 34.50 seconds
2025-09-19 08:30:41,772 - INFO - Processing /viper/ptmp/arego/Red_T_7K_1/22667.h5
2025-09-19 08:30:41,867 - INFO - Completed /viper/ptmp/arego/Red_T_7K_1_EN_100/16786.h5 in 65.42 seconds
2025-09-19 08:30:42,073 - INFO - Processing /viper/ptmp/arego/Red_T_7K_1/12634.h5
2025-09-19 08:30:42,425 - INFO - File 20436: Filtered 19744395 hits and 4 records
2025-09-19 08:30:43,536 - INFO - File 5311: Filtered 347523 hits and 2 records
2025-09-19 08:30:44,623 - INFO - File 12634: Filtered 4119425 hits and 8 records
2025-09-19 08:30:45,482 - INFO - Completed /viper/ptmp/arego/Red_T_7K_1_EN_100/16218.h5 in 30.60 seconds
2025-09-19 08:30:45,610 - INFO - Processing /viper/ptmp/arego/Red_T_7K_1/16577.h5
2025-09-19 08:30:45,658 - INFO - Completed /viper/ptmp/arego/Red_T_7K_1_EN_100/1407.h5 in 22.80 seconds
2025-09-19 08:30:45,845 - INFO - Processing /viper/ptmp/arego/Red_T_7K_1/11233.h5
2025-09-19 08:30:45,998 - INFO - File 22667: Filtered 1972198 hits and 6 records
2025-09-19 08:30:46,161 - INFO - Completed /viper/ptmp/arego/Red_T_7K_1_EN_100/7987.h5 in 33.11 seconds
2025-09-19 08:30:46,227 - INFO - Processing /viper/ptmp/arego/Red_T_7K_1/21222.h5
2025-09-19 08:30:47,933 - INFO - File 21222: Filtered 2888776 hits and 6 records
2025-09-19 08:30:48,524 - INFO - File 11233: Filtered 5912269 hits and 3 records
2025-09-19 08:30:48,608 - INFO - File 16577: Filtered 10890555 hits and 7 records
2025-09-19 08:30:50,434 - INFO - Completed /viper/ptmp/arego/Red_T_7K_1_EN_100/18980.h5 in 32.21 seconds
2025-09-19 08:30:50,480 - INFO - Completed /viper/ptmp/arego/Red_T_7K_1_EN_100/2778.h5 in 28.54 seconds
2025-09-19 08:30:50,520 - INFO - Processing /viper/ptmp/arego/Red_T_7K_1/2449.h5
2025-09-19 08:30:50,576 - INFO - Processing /viper/ptmp/arego/Red_T_7K_1/12011.h5
2025-09-19 08:30:51,812 - INFO - Completed /viper/ptmp/arego/Red_T_7K_1_EN_100/1931.h5 in 26.45 seconds
2025-09-19 08:30:51,887 - INFO - Processing /viper/ptmp/arego/Red_T_7K_1/6111.h5
2025-09-19 08:30:52,463 - INFO - Completed /viper/ptmp/arego/Red_T_7K_1_EN_100/12939.h5 in 28.91 seconds
2025-09-19 08:30:52,574 - INFO - Processing /viper/ptmp/arego/Red_T_7K_1/8962.h5
2025-09-19 08:30:53,801 - INFO - File 6111: Filtered 2076409 hits and 4 records
2025-09-19 08:30:54,785 - INFO - Completed /viper/ptmp/arego/Red_T_7K_1_EN_100/16577.h5 in 9.17 seconds
2025-09-19 08:30:54,871 - INFO - Processing /viper/ptmp/arego/Red_T_7K_1/3082.h5
2025-09-19 08:30:54,890 - INFO - File 8962: Filtered 1215538 hits and 4 records
2025-09-19 08:30:55,344 - INFO - Completed /viper/ptmp/arego/Red_T_7K_1_EN_100/7685.h5 in 30.81 seconds
2025-09-19 08:30:55,431 - INFO - Processing /viper/ptmp/arego/Red_T_7K_1/21234.h5
2025-09-19 08:30:55,494 - INFO - File 12011: Filtered 829377 hits and 6 records
2025-09-19 08:30:56,635 - INFO - Completed /viper/ptmp/arego/Red_T_7K_1_EN_100/14070.h5 in 28.77 seconds
2025-09-19 08:30:56,739 - INFO - Processing /viper/ptmp/arego/Red_T_7K_1/10881.h5
2025-09-19 08:30:57,714 - INFO - File 3082: Filtered 4792418 hits and 6 records
2025-09-19 08:30:58,454 - INFO - File 21234: Filtered 3084074 hits and 6 records
2025-09-19 08:30:59,703 - INFO - Completed /viper/ptmp/arego/Red_T_7K_1_EN_100/2331.h5 in 29.00 seconds
2025-09-19 08:30:59,768 - INFO - Processing /viper/ptmp/arego/Red_T_7K_1/12037.h5
2025-09-19 08:30:59,975 - INFO - Completed /viper/ptmp/arego/Red_T_7K_1_EN_100/11021.h5 in 49.97 seconds
2025-09-19 08:31:00,009 - INFO - Completed /viper/ptmp/arego/Red_T_7K_1_EN_100/13750.h5 in 33.58 seconds
2025-09-19 08:31:00,089 - INFO - Processing /viper/ptmp/arego/Red_T_7K_1/8811.h5
2025-09-19 08:31:00,395 - INFO - Processing /viper/ptmp/arego/Red_T_7K_1/10442.h5
2025-09-19 08:31:00,550 - INFO - File 10881: Filtered 297042 hits and 4 records
2025-09-19 08:31:02,179 - INFO - File 2449: Filtered 397010 hits and 4 records
2025-09-19 08:31:02,640 - INFO - File 12037: Filtered 1463706 hits and 2 records
2025-09-19 08:31:03,170 - INFO - File 8811: Filtered 5317068 hits and 4 records
2025-09-19 08:31:04,192 - INFO - File 10442: Filtered 8081391 hits and 6 records
2025-09-19 08:31:05,610 - INFO - Completed /viper/ptmp/arego/Red_T_7K_1_EN_100/21926.h5 in 36.12 seconds
2025-09-19 08:31:05,680 - INFO - Processing /viper/ptmp/arego/Red_T_7K_1/15990.h5
2025-09-19 08:31:06,717 - INFO - Completed /viper/ptmp/arego/Red_T_7K_1_EN_100/16640.h5 in 32.00 seconds
2025-09-19 08:31:06,774 - INFO - Processing /viper/ptmp/arego/Red_T_7K_1/3871.h5
2025-09-19 08:31:08,124 - INFO - File 15990: Filtered 10182116 hits and 3 records
2025-09-19 08:31:08,984 - INFO - File 3871: Filtered 3057207 hits and 6 records
2025-09-19 08:31:12,393 - INFO - Completed /viper/ptmp/arego/Red_T_7K_1_EN_100/11233.h5 in 26.55 seconds
2025-09-19 08:31:12,489 - INFO - Processing /viper/ptmp/arego/Red_T_7K_1/12330.h5
2025-09-19 08:31:12,727 - INFO - Completed /viper/ptmp/arego/Red_T_7K_1_EN_100/10333.h5 in 67.63 seconds
2025-09-19 08:31:12,784 - INFO - Processing /viper/ptmp/arego/Red_T_7K_1/21270.h5
2025-09-19 08:31:14,174 - INFO - Completed /viper/ptmp/arego/Red_T_7K_1_EN_100/12634.h5 in 32.10 seconds
2025-09-19 08:31:14,218 - INFO - Processing /viper/ptmp/arego/Red_T_7K_1/5439.h5
2025-09-19 08:31:15,064 - INFO - Completed /viper/ptmp/arego/Red_T_7K_1_EN_100/21222.h5 in 28.84 seconds
2025-09-19 08:31:15,166 - INFO - Processing /viper/ptmp/arego/Red_T_7K_1/5018.h5
2025-09-19 08:31:16,411 - INFO - File 21270: Filtered 14549137 hits and 8 records
2025-09-19 08:31:17,390 - INFO - File 5018: Filtered 4285668 hits and 4 records
2025-09-19 08:31:18,211 - INFO - File 5439: Filtered 12809038 hits and 5 records
2025-09-19 08:31:18,517 - INFO - Completed /viper/ptmp/arego/Red_T_7K_1_EN_100/2620.h5 in 65.15 seconds
2025-09-19 08:31:18,585 - INFO - Processing /viper/ptmp/arego/Red_T_7K_1/12001.h5
2025-09-19 08:31:19,048 - INFO - File 12330: Filtered 663373 hits and 4 records
2025-09-19 08:31:21,508 - INFO - Completed /viper/ptmp/arego/Red_T_7K_1_EN_100/15990.h5 in 15.83 seconds
2025-09-19 08:31:21,552 - INFO - Processing /viper/ptmp/arego/Red_T_7K_1/18849.h5
2025-09-19 08:31:24,262 - INFO - Completed /viper/ptmp/arego/Red_T_7K_1_EN_100/6111.h5 in 32.37 seconds
2025-09-19 08:31:24,324 - INFO - Processing /viper/ptmp/arego/Red_T_7K_1/10882.h5
2025-09-19 08:31:25,527 - INFO - File 18849: Filtered 6984571 hits and 4 records
2025-09-19 08:31:26,261 - INFO - File 10882: Filtered 1265944 hits and 2 records
2025-09-19 08:31:29,187 - INFO - File 12001: Filtered 42338 hits and 1 records
2025-09-19 08:31:31,487 - INFO - Completed /viper/ptmp/arego/Red_T_7K_1_EN_100/2121.h5 in 56.37 seconds
2025-09-19 08:31:31,590 - INFO - Processing /viper/ptmp/arego/Red_T_7K_1/4431.h5
2025-09-19 08:31:32,721 - INFO - Completed /viper/ptmp/arego/Red_T_7K_1_EN_100/8811.h5 in 32.63 seconds
2025-09-19 08:31:32,798 - INFO - Processing /viper/ptmp/arego/Red_T_7K_1/8769.h5
2025-09-19 08:31:34,158 - INFO - Completed /viper/ptmp/arego/Red_T_7K_1_EN_100/21270.h5 in 21.37 seconds
2025-09-19 08:31:34,260 - INFO - Processing /viper/ptmp/arego/Red_T_7K_1/10528.h5
2025-09-19 08:31:35,161 - INFO - Completed /viper/ptmp/arego/Red_T_7K_1_EN_100/8962.h5 in 42.59 seconds
2025-09-19 08:31:35,216 - INFO - Completed /viper/ptmp/arego/Red_T_7K_1_EN_100/3082.h5 in 40.35 seconds
2025-09-19 08:31:35,273 - INFO - Processing /viper/ptmp/arego/Red_T_7K_1/10852.h5
2025-09-19 08:31:35,286 - INFO - Processing /viper/ptmp/arego/Red_T_7K_1/15394.h5
2025-09-19 08:31:35,766 - INFO - File 4431: Filtered 4744416 hits and 5 records
2025-09-19 08:31:36,195 - INFO - Completed /viper/ptmp/arego/Red_T_7K_1_EN_100/10442.h5 in 35.80 seconds
2025-09-19 08:31:36,299 - INFO - Processing /viper/ptmp/arego/Red_T_7K_1/7564.h5
2025-09-19 08:31:36,626 - INFO - Completed /viper/ptmp/arego/Red_T_7K_1_EN_100/3871.h5 in 29.85 seconds
2025-09-19 08:31:36,679 - INFO - File 8769: Filtered 8602889 hits and 2 records
2025-09-19 08:31:36,747 - INFO - Processing /viper/ptmp/arego/Red_T_7K_1/5170.h5
2025-09-19 08:31:38,388 - INFO - File 10852: Filtered 6860849 hits and 6 records
2025-09-19 08:31:38,433 - INFO - Completed /viper/ptmp/arego/Red_T_7K_1_EN_100/639.h5 in 111.78 seconds
2025-09-19 08:31:38,510 - INFO - Processing /viper/ptmp/arego/Red_T_7K_1/8351.h5
2025-09-19 08:31:38,597 - INFO - File 10528: Filtered 8932233 hits and 4 records
2025-09-19 08:31:39,866 - INFO - File 15394: Filtered 6109535 hits and 6 records
2025-09-19 08:31:39,930 - INFO - Completed /viper/ptmp/arego/Red_T_7K_1_EN_100/21234.h5 in 44.50 seconds
2025-09-19 08:31:40,057 - INFO - Processing /viper/ptmp/arego/Red_T_7K_1/22091.h5
2025-09-19 08:31:41,231 - INFO - File 5170: Filtered 448917 hits and 3 records
2025-09-19 08:31:42,319 - INFO - File 7564: Filtered 815729 hits and 3 records
2025-09-19 08:31:43,397 - INFO - File 8351: Filtered 14578096 hits and 8 records
2025-09-19 08:31:43,504 - INFO - Completed /viper/ptmp/arego/Red_T_7K_1_EN_100/5439.h5 in 29.29 seconds
2025-09-19 08:31:43,573 - INFO - Processing /viper/ptmp/arego/Red_T_7K_1/4302.h5
2025-09-19 08:31:45,529 - INFO - Completed /viper/ptmp/arego/Red_T_7K_1_EN_100/5018.h5 in 30.36 seconds
2025-09-19 08:31:45,624 - INFO - Processing /viper/ptmp/arego/Red_T_7K_1/18256.h5
2025-09-19 08:31:46,706 - INFO - File 22091: Filtered 13879065 hits and 7 records
2025-09-19 08:31:48,224 - INFO - File 4302: Filtered 11698492 hits and 5 records
2025-09-19 08:31:50,335 - INFO - File 18256: Filtered 4163111 hits and 3 records
2025-09-19 08:31:50,813 - INFO - Completed /viper/ptmp/arego/Red_T_7K_1_EN_100/7710.h5 in 103.00 seconds
2025-09-19 08:31:50,877 - INFO - Processing /viper/ptmp/arego/Red_T_7K_1/16273.h5
2025-09-19 08:31:56,003 - INFO - Completed /viper/ptmp/arego/Red_T_7K_1_EN_100/22667.h5 in 74.23 seconds
2025-09-19 08:31:56,094 - INFO - Processing /viper/ptmp/arego/Red_T_7K_1/5743.h5
2025-09-19 08:31:57,464 - INFO - File 16273: Filtered 358911 hits and 3 records
2025-09-19 08:31:58,543 - INFO - Completed /viper/ptmp/arego/Red_T_7K_1_EN_100/12037.h5 in 58.78 seconds
2025-09-19 08:31:58,616 - INFO - Processing /viper/ptmp/arego/Red_T_7K_1/17687.h5
2025-09-19 08:31:59,688 - INFO - Completed /viper/ptmp/arego/Red_T_7K_1_EN_100/10882.h5 in 35.36 seconds
2025-09-19 08:31:59,757 - INFO - Processing /viper/ptmp/arego/Red_T_7K_1/19895.h5
2025-09-19 08:32:01,422 - INFO - Completed /viper/ptmp/arego/Red_T_7K_1_EN_100/5311.h5 in 81.79 seconds
2025-09-19 08:32:01,542 - INFO - Processing /viper/ptmp/arego/Red_T_7K_1/3097.h5
2025-09-19 08:32:01,883 - INFO - File 19895: Filtered 3454179 hits and 7 records
2025-09-19 08:32:03,404 - INFO - File 5743: Filtered 218186 hits and 4 records
2025-09-19 08:32:03,505 - INFO - File 17687: Filtered 11750536 hits and 5 records
2025-09-19 08:32:10,266 - INFO - File 3097: Filtered 26661275 hits and 7 records
2025-09-19 08:32:11,845 - INFO - Completed /viper/ptmp/arego/Red_T_7K_1_EN_100/8351.h5 in 33.33 seconds
2025-09-19 08:32:11,920 - INFO - Processing /viper/ptmp/arego/Red_T_7K_1/270.h5
2025-09-19 08:32:14,469 - INFO - Completed /viper/ptmp/arego/Red_T_7K_1_EN_100/10852.h5 in 39.20 seconds
2025-09-19 08:32:14,561 - INFO - Processing /viper/ptmp/arego/Red_T_7K_1/22131.h5
2025-09-19 08:32:15,129 - INFO - Completed /viper/ptmp/arego/Red_T_7K_1_EN_100/8769.h5 in 42.33 seconds
2025-09-19 08:32:15,195 - INFO - Processing /viper/ptmp/arego/Red_T_7K_1/21468.h5
2025-09-19 08:32:18,878 - INFO - Completed /viper/ptmp/arego/Red_T_7K_1_EN_100/18849.h5 in 57.33 seconds
2025-09-19 08:32:18,953 - INFO - Processing /viper/ptmp/arego/Red_T_7K_1/6447.h5
2025-09-19 08:32:20,576 - INFO - File 22131: Filtered 365043 hits and 2 records
2025-09-19 08:32:24,549 - INFO - Completed /viper/ptmp/arego/Red_T_7K_1_EN_100/10528.h5 in 50.29 seconds
2025-09-19 08:32:24,619 - INFO - Processing /viper/ptmp/arego/Red_T_7K_1/17462.h5
2025-09-19 08:32:25,612 - INFO - Completed /viper/ptmp/arego/Red_T_7K_1_EN_100/10881.h5 in 88.87 seconds
2025-09-19 08:32:25,751 - INFO - Processing /viper/ptmp/arego/Red_T_7K_1/2299.h5
2025-09-19 08:32:25,907 - INFO - File 270: Filtered 137775 hits and 3 records
2025-09-19 08:32:27,629 - INFO - Completed /viper/ptmp/arego/Red_T_7K_1_EN_100/4431.h5 in 56.04 seconds
2025-09-19 08:32:27,797 - INFO - Processing /viper/ptmp/arego/Red_T_7K_1/15045.h5
2025-09-19 08:32:28,328 - INFO - File 2299: Filtered 2302778 hits and 5 records
2025-09-19 08:32:31,287 - INFO - Completed /viper/ptmp/arego/Red_T_7K_1_EN_100/19895.h5 in 31.53 seconds
2025-09-19 08:32:31,353 - INFO - Processing /viper/ptmp/arego/Red_T_7K_1/21199.h5
2025-09-19 08:32:31,665 - INFO - File 21468: Filtered 38640478 hits and 6 records
2025-09-19 08:32:34,150 - INFO - File 21199: Filtered 7558429 hits and 6 records
2025-09-19 08:32:34,951 - INFO - Completed /viper/ptmp/arego/Red_T_7K_1_EN_100/12011.h5 in 104.37 seconds
2025-09-19 08:32:35,065 - INFO - Processing /viper/ptmp/arego/Red_T_7K_1/17250.h5
2025-09-19 08:32:35,880 - INFO - Completed /viper/ptmp/arego/Red_T_7K_1_EN_100/4302.h5 in 52.31 seconds
2025-09-19 08:32:35,984 - INFO - Processing /viper/ptmp/arego/Red_T_7K_1/11968.h5
2025-09-19 08:32:38,665 - INFO - File 17250: Filtered 9220054 hits and 8 records
2025-09-19 08:32:38,707 - INFO - File 15045: Filtered 19105013 hits and 5 records
2025-09-19 08:32:38,770 - INFO - Completed /viper/ptmp/arego/Red_T_7K_1_EN_100/15394.h5 in 63.48 seconds
2025-09-19 08:32:38,820 - INFO - Processing /viper/ptmp/arego/Red_T_7K_1/17176.h5
2025-09-19 08:32:41,439 - INFO - File 6447: Filtered 122897417 hits and 7 records
2025-09-19 08:32:46,049 - INFO - Completed /viper/ptmp/arego/Red_T_7K_1_EN_100/22091.h5 in 65.99 seconds
2025-09-19 08:32:46,099 - INFO - Processing /viper/ptmp/arego/Red_T_7K_1/5706.h5
2025-09-19 08:32:47,414 - INFO - Completed /viper/ptmp/arego/Red_T_7K_1_EN_100/6447.h5 in 28.46 seconds
2025-09-19 08:32:47,530 - INFO - Processing /viper/ptmp/arego/Red_T_7K_1/11957.h5
2025-09-19 08:32:51,787 - INFO - Completed /viper/ptmp/arego/Red_T_7K_1_EN_100/17687.h5 in 53.17 seconds
2025-09-19 08:32:51,826 - INFO - Processing /viper/ptmp/arego/Red_T_7K_1/9787.h5
2025-09-19 08:32:56,975 - INFO - File 17462: Filtered 76926700 hits and 6 records
2025-09-19 08:32:57,500 - INFO - File 5706: Filtered 220528 hits and 3 records
2025-09-19 08:33:03,021 - INFO - Completed /viper/ptmp/arego/Red_T_7K_1_EN_100/21199.h5 in 31.67 seconds
2025-09-19 08:33:03,201 - INFO - Processing /viper/ptmp/arego/Red_T_7K_1/16628.h5
2025-09-19 08:33:04,828 - INFO - Completed /viper/ptmp/arego/Red_T_7K_1_EN_100/20436.h5 in 153.48 seconds
2025-09-19 08:33:04,920 - INFO - Processing /viper/ptmp/arego/Red_T_7K_1/13333.h5
2025-09-19 08:33:06,458 - INFO - File 16628: Filtered 5463350 hits and 4 records
2025-09-19 08:33:08,797 - INFO - Completed /viper/ptmp/arego/Red_T_7K_1_EN_100/17250.h5 in 33.73 seconds
2025-09-19 08:33:08,883 - INFO - Processing /viper/ptmp/arego/Red_T_7K_1/3156.h5
2025-09-19 08:33:08,984 - INFO - File 11968: Filtered 471406 hits and 3 records
2025-09-19 08:33:13,813 - INFO - Completed /viper/ptmp/arego/Red_T_7K_1_EN_100/672.h5 in 183.13 seconds
2025-09-19 08:33:13,938 - INFO - Processing /viper/ptmp/arego/Red_T_7K_1/1467.h5
2025-09-19 08:33:14,471 - INFO - Completed /viper/ptmp/arego/Red_T_7K_1_EN_100/5170.h5 in 97.72 seconds
2025-09-19 08:33:14,613 - INFO - Processing /viper/ptmp/arego/Red_T_7K_1/22495.h5
2025-09-19 08:33:14,712 - INFO - File 13333: Filtered 8170351 hits and 6 records
2025-09-19 08:33:14,718 - INFO - File 3156: Filtered 26621100 hits and 4 records
2025-09-19 08:33:16,732 - INFO - File 11957: Filtered 48250359 hits and 5 records
2025-09-19 08:33:18,653 - INFO - Completed /viper/ptmp/arego/Red_T_7K_1_EN_100/18256.h5 in 93.03 seconds
2025-09-19 08:33:18,842 - INFO - Processing /viper/ptmp/arego/Red_T_7K_1/20508.h5
2025-09-19 08:33:19,111 - INFO - File 17176: Filtered 83422970 hits and 2 records
2025-09-19 08:33:19,224 - INFO - File 22495: Filtered 4819035 hits and 7 records
2025-09-19 08:33:19,320 - INFO - File 1467: Filtered 10113298 hits and 6 records
2025-09-19 08:33:20,697 - INFO - Completed /viper/ptmp/arego/Red_T_7K_1_EN_100/3097.h5 in 79.16 seconds
2025-09-19 08:33:20,761 - INFO - Processing /viper/ptmp/arego/Red_T_7K_1/664.h5
2025-09-19 08:33:23,090 - INFO - Completed /viper/ptmp/arego/Red_T_7K_1_EN_100/3156.h5 in 14.21 seconds
2025-09-19 08:33:23,214 - INFO - Processing /viper/ptmp/arego/Red_T_7K_1/21641.h5
2025-09-19 08:33:23,852 - INFO - Completed /viper/ptmp/arego/Red_T_7K_1_EN_100/2299.h5 in 58.10 seconds
2025-09-19 08:33:23,927 - INFO - Processing /viper/ptmp/arego/Red_T_7K_1/17851.h5
2025-09-19 08:33:25,465 - INFO - File 20508: Filtered 7262799 hits and 5 records
2025-09-19 08:33:29,066 - INFO - File 21641: Filtered 7811731 hits and 5 records
2025-09-19 08:33:30,985 - INFO - Completed /viper/ptmp/arego/Red_T_7K_1_EN_100/12330.h5 in 138.50 seconds
2025-09-19 08:33:31,060 - INFO - Processing /viper/ptmp/arego/Red_T_7K_1/21151.h5
2025-09-19 08:33:32,459 - INFO - File 17851: Filtered 6563081 hits and 4 records
2025-09-19 08:33:32,646 - INFO - File 9787: Filtered 84872092 hits and 5 records
2025-09-19 08:33:39,395 - INFO - Completed /viper/ptmp/arego/Red_T_7K_1_EN_100/7564.h5 in 123.10 seconds
2025-09-19 08:33:39,478 - INFO - Processing /viper/ptmp/arego/Red_T_7K_1/14046.h5
2025-09-19 08:33:47,547 - INFO - Completed /viper/ptmp/arego/Red_T_7K_1_EN_100/16628.h5 in 44.35 seconds
2025-09-19 08:33:47,594 - INFO - Processing /viper/ptmp/arego/Red_T_7K_1/6354.h5
2025-09-19 08:33:51,758 - INFO - File 14046: Filtered 19516985 hits and 8 records
2025-09-19 08:33:52,712 - INFO - File 6354: Filtered 1259335 hits and 3 records
2025-09-19 08:34:06,657 - INFO - File 664: Filtered 83379 hits and 2 records
2025-09-19 08:34:21,689 - INFO - Completed /viper/ptmp/arego/Red_T_7K_1_EN_100/16273.h5 in 150.81 seconds
2025-09-19 08:34:21,770 - INFO - Processing /viper/ptmp/arego/Red_T_7K_1/648.h5
2025-09-19 08:34:25,549 - INFO - Completed /viper/ptmp/arego/Red_T_7K_1_EN_100/2449.h5 in 215.03 seconds
2025-09-19 08:34:25,600 - INFO - Processing /viper/ptmp/arego/Red_T_7K_1/20764.h5
2025-09-19 08:34:28,799 - INFO - Completed /viper/ptmp/arego/Red_T_7K_1_EN_100/1467.h5 in 74.86 seconds
2025-09-19 08:34:28,945 - INFO - Processing /viper/ptmp/arego/Red_T_7K_1/9714.h5
2025-09-19 08:34:29,320 - INFO - Completed /viper/ptmp/arego/Red_T_7K_1_EN_100/22131.h5 in 134.76 seconds
2025-09-19 08:34:29,422 - INFO - Processing /viper/ptmp/arego/Red_T_7K_1/15946.h5
2025-09-19 08:34:30,395 - INFO - Completed /viper/ptmp/arego/Red_T_7K_1_EN_100/5743.h5 in 154.30 seconds
2025-09-19 08:34:34,714 - INFO - File 648: Filtered 31605041 hits and 5 records
2025-09-19 08:34:35,049 - INFO - File 9714: Filtered 8314818 hits and 8 records
2025-09-19 08:34:37,266 - INFO - File 15946: Filtered 15243043 hits and 8 records
2025-09-19 08:34:37,912 - INFO - Completed /viper/ptmp/arego/Red_T_7K_1_EN_100/22495.h5 in 83.30 seconds
2025-09-19 08:34:38,050 - INFO - Processing /viper/ptmp/arego/Red_T_7K_1/20811.h5
2025-09-19 08:35:00,012 - INFO - Completed /viper/ptmp/arego/Red_T_7K_1_EN_100/12001.h5 in 221.43 seconds
2025-09-19 08:35:00,117 - INFO - Processing /viper/ptmp/arego/Red_T_7K_1/12946.h5
2025-09-19 08:35:07,393 - INFO - File 21151: Filtered 142849545 hits and 6 records
2025-09-19 08:35:08,229 - INFO - File 20764: Filtered 24926648 hits and 7 records
2025-09-19 08:35:09,199 - INFO - Completed /viper/ptmp/arego/Red_T_7K_1_EN_100/21468.h5 in 174.00 seconds
2025-09-19 08:35:09,280 - INFO - Processing /viper/ptmp/arego/Red_T_7K_1/199.h5
2025-09-19 08:35:09,581 - INFO - File 20811: Filtered 10442222 hits and 6 records
2025-09-19 08:35:11,076 - INFO - Completed /viper/ptmp/arego/Red_T_7K_1_EN_100/21641.h5 in 107.86 seconds
2025-09-19 08:35:11,181 - INFO - Processing /viper/ptmp/arego/Red_T_7K_1/3323.h5
2025-09-19 08:35:15,598 - INFO - Completed /viper/ptmp/arego/Red_T_7K_1_EN_100/20508.h5 in 116.76 seconds
2025-09-19 08:35:15,709 - INFO - Processing /viper/ptmp/arego/Red_T_7K_1/7219.h5
2025-09-19 08:35:34,654 - INFO - File 7219: Filtered 92748329 hits and 7 records
2025-09-19 08:35:42,326 - INFO - Completed /viper/ptmp/arego/Red_T_7K_1_EN_100/6354.h5 in 114.73 seconds
2025-09-19 08:35:42,397 - INFO - Processing /viper/ptmp/arego/Red_T_7K_1/15393.h5
2025-09-19 08:35:46,180 - INFO - Completed /viper/ptmp/arego/Red_T_7K_1_EN_100/15045.h5 in 198.38 seconds
2025-09-19 08:35:46,251 - INFO - Processing /viper/ptmp/arego/Red_T_7K_1/15711.h5
2025-09-19 08:35:47,394 - INFO - Completed /viper/ptmp/arego/Red_T_7K_1_EN_100/7219.h5 in 31.69 seconds
2025-09-19 08:35:58,797 - INFO - File 3323: Filtered 33676443 hits and 4 records
2025-09-19 08:36:02,136 - INFO - Completed /viper/ptmp/arego/Red_T_7K_1_EN_100/13333.h5 in 177.22 seconds
2025-09-19 08:36:05,990 - INFO - Completed /viper/ptmp/arego/Red_T_7K_1_EN_100/17851.h5 in 162.06 seconds
2025-09-19 08:36:09,035 - INFO - Completed /viper/ptmp/arego/Red_T_7K_1_EN_100/9714.h5 in 100.09 seconds
2025-09-19 08:36:17,844 - INFO - Completed /viper/ptmp/arego/Red_T_7K_1_EN_100/15946.h5 in 108.42 seconds
2025-09-19 08:36:22,611 - INFO - File 15711: Filtered 96495942 hits and 8 records
2025-09-19 08:36:33,547 - INFO - File 15393: Filtered 154879 hits and 2 records
2025-09-19 08:36:36,841 - INFO - Completed /viper/ptmp/arego/Red_T_7K_1_EN_100/14046.h5 in 177.36 seconds
2025-09-19 08:36:38,014 - INFO - File 12946: Filtered 58295690 hits and 4 records
2025-09-19 08:36:49,316 - INFO - Completed /viper/ptmp/arego/Red_T_7K_1_EN_100/5706.h5 in 243.22 seconds
2025-09-19 08:36:53,939 - INFO - Completed /viper/ptmp/arego/Red_T_7K_1_EN_100/648.h5 in 152.17 seconds
2025-09-19 08:37:05,062 - INFO - File 199: Filtered 148013828 hits and 6 records
2025-09-19 08:37:09,776 - INFO - Completed /viper/ptmp/arego/Red_T_7K_1_EN_100/270.h5 in 297.86 seconds
2025-09-19 08:38:09,114 - INFO - Completed /viper/ptmp/arego/Red_T_7K_1_EN_100/17462.h5 in 344.49 seconds
2025-09-19 08:38:10,539 - INFO - Completed /viper/ptmp/arego/Red_T_7K_1_EN_100/11957.h5 in 323.01 seconds
2025-09-19 08:39:01,396 - INFO - Completed /viper/ptmp/arego/Red_T_7K_1_EN_100/17176.h5 in 382.58 seconds
2025-09-19 08:39:28,671 - INFO - Completed /viper/ptmp/arego/Red_T_7K_1_EN_100/9787.h5 in 396.85 seconds
2025-09-19 08:42:32,478 - INFO - Completed /viper/ptmp/arego/Red_T_7K_1_EN_100/11968.h5 in 596.49 seconds
2025-09-19 08:42:51,925 - INFO - Completed /viper/ptmp/arego/Red_T_7K_1_EN_100/15711.h5 in 425.67 seconds
2025-09-19 08:43:46,643 - INFO - Completed /viper/ptmp/arego/Red_T_7K_1_EN_100/20811.h5 in 548.59 seconds
2025-09-19 08:45:55,124 - INFO - Completed /viper/ptmp/arego/Red_T_7K_1_EN_100/20764.h5 in 689.52 seconds
2025-09-19 08:46:11,502 - INFO - Completed /viper/ptmp/arego/Red_T_7K_1_EN_100/664.h5 in 770.74 seconds
2025-09-19 08:48:28,719 - INFO - Completed /viper/ptmp/arego/Red_T_7K_1_EN_100/3323.h5 in 797.54 seconds
2025-09-19 08:51:19,058 - INFO - Completed /viper/ptmp/arego/Red_T_7K_1_EN_100/21151.h5 in 1068.00 seconds
2025-09-19 08:53:56,013 - INFO - Completed /viper/ptmp/arego/Red_T_7K_1_EN_100/15393.h5 in 1093.62 seconds
2025-09-19 08:55:23,419 - INFO - Completed /viper/ptmp/arego/Red_T_7K_1_EN_100/12946.h5 in 1223.30 seconds
2025-09-19 08:57:21,658 - INFO - Completed /viper/ptmp/arego/Red_T_7K_1_EN_100/199.h5 in 1332.38 seconds
