2025-09-19 01:10:43,614 - INFO - Loaded skip configuration: 0 files to skip entirely, 35364 files with partial record skips
2025-09-19 01:10:43,615 - INFO - Loaded skip configuration: 0 files to skip entirely, 35364 files with partial record skips
2025-09-19 01:10:44,456 - INFO - Processing /viper/ptmp/arego/RC4K1/7183.h5
2025-09-19 01:10:44,467 - INFO - Processing /viper/ptmp/arego/RC4K1/26563.h5
2025-09-19 01:10:44,945 - INFO - Processing /viper/ptmp/arego/RC4K1/16223.h5
2025-09-19 01:10:44,985 - INFO - Processing /viper/ptmp/arego/RC4K1/15893.h5
2025-09-19 01:10:45,067 - INFO - File 26563: Filtered 1049046 hits and 6 records
2025-09-19 01:10:45,084 - INFO - File 7183: Filtered 800489 hits and 6 records
2025-09-19 01:10:45,517 - INFO - File 16223: Filtered 1172400 hits and 5 records
2025-09-19 01:10:45,552 - INFO - Processing /viper/ptmp/arego/RC4K1/11617.h5
2025-09-19 01:10:45,594 - INFO - File 15893: Filtered 1068389 hits and 5 records
2025-09-19 01:10:45,615 - INFO - Processing /viper/ptmp/arego/RC4K1/14610.h5
2025-09-19 01:10:46,176 - INFO - Processing /viper/ptmp/arego/RC4K1/21945.h5
2025-09-19 01:10:46,247 - INFO - File 14610: Filtered 1612132 hits and 5 records
2025-09-19 01:10:46,257 - INFO - File 11617: Filtered 2115982 hits and 8 records
2025-09-19 01:10:46,285 - INFO - Processing /viper/ptmp/arego/RC4K1/28966.h5
2025-09-19 01:10:46,342 - INFO - Completed /viper/ptmp/arego/RC4K1_EN_100/26563.h5 in 1.88 seconds
2025-09-19 01:10:46,825 - INFO - Processing /viper/ptmp/arego/RC4K1/3512.h5
2025-09-19 01:10:46,944 - INFO - Processing /viper/ptmp/arego/RC4K1/12190.h5
2025-09-19 01:10:46,953 - INFO - File 21945: Filtered 2227403 hits and 6 records
2025-09-19 01:10:46,960 - INFO - File 28966: Filtered 2057831 hits and 8 records
2025-09-19 01:10:47,471 - INFO - Completed /viper/ptmp/arego/RC4K1_EN_100/7183.h5 in 3.01 seconds
2025-09-19 01:10:47,488 - INFO - Processing /viper/ptmp/arego/RC4K1/27210.h5
2025-09-19 01:10:47,607 - INFO - Processing /viper/ptmp/arego/RC4K1/8234.h5
2025-09-19 01:10:47,667 - INFO - File 3512: Filtered 1754762 hits and 7 records
2025-09-19 01:10:47,707 - INFO - File 12190: Filtered 426488 hits and 2 records
2025-09-19 01:10:48,167 - INFO - Processing /viper/ptmp/arego/RC4K1/22479.h5
2025-09-19 01:10:48,306 - INFO - Processing /viper/ptmp/arego/RC4K1/7614.h5
2025-09-19 01:10:48,350 - INFO - File 27210: Filtered 2287348 hits and 4 records
2025-09-19 01:10:48,576 - INFO - File 8234: Filtered 3031183 hits and 5 records
2025-09-19 01:10:48,857 - INFO - Processing /viper/ptmp/arego/RC4K1/5628.h5
2025-09-19 01:10:49,076 - INFO - Processing /viper/ptmp/arego/RC4K1/10387.h5
2025-09-19 01:10:49,214 - INFO - File 22479: Filtered 3336140 hits and 6 records
2025-09-19 01:10:49,343 - INFO - File 7614: Filtered 4021813 hits and 8 records
2025-09-19 01:10:49,554 - INFO - Processing /viper/ptmp/arego/RC4K1/2214.h5
2025-09-19 01:10:49,699 - INFO - Processing /viper/ptmp/arego/RC4K1/22740.h5
2025-09-19 01:10:49,954 - INFO - File 5628: Filtered 3997581 hits and 8 records
2025-09-19 01:10:50,054 - INFO - Completed /viper/ptmp/arego/RC4K1_EN_100/11617.h5 in 4.50 seconds
2025-09-19 01:10:50,182 - INFO - File 10387: Filtered 3535952 hits and 6 records
2025-09-19 01:10:50,246 - INFO - Processing /viper/ptmp/arego/RC4K1/16138.h5
2025-09-19 01:10:50,300 - INFO - Completed /viper/ptmp/arego/RC4K1_EN_100/16223.h5 in 5.36 seconds
2025-09-19 01:10:50,577 - INFO - Completed /viper/ptmp/arego/RC4K1_EN_100/21945.h5 in 4.40 seconds
2025-09-19 01:10:50,672 - INFO - File 2214: Filtered 3806577 hits and 4 records
2025-09-19 01:10:50,765 - INFO - File 22740: Filtered 2596953 hits and 6 records
2025-09-19 01:10:50,932 - INFO - Completed /viper/ptmp/arego/RC4K1_EN_100/28966.h5 in 4.65 seconds
2025-09-19 01:10:50,980 - INFO - Processing /viper/ptmp/arego/RC4K1/548.h5
2025-09-19 01:10:51,144 - INFO - Processing /viper/ptmp/arego/RC4K1/27444.h5
2025-09-19 01:10:51,217 - INFO - Completed /viper/ptmp/arego/RC4K1_EN_100/14610.h5 in 5.60 seconds
2025-09-19 01:10:51,445 - INFO - File 16138: Filtered 4255001 hits and 6 records
2025-09-19 01:10:51,549 - INFO - Completed /viper/ptmp/arego/RC4K1_EN_100/7614.h5 in 3.24 seconds
2025-09-19 01:10:51,660 - INFO - Processing /viper/ptmp/arego/RC4K1/794.h5
2025-09-19 01:10:51,978 - INFO - Processing /viper/ptmp/arego/RC4K1/19913.h5
2025-09-19 01:10:52,037 - INFO - Completed /viper/ptmp/arego/RC4K1_EN_100/5628.h5 in 3.18 seconds
2025-09-19 01:10:52,217 - INFO - File 27444: Filtered 2339378 hits and 6 records
2025-09-19 01:10:52,277 - INFO - Completed /viper/ptmp/arego/RC4K1_EN_100/15893.h5 in 7.29 seconds
2025-09-19 01:10:52,285 - INFO - File 548: Filtered 3261958 hits and 7 records
2025-09-19 01:10:52,460 - INFO - Processing /viper/ptmp/arego/RC4K1/9956.h5
2025-09-19 01:10:52,469 - INFO - Completed /viper/ptmp/arego/RC4K1_EN_100/8234.h5 in 4.86 seconds
2025-09-19 01:10:52,801 - INFO - Processing /viper/ptmp/arego/RC4K1/14612.h5
2025-09-19 01:10:53,068 - INFO - File 19913: Filtered 2780021 hits and 6 records
2025-09-19 01:10:53,106 - INFO - File 794: Filtered 4100606 hits and 7 records
2025-09-19 01:10:53,520 - INFO - Completed /viper/ptmp/arego/RC4K1_EN_100/22479.h5 in 5.35 seconds
2025-09-19 01:10:53,567 - INFO - Processing /viper/ptmp/arego/RC4K1/21025.h5
2025-09-19 01:10:53,745 - INFO - Processing /viper/ptmp/arego/RC4K1/9969.h5
2025-09-19 01:10:53,865 - INFO - File 9956: Filtered 3651705 hits and 8 records
2025-09-19 01:10:53,982 - INFO - Completed /viper/ptmp/arego/RC4K1_EN_100/10387.h5 in 4.91 seconds
2025-09-19 01:10:54,080 - INFO - File 14612: Filtered 4329488 hits and 4 records
2025-09-19 01:10:54,351 - INFO - Processing /viper/ptmp/arego/RC4K1/29964.h5
2025-09-19 01:10:54,421 - INFO - Completed /viper/ptmp/arego/RC4K1_EN_100/27210.h5 in 6.93 seconds
2025-09-19 01:10:54,467 - INFO - Completed /viper/ptmp/arego/RC4K1_EN_100/2214.h5 in 4.91 seconds
2025-09-19 01:10:54,629 - INFO - Processing /viper/ptmp/arego/RC4K1/736.h5
2025-09-19 01:10:54,966 - INFO - File 21025: Filtered 1501497 hits and 7 records
2025-09-19 01:10:55,150 - INFO - Processing /viper/ptmp/arego/RC4K1/24488.h5
2025-09-19 01:10:55,220 - INFO - File 9969: Filtered 2389491 hits and 4 records
2025-09-19 01:10:55,455 - INFO - Processing /viper/ptmp/arego/RC4K1/15181.h5
2025-09-19 01:10:55,931 - INFO - Completed /viper/ptmp/arego/RC4K1_EN_100/3512.h5 in 9.11 seconds
2025-09-19 01:10:56,027 - INFO - File 29964: Filtered 2594957 hits and 7 records
2025-09-19 01:10:56,301 - INFO - File 736: Filtered 3218065 hits and 5 records
2025-09-19 01:10:56,370 - INFO - Processing /viper/ptmp/arego/RC4K1/20778.h5
2025-09-19 01:10:56,963 - INFO - File 24488: Filtered 1156194 hits and 5 records
2025-09-19 01:10:57,148 - INFO - File 15181: Filtered 5207042 hits and 9 records
2025-09-19 01:10:57,153 - INFO - Completed /viper/ptmp/arego/RC4K1_EN_100/16138.h5 in 6.91 seconds
2025-09-19 01:10:57,365 - INFO - Processing /viper/ptmp/arego/RC4K1/23613.h5
2025-09-19 01:10:58,012 - INFO - File 20778: Filtered 3869004 hits and 6 records
2025-09-19 01:10:58,973 - INFO - File 23613: Filtered 4898947 hits and 7 records
2025-09-19 01:10:59,085 - INFO - Completed /viper/ptmp/arego/RC4K1_EN_100/14612.h5 in 6.28 seconds
2025-09-19 01:10:59,101 - INFO - Completed /viper/ptmp/arego/RC4K1_EN_100/22740.h5 in 9.40 seconds
2025-09-19 01:10:59,276 - INFO - Processing /viper/ptmp/arego/RC4K1/21178.h5
2025-09-19 01:10:59,665 - INFO - Completed /viper/ptmp/arego/RC4K1_EN_100/12190.h5 in 12.72 seconds
2025-09-19 01:10:59,925 - INFO - Processing /viper/ptmp/arego/RC4K1/18305.h5
2025-09-19 01:11:00,004 - INFO - Completed /viper/ptmp/arego/RC4K1_EN_100/794.h5 in 8.34 seconds
2025-09-19 01:11:00,270 - INFO - Processing /viper/ptmp/arego/RC4K1/5100.h5
2025-09-19 01:11:00,602 - INFO - File 21178: Filtered 5141607 hits and 5 records
2025-09-19 01:11:00,635 - INFO - Completed /viper/ptmp/arego/RC4K1_EN_100/19913.h5 in 8.66 seconds
2025-09-19 01:11:00,721 - INFO - Processing /viper/ptmp/arego/RC4K1/1855.h5
2025-09-19 01:11:01,114 - INFO - Completed /viper/ptmp/arego/RC4K1_EN_100/27444.h5 in 9.97 seconds
2025-09-19 01:11:01,387 - INFO - Processing /viper/ptmp/arego/RC4K1/16330.h5
2025-09-19 01:11:01,401 - INFO - File 18305: Filtered 4497119 hits and 7 records
2025-09-19 01:11:02,069 - INFO - File 5100: Filtered 4465322 hits and 6 records
2025-09-19 01:11:02,274 - INFO - Processing /viper/ptmp/arego/RC4K1/3731.h5
2025-09-19 01:11:02,323 - INFO - File 1855: Filtered 4449861 hits and 6 records
2025-09-19 01:11:02,374 - INFO - Completed /viper/ptmp/arego/RC4K1_EN_100/548.h5 in 11.39 seconds
2025-09-19 01:11:02,401 - INFO - Completed /viper/ptmp/arego/RC4K1_EN_100/15181.h5 in 6.95 seconds
2025-09-19 01:11:02,616 - INFO - Processing /viper/ptmp/arego/RC4K1/27277.h5
2025-09-19 01:11:02,966 - INFO - Completed /viper/ptmp/arego/RC4K1_EN_100/9956.h5 in 10.51 seconds
2025-09-19 01:11:03,044 - INFO - File 16330: Filtered 2708682 hits and 8 records
2025-09-19 01:11:03,338 - INFO - Processing /viper/ptmp/arego/RC4K1/25075.h5
2025-09-19 01:11:04,081 - INFO - File 3731: Filtered 5221772 hits and 6 records
2025-09-19 01:11:04,204 - INFO - Processing /viper/ptmp/arego/RC4K1/24635.h5
2025-09-19 01:11:04,377 - INFO - File 27277: Filtered 4310636 hits and 9 records
2025-09-19 01:11:05,219 - INFO - File 25075: Filtered 1906876 hits and 5 records
2025-09-19 01:11:06,112 - INFO - File 24635: Filtered 4808576 hits and 8 records
2025-09-19 01:11:06,546 - INFO - Completed /viper/ptmp/arego/RC4K1_EN_100/21178.h5 in 7.27 seconds
2025-09-19 01:11:06,769 - INFO - Processing /viper/ptmp/arego/RC4K1/27895.h5
2025-09-19 01:11:07,933 - INFO - Completed /viper/ptmp/arego/RC4K1_EN_100/23613.h5 in 10.57 seconds
2025-09-19 01:11:08,208 - INFO - Processing /viper/ptmp/arego/RC4K1/17303.h5
2025-09-19 01:11:08,337 - INFO - File 27895: Filtered 5058919 hits and 8 records
2025-09-19 01:11:08,881 - INFO - Completed /viper/ptmp/arego/RC4K1_EN_100/736.h5 in 14.25 seconds
2025-09-19 01:11:09,064 - INFO - Processing /viper/ptmp/arego/RC4K1/2596.h5
2025-09-19 01:11:09,706 - INFO - Completed /viper/ptmp/arego/RC4K1_EN_100/9969.h5 in 15.96 seconds
2025-09-19 01:11:09,744 - INFO - Completed /viper/ptmp/arego/RC4K1_EN_100/20778.h5 in 13.37 seconds
2025-09-19 01:11:10,075 - INFO - File 17303: Filtered 5709141 hits and 6 records
2025-09-19 01:11:10,123 - INFO - Processing /viper/ptmp/arego/RC4K1/24741.h5
2025-09-19 01:11:10,838 - INFO - File 2596: Filtered 5953617 hits and 7 records
2025-09-19 01:11:10,959 - INFO - Processing /viper/ptmp/arego/RC4K1/5237.h5
2025-09-19 01:11:11,081 - INFO - Completed /viper/ptmp/arego/RC4K1_EN_100/29964.h5 in 16.73 seconds
2025-09-19 01:11:11,288 - INFO - Completed /viper/ptmp/arego/RC4K1_EN_100/18305.h5 in 11.36 seconds
2025-09-19 01:11:11,292 - INFO - Processing /viper/ptmp/arego/RC4K1/8504.h5
2025-09-19 01:11:11,828 - INFO - File 24741: Filtered 5752337 hits and 7 records
2025-09-19 01:11:12,035 - INFO - Completed /viper/ptmp/arego/RC4K1_EN_100/3731.h5 in 9.76 seconds
2025-09-19 01:11:12,202 - INFO - Processing /viper/ptmp/arego/RC4K1/22713.h5
2025-09-19 01:11:12,217 - INFO - Completed /viper/ptmp/arego/RC4K1_EN_100/21025.h5 in 18.65 seconds
2025-09-19 01:11:12,627 - INFO - Completed /viper/ptmp/arego/RC4K1_EN_100/1855.h5 in 11.91 seconds
2025-09-19 01:11:12,956 - INFO - Processing /viper/ptmp/arego/RC4K1/13495.h5
2025-09-19 01:11:13,002 - INFO - File 5237: Filtered 3760982 hits and 7 records
2025-09-19 01:11:13,006 - INFO - File 8504: Filtered 3379801 hits and 7 records
2025-09-19 01:11:13,750 - INFO - Processing /viper/ptmp/arego/RC4K1/4950.h5
2025-09-19 01:11:14,078 - INFO - File 22713: Filtered 6043535 hits and 6 records
2025-09-19 01:11:14,259 - INFO - Completed /viper/ptmp/arego/RC4K1_EN_100/5100.h5 in 13.99 seconds
2025-09-19 01:11:14,529 - INFO - Processing /viper/ptmp/arego/RC4K1/10782.h5
2025-09-19 01:11:14,661 - INFO - Processing /viper/ptmp/arego/RC4K1/13088.h5
2025-09-19 01:11:14,730 - INFO - File 13495: Filtered 6061402 hits and 9 records
2025-09-19 01:11:15,525 - INFO - File 4950: Filtered 4672861 hits and 6 records
2025-09-19 01:11:16,678 - INFO - File 10782: Filtered 4521766 hits and 8 records
2025-09-19 01:11:16,816 - INFO - File 13088: Filtered 4612419 hits and 4 records
2025-09-19 01:11:17,206 - INFO - Completed /viper/ptmp/arego/RC4K1_EN_100/27277.h5 in 14.59 seconds
2025-09-19 01:11:17,541 - INFO - Processing /viper/ptmp/arego/RC4K1/976.h5
2025-09-19 01:11:18,380 - INFO - Completed /viper/ptmp/arego/RC4K1_EN_100/27895.h5 in 11.61 seconds
2025-09-19 01:11:18,464 - INFO - Completed /viper/ptmp/arego/RC4K1_EN_100/24635.h5 in 14.26 seconds
2025-09-19 01:11:18,568 - INFO - Processing /viper/ptmp/arego/RC4K1/17319.h5
2025-09-19 01:11:18,635 - INFO - Completed /viper/ptmp/arego/RC4K1_EN_100/17303.h5 in 10.43 seconds
2025-09-19 01:11:18,692 - INFO - Completed /viper/ptmp/arego/RC4K1_EN_100/24488.h5 in 23.54 seconds
2025-09-19 01:11:18,702 - INFO - Processing /viper/ptmp/arego/RC4K1/16011.h5
2025-09-19 01:11:19,050 - INFO - Completed /viper/ptmp/arego/RC4K1_EN_100/2596.h5 in 9.99 seconds
2025-09-19 01:11:19,358 - INFO - File 976: Filtered 5492557 hits and 6 records
2025-09-19 01:11:19,418 - INFO - Processing /viper/ptmp/arego/RC4K1/16379.h5
2025-09-19 01:11:19,440 - INFO - Processing /viper/ptmp/arego/RC4K1/236.h5
2025-09-19 01:11:20,462 - INFO - Processing /viper/ptmp/arego/RC4K1/29725.h5
2025-09-19 01:11:20,593 - INFO - File 17319: Filtered 7025233 hits and 7 records
2025-09-19 01:11:20,804 - INFO - Completed /viper/ptmp/arego/RC4K1_EN_100/22713.h5 in 8.60 seconds
2025-09-19 01:11:20,981 - INFO - File 16011: Filtered 6518919 hits and 8 records
2025-09-19 01:11:21,093 - INFO - Processing /viper/ptmp/arego/RC4K1/16652.h5
2025-09-19 01:11:21,523 - INFO - Completed /viper/ptmp/arego/RC4K1_EN_100/13495.h5 in 8.57 seconds
2025-09-19 01:11:21,741 - INFO - File 16379: Filtered 4883915 hits and 6 records
2025-09-19 01:11:21,786 - INFO - File 236: Filtered 6203267 hits and 8 records
2025-09-19 01:11:21,857 - INFO - Completed /viper/ptmp/arego/RC4K1_EN_100/24741.h5 in 11.73 seconds
2025-09-19 01:11:22,027 - INFO - Processing /viper/ptmp/arego/RC4K1/10948.h5
2025-09-19 01:11:22,042 - INFO - Completed /viper/ptmp/arego/RC4K1_EN_100/16330.h5 in 20.66 seconds
2025-09-19 01:11:22,340 - INFO - Processing /viper/ptmp/arego/RC4K1/6462.h5
2025-09-19 01:11:22,905 - INFO - File 29725: Filtered 3929010 hits and 4 records
2025-09-19 01:11:23,169 - INFO - Processing /viper/ptmp/arego/RC4K1/8358.h5
2025-09-19 01:11:23,262 - INFO - File 16652: Filtered 4957471 hits and 5 records
2025-09-19 01:11:24,405 - INFO - File 10948: Filtered 4926209 hits and 9 records
2025-09-19 01:11:24,754 - INFO - File 6462: Filtered 4414857 hits and 6 records
2025-09-19 01:11:25,540 - INFO - File 8358: Filtered 7108469 hits and 5 records
2025-09-19 01:11:27,316 - INFO - Completed /viper/ptmp/arego/RC4K1_EN_100/17319.h5 in 8.75 seconds
2025-09-19 01:11:27,496 - INFO - Processing /viper/ptmp/arego/RC4K1/27827.h5
2025-09-19 01:11:27,543 - INFO - Completed /viper/ptmp/arego/RC4K1_EN_100/25075.h5 in 24.21 seconds
2025-09-19 01:11:27,730 - INFO - Processing /viper/ptmp/arego/RC4K1/9355.h5
2025-09-19 01:11:28,553 - INFO - Completed /viper/ptmp/arego/RC4K1_EN_100/4950.h5 in 14.80 seconds
2025-09-19 01:11:28,821 - INFO - Processing /viper/ptmp/arego/RC4K1/19731.h5
2025-09-19 01:11:29,549 - INFO - File 27827: Filtered 4117346 hits and 4 records
2025-09-19 01:11:29,879 - INFO - File 9355: Filtered 5239745 hits and 6 records
2025-09-19 01:11:30,767 - INFO - Completed /viper/ptmp/arego/RC4K1_EN_100/8504.h5 in 19.47 seconds
2025-09-19 01:11:31,051 - INFO - Completed /viper/ptmp/arego/RC4K1_EN_100/16011.h5 in 12.35 seconds
2025-09-19 01:11:31,095 - INFO - Processing /viper/ptmp/arego/RC4K1/8112.h5
2025-09-19 01:11:31,099 - INFO - File 19731: Filtered 2694812 hits and 4 records
2025-09-19 01:11:31,236 - INFO - Processing /viper/ptmp/arego/RC4K1/15677.h5
2025-09-19 01:11:32,450 - INFO - Completed /viper/ptmp/arego/RC4K1_EN_100/13088.h5 in 17.79 seconds
2025-09-19 01:11:32,491 - INFO - Completed /viper/ptmp/arego/RC4K1_EN_100/976.h5 in 14.95 seconds
2025-09-19 01:11:32,522 - INFO - Completed /viper/ptmp/arego/RC4K1_EN_100/5237.h5 in 21.56 seconds
2025-09-19 01:11:32,749 - INFO - Processing /viper/ptmp/arego/RC4K1/24787.h5
2025-09-19 01:11:32,789 - INFO - Processing /viper/ptmp/arego/RC4K1/20286.h5
2025-09-19 01:11:33,306 - INFO - File 8112: Filtered 3879639 hits and 6 records
2025-09-19 01:11:33,636 - INFO - File 15677: Filtered 4235585 hits and 5 records
2025-09-19 01:11:33,721 - INFO - Processing /viper/ptmp/arego/RC4K1/15026.h5
2025-09-19 01:11:33,865 - INFO - Completed /viper/ptmp/arego/RC4K1_EN_100/10782.h5 in 19.34 seconds
2025-09-19 01:11:34,476 - INFO - Processing /viper/ptmp/arego/RC4K1/1055.h5
2025-09-19 01:11:34,733 - INFO - Completed /viper/ptmp/arego/RC4K1_EN_100/8358.h5 in 11.56 seconds
2025-09-19 01:11:34,760 - INFO - Completed /viper/ptmp/arego/RC4K1_EN_100/236.h5 in 15.32 seconds
2025-09-19 01:11:35,009 - INFO - Processing /viper/ptmp/arego/RC4K1/18075.h5
2025-09-19 01:11:35,365 - INFO - File 20286: Filtered 6291932 hits and 6 records
2025-09-19 01:11:35,446 - INFO - Processing /viper/ptmp/arego/RC4K1/27754.h5
2025-09-19 01:11:35,624 - INFO - File 24787: Filtered 4811728 hits and 6 records
2025-09-19 01:11:36,425 - INFO - File 15026: Filtered 9734657 hits and 7 records
2025-09-19 01:11:37,386 - INFO - File 18075: Filtered 5263234 hits and 5 records
2025-09-19 01:11:37,423 - INFO - File 1055: Filtered 3463004 hits and 4 records
2025-09-19 01:11:37,901 - INFO - Completed /viper/ptmp/arego/RC4K1_EN_100/15026.h5 in 4.18 seconds
2025-09-19 01:11:38,145 - INFO - Processing /viper/ptmp/arego/RC4K1/22827.h5
2025-09-19 01:11:38,198 - INFO - File 27754: Filtered 7195814 hits and 9 records
2025-09-19 01:11:38,512 - INFO - Completed /viper/ptmp/arego/RC4K1_EN_100/16379.h5 in 19.09 seconds
2025-09-19 01:11:38,791 - INFO - Processing /viper/ptmp/arego/RC4K1/15886.h5
2025-09-19 01:11:39,144 - INFO - Completed /viper/ptmp/arego/RC4K1_EN_100/16652.h5 in 18.05 seconds
2025-09-19 01:11:39,655 - INFO - Processing /viper/ptmp/arego/RC4K1/21515.h5
2025-09-19 01:11:40,375 - INFO - File 22827: Filtered 6591303 hits and 9 records
2025-09-19 01:11:40,996 - INFO - File 15886: Filtered 3924075 hits and 5 records
2025-09-19 01:11:41,927 - INFO - Completed /viper/ptmp/arego/RC4K1_EN_100/10948.h5 in 19.90 seconds
2025-09-19 01:11:42,045 - INFO - File 21515: Filtered 6395259 hits and 9 records
2025-09-19 01:11:42,161 - INFO - Processing /viper/ptmp/arego/RC4K1/3936.h5
2025-09-19 01:11:44,086 - INFO - File 3936: Filtered 8156313 hits and 6 records
2025-09-19 01:11:45,114 - INFO - Completed /viper/ptmp/arego/RC4K1_EN_100/29725.h5 in 24.65 seconds
2025-09-19 01:11:45,359 - INFO - Processing /viper/ptmp/arego/RC4K1/3279.h5
2025-09-19 01:11:45,677 - INFO - Completed /viper/ptmp/arego/RC4K1_EN_100/6462.h5 in 23.34 seconds
2025-09-19 01:11:46,159 - INFO - Processing /viper/ptmp/arego/RC4K1/14574.h5
2025-09-19 01:11:47,400 - INFO - Completed /viper/ptmp/arego/RC4K1_EN_100/9355.h5 in 19.67 seconds
2025-09-19 01:11:47,515 - INFO - File 3279: Filtered 8080642 hits and 7 records
2025-09-19 01:11:47,630 - INFO - Processing /viper/ptmp/arego/RC4K1/17123.h5
2025-09-19 01:11:48,516 - INFO - File 14574: Filtered 6045796 hits and 6 records
2025-09-19 01:11:49,337 - INFO - Completed /viper/ptmp/arego/RC4K1_EN_100/20286.h5 in 16.55 seconds
2025-09-19 01:11:49,544 - INFO - Processing /viper/ptmp/arego/RC4K1/19091.h5
2025-09-19 01:11:50,094 - INFO - File 17123: Filtered 5596756 hits and 7 records
2025-09-19 01:11:50,442 - INFO - Completed /viper/ptmp/arego/RC4K1_EN_100/27754.h5 in 15.00 seconds
2025-09-19 01:11:50,632 - INFO - Processing /viper/ptmp/arego/RC4K1/14395.h5
2025-09-19 01:11:51,240 - INFO - Completed /viper/ptmp/arego/RC4K1_EN_100/27827.h5 in 23.74 seconds
2025-09-19 01:11:51,461 - INFO - Processing /viper/ptmp/arego/RC4K1/20494.h5
2025-09-19 01:11:51,906 - INFO - Completed /viper/ptmp/arego/RC4K1_EN_100/3936.h5 in 9.75 seconds
2025-09-19 01:11:51,966 - INFO - File 19091: Filtered 4561613 hits and 8 records
2025-09-19 01:11:52,441 - INFO - Processing /viper/ptmp/arego/RC4K1/14417.h5
2025-09-19 01:11:53,050 - INFO - File 14395: Filtered 8496542 hits and 10 records
2025-09-19 01:11:54,192 - INFO - File 20494: Filtered 6752079 hits and 6 records
2025-09-19 01:11:55,127 - INFO - Completed /viper/ptmp/arego/RC4K1_EN_100/22827.h5 in 16.98 seconds
2025-09-19 01:11:55,206 - INFO - File 14417: Filtered 6430013 hits and 8 records
2025-09-19 01:11:55,308 - INFO - Processing /viper/ptmp/arego/RC4K1/19647.h5
2025-09-19 01:11:56,125 - INFO - Completed /viper/ptmp/arego/RC4K1_EN_100/18075.h5 in 21.12 seconds
2025-09-19 01:11:56,310 - INFO - Processing /viper/ptmp/arego/RC4K1/26072.h5
2025-09-19 01:11:56,615 - INFO - Completed /viper/ptmp/arego/RC4K1_EN_100/3279.h5 in 11.26 seconds
2025-09-19 01:11:56,799 - INFO - Completed /viper/ptmp/arego/RC4K1_EN_100/21515.h5 in 17.14 seconds
2025-09-19 01:11:56,903 - INFO - Processing /viper/ptmp/arego/RC4K1/3144.h5
2025-09-19 01:11:57,294 - INFO - Completed /viper/ptmp/arego/RC4K1_EN_100/15677.h5 in 26.06 seconds
2025-09-19 01:11:57,308 - INFO - Processing /viper/ptmp/arego/RC4K1/6816.h5
2025-09-19 01:11:57,507 - INFO - File 19647: Filtered 9182800 hits and 6 records
2025-09-19 01:11:57,880 - INFO - Processing /viper/ptmp/arego/RC4K1/17203.h5
2025-09-19 01:11:58,171 - INFO - Completed /viper/ptmp/arego/RC4K1_EN_100/8112.h5 in 27.08 seconds
2025-09-19 01:11:58,409 - INFO - Processing /viper/ptmp/arego/RC4K1/19601.h5
2025-09-19 01:11:58,635 - INFO - Completed /viper/ptmp/arego/RC4K1_EN_100/19731.h5 in 29.81 seconds
2025-09-19 01:11:58,960 - INFO - File 26072: Filtered 7887503 hits and 7 records
2025-09-19 01:11:59,560 - INFO - Processing /viper/ptmp/arego/RC4K1/6698.h5
2025-09-19 01:11:59,718 - INFO - File 3144: Filtered 4035138 hits and 5 records
2025-09-19 01:11:59,758 - INFO - Completed /viper/ptmp/arego/RC4K1_EN_100/24787.h5 in 27.01 seconds
2025-09-19 01:12:00,062 - INFO - Processing /viper/ptmp/arego/RC4K1/5186.h5
2025-09-19 01:12:00,592 - INFO - File 6816: Filtered 7301890 hits and 8 records
2025-09-19 01:12:00,945 - INFO - File 17203: Filtered 2251944 hits and 4 records
2025-09-19 01:12:01,982 - INFO - File 19601: Filtered 6701677 hits and 7 records
2025-09-19 01:12:02,220 - INFO - Completed /viper/ptmp/arego/RC4K1_EN_100/14395.h5 in 11.59 seconds
2025-09-19 01:12:02,622 - INFO - Processing /viper/ptmp/arego/RC4K1/29527.h5
2025-09-19 01:12:03,157 - INFO - File 5186: Filtered 5195144 hits and 8 records
2025-09-19 01:12:03,202 - INFO - File 6698: Filtered 5970054 hits and 6 records
2025-09-19 01:12:03,399 - INFO - Completed /viper/ptmp/arego/RC4K1_EN_100/19647.h5 in 8.09 seconds
2025-09-19 01:12:03,789 - INFO - Processing /viper/ptmp/arego/RC4K1/10505.h5
2025-09-19 01:12:04,987 - INFO - File 29527: Filtered 7852889 hits and 9 records
2025-09-19 01:12:05,281 - INFO - Completed /viper/ptmp/arego/RC4K1_EN_100/1055.h5 in 30.81 seconds
2025-09-19 01:12:05,541 - INFO - Processing /viper/ptmp/arego/RC4K1/26778.h5
2025-09-19 01:12:06,075 - INFO - File 10505: Filtered 10061794 hits and 6 records
2025-09-19 01:12:06,551 - INFO - Completed /viper/ptmp/arego/RC4K1_EN_100/15886.h5 in 27.76 seconds
2025-09-19 01:12:06,742 - INFO - Processing /viper/ptmp/arego/RC4K1/28433.h5
2025-09-19 01:12:07,821 - INFO - Completed /viper/ptmp/arego/RC4K1_EN_100/14574.h5 in 21.66 seconds
2025-09-19 01:12:07,925 - INFO - File 26778: Filtered 4597034 hits and 7 records
2025-09-19 01:12:08,021 - INFO - Processing /viper/ptmp/arego/RC4K1/25723.h5
2025-09-19 01:12:08,355 - INFO - Completed /viper/ptmp/arego/RC4K1_EN_100/10505.h5 in 4.57 seconds
2025-09-19 01:12:09,045 - INFO - Processing /viper/ptmp/arego/RC4K1/17205.h5
2025-09-19 01:12:09,487 - INFO - File 28433: Filtered 7631621 hits and 7 records
2025-09-19 01:12:10,496 - INFO - File 25723: Filtered 8497368 hits and 7 records
2025-09-19 01:12:11,444 - INFO - File 17205: Filtered 8809201 hits and 7 records
2025-09-19 01:12:11,571 - INFO - Completed /viper/ptmp/arego/RC4K1_EN_100/17123.h5 in 23.94 seconds
2025-09-19 01:12:11,761 - INFO - Processing /viper/ptmp/arego/RC4K1/12311.h5
2025-09-19 01:12:11,898 - INFO - Completed /viper/ptmp/arego/RC4K1_EN_100/20494.h5 in 20.44 seconds
2025-09-19 01:12:12,119 - INFO - Processing /viper/ptmp/arego/RC4K1/2269.h5
2025-09-19 01:12:14,138 - INFO - File 12311: Filtered 4645811 hits and 7 records
2025-09-19 01:12:14,899 - INFO - File 2269: Filtered 8667988 hits and 8 records
2025-09-19 01:12:16,070 - INFO - Completed /viper/ptmp/arego/RC4K1_EN_100/14417.h5 in 23.63 seconds
2025-09-19 01:12:16,136 - INFO - Completed /viper/ptmp/arego/RC4K1_EN_100/26072.h5 in 19.83 seconds
2025-09-19 01:12:16,299 - INFO - Processing /viper/ptmp/arego/RC4K1/3442.h5
2025-09-19 01:12:16,951 - INFO - Processing /viper/ptmp/arego/RC4K1/18347.h5
2025-09-19 01:12:17,361 - INFO - Completed /viper/ptmp/arego/RC4K1_EN_100/29527.h5 in 14.74 seconds
2025-09-19 01:12:17,466 - INFO - Completed /viper/ptmp/arego/RC4K1_EN_100/19091.h5 in 27.92 seconds
2025-09-19 01:12:17,536 - INFO - Processing /viper/ptmp/arego/RC4K1/9834.h5
2025-09-19 01:12:17,660 - INFO - Processing /viper/ptmp/arego/RC4K1/12821.h5
2025-09-19 01:12:19,445 - INFO - File 3442: Filtered 5930027 hits and 8 records
2025-09-19 01:12:20,179 - INFO - Completed /viper/ptmp/arego/RC4K1_EN_100/6816.h5 in 22.87 seconds
2025-09-19 01:12:20,403 - INFO - File 9834: Filtered 3366485 hits and 6 records
2025-09-19 01:12:20,493 - INFO - Processing /viper/ptmp/arego/RC4K1/14520.h5
2025-09-19 01:12:20,589 - INFO - File 18347: Filtered 10015459 hits and 7 records
2025-09-19 01:12:21,284 - INFO - Completed /viper/ptmp/arego/RC4K1_EN_100/17205.h5 in 12.24 seconds
2025-09-19 01:12:21,535 - INFO - Processing /viper/ptmp/arego/RC4K1/7545.h5
2025-09-19 01:12:21,718 - INFO - File 12821: Filtered 6612981 hits and 6 records
2025-09-19 01:12:22,361 - INFO - Completed /viper/ptmp/arego/RC4K1_EN_100/25723.h5 in 14.34 seconds
2025-09-19 01:12:22,667 - INFO - Processing /viper/ptmp/arego/RC4K1/28525.h5
2025-09-19 01:12:23,690 - INFO - File 14520: Filtered 11577985 hits and 8 records
2025-09-19 01:12:24,143 - INFO - File 7545: Filtered 4317881 hits and 7 records
2025-09-19 01:12:25,263 - INFO - File 28525: Filtered 9935691 hits and 4 records
2025-09-19 01:12:26,774 - INFO - Completed /viper/ptmp/arego/RC4K1_EN_100/19601.h5 in 28.36 seconds
2025-09-19 01:12:26,956 - INFO - Processing /viper/ptmp/arego/RC4K1/28549.h5
2025-09-19 01:12:27,062 - INFO - Completed /viper/ptmp/arego/RC4K1_EN_100/5186.h5 in 27.00 seconds
2025-09-19 01:12:27,242 - INFO - Processing /viper/ptmp/arego/RC4K1/19840.h5
2025-09-19 01:12:27,794 - INFO - Completed /viper/ptmp/arego/RC4K1_EN_100/3144.h5 in 30.89 seconds
2025-09-19 01:12:28,009 - INFO - Processing /viper/ptmp/arego/RC4K1/15690.h5
2025-09-19 01:12:30,188 - INFO - File 19840: Filtered 5682617 hits and 10 records
2025-09-19 01:12:30,252 - INFO - File 28549: Filtered 10901781 hits and 10 records
2025-09-19 01:12:31,111 - INFO - File 15690: Filtered 6324476 hits and 9 records
2025-09-19 01:12:31,500 - INFO - Completed /viper/ptmp/arego/RC4K1_EN_100/28433.h5 in 24.76 seconds
2025-09-19 01:12:31,693 - INFO - Processing /viper/ptmp/arego/RC4K1/9028.h5
2025-09-19 01:12:32,045 - INFO - Completed /viper/ptmp/arego/RC4K1_EN_100/2269.h5 in 19.93 seconds
2025-09-19 01:12:32,242 - INFO - Completed /viper/ptmp/arego/RC4K1_EN_100/28525.h5 in 9.58 seconds
2025-09-19 01:12:32,276 - INFO - Completed /viper/ptmp/arego/RC4K1_EN_100/6698.h5 in 32.72 seconds
2025-09-19 01:12:32,290 - INFO - Completed /viper/ptmp/arego/RC4K1_EN_100/14520.h5 in 11.80 seconds
2025-09-19 01:12:32,448 - INFO - Processing /viper/ptmp/arego/RC4K1/21010.h5
2025-09-19 01:12:32,468 - INFO - Processing /viper/ptmp/arego/RC4K1/1041.h5
2025-09-19 01:12:33,067 - INFO - Processing /viper/ptmp/arego/RC4K1/24994.h5
2025-09-19 01:12:33,804 - INFO - Processing /viper/ptmp/arego/RC4K1/1427.h5
2025-09-19 01:12:34,739 - INFO - Completed /viper/ptmp/arego/RC4K1_EN_100/26778.h5 in 29.20 seconds
2025-09-19 01:12:34,982 - INFO - Processing /viper/ptmp/arego/RC4K1/25150.h5
2025-09-19 01:12:35,128 - INFO - File 9028: Filtered 1944496 hits and 3 records
2025-09-19 01:12:35,221 - INFO - File 21010: Filtered 6579735 hits and 6 records
2025-09-19 01:12:36,732 - INFO - File 1041: Filtered 9646615 hits and 8 records
2025-09-19 01:12:36,901 - INFO - Completed /viper/ptmp/arego/RC4K1_EN_100/18347.h5 in 19.95 seconds
2025-09-19 01:12:37,333 - INFO - Completed /viper/ptmp/arego/RC4K1_EN_100/17203.h5 in 39.45 seconds
2025-09-19 01:12:37,402 - INFO - Processing /viper/ptmp/arego/RC4K1/3525.h5
2025-09-19 01:12:37,597 - INFO - Processing /viper/ptmp/arego/RC4K1/1881.h5
2025-09-19 01:12:37,800 - INFO - File 24994: Filtered 6603987 hits and 8 records
2025-09-19 01:12:38,101 - INFO - File 25150: Filtered 6924302 hits and 7 records
2025-09-19 01:12:38,809 - INFO - File 1427: Filtered 7444068 hits and 6 records
2025-09-19 01:12:40,614 - INFO - File 1881: Filtered 11358548 hits and 8 records
2025-09-19 01:12:41,193 - INFO - File 3525: Filtered 8497766 hits and 5 records
2025-09-19 01:12:41,986 - INFO - Completed /viper/ptmp/arego/RC4K1_EN_100/12311.h5 in 30.22 seconds
2025-09-19 01:12:42,166 - INFO - Processing /viper/ptmp/arego/RC4K1/1820.h5
2025-09-19 01:12:44,345 - INFO - Completed /viper/ptmp/arego/RC4K1_EN_100/1881.h5 in 6.75 seconds
2025-09-19 01:12:44,597 - INFO - Processing /viper/ptmp/arego/RC4K1/22216.h5
2025-09-19 01:12:44,739 - INFO - File 1820: Filtered 6827944 hits and 10 records
2025-09-19 01:12:44,869 - INFO - Completed /viper/ptmp/arego/RC4K1_EN_100/28549.h5 in 17.91 seconds
2025-09-19 01:12:45,054 - INFO - Processing /viper/ptmp/arego/RC4K1/4332.h5
2025-09-19 01:12:47,262 - INFO - File 22216: Filtered 10134826 hits and 10 records
2025-09-19 01:12:48,324 - INFO - File 4332: Filtered 9975678 hits and 7 records
2025-09-19 01:12:51,401 - INFO - Completed /viper/ptmp/arego/RC4K1_EN_100/3442.h5 in 35.10 seconds
2025-09-19 01:12:51,595 - INFO - Processing /viper/ptmp/arego/RC4K1/28808.h5
2025-09-19 01:12:52,158 - INFO - Completed /viper/ptmp/arego/RC4K1_EN_100/12821.h5 in 34.50 seconds
2025-09-19 01:12:52,324 - INFO - Processing /viper/ptmp/arego/RC4K1/29889.h5
2025-09-19 01:12:53,175 - INFO - Completed /viper/ptmp/arego/RC4K1_EN_100/9834.h5 in 35.64 seconds
2025-09-19 01:12:53,365 - INFO - Processing /viper/ptmp/arego/RC4K1/8415.h5
2025-09-19 01:12:53,737 - INFO - Completed /viper/ptmp/arego/RC4K1_EN_100/7545.h5 in 32.20 seconds
2025-09-19 01:12:54,359 - INFO - Processing /viper/ptmp/arego/RC4K1/19930.h5
2025-09-19 01:12:54,995 - INFO - Completed /viper/ptmp/arego/RC4K1_EN_100/19840.h5 in 27.75 seconds
2025-09-19 01:12:55,202 - INFO - File 28808: Filtered 4738074 hits and 6 records
2025-09-19 01:12:55,395 - INFO - Processing /viper/ptmp/arego/RC4K1/10875.h5
2025-09-19 01:12:55,620 - INFO - Completed /viper/ptmp/arego/RC4K1_EN_100/15690.h5 in 27.61 seconds
2025-09-19 01:12:55,896 - INFO - File 29889: Filtered 12044335 hits and 6 records
2025-09-19 01:12:56,614 - INFO - File 8415: Filtered 3956430 hits and 5 records
2025-09-19 01:12:56,649 - INFO - Processing /viper/ptmp/arego/RC4K1/11814.h5
2025-09-19 01:12:57,208 - INFO - Completed /viper/ptmp/arego/RC4K1_EN_100/1041.h5 in 24.74 seconds
2025-09-19 01:12:57,455 - INFO - Processing /viper/ptmp/arego/RC4K1/26937.h5
2025-09-19 01:12:58,125 - INFO - File 19930: Filtered 3470847 hits and 6 records
2025-09-19 01:12:58,356 - INFO - Completed /viper/ptmp/arego/RC4K1_EN_100/22216.h5 in 13.76 seconds
2025-09-19 01:12:58,687 - INFO - Processing /viper/ptmp/arego/RC4K1/18428.h5
2025-09-19 01:12:59,088 - INFO - File 10875: Filtered 11033224 hits and 8 records
2025-09-19 01:12:59,244 - INFO - Completed /viper/ptmp/arego/RC4K1_EN_100/21010.h5 in 26.80 seconds
2025-09-19 01:12:59,815 - INFO - Processing /viper/ptmp/arego/RC4K1/5978.h5
2025-09-19 01:13:00,402 - INFO - File 11814: Filtered 5449703 hits and 9 records
2025-09-19 01:13:00,692 - INFO - Completed /viper/ptmp/arego/RC4K1_EN_100/25150.h5 in 25.71 seconds
2025-09-19 01:13:01,039 - INFO - File 26937: Filtered 8191720 hits and 5 records
2025-09-19 01:13:01,216 - INFO - Processing /viper/ptmp/arego/RC4K1/19588.h5
2025-09-19 01:13:02,384 - INFO - File 18428: Filtered 3784600 hits and 7 records
2025-09-19 01:13:03,290 - INFO - File 5978: Filtered 5085033 hits and 7 records
2025-09-19 01:13:04,657 - INFO - File 19588: Filtered 4288154 hits and 7 records
2025-09-19 01:13:07,827 - INFO - Completed /viper/ptmp/arego/RC4K1_EN_100/10875.h5 in 12.43 seconds
2025-09-19 01:13:08,007 - INFO - Processing /viper/ptmp/arego/RC4K1/5303.h5
2025-09-19 01:13:08,506 - INFO - Completed /viper/ptmp/arego/RC4K1_EN_100/29889.h5 in 16.18 seconds
2025-09-19 01:13:08,691 - INFO - Completed /viper/ptmp/arego/RC4K1_EN_100/4332.h5 in 23.64 seconds
2025-09-19 01:13:08,733 - INFO - Processing /viper/ptmp/arego/RC4K1/12079.h5
2025-09-19 01:13:08,807 - INFO - Completed /viper/ptmp/arego/RC4K1_EN_100/3525.h5 in 31.41 seconds
2025-09-19 01:13:09,076 - INFO - Completed /viper/ptmp/arego/RC4K1_EN_100/1427.h5 in 35.27 seconds
2025-09-19 01:13:09,412 - INFO - Processing /viper/ptmp/arego/RC4K1/2351.h5
2025-09-19 01:13:09,893 - INFO - Completed /viper/ptmp/arego/RC4K1_EN_100/1820.h5 in 27.73 seconds
2025-09-19 01:13:10,039 - INFO - Processing /viper/ptmp/arego/RC4K1/28468.h5
2025-09-19 01:13:10,108 - INFO - Processing /viper/ptmp/arego/RC4K1/6010.h5
2025-09-19 01:13:10,727 - INFO - File 5303: Filtered 7439856 hits and 7 records
2025-09-19 01:13:10,986 - INFO - Processing /viper/ptmp/arego/RC4K1/198.h5
2025-09-19 01:13:12,251 - INFO - File 12079: Filtered 13210443 hits and 6 records
2025-09-19 01:13:12,557 - INFO - Completed /viper/ptmp/arego/RC4K1_EN_100/24994.h5 in 39.49 seconds
2025-09-19 01:13:12,889 - INFO - Processing /viper/ptmp/arego/RC4K1/28076.h5
2025-09-19 01:13:13,332 - INFO - File 6010: Filtered 4283354 hits and 5 records
2025-09-19 01:13:13,758 - INFO - File 2351: Filtered 11254010 hits and 8 records
2025-09-19 01:13:14,524 - INFO - File 28468: Filtered 11992344 hits and 8 records
2025-09-19 01:13:15,469 - INFO - File 198: Filtered 7454224 hits and 9 records
2025-09-19 01:13:16,786 - INFO - File 28076: Filtered 4342976 hits and 2 records
2025-09-19 01:13:21,048 - INFO - Completed /viper/ptmp/arego/RC4K1_EN_100/12079.h5 in 12.31 seconds
2025-09-19 01:13:21,229 - INFO - Processing /viper/ptmp/arego/RC4K1/19949.h5
2025-09-19 01:13:24,616 - INFO - File 19949: Filtered 11120499 hits and 5 records
2025-09-19 01:13:30,010 - INFO - Completed /viper/ptmp/arego/RC4K1_EN_100/26937.h5 in 32.56 seconds
2025-09-19 01:13:30,097 - INFO - Completed /viper/ptmp/arego/RC4K1_EN_100/28468.h5 in 20.06 seconds
2025-09-19 01:13:30,192 - INFO - Processing /viper/ptmp/arego/RC4K1/21890.h5
2025-09-19 01:13:30,405 - INFO - Completed /viper/ptmp/arego/RC4K1_EN_100/11814.h5 in 33.76 seconds
2025-09-19 01:13:30,582 - INFO - Processing /viper/ptmp/arego/RC4K1/16793.h5
2025-09-19 01:13:30,913 - INFO - Processing /viper/ptmp/arego/RC4K1/27861.h5
2025-09-19 01:13:31,504 - INFO - Completed /viper/ptmp/arego/RC4K1_EN_100/9028.h5 in 59.81 seconds
2025-09-19 01:13:31,578 - INFO - Completed /viper/ptmp/arego/RC4K1_EN_100/2351.h5 in 22.17 seconds
2025-09-19 01:13:31,694 - INFO - Processing /viper/ptmp/arego/RC4K1/13694.h5
2025-09-19 01:13:32,673 - INFO - Processing /viper/ptmp/arego/RC4K1/20156.h5
2025-09-19 01:13:33,852 - INFO - File 16793: Filtered 9493186 hits and 4 records
2025-09-19 01:13:34,167 - INFO - File 21890: Filtered 11737999 hits and 7 records
2025-09-19 01:13:34,720 - INFO - Completed /viper/ptmp/arego/RC4K1_EN_100/5303.h5 in 26.71 seconds
2025-09-19 01:13:34,967 - INFO - Processing /viper/ptmp/arego/RC4K1/14765.h5
2025-09-19 01:13:35,626 - INFO - Completed /viper/ptmp/arego/RC4K1_EN_100/5978.h5 in 35.81 seconds
2025-09-19 01:13:35,841 - INFO - Processing /viper/ptmp/arego/RC4K1/23680.h5
2025-09-19 01:13:36,156 - INFO - File 27861: Filtered 6698664 hits and 6 records
2025-09-19 01:13:36,584 - INFO - Completed /viper/ptmp/arego/RC4K1_EN_100/8415.h5 in 43.22 seconds
2025-09-19 01:13:36,852 - INFO - Processing /viper/ptmp/arego/RC4K1/9667.h5
2025-09-19 01:13:36,969 - INFO - File 13694: Filtered 6815133 hits and 7 records
2025-09-19 01:13:37,890 - INFO - File 20156: Filtered 8927540 hits and 9 records
2025-09-19 01:13:38,910 - INFO - File 14765: Filtered 6684121 hits and 6 records
2025-09-19 01:13:38,950 - INFO - Completed /viper/ptmp/arego/RC4K1_EN_100/28808.h5 in 47.35 seconds
2025-09-19 01:13:39,220 - INFO - Processing /viper/ptmp/arego/RC4K1/1144.h5
2025-09-19 01:13:40,307 - INFO - File 23680: Filtered 7006479 hits and 9 records
2025-09-19 01:13:41,056 - INFO - File 9667: Filtered 8269349 hits and 8 records
2025-09-19 01:13:41,075 - INFO - Completed /viper/ptmp/arego/RC4K1_EN_100/19930.h5 in 46.72 seconds
2025-09-19 01:13:41,244 - INFO - Completed /viper/ptmp/arego/RC4K1_EN_100/18428.h5 in 42.56 seconds
2025-09-19 01:13:41,314 - INFO - Processing /viper/ptmp/arego/RC4K1/9848.h5
2025-09-19 01:13:41,713 - INFO - Completed /viper/ptmp/arego/RC4K1_EN_100/19588.h5 in 40.50 seconds
2025-09-19 01:13:42,088 - INFO - Processing /viper/ptmp/arego/RC4K1/26249.h5
2025-09-19 01:13:42,789 - INFO - Processing /viper/ptmp/arego/RC4K1/14230.h5
2025-09-19 01:13:42,969 - INFO - File 1144: Filtered 7797801 hits and 8 records
2025-09-19 01:13:45,109 - INFO - File 9848: Filtered 2858617 hits and 7 records
2025-09-19 01:13:45,974 - INFO - File 26249: Filtered 10440591 hits and 8 records
2025-09-19 01:13:46,303 - INFO - Completed /viper/ptmp/arego/RC4K1_EN_100/19949.h5 in 25.07 seconds
2025-09-19 01:13:46,535 - INFO - Processing /viper/ptmp/arego/RC4K1/6303.h5
2025-09-19 01:13:46,930 - INFO - File 14230: Filtered 6258228 hits and 7 records
2025-09-19 01:13:50,051 - INFO - File 6303: Filtered 8897259 hits and 7 records
2025-09-19 01:13:52,233 - INFO - Completed /viper/ptmp/arego/RC4K1_EN_100/198.h5 in 41.25 seconds
2025-09-19 01:13:52,408 - INFO - Processing /viper/ptmp/arego/RC4K1/28362.h5
2025-09-19 01:13:52,665 - INFO - Completed /viper/ptmp/arego/RC4K1_EN_100/6010.h5 in 42.56 seconds
2025-09-19 01:13:52,874 - INFO - Processing /viper/ptmp/arego/RC4K1/19897.h5
2025-09-19 01:13:54,066 - INFO - Completed /viper/ptmp/arego/RC4K1_EN_100/16793.h5 in 23.48 seconds
2025-09-19 01:13:54,243 - INFO - Processing /viper/ptmp/arego/RC4K1/6420.h5
2025-09-19 01:13:54,828 - INFO - Completed /viper/ptmp/arego/RC4K1_EN_100/21890.h5 in 24.64 seconds
2025-09-19 01:13:55,079 - INFO - Processing /viper/ptmp/arego/RC4K1/25529.h5
2025-09-19 01:13:56,121 - INFO - File 28362: Filtered 12766415 hits and 8 records
2025-09-19 01:13:56,164 - INFO - File 19897: Filtered 10997158 hits and 8 records
2025-09-19 01:13:57,896 - INFO - File 6420: Filtered 6730929 hits and 6 records
2025-09-19 01:13:59,071 - INFO - File 25529: Filtered 10796072 hits and 7 records
2025-09-19 01:14:04,004 - INFO - Completed /viper/ptmp/arego/RC4K1_EN_100/26249.h5 in 21.92 seconds
2025-09-19 01:14:04,181 - INFO - Processing /viper/ptmp/arego/RC4K1/2521.h5
2025-09-19 01:14:06,146 - INFO - Completed /viper/ptmp/arego/RC4K1_EN_100/28076.h5 in 53.26 seconds
2025-09-19 01:14:06,447 - INFO - Processing /viper/ptmp/arego/RC4K1/29294.h5
2025-09-19 01:14:07,367 - INFO - File 2521: Filtered 8845296 hits and 7 records
2025-09-19 01:14:07,837 - INFO - Completed /viper/ptmp/arego/RC4K1_EN_100/9667.h5 in 30.99 seconds
2025-09-19 01:14:08,014 - INFO - Processing /viper/ptmp/arego/RC4K1/22543.h5
2025-09-19 01:14:10,341 - INFO - File 29294: Filtered 8189150 hits and 7 records
2025-09-19 01:14:10,581 - INFO - Completed /viper/ptmp/arego/RC4K1_EN_100/23680.h5 in 34.74 seconds
2025-09-19 01:14:10,824 - INFO - Processing /viper/ptmp/arego/RC4K1/2474.h5
2025-09-19 01:14:11,593 - INFO - File 22543: Filtered 10544220 hits and 9 records
2025-09-19 01:14:11,973 - INFO - Completed /viper/ptmp/arego/RC4K1_EN_100/14765.h5 in 37.01 seconds
2025-09-19 01:14:12,177 - INFO - Processing /viper/ptmp/arego/RC4K1/23208.h5
2025-09-19 01:14:12,593 - INFO - Completed /viper/ptmp/arego/RC4K1_EN_100/19897.h5 in 19.72 seconds
2025-09-19 01:14:13,009 - INFO - Processing /viper/ptmp/arego/RC4K1/10809.h5
2025-09-19 01:14:13,941 - INFO - Completed /viper/ptmp/arego/RC4K1_EN_100/20156.h5 in 41.27 seconds
2025-09-19 01:14:14,135 - INFO - Processing /viper/ptmp/arego/RC4K1/21595.h5
2025-09-19 01:14:14,343 - INFO - File 2474: Filtered 3655228 hits and 5 records
2025-09-19 01:14:15,038 - INFO - Completed /viper/ptmp/arego/RC4K1_EN_100/27861.h5 in 44.12 seconds
2025-09-19 01:14:15,285 - INFO - Processing /viper/ptmp/arego/RC4K1/5552.h5
2025-09-19 01:14:15,472 - INFO - Completed /viper/ptmp/arego/RC4K1_EN_100/28362.h5 in 23.06 seconds
2025-09-19 01:14:16,124 - INFO - Processing /viper/ptmp/arego/RC4K1/3647.h5
2025-09-19 01:14:16,196 - INFO - File 23208: Filtered 7221005 hits and 9 records
2025-09-19 01:14:17,563 - INFO - File 10809: Filtered 6635273 hits and 7 records
2025-09-19 01:14:18,725 - INFO - File 21595: Filtered 12777299 hits and 8 records
2025-09-19 01:14:18,899 - INFO - Completed /viper/ptmp/arego/RC4K1_EN_100/13694.h5 in 47.20 seconds
2025-09-19 01:14:19,432 - INFO - Processing /viper/ptmp/arego/RC4K1/15912.h5
2025-09-19 01:14:20,468 - INFO - File 5552: Filtered 6037848 hits and 4 records
2025-09-19 01:14:20,934 - INFO - File 3647: Filtered 9743311 hits and 4 records
2025-09-19 01:14:22,595 - INFO - Completed /viper/ptmp/arego/RC4K1_EN_100/14230.h5 in 39.81 seconds
2025-09-19 01:14:22,823 - INFO - Processing /viper/ptmp/arego/RC4K1/2777.h5
2025-09-19 01:14:23,522 - INFO - Completed /viper/ptmp/arego/RC4K1_EN_100/1144.h5 in 44.30 seconds
2025-09-19 01:14:23,723 - INFO - Processing /viper/ptmp/arego/RC4K1/23158.h5
2025-09-19 01:14:24,038 - INFO - File 15912: Filtered 8785357 hits and 8 records
2025-09-19 01:14:25,895 - INFO - Completed /viper/ptmp/arego/RC4K1_EN_100/6303.h5 in 39.36 seconds
2025-09-19 01:14:26,136 - INFO - Processing /viper/ptmp/arego/RC4K1/21852.h5
2025-09-19 01:14:26,193 - INFO - File 2777: Filtered 10683377 hits and 6 records
2025-09-19 01:14:27,637 - INFO - File 23158: Filtered 8411836 hits and 7 records
2025-09-19 01:14:27,681 - INFO - Completed /viper/ptmp/arego/RC4K1_EN_100/25529.h5 in 32.60 seconds
2025-09-19 01:14:27,866 - INFO - Processing /viper/ptmp/arego/RC4K1/3529.h5
2025-09-19 01:14:30,081 - INFO - File 21852: Filtered 6699070 hits and 7 records
2025-09-19 01:14:31,899 - INFO - File 3529: Filtered 12668081 hits and 6 records
2025-09-19 01:14:32,745 - INFO - Completed /viper/ptmp/arego/RC4K1_EN_100/6420.h5 in 38.50 seconds
2025-09-19 01:14:32,836 - INFO - Completed /viper/ptmp/arego/RC4K1_EN_100/22543.h5 in 24.82 seconds
2025-09-19 01:14:32,924 - INFO - Processing /viper/ptmp/arego/RC4K1/16916.h5
2025-09-19 01:14:33,482 - INFO - Completed /viper/ptmp/arego/RC4K1_EN_100/2521.h5 in 29.30 seconds
2025-09-19 01:14:33,573 - INFO - Processing /viper/ptmp/arego/RC4K1/19126.h5
2025-09-19 01:14:34,160 - INFO - Processing /viper/ptmp/arego/RC4K1/16216.h5
2025-09-19 01:14:35,089 - INFO - Completed /viper/ptmp/arego/RC4K1_EN_100/9848.h5 in 53.77 seconds
2025-09-19 01:14:35,314 - INFO - Processing /viper/ptmp/arego/RC4K1/20013.h5
2025-09-19 01:14:36,440 - INFO - File 16916: Filtered 8494612 hits and 7 records
2025-09-19 01:14:37,612 - INFO - File 19126: Filtered 9713105 hits and 8 records
2025-09-19 01:14:38,457 - INFO - File 16216: Filtered 13270943 hits and 8 records
2025-09-19 01:14:39,560 - INFO - File 20013: Filtered 7501191 hits and 6 records
2025-09-19 01:14:40,098 - INFO - Completed /viper/ptmp/arego/RC4K1_EN_100/21595.h5 in 25.96 seconds
2025-09-19 01:14:40,281 - INFO - Processing /viper/ptmp/arego/RC4K1/5766.h5
2025-09-19 01:14:43,910 - INFO - File 5766: Filtered 10059831 hits and 8 records
2025-09-19 01:14:47,846 - INFO - Completed /viper/ptmp/arego/RC4K1_EN_100/2777.h5 in 25.02 seconds
2025-09-19 01:14:48,014 - INFO - Processing /viper/ptmp/arego/RC4K1/10074.h5
2025-09-19 01:14:49,418 - INFO - Completed /viper/ptmp/arego/RC4K1_EN_100/16216.h5 in 15.26 seconds
2025-09-19 01:14:49,586 - INFO - Processing /viper/ptmp/arego/RC4K1/21668.h5
2025-09-19 01:14:50,926 - INFO - Completed /viper/ptmp/arego/RC4K1_EN_100/23208.h5 in 38.75 seconds
2025-09-19 01:14:51,204 - INFO - Processing /viper/ptmp/arego/RC4K1/12252.h5
2025-09-19 01:14:51,368 - INFO - File 10074: Filtered 8655224 hits and 7 records
2025-09-19 01:14:52,214 - INFO - Completed /viper/ptmp/arego/RC4K1_EN_100/29294.h5 in 45.77 seconds
2025-09-19 01:14:52,440 - INFO - Processing /viper/ptmp/arego/RC4K1/10453.h5
2025-09-19 01:14:53,438 - INFO - File 21668: Filtered 6431094 hits and 8 records
2025-09-19 01:14:54,996 - INFO - Completed /viper/ptmp/arego/RC4K1_EN_100/3529.h5 in 27.13 seconds
2025-09-19 01:14:55,138 - INFO - File 12252: Filtered 12971364 hits and 8 records
2025-09-19 01:14:55,378 - INFO - Processing /viper/ptmp/arego/RC4K1/14383.h5
2025-09-19 01:14:55,809 - INFO - Completed /viper/ptmp/arego/RC4K1_EN_100/10809.h5 in 42.80 seconds
2025-09-19 01:14:55,857 - INFO - Completed /viper/ptmp/arego/RC4K1_EN_100/3647.h5 in 39.73 seconds
2025-09-19 01:14:56,006 - INFO - Processing /viper/ptmp/arego/RC4K1/25719.h5
2025-09-19 01:14:56,168 - INFO - Processing /viper/ptmp/arego/RC4K1/3271.h5
2025-09-19 01:14:56,547 - INFO - File 10453: Filtered 9319539 hits and 6 records
2025-09-19 01:14:59,751 - INFO - File 25719: Filtered 13771058 hits and 6 records
2025-09-19 01:15:00,350 - INFO - File 14383: Filtered 11112834 hits and 6 records
2025-09-19 01:15:01,147 - INFO - File 3271: Filtered 11359342 hits and 6 records
2025-09-19 01:15:03,511 - INFO - Completed /viper/ptmp/arego/RC4K1_EN_100/2474.h5 in 52.69 seconds
2025-09-19 01:15:03,691 - INFO - Processing /viper/ptmp/arego/RC4K1/2898.h5
2025-09-19 01:15:04,290 - INFO - Completed /viper/ptmp/arego/RC4K1_EN_100/19126.h5 in 30.72 seconds
2025-09-19 01:15:04,550 - INFO - Processing /viper/ptmp/arego/RC4K1/24641.h5
2025-09-19 01:15:07,423 - INFO - File 2898: Filtered 9886952 hits and 5 records
2025-09-19 01:15:07,588 - INFO - Completed /viper/ptmp/arego/RC4K1_EN_100/23158.h5 in 43.87 seconds
2025-09-19 01:15:07,778 - INFO - Completed /viper/ptmp/arego/RC4K1_EN_100/15912.h5 in 48.35 seconds
2025-09-19 01:15:07,816 - INFO - Processing /viper/ptmp/arego/RC4K1/5080.h5
2025-09-19 01:15:08,331 - INFO - File 24641: Filtered 9014476 hits and 4 records
2025-09-19 01:15:08,688 - INFO - Processing /viper/ptmp/arego/RC4K1/7079.h5
2025-09-19 01:15:09,034 - INFO - Completed /viper/ptmp/arego/RC4K1_EN_100/16916.h5 in 36.11 seconds
2025-09-19 01:15:09,228 - INFO - Processing /viper/ptmp/arego/RC4K1/12500.h5
2025-09-19 01:15:09,663 - INFO - Completed /viper/ptmp/arego/RC4K1_EN_100/12252.h5 in 18.46 seconds
2025-09-19 01:15:10,000 - INFO - Processing /viper/ptmp/arego/RC4K1/26252.h5
2025-09-19 01:15:10,503 - INFO - Completed /viper/ptmp/arego/RC4K1_EN_100/25719.h5 in 14.50 seconds
2025-09-19 01:15:10,703 - INFO - Processing /viper/ptmp/arego/RC4K1/6390.h5
2025-09-19 01:15:12,370 - INFO - File 5080: Filtered 9466296 hits and 7 records
2025-09-19 01:15:12,731 - INFO - Completed /viper/ptmp/arego/RC4K1_EN_100/5552.h5 in 57.45 seconds
2025-09-19 01:15:13,059 - INFO - Processing /viper/ptmp/arego/RC4K1/11318.h5
2025-09-19 01:15:13,794 - INFO - File 7079: Filtered 14505291 hits and 8 records
2025-09-19 01:15:13,822 - INFO - File 12500: Filtered 7267702 hits and 4 records
2025-09-19 01:15:15,245 - INFO - File 26252: Filtered 11873375 hits and 7 records
2025-09-19 01:15:15,910 - INFO - File 6390: Filtered 7980431 hits and 9 records
2025-09-19 01:15:16,433 - INFO - Completed /viper/ptmp/arego/RC4K1_EN_100/20013.h5 in 41.12 seconds
2025-09-19 01:15:16,663 - INFO - Processing /viper/ptmp/arego/RC4K1/25889.h5
2025-09-19 01:15:17,737 - INFO - File 11318: Filtered 11825664 hits and 9 records
2025-09-19 01:15:17,833 - INFO - Completed /viper/ptmp/arego/RC4K1_EN_100/5766.h5 in 37.55 seconds
2025-09-19 01:15:18,021 - INFO - Processing /viper/ptmp/arego/RC4K1/15313.h5
2025-09-19 01:15:20,393 - INFO - File 25889: Filtered 6577175 hits and 7 records
2025-09-19 01:15:21,540 - INFO - Completed /viper/ptmp/arego/RC4K1_EN_100/21852.h5 in 55.40 seconds
2025-09-19 01:15:21,762 - INFO - Processing /viper/ptmp/arego/RC4K1/11020.h5
2025-09-19 01:15:22,426 - INFO - File 15313: Filtered 11952837 hits and 9 records
2025-09-19 01:15:24,781 - INFO - Completed /viper/ptmp/arego/RC4K1_EN_100/10074.h5 in 36.77 seconds
2025-09-19 01:15:24,986 - INFO - Processing /viper/ptmp/arego/RC4K1/20394.h5
2025-09-19 01:15:25,973 - INFO - File 11020: Filtered 10110167 hits and 8 records
2025-09-19 01:15:28,657 - INFO - File 20394: Filtered 5280985 hits and 4 records
2025-09-19 01:15:32,074 - INFO - Completed /viper/ptmp/arego/RC4K1_EN_100/3271.h5 in 35.91 seconds
2025-09-19 01:15:32,247 - INFO - Processing /viper/ptmp/arego/RC4K1/24559.h5
2025-09-19 01:15:32,767 - INFO - Completed /viper/ptmp/arego/RC4K1_EN_100/7079.h5 in 24.08 seconds
2025-09-19 01:15:32,961 - INFO - Processing /viper/ptmp/arego/RC4K1/4637.h5
2025-09-19 01:15:33,133 - INFO - Completed /viper/ptmp/arego/RC4K1_EN_100/14383.h5 in 37.76 seconds
2025-09-19 01:15:33,523 - INFO - Completed /viper/ptmp/arego/RC4K1_EN_100/21668.h5 in 43.94 seconds
2025-09-19 01:15:33,637 - INFO - Processing /viper/ptmp/arego/RC4K1/80.h5
2025-09-19 01:15:33,800 - INFO - Processing /viper/ptmp/arego/RC4K1/27901.h5
2025-09-19 01:15:33,825 - INFO - Completed /viper/ptmp/arego/RC4K1_EN_100/10453.h5 in 41.39 seconds
2025-09-19 01:15:34,270 - INFO - Processing /viper/ptmp/arego/RC4K1/7857.h5
2025-09-19 01:15:34,346 - INFO - Completed /viper/ptmp/arego/RC4K1_EN_100/2898.h5 in 30.65 seconds
2025-09-19 01:15:34,523 - INFO - Processing /viper/ptmp/arego/RC4K1/8904.h5
2025-09-19 01:15:37,146 - INFO - Completed /viper/ptmp/arego/RC4K1_EN_100/26252.h5 in 27.15 seconds
2025-09-19 01:15:37,554 - INFO - File 24559: Filtered 10755803 hits and 10 records
2025-09-19 01:15:37,585 - INFO - Processing /viper/ptmp/arego/RC4K1/8658.h5
2025-09-19 01:15:38,541 - INFO - File 27901: Filtered 13696763 hits and 10 records
2025-09-19 01:15:39,573 - INFO - File 4637: Filtered 9117229 hits and 8 records
2025-09-19 01:15:39,787 - INFO - File 8904: Filtered 6520023 hits and 7 records
2025-09-19 01:15:40,482 - INFO - Completed /viper/ptmp/arego/RC4K1_EN_100/24641.h5 in 35.93 seconds
2025-09-19 01:15:40,780 - INFO - Processing /viper/ptmp/arego/RC4K1/24888.h5
2025-09-19 01:15:41,264 - INFO - File 80: Filtered 5879968 hits and 7 records
2025-09-19 01:15:41,897 - INFO - File 7857: Filtered 8797671 hits and 6 records
2025-09-19 01:15:42,705 - INFO - File 8658: Filtered 12049346 hits and 7 records
2025-09-19 01:15:48,583 - INFO - Completed /viper/ptmp/arego/RC4K1_EN_100/11318.h5 in 35.52 seconds
2025-09-19 01:15:48,752 - INFO - Processing /viper/ptmp/arego/RC4K1/14628.h5
2025-09-19 01:15:50,300 - INFO - File 24888: Filtered 14898447 hits and 8 records
2025-09-19 01:15:52,583 - INFO - Completed /viper/ptmp/arego/RC4K1_EN_100/5080.h5 in 44.77 seconds
2025-09-19 01:15:52,758 - INFO - Processing /viper/ptmp/arego/RC4K1/987.h5
2025-09-19 01:15:53,258 - INFO - Completed /viper/ptmp/arego/RC4K1_EN_100/15313.h5 in 35.24 seconds
2025-09-19 01:15:53,427 - INFO - Processing /viper/ptmp/arego/RC4K1/649.h5
2025-09-19 01:15:54,563 - INFO - Completed /viper/ptmp/arego/RC4K1_EN_100/6390.h5 in 43.86 seconds
2025-09-19 01:15:54,748 - INFO - Processing /viper/ptmp/arego/RC4K1/5383.h5
2025-09-19 01:15:56,836 - INFO - Completed /viper/ptmp/arego/RC4K1_EN_100/27901.h5 in 23.04 seconds
2025-09-19 01:15:56,862 - INFO - Completed /viper/ptmp/arego/RC4K1_EN_100/12500.h5 in 47.63 seconds
2025-09-19 01:15:57,048 - INFO - Processing /viper/ptmp/arego/RC4K1/5800.h5
2025-09-19 01:15:57,925 - INFO - Processing /viper/ptmp/arego/RC4K1/6844.h5
2025-09-19 01:15:58,388 - INFO - File 987: Filtered 8967937 hits and 7 records
2025-09-19 01:15:58,792 - INFO - File 14628: Filtered 9602605 hits and 7 records
2025-09-19 01:15:59,214 - INFO - File 649: Filtered 14307715 hits and 9 records
2025-09-19 01:15:59,470 - INFO - File 5383: Filtered 13343407 hits and 6 records
2025-09-19 01:16:01,519 - INFO - Completed /viper/ptmp/arego/RC4K1_EN_100/25889.h5 in 44.86 seconds
2025-09-19 01:16:01,793 - INFO - Processing /viper/ptmp/arego/RC4K1/10976.h5
2025-09-19 01:16:02,292 - INFO - File 6844: Filtered 16502279 hits and 7 records
2025-09-19 01:16:03,845 - INFO - File 5800: Filtered 10690929 hits and 8 records
2025-09-19 01:16:05,141 - INFO - Completed /viper/ptmp/arego/RC4K1_EN_100/24888.h5 in 24.36 seconds
2025-09-19 01:16:05,386 - INFO - Processing /viper/ptmp/arego/RC4K1/29920.h5
2025-09-19 01:16:06,171 - INFO - File 10976: Filtered 16026388 hits and 12 records
2025-09-19 01:16:06,528 - INFO - Completed /viper/ptmp/arego/RC4K1_EN_100/11020.h5 in 44.77 seconds
2025-09-19 01:16:06,722 - INFO - Processing /viper/ptmp/arego/RC4K1/19287.h5
2025-09-19 01:16:08,412 - INFO - Completed /viper/ptmp/arego/RC4K1_EN_100/8658.h5 in 30.83 seconds
2025-09-19 01:16:08,639 - INFO - Processing /viper/ptmp/arego/RC4K1/28527.h5
2025-09-19 01:16:09,637 - INFO - File 29920: Filtered 11290909 hits and 8 records
2025-09-19 01:16:11,228 - INFO - File 19287: Filtered 12475260 hits and 7 records
2025-09-19 01:16:13,269 - INFO - File 28527: Filtered 7024270 hits and 6 records
2025-09-19 01:16:14,618 - INFO - Completed /viper/ptmp/arego/RC4K1_EN_100/24559.h5 in 42.37 seconds
2025-09-19 01:16:14,920 - INFO - Processing /viper/ptmp/arego/RC4K1/13420.h5
2025-09-19 01:16:17,530 - INFO - Completed /viper/ptmp/arego/RC4K1_EN_100/4637.h5 in 44.57 seconds
2025-09-19 01:16:17,713 - INFO - Processing /viper/ptmp/arego/RC4K1/1433.h5
2025-09-19 01:16:18,423 - INFO - Completed /viper/ptmp/arego/RC4K1_EN_100/20394.h5 in 53.44 seconds
2025-09-19 01:16:18,598 - INFO - Processing /viper/ptmp/arego/RC4K1/13807.h5
2025-09-19 01:16:19,180 - INFO - Completed /viper/ptmp/arego/RC4K1_EN_100/10976.h5 in 17.39 seconds
2025-09-19 01:16:19,363 - INFO - Processing /viper/ptmp/arego/RC4K1/18671.h5
2025-09-19 01:16:22,983 - INFO - File 1433: Filtered 8349115 hits and 4 records
2025-09-19 01:16:23,274 - INFO - Completed /viper/ptmp/arego/RC4K1_EN_100/6844.h5 in 25.35 seconds
2025-09-19 01:16:23,701 - INFO - Processing /viper/ptmp/arego/RC4K1/13706.h5
2025-09-19 01:16:23,901 - INFO - Completed /viper/ptmp/arego/RC4K1_EN_100/649.h5 in 30.47 seconds
2025-09-19 01:16:23,986 - INFO - File 13420: Filtered 11340404 hits and 8 records
2025-09-19 01:16:24,141 - INFO - File 13807: Filtered 14529365 hits and 9 records
2025-09-19 01:16:24,257 - INFO - Processing /viper/ptmp/arego/RC4K1/13365.h5
2025-09-19 01:16:24,585 - INFO - Completed /viper/ptmp/arego/RC4K1_EN_100/5383.h5 in 29.84 seconds
2025-09-19 01:16:25,049 - INFO - Processing /viper/ptmp/arego/RC4K1/5190.h5
2025-09-19 01:16:25,143 - INFO - File 18671: Filtered 10382677 hits and 6 records
2025-09-19 01:16:27,225 - INFO - Completed /viper/ptmp/arego/RC4K1_EN_100/7857.h5 in 52.95 seconds
2025-09-19 01:16:27,434 - INFO - Processing /viper/ptmp/arego/RC4K1/28170.h5
2025-09-19 01:16:28,173 - INFO - Completed /viper/ptmp/arego/RC4K1_EN_100/8904.h5 in 53.65 seconds
2025-09-19 01:16:28,582 - INFO - Processing /viper/ptmp/arego/RC4K1/19344.h5
2025-09-19 01:16:29,089 - INFO - File 13706: Filtered 8321927 hits and 8 records
2025-09-19 01:16:29,848 - INFO - File 13365: Filtered 9349330 hits and 6 records
2025-09-19 01:16:30,573 - INFO - File 5190: Filtered 15516428 hits and 7 records
2025-09-19 01:16:33,000 - INFO - File 28170: Filtered 12411677 hits and 8 records
2025-09-19 01:16:33,497 - INFO - File 19344: Filtered 15075055 hits and 9 records
2025-09-19 01:16:38,835 - INFO - Completed /viper/ptmp/arego/RC4K1_EN_100/14628.h5 in 50.08 seconds
2025-09-19 01:16:39,054 - INFO - Processing /viper/ptmp/arego/RC4K1/18326.h5
2025-09-19 01:16:40,601 - INFO - Completed /viper/ptmp/arego/RC4K1_EN_100/5800.h5 in 43.55 seconds
2025-09-19 01:16:40,769 - INFO - Processing /viper/ptmp/arego/RC4K1/3157.h5
2025-09-19 01:16:41,030 - INFO - Completed /viper/ptmp/arego/RC4K1_EN_100/80.h5 in 67.39 seconds
2025-09-19 01:16:41,211 - INFO - Processing /viper/ptmp/arego/RC4K1/6070.h5
2025-09-19 01:16:43,342 - INFO - File 18326: Filtered 16560661 hits and 4 records
2025-09-19 01:16:44,325 - INFO - Completed /viper/ptmp/arego/RC4K1_EN_100/19287.h5 in 37.60 seconds
2025-09-19 01:16:44,614 - INFO - Processing /viper/ptmp/arego/RC4K1/16608.h5
2025-09-19 01:16:44,690 - INFO - Completed /viper/ptmp/arego/RC4K1_EN_100/987.h5 in 51.93 seconds
2025-09-19 01:16:44,911 - INFO - Completed /viper/ptmp/arego/RC4K1_EN_100/29920.h5 in 39.52 seconds
2025-09-19 01:16:45,081 - INFO - Processing /viper/ptmp/arego/RC4K1/15190.h5
2025-09-19 01:16:45,441 - INFO - Processing /viper/ptmp/arego/RC4K1/18472.h5
2025-09-19 01:16:45,658 - INFO - File 6070: Filtered 7789316 hits and 8 records
2025-09-19 01:16:47,518 - INFO - File 3157: Filtered 9416446 hits and 5 records
2025-09-19 01:16:50,075 - INFO - File 18472: Filtered 11498378 hits and 8 records
2025-09-19 01:16:51,501 - INFO - Completed /viper/ptmp/arego/RC4K1_EN_100/5190.h5 in 26.45 seconds
2025-09-19 01:16:51,737 - INFO - Processing /viper/ptmp/arego/RC4K1/3997.h5
2025-09-19 01:16:53,160 - INFO - Completed /viper/ptmp/arego/RC4K1_EN_100/13807.h5 in 34.56 seconds
2025-09-19 01:16:53,457 - INFO - Processing /viper/ptmp/arego/RC4K1/12022.h5
2025-09-19 01:16:53,564 - INFO - File 16608: Filtered 13180721 hits and 9 records
2025-09-19 01:16:53,811 - INFO - File 15190: Filtered 11511314 hits and 11 records
2025-09-19 01:16:56,622 - INFO - File 3997: Filtered 16482070 hits and 9 records
2025-09-19 01:16:58,375 - INFO - File 12022: Filtered 15125974 hits and 9 records
2025-09-19 01:16:58,967 - INFO - Completed /viper/ptmp/arego/RC4K1_EN_100/19344.h5 in 30.38 seconds
2025-09-19 01:16:59,234 - INFO - Processing /viper/ptmp/arego/RC4K1/11560.h5
2025-09-19 01:16:59,921 - INFO - Completed /viper/ptmp/arego/RC4K1_EN_100/13420.h5 in 45.00 seconds
2025-09-19 01:17:00,089 - INFO - Processing /viper/ptmp/arego/RC4K1/23181.h5
2025-09-19 01:17:01,303 - INFO - Completed /viper/ptmp/arego/RC4K1_EN_100/18326.h5 in 22.25 seconds
2025-09-19 01:17:01,479 - INFO - Processing /viper/ptmp/arego/RC4K1/29472.h5
2025-09-19 01:17:03,700 - INFO - File 11560: Filtered 11826742 hits and 8 records
2025-09-19 01:17:06,759 - INFO - File 23181: Filtered 18119800 hits and 10 records
2025-09-19 01:17:06,838 - INFO - File 29472: Filtered 13352179 hits and 6 records
2025-09-19 01:17:07,451 - INFO - Completed /viper/ptmp/arego/RC4K1_EN_100/28170.h5 in 40.02 seconds
2025-09-19 01:17:07,635 - INFO - Processing /viper/ptmp/arego/RC4K1/11312.h5
2025-09-19 01:17:09,211 - INFO - Completed /viper/ptmp/arego/RC4K1_EN_100/28527.h5 in 60.57 seconds
2025-09-19 01:17:09,387 - INFO - Processing /viper/ptmp/arego/RC4K1/24137.h5
2025-09-19 01:17:11,706 - INFO - Completed /viper/ptmp/arego/RC4K1_EN_100/13365.h5 in 47.45 seconds
2025-09-19 01:17:11,932 - INFO - Processing /viper/ptmp/arego/RC4K1/28606.h5
2025-09-19 01:17:12,177 - INFO - File 11312: Filtered 16225501 hits and 5 records
2025-09-19 01:17:12,753 - INFO - Completed /viper/ptmp/arego/RC4K1_EN_100/18671.h5 in 53.39 seconds
2025-09-19 01:17:12,990 - INFO - Completed /viper/ptmp/arego/RC4K1_EN_100/1433.h5 in 55.28 seconds
2025-09-19 01:17:13,016 - INFO - Processing /viper/ptmp/arego/RC4K1/15856.h5
2025-09-19 01:17:13,244 - INFO - Processing /viper/ptmp/arego/RC4K1/15169.h5
2025-09-19 01:17:13,291 - INFO - Completed /viper/ptmp/arego/RC4K1_EN_100/3997.h5 in 21.55 seconds
2025-09-19 01:17:13,927 - INFO - Processing /viper/ptmp/arego/RC4K1/1101.h5
2025-09-19 01:17:14,492 - INFO - File 24137: Filtered 6598377 hits and 8 records
2025-09-19 01:17:17,882 - INFO - File 28606: Filtered 9074279 hits and 6 records
2025-09-19 01:17:19,448 - INFO - File 15169: Filtered 16969003 hits and 9 records
2025-09-19 01:17:19,593 - INFO - File 15856: Filtered 14988318 hits and 11 records
2025-09-19 01:17:20,580 - INFO - File 1101: Filtered 9381743 hits and 7 records
2025-09-19 01:17:21,168 - INFO - Completed /viper/ptmp/arego/RC4K1_EN_100/23181.h5 in 21.08 seconds
2025-09-19 01:17:21,356 - INFO - Processing /viper/ptmp/arego/RC4K1/19597.h5
2025-09-19 01:17:22,606 - INFO - Completed /viper/ptmp/arego/RC4K1_EN_100/12022.h5 in 29.15 seconds
2025-09-19 01:17:22,772 - INFO - Processing /viper/ptmp/arego/RC4K1/17914.h5
2025-09-19 01:17:24,382 - INFO - Completed /viper/ptmp/arego/RC4K1_EN_100/13706.h5 in 60.68 seconds
2025-09-19 01:17:24,608 - INFO - Processing /viper/ptmp/arego/RC4K1/28356.h5
2025-09-19 01:17:24,648 - INFO - Completed /viper/ptmp/arego/RC4K1_EN_100/16608.h5 in 40.03 seconds
2025-09-19 01:17:24,884 - INFO - Processing /viper/ptmp/arego/RC4K1/24084.h5
2025-09-19 01:17:26,309 - INFO - File 19597: Filtered 11860286 hits and 11 records
2025-09-19 01:17:28,026 - INFO - File 17914: Filtered 12145831 hits and 9 records
2025-09-19 01:17:30,269 - INFO - Completed /viper/ptmp/arego/RC4K1_EN_100/18472.h5 in 44.83 seconds
2025-09-19 01:17:30,514 - INFO - Processing /viper/ptmp/arego/RC4K1/29270.h5
2025-09-19 01:17:30,606 - INFO - File 28356: Filtered 13153753 hits and 8 records
2025-09-19 01:17:30,631 - INFO - File 24084: Filtered 11669996 hits and 9 records
2025-09-19 01:17:32,314 - INFO - Completed /viper/ptmp/arego/RC4K1_EN_100/15190.h5 in 47.23 seconds
2025-09-19 01:17:32,538 - INFO - Processing /viper/ptmp/arego/RC4K1/13072.h5
2025-09-19 01:17:34,550 - INFO - Completed /viper/ptmp/arego/RC4K1_EN_100/3157.h5 in 53.78 seconds
2025-09-19 01:17:34,763 - INFO - Processing /viper/ptmp/arego/RC4K1/14619.h5
2025-09-19 01:17:35,548 - INFO - Completed /viper/ptmp/arego/RC4K1_EN_100/11312.h5 in 27.91 seconds
2025-09-19 01:17:35,773 - INFO - Processing /viper/ptmp/arego/RC4K1/22225.h5
2025-09-19 01:17:35,889 - INFO - File 29270: Filtered 16114250 hits and 8 records
2025-09-19 01:17:37,355 - INFO - Completed /viper/ptmp/arego/RC4K1_EN_100/6070.h5 in 56.14 seconds
2025-09-19 01:17:37,613 - INFO - Processing /viper/ptmp/arego/RC4K1/1149.h5
2025-09-19 01:17:37,622 - INFO - File 13072: Filtered 7861474 hits and 9 records
2025-09-19 01:17:38,804 - INFO - Completed /viper/ptmp/arego/RC4K1_EN_100/15169.h5 in 25.56 seconds
2025-09-19 01:17:39,084 - INFO - Processing /viper/ptmp/arego/RC4K1/14573.h5
2025-09-19 01:17:40,512 - INFO - File 14619: Filtered 13076197 hits and 7 records
2025-09-19 01:17:41,293 - INFO - File 22225: Filtered 15160394 hits and 8 records
2025-09-19 01:17:41,322 - INFO - Completed /viper/ptmp/arego/RC4K1_EN_100/29472.h5 in 39.84 seconds
2025-09-19 01:17:41,593 - INFO - Processing /viper/ptmp/arego/RC4K1/5781.h5
2025-09-19 01:17:42,664 - INFO - Completed /viper/ptmp/arego/RC4K1_EN_100/11560.h5 in 43.43 seconds
2025-09-19 01:17:42,886 - INFO - Processing /viper/ptmp/arego/RC4K1/10219.h5
2025-09-19 01:17:43,779 - INFO - File 1149: Filtered 13657564 hits and 8 records
2025-09-19 01:17:44,812 - INFO - File 14573: Filtered 15010043 hits and 12 records
2025-09-19 01:17:47,688 - INFO - File 5781: Filtered 11107760 hits and 9 records
2025-09-19 01:17:47,777 - INFO - Completed /viper/ptmp/arego/RC4K1_EN_100/15856.h5 in 34.76 seconds
2025-09-19 01:17:47,906 - INFO - File 10219: Filtered 17786239 hits and 9 records
2025-09-19 01:17:48,004 - INFO - Processing /viper/ptmp/arego/RC4K1/11007.h5
2025-09-19 01:17:52,952 - INFO - File 11007: Filtered 15233271 hits and 8 records
2025-09-19 01:18:00,571 - INFO - Completed /viper/ptmp/arego/RC4K1_EN_100/29270.h5 in 30.06 seconds
2025-09-19 01:18:00,731 - INFO - Processing /viper/ptmp/arego/RC4K1/17463.h5
2025-09-19 01:18:06,862 - INFO - Completed /viper/ptmp/arego/RC4K1_EN_100/10219.h5 in 23.98 seconds
2025-09-19 01:18:07,067 - INFO - Processing /viper/ptmp/arego/RC4K1/21496.h5
2025-09-19 01:18:08,655 - INFO - Completed /viper/ptmp/arego/RC4K1_EN_100/19597.h5 in 47.30 seconds
2025-09-19 01:18:08,797 - INFO - File 17463: Filtered 7107993 hits and 4 records
2025-09-19 01:18:08,848 - INFO - Processing /viper/ptmp/arego/RC4K1/28311.h5
2025-09-19 01:18:09,673 - INFO - Completed /viper/ptmp/arego/RC4K1_EN_100/28356.h5 in 45.07 seconds
2025-09-19 01:18:09,976 - INFO - Processing /viper/ptmp/arego/RC4K1/18427.h5
2025-09-19 01:18:10,634 - INFO - Completed /viper/ptmp/arego/RC4K1_EN_100/28606.h5 in 58.70 seconds
2025-09-19 01:18:10,671 - INFO - Completed /viper/ptmp/arego/RC4K1_EN_100/1101.h5 in 56.74 seconds
2025-09-19 01:18:10,823 - INFO - Completed /viper/ptmp/arego/RC4K1_EN_100/24084.h5 in 45.94 seconds
2025-09-19 01:18:10,889 - INFO - Processing /viper/ptmp/arego/RC4K1/28412.h5
2025-09-19 01:18:11,204 - INFO - Processing /viper/ptmp/arego/RC4K1/6542.h5
2025-09-19 01:18:11,829 - INFO - Processing /viper/ptmp/arego/RC4K1/6275.h5
2025-09-19 01:18:12,517 - INFO - File 21496: Filtered 14850843 hits and 7 records
2025-09-19 01:18:13,047 - INFO - Completed /viper/ptmp/arego/RC4K1_EN_100/17914.h5 in 50.27 seconds
2025-09-19 01:18:13,301 - INFO - Processing /viper/ptmp/arego/RC4K1/26684.h5
2025-09-19 01:18:14,748 - INFO - Completed /viper/ptmp/arego/RC4K1_EN_100/22225.h5 in 38.98 seconds
2025-09-19 01:18:15,298 - INFO - Processing /viper/ptmp/arego/RC4K1/13422.h5
2025-09-19 01:18:15,497 - INFO - File 28311: Filtered 18505405 hits and 8 records
2025-09-19 01:18:17,425 - INFO - File 18427: Filtered 6900874 hits and 5 records
2025-09-19 01:18:18,863 - INFO - File 6542: Filtered 19713013 hits and 7 records
2025-09-19 01:18:19,071 - INFO - File 28412: Filtered 13432948 hits and 8 records
2025-09-19 01:18:19,078 - INFO - Completed /viper/ptmp/arego/RC4K1_EN_100/24137.h5 in 69.69 seconds
2025-09-19 01:18:19,413 - INFO - Processing /viper/ptmp/arego/RC4K1/24494.h5
2025-09-19 01:18:20,159 - INFO - File 6275: Filtered 14643647 hits and 6 records
2025-09-19 01:18:21,658 - INFO - File 26684: Filtered 8416920 hits and 6 records
2025-09-19 01:18:23,319 - INFO - File 13422: Filtered 16808370 hits and 9 records
2025-09-19 01:18:23,428 - INFO - Completed /viper/ptmp/arego/RC4K1_EN_100/14573.h5 in 44.34 seconds
2025-09-19 01:18:23,759 - INFO - Processing /viper/ptmp/arego/RC4K1/9390.h5
2025-09-19 01:18:24,122 - INFO - Completed /viper/ptmp/arego/RC4K1_EN_100/14619.h5 in 49.36 seconds
2025-09-19 01:18:24,371 - INFO - Completed /viper/ptmp/arego/RC4K1_EN_100/1149.h5 in 46.76 seconds
2025-09-19 01:18:24,380 - INFO - Processing /viper/ptmp/arego/RC4K1/23846.h5
2025-09-19 01:18:24,605 - INFO - Processing /viper/ptmp/arego/RC4K1/7770.h5
2025-09-19 01:18:25,229 - INFO - Completed /viper/ptmp/arego/RC4K1_EN_100/11007.h5 in 37.22 seconds
2025-09-19 01:18:25,442 - INFO - File 24494: Filtered 14867863 hits and 7 records
2025-09-19 01:18:25,538 - INFO - Processing /viper/ptmp/arego/RC4K1/5506.h5
2025-09-19 01:18:30,305 - INFO - File 9390: Filtered 8707534 hits and 7 records
2025-09-19 01:18:30,458 - INFO - File 23846: Filtered 13658703 hits and 7 records
2025-09-19 01:18:31,811 - INFO - File 7770: Filtered 2168610 hits and 3 records
2025-09-19 01:18:36,010 - INFO - File 5506: Filtered 9866836 hits and 11 records
2025-09-19 01:18:37,394 - INFO - Completed /viper/ptmp/arego/RC4K1_EN_100/6542.h5 in 26.19 seconds
2025-09-19 01:18:37,587 - INFO - Processing /viper/ptmp/arego/RC4K1/10970.h5
2025-09-19 01:18:37,963 - INFO - Completed /viper/ptmp/arego/RC4K1_EN_100/13072.h5 in 65.43 seconds
2025-09-19 01:18:38,393 - INFO - Processing /viper/ptmp/arego/RC4K1/27575.h5
2025-09-19 01:18:39,004 - INFO - Completed /viper/ptmp/arego/RC4K1_EN_100/28311.h5 in 30.16 seconds
2025-09-19 01:18:39,189 - INFO - Processing /viper/ptmp/arego/RC4K1/2203.h5
2025-09-19 01:18:43,436 - INFO - File 10970: Filtered 15938068 hits and 7 records
2025-09-19 01:18:44,806 - INFO - File 27575: Filtered 10342917 hits and 10 records
2025-09-19 01:18:45,202 - INFO - File 2203: Filtered 12803156 hits and 9 records
2025-09-19 01:18:46,884 - INFO - Completed /viper/ptmp/arego/RC4K1_EN_100/5781.h5 in 65.29 seconds
2025-09-19 01:18:47,105 - INFO - Processing /viper/ptmp/arego/RC4K1/11070.h5
2025-09-19 01:18:47,814 - INFO - Completed /viper/ptmp/arego/RC4K1_EN_100/21496.h5 in 40.75 seconds
2025-09-19 01:18:47,976 - INFO - Processing /viper/ptmp/arego/RC4K1/28099.h5
2025-09-19 01:18:52,777 - INFO - File 11070: Filtered 16969516 hits and 8 records
2025-09-19 01:18:53,541 - INFO - File 28099: Filtered 12912828 hits and 7 records
2025-09-19 01:18:55,427 - INFO - Completed /viper/ptmp/arego/RC4K1_EN_100/13422.h5 in 40.13 seconds
2025-09-19 01:18:55,614 - INFO - Processing /viper/ptmp/arego/RC4K1/6100.h5
2025-09-19 01:19:01,277 - INFO - File 6100: Filtered 10880963 hits and 10 records
2025-09-19 01:19:02,660 - INFO - Completed /viper/ptmp/arego/RC4K1_EN_100/6275.h5 in 50.83 seconds
2025-09-19 01:19:02,834 - INFO - Completed /viper/ptmp/arego/RC4K1_EN_100/24494.h5 in 43.42 seconds
2025-09-19 01:19:02,843 - INFO - Processing /viper/ptmp/arego/RC4K1/8843.h5
2025-09-19 01:19:03,072 - INFO - Processing /viper/ptmp/arego/RC4K1/2105.h5
2025-09-19 01:19:05,631 - INFO - Completed /viper/ptmp/arego/RC4K1_EN_100/28412.h5 in 54.74 seconds
2025-09-19 01:19:05,812 - INFO - Processing /viper/ptmp/arego/RC4K1/28152.h5
2025-09-19 01:19:08,654 - INFO - File 8843: Filtered 16587225 hits and 6 records
2025-09-19 01:19:08,875 - INFO - File 2105: Filtered 17104986 hits and 8 records
2025-09-19 01:19:11,994 - INFO - File 28152: Filtered 13885640 hits and 8 records
2025-09-19 01:19:16,193 - INFO - Completed /viper/ptmp/arego/RC4K1_EN_100/23846.h5 in 51.81 seconds
2025-09-19 01:19:16,363 - INFO - Processing /viper/ptmp/arego/RC4K1/21317.h5
2025-09-19 01:19:19,652 - INFO - Completed /viper/ptmp/arego/RC4K1_EN_100/10970.h5 in 42.06 seconds
2025-09-19 01:19:19,893 - INFO - Processing /viper/ptmp/arego/RC4K1/3828.h5
2025-09-19 01:19:22,162 - INFO - File 21317: Filtered 12326516 hits and 9 records
2025-09-19 01:19:25,784 - INFO - File 3828: Filtered 20184409 hits and 5 records
2025-09-19 01:19:29,381 - INFO - Completed /viper/ptmp/arego/RC4K1_EN_100/11070.h5 in 42.28 seconds
2025-09-19 01:19:29,613 - INFO - Processing /viper/ptmp/arego/RC4K1/13931.h5
2025-09-19 01:19:30,183 - INFO - Completed /viper/ptmp/arego/RC4K1_EN_100/18427.h5 in 80.21 seconds
2025-09-19 01:19:30,371 - INFO - Processing /viper/ptmp/arego/RC4K1/27109.h5
2025-09-19 01:19:31,170 - INFO - Completed /viper/ptmp/arego/RC4K1_EN_100/26684.h5 in 77.87 seconds
2025-09-19 01:19:31,357 - INFO - Processing /viper/ptmp/arego/RC4K1/27516.h5
2025-09-19 01:19:36,206 - INFO - File 13931: Filtered 15056344 hits and 9 records
2025-09-19 01:19:37,437 - INFO - File 27109: Filtered 8942769 hits and 6 records
2025-09-19 01:19:37,600 - INFO - Completed /viper/ptmp/arego/RC4K1_EN_100/2203.h5 in 58.41 seconds
2025-09-19 01:19:37,915 - INFO - Processing /viper/ptmp/arego/RC4K1/17598.h5
2025-09-19 01:19:38,439 - INFO - File 27516: Filtered 11228542 hits and 5 records
2025-09-19 01:19:42,194 - INFO - Completed /viper/ptmp/arego/RC4K1_EN_100/27575.h5 in 63.80 seconds
2025-09-19 01:19:42,402 - INFO - Processing /viper/ptmp/arego/RC4K1/12923.h5
2025-09-19 01:19:42,969 - INFO - Completed /viper/ptmp/arego/RC4K1_EN_100/9390.h5 in 79.21 seconds
2025-09-19 01:19:43,194 - INFO - Processing /viper/ptmp/arego/RC4K1/17361.h5
2025-09-19 01:19:43,956 - INFO - File 17598: Filtered 6423198 hits and 4 records
2025-09-19 01:19:44,635 - INFO - Completed /viper/ptmp/arego/RC4K1_EN_100/2105.h5 in 41.56 seconds
2025-09-19 01:19:44,846 - INFO - Processing /viper/ptmp/arego/RC4K1/14551.h5
2025-09-19 01:19:44,884 - INFO - Completed /viper/ptmp/arego/RC4K1_EN_100/28099.h5 in 56.91 seconds
2025-09-19 01:19:45,628 - INFO - Processing /viper/ptmp/arego/RC4K1/9545.h5
2025-09-19 01:19:47,097 - INFO - Completed /viper/ptmp/arego/RC4K1_EN_100/8843.h5 in 44.25 seconds
2025-09-19 01:19:47,406 - INFO - Processing /viper/ptmp/arego/RC4K1/9683.h5
2025-09-19 01:19:48,710 - INFO - File 12923: Filtered 13684862 hits and 8 records
2025-09-19 01:19:50,193 - INFO - File 17361: Filtered 14148776 hits and 8 records
2025-09-19 01:19:50,887 - INFO - Completed /viper/ptmp/arego/RC4K1_EN_100/3828.h5 in 30.99 seconds
2025-09-19 01:19:51,227 - INFO - Processing /viper/ptmp/arego/RC4K1/21331.h5
2025-09-19 01:19:52,751 - INFO - File 14551: Filtered 13525249 hits and 5 records
2025-09-19 01:19:54,167 - INFO - File 9545: Filtered 14257301 hits and 8 records
2025-09-19 01:19:54,897 - INFO - File 9683: Filtered 16286208 hits and 11 records
2025-09-19 01:19:58,069 - INFO - File 21331: Filtered 12329408 hits and 9 records
2025-09-19 01:19:59,865 - INFO - Completed /viper/ptmp/arego/RC4K1_EN_100/28152.h5 in 54.05 seconds
2025-09-19 01:20:00,071 - INFO - Processing /viper/ptmp/arego/RC4K1/21.h5
2025-09-19 01:20:05,946 - INFO - File 21: Filtered 12308402 hits and 7 records
2025-09-19 01:20:07,833 - INFO - Completed /viper/ptmp/arego/RC4K1_EN_100/6100.h5 in 72.22 seconds
2025-09-19 01:20:08,044 - INFO - Processing /viper/ptmp/arego/RC4K1/17877.h5
2025-09-19 01:20:11,974 - INFO - Completed /viper/ptmp/arego/RC4K1_EN_100/7770.h5 in 107.37 seconds
2025-09-19 01:20:12,188 - INFO - Processing /viper/ptmp/arego/RC4K1/7668.h5
2025-09-19 01:20:13,586 - INFO - File 17877: Filtered 19668529 hits and 7 records
2025-09-19 01:20:18,083 - INFO - File 7668: Filtered 15365354 hits and 8 records
2025-09-19 01:20:19,565 - INFO - Completed /viper/ptmp/arego/RC4K1_EN_100/17463.h5 in 138.83 seconds
2025-09-19 01:20:19,777 - INFO - Processing /viper/ptmp/arego/RC4K1/26256.h5
2025-09-19 01:20:22,051 - INFO - Completed /viper/ptmp/arego/RC4K1_EN_100/21317.h5 in 65.69 seconds
2025-09-19 01:20:22,283 - INFO - Processing /viper/ptmp/arego/RC4K1/20258.h5
2025-09-19 01:20:23,089 - INFO - Completed /viper/ptmp/arego/RC4K1_EN_100/13931.h5 in 53.48 seconds
2025-09-19 01:20:23,264 - INFO - Processing /viper/ptmp/arego/RC4K1/13745.h5
2025-09-19 01:20:25,755 - INFO - File 26256: Filtered 8728398 hits and 7 records
2025-09-19 01:20:29,162 - INFO - File 20258: Filtered 11275230 hits and 6 records
2025-09-19 01:20:30,828 - INFO - File 13745: Filtered 12248303 hits and 9 records
2025-09-19 01:20:38,816 - INFO - Completed /viper/ptmp/arego/RC4K1_EN_100/12923.h5 in 56.41 seconds
2025-09-19 01:20:39,020 - INFO - Processing /viper/ptmp/arego/RC4K1/18381.h5
2025-09-19 01:20:39,194 - INFO - Completed /viper/ptmp/arego/RC4K1_EN_100/9683.h5 in 51.79 seconds
2025-09-19 01:20:39,382 - INFO - Processing /viper/ptmp/arego/RC4K1/11783.h5
2025-09-19 01:20:39,970 - INFO - Completed /viper/ptmp/arego/RC4K1_EN_100/5506.h5 in 134.43 seconds
2025-09-19 01:20:40,163 - INFO - Processing /viper/ptmp/arego/RC4K1/12144.h5
2025-09-19 01:20:42,909 - INFO - Completed /viper/ptmp/arego/RC4K1_EN_100/17361.h5 in 59.72 seconds
2025-09-19 01:20:43,152 - INFO - Processing /viper/ptmp/arego/RC4K1/14297.h5
2025-09-19 01:20:43,651 - INFO - Completed /viper/ptmp/arego/RC4K1_EN_100/27516.h5 in 72.29 seconds
2025-09-19 01:20:44,033 - INFO - Processing /viper/ptmp/arego/RC4K1/18093.h5
2025-09-19 01:20:44,967 - INFO - Completed /viper/ptmp/arego/RC4K1_EN_100/14551.h5 in 60.12 seconds
2025-09-19 01:20:45,232 - INFO - Completed /viper/ptmp/arego/RC4K1_EN_100/9545.h5 in 59.60 seconds
2025-09-19 01:20:45,352 - INFO - Processing /viper/ptmp/arego/RC4K1/8523.h5
2025-09-19 01:20:45,363 - INFO - Completed /viper/ptmp/arego/RC4K1_EN_100/17877.h5 in 37.32 seconds
2025-09-19 01:20:45,615 - INFO - Processing /viper/ptmp/arego/RC4K1/1909.h5
2025-09-19 01:20:45,896 - INFO - File 18381: Filtered 22916028 hits and 9 records
2025-09-19 01:20:46,421 - INFO - File 11783: Filtered 24841217 hits and 8 records
2025-09-19 01:20:46,500 - INFO - Processing /viper/ptmp/arego/RC4K1/28357.h5
2025-09-19 01:20:47,952 - INFO - File 12144: Filtered 7780473 hits and 4 records
2025-09-19 01:20:50,555 - INFO - File 14297: Filtered 18827802 hits and 8 records
2025-09-19 01:20:53,117 - INFO - File 18093: Filtered 6917199 hits and 6 records
2025-09-19 01:20:53,802 - INFO - File 1909: Filtered 15288674 hits and 10 records
2025-09-19 01:20:54,864 - INFO - Completed /viper/ptmp/arego/RC4K1_EN_100/27109.h5 in 84.49 seconds
2025-09-19 01:20:55,166 - INFO - Processing /viper/ptmp/arego/RC4K1/21437.h5
2025-09-19 01:20:55,240 - INFO - File 8523: Filtered 12518361 hits and 6 records
2025-09-19 01:20:56,832 - INFO - File 28357: Filtered 6290413 hits and 6 records
2025-09-19 01:21:01,585 - INFO - Completed /viper/ptmp/arego/RC4K1_EN_100/11783.h5 in 22.20 seconds
2025-09-19 01:21:01,745 - INFO - File 21437: Filtered 8553193 hits and 6 records
2025-09-19 01:21:01,809 - INFO - Processing /viper/ptmp/arego/RC4K1/16581.h5
2025-09-19 01:21:02,483 - INFO - Completed /viper/ptmp/arego/RC4K1_EN_100/21331.h5 in 71.26 seconds
2025-09-19 01:21:02,684 - INFO - Processing /viper/ptmp/arego/RC4K1/14397.h5
2025-09-19 01:21:02,729 - INFO - Completed /viper/ptmp/arego/RC4K1_EN_100/18381.h5 in 23.71 seconds
2025-09-19 01:21:03,474 - INFO - Processing /viper/ptmp/arego/RC4K1/22717.h5
2025-09-19 01:21:05,602 - INFO - Completed /viper/ptmp/arego/RC4K1_EN_100/7668.h5 in 53.41 seconds
2025-09-19 01:21:05,932 - INFO - Processing /viper/ptmp/arego/RC4K1/9306.h5
2025-09-19 01:21:08,504 - INFO - File 16581: Filtered 17483986 hits and 8 records
2025-09-19 01:21:10,183 - INFO - File 14397: Filtered 11937930 hits and 10 records
2025-09-19 01:21:11,313 - INFO - File 22717: Filtered 16122892 hits and 8 records
2025-09-19 01:21:13,573 - INFO - File 9306: Filtered 15318892 hits and 6 records
2025-09-19 01:21:13,672 - INFO - Completed /viper/ptmp/arego/RC4K1_EN_100/21.h5 in 73.60 seconds
2025-09-19 01:21:13,930 - INFO - Processing /viper/ptmp/arego/RC4K1/27281.h5
2025-09-19 01:21:15,335 - INFO - Completed /viper/ptmp/arego/RC4K1_EN_100/17598.h5 in 97.42 seconds
2025-09-19 01:21:15,554 - INFO - Processing /viper/ptmp/arego/RC4K1/25116.h5
2025-09-19 01:21:20,437 - INFO - File 27281: Filtered 12190067 hits and 8 records
2025-09-19 01:21:22,374 - INFO - File 25116: Filtered 20487867 hits and 9 records
2025-09-19 01:21:29,974 - INFO - Completed /viper/ptmp/arego/RC4K1_EN_100/14297.h5 in 46.82 seconds
2025-09-19 01:21:30,156 - INFO - Processing /viper/ptmp/arego/RC4K1/7325.h5
2025-09-19 01:21:32,942 - INFO - Completed /viper/ptmp/arego/RC4K1_EN_100/13745.h5 in 69.68 seconds
2025-09-19 01:21:33,124 - INFO - Processing /viper/ptmp/arego/RC4K1/25845.h5
2025-09-19 01:21:36,382 - INFO - File 7325: Filtered 6211475 hits and 7 records
2025-09-19 01:21:38,315 - INFO - Completed /viper/ptmp/arego/RC4K1_EN_100/20258.h5 in 76.03 seconds
2025-09-19 01:21:38,534 - INFO - Processing /viper/ptmp/arego/RC4K1/15814.h5
2025-09-19 01:21:39,830 - INFO - File 25845: Filtered 15343524 hits and 6 records
2025-09-19 01:21:44,951 - INFO - File 15814: Filtered 9380763 hits and 5 records
2025-09-19 01:21:48,220 - INFO - Completed /viper/ptmp/arego/RC4K1_EN_100/1909.h5 in 62.60 seconds
2025-09-19 01:21:48,446 - INFO - Processing /viper/ptmp/arego/RC4K1/27507.h5
2025-09-19 01:21:49,690 - INFO - Completed /viper/ptmp/arego/RC4K1_EN_100/26256.h5 in 89.91 seconds
2025-09-19 01:21:49,931 - INFO - Processing /viper/ptmp/arego/RC4K1/25706.h5
2025-09-19 01:21:50,576 - INFO - Completed /viper/ptmp/arego/RC4K1_EN_100/16581.h5 in 48.77 seconds
2025-09-19 01:21:50,776 - INFO - Processing /viper/ptmp/arego/RC4K1/26763.h5
2025-09-19 01:21:55,245 - INFO - File 27507: Filtered 19076651 hits and 8 records
2025-09-19 01:21:58,113 - INFO - File 25706: Filtered 13198476 hits and 8 records
2025-09-19 01:21:58,710 - INFO - Completed /viper/ptmp/arego/RC4K1_EN_100/25116.h5 in 43.16 seconds
2025-09-19 01:21:59,006 - INFO - Processing /viper/ptmp/arego/RC4K1/22540.h5
2025-09-19 01:21:59,064 - INFO - File 26763: Filtered 10673343 hits and 7 records
2025-09-19 01:22:00,511 - INFO - Completed /viper/ptmp/arego/RC4K1_EN_100/8523.h5 in 75.16 seconds
2025-09-19 01:22:00,746 - INFO - Processing /viper/ptmp/arego/RC4K1/3539.h5
2025-09-19 01:22:00,962 - INFO - Completed /viper/ptmp/arego/RC4K1_EN_100/22717.h5 in 57.49 seconds
2025-09-19 01:22:01,564 - INFO - Processing /viper/ptmp/arego/RC4K1/11717.h5
2025-09-19 01:22:06,199 - INFO - File 22540: Filtered 12423998 hits and 8 records
2025-09-19 01:22:08,893 - INFO - File 3539: Filtered 10127228 hits and 7 records
2025-09-19 01:22:09,171 - INFO - Completed /viper/ptmp/arego/RC4K1_EN_100/9306.h5 in 63.24 seconds
2025-09-19 01:22:09,410 - INFO - Processing /viper/ptmp/arego/RC4K1/14369.h5
2025-09-19 01:22:09,854 - INFO - File 11717: Filtered 10561398 hits and 4 records
2025-09-19 01:22:15,791 - INFO - File 14369: Filtered 16513730 hits and 8 records
2025-09-19 01:22:18,587 - INFO - Completed /viper/ptmp/arego/RC4K1_EN_100/12144.h5 in 98.42 seconds
2025-09-19 01:22:18,815 - INFO - Processing /viper/ptmp/arego/RC4K1/24978.h5
2025-09-19 01:22:21,743 - INFO - Completed /viper/ptmp/arego/RC4K1_EN_100/14397.h5 in 79.06 seconds
2025-09-19 01:22:21,934 - INFO - Processing /viper/ptmp/arego/RC4K1/4741.h5
2025-09-19 01:22:25,216 - INFO - Completed /viper/ptmp/arego/RC4K1_EN_100/18093.h5 in 101.18 seconds
2025-09-19 01:22:25,334 - INFO - Completed /viper/ptmp/arego/RC4K1_EN_100/21437.h5 in 90.17 seconds
2025-09-19 01:22:25,421 - INFO - File 24978: Filtered 17196133 hits and 8 records
2025-09-19 01:22:25,424 - INFO - Processing /viper/ptmp/arego/RC4K1/8126.h5
2025-09-19 01:22:26,256 - INFO - Processing /viper/ptmp/arego/RC4K1/17575.h5
2025-09-19 01:22:29,292 - INFO - File 4741: Filtered 20392779 hits and 8 records
2025-09-19 01:22:32,035 - INFO - Completed /viper/ptmp/arego/RC4K1_EN_100/28357.h5 in 105.54 seconds
2025-09-19 01:22:32,343 - INFO - Processing /viper/ptmp/arego/RC4K1/13569.h5
2025-09-19 01:22:33,580 - INFO - File 8126: Filtered 23894413 hits and 9 records
2025-09-19 01:22:34,019 - INFO - Completed /viper/ptmp/arego/RC4K1_EN_100/27281.h5 in 80.09 seconds
2025-09-19 01:22:34,320 - INFO - Processing /viper/ptmp/arego/RC4K1/17165.h5
2025-09-19 01:22:34,355 - INFO - File 17575: Filtered 25894142 hits and 7 records
2025-09-19 01:22:36,606 - INFO - Completed /viper/ptmp/arego/RC4K1_EN_100/27507.h5 in 48.16 seconds
2025-09-19 01:22:36,787 - INFO - Processing /viper/ptmp/arego/RC4K1/3814.h5
2025-09-19 01:22:37,791 - INFO - Completed /viper/ptmp/arego/RC4K1_EN_100/25845.h5 in 64.67 seconds
2025-09-19 01:22:38,002 - INFO - Processing /viper/ptmp/arego/RC4K1/25611.h5
2025-09-19 01:22:39,868 - INFO - File 13569: Filtered 12108339 hits and 8 records
2025-09-19 01:22:41,619 - INFO - File 17165: Filtered 15576999 hits and 8 records
2025-09-19 01:22:45,571 - INFO - File 3814: Filtered 6479217 hits and 5 records
2025-09-19 01:22:46,168 - INFO - File 25611: Filtered 20659287 hits and 8 records
2025-09-19 01:23:01,512 - INFO - Completed /viper/ptmp/arego/RC4K1_EN_100/17575.h5 in 35.26 seconds
2025-09-19 01:23:01,750 - INFO - Processing /viper/ptmp/arego/RC4K1/27686.h5
2025-09-19 01:23:06,042 - INFO - Completed /viper/ptmp/arego/RC4K1_EN_100/15814.h5 in 87.51 seconds
2025-09-19 01:23:06,133 - INFO - Completed /viper/ptmp/arego/RC4K1_EN_100/25706.h5 in 76.20 seconds
2025-09-19 01:23:06,276 - INFO - Processing /viper/ptmp/arego/RC4K1/22236.h5
2025-09-19 01:23:06,347 - INFO - Processing /viper/ptmp/arego/RC4K1/9878.h5
2025-09-19 01:23:08,887 - INFO - Completed /viper/ptmp/arego/RC4K1_EN_100/8126.h5 in 43.46 seconds
2025-09-19 01:23:09,078 - INFO - File 27686: Filtered 14850325 hits and 10 records
2025-09-19 01:23:09,102 - INFO - Processing /viper/ptmp/arego/RC4K1/26226.h5
2025-09-19 01:23:09,792 - INFO - Completed /viper/ptmp/arego/RC4K1_EN_100/4741.h5 in 47.86 seconds
2025-09-19 01:23:09,996 - INFO - Processing /viper/ptmp/arego/RC4K1/21390.h5
2025-09-19 01:23:13,469 - INFO - Completed /viper/ptmp/arego/RC4K1_EN_100/14369.h5 in 64.06 seconds
2025-09-19 01:23:13,741 - INFO - Processing /viper/ptmp/arego/RC4K1/28407.h5
2025-09-19 01:23:13,759 - INFO - File 9878: Filtered 21717615 hits and 9 records
2025-09-19 01:23:16,061 - INFO - Completed /viper/ptmp/arego/RC4K1_EN_100/7325.h5 in 105.91 seconds
2025-09-19 01:23:16,254 - INFO - File 22236: Filtered 11604064 hits and 9 records
2025-09-19 01:23:16,358 - INFO - Processing /viper/ptmp/arego/RC4K1/18861.h5
2025-09-19 01:23:18,163 - INFO - Completed /viper/ptmp/arego/RC4K1_EN_100/24978.h5 in 59.35 seconds
2025-09-19 01:23:18,416 - INFO - Processing /viper/ptmp/arego/RC4K1/20745.h5
2025-09-19 01:23:19,796 - INFO - File 26226: Filtered 7966612 hits and 5 records
2025-09-19 01:23:20,190 - INFO - File 21390: Filtered 10798951 hits and 7 records
2025-09-19 01:23:22,070 - INFO - File 28407: Filtered 17934229 hits and 8 records
2025-09-19 01:23:22,103 - INFO - Completed /viper/ptmp/arego/RC4K1_EN_100/26763.h5 in 91.33 seconds
2025-09-19 01:23:22,302 - INFO - Completed /viper/ptmp/arego/RC4K1_EN_100/22540.h5 in 83.30 seconds
2025-09-19 01:23:22,450 - INFO - Processing /viper/ptmp/arego/RC4K1/12970.h5
2025-09-19 01:23:23,623 - INFO - Processing /viper/ptmp/arego/RC4K1/6639.h5
2025-09-19 01:23:25,321 - INFO - File 18861: Filtered 18799398 hits and 11 records
2025-09-19 01:23:27,660 - INFO - Completed /viper/ptmp/arego/RC4K1_EN_100/25611.h5 in 49.66 seconds
2025-09-19 01:23:27,993 - INFO - Processing /viper/ptmp/arego/RC4K1/5841.h5
2025-09-19 01:23:28,846 - INFO - File 20745: Filtered 11294069 hits and 9 records
2025-09-19 01:23:31,334 - INFO - File 12970: Filtered 16357896 hits and 7 records
2025-09-19 01:23:31,848 - INFO - File 6639: Filtered 18849713 hits and 8 records
2025-09-19 01:23:34,679 - INFO - Completed /viper/ptmp/arego/RC4K1_EN_100/3539.h5 in 93.93 seconds
2025-09-19 01:23:34,942 - INFO - Processing /viper/ptmp/arego/RC4K1/28977.h5
2025-09-19 01:23:36,082 - INFO - File 5841: Filtered 8118802 hits and 7 records
2025-09-19 01:23:38,227 - INFO - Completed /viper/ptmp/arego/RC4K1_EN_100/11717.h5 in 96.66 seconds
2025-09-19 01:23:38,420 - INFO - Processing /viper/ptmp/arego/RC4K1/23701.h5
2025-09-19 01:23:42,409 - INFO - File 28977: Filtered 9806883 hits and 6 records
2025-09-19 01:23:46,441 - INFO - File 23701: Filtered 17468738 hits and 6 records
2025-09-19 01:23:49,076 - INFO - Completed /viper/ptmp/arego/RC4K1_EN_100/17165.h5 in 74.76 seconds
2025-09-19 01:23:49,257 - INFO - Processing /viper/ptmp/arego/RC4K1/26292.h5
2025-09-19 01:23:50,630 - INFO - Completed /viper/ptmp/arego/RC4K1_EN_100/9878.h5 in 44.28 seconds
2025-09-19 01:23:50,812 - INFO - Processing /viper/ptmp/arego/RC4K1/26912.h5
2025-09-19 01:23:56,342 - INFO - File 26292: Filtered 11133313 hits and 9 records
2025-09-19 01:23:58,161 - INFO - File 26912: Filtered 20381053 hits and 7 records
2025-09-19 01:24:10,462 - INFO - Completed /viper/ptmp/arego/RC4K1_EN_100/13569.h5 in 98.12 seconds
2025-09-19 01:24:10,648 - INFO - Processing /viper/ptmp/arego/RC4K1/8780.h5
2025-09-19 01:24:14,570 - INFO - Completed /viper/ptmp/arego/RC4K1_EN_100/28407.h5 in 60.83 seconds
2025-09-19 01:24:14,758 - INFO - Processing /viper/ptmp/arego/RC4K1/25012.h5
2025-09-19 01:24:17,407 - INFO - Completed /viper/ptmp/arego/RC4K1_EN_100/6639.h5 in 53.78 seconds
2025-09-19 01:24:17,625 - INFO - Processing /viper/ptmp/arego/RC4K1/11341.h5
2025-09-19 01:24:17,759 - INFO - Completed /viper/ptmp/arego/RC4K1_EN_100/18861.h5 in 61.40 seconds
2025-09-19 01:24:17,974 - INFO - File 8780: Filtered 12391028 hits and 4 records
2025-09-19 01:24:18,455 - INFO - Processing /viper/ptmp/arego/RC4K1/29796.h5
2025-09-19 01:24:22,358 - INFO - File 25012: Filtered 18666636 hits and 9 records
2025-09-19 01:24:26,712 - INFO - File 11341: Filtered 7959524 hits and 4 records
2025-09-19 01:24:27,187 - INFO - File 29796: Filtered 25302366 hits and 9 records
2025-09-19 01:24:27,917 - INFO - Completed /viper/ptmp/arego/RC4K1_EN_100/27686.h5 in 86.17 seconds
2025-09-19 01:24:28,138 - INFO - Processing /viper/ptmp/arego/RC4K1/7196.h5
2025-09-19 01:24:32,733 - INFO - Completed /viper/ptmp/arego/RC4K1_EN_100/12970.h5 in 70.28 seconds
2025-09-19 01:24:32,971 - INFO - Processing /viper/ptmp/arego/RC4K1/9409.h5
2025-09-19 01:24:35,740 - INFO - File 7196: Filtered 19382932 hits and 7 records
2025-09-19 01:24:39,968 - INFO - Completed /viper/ptmp/arego/RC4K1_EN_100/3814.h5 in 123.18 seconds
2025-09-19 01:24:40,235 - INFO - Processing /viper/ptmp/arego/RC4K1/10560.h5
2025-09-19 01:24:40,338 - INFO - File 9409: Filtered 11242439 hits and 5 records
2025-09-19 01:24:41,300 - INFO - Completed /viper/ptmp/arego/RC4K1_EN_100/26912.h5 in 50.49 seconds
2025-09-19 01:24:41,509 - INFO - Processing /viper/ptmp/arego/RC4K1/5130.h5
2025-09-19 01:24:48,349 - INFO - File 10560: Filtered 17391842 hits and 6 records
2025-09-19 01:24:49,530 - INFO - File 5130: Filtered 18216074 hits and 7 records
2025-09-19 01:24:54,024 - INFO - Completed /viper/ptmp/arego/RC4K1_EN_100/29796.h5 in 35.57 seconds
2025-09-19 01:24:54,256 - INFO - Processing /viper/ptmp/arego/RC4K1/23443.h5
2025-09-19 01:24:54,501 - INFO - Completed /viper/ptmp/arego/RC4K1_EN_100/22236.h5 in 108.23 seconds
2025-09-19 01:24:54,691 - INFO - Processing /viper/ptmp/arego/RC4K1/25126.h5
2025-09-19 01:24:58,496 - INFO - Completed /viper/ptmp/arego/RC4K1_EN_100/23701.h5 in 80.08 seconds
2025-09-19 01:24:58,714 - INFO - Processing /viper/ptmp/arego/RC4K1/21756.h5
2025-09-19 01:25:01,938 - INFO - File 23443: Filtered 16959753 hits and 8 records
2025-09-19 01:25:03,006 - INFO - File 25126: Filtered 14514385 hits and 7 records
2025-09-19 01:25:03,348 - INFO - Completed /viper/ptmp/arego/RC4K1_EN_100/20745.h5 in 104.93 seconds
2025-09-19 01:25:03,554 - INFO - Processing /viper/ptmp/arego/RC4K1/25066.h5
2025-09-19 01:25:03,935 - INFO - Completed /viper/ptmp/arego/RC4K1_EN_100/21390.h5 in 113.94 seconds
2025-09-19 01:25:04,806 - INFO - Processing /viper/ptmp/arego/RC4K1/20377.h5
2025-09-19 01:25:07,294 - INFO - File 21756: Filtered 27780699 hits and 9 records
2025-09-19 01:25:12,192 - INFO - File 25066: Filtered 22709922 hits and 9 records
2025-09-19 01:25:13,462 - INFO - File 20377: Filtered 11662649 hits and 6 records
2025-09-19 01:25:14,036 - INFO - Completed /viper/ptmp/arego/RC4K1_EN_100/26226.h5 in 124.93 seconds
2025-09-19 01:25:14,360 - INFO - Processing /viper/ptmp/arego/RC4K1/7224.h5
2025-09-19 01:25:16,754 - INFO - Completed /viper/ptmp/arego/RC4K1_EN_100/5841.h5 in 108.76 seconds
2025-09-19 01:25:16,960 - INFO - Processing /viper/ptmp/arego/RC4K1/7348.h5
2025-09-19 01:25:21,670 - INFO - Completed /viper/ptmp/arego/RC4K1_EN_100/25012.h5 in 66.91 seconds
2025-09-19 01:25:21,928 - INFO - Completed /viper/ptmp/arego/RC4K1_EN_100/28977.h5 in 106.99 seconds
2025-09-19 01:25:21,957 - INFO - Processing /viper/ptmp/arego/RC4K1/13238.h5
2025-09-19 01:25:22,201 - INFO - Processing /viper/ptmp/arego/RC4K1/882.h5
2025-09-19 01:25:22,702 - INFO - File 7224: Filtered 12963347 hits and 3 records
2025-09-19 01:25:24,603 - INFO - File 7348: Filtered 9657078 hits and 3 records
2025-09-19 01:25:28,474 - INFO - Completed /viper/ptmp/arego/RC4K1_EN_100/26292.h5 in 99.22 seconds
2025-09-19 01:25:28,796 - INFO - Processing /viper/ptmp/arego/RC4K1/4515.h5
2025-09-19 01:25:30,855 - INFO - File 13238: Filtered 15981580 hits and 8 records
2025-09-19 01:25:31,454 - INFO - File 882: Filtered 14801226 hits and 7 records
2025-09-19 01:25:34,309 - INFO - Completed /viper/ptmp/arego/RC4K1_EN_100/21756.h5 in 35.59 seconds
2025-09-19 01:25:34,546 - INFO - Processing /viper/ptmp/arego/RC4K1/6722.h5
2025-09-19 01:25:36,910 - INFO - File 4515: Filtered 17520288 hits and 8 records
2025-09-19 01:25:40,897 - INFO - Completed /viper/ptmp/arego/RC4K1_EN_100/7196.h5 in 72.76 seconds
2025-09-19 01:25:41,156 - INFO - Processing /viper/ptmp/arego/RC4K1/18695.h5
2025-09-19 01:25:42,730 - INFO - File 6722: Filtered 20416635 hits and 7 records
2025-09-19 01:25:49,436 - INFO - File 18695: Filtered 15348514 hits and 8 records
2025-09-19 01:25:50,095 - INFO - Completed /viper/ptmp/arego/RC4K1_EN_100/10560.h5 in 69.86 seconds
2025-09-19 01:25:50,385 - INFO - Processing /viper/ptmp/arego/RC4K1/705.h5
2025-09-19 01:25:51,118 - INFO - Completed /viper/ptmp/arego/RC4K1_EN_100/5130.h5 in 69.61 seconds
2025-09-19 01:25:51,446 - INFO - Processing /viper/ptmp/arego/RC4K1/18081.h5
2025-09-19 01:25:53,533 - INFO - Completed /viper/ptmp/arego/RC4K1_EN_100/8780.h5 in 102.89 seconds
2025-09-19 01:25:53,715 - INFO - Processing /viper/ptmp/arego/RC4K1/15228.h5
2025-09-19 01:25:55,028 - INFO - Completed /viper/ptmp/arego/RC4K1_EN_100/25066.h5 in 51.47 seconds
2025-09-19 01:25:55,248 - INFO - Processing /viper/ptmp/arego/RC4K1/17532.h5
2025-09-19 01:25:58,304 - INFO - File 705: Filtered 17376519 hits and 8 records
2025-09-19 01:25:59,822 - INFO - File 18081: Filtered 18916060 hits and 10 records
2025-09-19 01:26:03,079 - INFO - File 15228: Filtered 14756177 hits and 6 records
2025-09-19 01:26:04,530 - INFO - File 17532: Filtered 18199173 hits and 5 records
2025-09-19 01:26:06,607 - INFO - Completed /viper/ptmp/arego/RC4K1_EN_100/23443.h5 in 72.35 seconds
2025-09-19 01:26:06,831 - INFO - Processing /viper/ptmp/arego/RC4K1/29342.h5
2025-09-19 01:26:14,537 - INFO - File 29342: Filtered 18028832 hits and 9 records
2025-09-19 01:26:16,663 - INFO - Completed /viper/ptmp/arego/RC4K1_EN_100/9409.h5 in 103.69 seconds
2025-09-19 01:26:16,887 - INFO - Processing /viper/ptmp/arego/RC4K1/25837.h5
2025-09-19 01:26:19,970 - INFO - Completed /viper/ptmp/arego/RC4K1_EN_100/11341.h5 in 122.35 seconds
2025-09-19 01:26:20,161 - INFO - Processing /viper/ptmp/arego/RC4K1/24191.h5
2025-09-19 01:26:24,677 - INFO - File 25837: Filtered 24474911 hits and 7 records
2025-09-19 01:26:28,484 - INFO - File 24191: Filtered 17171143 hits and 7 records
2025-09-19 01:26:31,798 - INFO - Completed /viper/ptmp/arego/RC4K1_EN_100/25126.h5 in 97.11 seconds
2025-09-19 01:26:31,981 - INFO - Processing /viper/ptmp/arego/RC4K1/254.h5
2025-09-19 01:26:40,019 - INFO - File 254: Filtered 27764236 hits and 8 records
2025-09-19 01:26:47,102 - INFO - Completed /viper/ptmp/arego/RC4K1_EN_100/13238.h5 in 85.14 seconds
2025-09-19 01:26:47,300 - INFO - Processing /viper/ptmp/arego/RC4K1/19328.h5
2025-09-19 01:26:47,664 - INFO - Completed /viper/ptmp/arego/RC4K1_EN_100/4515.h5 in 78.87 seconds
2025-09-19 01:26:48,197 - INFO - Processing /viper/ptmp/arego/RC4K1/5948.h5
2025-09-19 01:26:48,340 - INFO - Completed /viper/ptmp/arego/RC4K1_EN_100/6722.h5 in 73.79 seconds
2025-09-19 01:26:48,525 - INFO - Processing /viper/ptmp/arego/RC4K1/24492.h5
2025-09-19 01:26:57,202 - INFO - File 19328: Filtered 26153560 hits and 10 records
2025-09-19 01:26:58,251 - INFO - File 5948: Filtered 26351434 hits and 9 records
2025-09-19 01:26:58,824 - INFO - File 24492: Filtered 9674147 hits and 5 records
2025-09-19 01:26:59,636 - INFO - Completed /viper/ptmp/arego/RC4K1_EN_100/20377.h5 in 114.83 seconds
2025-09-19 01:26:59,879 - INFO - Processing /viper/ptmp/arego/RC4K1/24001.h5
2025-09-19 01:27:05,088 - INFO - Completed /viper/ptmp/arego/RC4K1_EN_100/18081.h5 in 73.64 seconds
2025-09-19 01:27:05,323 - INFO - Processing /viper/ptmp/arego/RC4K1/29069.h5
2025-09-19 01:27:06,320 - INFO - Completed /viper/ptmp/arego/RC4K1_EN_100/7348.h5 in 109.36 seconds
2025-09-19 01:27:06,417 - INFO - Completed /viper/ptmp/arego/RC4K1_EN_100/7224.h5 in 112.06 seconds
2025-09-19 01:27:06,545 - INFO - Processing /viper/ptmp/arego/RC4K1/3599.h5
2025-09-19 01:27:06,735 - INFO - Processing /viper/ptmp/arego/RC4K1/27812.h5
2025-09-19 01:27:08,873 - INFO - Completed /viper/ptmp/arego/RC4K1_EN_100/25837.h5 in 51.99 seconds
2025-09-19 01:27:08,891 - INFO - File 24001: Filtered 9402454 hits and 7 records
2025-09-19 01:27:09,070 - INFO - Processing /viper/ptmp/arego/RC4K1/29094.h5
2025-09-19 01:27:09,752 - INFO - Completed /viper/ptmp/arego/RC4K1_EN_100/882.h5 in 107.55 seconds
2025-09-19 01:27:09,774 - INFO - Completed /viper/ptmp/arego/RC4K1_EN_100/705.h5 in 79.39 seconds
2025-09-19 01:27:10,047 - INFO - Processing /viper/ptmp/arego/RC4K1/24055.h5
2025-09-19 01:27:10,085 - INFO - Processing /viper/ptmp/arego/RC4K1/17362.h5
2025-09-19 01:27:15,822 - INFO - File 29069: Filtered 16494914 hits and 5 records
2025-09-19 01:27:18,744 - INFO - File 3599: Filtered 25094569 hits and 10 records
2025-09-19 01:27:19,187 - INFO - File 27812: Filtered 16818577 hits and 10 records
2025-09-19 01:27:22,427 - INFO - Completed /viper/ptmp/arego/RC4K1_EN_100/254.h5 in 50.45 seconds
2025-09-19 01:27:22,710 - INFO - Processing /viper/ptmp/arego/RC4K1/29236.h5
2025-09-19 01:27:22,717 - INFO - File 29094: Filtered 22241299 hits and 5 records
2025-09-19 01:27:23,149 - INFO - File 24055: Filtered 11983941 hits and 8 records
2025-09-19 01:27:24,161 - INFO - File 17362: Filtered 18060642 hits and 7 records
2025-09-19 01:27:26,009 - INFO - Completed /viper/ptmp/arego/RC4K1_EN_100/18695.h5 in 104.85 seconds
2025-09-19 01:27:26,210 - INFO - Processing /viper/ptmp/arego/RC4K1/27289.h5
2025-09-19 01:27:27,003 - INFO - Completed /viper/ptmp/arego/RC4K1_EN_100/29342.h5 in 80.17 seconds
2025-09-19 01:27:27,224 - INFO - Processing /viper/ptmp/arego/RC4K1/26899.h5
2025-09-19 01:27:31,130 - INFO - Completed /viper/ptmp/arego/RC4K1_EN_100/17532.h5 in 95.88 seconds
2025-09-19 01:27:31,345 - INFO - Processing /viper/ptmp/arego/RC4K1/21627.h5
2025-09-19 01:27:31,681 - INFO - File 29236: Filtered 15153929 hits and 7 records
2025-09-19 01:27:36,618 - INFO - File 26899: Filtered 15498038 hits and 8 records
2025-09-19 01:27:36,708 - INFO - File 27289: Filtered 30689642 hits and 8 records
2025-09-19 01:27:39,173 - INFO - Completed /viper/ptmp/arego/RC4K1_EN_100/19328.h5 in 51.87 seconds
2025-09-19 01:27:39,494 - INFO - Processing /viper/ptmp/arego/RC4K1/21370.h5
2025-09-19 01:27:40,459 - INFO - Completed /viper/ptmp/arego/RC4K1_EN_100/5948.h5 in 52.26 seconds
2025-09-19 01:27:40,698 - INFO - Processing /viper/ptmp/arego/RC4K1/12860.h5
2025-09-19 01:27:41,451 - INFO - File 21627: Filtered 13113707 hits and 5 records
2025-09-19 01:27:46,808 - INFO - Completed /viper/ptmp/arego/RC4K1_EN_100/15228.h5 in 113.09 seconds
2025-09-19 01:27:47,022 - INFO - Processing /viper/ptmp/arego/RC4K1/26814.h5
2025-09-19 01:27:48,238 - INFO - File 21370: Filtered 25893712 hits and 10 records
2025-09-19 01:27:49,294 - INFO - File 12860: Filtered 17618799 hits and 5 records
2025-09-19 01:27:50,580 - INFO - Completed /viper/ptmp/arego/RC4K1_EN_100/24191.h5 in 90.42 seconds
2025-09-19 01:27:50,780 - INFO - Processing /viper/ptmp/arego/RC4K1/10202.h5
2025-09-19 01:27:55,538 - INFO - File 26814: Filtered 13474780 hits and 6 records
2025-09-19 01:27:58,896 - INFO - File 10202: Filtered 12529918 hits and 5 records
2025-09-19 01:28:00,259 - INFO - Completed /viper/ptmp/arego/RC4K1_EN_100/3599.h5 in 53.71 seconds
2025-09-19 01:28:00,465 - INFO - Processing /viper/ptmp/arego/RC4K1/10634.h5
2025-09-19 01:28:08,729 - INFO - File 10634: Filtered 8307902 hits and 8 records
2025-09-19 01:28:16,994 - INFO - Completed /viper/ptmp/arego/RC4K1_EN_100/27289.h5 in 50.78 seconds
2025-09-19 01:28:17,166 - INFO - Processing /viper/ptmp/arego/RC4K1/13148.h5
2025-09-19 01:28:25,796 - INFO - File 13148: Filtered 13922768 hits and 6 records
2025-09-19 01:28:26,525 - INFO - Completed /viper/ptmp/arego/RC4K1_EN_100/29094.h5 in 77.45 seconds
2025-09-19 01:28:26,807 - INFO - Processing /viper/ptmp/arego/RC4K1/22466.h5
2025-09-19 01:28:35,199 - INFO - File 22466: Filtered 14769647 hits and 5 records
2025-09-19 01:28:35,426 - INFO - Completed /viper/ptmp/arego/RC4K1_EN_100/21370.h5 in 55.93 seconds
2025-09-19 01:28:35,649 - INFO - Processing /viper/ptmp/arego/RC4K1/12457.h5
2025-09-19 01:28:44,011 - INFO - File 12457: Filtered 15177278 hits and 9 records
2025-09-19 01:28:48,326 - INFO - Completed /viper/ptmp/arego/RC4K1_EN_100/29069.h5 in 103.00 seconds
2025-09-19 01:28:48,514 - INFO - Processing /viper/ptmp/arego/RC4K1/23987.h5
2025-09-19 01:28:56,706 - INFO - File 23987: Filtered 24936063 hits and 9 records
2025-09-19 01:28:56,730 - INFO - Completed /viper/ptmp/arego/RC4K1_EN_100/17362.h5 in 106.64 seconds
2025-09-19 01:28:56,950 - INFO - Processing /viper/ptmp/arego/RC4K1/28718.h5
2025-09-19 01:29:02,253 - INFO - Completed /viper/ptmp/arego/RC4K1_EN_100/27812.h5 in 115.52 seconds
2025-09-19 01:29:02,493 - INFO - Processing /viper/ptmp/arego/RC4K1/11161.h5
2025-09-19 01:29:05,371 - INFO - File 28718: Filtered 23270638 hits and 8 records
2025-09-19 01:29:11,304 - INFO - Completed /viper/ptmp/arego/RC4K1_EN_100/24492.h5 in 142.78 seconds
2025-09-19 01:29:11,556 - INFO - Processing /viper/ptmp/arego/RC4K1/18508.h5
2025-09-19 01:29:11,800 - INFO - File 11161: Filtered 11192277 hits and 7 records
2025-09-19 01:29:12,983 - INFO - Completed /viper/ptmp/arego/RC4K1_EN_100/26899.h5 in 105.76 seconds
2025-09-19 01:29:13,193 - INFO - Processing /viper/ptmp/arego/RC4K1/3595.h5
2025-09-19 01:29:21,211 - INFO - Completed /viper/ptmp/arego/RC4K1_EN_100/12860.h5 in 100.51 seconds
2025-09-19 01:29:21,447 - INFO - Processing /viper/ptmp/arego/RC4K1/21564.h5
2025-09-19 01:29:21,582 - INFO - File 18508: Filtered 18394802 hits and 8 records
2025-09-19 01:29:22,217 - INFO - File 3595: Filtered 14844628 hits and 7 records
2025-09-19 01:29:27,513 - INFO - Completed /viper/ptmp/arego/RC4K1_EN_100/29236.h5 in 124.80 seconds
2025-09-19 01:29:27,818 - INFO - Processing /viper/ptmp/arego/RC4K1/1306.h5
2025-09-19 01:29:30,379 - INFO - Completed /viper/ptmp/arego/RC4K1_EN_100/24055.h5 in 140.33 seconds
2025-09-19 01:29:30,487 - INFO - File 21564: Filtered 13972382 hits and 9 records
2025-09-19 01:29:30,585 - INFO - Processing /viper/ptmp/arego/RC4K1/6527.h5
2025-09-19 01:29:33,345 - INFO - Completed /viper/ptmp/arego/RC4K1_EN_100/24001.h5 in 153.47 seconds
2025-09-19 01:29:33,702 - INFO - Processing /viper/ptmp/arego/RC4K1/29682.h5
2025-09-19 01:29:38,376 - INFO - File 1306: Filtered 16687935 hits and 8 records
2025-09-19 01:29:42,311 - INFO - File 6527: Filtered 17833879 hits and 7 records
2025-09-19 01:29:45,236 - INFO - Completed /viper/ptmp/arego/RC4K1_EN_100/23987.h5 in 56.72 seconds
2025-09-19 01:29:45,438 - INFO - Processing /viper/ptmp/arego/RC4K1/24692.h5
2025-09-19 01:29:45,745 - INFO - File 29682: Filtered 21160588 hits and 7 records
2025-09-19 01:29:46,972 - INFO - Completed /viper/ptmp/arego/RC4K1_EN_100/21627.h5 in 135.63 seconds
2025-09-19 01:29:47,218 - INFO - Processing /viper/ptmp/arego/RC4K1/29830.h5
2025-09-19 01:29:49,006 - INFO - Completed /viper/ptmp/arego/RC4K1_EN_100/10202.h5 in 118.23 seconds
2025-09-19 01:29:49,286 - INFO - Processing /viper/ptmp/arego/RC4K1/11605.h5
2025-09-19 01:29:54,206 - INFO - File 24692: Filtered 22563271 hits and 8 records
2025-09-19 01:29:56,999 - INFO - File 29830: Filtered 29934669 hits and 7 records
2025-09-19 01:29:59,164 - INFO - File 11605: Filtered 20611129 hits and 4 records
2025-09-19 01:30:03,628 - INFO - Completed /viper/ptmp/arego/RC4K1_EN_100/26814.h5 in 136.61 seconds
2025-09-19 01:30:03,804 - INFO - Processing /viper/ptmp/arego/RC4K1/10804.h5
2025-09-19 01:30:04,903 - INFO - Completed /viper/ptmp/arego/RC4K1_EN_100/28718.h5 in 67.95 seconds
2025-09-19 01:30:05,091 - INFO - Processing /viper/ptmp/arego/RC4K1/3967.h5
2025-09-19 01:30:13,491 - INFO - File 10804: Filtered 17323949 hits and 7 records
2025-09-19 01:30:14,030 - INFO - File 3967: Filtered 23356946 hits and 7 records
2025-09-19 01:30:16,139 - INFO - Completed /viper/ptmp/arego/RC4K1_EN_100/22466.h5 in 109.33 seconds
2025-09-19 01:30:16,374 - INFO - Processing /viper/ptmp/arego/RC4K1/20840.h5
2025-09-19 01:30:20,658 - INFO - Completed /viper/ptmp/arego/RC4K1_EN_100/12457.h5 in 105.01 seconds
2025-09-19 01:30:20,839 - INFO - Processing /viper/ptmp/arego/RC4K1/18426.h5
2025-09-19 01:30:23,289 - INFO - Completed /viper/ptmp/arego/RC4K1_EN_100/13148.h5 in 126.12 seconds
2025-09-19 01:30:23,482 - INFO - Processing /viper/ptmp/arego/RC4K1/14445.h5
2025-09-19 01:30:24,548 - INFO - File 20840: Filtered 26855519 hits and 7 records
2025-09-19 01:30:25,045 - INFO - Completed /viper/ptmp/arego/RC4K1_EN_100/10634.h5 in 144.58 seconds
2025-09-19 01:30:25,251 - INFO - Processing /viper/ptmp/arego/RC4K1/9558.h5
2025-09-19 01:30:29,816 - INFO - File 18426: Filtered 19863988 hits and 8 records
2025-09-19 01:30:34,037 - INFO - File 14445: Filtered 16593737 hits and 9 records
2025-09-19 01:30:35,378 - INFO - File 9558: Filtered 30352120 hits and 10 records
2025-09-19 01:30:45,153 - INFO - Completed /viper/ptmp/arego/RC4K1_EN_100/29830.h5 in 57.94 seconds
2025-09-19 01:30:45,382 - INFO - Processing /viper/ptmp/arego/RC4K1/4700.h5
2025-09-19 01:30:55,739 - INFO - File 4700: Filtered 17577290 hits and 6 records
2025-09-19 01:31:01,966 - INFO - Completed /viper/ptmp/arego/RC4K1_EN_100/24692.h5 in 76.53 seconds
2025-09-19 01:31:02,213 - INFO - Processing /viper/ptmp/arego/RC4K1/1148.h5
2025-09-19 01:31:02,907 - INFO - Completed /viper/ptmp/arego/RC4K1_EN_100/18508.h5 in 111.35 seconds
2025-09-19 01:31:03,091 - INFO - Processing /viper/ptmp/arego/RC4K1/13558.h5
2025-09-19 01:31:04,022 - INFO - Completed /viper/ptmp/arego/RC4K1_EN_100/3595.h5 in 110.83 seconds
2025-09-19 01:31:04,210 - INFO - Processing /viper/ptmp/arego/RC4K1/23356.h5
2025-09-19 01:31:12,379 - INFO - File 1148: Filtered 27028111 hits and 8 records
2025-09-19 01:31:13,125 - INFO - Completed /viper/ptmp/arego/RC4K1_EN_100/9558.h5 in 47.87 seconds
2025-09-19 01:31:13,408 - INFO - Processing /viper/ptmp/arego/RC4K1/14580.h5
2025-09-19 01:31:13,814 - INFO - File 13558: Filtered 20743011 hits and 6 records
2025-09-19 01:31:15,734 - INFO - File 23356: Filtered 15887349 hits and 8 records
2025-09-19 01:31:16,006 - INFO - Completed /viper/ptmp/arego/RC4K1_EN_100/20840.h5 in 59.63 seconds
2025-09-19 01:31:16,242 - INFO - Processing /viper/ptmp/arego/RC4K1/150.h5
2025-09-19 01:31:16,960 - INFO - Completed /viper/ptmp/arego/RC4K1_EN_100/11605.h5 in 87.67 seconds
2025-09-19 01:31:17,247 - INFO - Processing /viper/ptmp/arego/RC4K1/25958.h5
2025-09-19 01:31:19,875 - INFO - Completed /viper/ptmp/arego/RC4K1_EN_100/29682.h5 in 106.17 seconds
2025-09-19 01:31:20,125 - INFO - Processing /viper/ptmp/arego/RC4K1/24671.h5
2025-09-19 01:31:22,248 - INFO - Completed /viper/ptmp/arego/RC4K1_EN_100/11161.h5 in 139.75 seconds
2025-09-19 01:31:22,488 - INFO - Processing /viper/ptmp/arego/RC4K1/5511.h5
2025-09-19 01:31:24,293 - INFO - File 14580: Filtered 13895160 hits and 6 records
2025-09-19 01:31:25,101 - INFO - Completed /viper/ptmp/arego/RC4K1_EN_100/3967.h5 in 80.01 seconds
2025-09-19 01:31:25,409 - INFO - Processing /viper/ptmp/arego/RC4K1/15543.h5
2025-09-19 01:31:26,287 - INFO - Completed /viper/ptmp/arego/RC4K1_EN_100/21564.h5 in 124.84 seconds
2025-09-19 01:31:26,828 - INFO - Processing /viper/ptmp/arego/RC4K1/1224.h5
2025-09-19 01:31:29,526 - INFO - File 150: Filtered 21701481 hits and 10 records
2025-09-19 01:31:30,786 - INFO - File 25958: Filtered 15831299 hits and 8 records
2025-09-19 01:31:31,137 - INFO - Completed /viper/ptmp/arego/RC4K1_EN_100/6527.h5 in 120.55 seconds
2025-09-19 01:31:31,454 - INFO - Processing /viper/ptmp/arego/RC4K1/16538.h5
2025-09-19 01:31:32,494 - INFO - File 24671: Filtered 20817967 hits and 4 records
2025-09-19 01:31:35,148 - INFO - Completed /viper/ptmp/arego/RC4K1_EN_100/1306.h5 in 127.33 seconds
2025-09-19 01:31:35,494 - INFO - Processing /viper/ptmp/arego/RC4K1/2488.h5
2025-09-19 01:31:35,604 - INFO - File 5511: Filtered 8966990 hits and 5 records
2025-09-19 01:31:40,501 - INFO - File 15543: Filtered 17658205 hits and 6 records
2025-09-19 01:31:41,337 - INFO - File 1224: Filtered 22842394 hits and 9 records
2025-09-19 01:31:44,386 - INFO - File 16538: Filtered 12598369 hits and 6 records
2025-09-19 01:31:47,555 - INFO - File 2488: Filtered 39546607 hits and 13 records
2025-09-19 01:31:58,274 - INFO - Completed /viper/ptmp/arego/RC4K1_EN_100/18426.h5 in 97.43 seconds
2025-09-19 01:31:58,461 - INFO - Processing /viper/ptmp/arego/RC4K1/28566.h5
2025-09-19 01:32:01,356 - INFO - Completed /viper/ptmp/arego/RC4K1_EN_100/2488.h5 in 25.86 seconds
2025-09-19 01:32:01,545 - INFO - Processing /viper/ptmp/arego/RC4K1/9631.h5
2025-09-19 01:32:06,759 - INFO - Completed /viper/ptmp/arego/RC4K1_EN_100/1148.h5 in 64.55 seconds
2025-09-19 01:32:06,954 - INFO - Processing /viper/ptmp/arego/RC4K1/29541.h5
2025-09-19 01:32:07,517 - INFO - File 28566: Filtered 27854172 hits and 10 records
2025-09-19 01:32:09,576 - INFO - Completed /viper/ptmp/arego/RC4K1_EN_100/10804.h5 in 125.77 seconds
2025-09-19 01:32:09,883 - INFO - Processing /viper/ptmp/arego/RC4K1/12571.h5
2025-09-19 01:32:10,951 - INFO - File 9631: Filtered 29520920 hits and 8 records
2025-09-19 01:32:16,281 - INFO - File 29541: Filtered 7277399 hits and 6 records
2025-09-19 01:32:19,729 - INFO - File 12571: Filtered 30302753 hits and 10 records
2025-09-19 01:32:33,759 - INFO - Completed /viper/ptmp/arego/RC4K1_EN_100/14445.h5 in 130.28 seconds
2025-09-19 01:32:33,981 - INFO - Processing /viper/ptmp/arego/RC4K1/14001.h5
2025-09-19 01:32:43,600 - INFO - File 14001: Filtered 17984526 hits and 6 records
2025-09-19 01:32:52,690 - INFO - Completed /viper/ptmp/arego/RC4K1_EN_100/13558.h5 in 109.60 seconds
2025-09-19 01:32:52,879 - INFO - Processing /viper/ptmp/arego/RC4K1/18491.h5
2025-09-19 01:32:53,181 - INFO - Completed /viper/ptmp/arego/RC4K1_EN_100/4700.h5 in 127.80 seconds
2025-09-19 01:32:53,668 - INFO - Processing /viper/ptmp/arego/RC4K1/14188.h5
2025-09-19 01:32:54,715 - INFO - Completed /viper/ptmp/arego/RC4K1_EN_100/150.h5 in 98.47 seconds
2025-09-19 01:32:54,905 - INFO - Processing /viper/ptmp/arego/RC4K1/12484.h5
2025-09-19 01:33:03,521 - INFO - Completed /viper/ptmp/arego/RC4K1_EN_100/9631.h5 in 61.98 seconds
2025-09-19 01:33:03,828 - INFO - Processing /viper/ptmp/arego/RC4K1/24185.h5
2025-09-19 01:33:05,695 - INFO - File 12484: Filtered 31829441 hits and 9 records
2025-09-19 01:33:05,721 - INFO - File 18491: Filtered 21930092 hits and 7 records
2025-09-19 01:33:06,318 - INFO - File 14188: Filtered 24085286 hits and 6 records
2025-09-19 01:33:10,096 - INFO - Completed /viper/ptmp/arego/RC4K1_EN_100/28566.h5 in 71.64 seconds
2025-09-19 01:33:10,332 - INFO - Processing /viper/ptmp/arego/RC4K1/22469.h5
2025-09-19 01:33:11,739 - INFO - Completed /viper/ptmp/arego/RC4K1_EN_100/1224.h5 in 104.91 seconds
2025-09-19 01:33:11,964 - INFO - Processing /viper/ptmp/arego/RC4K1/21446.h5
2025-09-19 01:33:12,254 - INFO - Completed /viper/ptmp/arego/RC4K1_EN_100/12571.h5 in 62.37 seconds
2025-09-19 01:33:12,490 - INFO - Processing /viper/ptmp/arego/RC4K1/24575.h5
2025-09-19 01:33:14,416 - INFO - File 24185: Filtered 16782532 hits and 5 records
2025-09-19 01:33:14,772 - INFO - Completed /viper/ptmp/arego/RC4K1_EN_100/23356.h5 in 130.56 seconds
2025-09-19 01:33:14,957 - INFO - Processing /viper/ptmp/arego/RC4K1/29375.h5
2025-09-19 01:33:15,612 - INFO - Completed /viper/ptmp/arego/RC4K1_EN_100/24671.h5 in 115.49 seconds
2025-09-19 01:33:15,875 - INFO - Processing /viper/ptmp/arego/RC4K1/3207.h5
2025-09-19 01:33:23,105 - INFO - File 22469: Filtered 13005038 hits and 7 records
2025-09-19 01:33:25,080 - INFO - File 24575: Filtered 21302925 hits and 7 records
2025-09-19 01:33:25,690 - INFO - File 21446: Filtered 25281731 hits and 7 records
2025-09-19 01:33:26,295 - INFO - Completed /viper/ptmp/arego/RC4K1_EN_100/25958.h5 in 129.05 seconds
2025-09-19 01:33:26,716 - INFO - Processing /viper/ptmp/arego/RC4K1/4582.h5
2025-09-19 01:33:28,664 - INFO - Completed /viper/ptmp/arego/RC4K1_EN_100/14580.h5 in 135.26 seconds
2025-09-19 01:33:29,167 - INFO - Processing /viper/ptmp/arego/RC4K1/18183.h5
2025-09-19 01:33:29,250 - INFO - File 29375: Filtered 17262784 hits and 8 records
2025-09-19 01:33:29,524 - INFO - File 3207: Filtered 16970615 hits and 9 records
2025-09-19 01:33:33,794 - INFO - Completed /viper/ptmp/arego/RC4K1_EN_100/15543.h5 in 128.39 seconds
2025-09-19 01:33:34,091 - INFO - Processing /viper/ptmp/arego/RC4K1/6014.h5
2025-09-19 01:33:37,721 - INFO - File 4582: Filtered 30535626 hits and 12 records
2025-09-19 01:33:39,754 - INFO - File 18183: Filtered 26342958 hits and 7 records
2025-09-19 01:33:44,626 - INFO - File 6014: Filtered 18847816 hits and 9 records
2025-09-19 01:33:49,370 - INFO - Completed /viper/ptmp/arego/RC4K1_EN_100/12484.h5 in 54.46 seconds
2025-09-19 01:33:49,546 - INFO - Processing /viper/ptmp/arego/RC4K1/15880.h5
2025-09-19 01:33:58,834 - INFO - File 15880: Filtered 21354298 hits and 10 records
2025-09-19 01:34:02,616 - INFO - Completed /viper/ptmp/arego/RC4K1_EN_100/16538.h5 in 151.16 seconds
2025-09-19 01:34:02,796 - INFO - Processing /viper/ptmp/arego/RC4K1/13685.h5
2025-09-19 01:34:12,271 - INFO - File 13685: Filtered 17069195 hits and 7 records
2025-09-19 01:34:18,883 - INFO - Completed /viper/ptmp/arego/RC4K1_EN_100/5511.h5 in 176.40 seconds
2025-09-19 01:34:19,071 - INFO - Processing /viper/ptmp/arego/RC4K1/25132.h5
2025-09-19 01:34:23,233 - INFO - Completed /viper/ptmp/arego/RC4K1_EN_100/4582.h5 in 56.52 seconds
2025-09-19 01:34:23,422 - INFO - Processing /viper/ptmp/arego/RC4K1/17851.h5
2025-09-19 01:34:28,765 - INFO - File 25132: Filtered 26360770 hits and 5 records
2025-09-19 01:34:32,932 - INFO - Completed /viper/ptmp/arego/RC4K1_EN_100/14188.h5 in 99.26 seconds
2025-09-19 01:34:33,224 - INFO - Processing /viper/ptmp/arego/RC4K1/12922.h5
2025-09-19 01:34:33,908 - INFO - File 17851: Filtered 26623437 hits and 8 records
2025-09-19 01:34:38,620 - INFO - Completed /viper/ptmp/arego/RC4K1_EN_100/14001.h5 in 124.64 seconds
2025-09-19 01:34:38,813 - INFO - Processing /viper/ptmp/arego/RC4K1/26382.h5
2025-09-19 01:34:42,354 - INFO - Completed /viper/ptmp/arego/RC4K1_EN_100/18491.h5 in 109.47 seconds
2025-09-19 01:34:42,567 - INFO - Processing /viper/ptmp/arego/RC4K1/14948.h5
2025-09-19 01:34:43,443 - INFO - File 12922: Filtered 18770697 hits and 8 records
2025-09-19 01:34:46,523 - INFO - Completed /viper/ptmp/arego/RC4K1_EN_100/21446.h5 in 94.56 seconds
2025-09-19 01:34:46,762 - INFO - Processing /viper/ptmp/arego/RC4K1/27376.h5
2025-09-19 01:34:50,282 - INFO - File 26382: Filtered 31954800 hits and 11 records
2025-09-19 01:34:54,220 - INFO - Completed /viper/ptmp/arego/RC4K1_EN_100/29541.h5 in 167.27 seconds
2025-09-19 01:34:54,391 - INFO - File 14948: Filtered 26425246 hits and 6 records
2025-09-19 01:34:54,583 - INFO - Processing /viper/ptmp/arego/RC4K1/29350.h5
2025-09-19 01:34:54,627 - INFO - Completed /viper/ptmp/arego/RC4K1_EN_100/18183.h5 in 85.46 seconds
2025-09-19 01:34:55,576 - INFO - Processing /viper/ptmp/arego/RC4K1/1655.h5
2025-09-19 01:34:57,779 - INFO - File 27376: Filtered 23575608 hits and 8 records
2025-09-19 01:35:06,040 - INFO - File 29350: Filtered 20942159 hits and 8 records
2025-09-19 01:35:07,066 - INFO - File 1655: Filtered 25231882 hits and 9 records
2025-09-19 01:35:10,307 - INFO - Completed /viper/ptmp/arego/RC4K1_EN_100/24575.h5 in 117.82 seconds
2025-09-19 01:35:10,534 - INFO - Processing /viper/ptmp/arego/RC4K1/12501.h5
2025-09-19 01:35:21,012 - INFO - Completed /viper/ptmp/arego/RC4K1_EN_100/24185.h5 in 137.18 seconds
2025-09-19 01:35:21,225 - INFO - Processing /viper/ptmp/arego/RC4K1/18941.h5
2025-09-19 01:35:22,709 - INFO - Completed /viper/ptmp/arego/RC4K1_EN_100/29375.h5 in 127.75 seconds
2025-09-19 01:35:22,970 - INFO - Processing /viper/ptmp/arego/RC4K1/6531.h5
2025-09-19 01:35:23,229 - INFO - File 12501: Filtered 8429110 hits and 5 records
2025-09-19 01:35:32,242 - INFO - File 18941: Filtered 37716559 hits and 6 records
2025-09-19 01:35:34,041 - INFO - File 6531: Filtered 23310970 hits and 8 records
2025-09-19 01:35:34,378 - INFO - Completed /viper/ptmp/arego/RC4K1_EN_100/3207.h5 in 138.50 seconds
2025-09-19 01:35:34,553 - INFO - Processing /viper/ptmp/arego/RC4K1/28495.h5
2025-09-19 01:35:38,115 - INFO - Completed /viper/ptmp/arego/RC4K1_EN_100/22469.h5 in 147.78 seconds
2025-09-19 01:35:38,296 - INFO - Processing /viper/ptmp/arego/RC4K1/21198.h5
2025-09-19 01:35:43,360 - INFO - Completed /viper/ptmp/arego/RC4K1_EN_100/6014.h5 in 129.27 seconds
2025-09-19 01:35:43,422 - INFO - Completed /viper/ptmp/arego/RC4K1_EN_100/15880.h5 in 113.88 seconds
2025-09-19 01:35:43,530 - INFO - Processing /viper/ptmp/arego/RC4K1/4523.h5
2025-09-19 01:35:44,099 - INFO - Processing /viper/ptmp/arego/RC4K1/15537.h5
2025-09-19 01:35:53,030 - INFO - File 28495: Filtered 25434124 hits and 7 records
2025-09-19 01:35:55,459 - INFO - File 21198: Filtered 29179079 hits and 8 records
2025-09-19 01:35:56,635 - INFO - File 4523: Filtered 27259083 hits and 7 records
2025-09-19 01:35:58,593 - INFO - Completed /viper/ptmp/arego/RC4K1_EN_100/25132.h5 in 99.52 seconds
2025-09-19 01:35:58,603 - INFO - Completed /viper/ptmp/arego/RC4K1_EN_100/26382.h5 in 79.79 seconds
2025-09-19 01:35:58,827 - INFO - Processing /viper/ptmp/arego/RC4K1/3284.h5
2025-09-19 01:35:59,011 - INFO - Completed /viper/ptmp/arego/RC4K1_EN_100/17851.h5 in 95.59 seconds
2025-09-19 01:35:59,295 - INFO - Processing /viper/ptmp/arego/RC4K1/17106.h5
2025-09-19 01:35:59,572 - INFO - Processing /viper/ptmp/arego/RC4K1/23961.h5
2025-09-19 01:36:01,625 - INFO - File 15537: Filtered 30106328 hits and 11 records
2025-09-19 01:36:11,553 - INFO - File 17106: Filtered 31753496 hits and 9 records
2025-09-19 01:36:12,255 - INFO - File 3284: Filtered 38199984 hits and 12 records
2025-09-19 01:36:13,745 - INFO - Completed /viper/ptmp/arego/RC4K1_EN_100/18941.h5 in 52.52 seconds
2025-09-19 01:36:14,053 - INFO - Processing /viper/ptmp/arego/RC4K1/4071.h5
2025-09-19 01:36:17,074 - INFO - File 23961: Filtered 25423799 hits and 9 records
2025-09-19 01:36:21,334 - INFO - Completed /viper/ptmp/arego/RC4K1_EN_100/13685.h5 in 138.54 seconds
2025-09-19 01:36:21,653 - INFO - Processing /viper/ptmp/arego/RC4K1/28655.h5
2025-09-19 01:36:24,374 - INFO - File 4071: Filtered 23071289 hits and 8 records
2025-09-19 01:36:30,627 - INFO - Completed /viper/ptmp/arego/RC4K1_EN_100/14948.h5 in 108.06 seconds
2025-09-19 01:36:30,867 - INFO - Processing /viper/ptmp/arego/RC4K1/5339.h5
2025-09-19 01:36:32,010 - INFO - File 28655: Filtered 24828275 hits and 7 records
2025-09-19 01:36:39,662 - INFO - Completed /viper/ptmp/arego/RC4K1_EN_100/27376.h5 in 112.90 seconds
2025-09-19 01:36:39,884 - INFO - Processing /viper/ptmp/arego/RC4K1/29737.h5
2025-09-19 01:36:41,755 - INFO - File 5339: Filtered 22129809 hits and 7 records
2025-09-19 01:36:46,883 - INFO - Completed /viper/ptmp/arego/RC4K1_EN_100/3284.h5 in 48.06 seconds
2025-09-19 01:36:47,095 - INFO - Processing /viper/ptmp/arego/RC4K1/2271.h5
2025-09-19 01:36:47,224 - INFO - Completed /viper/ptmp/arego/RC4K1_EN_100/1655.h5 in 111.65 seconds
2025-09-19 01:36:47,491 - INFO - Processing /viper/ptmp/arego/RC4K1/20184.h5
2025-09-19 01:36:51,043 - INFO - File 29737: Filtered 7865798 hits and 7 records
2025-09-19 01:36:51,314 - INFO - Completed /viper/ptmp/arego/RC4K1_EN_100/12922.h5 in 138.09 seconds
2025-09-19 01:36:51,523 - INFO - Processing /viper/ptmp/arego/RC4K1/9042.h5
2025-09-19 01:36:59,384 - INFO - File 2271: Filtered 38027691 hits and 13 records
2025-09-19 01:37:01,131 - INFO - File 20184: Filtered 23304752 hits and 8 records
2025-09-19 01:37:04,332 - INFO - File 9042: Filtered 22581297 hits and 9 records
2025-09-19 01:37:06,030 - INFO - Completed /viper/ptmp/arego/RC4K1_EN_100/29350.h5 in 131.45 seconds
2025-09-19 01:37:06,243 - INFO - Processing /viper/ptmp/arego/RC4K1/2966.h5
2025-09-19 01:37:12,529 - INFO - Completed /viper/ptmp/arego/RC4K1_EN_100/21198.h5 in 94.23 seconds
2025-09-19 01:37:12,880 - INFO - Processing /viper/ptmp/arego/RC4K1/16891.h5
2025-09-19 01:37:14,920 - INFO - Completed /viper/ptmp/arego/RC4K1_EN_100/15537.h5 in 90.82 seconds
2025-09-19 01:37:15,192 - INFO - Processing /viper/ptmp/arego/RC4K1/13269.h5
2025-09-19 01:37:16,603 - INFO - File 2966: Filtered 21563025 hits and 10 records
2025-09-19 01:37:19,442 - INFO - Completed /viper/ptmp/arego/RC4K1_EN_100/17106.h5 in 80.15 seconds
2025-09-19 01:37:19,748 - INFO - Processing /viper/ptmp/arego/RC4K1/14874.h5
2025-09-19 01:37:22,568 - INFO - Completed /viper/ptmp/arego/RC4K1_EN_100/6531.h5 in 119.60 seconds
2025-09-19 01:37:22,914 - INFO - Processing /viper/ptmp/arego/RC4K1/17103.h5
2025-09-19 01:37:25,596 - INFO - Completed /viper/ptmp/arego/RC4K1_EN_100/4523.h5 in 102.07 seconds
2025-09-19 01:37:25,927 - INFO - Processing /viper/ptmp/arego/RC4K1/27012.h5
2025-09-19 01:37:26,046 - INFO - File 16891: Filtered 26507708 hits and 10 records
2025-09-19 01:37:28,232 - INFO - File 13269: Filtered 30175211 hits and 9 records
2025-09-19 01:37:29,259 - INFO - Completed /viper/ptmp/arego/RC4K1_EN_100/28495.h5 in 114.71 seconds
2025-09-19 01:37:29,507 - INFO - Processing /viper/ptmp/arego/RC4K1/26099.h5
2025-09-19 01:37:35,452 - INFO - File 14874: Filtered 24741056 hits and 10 records
2025-09-19 01:37:37,602 - INFO - File 17103: Filtered 40723662 hits and 8 records
2025-09-19 01:37:38,760 - INFO - Completed /viper/ptmp/arego/RC4K1_EN_100/2271.h5 in 51.66 seconds
2025-09-19 01:37:39,149 - INFO - Processing /viper/ptmp/arego/RC4K1/8549.h5
2025-09-19 01:37:41,181 - INFO - File 27012: Filtered 16688503 hits and 6 records
2025-09-19 01:37:42,133 - INFO - File 26099: Filtered 28089474 hits and 10 records
2025-09-19 01:37:50,410 - INFO - File 8549: Filtered 20945410 hits and 7 records
2025-09-19 01:37:51,686 - INFO - Completed /viper/ptmp/arego/RC4K1_EN_100/23961.h5 in 112.11 seconds
2025-09-19 01:37:51,880 - INFO - Processing /viper/ptmp/arego/RC4K1/23475.h5
2025-09-19 01:38:02,233 - INFO - File 23475: Filtered 27820399 hits and 6 records
2025-09-19 01:38:08,166 - INFO - Completed /viper/ptmp/arego/RC4K1_EN_100/4071.h5 in 114.11 seconds
2025-09-19 01:38:08,393 - INFO - Processing /viper/ptmp/arego/RC4K1/22845.h5
2025-09-19 01:38:11,100 - INFO - Completed /viper/ptmp/arego/RC4K1_EN_100/17103.h5 in 48.19 seconds
2025-09-19 01:38:11,289 - INFO - Processing /viper/ptmp/arego/RC4K1/13906.h5
2025-09-19 01:38:15,199 - INFO - Completed /viper/ptmp/arego/RC4K1_EN_100/28655.h5 in 113.55 seconds
2025-09-19 01:38:15,455 - INFO - Processing /viper/ptmp/arego/RC4K1/29145.h5
2025-09-19 01:38:19,680 - INFO - File 22845: Filtered 24304719 hits and 6 records
2025-09-19 01:38:23,753 - INFO - File 13906: Filtered 26098657 hits and 5 records
2025-09-19 01:38:24,244 - INFO - Completed /viper/ptmp/arego/RC4K1_EN_100/12501.h5 in 193.71 seconds
2025-09-19 01:38:24,503 - INFO - Processing /viper/ptmp/arego/RC4K1/28659.h5
2025-09-19 01:38:28,295 - INFO - File 29145: Filtered 29619279 hits and 11 records
2025-09-19 01:38:35,821 - INFO - File 28659: Filtered 32633631 hits and 10 records
2025-09-19 01:38:42,785 - INFO - Completed /viper/ptmp/arego/RC4K1_EN_100/5339.h5 in 131.92 seconds
2025-09-19 01:38:43,015 - INFO - Processing /viper/ptmp/arego/RC4K1/12730.h5
2025-09-19 01:38:52,869 - INFO - Completed /viper/ptmp/arego/RC4K1_EN_100/13269.h5 in 97.68 seconds
2025-09-19 01:38:53,096 - INFO - Processing /viper/ptmp/arego/RC4K1/18435.h5
2025-09-19 01:38:54,650 - INFO - File 12730: Filtered 20099772 hits and 7 records
2025-09-19 01:39:02,047 - INFO - Completed /viper/ptmp/arego/RC4K1_EN_100/20184.h5 in 134.56 seconds
2025-09-19 01:39:02,283 - INFO - Processing /viper/ptmp/arego/RC4K1/24279.h5
2025-09-19 01:39:02,597 - INFO - Completed /viper/ptmp/arego/RC4K1_EN_100/9042.h5 in 131.07 seconds
2025-09-19 01:39:02,801 - INFO - Processing /viper/ptmp/arego/RC4K1/27583.h5
2025-09-19 01:39:04,580 - INFO - File 18435: Filtered 24428642 hits and 7 records
2025-09-19 01:39:07,087 - INFO - Completed /viper/ptmp/arego/RC4K1_EN_100/16891.h5 in 114.21 seconds
2025-09-19 01:39:07,299 - INFO - Processing /viper/ptmp/arego/RC4K1/27004.h5
2025-09-19 01:39:16,474 - INFO - File 27583: Filtered 28582040 hits and 6 records
2025-09-19 01:39:16,485 - INFO - Completed /viper/ptmp/arego/RC4K1_EN_100/26099.h5 in 106.98 seconds
2025-09-19 01:39:16,752 - INFO - Processing /viper/ptmp/arego/RC4K1/19721.h5
2025-09-19 01:39:17,157 - INFO - Completed /viper/ptmp/arego/RC4K1_EN_100/2966.h5 in 130.91 seconds
2025-09-19 01:39:17,300 - INFO - File 24279: Filtered 30988895 hits and 14 records
2025-09-19 01:39:17,462 - INFO - Processing /viper/ptmp/arego/RC4K1/21876.h5
2025-09-19 01:39:21,749 - INFO - File 27004: Filtered 26821535 hits and 7 records
2025-09-19 01:39:31,096 - INFO - File 19721: Filtered 22306636 hits and 7 records
2025-09-19 01:39:31,124 - INFO - Completed /viper/ptmp/arego/RC4K1_EN_100/14874.h5 in 131.38 seconds
2025-09-19 01:39:31,356 - INFO - Processing /viper/ptmp/arego/RC4K1/27351.h5
2025-09-19 01:39:32,402 - INFO - File 21876: Filtered 23771916 hits and 8 records
2025-09-19 01:39:38,473 - INFO - Completed /viper/ptmp/arego/RC4K1_EN_100/23475.h5 in 106.59 seconds
2025-09-19 01:39:38,658 - INFO - Processing /viper/ptmp/arego/RC4K1/9164.h5
2025-09-19 01:39:43,586 - INFO - File 27351: Filtered 34176284 hits and 10 records
2025-09-19 01:39:50,220 - INFO - File 9164: Filtered 18584325 hits and 5 records
2025-09-19 01:39:58,430 - INFO - Completed /viper/ptmp/arego/RC4K1_EN_100/8549.h5 in 139.28 seconds
2025-09-19 01:39:58,612 - INFO - Processing /viper/ptmp/arego/RC4K1/1960.h5
2025-09-19 01:40:00,489 - INFO - Completed /viper/ptmp/arego/RC4K1_EN_100/28659.h5 in 95.99 seconds
2025-09-19 01:40:00,671 - INFO - Processing /viper/ptmp/arego/RC4K1/11206.h5
2025-09-19 01:40:01,278 - INFO - Completed /viper/ptmp/arego/RC4K1_EN_100/29145.h5 in 105.82 seconds
2025-09-19 01:40:01,460 - INFO - Processing /viper/ptmp/arego/RC4K1/17891.h5
2025-09-19 01:40:03,712 - INFO - Completed /viper/ptmp/arego/RC4K1_EN_100/29737.h5 in 203.83 seconds
2025-09-19 01:40:03,898 - INFO - Processing /viper/ptmp/arego/RC4K1/25573.h5
2025-09-19 01:40:08,772 - INFO - Completed /viper/ptmp/arego/RC4K1_EN_100/27012.h5 in 162.84 seconds
2025-09-19 01:40:09,003 - INFO - Processing /viper/ptmp/arego/RC4K1/8830.h5
2025-09-19 01:40:11,834 - INFO - File 1960: Filtered 38229278 hits and 9 records
2025-09-19 01:40:16,704 - INFO - File 11206: Filtered 27459557 hits and 8 records
2025-09-19 01:40:17,699 - INFO - File 17891: Filtered 25711075 hits and 10 records
2025-09-19 01:40:18,336 - INFO - File 25573: Filtered 30350039 hits and 7 records
2025-09-19 01:40:20,334 - INFO - Completed /viper/ptmp/arego/RC4K1_EN_100/22845.h5 in 131.94 seconds
2025-09-19 01:40:20,623 - INFO - Processing /viper/ptmp/arego/RC4K1/26844.h5
2025-09-19 01:40:24,268 - INFO - File 8830: Filtered 25216959 hits and 9 records
2025-09-19 01:40:24,890 - INFO - Completed /viper/ptmp/arego/RC4K1_EN_100/13906.h5 in 133.60 seconds
2025-09-19 01:40:25,099 - INFO - Processing /viper/ptmp/arego/RC4K1/20655.h5
2025-09-19 01:40:32,283 - INFO - File 26844: Filtered 27269684 hits and 9 records
2025-09-19 01:40:37,916 - INFO - File 20655: Filtered 38970222 hits and 10 records
2025-09-19 01:40:58,712 - INFO - Completed /viper/ptmp/arego/RC4K1_EN_100/24279.h5 in 116.43 seconds
2025-09-19 01:40:58,932 - INFO - Processing /viper/ptmp/arego/RC4K1/647.h5
2025-09-19 01:41:00,917 - INFO - Completed /viper/ptmp/arego/RC4K1_EN_100/27583.h5 in 118.12 seconds
2025-09-19 01:41:01,089 - INFO - Processing /viper/ptmp/arego/RC4K1/19478.h5
2025-09-19 01:41:08,013 - INFO - Completed /viper/ptmp/arego/RC4K1_EN_100/18435.h5 in 134.92 seconds
2025-09-19 01:41:08,279 - INFO - Processing /viper/ptmp/arego/RC4K1/15164.h5
2025-09-19 01:41:12,184 - INFO - File 647: Filtered 19394895 hits and 7 records
2025-09-19 01:41:12,934 - INFO - Completed /viper/ptmp/arego/RC4K1_EN_100/1960.h5 in 74.32 seconds
2025-09-19 01:41:13,112 - INFO - File 19478: Filtered 28805756 hits and 7 records
2025-09-19 01:41:13,143 - INFO - Processing /viper/ptmp/arego/RC4K1/739.h5
2025-09-19 01:41:13,242 - INFO - Completed /viper/ptmp/arego/RC4K1_EN_100/27351.h5 in 101.89 seconds
2025-09-19 01:41:13,634 - INFO - Processing /viper/ptmp/arego/RC4K1/20969.h5
2025-09-19 01:41:17,923 - INFO - Completed /viper/ptmp/arego/RC4K1_EN_100/12730.h5 in 154.91 seconds
2025-09-19 01:41:18,163 - INFO - Processing /viper/ptmp/arego/RC4K1/24939.h5
2025-09-19 01:41:24,762 - INFO - File 15164: Filtered 25286430 hits and 7 records
2025-09-19 01:41:27,623 - INFO - File 739: Filtered 24759676 hits and 11 records
2025-09-19 01:41:31,074 - INFO - Completed /viper/ptmp/arego/RC4K1_EN_100/27004.h5 in 143.77 seconds
2025-09-19 01:41:31,368 - INFO - Processing /viper/ptmp/arego/RC4K1/14680.h5
2025-09-19 01:41:31,597 - INFO - File 20969: Filtered 18983638 hits and 10 records
2025-09-19 01:41:34,009 - INFO - File 24939: Filtered 21319173 hits and 8 records
2025-09-19 01:41:46,413 - INFO - File 14680: Filtered 32490322 hits and 8 records
2025-09-19 01:41:49,757 - INFO - Completed /viper/ptmp/arego/RC4K1_EN_100/19721.h5 in 153.00 seconds
2025-09-19 01:41:49,947 - INFO - Processing /viper/ptmp/arego/RC4K1/3573.h5
2025-09-19 01:41:53,274 - INFO - Completed /viper/ptmp/arego/RC4K1_EN_100/21876.h5 in 155.81 seconds
2025-09-19 01:41:53,467 - INFO - Processing /viper/ptmp/arego/RC4K1/21194.h5
2025-09-19 01:41:55,259 - INFO - Completed /viper/ptmp/arego/RC4K1_EN_100/20655.h5 in 90.16 seconds
2025-09-19 01:41:55,500 - INFO - Processing /viper/ptmp/arego/RC4K1/8509.h5
2025-09-19 01:42:01,614 - INFO - File 3573: Filtered 34507992 hits and 10 records
2025-09-19 01:42:09,231 - INFO - File 21194: Filtered 34804383 hits and 10 records
2025-09-19 01:42:11,121 - INFO - File 8509: Filtered 29047037 hits and 7 records
2025-09-19 01:42:13,738 - INFO - Completed /viper/ptmp/arego/RC4K1_EN_100/11206.h5 in 133.07 seconds
2025-09-19 01:42:14,028 - INFO - Processing /viper/ptmp/arego/RC4K1/6024.h5
2025-09-19 01:42:14,051 - INFO - Completed /viper/ptmp/arego/RC4K1_EN_100/25573.h5 in 130.15 seconds
2025-09-19 01:42:14,302 - INFO - Processing /viper/ptmp/arego/RC4K1/4182.h5
2025-09-19 01:42:18,436 - INFO - Completed /viper/ptmp/arego/RC4K1_EN_100/17891.h5 in 136.98 seconds
2025-09-19 01:42:18,612 - INFO - Processing /viper/ptmp/arego/RC4K1/7498.h5
2025-09-19 01:42:26,272 - INFO - File 6024: Filtered 35439400 hits and 11 records
2025-09-19 01:42:26,917 - INFO - Completed /viper/ptmp/arego/RC4K1_EN_100/26844.h5 in 126.29 seconds
2025-09-19 01:42:27,263 - INFO - Processing /viper/ptmp/arego/RC4K1/19406.h5
2025-09-19 01:42:28,616 - INFO - File 4182: Filtered 29279223 hits and 8 records
2025-09-19 01:42:29,568 - INFO - Completed /viper/ptmp/arego/RC4K1_EN_100/9164.h5 in 170.91 seconds
2025-09-19 01:42:29,841 - INFO - Processing /viper/ptmp/arego/RC4K1/24153.h5
2025-09-19 01:42:31,667 - INFO - File 7498: Filtered 23363656 hits and 8 records
2025-09-19 01:42:40,700 - INFO - File 19406: Filtered 32836513 hits and 7 records
2025-09-19 01:42:42,359 - INFO - Completed /viper/ptmp/arego/RC4K1_EN_100/8830.h5 in 153.36 seconds
2025-09-19 01:42:42,577 - INFO - Processing /viper/ptmp/arego/RC4K1/18905.h5
2025-09-19 01:42:43,420 - INFO - File 24153: Filtered 20342145 hits and 7 records
2025-09-19 01:42:56,140 - INFO - File 18905: Filtered 22958657 hits and 5 records
2025-09-19 01:42:57,629 - INFO - Completed /viper/ptmp/arego/RC4K1_EN_100/19478.h5 in 116.54 seconds
2025-09-19 01:42:57,957 - INFO - Processing /viper/ptmp/arego/RC4K1/10287.h5
2025-09-19 01:43:10,165 - INFO - File 10287: Filtered 26454968 hits and 11 records
2025-09-19 01:43:19,885 - INFO - Completed /viper/ptmp/arego/RC4K1_EN_100/3573.h5 in 89.94 seconds
2025-09-19 01:43:20,120 - INFO - Processing /viper/ptmp/arego/RC4K1/25422.h5
2025-09-19 01:43:32,517 - INFO - File 25422: Filtered 20028309 hits and 6 records
2025-09-19 01:43:43,807 - INFO - Completed /viper/ptmp/arego/RC4K1_EN_100/739.h5 in 150.66 seconds
2025-09-19 01:43:43,988 - INFO - Processing /viper/ptmp/arego/RC4K1/20671.h5
2025-09-19 01:43:48,822 - INFO - Completed /viper/ptmp/arego/RC4K1_EN_100/6024.h5 in 94.79 seconds
2025-09-19 01:43:49,074 - INFO - Processing /viper/ptmp/arego/RC4K1/29574.h5
2025-09-19 01:43:56,257 - INFO - File 20671: Filtered 30976713 hits and 8 records
2025-09-19 01:44:03,163 - INFO - File 29574: Filtered 13290191 hits and 6 records
2025-09-19 01:44:03,497 - INFO - Completed /viper/ptmp/arego/RC4K1_EN_100/24939.h5 in 165.33 seconds
2025-09-19 01:44:03,715 - INFO - Processing /viper/ptmp/arego/RC4K1/23702.h5
2025-09-19 01:44:04,067 - INFO - Completed /viper/ptmp/arego/RC4K1_EN_100/15164.h5 in 175.79 seconds
2025-09-19 01:44:04,253 - INFO - Processing /viper/ptmp/arego/RC4K1/8173.h5
2025-09-19 01:44:06,743 - INFO - Completed /viper/ptmp/arego/RC4K1_EN_100/21194.h5 in 133.28 seconds
2025-09-19 01:44:06,997 - INFO - Processing /viper/ptmp/arego/RC4K1/24114.h5
2025-09-19 01:44:16,585 - INFO - Completed /viper/ptmp/arego/RC4K1_EN_100/14680.h5 in 165.22 seconds
2025-09-19 01:44:16,857 - INFO - Processing /viper/ptmp/arego/RC4K1/28982.h5
2025-09-19 01:44:17,462 - INFO - Completed /viper/ptmp/arego/RC4K1_EN_100/647.h5 in 198.53 seconds
2025-09-19 01:44:17,869 - INFO - Processing /viper/ptmp/arego/RC4K1/21081.h5
2025-09-19 01:44:18,621 - INFO - File 23702: Filtered 30402012 hits and 8 records
2025-09-19 01:44:22,642 - INFO - File 8173: Filtered 15383209 hits and 7 records
2025-09-19 01:44:23,559 - INFO - Completed /viper/ptmp/arego/RC4K1_EN_100/19406.h5 in 116.30 seconds
2025-09-19 01:44:23,809 - INFO - Processing /viper/ptmp/arego/RC4K1/1712.h5
2025-09-19 01:44:26,678 - INFO - File 24114: Filtered 26131933 hits and 5 records
2025-09-19 01:44:38,935 - INFO - Completed /viper/ptmp/arego/RC4K1_EN_100/8509.h5 in 163.43 seconds
2025-09-19 01:44:39,019 - INFO - File 28982: Filtered 23853768 hits and 5 records
2025-09-19 01:44:39,233 - INFO - Processing /viper/ptmp/arego/RC4K1/27219.h5
2025-09-19 01:44:39,238 - INFO - File 1712: Filtered 31109208 hits and 6 records
2025-09-19 01:44:39,850 - INFO - File 21081: Filtered 41764730 hits and 9 records
2025-09-19 01:44:44,958 - INFO - Completed /viper/ptmp/arego/RC4K1_EN_100/20969.h5 in 211.32 seconds
2025-09-19 01:44:45,222 - INFO - Processing /viper/ptmp/arego/RC4K1/26028.h5
2025-09-19 01:44:51,599 - INFO - Completed /viper/ptmp/arego/RC4K1_EN_100/7498.h5 in 152.99 seconds
2025-09-19 01:44:51,819 - INFO - Processing /viper/ptmp/arego/RC4K1/25835.h5
2025-09-19 01:45:00,636 - INFO - File 26028: Filtered 37083287 hits and 12 records
2025-09-19 01:45:03,662 - INFO - Completed /viper/ptmp/arego/RC4K1_EN_100/4182.h5 in 169.36 seconds
2025-09-19 01:45:03,987 - INFO - Processing /viper/ptmp/arego/RC4K1/8554.h5
2025-09-19 01:45:05,997 - INFO - File 25835: Filtered 17429432 hits and 8 records
2025-09-19 01:45:21,458 - INFO - Completed /viper/ptmp/arego/RC4K1_EN_100/10287.h5 in 143.50 seconds
2025-09-19 01:45:21,684 - INFO - Processing /viper/ptmp/arego/RC4K1/6159.h5
2025-09-19 01:45:22,089 - INFO - File 8554: Filtered 27495856 hits and 7 records
2025-09-19 01:45:23,476 - INFO - Completed /viper/ptmp/arego/RC4K1_EN_100/24153.h5 in 173.63 seconds
2025-09-19 01:45:23,861 - INFO - Processing /viper/ptmp/arego/RC4K1/17974.h5
2025-09-19 01:45:38,625 - INFO - File 6159: Filtered 29827173 hits and 7 records
2025-09-19 01:45:41,209 - INFO - File 17974: Filtered 28200719 hits and 8 records
2025-09-19 01:45:51,737 - INFO - Completed /viper/ptmp/arego/RC4K1_EN_100/20671.h5 in 127.75 seconds
2025-09-19 01:45:51,967 - INFO - Processing /viper/ptmp/arego/RC4K1/8186.h5
2025-09-19 01:45:53,655 - INFO - File 27219: Filtered 34333968 hits and 10 records
2025-09-19 01:46:06,522 - INFO - File 8186: Filtered 33668203 hits and 7 records
2025-09-19 01:46:14,349 - INFO - Completed /viper/ptmp/arego/RC4K1_EN_100/25422.h5 in 174.23 seconds
2025-09-19 01:46:14,556 - INFO - Processing /viper/ptmp/arego/RC4K1/1344.h5
2025-09-19 01:46:14,967 - INFO - Completed /viper/ptmp/arego/RC4K1_EN_100/18905.h5 in 212.39 seconds
2025-09-19 01:46:15,161 - INFO - Processing /viper/ptmp/arego/RC4K1/14664.h5
2025-09-19 01:46:23,286 - INFO - Completed /viper/ptmp/arego/RC4K1_EN_100/23702.h5 in 139.57 seconds
2025-09-19 01:46:23,641 - INFO - Processing /viper/ptmp/arego/RC4K1/28335.h5
2025-09-19 01:46:30,110 - INFO - File 1344: Filtered 41377506 hits and 7 records
2025-09-19 01:46:35,633 - INFO - File 14664: Filtered 20156252 hits and 6 records
2025-09-19 01:46:36,202 - INFO - Completed /viper/ptmp/arego/RC4K1_EN_100/21081.h5 in 138.33 seconds
2025-09-19 01:46:36,495 - INFO - Processing /viper/ptmp/arego/RC4K1/20093.h5
2025-09-19 01:46:39,459 - INFO - File 28335: Filtered 32346474 hits and 7 records
2025-09-19 01:46:41,554 - INFO - Completed /viper/ptmp/arego/RC4K1_EN_100/1712.h5 in 137.75 seconds
2025-09-19 01:46:41,814 - INFO - Processing /viper/ptmp/arego/RC4K1/6555.h5
2025-09-19 01:46:55,218 - INFO - File 20093: Filtered 35270186 hits and 8 records
2025-09-19 01:46:57,942 - INFO - File 6555: Filtered 25777573 hits and 11 records
2025-09-19 01:47:24,291 - INFO - Completed /viper/ptmp/arego/RC4K1_EN_100/26028.h5 in 159.07 seconds
2025-09-19 01:47:24,484 - INFO - Processing /viper/ptmp/arego/RC4K1/17876.h5
2025-09-19 01:47:30,559 - INFO - Completed /viper/ptmp/arego/RC4K1_EN_100/29574.h5 in 221.48 seconds
2025-09-19 01:47:30,762 - INFO - Processing /viper/ptmp/arego/RC4K1/22630.h5
2025-09-19 01:47:41,713 - INFO - File 17876: Filtered 22974072 hits and 8 records
2025-09-19 01:47:46,186 - INFO - File 22630: Filtered 35423027 hits and 8 records
2025-09-19 01:47:54,648 - INFO - Completed /viper/ptmp/arego/RC4K1_EN_100/6159.h5 in 152.96 seconds
2025-09-19 01:47:54,841 - INFO - Processing /viper/ptmp/arego/RC4K1/1478.h5
2025-09-19 01:48:00,321 - INFO - Completed /viper/ptmp/arego/RC4K1_EN_100/24114.h5 in 233.32 seconds
2025-09-19 01:48:00,529 - INFO - Processing /viper/ptmp/arego/RC4K1/2604.h5
2025-09-19 01:48:04,952 - INFO - Completed /viper/ptmp/arego/RC4K1_EN_100/1344.h5 in 110.40 seconds
2025-09-19 01:48:05,199 - INFO - Processing /viper/ptmp/arego/RC4K1/24623.h5
2025-09-19 01:48:05,854 - INFO - Completed /viper/ptmp/arego/RC4K1_EN_100/28982.h5 in 229.00 seconds
2025-09-19 01:48:06,067 - INFO - Processing /viper/ptmp/arego/RC4K1/5480.h5
2025-09-19 01:48:09,384 - INFO - File 1478: Filtered 12504301 hits and 6 records
2025-09-19 01:48:09,970 - INFO - Completed /viper/ptmp/arego/RC4K1_EN_100/8186.h5 in 138.00 seconds
2025-09-19 01:48:10,256 - INFO - Processing /viper/ptmp/arego/RC4K1/19641.h5
2025-09-19 01:48:18,874 - INFO - Completed /viper/ptmp/arego/RC4K1_EN_100/25835.h5 in 207.05 seconds
2025-09-19 01:48:19,240 - INFO - Processing /viper/ptmp/arego/RC4K1/6325.h5
2025-09-19 01:48:20,316 - INFO - File 2604: Filtered 28479103 hits and 9 records
2025-09-19 01:48:22,486 - INFO - Completed /viper/ptmp/arego/RC4K1_EN_100/17974.h5 in 178.62 seconds
2025-09-19 01:48:22,815 - INFO - Processing /viper/ptmp/arego/RC4K1/29976.h5
2025-09-19 01:48:24,946 - INFO - Completed /viper/ptmp/arego/RC4K1_EN_100/8173.h5 in 260.69 seconds
2025-09-19 01:48:25,057 - INFO - File 24623: Filtered 37732431 hits and 9 records
2025-09-19 01:48:25,251 - INFO - Processing /viper/ptmp/arego/RC4K1/27654.h5
2025-09-19 01:48:26,535 - INFO - File 5480: Filtered 24406973 hits and 6 records
2025-09-19 01:48:29,156 - INFO - File 19641: Filtered 47127958 hits and 9 records
2025-09-19 01:48:33,862 - INFO - Completed /viper/ptmp/arego/RC4K1_EN_100/8554.h5 in 209.87 seconds
2025-09-19 01:48:34,112 - INFO - Processing /viper/ptmp/arego/RC4K1/9030.h5
2025-09-19 01:48:40,824 - INFO - File 6325: Filtered 29559881 hits and 8 records
2025-09-19 01:48:42,034 - INFO - File 29976: Filtered 46148830 hits and 10 records
2025-09-19 01:48:43,563 - INFO - File 27654: Filtered 35964614 hits and 7 records
2025-09-19 01:48:52,033 - INFO - File 9030: Filtered 40334228 hits and 9 records
2025-09-19 01:49:01,643 - INFO - Completed /viper/ptmp/arego/RC4K1_EN_100/28335.h5 in 158.00 seconds
2025-09-19 01:49:01,827 - INFO - Processing /viper/ptmp/arego/RC4K1/26709.h5
2025-09-19 01:49:16,581 - INFO - File 26709: Filtered 22582566 hits and 8 records
2025-09-19 01:49:33,953 - INFO - Completed /viper/ptmp/arego/RC4K1_EN_100/20093.h5 in 177.46 seconds
2025-09-19 01:49:34,126 - INFO - Processing /viper/ptmp/arego/RC4K1/1483.h5
2025-09-19 01:49:49,212 - INFO - File 1483: Filtered 41287427 hits and 9 records
2025-09-19 01:49:49,258 - INFO - Completed /viper/ptmp/arego/RC4K1_EN_100/19641.h5 in 99.00 seconds
2025-09-19 01:49:49,452 - INFO - Processing /viper/ptmp/arego/RC4K1/14951.h5
2025-09-19 01:49:50,807 - INFO - Completed /viper/ptmp/arego/RC4K1_EN_100/22630.h5 in 140.05 seconds
2025-09-19 01:49:51,009 - INFO - Processing /viper/ptmp/arego/RC4K1/4288.h5
2025-09-19 01:49:53,618 - INFO - Completed /viper/ptmp/arego/RC4K1_EN_100/6555.h5 in 191.80 seconds
2025-09-19 01:49:53,834 - INFO - Processing /viper/ptmp/arego/RC4K1/4835.h5
2025-09-19 01:50:08,497 - INFO - File 14951: Filtered 18662303 hits and 5 records
2025-09-19 01:50:11,700 - INFO - File 4288: Filtered 23260070 hits and 6 records
2025-09-19 01:50:13,985 - INFO - File 4835: Filtered 24638647 hits and 6 records
2025-09-19 01:50:15,576 - INFO - Completed /viper/ptmp/arego/RC4K1_EN_100/29976.h5 in 112.76 seconds
2025-09-19 01:50:15,893 - INFO - Processing /viper/ptmp/arego/RC4K1/21499.h5
2025-09-19 01:50:32,737 - INFO - File 21499: Filtered 14137030 hits and 5 records
2025-09-19 01:50:35,505 - INFO - Completed /viper/ptmp/arego/RC4K1_EN_100/14664.h5 in 260.34 seconds
2025-09-19 01:50:35,794 - INFO - Processing /viper/ptmp/arego/RC4K1/13216.h5
2025-09-19 01:50:36,897 - INFO - Completed /viper/ptmp/arego/RC4K1_EN_100/24623.h5 in 151.70 seconds
2025-09-19 01:50:37,087 - INFO - Processing /viper/ptmp/arego/RC4K1/17270.h5
2025-09-19 01:50:55,013 - INFO - File 17270: Filtered 47219107 hits and 5 records
2025-09-19 01:50:55,283 - INFO - File 13216: Filtered 35985506 hits and 9 records
2025-09-19 01:51:12,182 - INFO - Completed /viper/ptmp/arego/RC4K1_EN_100/17876.h5 in 227.70 seconds
2025-09-19 01:51:12,382 - INFO - Processing /viper/ptmp/arego/RC4K1/25398.h5
2025-09-19 01:51:13,187 - INFO - Completed /viper/ptmp/arego/RC4K1_EN_100/9030.h5 in 159.08 seconds
2025-09-19 01:51:13,376 - INFO - Processing /viper/ptmp/arego/RC4K1/13992.h5
2025-09-19 01:51:26,000 - INFO - Completed /viper/ptmp/arego/RC4K1_EN_100/27654.h5 in 180.75 seconds
2025-09-19 01:51:26,309 - INFO - Processing /viper/ptmp/arego/RC4K1/23842.h5
2025-09-19 01:51:27,911 - INFO - Completed /viper/ptmp/arego/RC4K1_EN_100/6325.h5 in 188.67 seconds
2025-09-19 01:51:28,134 - INFO - Processing /viper/ptmp/arego/RC4K1/17854.h5
2025-09-19 01:51:31,374 - INFO - File 25398: Filtered 27586675 hits and 8 records
2025-09-19 01:51:32,538 - INFO - File 13992: Filtered 28675123 hits and 10 records
2025-09-19 01:51:38,862 - INFO - Completed /viper/ptmp/arego/RC4K1_EN_100/2604.h5 in 218.33 seconds
2025-09-19 01:51:39,231 - INFO - Processing /viper/ptmp/arego/RC4K1/9693.h5
2025-09-19 01:51:46,692 - INFO - File 17854: Filtered 24697526 hits and 6 records
2025-09-19 01:51:47,519 - INFO - File 23842: Filtered 47636104 hits and 11 records
2025-09-19 01:51:58,800 - INFO - File 9693: Filtered 52091736 hits and 8 records
2025-09-19 01:52:07,393 - INFO - Completed /viper/ptmp/arego/RC4K1_EN_100/1483.h5 in 153.27 seconds
2025-09-19 01:52:07,616 - INFO - Processing /viper/ptmp/arego/RC4K1/18482.h5
2025-09-19 01:52:11,755 - INFO - Completed /viper/ptmp/arego/RC4K1_EN_100/5480.h5 in 245.69 seconds
2025-09-19 01:52:11,935 - INFO - Processing /viper/ptmp/arego/RC4K1/28748.h5
2025-09-19 01:52:26,936 - INFO - File 18482: Filtered 43806627 hits and 5 records
2025-09-19 01:52:29,481 - INFO - Completed /viper/ptmp/arego/RC4K1_EN_100/1478.h5 in 274.64 seconds
2025-09-19 01:52:29,723 - INFO - Processing /viper/ptmp/arego/RC4K1/22504.h5
2025-09-19 01:52:32,116 - INFO - File 28748: Filtered 22701890 hits and 4 records
2025-09-19 01:52:36,072 - INFO - Completed /viper/ptmp/arego/RC4K1_EN_100/26709.h5 in 214.24 seconds
2025-09-19 01:52:36,287 - INFO - Processing /viper/ptmp/arego/RC4K1/12894.h5
2025-09-19 01:52:38,418 - INFO - Completed /viper/ptmp/arego/RC4K1_EN_100/17270.h5 in 121.33 seconds
2025-09-19 01:52:38,655 - INFO - Processing /viper/ptmp/arego/RC4K1/834.h5
2025-09-19 01:52:55,070 - INFO - File 22504: Filtered 20168531 hits and 5 records
2025-09-19 01:52:56,074 - INFO - File 12894: Filtered 31863663 hits and 6 records
2025-09-19 01:52:58,622 - INFO - File 834: Filtered 21944195 hits and 6 records
2025-09-19 01:53:42,384 - INFO - Completed /viper/ptmp/arego/RC4K1_EN_100/4835.h5 in 228.55 seconds
2025-09-19 01:53:42,694 - INFO - Processing /viper/ptmp/arego/RC4K1/28465.h5
2025-09-19 01:53:43,605 - INFO - Completed /viper/ptmp/arego/RC4K1_EN_100/13216.h5 in 187.81 seconds
2025-09-19 01:53:43,801 - INFO - Processing /viper/ptmp/arego/RC4K1/5983.h5
2025-09-19 01:53:47,466 - INFO - Completed /viper/ptmp/arego/RC4K1_EN_100/4288.h5 in 236.46 seconds
2025-09-19 01:53:47,662 - INFO - Processing /viper/ptmp/arego/RC4K1/19945.h5
2025-09-19 01:53:53,725 - INFO - Completed /viper/ptmp/arego/RC4K1_EN_100/23842.h5 in 147.42 seconds
2025-09-19 01:53:54,062 - INFO - Processing /viper/ptmp/arego/RC4K1/3297.h5
2025-09-19 01:53:58,471 - INFO - Completed /viper/ptmp/arego/RC4K1_EN_100/9693.h5 in 139.24 seconds
2025-09-19 01:53:58,751 - INFO - Processing /viper/ptmp/arego/RC4K1/16025.h5
2025-09-19 01:54:02,096 - INFO - File 28465: Filtered 25386690 hits and 5 records
2025-09-19 01:54:02,140 - INFO - Completed /viper/ptmp/arego/RC4K1_EN_100/14951.h5 in 252.69 seconds
2025-09-19 01:54:02,397 - INFO - Processing /viper/ptmp/arego/RC4K1/12834.h5
2025-09-19 01:54:05,742 - INFO - File 5983: Filtered 43351093 hits and 6 records
2025-09-19 01:54:07,758 - INFO - File 19945: Filtered 37502478 hits and 8 records
2025-09-19 01:54:19,837 - INFO - File 3297: Filtered 42390015 hits and 10 records
2025-09-19 01:54:22,889 - INFO - File 12834: Filtered 43800529 hits and 11 records
2025-09-19 01:54:23,469 - INFO - File 16025: Filtered 83958976 hits and 8 records
2025-09-19 01:54:43,125 - INFO - Completed /viper/ptmp/arego/RC4K1_EN_100/16025.h5 in 44.37 seconds
2025-09-19 01:54:43,367 - INFO - Processing /viper/ptmp/arego/RC4K1/8817.h5
2025-09-19 01:54:50,199 - INFO - Completed /viper/ptmp/arego/RC4K1_EN_100/21499.h5 in 274.31 seconds
2025-09-19 01:54:50,397 - INFO - Processing /viper/ptmp/arego/RC4K1/28731.h5
2025-09-19 01:55:03,384 - INFO - File 8817: Filtered 32674262 hits and 7 records
2025-09-19 01:55:07,910 - INFO - File 28731: Filtered 44883611 hits and 6 records
2025-09-19 01:55:10,960 - INFO - Completed /viper/ptmp/arego/RC4K1_EN_100/13992.h5 in 237.58 seconds
2025-09-19 01:55:11,211 - INFO - Processing /viper/ptmp/arego/RC4K1/15339.h5
2025-09-19 01:55:12,113 - INFO - Completed /viper/ptmp/arego/RC4K1_EN_100/25398.h5 in 239.73 seconds
2025-09-19 01:55:12,339 - INFO - Processing /viper/ptmp/arego/RC4K1/7714.h5
2025-09-19 01:55:22,220 - INFO - Completed /viper/ptmp/arego/RC4K1_EN_100/18482.h5 in 194.60 seconds
2025-09-19 01:55:22,401 - INFO - Processing /viper/ptmp/arego/RC4K1/11476.h5
2025-09-19 01:55:23,955 - INFO - Completed /viper/ptmp/arego/RC4K1_EN_100/17854.h5 in 235.82 seconds
2025-09-19 01:55:24,162 - INFO - Processing /viper/ptmp/arego/RC4K1/25441.h5
2025-09-19 01:55:34,670 - INFO - File 15339: Filtered 47518145 hits and 8 records
2025-09-19 01:55:36,566 - INFO - File 7714: Filtered 48424080 hits and 10 records
2025-09-19 01:55:44,684 - INFO - File 25441: Filtered 18811453 hits and 5 records
2025-09-19 01:55:48,193 - INFO - File 11476: Filtered 56812986 hits and 7 records
2025-09-19 01:56:02,807 - INFO - Completed /viper/ptmp/arego/RC4K1_EN_100/12894.h5 in 206.52 seconds
2025-09-19 01:56:02,985 - INFO - Processing /viper/ptmp/arego/RC4K1/21948.h5
2025-09-19 01:56:20,660 - INFO - File 21948: Filtered 51310770 hits and 11 records
2025-09-19 01:56:46,035 - INFO - Completed /viper/ptmp/arego/RC4K1_EN_100/12834.h5 in 163.64 seconds
2025-09-19 01:56:46,273 - INFO - Processing /viper/ptmp/arego/RC4K1/13000.h5
2025-09-19 01:56:55,253 - INFO - Completed /viper/ptmp/arego/RC4K1_EN_100/834.h5 in 256.60 seconds
2025-09-19 01:56:55,471 - INFO - Processing /viper/ptmp/arego/RC4K1/2534.h5
2025-09-19 01:57:00,806 - INFO - Completed /viper/ptmp/arego/RC4K1_EN_100/28748.h5 in 288.87 seconds
2025-09-19 01:57:01,103 - INFO - Processing /viper/ptmp/arego/RC4K1/29712.h5
2025-09-19 01:57:03,379 - INFO - Completed /viper/ptmp/arego/RC4K1_EN_100/19945.h5 in 195.72 seconds
2025-09-19 01:57:03,607 - INFO - Processing /viper/ptmp/arego/RC4K1/14181.h5
2025-09-19 01:57:04,712 - INFO - File 13000: Filtered 31179788 hits and 6 records
2025-09-19 01:57:13,561 - INFO - Completed /viper/ptmp/arego/RC4K1_EN_100/5983.h5 in 209.76 seconds
2025-09-19 01:57:13,864 - INFO - Processing /viper/ptmp/arego/RC4K1/4809.h5
2025-09-19 01:57:18,283 - INFO - File 2534: Filtered 56808642 hits and 9 records
2025-09-19 01:57:25,848 - INFO - File 29712: Filtered 49197520 hits and 10 records
2025-09-19 01:57:27,570 - INFO - File 14181: Filtered 55012787 hits and 9 records
2025-09-19 01:57:30,759 - INFO - Completed /viper/ptmp/arego/RC4K1_EN_100/28731.h5 in 160.36 seconds
2025-09-19 01:57:30,998 - INFO - Processing /viper/ptmp/arego/RC4K1/15143.h5
2025-09-19 01:57:35,841 - INFO - Completed /viper/ptmp/arego/RC4K1_EN_100/3297.h5 in 221.78 seconds
2025-09-19 01:57:36,058 - INFO - Processing /viper/ptmp/arego/RC4K1/8051.h5
2025-09-19 01:57:39,423 - INFO - File 4809: Filtered 48636659 hits and 9 records
2025-09-19 01:57:52,879 - INFO - File 15143: Filtered 49482984 hits and 7 records
2025-09-19 01:57:59,918 - INFO - Completed /viper/ptmp/arego/RC4K1_EN_100/28465.h5 in 257.22 seconds
2025-09-19 01:58:00,142 - INFO - File 8051: Filtered 26530014 hits and 6 records
2025-09-19 01:58:00,165 - INFO - Processing /viper/ptmp/arego/RC4K1/4875.h5
2025-09-19 01:58:14,814 - INFO - Completed /viper/ptmp/arego/RC4K1_EN_100/22504.h5 in 345.09 seconds
2025-09-19 01:58:15,019 - INFO - Processing /viper/ptmp/arego/RC4K1/12528.h5
2025-09-19 01:58:20,882 - INFO - File 4875: Filtered 46559703 hits and 9 records
2025-09-19 01:58:34,055 - INFO - Completed /viper/ptmp/arego/RC4K1_EN_100/11476.h5 in 191.65 seconds
2025-09-19 01:58:34,273 - INFO - Processing /viper/ptmp/arego/RC4K1/19555.h5
2025-09-19 01:58:37,804 - INFO - File 12528: Filtered 67425321 hits and 10 records
2025-09-19 01:58:41,518 - INFO - Completed /viper/ptmp/arego/RC4K1_EN_100/21948.h5 in 158.53 seconds
2025-09-19 01:58:41,742 - INFO - Processing /viper/ptmp/arego/RC4K1/6052.h5
2025-09-19 01:58:48,670 - INFO - Completed /viper/ptmp/arego/RC4K1_EN_100/15339.h5 in 217.46 seconds
2025-09-19 01:58:48,945 - INFO - Processing /viper/ptmp/arego/RC4K1/11827.h5
2025-09-19 01:58:58,069 - INFO - File 19555: Filtered 40940200 hits and 9 records
2025-09-19 01:59:02,913 - INFO - Completed /viper/ptmp/arego/RC4K1_EN_100/7714.h5 in 230.57 seconds
2025-09-19 01:59:03,199 - INFO - Processing /viper/ptmp/arego/RC4K1/20892.h5
2025-09-19 01:59:09,046 - INFO - File 6052: Filtered 39351611 hits and 8 records
2025-09-19 01:59:15,336 - INFO - File 11827: Filtered 35944923 hits and 9 records
2025-09-19 01:59:21,010 - INFO - Completed /viper/ptmp/arego/RC4K1_EN_100/8817.h5 in 277.64 seconds
2025-09-19 01:59:21,306 - INFO - Processing /viper/ptmp/arego/RC4K1/14878.h5
2025-09-19 01:59:29,553 - INFO - File 20892: Filtered 40410991 hits and 10 records
2025-09-19 01:59:40,086 - INFO - Completed /viper/ptmp/arego/RC4K1_EN_100/2534.h5 in 164.62 seconds
2025-09-19 01:59:40,281 - INFO - Processing /viper/ptmp/arego/RC4K1/17625.h5
2025-09-19 01:59:45,930 - INFO - File 14878: Filtered 57483210 hits and 7 records
2025-09-19 02:00:02,822 - INFO - Completed /viper/ptmp/arego/RC4K1_EN_100/14181.h5 in 179.22 seconds
2025-09-19 02:00:03,028 - INFO - Processing /viper/ptmp/arego/RC4K1/13207.h5
2025-09-19 02:00:06,235 - INFO - File 17625: Filtered 64456619 hits and 11 records
2025-09-19 02:00:22,693 - INFO - Completed /viper/ptmp/arego/RC4K1_EN_100/25441.h5 in 298.53 seconds
2025-09-19 02:00:23,020 - INFO - Processing /viper/ptmp/arego/RC4K1/313.h5
2025-09-19 02:00:32,432 - INFO - File 13207: Filtered 59128150 hits and 10 records
2025-09-19 02:00:48,178 - INFO - Completed /viper/ptmp/arego/RC4K1_EN_100/29712.h5 in 227.07 seconds
2025-09-19 02:00:48,382 - INFO - Processing /viper/ptmp/arego/RC4K1/18292.h5
2025-09-19 02:00:50,098 - INFO - Completed /viper/ptmp/arego/RC4K1_EN_100/12528.h5 in 155.08 seconds
2025-09-19 02:00:54,134 - INFO - File 313: Filtered 74919699 hits and 9 records
2025-09-19 02:00:58,215 - INFO - Completed /viper/ptmp/arego/RC4K1_EN_100/15143.h5 in 207.22 seconds
2025-09-19 02:01:11,666 - INFO - File 18292: Filtered 44564579 hits and 10 records
2025-09-19 02:01:15,897 - INFO - Completed /viper/ptmp/arego/RC4K1_EN_100/4809.h5 in 242.03 seconds
2025-09-19 02:01:16,077 - INFO - Processing /viper/ptmp/arego/RC4K1/13361.h5
2025-09-19 02:01:16,415 - INFO - Completed /viper/ptmp/arego/RC4K1_EN_100/13000.h5 in 270.14 seconds
2025-09-19 02:01:19,974 - INFO - Completed /viper/ptmp/arego/RC4K1_EN_100/27219.h5 in 1000.74 seconds
2025-09-19 02:01:20,227 - INFO - Processing /viper/ptmp/arego/RC4K1/6701.h5
2025-09-19 02:01:39,794 - INFO - File 13361: Filtered 41192064 hits and 6 records
2025-09-19 02:01:44,724 - INFO - File 6701: Filtered 51544249 hits and 8 records
2025-09-19 02:01:49,645 - INFO - Completed /viper/ptmp/arego/RC4K1_EN_100/4875.h5 in 229.48 seconds
2025-09-19 02:02:53,604 - INFO - Completed /viper/ptmp/arego/RC4K1_EN_100/14878.h5 in 212.30 seconds
2025-09-19 02:02:53,784 - INFO - Processing /viper/ptmp/arego/RC4K1/10024.h5
2025-09-19 02:03:16,057 - INFO - File 10024: Filtered 51053629 hits and 7 records
2025-09-19 02:03:20,238 - INFO - Completed /viper/ptmp/arego/RC4K1_EN_100/19555.h5 in 285.97 seconds
2025-09-19 02:03:20,425 - INFO - Processing /viper/ptmp/arego/RC4K1/29042.h5
2025-09-19 02:03:26,635 - INFO - Completed /viper/ptmp/arego/RC4K1_EN_100/8051.h5 in 350.58 seconds
2025-09-19 02:03:26,815 - INFO - Processing /viper/ptmp/arego/RC4K1/18647.h5
2025-09-19 02:03:29,352 - INFO - Completed /viper/ptmp/arego/RC4K1_EN_100/17625.h5 in 229.07 seconds
2025-09-19 02:03:57,401 - INFO - File 29042: Filtered 61155625 hits and 7 records
2025-09-19 02:03:58,769 - INFO - File 18647: Filtered 46166712 hits and 8 records
2025-09-19 02:03:59,288 - INFO - Completed /viper/ptmp/arego/RC4K1_EN_100/11827.h5 in 310.34 seconds
2025-09-19 02:03:59,662 - INFO - Processing /viper/ptmp/arego/RC4K1/1457.h5
2025-09-19 02:04:00,041 - INFO - Completed /viper/ptmp/arego/RC4K1_EN_100/20892.h5 in 296.84 seconds
2025-09-19 02:04:00,489 - INFO - Processing /viper/ptmp/arego/RC4K1/24457.h5
2025-09-19 02:04:24,357 - INFO - Completed /viper/ptmp/arego/RC4K1_EN_100/6052.h5 in 342.62 seconds
2025-09-19 02:04:33,431 - INFO - File 1457: Filtered 44123268 hits and 9 records
2025-09-19 02:04:36,494 - INFO - File 24457: Filtered 65280976 hits and 10 records
2025-09-19 02:04:49,828 - INFO - Completed /viper/ptmp/arego/RC4K1_EN_100/313.h5 in 266.81 seconds
2025-09-19 02:05:16,522 - INFO - Completed /viper/ptmp/arego/RC4K1_EN_100/13207.h5 in 313.49 seconds
2025-09-19 02:05:18,437 - INFO - Completed /viper/ptmp/arego/RC4K1_EN_100/18292.h5 in 270.06 seconds
2025-09-19 02:05:44,202 - INFO - Completed /viper/ptmp/arego/RC4K1_EN_100/6701.h5 in 263.97 seconds
2025-09-19 02:06:16,605 - INFO - Completed /viper/ptmp/arego/RC4K1_EN_100/13361.h5 in 300.53 seconds
2025-09-19 02:07:33,947 - INFO - Completed /viper/ptmp/arego/RC4K1_EN_100/10024.h5 in 280.16 seconds
2025-09-19 02:08:27,504 - INFO - Completed /viper/ptmp/arego/RC4K1_EN_100/29042.h5 in 307.08 seconds
2025-09-19 02:09:41,458 - INFO - Completed /viper/ptmp/arego/RC4K1_EN_100/18647.h5 in 374.64 seconds
2025-09-19 02:10:08,339 - INFO - Completed /viper/ptmp/arego/RC4K1_EN_100/24457.h5 in 367.85 seconds
2025-09-19 02:10:11,782 - INFO - Completed /viper/ptmp/arego/RC4K1_EN_100/1457.h5 in 372.12 seconds
