2025-09-19 00:36:28,867 - INFO - Loaded skip configuration: 0 files to skip entirely, 35364 files with partial record skips
2025-09-19 00:36:28,876 - INFO - Loaded skip configuration: 0 files to skip entirely, 35364 files with partial record skips
2025-09-19 00:36:28,907 - INFO - Loaded skip configuration: 0 files to skip entirely, 35364 files with partial record skips
2025-09-19 00:36:29,007 - INFO - Loaded skip configuration: 0 files to skip entirely, 35364 files with partial record skips
2025-09-19 00:36:29,724 - INFO - Processing /viper/ptmp/arego/RC4K1/4105.h5
2025-09-19 00:36:29,759 - INFO - Processing /viper/ptmp/arego/RC4K1/29611.h5
2025-09-19 00:36:29,786 - INFO - Processing /viper/ptmp/arego/RC4K1/4034.h5
2025-09-19 00:36:29,836 - INFO - Processing /viper/ptmp/arego/RC4K1/24026.h5
2025-09-19 00:36:30,225 - INFO - Processing /viper/ptmp/arego/RC4K1/10195.h5
2025-09-19 00:36:30,263 - INFO - Processing /viper/ptmp/arego/RC4K1/7733.h5
2025-09-19 00:36:30,316 - INFO - File 24026: Filtered 587595 hits and 7 records
2025-09-19 00:36:30,319 - INFO - Processing /viper/ptmp/arego/RC4K1/23268.h5
2025-09-19 00:36:30,375 - INFO - Processing /viper/ptmp/arego/RC4K1/27175.h5
2025-09-19 00:36:30,420 - INFO - File 4105: Filtered 708481 hits and 7 records
2025-09-19 00:36:30,459 - INFO - File 4034: Filtered 1815271 hits and 6 records
2025-09-19 00:36:30,469 - INFO - File 29611: Filtered 754553 hits and 5 records
2025-09-19 00:36:30,751 - INFO - File 10195: Filtered 1537790 hits and 5 records
2025-09-19 00:36:30,806 - INFO - Processing /viper/ptmp/arego/RC4K1/29664.h5
2025-09-19 00:36:30,855 - INFO - File 7733: Filtered 1142801 hits and 8 records
2025-09-19 00:36:30,904 - INFO - Processing /viper/ptmp/arego/RC4K1/8457.h5
2025-09-19 00:36:30,914 - INFO - File 23268: Filtered 1311724 hits and 5 records
2025-09-19 00:36:30,916 - INFO - Processing /viper/ptmp/arego/RC4K1/13844.h5
2025-09-19 00:36:30,929 - INFO - File 27175: Filtered 839069 hits and 5 records
2025-09-19 00:36:30,963 - INFO - Processing /viper/ptmp/arego/RC4K1/26257.h5
2025-09-19 00:36:31,334 - INFO - File 29664: Filtered 1717817 hits and 4 records
2025-09-19 00:36:31,403 - INFO - Processing /viper/ptmp/arego/RC4K1/17943.h5
2025-09-19 00:36:31,479 - INFO - Processing /viper/ptmp/arego/RC4K1/727.h5
2025-09-19 00:36:31,491 - INFO - Processing /viper/ptmp/arego/RC4K1/9787.h5
2025-09-19 00:36:31,549 - INFO - File 13844: Filtered 668442 hits and 4 records
2025-09-19 00:36:31,563 - INFO - File 8457: Filtered 2308968 hits and 9 records
2025-09-19 00:36:31,598 - INFO - File 26257: Filtered 1523614 hits and 7 records
2025-09-19 00:36:31,649 - INFO - Processing /viper/ptmp/arego/RC4K1/25724.h5
2025-09-19 00:36:31,954 - INFO - File 17943: Filtered 1485379 hits and 4 records
2025-09-19 00:36:31,979 - INFO - Processing /viper/ptmp/arego/RC4K1/8131.h5
2025-09-19 00:36:32,037 - INFO - Processing /viper/ptmp/arego/RC4K1/6341.h5
2025-09-19 00:36:32,070 - INFO - Processing /viper/ptmp/arego/RC4K1/19508.h5
2025-09-19 00:36:32,108 - INFO - File 727: Filtered 1549332 hits and 4 records
2025-09-19 00:36:32,233 - INFO - Processing /viper/ptmp/arego/RC4K1/17733.h5
2025-09-19 00:36:32,243 - INFO - File 9787: Filtered 606107 hits and 3 records
2025-09-19 00:36:32,431 - INFO - Completed /viper/ptmp/arego/RC4K1_EN_100/4034.h5 in 2.64 seconds
2025-09-19 00:36:32,543 - INFO - File 25724: Filtered 2599686 hits and 6 records
2025-09-19 00:36:32,571 - INFO - Processing /viper/ptmp/arego/RC4K1/29704.h5
2025-09-19 00:36:32,629 - INFO - Processing /viper/ptmp/arego/RC4K1/8095.h5
2025-09-19 00:36:32,653 - INFO - File 8131: Filtered 815727 hits and 4 records
2025-09-19 00:36:32,669 - INFO - File 19508: Filtered 1099697 hits and 6 records
2025-09-19 00:36:32,755 - INFO - Processing /viper/ptmp/arego/RC4K1/11127.h5
2025-09-19 00:36:32,764 - INFO - File 6341: Filtered 1918163 hits and 7 records
2025-09-19 00:36:32,855 - INFO - Processing /viper/ptmp/arego/RC4K1/21117.h5
2025-09-19 00:36:33,174 - INFO - Processing /viper/ptmp/arego/RC4K1/15405.h5
2025-09-19 00:36:33,178 - INFO - File 17733: Filtered 2161466 hits and 7 records
2025-09-19 00:36:33,197 - INFO - Processing /viper/ptmp/arego/RC4K1/5538.h5
2025-09-19 00:36:33,336 - INFO - File 29704: Filtered 1864811 hits and 7 records
2025-09-19 00:36:33,401 - INFO - File 8095: Filtered 1188349 hits and 5 records
2025-09-19 00:36:33,408 - INFO - File 11127: Filtered 936410 hits and 5 records
2025-09-19 00:36:33,484 - INFO - Completed /viper/ptmp/arego/RC4K1_EN_100/29664.h5 in 2.68 seconds
2025-09-19 00:36:33,492 - INFO - Processing /viper/ptmp/arego/RC4K1/28060.h5
2025-09-19 00:36:33,508 - INFO - Processing /viper/ptmp/arego/RC4K1/28544.h5
2025-09-19 00:36:33,786 - INFO - File 21117: Filtered 601684 hits and 2 records
2025-09-19 00:36:33,830 - INFO - Processing /viper/ptmp/arego/RC4K1/29210.h5
2025-09-19 00:36:33,840 - INFO - Processing /viper/ptmp/arego/RC4K1/24950.h5
2025-09-19 00:36:34,009 - INFO - File 5538: Filtered 374095 hits and 4 records
2025-09-19 00:36:34,041 - INFO - File 15405: Filtered 1837395 hits and 9 records
2025-09-19 00:36:34,105 - INFO - File 28544: Filtered 1169563 hits and 5 records
2025-09-19 00:36:34,288 - INFO - Completed /viper/ptmp/arego/RC4K1_EN_100/10195.h5 in 4.06 seconds
2025-09-19 00:36:34,369 - INFO - Processing /viper/ptmp/arego/RC4K1/27627.h5
2025-09-19 00:36:34,374 - INFO - Processing /viper/ptmp/arego/RC4K1/28476.h5
2025-09-19 00:36:34,383 - INFO - Processing /viper/ptmp/arego/RC4K1/10931.h5
2025-09-19 00:36:34,477 - INFO - Processing /viper/ptmp/arego/RC4K1/10064.h5
2025-09-19 00:36:34,483 - INFO - Completed /viper/ptmp/arego/RC4K1_EN_100/24026.h5 in 4.65 seconds
2025-09-19 00:36:34,526 - INFO - File 28060: Filtered 1473409 hits and 6 records
2025-09-19 00:36:34,639 - INFO - File 29210: Filtered 2030976 hits and 8 records
2025-09-19 00:36:34,658 - INFO - Completed /viper/ptmp/arego/RC4K1_EN_100/23268.h5 in 4.34 seconds
2025-09-19 00:36:34,729 - INFO - File 24950: Filtered 2842793 hits and 6 records
2025-09-19 00:36:34,983 - INFO - Processing /viper/ptmp/arego/RC4K1/11450.h5
2025-09-19 00:36:35,017 - INFO - Completed /viper/ptmp/arego/RC4K1_EN_100/8457.h5 in 4.11 seconds
2025-09-19 00:36:35,023 - INFO - File 27627: Filtered 1733513 hits and 6 records
2025-09-19 00:36:35,106 - INFO - Processing /viper/ptmp/arego/RC4K1/14592.h5
2025-09-19 00:36:35,230 - INFO - Completed /viper/ptmp/arego/RC4K1_EN_100/25724.h5 in 3.58 seconds
2025-09-19 00:36:35,288 - INFO - File 10064: Filtered 2796506 hits and 6 records
2025-09-19 00:36:35,289 - INFO - File 28476: Filtered 2267149 hits and 7 records
2025-09-19 00:36:35,303 - INFO - Processing /viper/ptmp/arego/RC4K1/17377.h5
2025-09-19 00:36:35,515 - INFO - File 10931: Filtered 2704111 hits and 8 records
2025-09-19 00:36:35,815 - INFO - Processing /viper/ptmp/arego/RC4K1/29063.h5
2025-09-19 00:36:35,834 - INFO - Completed /viper/ptmp/arego/RC4K1_EN_100/4105.h5 in 6.11 seconds
2025-09-19 00:36:35,899 - INFO - File 14592: Filtered 1119118 hits and 4 records
2025-09-19 00:36:35,989 - INFO - Completed /viper/ptmp/arego/RC4K1_EN_100/17943.h5 in 4.59 seconds
2025-09-19 00:36:36,014 - INFO - Processing /viper/ptmp/arego/RC4K1/25895.h5
2025-09-19 00:36:36,065 - INFO - File 11450: Filtered 1783306 hits and 4 records
2025-09-19 00:36:36,201 - INFO - Processing /viper/ptmp/arego/RC4K1/9777.h5
2025-09-19 00:36:36,322 - INFO - Completed /viper/ptmp/arego/RC4K1_EN_100/727.h5 in 4.84 seconds
2025-09-19 00:36:36,420 - INFO - File 17377: Filtered 3193076 hits and 3 records
2025-09-19 00:36:36,639 - INFO - Processing /viper/ptmp/arego/RC4K1/4533.h5
2025-09-19 00:36:36,761 - INFO - Processing /viper/ptmp/arego/RC4K1/26102.h5
2025-09-19 00:36:36,848 - INFO - Completed /viper/ptmp/arego/RC4K1_EN_100/26257.h5 in 5.88 seconds
2025-09-19 00:36:36,862 - INFO - File 29063: Filtered 1273289 hits and 2 records
2025-09-19 00:36:36,863 - INFO - File 25895: Filtered 1944935 hits and 7 records
2025-09-19 00:36:36,927 - INFO - Completed /viper/ptmp/arego/RC4K1_EN_100/7733.h5 in 6.66 seconds
2025-09-19 00:36:37,219 - INFO - Processing /viper/ptmp/arego/RC4K1/19359.h5
2025-09-19 00:36:37,285 - INFO - File 9777: Filtered 1773480 hits and 3 records
2025-09-19 00:36:37,353 - INFO - Completed /viper/ptmp/arego/RC4K1_EN_100/27175.h5 in 6.98 seconds
2025-09-19 00:36:37,386 - INFO - File 4533: Filtered 1420573 hits and 6 records
2025-09-19 00:36:37,487 - INFO - Processing /viper/ptmp/arego/RC4K1/22271.h5
2025-09-19 00:36:37,724 - INFO - File 26102: Filtered 2406280 hits and 6 records
2025-09-19 00:36:37,758 - INFO - Completed /viper/ptmp/arego/RC4K1_EN_100/6341.h5 in 5.72 seconds
2025-09-19 00:36:37,914 - INFO - Completed /viper/ptmp/arego/RC4K1_EN_100/29611.h5 in 8.16 seconds
2025-09-19 00:36:37,959 - INFO - Processing /viper/ptmp/arego/RC4K1/16529.h5
2025-09-19 00:36:37,980 - INFO - Processing /viper/ptmp/arego/RC4K1/3751.h5
2025-09-19 00:36:38,299 - INFO - Processing /viper/ptmp/arego/RC4K1/25610.h5
2025-09-19 00:36:38,299 - INFO - Completed /viper/ptmp/arego/RC4K1_EN_100/24950.h5 in 4.46 seconds
2025-09-19 00:36:38,307 - INFO - File 22271: Filtered 1719931 hits and 6 records
2025-09-19 00:36:38,347 - INFO - File 19359: Filtered 2531477 hits and 7 records
2025-09-19 00:36:38,713 - INFO - Processing /viper/ptmp/arego/RC4K1/10864.h5
2025-09-19 00:36:39,016 - INFO - Completed /viper/ptmp/arego/RC4K1_EN_100/10064.h5 in 4.54 seconds
2025-09-19 00:36:39,045 - INFO - File 16529: Filtered 1226215 hits and 8 records
2025-09-19 00:36:39,128 - INFO - File 3751: Filtered 3367869 hits and 9 records
2025-09-19 00:36:39,156 - INFO - File 25610: Filtered 2321144 hits and 7 records
2025-09-19 00:36:39,172 - INFO - Completed /viper/ptmp/arego/RC4K1_EN_100/17733.h5 in 6.94 seconds
2025-09-19 00:36:39,195 - INFO - Processing /viper/ptmp/arego/RC4K1/20220.h5
2025-09-19 00:36:39,414 - INFO - Processing /viper/ptmp/arego/RC4K1/19180.h5
2025-09-19 00:36:39,415 - INFO - Completed /viper/ptmp/arego/RC4K1_EN_100/19508.h5 in 7.34 seconds
2025-09-19 00:36:39,645 - INFO - Processing /viper/ptmp/arego/RC4K1/1284.h5
2025-09-19 00:36:39,681 - INFO - Completed /viper/ptmp/arego/RC4K1_EN_100/27627.h5 in 5.31 seconds
2025-09-19 00:36:39,765 - INFO - File 10864: Filtered 3909180 hits and 2 records
2025-09-19 00:36:39,918 - INFO - Completed /viper/ptmp/arego/RC4K1_EN_100/28544.h5 in 6.41 seconds
2025-09-19 00:36:40,048 - INFO - Completed /viper/ptmp/arego/RC4K1_EN_100/29704.h5 in 7.48 seconds
2025-09-19 00:36:40,056 - INFO - Completed /viper/ptmp/arego/RC4K1_EN_100/13844.h5 in 9.14 seconds
2025-09-19 00:36:40,127 - INFO - File 20220: Filtered 1804961 hits and 6 records
2025-09-19 00:36:40,296 - INFO - Processing /viper/ptmp/arego/RC4K1/24906.h5
2025-09-19 00:36:40,438 - INFO - Completed /viper/ptmp/arego/RC4K1_EN_100/15405.h5 in 7.26 seconds
2025-09-19 00:36:40,487 - INFO - Processing /viper/ptmp/arego/RC4K1/16780.h5
2025-09-19 00:36:40,510 - INFO - File 1284: Filtered 1440957 hits and 3 records
2025-09-19 00:36:40,597 - INFO - Completed /viper/ptmp/arego/RC4K1_EN_100/17377.h5 in 5.29 seconds
2025-09-19 00:36:40,625 - INFO - File 19180: Filtered 3451733 hits and 6 records
2025-09-19 00:36:40,671 - INFO - Processing /viper/ptmp/arego/RC4K1/16124.h5
2025-09-19 00:36:40,676 - INFO - Completed /viper/ptmp/arego/RC4K1_EN_100/29210.h5 in 6.85 seconds
2025-09-19 00:36:40,867 - INFO - Processing /viper/ptmp/arego/RC4K1/17454.h5
2025-09-19 00:36:40,872 - INFO - Processing /viper/ptmp/arego/RC4K1/15096.h5
2025-09-19 00:36:41,008 - INFO - Completed /viper/ptmp/arego/RC4K1_EN_100/8131.h5 in 9.03 seconds
2025-09-19 00:36:41,138 - INFO - Completed /viper/ptmp/arego/RC4K1_EN_100/11127.h5 in 8.38 seconds
2025-09-19 00:36:41,307 - INFO - Completed /viper/ptmp/arego/RC4K1_EN_100/10931.h5 in 6.92 seconds
2025-09-19 00:36:41,325 - INFO - File 16780: Filtered 1921281 hits and 7 records
2025-09-19 00:36:41,333 - INFO - File 24906: Filtered 2293402 hits and 5 records
2025-09-19 00:36:41,378 - INFO - Processing /viper/ptmp/arego/RC4K1/14046.h5
2025-09-19 00:36:41,536 - INFO - Processing /viper/ptmp/arego/RC4K1/11876.h5
2025-09-19 00:36:41,641 - INFO - Processing /viper/ptmp/arego/RC4K1/20441.h5
2025-09-19 00:36:41,716 - INFO - Completed /viper/ptmp/arego/RC4K1_EN_100/8095.h5 in 9.09 seconds
2025-09-19 00:36:41,878 - INFO - File 16124: Filtered 1009935 hits and 4 records
2025-09-19 00:36:41,890 - INFO - Processing /viper/ptmp/arego/RC4K1/24856.h5
2025-09-19 00:36:41,917 - INFO - File 15096: Filtered 2512844 hits and 6 records
2025-09-19 00:36:42,075 - INFO - Processing /viper/ptmp/arego/RC4K1/14762.h5
2025-09-19 00:36:42,107 - INFO - File 17454: Filtered 4116927 hits and 7 records
2025-09-19 00:36:42,150 - INFO - File 14046: Filtered 2354575 hits and 4 records
2025-09-19 00:36:42,151 - INFO - Completed /viper/ptmp/arego/RC4K1_EN_100/9787.h5 in 10.66 seconds
2025-09-19 00:36:42,566 - INFO - File 11876: Filtered 1606590 hits and 6 records
2025-09-19 00:36:42,708 - INFO - Processing /viper/ptmp/arego/RC4K1/4482.h5
2025-09-19 00:36:42,828 - INFO - File 20441: Filtered 3776817 hits and 7 records
2025-09-19 00:36:42,947 - INFO - Processing /viper/ptmp/arego/RC4K1/18009.h5
2025-09-19 00:36:42,977 - INFO - File 24856: Filtered 4105916 hits and 6 records
2025-09-19 00:36:43,041 - INFO - File 14762: Filtered 2972331 hits and 7 records
2025-09-19 00:36:43,220 - INFO - Completed /viper/ptmp/arego/RC4K1_EN_100/28476.h5 in 8.85 seconds
2025-09-19 00:36:43,286 - INFO - Completed /viper/ptmp/arego/RC4K1_EN_100/10864.h5 in 4.57 seconds
2025-09-19 00:36:43,480 - INFO - Processing /viper/ptmp/arego/RC4K1/22844.h5
2025-09-19 00:36:43,914 - INFO - File 4482: Filtered 2740716 hits and 5 records
2025-09-19 00:36:43,980 - INFO - File 18009: Filtered 263793 hits and 4 records
2025-09-19 00:36:44,032 - INFO - Completed /viper/ptmp/arego/RC4K1_EN_100/4533.h5 in 7.39 seconds
2025-09-19 00:36:44,260 - INFO - Processing /viper/ptmp/arego/RC4K1/18181.h5
2025-09-19 00:36:44,445 - INFO - Processing /viper/ptmp/arego/RC4K1/11001.h5
2025-09-19 00:36:44,611 - INFO - Completed /viper/ptmp/arego/RC4K1_EN_100/28060.h5 in 11.12 seconds
2025-09-19 00:36:44,736 - INFO - File 22844: Filtered 931428 hits and 3 records
2025-09-19 00:36:44,795 - INFO - Processing /viper/ptmp/arego/RC4K1/17862.h5
2025-09-19 00:36:45,092 - INFO - File 18181: Filtered 3291708 hits and 7 records
2025-09-19 00:36:45,403 - INFO - Completed /viper/ptmp/arego/RC4K1_EN_100/25895.h5 in 9.39 seconds
2025-09-19 00:36:45,546 - INFO - Completed /viper/ptmp/arego/RC4K1_EN_100/25610.h5 in 7.25 seconds
2025-09-19 00:36:45,574 - INFO - Processing /viper/ptmp/arego/RC4K1/25.h5
2025-09-19 00:36:45,605 - INFO - Completed /viper/ptmp/arego/RC4K1_EN_100/26102.h5 in 8.84 seconds
2025-09-19 00:36:45,671 - INFO - File 11001: Filtered 3968154 hits and 7 records
2025-09-19 00:36:45,765 - INFO - Processing /viper/ptmp/arego/RC4K1/17789.h5
2025-09-19 00:36:45,950 - INFO - Completed /viper/ptmp/arego/RC4K1_EN_100/11450.h5 in 10.97 seconds
2025-09-19 00:36:46,042 - INFO - Completed /viper/ptmp/arego/RC4K1_EN_100/3751.h5 in 8.06 seconds
2025-09-19 00:36:46,102 - INFO - File 17862: Filtered 1066157 hits and 3 records
2025-09-19 00:36:46,103 - INFO - Completed /viper/ptmp/arego/RC4K1_EN_100/22271.h5 in 8.62 seconds
2025-09-19 00:36:46,114 - INFO - Processing /viper/ptmp/arego/RC4K1/25860.h5
2025-09-19 00:36:46,219 - INFO - Processing /viper/ptmp/arego/RC4K1/20374.h5
2025-09-19 00:36:46,243 - INFO - Processing /viper/ptmp/arego/RC4K1/25018.h5
2025-09-19 00:36:46,320 - INFO - Completed /viper/ptmp/arego/RC4K1_EN_100/5538.h5 in 13.12 seconds
2025-09-19 00:36:46,438 - INFO - Completed /viper/ptmp/arego/RC4K1_EN_100/17454.h5 in 5.57 seconds
2025-09-19 00:36:46,592 - INFO - Completed /viper/ptmp/arego/RC4K1_EN_100/24856.h5 in 4.70 seconds
2025-09-19 00:36:46,659 - INFO - Completed /viper/ptmp/arego/RC4K1_EN_100/19180.h5 in 7.25 seconds
2025-09-19 00:36:46,698 - INFO - Processing /viper/ptmp/arego/RC4K1/9527.h5
2025-09-19 00:36:46,753 - INFO - File 25: Filtered 483615 hits and 2 records
2025-09-19 00:36:46,756 - INFO - Processing /viper/ptmp/arego/RC4K1/14261.h5
2025-09-19 00:36:46,826 - INFO - Completed /viper/ptmp/arego/RC4K1_EN_100/14592.h5 in 11.72 seconds
2025-09-19 00:36:46,909 - INFO - File 17789: Filtered 1063539 hits and 6 records
2025-09-19 00:36:47,154 - INFO - Processing /viper/ptmp/arego/RC4K1/9606.h5
2025-09-19 00:36:47,212 - INFO - Processing /viper/ptmp/arego/RC4K1/26943.h5
2025-09-19 00:36:47,230 - INFO - File 25860: Filtered 5054583 hits and 7 records
2025-09-19 00:36:47,272 - INFO - Completed /viper/ptmp/arego/RC4K1_EN_100/19359.h5 in 10.05 seconds
2025-09-19 00:36:47,422 - INFO - File 20374: Filtered 2135483 hits and 6 records
2025-09-19 00:36:47,564 - INFO - File 25018: Filtered 3510740 hits and 6 records
2025-09-19 00:36:47,565 - INFO - Completed /viper/ptmp/arego/RC4K1_EN_100/14046.h5 in 6.19 seconds
2025-09-19 00:36:47,683 - INFO - Completed /viper/ptmp/arego/RC4K1_EN_100/21117.h5 in 14.83 seconds
2025-09-19 00:36:47,746 - INFO - Completed /viper/ptmp/arego/RC4K1_EN_100/9777.h5 in 11.54 seconds
2025-09-19 00:36:47,765 - INFO - Processing /viper/ptmp/arego/RC4K1/17999.h5
2025-09-19 00:36:47,766 - INFO - Processing /viper/ptmp/arego/RC4K1/7425.h5
2025-09-19 00:36:47,767 - INFO - File 9527: Filtered 3703351 hits and 9 records
2025-09-19 00:36:47,887 - INFO - File 14261: Filtered 4628986 hits and 7 records
2025-09-19 00:36:47,910 - INFO - Processing /viper/ptmp/arego/RC4K1/28216.h5
2025-09-19 00:36:47,980 - INFO - Completed /viper/ptmp/arego/RC4K1_EN_100/16780.h5 in 7.49 seconds
2025-09-19 00:36:48,046 - INFO - Completed /viper/ptmp/arego/RC4K1_EN_100/20441.h5 in 6.41 seconds
2025-09-19 00:36:48,353 - INFO - File 9606: Filtered 2780385 hits and 8 records
2025-09-19 00:36:48,428 - INFO - File 26943: Filtered 3299051 hits and 6 records
2025-09-19 00:36:48,548 - INFO - Processing /viper/ptmp/arego/RC4K1/5093.h5
2025-09-19 00:36:48,570 - INFO - Completed /viper/ptmp/arego/RC4K1_EN_100/18181.h5 in 4.31 seconds
2025-09-19 00:36:48,629 - INFO - Processing /viper/ptmp/arego/RC4K1/16028.h5
2025-09-19 00:36:48,670 - INFO - File 17999: Filtered 1446885 hits and 5 records
2025-09-19 00:36:48,781 - INFO - Completed /viper/ptmp/arego/RC4K1_EN_100/29063.h5 in 12.97 seconds
2025-09-19 00:36:48,945 - INFO - Processing /viper/ptmp/arego/RC4K1/20486.h5
2025-09-19 00:36:49,149 - INFO - Completed /viper/ptmp/arego/RC4K1_EN_100/14762.h5 in 7.07 seconds
2025-09-19 00:36:49,155 - INFO - File 28216: Filtered 3076351 hits and 5 records
2025-09-19 00:36:49,172 - INFO - File 7425: Filtered 3429001 hits and 8 records
2025-09-19 00:36:49,198 - INFO - Processing /viper/ptmp/arego/RC4K1/5155.h5
2025-09-19 00:36:49,205 - INFO - Processing /viper/ptmp/arego/RC4K1/8108.h5
2025-09-19 00:36:49,240 - INFO - Completed /viper/ptmp/arego/RC4K1_EN_100/25860.h5 in 3.13 seconds
2025-09-19 00:36:49,562 - INFO - File 16028: Filtered 2607838 hits and 7 records
2025-09-19 00:36:49,807 - INFO - Processing /viper/ptmp/arego/RC4K1/5738.h5
2025-09-19 00:36:49,880 - INFO - Processing /viper/ptmp/arego/RC4K1/7412.h5
2025-09-19 00:36:49,975 - INFO - Processing /viper/ptmp/arego/RC4K1/22004.h5
2025-09-19 00:36:50,082 - INFO - File 20486: Filtered 3614380 hits and 6 records
2025-09-19 00:36:50,095 - INFO - File 5093: Filtered 2314075 hits and 6 records
2025-09-19 00:36:50,161 - INFO - File 8108: Filtered 2340494 hits and 6 records
2025-09-19 00:36:50,533 - INFO - Processing /viper/ptmp/arego/RC4K1/21862.h5
2025-09-19 00:36:50,729 - INFO - File 5155: Filtered 2463054 hits and 5 records
2025-09-19 00:36:50,738 - INFO - Completed /viper/ptmp/arego/RC4K1_EN_100/24906.h5 in 10.44 seconds
2025-09-19 00:36:50,909 - INFO - Processing /viper/ptmp/arego/RC4K1/20947.h5
2025-09-19 00:36:50,918 - INFO - Completed /viper/ptmp/arego/RC4K1_EN_100/14261.h5 in 4.16 seconds
2025-09-19 00:36:50,952 - INFO - File 7412: Filtered 2980749 hits and 7 records
2025-09-19 00:36:51,138 - INFO - Completed /viper/ptmp/arego/RC4K1_EN_100/15096.h5 in 10.27 seconds
2025-09-19 00:36:51,151 - INFO - Processing /viper/ptmp/arego/RC4K1/5497.h5
2025-09-19 00:36:51,234 - INFO - File 5738: Filtered 3174739 hits and 4 records
2025-09-19 00:36:51,288 - INFO - File 22004: Filtered 2200135 hits and 6 records
2025-09-19 00:36:51,617 - INFO - Completed /viper/ptmp/arego/RC4K1_EN_100/9527.h5 in 4.92 seconds
2025-09-19 00:36:51,705 - INFO - Processing /viper/ptmp/arego/RC4K1/1838.h5
2025-09-19 00:36:51,886 - INFO - Processing /viper/ptmp/arego/RC4K1/23598.h5
2025-09-19 00:36:51,934 - INFO - Completed /viper/ptmp/arego/RC4K1_EN_100/11001.h5 in 7.49 seconds
2025-09-19 00:36:51,973 - INFO - File 21862: Filtered 3110918 hits and 5 records
2025-09-19 00:36:51,980 - INFO - Completed /viper/ptmp/arego/RC4K1_EN_100/1284.h5 in 12.34 seconds
2025-09-19 00:36:52,069 - INFO - File 20947: Filtered 2060796 hits and 5 records
2025-09-19 00:36:52,069 - INFO - Completed /viper/ptmp/arego/RC4K1_EN_100/20220.h5 in 12.87 seconds
2025-09-19 00:36:52,202 - INFO - Processing /viper/ptmp/arego/RC4K1/17620.h5
2025-09-19 00:36:52,342 - INFO - Processing /viper/ptmp/arego/RC4K1/14543.h5
2025-09-19 00:36:52,452 - INFO - File 5497: Filtered 3554744 hits and 9 records
2025-09-19 00:36:52,685 - INFO - Processing /viper/ptmp/arego/RC4K1/28879.h5
2025-09-19 00:36:53,028 - INFO - File 23598: Filtered 1878029 hits and 6 records
2025-09-19 00:36:53,082 - INFO - File 1838: Filtered 3063460 hits and 8 records
2025-09-19 00:36:53,405 - INFO - Completed /viper/ptmp/arego/RC4K1_EN_100/16529.h5 in 15.45 seconds
2025-09-19 00:36:53,446 - INFO - File 17620: Filtered 4992465 hits and 8 records
2025-09-19 00:36:53,571 - INFO - Processing /viper/ptmp/arego/RC4K1/3486.h5
2025-09-19 00:36:53,792 - INFO - File 28879: Filtered 1895480 hits and 8 records
2025-09-19 00:36:53,886 - INFO - File 14543: Filtered 3075765 hits and 4 records
2025-09-19 00:36:54,095 - INFO - Completed /viper/ptmp/arego/RC4K1_EN_100/4482.h5 in 11.39 seconds
2025-09-19 00:36:54,481 - INFO - Processing /viper/ptmp/arego/RC4K1/8274.h5
2025-09-19 00:36:54,730 - INFO - File 3486: Filtered 1198273 hits and 8 records
2025-09-19 00:36:55,392 - INFO - Completed /viper/ptmp/arego/RC4K1_EN_100/11876.h5 in 13.86 seconds
2025-09-19 00:36:55,561 - INFO - Processing /viper/ptmp/arego/RC4K1/27128.h5
2025-09-19 00:36:55,655 - INFO - File 8274: Filtered 3936576 hits and 11 records
2025-09-19 00:36:56,055 - INFO - Completed /viper/ptmp/arego/RC4K1_EN_100/25018.h5 in 9.81 seconds
2025-09-19 00:36:56,567 - INFO - Processing /viper/ptmp/arego/RC4K1/10517.h5
2025-09-19 00:36:56,899 - INFO - File 27128: Filtered 4189102 hits and 8 records
2025-09-19 00:36:57,111 - INFO - Completed /viper/ptmp/arego/RC4K1_EN_100/17620.h5 in 4.91 seconds
2025-09-19 00:36:57,233 - INFO - Completed /viper/ptmp/arego/RC4K1_EN_100/16124.h5 in 16.56 seconds
2025-09-19 00:36:57,262 - INFO - Processing /viper/ptmp/arego/RC4K1/20271.h5
2025-09-19 00:36:57,263 - INFO - Completed /viper/ptmp/arego/RC4K1_EN_100/26943.h5 in 10.05 seconds
2025-09-19 00:36:57,389 - INFO - Completed /viper/ptmp/arego/RC4K1_EN_100/16028.h5 in 8.76 seconds
2025-09-19 00:36:57,436 - INFO - Processing /viper/ptmp/arego/RC4K1/20850.h5
2025-09-19 00:36:57,593 - INFO - Processing /viper/ptmp/arego/RC4K1/27245.h5
2025-09-19 00:36:57,832 - INFO - Completed /viper/ptmp/arego/RC4K1_EN_100/20486.h5 in 8.89 seconds
2025-09-19 00:36:57,980 - INFO - File 10517: Filtered 3521808 hits and 7 records
2025-09-19 00:36:58,012 - INFO - Processing /viper/ptmp/arego/RC4K1/6222.h5
2025-09-19 00:36:58,462 - INFO - File 20271: Filtered 2185071 hits and 6 records
2025-09-19 00:36:58,579 - INFO - File 27245: Filtered 2087646 hits and 5 records
2025-09-19 00:36:58,613 - INFO - File 20850: Filtered 2605152 hits and 5 records
2025-09-19 00:36:58,726 - INFO - Processing /viper/ptmp/arego/RC4K1/4424.h5
2025-09-19 00:36:59,194 - INFO - Completed /viper/ptmp/arego/RC4K1_EN_100/28216.h5 in 11.28 seconds
2025-09-19 00:36:59,217 - INFO - File 6222: Filtered 3502411 hits and 8 records
2025-09-19 00:36:59,327 - INFO - Completed /viper/ptmp/arego/RC4K1_EN_100/7425.h5 in 11.56 seconds
2025-09-19 00:36:59,411 - INFO - Processing /viper/ptmp/arego/RC4K1/6820.h5
2025-09-19 00:36:59,450 - INFO - Completed /viper/ptmp/arego/RC4K1_EN_100/8108.h5 in 10.25 seconds
2025-09-19 00:36:59,525 - INFO - Processing /viper/ptmp/arego/RC4K1/23102.h5
2025-09-19 00:36:59,606 - INFO - Processing /viper/ptmp/arego/RC4K1/27029.h5
2025-09-19 00:36:59,874 - INFO - Completed /viper/ptmp/arego/RC4K1_EN_100/20374.h5 in 13.65 seconds
2025-09-19 00:36:59,948 - INFO - File 4424: Filtered 3205906 hits and 7 records
2025-09-19 00:36:59,981 - INFO - Completed /viper/ptmp/arego/RC4K1_EN_100/9606.h5 in 12.83 seconds
2025-09-19 00:37:00,001 - INFO - Completed /viper/ptmp/arego/RC4K1_EN_100/17999.h5 in 12.24 seconds
2025-09-19 00:37:00,202 - INFO - Processing /viper/ptmp/arego/RC4K1/21857.h5
2025-09-19 00:37:00,372 - INFO - Processing /viper/ptmp/arego/RC4K1/21067.h5
2025-09-19 00:37:00,428 - INFO - Completed /viper/ptmp/arego/RC4K1_EN_100/7412.h5 in 10.55 seconds
2025-09-19 00:37:00,526 - INFO - Processing /viper/ptmp/arego/RC4K1/846.h5
2025-09-19 00:37:00,597 - INFO - File 27029: Filtered 2443887 hits and 6 records
2025-09-19 00:37:00,862 - INFO - File 23102: Filtered 3677419 hits and 8 records
2025-09-19 00:37:00,865 - INFO - File 6820: Filtered 3203694 hits and 6 records
2025-09-19 00:37:01,082 - INFO - Processing /viper/ptmp/arego/RC4K1/9092.h5
2025-09-19 00:37:01,243 - INFO - File 21857: Filtered 4685568 hits and 10 records
2025-09-19 00:37:01,519 - INFO - Completed /viper/ptmp/arego/RC4K1_EN_100/5738.h5 in 11.71 seconds
2025-09-19 00:37:01,656 - INFO - Completed /viper/ptmp/arego/RC4K1_EN_100/5497.h5 in 10.51 seconds
2025-09-19 00:37:01,797 - INFO - Processing /viper/ptmp/arego/RC4K1/23889.h5
2025-09-19 00:37:01,820 - INFO - Completed /viper/ptmp/arego/RC4K1_EN_100/18009.h5 in 18.87 seconds
2025-09-19 00:37:01,823 - INFO - Processing /viper/ptmp/arego/RC4K1/17119.h5
2025-09-19 00:37:01,869 - INFO - File 21067: Filtered 6759941 hits and 8 records
2025-09-19 00:37:01,982 - INFO - Completed /viper/ptmp/arego/RC4K1_EN_100/17862.h5 in 17.19 seconds
2025-09-19 00:37:02,057 - INFO - Processing /viper/ptmp/arego/RC4K1/6114.h5
2025-09-19 00:37:02,109 - INFO - File 846: Filtered 3219023 hits and 11 records
2025-09-19 00:37:02,305 - INFO - File 9092: Filtered 3498391 hits and 7 records
2025-09-19 00:37:02,348 - INFO - Processing /viper/ptmp/arego/RC4K1/13432.h5
2025-09-19 00:37:02,669 - INFO - Completed /viper/ptmp/arego/RC4K1_EN_100/17789.h5 in 16.90 seconds
2025-09-19 00:37:02,890 - INFO - Completed /viper/ptmp/arego/RC4K1_EN_100/22844.h5 in 19.41 seconds
2025-09-19 00:37:02,995 - INFO - File 23889: Filtered 5270675 hits and 7 records
2025-09-19 00:37:03,046 - INFO - Processing /viper/ptmp/arego/RC4K1/24284.h5
2025-09-19 00:37:03,075 - INFO - File 17119: Filtered 2376505 hits and 5 records
2025-09-19 00:37:03,107 - INFO - Completed /viper/ptmp/arego/RC4K1_EN_100/8274.h5 in 8.63 seconds
2025-09-19 00:37:03,167 - INFO - Processing /viper/ptmp/arego/RC4K1/11286.h5
2025-09-19 00:37:03,362 - INFO - File 6114: Filtered 4517856 hits and 10 records
2025-09-19 00:37:03,623 - INFO - File 13432: Filtered 3611041 hits and 6 records
2025-09-19 00:37:03,627 - INFO - Completed /viper/ptmp/arego/RC4K1_EN_100/21067.h5 in 3.26 seconds
2025-09-19 00:37:03,821 - INFO - Processing /viper/ptmp/arego/RC4K1/25604.h5
2025-09-19 00:37:03,852 - INFO - Processing /viper/ptmp/arego/RC4K1/28976.h5
2025-09-19 00:37:03,947 - INFO - Completed /viper/ptmp/arego/RC4K1_EN_100/5155.h5 in 14.75 seconds
2025-09-19 00:37:04,021 - INFO - Completed /viper/ptmp/arego/RC4K1_EN_100/21862.h5 in 13.49 seconds
2025-09-19 00:37:04,124 - INFO - Processing /viper/ptmp/arego/RC4K1/13573.h5
2025-09-19 00:37:04,349 - INFO - File 24284: Filtered 2679064 hits and 7 records
2025-09-19 00:37:04,412 - INFO - File 11286: Filtered 3928990 hits and 6 records
2025-09-19 00:37:04,587 - INFO - Completed /viper/ptmp/arego/RC4K1_EN_100/22004.h5 in 14.61 seconds
2025-09-19 00:37:04,760 - INFO - Processing /viper/ptmp/arego/RC4K1/24557.h5
2025-09-19 00:37:04,811 - INFO - Completed /viper/ptmp/arego/RC4K1_EN_100/21857.h5 in 4.61 seconds
2025-09-19 00:37:04,844 - INFO - Processing /viper/ptmp/arego/RC4K1/14175.h5
2025-09-19 00:37:04,963 - INFO - Processing /viper/ptmp/arego/RC4K1/19979.h5
2025-09-19 00:37:05,293 - INFO - File 28976: Filtered 5794500 hits and 7 records
2025-09-19 00:37:05,385 - INFO - File 25604: Filtered 3717350 hits and 5 records
2025-09-19 00:37:05,450 - INFO - Completed /viper/ptmp/arego/RC4K1_EN_100/25.h5 in 19.88 seconds
2025-09-19 00:37:05,663 - INFO - File 13573: Filtered 3691069 hits and 5 records
2025-09-19 00:37:05,722 - INFO - Processing /viper/ptmp/arego/RC4K1/15723.h5
2025-09-19 00:37:06,032 - INFO - Completed /viper/ptmp/arego/RC4K1_EN_100/5093.h5 in 17.48 seconds
2025-09-19 00:37:06,076 - INFO - File 19979: Filtered 4761785 hits and 7 records
2025-09-19 00:37:06,162 - INFO - File 24557: Filtered 4968876 hits and 9 records
2025-09-19 00:37:06,173 - INFO - Completed /viper/ptmp/arego/RC4K1_EN_100/23889.h5 in 4.38 seconds
2025-09-19 00:37:06,263 - INFO - Processing /viper/ptmp/arego/RC4K1/13276.h5
2025-09-19 00:37:06,489 - INFO - File 14175: Filtered 2585954 hits and 6 records
2025-09-19 00:37:06,743 - INFO - Completed /viper/ptmp/arego/RC4K1_EN_100/1838.h5 in 15.04 seconds
2025-09-19 00:37:06,767 - INFO - Completed /viper/ptmp/arego/RC4K1_EN_100/23598.h5 in 14.88 seconds
2025-09-19 00:37:06,876 - INFO - Completed /viper/ptmp/arego/RC4K1_EN_100/20947.h5 in 15.97 seconds
2025-09-19 00:37:06,924 - INFO - Completed /viper/ptmp/arego/RC4K1_EN_100/27128.h5 in 11.36 seconds
2025-09-19 00:37:06,937 - INFO - Processing /viper/ptmp/arego/RC4K1/27877.h5
2025-09-19 00:37:06,981 - INFO - Processing /viper/ptmp/arego/RC4K1/23285.h5
2025-09-19 00:37:06,993 - INFO - Processing /viper/ptmp/arego/RC4K1/28026.h5
2025-09-19 00:37:07,222 - INFO - File 15723: Filtered 5550314 hits and 10 records
2025-09-19 00:37:07,642 - INFO - Processing /viper/ptmp/arego/RC4K1/24503.h5
2025-09-19 00:37:07,843 - INFO - File 13276: Filtered 6196434 hits and 9 records
2025-09-19 00:37:08,173 - INFO - File 27877: Filtered 1853436 hits and 7 records
2025-09-19 00:37:08,318 - INFO - Completed /viper/ptmp/arego/RC4K1_EN_100/14543.h5 in 15.98 seconds
2025-09-19 00:37:08,337 - INFO - Processing /viper/ptmp/arego/RC4K1/5891.h5
2025-09-19 00:37:08,523 - INFO - File 23285: Filtered 4276659 hits and 8 records
2025-09-19 00:37:08,590 - INFO - File 28026: Filtered 3546938 hits and 8 records
2025-09-19 00:37:08,675 - INFO - Completed /viper/ptmp/arego/RC4K1_EN_100/28976.h5 in 4.82 seconds
2025-09-19 00:37:08,881 - INFO - Processing /viper/ptmp/arego/RC4K1/9925.h5
2025-09-19 00:37:08,919 - INFO - Completed /viper/ptmp/arego/RC4K1_EN_100/28879.h5 in 16.23 seconds
2025-09-19 00:37:09,019 - INFO - Processing /viper/ptmp/arego/RC4K1/1441.h5
2025-09-19 00:37:09,039 - INFO - Completed /viper/ptmp/arego/RC4K1_EN_100/6222.h5 in 11.03 seconds
2025-09-19 00:37:09,200 - INFO - Processing /viper/ptmp/arego/RC4K1/1407.h5
2025-09-19 00:37:09,401 - INFO - File 24503: Filtered 3281599 hits and 5 records
2025-09-19 00:37:09,624 - INFO - Completed /viper/ptmp/arego/RC4K1_EN_100/6114.h5 in 7.57 seconds
2025-09-19 00:37:09,780 - INFO - Processing /viper/ptmp/arego/RC4K1/1612.h5
2025-09-19 00:37:09,864 - INFO - Completed /viper/ptmp/arego/RC4K1_EN_100/27245.h5 in 12.27 seconds
2025-09-19 00:37:10,060 - INFO - Processing /viper/ptmp/arego/RC4K1/21011.h5
2025-09-19 00:37:10,134 - INFO - File 5891: Filtered 279608 hits and 2 records
2025-09-19 00:37:10,526 - INFO - File 9925: Filtered 4182746 hits and 8 records
2025-09-19 00:37:10,619 - INFO - File 1407: Filtered 3356215 hits and 9 records
2025-09-19 00:37:10,721 - INFO - Completed /viper/ptmp/arego/RC4K1_EN_100/19979.h5 in 5.76 seconds
2025-09-19 00:37:10,845 - INFO - Processing /viper/ptmp/arego/RC4K1/20135.h5
2025-09-19 00:37:10,903 - INFO - File 1441: Filtered 7785297 hits and 8 records
2025-09-19 00:37:11,084 - INFO - Completed /viper/ptmp/arego/RC4K1_EN_100/23102.h5 in 11.56 seconds
2025-09-19 00:37:11,203 - INFO - Completed /viper/ptmp/arego/RC4K1_EN_100/27029.h5 in 11.60 seconds
2025-09-19 00:37:11,317 - INFO - Processing /viper/ptmp/arego/RC4K1/4083.h5
2025-09-19 00:37:11,360 - INFO - File 1612: Filtered 3723287 hits and 6 records
2025-09-19 00:37:11,368 - INFO - Processing /viper/ptmp/arego/RC4K1/22910.h5
2025-09-19 00:37:11,509 - INFO - File 21011: Filtered 3136079 hits and 8 records
2025-09-19 00:37:11,686 - INFO - Completed /viper/ptmp/arego/RC4K1_EN_100/3486.h5 in 18.12 seconds
2025-09-19 00:37:11,874 - INFO - Completed /viper/ptmp/arego/RC4K1_EN_100/10517.h5 in 15.31 seconds
2025-09-19 00:37:11,946 - INFO - Processing /viper/ptmp/arego/RC4K1/19202.h5
2025-09-19 00:37:11,954 - INFO - Processing /viper/ptmp/arego/RC4K1/8644.h5
2025-09-19 00:37:12,047 - INFO - Processing /viper/ptmp/arego/RC4K1/26555.h5
2025-09-19 00:37:12,127 - INFO - File 20135: Filtered 3050578 hits and 5 records
2025-09-19 00:37:12,223 - INFO - Completed /viper/ptmp/arego/RC4K1_EN_100/1441.h5 in 3.20 seconds
2025-09-19 00:37:12,237 - INFO - Completed /viper/ptmp/arego/RC4K1_EN_100/9092.h5 in 11.15 seconds
2025-09-19 00:37:12,319 - INFO - Completed /viper/ptmp/arego/RC4K1_EN_100/4424.h5 in 13.59 seconds
2025-09-19 00:37:12,490 - INFO - Completed /viper/ptmp/arego/RC4K1_EN_100/20850.h5 in 15.05 seconds
2025-09-19 00:37:12,541 - INFO - Completed /viper/ptmp/arego/RC4K1_EN_100/13276.h5 in 6.28 seconds
2025-09-19 00:37:12,674 - INFO - Processing /viper/ptmp/arego/RC4K1/22897.h5
2025-09-19 00:37:12,693 - INFO - Processing /viper/ptmp/arego/RC4K1/15274.h5
2025-09-19 00:37:12,707 - INFO - File 22910: Filtered 5537191 hits and 6 records
2025-09-19 00:37:12,708 - INFO - Processing /viper/ptmp/arego/RC4K1/17145.h5
2025-09-19 00:37:12,710 - INFO - Processing /viper/ptmp/arego/RC4K1/28263.h5
2025-09-19 00:37:13,083 - INFO - File 4083: Filtered 3992720 hits and 6 records
2025-09-19 00:37:13,269 - INFO - File 19202: Filtered 2715209 hits and 4 records
2025-09-19 00:37:13,507 - INFO - File 8644: Filtered 4460857 hits and 4 records
2025-09-19 00:37:13,644 - INFO - Completed /viper/ptmp/arego/RC4K1_EN_100/20271.h5 in 16.38 seconds
2025-09-19 00:37:13,662 - INFO - Processing /viper/ptmp/arego/RC4K1/310.h5
2025-09-19 00:37:13,662 - INFO - File 26555: Filtered 2707263 hits and 5 records
2025-09-19 00:37:13,730 - INFO - Completed /viper/ptmp/arego/RC4K1_EN_100/24557.h5 in 8.97 seconds
2025-09-19 00:37:13,921 - INFO - Processing /viper/ptmp/arego/RC4K1/14848.h5
2025-09-19 00:37:14,166 - INFO - File 22897: Filtered 5482691 hits and 8 records
2025-09-19 00:37:14,265 - INFO - File 17145: Filtered 5179728 hits and 10 records
2025-09-19 00:37:14,401 - INFO - File 15274: Filtered 6028349 hits and 8 records
2025-09-19 00:37:14,535 - INFO - Completed /viper/ptmp/arego/RC4K1_EN_100/13432.h5 in 12.19 seconds
2025-09-19 00:37:14,554 - INFO - Completed /viper/ptmp/arego/RC4K1_EN_100/846.h5 in 14.03 seconds
2025-09-19 00:37:14,754 - INFO - Processing /viper/ptmp/arego/RC4K1/7118.h5
2025-09-19 00:37:14,834 - INFO - Processing /viper/ptmp/arego/RC4K1/1754.h5
2025-09-19 00:37:15,151 - INFO - File 310: Filtered 4678559 hits and 8 records
2025-09-19 00:37:15,287 - INFO - Completed /viper/ptmp/arego/RC4K1_EN_100/11286.h5 in 12.12 seconds
2025-09-19 00:37:15,437 - INFO - File 14848: Filtered 4968390 hits and 9 records
2025-09-19 00:37:15,437 - INFO - Processing /viper/ptmp/arego/RC4K1/23679.h5
2025-09-19 00:37:15,678 - INFO - Processing /viper/ptmp/arego/RC4K1/21588.h5
2025-09-19 00:37:16,402 - INFO - File 1754: Filtered 3967017 hits and 7 records
2025-09-19 00:37:16,444 - INFO - Completed /viper/ptmp/arego/RC4K1_EN_100/6820.h5 in 17.03 seconds
2025-09-19 00:37:16,497 - INFO - File 7118: Filtered 4027545 hits and 2 records
2025-09-19 00:37:16,695 - INFO - Processing /viper/ptmp/arego/RC4K1/22347.h5
2025-09-19 00:37:16,758 - INFO - Completed /viper/ptmp/arego/RC4K1_EN_100/15723.h5 in 11.04 seconds
2025-09-19 00:37:16,794 - INFO - File 28263: Filtered 1889559 hits and 6 records
2025-09-19 00:37:17,297 - INFO - File 21588: Filtered 5657610 hits and 6 records
2025-09-19 00:37:17,449 - INFO - Completed /viper/ptmp/arego/RC4K1_EN_100/22910.h5 in 6.08 seconds
2025-09-19 00:37:17,465 - INFO - Processing /viper/ptmp/arego/RC4K1/6150.h5
2025-09-19 00:37:17,602 - INFO - Processing /viper/ptmp/arego/RC4K1/18094.h5
2025-09-19 00:37:17,653 - INFO - File 23679: Filtered 3619960 hits and 8 records
2025-09-19 00:37:18,357 - INFO - File 22347: Filtered 5426047 hits and 5 records
2025-09-19 00:37:18,626 - INFO - Completed /viper/ptmp/arego/RC4K1_EN_100/24284.h5 in 15.58 seconds
2025-09-19 00:37:18,738 - INFO - Completed /viper/ptmp/arego/RC4K1_EN_100/13573.h5 in 14.61 seconds
2025-09-19 00:37:18,868 - INFO - Processing /viper/ptmp/arego/RC4K1/24751.h5
2025-09-19 00:37:18,884 - INFO - File 18094: Filtered 3722334 hits and 6 records
2025-09-19 00:37:18,885 - INFO - Completed /viper/ptmp/arego/RC4K1_EN_100/17119.h5 in 17.06 seconds
2025-09-19 00:37:18,951 - INFO - Processing /viper/ptmp/arego/RC4K1/27821.h5
2025-09-19 00:37:19,112 - INFO - Processing /viper/ptmp/arego/RC4K1/12390.h5
2025-09-19 00:37:19,264 - INFO - File 6150: Filtered 1945047 hits and 6 records
2025-09-19 00:37:20,325 - INFO - File 24751: Filtered 2872664 hits and 8 records
2025-09-19 00:37:20,554 - INFO - Completed /viper/ptmp/arego/RC4K1_EN_100/25604.h5 in 16.73 seconds
2025-09-19 00:37:20,604 - INFO - File 27821: Filtered 6078321 hits and 7 records
2025-09-19 00:37:20,728 - INFO - Processing /viper/ptmp/arego/RC4K1/8144.h5
2025-09-19 00:37:20,740 - INFO - File 12390: Filtered 3806121 hits and 6 records
2025-09-19 00:37:21,401 - INFO - Completed /viper/ptmp/arego/RC4K1_EN_100/22897.h5 in 8.73 seconds
2025-09-19 00:37:21,674 - INFO - Processing /viper/ptmp/arego/RC4K1/8189.h5
2025-09-19 00:37:21,698 - INFO - Completed /viper/ptmp/arego/RC4K1_EN_100/23285.h5 in 14.72 seconds
2025-09-19 00:37:21,935 - INFO - Processing /viper/ptmp/arego/RC4K1/3381.h5
2025-09-19 00:37:22,328 - INFO - File 8144: Filtered 4852072 hits and 5 records
2025-09-19 00:37:22,780 - INFO - Completed /viper/ptmp/arego/RC4K1_EN_100/9925.h5 in 13.90 seconds
2025-09-19 00:37:23,003 - INFO - Processing /viper/ptmp/arego/RC4K1/20933.h5
2025-09-19 00:37:23,222 - INFO - File 8189: Filtered 3664625 hits and 6 records
2025-09-19 00:37:23,357 - INFO - Completed /viper/ptmp/arego/RC4K1_EN_100/15274.h5 in 10.66 seconds
2025-09-19 00:37:23,541 - INFO - Processing /viper/ptmp/arego/RC4K1/22375.h5
2025-09-19 00:37:23,666 - INFO - Completed /viper/ptmp/arego/RC4K1_EN_100/17145.h5 in 10.96 seconds
2025-09-19 00:37:23,756 - INFO - File 3381: Filtered 1947779 hits and 6 records
2025-09-19 00:37:23,832 - INFO - Processing /viper/ptmp/arego/RC4K1/13418.h5
2025-09-19 00:37:24,734 - INFO - File 20933: Filtered 3634701 hits and 9 records
2025-09-19 00:37:24,865 - INFO - Completed /viper/ptmp/arego/RC4K1_EN_100/14175.h5 in 20.02 seconds
2025-09-19 00:37:25,005 - INFO - Completed /viper/ptmp/arego/RC4K1_EN_100/1407.h5 in 15.80 seconds
2025-09-19 00:37:25,024 - INFO - Completed /viper/ptmp/arego/RC4K1_EN_100/28026.h5 in 18.03 seconds
2025-09-19 00:37:25,033 - INFO - Processing /viper/ptmp/arego/RC4K1/25293.h5
2025-09-19 00:37:25,200 - INFO - File 22375: Filtered 7579717 hits and 10 records
2025-09-19 00:37:25,219 - INFO - Processing /viper/ptmp/arego/RC4K1/62.h5
2025-09-19 00:37:25,222 - INFO - Processing /viper/ptmp/arego/RC4K1/5688.h5
2025-09-19 00:37:25,386 - INFO - Completed /viper/ptmp/arego/RC4K1_EN_100/1612.h5 in 15.61 seconds
2025-09-19 00:37:25,392 - INFO - File 13418: Filtered 5465879 hits and 8 records
2025-09-19 00:37:25,419 - INFO - Completed /viper/ptmp/arego/RC4K1_EN_100/20135.h5 in 14.57 seconds
2025-09-19 00:37:25,547 - INFO - Completed /viper/ptmp/arego/RC4K1_EN_100/8644.h5 in 13.59 seconds
2025-09-19 00:37:25,582 - INFO - Processing /viper/ptmp/arego/RC4K1/14069.h5
2025-09-19 00:37:26,124 - INFO - Processing /viper/ptmp/arego/RC4K1/20626.h5
2025-09-19 00:37:26,196 - INFO - Processing /viper/ptmp/arego/RC4K1/3112.h5
2025-09-19 00:37:26,450 - INFO - Completed /viper/ptmp/arego/RC4K1_EN_100/14848.h5 in 12.53 seconds
2025-09-19 00:37:26,716 - INFO - File 25293: Filtered 4369017 hits and 9 records
2025-09-19 00:37:26,752 - INFO - Completed /viper/ptmp/arego/RC4K1_EN_100/21588.h5 in 11.07 seconds
2025-09-19 00:37:26,871 - INFO - File 5688: Filtered 5819106 hits and 6 records
2025-09-19 00:37:26,890 - INFO - Processing /viper/ptmp/arego/RC4K1/5030.h5
2025-09-19 00:37:26,901 - INFO - File 62: Filtered 5728919 hits and 7 records
2025-09-19 00:37:27,217 - INFO - Completed /viper/ptmp/arego/RC4K1_EN_100/21011.h5 in 17.16 seconds
2025-09-19 00:37:27,248 - INFO - File 14069: Filtered 6913679 hits and 7 records
2025-09-19 00:37:27,421 - INFO - Processing /viper/ptmp/arego/RC4K1/7264.h5
2025-09-19 00:37:27,434 - INFO - Processing /viper/ptmp/arego/RC4K1/2158.h5
2025-09-19 00:37:27,502 - INFO - File 20626: Filtered 5640155 hits and 6 records
2025-09-19 00:37:27,564 - INFO - Completed /viper/ptmp/arego/RC4K1_EN_100/310.h5 in 13.90 seconds
2025-09-19 00:37:27,677 - INFO - Completed /viper/ptmp/arego/RC4K1_EN_100/4083.h5 in 16.36 seconds
2025-09-19 00:37:27,727 - INFO - Processing /viper/ptmp/arego/RC4K1/24936.h5
2025-09-19 00:37:27,908 - INFO - Completed /viper/ptmp/arego/RC4K1_EN_100/24503.h5 in 20.27 seconds
2025-09-19 00:37:28,072 - INFO - File 3112: Filtered 7280759 hits and 8 records
2025-09-19 00:37:28,081 - INFO - Processing /viper/ptmp/arego/RC4K1/24934.h5
2025-09-19 00:37:28,249 - INFO - Processing /viper/ptmp/arego/RC4K1/10095.h5
2025-09-19 00:37:28,284 - INFO - Completed /viper/ptmp/arego/RC4K1_EN_100/19202.h5 in 16.34 seconds
2025-09-19 00:37:28,429 - INFO - Processing /viper/ptmp/arego/RC4K1/5065.h5
2025-09-19 00:37:28,700 - INFO - File 5030: Filtered 8496717 hits and 6 records
2025-09-19 00:37:29,096 - INFO - File 7264: Filtered 4003016 hits and 7 records
2025-09-19 00:37:29,134 - INFO - File 2158: Filtered 3012223 hits and 5 records
2025-09-19 00:37:29,496 - INFO - File 24936: Filtered 3656731 hits and 7 records
2025-09-19 00:37:29,626 - INFO - Completed /viper/ptmp/arego/RC4K1_EN_100/27877.h5 in 22.69 seconds
2025-09-19 00:37:29,862 - INFO - Processing /viper/ptmp/arego/RC4K1/12274.h5
2025-09-19 00:37:29,945 - INFO - Completed /viper/ptmp/arego/RC4K1_EN_100/22375.h5 in 6.40 seconds
2025-09-19 00:37:29,953 - INFO - File 5065: Filtered 4588382 hits and 10 records
2025-09-19 00:37:30,008 - INFO - File 24934: Filtered 4280144 hits and 10 records
2025-09-19 00:37:30,121 - INFO - Processing /viper/ptmp/arego/RC4K1/10836.h5
2025-09-19 00:37:30,191 - INFO - File 10095: Filtered 4317547 hits and 8 records
2025-09-19 00:37:30,356 - INFO - Completed /viper/ptmp/arego/RC4K1_EN_100/22347.h5 in 13.66 seconds
2025-09-19 00:37:30,376 - INFO - Completed /viper/ptmp/arego/RC4K1_EN_100/27821.h5 in 11.42 seconds
2025-09-19 00:37:30,551 - INFO - Processing /viper/ptmp/arego/RC4K1/18970.h5
2025-09-19 00:37:30,769 - INFO - Completed /viper/ptmp/arego/RC4K1_EN_100/5030.h5 in 3.88 seconds
2025-09-19 00:37:30,930 - INFO - Processing /viper/ptmp/arego/RC4K1/2874.h5
2025-09-19 00:37:31,017 - INFO - Processing /viper/ptmp/arego/RC4K1/11626.h5
2025-09-19 00:37:31,416 - INFO - File 12274: Filtered 6106386 hits and 7 records
2025-09-19 00:37:31,769 - INFO - Completed /viper/ptmp/arego/RC4K1_EN_100/1754.h5 in 16.94 seconds
2025-09-19 00:37:31,846 - INFO - File 10836: Filtered 4926101 hits and 11 records
2025-09-19 00:37:31,848 - INFO - Completed /viper/ptmp/arego/RC4K1_EN_100/18094.h5 in 14.25 seconds
2025-09-19 00:37:31,932 - INFO - Processing /viper/ptmp/arego/RC4K1/24636.h5
2025-09-19 00:37:32,049 - INFO - Processing /viper/ptmp/arego/RC4K1/3385.h5
2025-09-19 00:37:32,245 - INFO - File 18970: Filtered 6301142 hits and 6 records
2025-09-19 00:37:32,730 - INFO - File 11626: Filtered 6609810 hits and 7 records
2025-09-19 00:37:32,899 - INFO - File 2874: Filtered 3504464 hits and 8 records
2025-09-19 00:37:33,561 - INFO - File 3385: Filtered 4692762 hits and 8 records
2025-09-19 00:37:33,616 - INFO - File 24636: Filtered 4630497 hits and 7 records
2025-09-19 00:37:34,552 - INFO - Completed /viper/ptmp/arego/RC4K1_EN_100/26555.h5 in 22.50 seconds
2025-09-19 00:37:34,570 - INFO - Completed /viper/ptmp/arego/RC4K1_EN_100/7118.h5 in 19.82 seconds
2025-09-19 00:37:34,739 - INFO - Completed /viper/ptmp/arego/RC4K1_EN_100/3112.h5 in 8.54 seconds
2025-09-19 00:37:34,785 - INFO - Processing /viper/ptmp/arego/RC4K1/16143.h5
2025-09-19 00:37:34,805 - INFO - Processing /viper/ptmp/arego/RC4K1/5024.h5
2025-09-19 00:37:34,841 - INFO - Completed /viper/ptmp/arego/RC4K1_EN_100/5688.h5 in 9.62 seconds
2025-09-19 00:37:34,960 - INFO - Processing /viper/ptmp/arego/RC4K1/3429.h5
2025-09-19 00:37:34,966 - INFO - Completed /viper/ptmp/arego/RC4K1_EN_100/20626.h5 in 8.84 seconds
2025-09-19 00:37:35,045 - INFO - Processing /viper/ptmp/arego/RC4K1/20370.h5
2025-09-19 00:37:35,880 - INFO - Processing /viper/ptmp/arego/RC4K1/14489.h5
2025-09-19 00:37:36,418 - INFO - Completed /viper/ptmp/arego/RC4K1_EN_100/8144.h5 in 15.69 seconds
2025-09-19 00:37:36,611 - INFO - Processing /viper/ptmp/arego/RC4K1/29709.h5
2025-09-19 00:37:36,724 - INFO - File 16143: Filtered 6760384 hits and 7 records
2025-09-19 00:37:36,750 - INFO - File 3429: Filtered 3774341 hits and 6 records
2025-09-19 00:37:36,785 - INFO - Completed /viper/ptmp/arego/RC4K1_EN_100/14069.h5 in 11.20 seconds
2025-09-19 00:37:36,857 - INFO - File 20370: Filtered 3994449 hits and 7 records
2025-09-19 00:37:36,986 - INFO - File 5024: Filtered 5364281 hits and 7 records
2025-09-19 00:37:37,014 - INFO - Processing /viper/ptmp/arego/RC4K1/5043.h5
2025-09-19 00:37:37,376 - INFO - File 14489: Filtered 7791343 hits and 7 records
2025-09-19 00:37:38,399 - INFO - Completed /viper/ptmp/arego/RC4K1_EN_100/13418.h5 in 14.57 seconds
2025-09-19 00:37:38,537 - INFO - File 29709: Filtered 8411404 hits and 8 records
2025-09-19 00:37:38,566 - INFO - Processing /viper/ptmp/arego/RC4K1/18048.h5
2025-09-19 00:37:38,771 - INFO - File 5043: Filtered 3383800 hits and 7 records
2025-09-19 00:37:38,913 - INFO - Completed /viper/ptmp/arego/RC4K1_EN_100/62.h5 in 13.69 seconds
2025-09-19 00:37:38,994 - INFO - Completed /viper/ptmp/arego/RC4K1_EN_100/5891.h5 in 30.66 seconds
2025-09-19 00:37:39,097 - INFO - Processing /viper/ptmp/arego/RC4K1/7583.h5
2025-09-19 00:37:39,409 - INFO - Completed /viper/ptmp/arego/RC4K1_EN_100/12274.h5 in 9.55 seconds
2025-09-19 00:37:39,515 - INFO - Completed /viper/ptmp/arego/RC4K1_EN_100/14489.h5 in 3.64 seconds
2025-09-19 00:37:39,618 - INFO - Processing /viper/ptmp/arego/RC4K1/27843.h5
2025-09-19 00:37:39,768 - INFO - Processing /viper/ptmp/arego/RC4K1/29552.h5
2025-09-19 00:37:39,916 - INFO - Completed /viper/ptmp/arego/RC4K1_EN_100/12390.h5 in 20.80 seconds
2025-09-19 00:37:39,922 - INFO - Completed /viper/ptmp/arego/RC4K1_EN_100/23679.h5 in 24.49 seconds
2025-09-19 00:37:40,134 - INFO - Processing /viper/ptmp/arego/RC4K1/28697.h5
2025-09-19 00:37:40,148 - INFO - Processing /viper/ptmp/arego/RC4K1/7105.h5
2025-09-19 00:37:40,259 - INFO - File 18048: Filtered 6152382 hits and 7 records
2025-09-19 00:37:40,458 - INFO - Processing /viper/ptmp/arego/RC4K1/29553.h5
2025-09-19 00:37:40,846 - INFO - Completed /viper/ptmp/arego/RC4K1_EN_100/8189.h5 in 19.17 seconds
2025-09-19 00:37:41,035 - INFO - File 7583: Filtered 5596348 hits and 9 records
2025-09-19 00:37:41,425 - INFO - Processing /viper/ptmp/arego/RC4K1/357.h5
2025-09-19 00:37:41,537 - INFO - File 27843: Filtered 4284747 hits and 8 records
2025-09-19 00:37:41,846 - INFO - File 29552: Filtered 3517984 hits and 4 records
2025-09-19 00:37:41,968 - INFO - Completed /viper/ptmp/arego/RC4K1_EN_100/24751.h5 in 23.10 seconds
2025-09-19 00:37:41,986 - INFO - File 28697: Filtered 3667478 hits and 8 records
2025-09-19 00:37:42,119 - INFO - File 29553: Filtered 4361605 hits and 7 records
2025-09-19 00:37:42,227 - INFO - File 7105: Filtered 4307877 hits and 5 records
2025-09-19 00:37:42,309 - INFO - Processing /viper/ptmp/arego/RC4K1/12532.h5
2025-09-19 00:37:42,388 - INFO - Completed /viper/ptmp/arego/RC4K1_EN_100/29709.h5 in 5.78 seconds
2025-09-19 00:37:42,467 - INFO - Completed /viper/ptmp/arego/RC4K1_EN_100/11626.h5 in 11.45 seconds
2025-09-19 00:37:42,571 - INFO - Processing /viper/ptmp/arego/RC4K1/22132.h5
2025-09-19 00:37:42,698 - INFO - Processing /viper/ptmp/arego/RC4K1/20312.h5
2025-09-19 00:37:43,128 - INFO - Completed /viper/ptmp/arego/RC4K1_EN_100/5065.h5 in 14.70 seconds
2025-09-19 00:37:43,303 - INFO - File 357: Filtered 4476906 hits and 3 records
2025-09-19 00:37:43,307 - INFO - Processing /viper/ptmp/arego/RC4K1/3371.h5
2025-09-19 00:37:44,259 - INFO - Completed /viper/ptmp/arego/RC4K1_EN_100/20933.h5 in 21.26 seconds
2025-09-19 00:37:44,320 - INFO - File 12532: Filtered 3514489 hits and 4 records
2025-09-19 00:37:44,370 - INFO - Completed /viper/ptmp/arego/RC4K1_EN_100/25293.h5 in 19.34 seconds
2025-09-19 00:37:44,460 - INFO - File 22132: Filtered 4031188 hits and 6 records
2025-09-19 00:37:44,473 - INFO - Processing /viper/ptmp/arego/RC4K1/23643.h5
2025-09-19 00:37:44,497 - INFO - Completed /viper/ptmp/arego/RC4K1_EN_100/18970.h5 in 13.95 seconds
2025-09-19 00:37:44,538 - INFO - Processing /viper/ptmp/arego/RC4K1/8107.h5
2025-09-19 00:37:44,567 - INFO - File 20312: Filtered 5071677 hits and 4 records
2025-09-19 00:37:44,993 - INFO - File 3371: Filtered 5117168 hits and 8 records
2025-09-19 00:37:45,098 - INFO - Completed /viper/ptmp/arego/RC4K1_EN_100/6150.h5 in 27.63 seconds
2025-09-19 00:37:45,152 - INFO - Processing /viper/ptmp/arego/RC4K1/19812.h5
2025-09-19 00:37:45,285 - INFO - Processing /viper/ptmp/arego/RC4K1/21846.h5
2025-09-19 00:37:46,584 - INFO - File 23643: Filtered 3718228 hits and 5 records
2025-09-19 00:37:46,945 - INFO - Completed /viper/ptmp/arego/RC4K1_EN_100/3385.h5 in 14.90 seconds
2025-09-19 00:37:47,120 - INFO - File 21846: Filtered 9399067 hits and 8 records
2025-09-19 00:37:47,122 - INFO - Processing /viper/ptmp/arego/RC4K1/17478.h5
2025-09-19 00:37:47,135 - INFO - File 8107: Filtered 2532244 hits and 7 records
2025-09-19 00:37:47,314 - INFO - File 19812: Filtered 4775356 hits and 6 records
2025-09-19 00:37:47,482 - INFO - Completed /viper/ptmp/arego/RC4K1_EN_100/10836.h5 in 17.36 seconds
2025-09-19 00:37:47,711 - INFO - Processing /viper/ptmp/arego/RC4K1/6814.h5
2025-09-19 00:37:47,938 - INFO - Completed /viper/ptmp/arego/RC4K1_EN_100/16143.h5 in 13.15 seconds
2025-09-19 00:37:48,505 - INFO - Processing /viper/ptmp/arego/RC4K1/7872.h5
2025-09-19 00:37:48,723 - INFO - File 17478: Filtered 6553228 hits and 9 records
2025-09-19 00:37:48,745 - INFO - Completed /viper/ptmp/arego/RC4K1_EN_100/24934.h5 in 20.66 seconds
2025-09-19 00:37:49,028 - INFO - Completed /viper/ptmp/arego/RC4K1_EN_100/3381.h5 in 27.09 seconds
2025-09-19 00:37:49,095 - INFO - Processing /viper/ptmp/arego/RC4K1/14532.h5
2025-09-19 00:37:49,193 - INFO - Processing /viper/ptmp/arego/RC4K1/3294.h5
2025-09-19 00:37:49,275 - INFO - Completed /viper/ptmp/arego/RC4K1_EN_100/7264.h5 in 21.85 seconds
2025-09-19 00:37:49,447 - INFO - Processing /viper/ptmp/arego/RC4K1/26864.h5
2025-09-19 00:37:49,730 - INFO - File 6814: Filtered 4148413 hits and 7 records
2025-09-19 00:37:50,162 - INFO - Completed /viper/ptmp/arego/RC4K1_EN_100/24936.h5 in 22.44 seconds
2025-09-19 00:37:50,329 - INFO - Processing /viper/ptmp/arego/RC4K1/25827.h5
2025-09-19 00:37:50,630 - INFO - Completed /viper/ptmp/arego/RC4K1_EN_100/21846.h5 in 5.34 seconds
2025-09-19 00:37:50,730 - INFO - File 7872: Filtered 5506318 hits and 6 records
2025-09-19 00:37:50,951 - INFO - File 3294: Filtered 7861190 hits and 7 records
2025-09-19 00:37:50,981 - INFO - Processing /viper/ptmp/arego/RC4K1/10260.h5
2025-09-19 00:37:51,286 - INFO - File 26864: Filtered 9324461 hits and 8 records
2025-09-19 00:37:51,533 - INFO - File 14532: Filtered 6146556 hits and 6 records
2025-09-19 00:37:52,259 - INFO - File 25827: Filtered 1264443 hits and 2 records
2025-09-19 00:37:52,510 - INFO - Completed /viper/ptmp/arego/RC4K1_EN_100/2158.h5 in 25.08 seconds
2025-09-19 00:37:52,581 - INFO - Completed /viper/ptmp/arego/RC4K1_EN_100/24636.h5 in 20.65 seconds
2025-09-19 00:37:52,733 - INFO - Processing /viper/ptmp/arego/RC4K1/6456.h5
2025-09-19 00:37:52,852 - INFO - Processing /viper/ptmp/arego/RC4K1/11515.h5
2025-09-19 00:37:52,912 - INFO - Completed /viper/ptmp/arego/RC4K1_EN_100/18048.h5 in 14.35 seconds
2025-09-19 00:37:53,005 - INFO - File 10260: Filtered 8958668 hits and 5 records
2025-09-19 00:37:53,710 - INFO - Processing /viper/ptmp/arego/RC4K1/505.h5
2025-09-19 00:37:54,779 - INFO - File 6456: Filtered 3054412 hits and 9 records
2025-09-19 00:37:54,800 - INFO - File 11515: Filtered 4646733 hits and 5 records
2025-09-19 00:37:54,825 - INFO - Completed /viper/ptmp/arego/RC4K1_EN_100/26864.h5 in 5.38 seconds
2025-09-19 00:37:54,998 - INFO - Processing /viper/ptmp/arego/RC4K1/23351.h5
2025-09-19 00:37:55,608 - INFO - File 505: Filtered 3738890 hits and 9 records
2025-09-19 00:37:56,155 - INFO - Completed /viper/ptmp/arego/RC4K1_EN_100/10095.h5 in 27.91 seconds
2025-09-19 00:37:56,385 - INFO - Processing /viper/ptmp/arego/RC4K1/12942.h5
2025-09-19 00:37:56,526 - INFO - Completed /viper/ptmp/arego/RC4K1_EN_100/2874.h5 in 25.60 seconds
2025-09-19 00:37:56,695 - INFO - Processing /viper/ptmp/arego/RC4K1/17539.h5
2025-09-19 00:37:56,895 - INFO - File 23351: Filtered 3310833 hits and 4 records
2025-09-19 00:37:57,294 - INFO - Completed /viper/ptmp/arego/RC4K1_EN_100/7583.h5 in 18.20 seconds
2025-09-19 00:37:57,482 - INFO - Completed /viper/ptmp/arego/RC4K1_EN_100/3429.h5 in 22.52 seconds
2025-09-19 00:37:57,642 - INFO - Processing /viper/ptmp/arego/RC4K1/2089.h5
2025-09-19 00:37:57,655 - INFO - Completed /viper/ptmp/arego/RC4K1_EN_100/20370.h5 in 22.61 seconds
2025-09-19 00:37:57,686 - INFO - Processing /viper/ptmp/arego/RC4K1/11609.h5
2025-09-19 00:37:57,880 - INFO - Processing /viper/ptmp/arego/RC4K1/25157.h5
2025-09-19 00:37:58,166 - INFO - Completed /viper/ptmp/arego/RC4K1_EN_100/5024.h5 in 23.36 seconds
2025-09-19 00:37:58,313 - INFO - Completed /viper/ptmp/arego/RC4K1_EN_100/17478.h5 in 11.19 seconds
2025-09-19 00:37:58,416 - INFO - Processing /viper/ptmp/arego/RC4K1/1898.h5
2025-09-19 00:37:58,610 - INFO - File 12942: Filtered 7229279 hits and 10 records
2025-09-19 00:37:58,690 - INFO - File 17539: Filtered 8544127 hits and 9 records
2025-09-19 00:37:58,695 - INFO - Completed /viper/ptmp/arego/RC4K1_EN_100/29553.h5 in 18.24 seconds
2025-09-19 00:37:58,718 - INFO - Processing /viper/ptmp/arego/RC4K1/22065.h5
2025-09-19 00:37:59,130 - INFO - Completed /viper/ptmp/arego/RC4K1_EN_100/3294.h5 in 9.94 seconds
2025-09-19 00:37:59,297 - INFO - Processing /viper/ptmp/arego/RC4K1/1076.h5
2025-09-19 00:37:59,498 - INFO - Completed /viper/ptmp/arego/RC4K1_EN_100/3371.h5 in 16.19 seconds
2025-09-19 00:37:59,528 - INFO - File 2089: Filtered 7651802 hits and 6 records
2025-09-19 00:37:59,528 - INFO - Completed /viper/ptmp/arego/RC4K1_EN_100/10260.h5 in 8.55 seconds
2025-09-19 00:37:59,608 - INFO - Processing /viper/ptmp/arego/RC4K1/26963.h5
2025-09-19 00:37:59,756 - INFO - Processing /viper/ptmp/arego/RC4K1/25532.h5
2025-09-19 00:37:59,792 - INFO - File 11609: Filtered 7129318 hits and 8 records
2025-09-19 00:37:59,795 - INFO - File 25157: Filtered 4841443 hits and 7 records
2025-09-19 00:38:00,193 - INFO - Processing /viper/ptmp/arego/RC4K1/28743.h5
2025-09-19 00:38:00,433 - INFO - File 22065: Filtered 5034929 hits and 8 records
2025-09-19 00:38:00,750 - INFO - File 1898: Filtered 4378047 hits and 7 records
2025-09-19 00:38:01,220 - INFO - Completed /viper/ptmp/arego/RC4K1_EN_100/357.h5 in 19.80 seconds
2025-09-19 00:38:01,336 - INFO - File 26963: Filtered 8244122 hits and 7 records
2025-09-19 00:38:01,477 - INFO - Processing /viper/ptmp/arego/RC4K1/24859.h5
2025-09-19 00:38:01,595 - INFO - File 1076: Filtered 8131271 hits and 7 records
2025-09-19 00:38:01,900 - INFO - File 28743: Filtered 8699965 hits and 8 records
2025-09-19 00:38:01,919 - INFO - File 25532: Filtered 3956026 hits and 9 records
2025-09-19 00:38:02,155 - INFO - Completed /viper/ptmp/arego/RC4K1_EN_100/5043.h5 in 25.14 seconds
2025-09-19 00:38:02,296 - INFO - Completed /viper/ptmp/arego/RC4K1_EN_100/20312.h5 in 19.60 seconds
2025-09-19 00:38:02,320 - INFO - Processing /viper/ptmp/arego/RC4K1/27904.h5
2025-09-19 00:38:02,996 - INFO - Completed /viper/ptmp/arego/RC4K1_EN_100/27843.h5 in 23.38 seconds
2025-09-19 00:38:03,022 - INFO - Processing /viper/ptmp/arego/RC4K1/8016.h5
2025-09-19 00:38:03,285 - INFO - Processing /viper/ptmp/arego/RC4K1/3405.h5
2025-09-19 00:38:03,505 - INFO - File 24859: Filtered 3976813 hits and 9 records
2025-09-19 00:38:04,236 - INFO - File 27904: Filtered 5448503 hits and 6 records
2025-09-19 00:38:04,899 - INFO - Completed /viper/ptmp/arego/RC4K1_EN_100/26963.h5 in 5.29 seconds
2025-09-19 00:38:04,980 - INFO - File 8016: Filtered 4821461 hits and 3 records
2025-09-19 00:38:05,131 - INFO - Processing /viper/ptmp/arego/RC4K1/15611.h5
2025-09-19 00:38:05,202 - INFO - Completed /viper/ptmp/arego/RC4K1_EN_100/28743.h5 in 5.01 seconds
2025-09-19 00:38:05,484 - INFO - File 3405: Filtered 3917394 hits and 7 records
2025-09-19 00:38:05,774 - INFO - Completed /viper/ptmp/arego/RC4K1_EN_100/19812.h5 in 20.62 seconds
2025-09-19 00:38:05,943 - INFO - Processing /viper/ptmp/arego/RC4K1/23647.h5
2025-09-19 00:38:06,023 - INFO - Processing /viper/ptmp/arego/RC4K1/15618.h5
2025-09-19 00:38:06,077 - INFO - Completed /viper/ptmp/arego/RC4K1_EN_100/7105.h5 in 25.93 seconds
2025-09-19 00:38:06,439 - INFO - Completed /viper/ptmp/arego/RC4K1_EN_100/28697.h5 in 26.30 seconds
2025-09-19 00:38:06,518 - INFO - Processing /viper/ptmp/arego/RC4K1/17398.h5
2025-09-19 00:38:06,586 - INFO - Completed /viper/ptmp/arego/RC4K1_EN_100/29552.h5 in 26.82 seconds
2025-09-19 00:38:06,636 - INFO - Processing /viper/ptmp/arego/RC4K1/6599.h5
2025-09-19 00:38:06,763 - INFO - Processing /viper/ptmp/arego/RC4K1/2996.h5
2025-09-19 00:38:06,970 - INFO - Completed /viper/ptmp/arego/RC4K1_EN_100/17539.h5 in 10.27 seconds
2025-09-19 00:38:07,001 - INFO - File 15611: Filtered 3635480 hits and 6 records
2025-09-19 00:38:07,108 - INFO - Completed /viper/ptmp/arego/RC4K1_EN_100/22132.h5 in 24.54 seconds
2025-09-19 00:38:07,548 - INFO - Processing /viper/ptmp/arego/RC4K1/23291.h5
2025-09-19 00:38:07,953 - INFO - File 15618: Filtered 6315786 hits and 8 records
2025-09-19 00:38:08,066 - INFO - File 23647: Filtered 6886979 hits and 6 records
2025-09-19 00:38:08,227 - INFO - Processing /viper/ptmp/arego/RC4K1/14722.h5
2025-09-19 00:38:08,413 - INFO - Completed /viper/ptmp/arego/RC4K1_EN_100/14532.h5 in 19.32 seconds
2025-09-19 00:38:08,591 - INFO - File 6599: Filtered 9961025 hits and 6 records
2025-09-19 00:38:08,742 - INFO - File 17398: Filtered 7810169 hits and 8 records
2025-09-19 00:38:08,787 - INFO - File 2996: Filtered 8220070 hits and 9 records
2025-09-19 00:38:08,819 - INFO - Processing /viper/ptmp/arego/RC4K1/29937.h5
2025-09-19 00:38:09,382 - INFO - Completed /viper/ptmp/arego/RC4K1_EN_100/7872.h5 in 20.88 seconds
2025-09-19 00:38:09,660 - INFO - Processing /viper/ptmp/arego/RC4K1/16373.h5
2025-09-19 00:38:09,830 - INFO - Completed /viper/ptmp/arego/RC4K1_EN_100/12532.h5 in 27.52 seconds
2025-09-19 00:38:09,941 - INFO - File 23291: Filtered 5085125 hits and 7 records
2025-09-19 00:38:10,054 - INFO - Processing /viper/ptmp/arego/RC4K1/8127.h5
2025-09-19 00:38:10,066 - INFO - Completed /viper/ptmp/arego/RC4K1_EN_100/23643.h5 in 25.59 seconds
2025-09-19 00:38:10,264 - INFO - Processing /viper/ptmp/arego/RC4K1/7592.h5
2025-09-19 00:38:10,441 - INFO - Completed /viper/ptmp/arego/RC4K1_EN_100/2089.h5 in 12.80 seconds
2025-09-19 00:38:10,729 - INFO - File 14722: Filtered 7375710 hits and 6 records
2025-09-19 00:38:10,986 - INFO - Completed /viper/ptmp/arego/RC4K1_EN_100/12942.h5 in 14.60 seconds
2025-09-19 00:38:11,010 - INFO - Processing /viper/ptmp/arego/RC4K1/28016.h5
2025-09-19 00:38:11,267 - INFO - Processing /viper/ptmp/arego/RC4K1/8572.h5
2025-09-19 00:38:11,373 - INFO - File 29937: Filtered 7154703 hits and 6 records
2025-09-19 00:38:11,975 - INFO - File 8127: Filtered 4131343 hits and 5 records
2025-09-19 00:38:12,091 - INFO - File 16373: Filtered 7923807 hits and 10 records
2025-09-19 00:38:12,228 - INFO - File 7592: Filtered 6510968 hits and 9 records
2025-09-19 00:38:12,302 - INFO - Completed /viper/ptmp/arego/RC4K1_EN_100/1076.h5 in 13.00 seconds
2025-09-19 00:38:12,516 - INFO - Processing /viper/ptmp/arego/RC4K1/14633.h5
2025-09-19 00:38:13,052 - INFO - Completed /viper/ptmp/arego/RC4K1_EN_100/6599.h5 in 6.42 seconds
2025-09-19 00:38:13,102 - INFO - File 28016: Filtered 3438777 hits and 3 records
2025-09-19 00:38:13,204 - INFO - Processing /viper/ptmp/arego/RC4K1/26016.h5
2025-09-19 00:38:13,641 - INFO - File 8572: Filtered 5084875 hits and 6 records
2025-09-19 00:38:14,095 - INFO - Completed /viper/ptmp/arego/RC4K1_EN_100/6814.h5 in 26.38 seconds
2025-09-19 00:38:14,307 - INFO - Processing /viper/ptmp/arego/RC4K1/1852.h5
2025-09-19 00:38:14,541 - INFO - Completed /viper/ptmp/arego/RC4K1_EN_100/11609.h5 in 16.85 seconds
2025-09-19 00:38:14,731 - INFO - Completed /viper/ptmp/arego/RC4K1_EN_100/11515.h5 in 21.88 seconds
2025-09-19 00:38:14,781 - INFO - File 14633: Filtered 4310514 hits and 6 records
2025-09-19 00:38:14,927 - INFO - Processing /viper/ptmp/arego/RC4K1/20059.h5
2025-09-19 00:38:15,005 - INFO - Processing /viper/ptmp/arego/RC4K1/23165.h5
2025-09-19 00:38:15,368 - INFO - File 26016: Filtered 4670267 hits and 5 records
2025-09-19 00:38:16,560 - INFO - File 1852: Filtered 5573633 hits and 8 records
2025-09-19 00:38:16,885 - INFO - Completed /viper/ptmp/arego/RC4K1_EN_100/22065.h5 in 18.17 seconds
2025-09-19 00:38:17,052 - INFO - File 20059: Filtered 8085911 hits and 6 records
2025-09-19 00:38:17,060 - INFO - Processing /viper/ptmp/arego/RC4K1/8114.h5
2025-09-19 00:38:17,313 - INFO - File 23165: Filtered 8986327 hits and 8 records
2025-09-19 00:38:18,948 - INFO - File 8114: Filtered 3388494 hits and 7 records
2025-09-19 00:38:19,003 - INFO - Completed /viper/ptmp/arego/RC4K1_EN_100/2996.h5 in 12.24 seconds
2025-09-19 00:38:19,207 - INFO - Processing /viper/ptmp/arego/RC4K1/8634.h5
2025-09-19 00:38:19,336 - INFO - Completed /viper/ptmp/arego/RC4K1_EN_100/505.h5 in 25.63 seconds
2025-09-19 00:38:19,496 - INFO - Processing /viper/ptmp/arego/RC4K1/6893.h5
2025-09-19 00:38:19,708 - INFO - Completed /viper/ptmp/arego/RC4K1_EN_100/25157.h5 in 21.83 seconds
2025-09-19 00:38:19,964 - INFO - Processing /viper/ptmp/arego/RC4K1/28713.h5
2025-09-19 00:38:21,465 - INFO - File 8634: Filtered 7802774 hits and 9 records
2025-09-19 00:38:21,535 - INFO - File 6893: Filtered 10386707 hits and 7 records
2025-09-19 00:38:22,112 - INFO - File 28713: Filtered 5661182 hits and 5 records
2025-09-19 00:38:22,171 - INFO - Completed /viper/ptmp/arego/RC4K1_EN_100/15618.h5 in 16.15 seconds
2025-09-19 00:38:22,357 - INFO - Completed /viper/ptmp/arego/RC4K1_EN_100/23647.h5 in 16.41 seconds
2025-09-19 00:38:22,377 - INFO - Processing /viper/ptmp/arego/RC4K1/6011.h5
2025-09-19 00:38:22,556 - INFO - Processing /viper/ptmp/arego/RC4K1/14876.h5
2025-09-19 00:38:23,291 - INFO - Completed /viper/ptmp/arego/RC4K1_EN_100/23351.h5 in 28.29 seconds
2025-09-19 00:38:23,448 - INFO - Processing /viper/ptmp/arego/RC4K1/27909.h5
2025-09-19 00:38:23,525 - INFO - Completed /viper/ptmp/arego/RC4K1_EN_100/6456.h5 in 30.79 seconds
2025-09-19 00:38:23,759 - INFO - Processing /viper/ptmp/arego/RC4K1/21754.h5
2025-09-19 00:38:23,764 - INFO - Completed /viper/ptmp/arego/RC4K1_EN_100/27904.h5 in 21.44 seconds
2025-09-19 00:38:23,883 - INFO - Completed /viper/ptmp/arego/RC4K1_EN_100/17398.h5 in 17.36 seconds
2025-09-19 00:38:24,124 - INFO - Completed /viper/ptmp/arego/RC4K1_EN_100/14722.h5 in 15.90 seconds
2025-09-19 00:38:24,128 - INFO - Completed /viper/ptmp/arego/RC4K1_EN_100/25827.h5 in 33.80 seconds
2025-09-19 00:38:24,189 - INFO - Processing /viper/ptmp/arego/RC4K1/18948.h5
2025-09-19 00:38:24,267 - INFO - Processing /viper/ptmp/arego/RC4K1/1097.h5
2025-09-19 00:38:24,296 - INFO - Processing /viper/ptmp/arego/RC4K1/29761.h5
2025-09-19 00:38:24,300 - INFO - Completed /viper/ptmp/arego/RC4K1_EN_100/16373.h5 in 14.64 seconds
2025-09-19 00:38:24,373 - INFO - File 6011: Filtered 5563509 hits and 7 records
2025-09-19 00:38:24,621 - INFO - File 14876: Filtered 6737763 hits and 7 records
2025-09-19 00:38:24,792 - INFO - Processing /viper/ptmp/arego/RC4K1/24519.h5
2025-09-19 00:38:24,902 - INFO - Completed /viper/ptmp/arego/RC4K1_EN_100/1898.h5 in 26.49 seconds
2025-09-19 00:38:25,002 - INFO - Processing /viper/ptmp/arego/RC4K1/22257.h5
2025-09-19 00:38:25,217 - INFO - Completed /viper/ptmp/arego/RC4K1_EN_100/29937.h5 in 16.40 seconds
2025-09-19 00:38:25,351 - INFO - Processing /viper/ptmp/arego/RC4K1/13714.h5
2025-09-19 00:38:25,558 - INFO - File 27909: Filtered 6211297 hits and 4 records
2025-09-19 00:38:25,774 - INFO - Processing /viper/ptmp/arego/RC4K1/26295.h5
2025-09-19 00:38:25,986 - INFO - File 21754: Filtered 7926221 hits and 8 records
2025-09-19 00:38:26,393 - INFO - File 29761: Filtered 8793054 hits and 7 records
2025-09-19 00:38:26,571 - INFO - Completed /viper/ptmp/arego/RC4K1_EN_100/8016.h5 in 23.55 seconds
2025-09-19 00:38:26,580 - INFO - File 1097: Filtered 5113931 hits and 5 records
2025-09-19 00:38:26,726 - INFO - Completed /viper/ptmp/arego/RC4K1_EN_100/23165.h5 in 11.72 seconds
2025-09-19 00:38:26,733 - INFO - Processing /viper/ptmp/arego/RC4K1/24102.h5
2025-09-19 00:38:26,926 - INFO - Processing /viper/ptmp/arego/RC4K1/15923.h5
2025-09-19 00:38:27,007 - INFO - File 18948: Filtered 9726787 hits and 6 records
2025-09-19 00:38:27,428 - INFO - File 24519: Filtered 7497868 hits and 6 records
2025-09-19 00:38:27,476 - INFO - File 22257: Filtered 2063496 hits and 4 records
2025-09-19 00:38:27,747 - INFO - Completed /viper/ptmp/arego/RC4K1_EN_100/6893.h5 in 8.25 seconds
2025-09-19 00:38:28,021 - INFO - Processing /viper/ptmp/arego/RC4K1/2790.h5
2025-09-19 00:38:28,071 - INFO - Completed /viper/ptmp/arego/RC4K1_EN_100/28263.h5 in 75.36 seconds
2025-09-19 00:38:28,098 - INFO - File 13714: Filtered 9176441 hits and 9 records
2025-09-19 00:38:28,254 - INFO - Processing /viper/ptmp/arego/RC4K1/28522.h5
2025-09-19 00:38:28,339 - INFO - File 26295: Filtered 7192078 hits and 6 records
2025-09-19 00:38:28,967 - INFO - File 24102: Filtered 5888506 hits and 3 records
2025-09-19 00:38:29,005 - INFO - Completed /viper/ptmp/arego/RC4K1_EN_100/8107.h5 in 44.47 seconds
2025-09-19 00:38:29,234 - INFO - Processing /viper/ptmp/arego/RC4K1/4010.h5
2025-09-19 00:38:29,460 - INFO - Completed /viper/ptmp/arego/RC4K1_EN_100/7592.h5 in 19.20 seconds
2025-09-19 00:38:29,575 - INFO - Completed /viper/ptmp/arego/RC4K1_EN_100/25532.h5 in 29.82 seconds
2025-09-19 00:38:29,635 - INFO - Processing /viper/ptmp/arego/RC4K1/8338.h5
2025-09-19 00:38:29,701 - INFO - File 15923: Filtered 9224566 hits and 8 records
2025-09-19 00:38:29,757 - INFO - Processing /viper/ptmp/arego/RC4K1/20109.h5
2025-09-19 00:38:30,408 - INFO - Completed /viper/ptmp/arego/RC4K1_EN_100/24859.h5 in 28.93 seconds
2025-09-19 00:38:30,429 - INFO - File 28522: Filtered 8897074 hits and 7 records
2025-09-19 00:38:30,487 - INFO - File 2790: Filtered 7491991 hits and 8 records
2025-09-19 00:38:30,624 - INFO - Processing /viper/ptmp/arego/RC4K1/24186.h5
2025-09-19 00:38:30,641 - INFO - Completed /viper/ptmp/arego/RC4K1_EN_100/15611.h5 in 25.51 seconds
2025-09-19 00:38:31,250 - INFO - Completed /viper/ptmp/arego/RC4K1_EN_100/20059.h5 in 16.32 seconds
2025-09-19 00:38:31,438 - INFO - Processing /viper/ptmp/arego/RC4K1/10166.h5
2025-09-19 00:38:31,446 - INFO - Processing /viper/ptmp/arego/RC4K1/3527.h5
2025-09-19 00:38:31,824 - INFO - File 8338: Filtered 9556421 hits and 7 records
2025-09-19 00:38:31,997 - INFO - File 4010: Filtered 8537388 hits and 8 records
2025-09-19 00:38:32,060 - INFO - File 20109: Filtered 5519700 hits and 6 records
2025-09-19 00:38:32,931 - INFO - File 24186: Filtered 7151947 hits and 6 records
2025-09-19 00:38:33,120 - INFO - Completed /viper/ptmp/arego/RC4K1_EN_100/23291.h5 in 25.57 seconds
2025-09-19 00:38:33,297 - INFO - Processing /viper/ptmp/arego/RC4K1/25757.h5
2025-09-19 00:38:33,359 - INFO - File 3527: Filtered 9196427 hits and 6 records
2025-09-19 00:38:33,667 - INFO - File 10166: Filtered 8883848 hits and 9 records
2025-09-19 00:38:34,039 - INFO - Completed /viper/ptmp/arego/RC4K1_EN_100/3405.h5 in 30.75 seconds
2025-09-19 00:38:34,273 - INFO - Processing /viper/ptmp/arego/RC4K1/24148.h5
2025-09-19 00:38:35,733 - INFO - File 25757: Filtered 7244357 hits and 7 records
2025-09-19 00:38:35,734 - INFO - Completed /viper/ptmp/arego/RC4K1_EN_100/8634.h5 in 16.53 seconds
2025-09-19 00:38:35,980 - INFO - Processing /viper/ptmp/arego/RC4K1/13280.h5
2025-09-19 00:38:36,576 - INFO - File 24148: Filtered 8042179 hits and 9 records
2025-09-19 00:38:36,925 - INFO - Completed /viper/ptmp/arego/RC4K1_EN_100/29761.h5 in 12.63 seconds
2025-09-19 00:38:37,097 - INFO - Processing /viper/ptmp/arego/RC4K1/6232.h5
2025-09-19 00:38:37,986 - INFO - Completed /viper/ptmp/arego/RC4K1_EN_100/8127.h5 in 27.93 seconds
2025-09-19 00:38:38,192 - INFO - Completed /viper/ptmp/arego/RC4K1_EN_100/18948.h5 in 14.00 seconds
2025-09-19 00:38:38,253 - INFO - Processing /viper/ptmp/arego/RC4K1/26850.h5
2025-09-19 00:38:38,319 - INFO - File 13280: Filtered 3920442 hits and 7 records
2025-09-19 00:38:38,415 - INFO - Processing /viper/ptmp/arego/RC4K1/4761.h5
2025-09-19 00:38:39,518 - INFO - Completed /viper/ptmp/arego/RC4K1_EN_100/3527.h5 in 8.07 seconds
2025-09-19 00:38:39,537 - INFO - Completed /viper/ptmp/arego/RC4K1_EN_100/21754.h5 in 15.78 seconds
2025-09-19 00:38:39,567 - INFO - File 6232: Filtered 9419115 hits and 7 records
2025-09-19 00:38:39,681 - INFO - Processing /viper/ptmp/arego/RC4K1/25867.h5
2025-09-19 00:38:39,898 - INFO - Completed /viper/ptmp/arego/RC4K1_EN_100/8572.h5 in 28.63 seconds
2025-09-19 00:38:39,949 - INFO - Completed /viper/ptmp/arego/RC4K1_EN_100/13714.h5 in 14.60 seconds
2025-09-19 00:38:40,063 - INFO - Processing /viper/ptmp/arego/RC4K1/13751.h5
2025-09-19 00:38:40,166 - INFO - Completed /viper/ptmp/arego/RC4K1_EN_100/1852.h5 in 25.86 seconds
2025-09-19 00:38:40,337 - INFO - Processing /viper/ptmp/arego/RC4K1/11112.h5
2025-09-19 00:38:40,548 - INFO - File 26850: Filtered 3319327 hits and 6 records
2025-09-19 00:38:40,752 - INFO - Processing /viper/ptmp/arego/RC4K1/12134.h5
2025-09-19 00:38:40,832 - INFO - Processing /viper/ptmp/arego/RC4K1/14178.h5
2025-09-19 00:38:40,989 - INFO - Completed /viper/ptmp/arego/RC4K1_EN_100/14876.h5 in 18.43 seconds
2025-09-19 00:38:41,007 - INFO - Completed /viper/ptmp/arego/RC4K1_EN_100/15923.h5 in 14.08 seconds
2025-09-19 00:38:41,157 - INFO - File 4761: Filtered 6915882 hits and 6 records
2025-09-19 00:38:41,321 - INFO - Processing /viper/ptmp/arego/RC4K1/7504.h5
2025-09-19 00:38:41,644 - INFO - File 25867: Filtered 8521451 hits and 9 records
2025-09-19 00:38:41,750 - INFO - Processing /viper/ptmp/arego/RC4K1/3027.h5
2025-09-19 00:38:41,804 - INFO - Completed /viper/ptmp/arego/RC4K1_EN_100/26016.h5 in 28.60 seconds
2025-09-19 00:38:42,057 - INFO - Processing /viper/ptmp/arego/RC4K1/4546.h5
2025-09-19 00:38:42,705 - INFO - File 11112: Filtered 5859249 hits and 5 records
2025-09-19 00:38:42,782 - INFO - Completed /viper/ptmp/arego/RC4K1_EN_100/28522.h5 in 14.53 seconds
2025-09-19 00:38:42,822 - INFO - File 12134: Filtered 9674290 hits and 9 records
2025-09-19 00:38:43,004 - INFO - Processing /viper/ptmp/arego/RC4K1/13348.h5
2025-09-19 00:38:43,017 - INFO - File 13751: Filtered 6451556 hits and 8 records
2025-09-19 00:38:43,043 - INFO - Completed /viper/ptmp/arego/RC4K1_EN_100/6011.h5 in 20.67 seconds
2025-09-19 00:38:43,227 - INFO - Processing /viper/ptmp/arego/RC4K1/499.h5
2025-09-19 00:38:43,527 - INFO - Completed /viper/ptmp/arego/RC4K1_EN_100/28016.h5 in 32.52 seconds
2025-09-19 00:38:43,653 - INFO - Completed /viper/ptmp/arego/RC4K1_EN_100/14633.h5 in 31.14 seconds
2025-09-19 00:38:43,708 - INFO - Processing /viper/ptmp/arego/RC4K1/14949.h5
2025-09-19 00:38:43,867 - INFO - File 14178: Filtered 5473374 hits and 8 records
2025-09-19 00:38:43,887 - INFO - File 7504: Filtered 8729129 hits and 6 records
2025-09-19 00:38:43,936 - INFO - Processing /viper/ptmp/arego/RC4K1/22974.h5
2025-09-19 00:38:44,035 - INFO - Completed /viper/ptmp/arego/RC4K1_EN_100/8338.h5 in 14.40 seconds
2025-09-19 00:38:44,570 - INFO - File 4546: Filtered 7472084 hits and 9 records
2025-09-19 00:38:44,612 - INFO - Processing /viper/ptmp/arego/RC4K1/16478.h5
2025-09-19 00:38:44,668 - INFO - Completed /viper/ptmp/arego/RC4K1_EN_100/8114.h5 in 27.61 seconds
2025-09-19 00:38:44,861 - INFO - Processing /viper/ptmp/arego/RC4K1/22362.h5
2025-09-19 00:38:44,862 - INFO - File 3027: Filtered 9301340 hits and 10 records
2025-09-19 00:38:45,244 - INFO - File 499: Filtered 4301506 hits and 5 records
2025-09-19 00:38:45,587 - INFO - Completed /viper/ptmp/arego/RC4K1_EN_100/24519.h5 in 20.79 seconds
2025-09-19 00:38:45,694 - INFO - Completed /viper/ptmp/arego/RC4K1_EN_100/28713.h5 in 25.73 seconds
2025-09-19 00:38:45,780 - INFO - Processing /viper/ptmp/arego/RC4K1/10498.h5
2025-09-19 00:38:45,827 - INFO - File 13348: Filtered 6983300 hits and 7 records
2025-09-19 00:38:45,923 - INFO - Processing /viper/ptmp/arego/RC4K1/27176.h5
2025-09-19 00:38:45,977 - INFO - File 14949: Filtered 5838128 hits and 7 records
2025-09-19 00:38:46,911 - INFO - File 16478: Filtered 9490474 hits and 9 records
2025-09-19 00:38:46,966 - INFO - File 22362: Filtered 8281307 hits and 9 records
2025-09-19 00:38:47,026 - INFO - File 22974: Filtered 6097722 hits and 6 records
2025-09-19 00:38:47,069 - INFO - Completed /viper/ptmp/arego/RC4K1_EN_100/27909.h5 in 23.62 seconds
2025-09-19 00:38:47,259 - INFO - Processing /viper/ptmp/arego/RC4K1/10799.h5
2025-09-19 00:38:48,274 - INFO - File 27176: Filtered 8175565 hits and 7 records
2025-09-19 00:38:48,341 - INFO - Completed /viper/ptmp/arego/RC4K1_EN_100/26295.h5 in 22.57 seconds
2025-09-19 00:38:48,514 - INFO - File 10498: Filtered 8177533 hits and 4 records
2025-09-19 00:38:48,564 - INFO - Processing /viper/ptmp/arego/RC4K1/10981.h5
2025-09-19 00:38:48,743 - INFO - Completed /viper/ptmp/arego/RC4K1_EN_100/24186.h5 in 18.12 seconds
2025-09-19 00:38:48,969 - INFO - Processing /viper/ptmp/arego/RC4K1/7285.h5
2025-09-19 00:38:49,415 - INFO - Completed /viper/ptmp/arego/RC4K1_EN_100/10166.h5 in 17.98 seconds
2025-09-19 00:38:49,578 - INFO - File 10799: Filtered 7941930 hits and 7 records
2025-09-19 00:38:49,595 - INFO - Processing /viper/ptmp/arego/RC4K1/27489.h5
2025-09-19 00:38:50,913 - INFO - Completed /viper/ptmp/arego/RC4K1_EN_100/12134.h5 in 10.16 seconds
2025-09-19 00:38:50,927 - INFO - Completed /viper/ptmp/arego/RC4K1_EN_100/6232.h5 in 13.83 seconds
2025-09-19 00:38:50,966 - INFO - Completed /viper/ptmp/arego/RC4K1_EN_100/24148.h5 in 16.69 seconds
2025-09-19 00:38:50,973 - INFO - Completed /viper/ptmp/arego/RC4K1_EN_100/4010.h5 in 21.74 seconds
2025-09-19 00:38:51,032 - INFO - Completed /viper/ptmp/arego/RC4K1_EN_100/25867.h5 in 11.35 seconds
2025-09-19 00:38:51,079 - INFO - File 10981: Filtered 12247040 hits and 8 records
2025-09-19 00:38:51,090 - INFO - Processing /viper/ptmp/arego/RC4K1/5163.h5
2025-09-19 00:38:51,099 - INFO - File 7285: Filtered 9227656 hits and 9 records
2025-09-19 00:38:51,157 - INFO - Processing /viper/ptmp/arego/RC4K1/12684.h5
2025-09-19 00:38:51,176 - INFO - Processing /viper/ptmp/arego/RC4K1/16568.h5
2025-09-19 00:38:51,746 - INFO - Processing /viper/ptmp/arego/RC4K1/5869.h5
2025-09-19 00:38:51,949 - INFO - Completed /viper/ptmp/arego/RC4K1_EN_100/2790.h5 in 23.93 seconds
2025-09-19 00:38:52,038 - INFO - File 27489: Filtered 1528810 hits and 9 records
2025-09-19 00:38:52,115 - INFO - Processing /viper/ptmp/arego/RC4K1/12189.h5
2025-09-19 00:38:52,662 - INFO - Processing /viper/ptmp/arego/RC4K1/24098.h5
2025-09-19 00:38:53,684 - INFO - Completed /viper/ptmp/arego/RC4K1_EN_100/24102.h5 in 26.95 seconds
2025-09-19 00:38:53,687 - INFO - File 16568: Filtered 7511994 hits and 9 records
2025-09-19 00:38:53,717 - INFO - File 5163: Filtered 9406794 hits and 8 records
2025-09-19 00:38:53,860 - INFO - Processing /viper/ptmp/arego/RC4K1/8825.h5
2025-09-19 00:38:53,875 - INFO - File 12684: Filtered 3913162 hits and 10 records
2025-09-19 00:38:54,458 - INFO - Completed /viper/ptmp/arego/RC4K1_EN_100/1097.h5 in 30.19 seconds
2025-09-19 00:38:54,487 - INFO - File 5869: Filtered 5206563 hits and 7 records
2025-09-19 00:38:54,625 - INFO - File 12189: Filtered 9639515 hits and 10 records
2025-09-19 00:38:54,673 - INFO - Processing /viper/ptmp/arego/RC4K1/2687.h5
2025-09-19 00:38:54,784 - INFO - Completed /viper/ptmp/arego/RC4K1_EN_100/10981.h5 in 6.22 seconds
2025-09-19 00:38:54,823 - INFO - File 24098: Filtered 4264202 hits and 5 records
2025-09-19 00:38:54,957 - INFO - Processing /viper/ptmp/arego/RC4K1/16027.h5
2025-09-19 00:38:55,240 - INFO - Completed /viper/ptmp/arego/RC4K1_EN_100/25757.h5 in 21.94 seconds
2025-09-19 00:38:55,705 - INFO - Processing /viper/ptmp/arego/RC4K1/1679.h5
2025-09-19 00:38:56,350 - INFO - File 8825: Filtered 8736522 hits and 6 records
2025-09-19 00:38:57,105 - INFO - File 2687: Filtered 8453793 hits and 6 records
2025-09-19 00:38:57,757 - INFO - File 16027: Filtered 8581911 hits and 11 records
2025-09-19 00:38:57,775 - INFO - Completed /viper/ptmp/arego/RC4K1_EN_100/20109.h5 in 28.02 seconds
2025-09-19 00:38:58,021 - INFO - Processing /viper/ptmp/arego/RC4K1/21842.h5
2025-09-19 00:38:58,506 - INFO - File 1679: Filtered 9615910 hits and 8 records
2025-09-19 00:38:59,099 - INFO - Completed /viper/ptmp/arego/RC4K1_EN_100/22362.h5 in 14.24 seconds
2025-09-19 00:38:59,269 - INFO - Processing /viper/ptmp/arego/RC4K1/22734.h5
2025-09-19 00:38:59,687 - INFO - Completed /viper/ptmp/arego/RC4K1_EN_100/3027.h5 in 17.94 seconds
2025-09-19 00:38:59,854 - INFO - Processing /viper/ptmp/arego/RC4K1/29791.h5
2025-09-19 00:38:59,866 - INFO - Completed /viper/ptmp/arego/RC4K1_EN_100/16478.h5 in 15.25 seconds
2025-09-19 00:39:00,031 - INFO - Processing /viper/ptmp/arego/RC4K1/18543.h5
2025-09-19 00:39:00,030 - INFO - Completed /viper/ptmp/arego/RC4K1_EN_100/7504.h5 in 18.71 seconds
2025-09-19 00:39:00,216 - INFO - Processing /viper/ptmp/arego/RC4K1/410.h5
2025-09-19 00:39:00,689 - INFO - File 21842: Filtered 11746842 hits and 7 records
2025-09-19 00:39:01,333 - INFO - File 22734: Filtered 7078935 hits and 10 records
2025-09-19 00:39:02,426 - INFO - File 29791: Filtered 8874009 hits and 5 records
2025-09-19 00:39:02,448 - INFO - Completed /viper/ptmp/arego/RC4K1_EN_100/27176.h5 in 16.52 seconds
2025-09-19 00:39:02,522 - INFO - File 18543: Filtered 7141713 hits and 6 records
2025-09-19 00:39:02,675 - INFO - Processing /viper/ptmp/arego/RC4K1/22767.h5
2025-09-19 00:39:02,821 - INFO - File 410: Filtered 11965495 hits and 8 records
2025-09-19 00:39:03,211 - INFO - Completed /viper/ptmp/arego/RC4K1_EN_100/7285.h5 in 14.24 seconds
2025-09-19 00:39:03,519 - INFO - Processing /viper/ptmp/arego/RC4K1/23839.h5
2025-09-19 00:39:04,678 - INFO - Completed /viper/ptmp/arego/RC4K1_EN_100/4546.h5 in 22.62 seconds
2025-09-19 00:39:04,878 - INFO - Processing /viper/ptmp/arego/RC4K1/27742.h5
2025-09-19 00:39:05,212 - INFO - File 22767: Filtered 8214472 hits and 8 records
2025-09-19 00:39:06,070 - INFO - Completed /viper/ptmp/arego/RC4K1_EN_100/4761.h5 in 27.66 seconds
2025-09-19 00:39:06,105 - INFO - File 23839: Filtered 7845048 hits and 4 records
2025-09-19 00:39:06,231 - INFO - Processing /viper/ptmp/arego/RC4K1/14620.h5
2025-09-19 00:39:07,311 - INFO - File 27742: Filtered 11583055 hits and 8 records
2025-09-19 00:39:07,972 - INFO - Completed /viper/ptmp/arego/RC4K1_EN_100/22257.h5 in 42.97 seconds
2025-09-19 00:39:07,992 - INFO - Completed /viper/ptmp/arego/RC4K1_EN_100/10799.h5 in 20.73 seconds
2025-09-19 00:39:08,151 - INFO - Processing /viper/ptmp/arego/RC4K1/7885.h5
2025-09-19 00:39:08,183 - INFO - Processing /viper/ptmp/arego/RC4K1/26854.h5
2025-09-19 00:39:08,242 - INFO - Completed /viper/ptmp/arego/RC4K1_EN_100/5163.h5 in 17.15 seconds
2025-09-19 00:39:08,465 - INFO - Completed /viper/ptmp/arego/RC4K1_EN_100/12189.h5 in 16.35 seconds
2025-09-19 00:39:08,633 - INFO - Completed /viper/ptmp/arego/RC4K1_EN_100/21842.h5 in 10.61 seconds
2025-09-19 00:39:08,656 - INFO - Completed /viper/ptmp/arego/RC4K1_EN_100/13751.h5 in 28.59 seconds
2025-09-19 00:39:08,830 - INFO - Processing /viper/ptmp/arego/RC4K1/3255.h5
2025-09-19 00:39:08,850 - INFO - Processing /viper/ptmp/arego/RC4K1/8712.h5
2025-09-19 00:39:08,907 - INFO - Processing /viper/ptmp/arego/RC4K1/2854.h5
2025-09-19 00:39:09,016 - INFO - File 14620: Filtered 3226440 hits and 6 records
2025-09-19 00:39:09,142 - INFO - Completed /viper/ptmp/arego/RC4K1_EN_100/11112.h5 in 28.80 seconds
2025-09-19 00:39:09,428 - INFO - Processing /viper/ptmp/arego/RC4K1/25198.h5
2025-09-19 00:39:10,082 - INFO - Processing /viper/ptmp/arego/RC4K1/20259.h5
2025-09-19 00:39:10,292 - INFO - Completed /viper/ptmp/arego/RC4K1_EN_100/410.h5 in 10.08 seconds
2025-09-19 00:39:10,713 - INFO - File 26854: Filtered 5100062 hits and 6 records
2025-09-19 00:39:10,827 - INFO - Processing /viper/ptmp/arego/RC4K1/12106.h5
2025-09-19 00:39:10,862 - INFO - File 7885: Filtered 8749032 hits and 5 records
2025-09-19 00:39:11,008 - INFO - Completed /viper/ptmp/arego/RC4K1_EN_100/499.h5 in 27.78 seconds
2025-09-19 00:39:11,169 - INFO - Processing /viper/ptmp/arego/RC4K1/227.h5
2025-09-19 00:39:11,435 - INFO - Completed /viper/ptmp/arego/RC4K1_EN_100/13348.h5 in 28.43 seconds
2025-09-19 00:39:11,494 - INFO - File 2854: Filtered 6885382 hits and 8 records
2025-09-19 00:39:11,659 - INFO - Processing /viper/ptmp/arego/RC4K1/26862.h5
2025-09-19 00:39:11,764 - INFO - File 8712: Filtered 6512602 hits and 5 records
2025-09-19 00:39:12,313 - INFO - Completed /viper/ptmp/arego/RC4K1_EN_100/10498.h5 in 26.53 seconds
2025-09-19 00:39:12,410 - INFO - File 3255: Filtered 4440485 hits and 5 records
2025-09-19 00:39:12,479 - INFO - Processing /viper/ptmp/arego/RC4K1/23820.h5
2025-09-19 00:39:12,605 - INFO - Completed /viper/ptmp/arego/RC4K1_EN_100/14949.h5 in 28.90 seconds
2025-09-19 00:39:12,822 - INFO - Processing /viper/ptmp/arego/RC4K1/8760.h5
2025-09-19 00:39:12,952 - INFO - File 25198: Filtered 8449891 hits and 8 records
2025-09-19 00:39:13,126 - INFO - Completed /viper/ptmp/arego/RC4K1_EN_100/13280.h5 in 37.15 seconds
2025-09-19 00:39:13,297 - INFO - File 227: Filtered 4612920 hits and 6 records
2025-09-19 00:39:13,487 - INFO - Processing /viper/ptmp/arego/RC4K1/12578.h5
2025-09-19 00:39:13,588 - INFO - Completed /viper/ptmp/arego/RC4K1_EN_100/14178.h5 in 32.76 seconds
2025-09-19 00:39:13,822 - INFO - File 20259: Filtered 11100020 hits and 9 records
2025-09-19 00:39:13,830 - INFO - Processing /viper/ptmp/arego/RC4K1/27148.h5
2025-09-19 00:39:14,322 - INFO - File 26862: Filtered 12397469 hits and 6 records
2025-09-19 00:39:14,622 - INFO - Completed /viper/ptmp/arego/RC4K1_EN_100/8825.h5 in 20.76 seconds
2025-09-19 00:39:14,793 - INFO - Processing /viper/ptmp/arego/RC4K1/16191.h5
2025-09-19 00:39:14,933 - INFO - File 12106: Filtered 3297590 hits and 5 records
2025-09-19 00:39:15,084 - INFO - Completed /viper/ptmp/arego/RC4K1_EN_100/1679.h5 in 19.38 seconds
2025-09-19 00:39:15,251 - INFO - Processing /viper/ptmp/arego/RC4K1/18843.h5
2025-09-19 00:39:15,297 - INFO - File 23820: Filtered 11301437 hits and 7 records
2025-09-19 00:39:15,637 - INFO - File 8760: Filtered 8653269 hits and 6 records
2025-09-19 00:39:16,336 - INFO - Completed /viper/ptmp/arego/RC4K1_EN_100/2687.h5 in 21.66 seconds
2025-09-19 00:39:16,446 - INFO - Completed /viper/ptmp/arego/RC4K1_EN_100/22974.h5 in 32.51 seconds
2025-09-19 00:39:16,501 - INFO - Processing /viper/ptmp/arego/RC4K1/14852.h5
2025-09-19 00:39:16,596 - INFO - Completed /viper/ptmp/arego/RC4K1_EN_100/27742.h5 in 11.72 seconds
2025-09-19 00:39:16,621 - INFO - Processing /viper/ptmp/arego/RC4K1/13281.h5
2025-09-19 00:39:16,820 - INFO - File 12578: Filtered 4865621 hits and 5 records
2025-09-19 00:39:17,126 - INFO - File 27148: Filtered 10203883 hits and 9 records
2025-09-19 00:39:17,509 - INFO - Processing /viper/ptmp/arego/RC4K1/16155.h5
2025-09-19 00:39:17,705 - INFO - File 16191: Filtered 8514228 hits and 7 records
2025-09-19 00:39:18,204 - INFO - Completed /viper/ptmp/arego/RC4K1_EN_100/26850.h5 in 39.95 seconds
2025-09-19 00:39:18,433 - INFO - Processing /viper/ptmp/arego/RC4K1/11175.h5
2025-09-19 00:39:18,445 - INFO - File 18843: Filtered 6209610 hits and 8 records
2025-09-19 00:39:18,794 - INFO - Completed /viper/ptmp/arego/RC4K1_EN_100/22734.h5 in 19.52 seconds
2025-09-19 00:39:19,065 - INFO - Completed /viper/ptmp/arego/RC4K1_EN_100/22767.h5 in 16.39 seconds
2025-09-19 00:39:19,114 - INFO - File 14852: Filtered 9281605 hits and 6 records
2025-09-19 00:39:19,273 - INFO - Processing /viper/ptmp/arego/RC4K1/8416.h5
2025-09-19 00:39:19,419 - INFO - Completed /viper/ptmp/arego/RC4K1_EN_100/16027.h5 in 24.46 seconds
2025-09-19 00:39:19,588 - INFO - Processing /viper/ptmp/arego/RC4K1/10582.h5
2025-09-19 00:39:19,770 - INFO - File 13281: Filtered 4118384 hits and 9 records
2025-09-19 00:39:19,804 - INFO - Processing /viper/ptmp/arego/RC4K1/16727.h5
2025-09-19 00:39:20,263 - INFO - File 16155: Filtered 9869268 hits and 8 records
2025-09-19 00:39:21,137 - INFO - Completed /viper/ptmp/arego/RC4K1_EN_100/16568.h5 in 29.96 seconds
2025-09-19 00:39:21,138 - INFO - File 11175: Filtered 260473 hits and 3 records
2025-09-19 00:39:21,363 - INFO - Processing /viper/ptmp/arego/RC4K1/8782.h5
2025-09-19 00:39:21,465 - INFO - File 8416: Filtered 7108010 hits and 8 records
2025-09-19 00:39:22,429 - INFO - File 10582: Filtered 14215282 hits and 9 records
2025-09-19 00:39:22,440 - INFO - File 16727: Filtered 7659252 hits and 7 records
2025-09-19 00:39:23,300 - INFO - Completed /viper/ptmp/arego/RC4K1_EN_100/24098.h5 in 30.64 seconds
2025-09-19 00:39:23,389 - INFO - Completed /viper/ptmp/arego/RC4K1_EN_100/29791.h5 in 23.53 seconds
2025-09-19 00:39:23,494 - INFO - Processing /viper/ptmp/arego/RC4K1/6196.h5
2025-09-19 00:39:23,618 - INFO - Processing /viper/ptmp/arego/RC4K1/2436.h5
2025-09-19 00:39:24,411 - INFO - Completed /viper/ptmp/arego/RC4K1_EN_100/26862.h5 in 12.75 seconds
2025-09-19 00:39:24,587 - INFO - File 8782: Filtered 11171561 hits and 6 records
2025-09-19 00:39:24,642 - INFO - Processing /viper/ptmp/arego/RC4K1/25729.h5
2025-09-19 00:39:25,660 - INFO - File 6196: Filtered 7907292 hits and 6 records
2025-09-19 00:39:26,089 - INFO - Completed /viper/ptmp/arego/RC4K1_EN_100/23839.h5 in 22.57 seconds
2025-09-19 00:39:26,317 - INFO - Processing /viper/ptmp/arego/RC4K1/11532.h5
2025-09-19 00:39:26,363 - INFO - Completed /viper/ptmp/arego/RC4K1_EN_100/5869.h5 in 34.62 seconds
2025-09-19 00:39:26,917 - INFO - File 2436: Filtered 13762804 hits and 8 records
2025-09-19 00:39:26,971 - INFO - Processing /viper/ptmp/arego/RC4K1/8837.h5
2025-09-19 00:39:27,414 - INFO - Completed /viper/ptmp/arego/RC4K1_EN_100/18543.h5 in 27.38 seconds
2025-09-19 00:39:27,467 - INFO - Completed /viper/ptmp/arego/RC4K1_EN_100/20259.h5 in 17.38 seconds
2025-09-19 00:39:27,573 - INFO - Processing /viper/ptmp/arego/RC4K1/18765.h5
2025-09-19 00:39:27,635 - INFO - Processing /viper/ptmp/arego/RC4K1/482.h5
2025-09-19 00:39:27,973 - INFO - Completed /viper/ptmp/arego/RC4K1_EN_100/10582.h5 in 8.39 seconds
2025-09-19 00:39:28,149 - INFO - File 25729: Filtered 4271506 hits and 5 records
2025-09-19 00:39:28,314 - INFO - Processing /viper/ptmp/arego/RC4K1/19243.h5
2025-09-19 00:39:28,739 - INFO - Completed /viper/ptmp/arego/RC4K1_EN_100/23820.h5 in 16.26 seconds
2025-09-19 00:39:28,954 - INFO - File 11532: Filtered 11367322 hits and 8 records
2025-09-19 00:39:28,984 - INFO - Processing /viper/ptmp/arego/RC4K1/23069.h5
2025-09-19 00:39:29,440 - INFO - File 8837: Filtered 3889772 hits and 7 records
2025-09-19 00:39:29,876 - INFO - Completed /viper/ptmp/arego/RC4K1_EN_100/27489.h5 in 40.28 seconds
2025-09-19 00:39:30,053 - INFO - Processing /viper/ptmp/arego/RC4K1/18747.h5
2025-09-19 00:39:30,275 - INFO - File 18765: Filtered 11451094 hits and 9 records
2025-09-19 00:39:30,454 - INFO - Completed /viper/ptmp/arego/RC4K1_EN_100/12684.h5 in 39.30 seconds
2025-09-19 00:39:30,685 - INFO - Processing /viper/ptmp/arego/RC4K1/1802.h5
2025-09-19 00:39:30,806 - INFO - File 482: Filtered 5586328 hits and 5 records
2025-09-19 00:39:31,544 - INFO - File 19243: Filtered 8077749 hits and 6 records
2025-09-19 00:39:32,472 - INFO - Completed /viper/ptmp/arego/RC4K1_EN_100/7885.h5 in 24.32 seconds
2025-09-19 00:39:32,638 - INFO - Processing /viper/ptmp/arego/RC4K1/6574.h5
2025-09-19 00:39:32,686 - INFO - File 23069: Filtered 9090953 hits and 8 records
2025-09-19 00:39:32,793 - INFO - File 18747: Filtered 7038063 hits and 4 records
2025-09-19 00:39:33,183 - INFO - File 1802: Filtered 11023747 hits and 8 records
2025-09-19 00:39:33,192 - INFO - Completed /viper/ptmp/arego/RC4K1_EN_100/2436.h5 in 9.57 seconds
2025-09-19 00:39:33,350 - INFO - Processing /viper/ptmp/arego/RC4K1/24090.h5
2025-09-19 00:39:33,417 - INFO - Completed /viper/ptmp/arego/RC4K1_EN_100/11532.h5 in 7.10 seconds
2025-09-19 00:39:33,638 - INFO - Processing /viper/ptmp/arego/RC4K1/20893.h5
2025-09-19 00:39:35,628 - INFO - File 6574: Filtered 6788921 hits and 8 records
2025-09-19 00:39:36,340 - INFO - File 20893: Filtered 8121919 hits and 9 records
2025-09-19 00:39:36,546 - INFO - File 24090: Filtered 13611896 hits and 6 records
2025-09-19 00:39:36,844 - INFO - Completed /viper/ptmp/arego/RC4K1_EN_100/27148.h5 in 23.01 seconds
2025-09-19 00:39:36,881 - INFO - Completed /viper/ptmp/arego/RC4K1_EN_100/25198.h5 in 27.45 seconds
2025-09-19 00:39:37,013 - INFO - Processing /viper/ptmp/arego/RC4K1/7608.h5
2025-09-19 00:39:37,040 - INFO - Processing /viper/ptmp/arego/RC4K1/1524.h5
2025-09-19 00:39:40,041 - INFO - Completed /viper/ptmp/arego/RC4K1_EN_100/227.h5 in 28.87 seconds
2025-09-19 00:39:40,122 - INFO - File 7608: Filtered 10676449 hits and 6 records
2025-09-19 00:39:40,272 - INFO - File 1524: Filtered 8948754 hits and 6 records
2025-09-19 00:39:40,347 - INFO - Processing /viper/ptmp/arego/RC4K1/24014.h5
2025-09-19 00:39:40,757 - INFO - Completed /viper/ptmp/arego/RC4K1_EN_100/8416.h5 in 21.48 seconds
2025-09-19 00:39:40,798 - INFO - Completed /viper/ptmp/arego/RC4K1_EN_100/8782.h5 in 19.44 seconds
2025-09-19 00:39:40,977 - INFO - Processing /viper/ptmp/arego/RC4K1/14706.h5
2025-09-19 00:39:41,101 - INFO - Processing /viper/ptmp/arego/RC4K1/14214.h5
2025-09-19 00:39:41,114 - INFO - Completed /viper/ptmp/arego/RC4K1_EN_100/16155.h5 in 23.60 seconds
2025-09-19 00:39:41,131 - INFO - Completed /viper/ptmp/arego/RC4K1_EN_100/1802.h5 in 10.45 seconds
2025-09-19 00:39:41,142 - INFO - Completed /viper/ptmp/arego/RC4K1_EN_100/14852.h5 in 24.64 seconds
2025-09-19 00:39:41,289 - INFO - Processing /viper/ptmp/arego/RC4K1/17739.h5
2025-09-19 00:39:41,342 - INFO - Completed /viper/ptmp/arego/RC4K1_EN_100/6196.h5 in 17.85 seconds
2025-09-19 00:39:41,854 - INFO - Completed /viper/ptmp/arego/RC4K1_EN_100/2854.h5 in 32.95 seconds
2025-09-19 00:39:41,933 - INFO - Processing /viper/ptmp/arego/RC4K1/2805.h5
2025-09-19 00:39:42,003 - INFO - Processing /viper/ptmp/arego/RC4K1/8919.h5
2025-09-19 00:39:42,431 - INFO - Processing /viper/ptmp/arego/RC4K1/24373.h5
2025-09-19 00:39:42,468 - INFO - Completed /viper/ptmp/arego/RC4K1_EN_100/8760.h5 in 29.65 seconds
2025-09-19 00:39:42,599 - INFO - File 24014: Filtered 3833802 hits and 3 records
2025-09-19 00:39:43,000 - INFO - Processing /viper/ptmp/arego/RC4K1/12226.h5
2025-09-19 00:39:43,109 - INFO - Completed /viper/ptmp/arego/RC4K1_EN_100/8712.h5 in 34.26 seconds
2025-09-19 00:39:43,276 - INFO - Processing /viper/ptmp/arego/RC4K1/23199.h5
2025-09-19 00:39:43,277 - INFO - Processing /viper/ptmp/arego/RC4K1/23552.h5
2025-09-19 00:39:43,522 - INFO - File 14214: Filtered 4336084 hits and 5 records
2025-09-19 00:39:43,720 - INFO - Completed /viper/ptmp/arego/RC4K1_EN_100/26854.h5 in 35.54 seconds
2025-09-19 00:39:43,877 - INFO - File 14706: Filtered 9719317 hits and 8 records
2025-09-19 00:39:44,090 - INFO - File 17739: Filtered 5706624 hits and 8 records
2025-09-19 00:39:44,106 - INFO - Processing /viper/ptmp/arego/RC4K1/29222.h5
2025-09-19 00:39:44,696 - INFO - File 8919: Filtered 8800948 hits and 6 records
2025-09-19 00:39:44,804 - INFO - Completed /viper/ptmp/arego/RC4K1_EN_100/16191.h5 in 30.01 seconds
2025-09-19 00:39:45,251 - INFO - File 2805: Filtered 8318863 hits and 7 records
2025-09-19 00:39:45,338 - INFO - Processing /viper/ptmp/arego/RC4K1/19552.h5
2025-09-19 00:39:45,482 - INFO - Completed /viper/ptmp/arego/RC4K1_EN_100/16727.h5 in 25.68 seconds
2025-09-19 00:39:45,515 - INFO - File 12226: Filtered 7175775 hits and 7 records
2025-09-19 00:39:45,705 - INFO - Completed /viper/ptmp/arego/RC4K1_EN_100/24090.h5 in 12.35 seconds
2025-09-19 00:39:45,712 - INFO - Completed /viper/ptmp/arego/RC4K1_EN_100/18765.h5 in 18.14 seconds
2025-09-19 00:39:45,728 - INFO - Processing /viper/ptmp/arego/RC4K1/7855.h5
2025-09-19 00:39:45,912 - INFO - Processing /viper/ptmp/arego/RC4K1/13949.h5
2025-09-19 00:39:46,158 - INFO - File 23552: Filtered 8609983 hits and 7 records
2025-09-19 00:39:46,326 - INFO - File 24373: Filtered 7132223 hits and 3 records
2025-09-19 00:39:46,347 - INFO - Processing /viper/ptmp/arego/RC4K1/28722.h5
2025-09-19 00:39:46,691 - INFO - File 23199: Filtered 15393844 hits and 7 records
2025-09-19 00:39:46,928 - INFO - File 29222: Filtered 15292586 hits and 11 records
2025-09-19 00:39:48,595 - INFO - File 7855: Filtered 4516118 hits and 9 records
2025-09-19 00:39:48,600 - INFO - File 19552: Filtered 13741073 hits and 7 records
2025-09-19 00:39:48,731 - INFO - File 13949: Filtered 9079686 hits and 7 records
2025-09-19 00:39:49,339 - INFO - File 28722: Filtered 8554228 hits and 7 records
2025-09-19 00:39:50,844 - INFO - Completed /viper/ptmp/arego/RC4K1_EN_100/23199.h5 in 7.57 seconds
2025-09-19 00:39:51,059 - INFO - Processing /viper/ptmp/arego/RC4K1/22263.h5
2025-09-19 00:39:51,517 - INFO - Completed /viper/ptmp/arego/RC4K1_EN_100/3255.h5 in 42.69 seconds
2025-09-19 00:39:51,687 - INFO - Processing /viper/ptmp/arego/RC4K1/25111.h5
2025-09-19 00:39:51,711 - INFO - Completed /viper/ptmp/arego/RC4K1_EN_100/29222.h5 in 7.60 seconds
2025-09-19 00:39:51,855 - INFO - Processing /viper/ptmp/arego/RC4K1/16474.h5
2025-09-19 00:39:54,094 - INFO - Completed /viper/ptmp/arego/RC4K1_EN_100/18843.h5 in 38.84 seconds
2025-09-19 00:39:54,268 - INFO - File 22263: Filtered 3256663 hits and 5 records
2025-09-19 00:39:54,286 - INFO - Processing /viper/ptmp/arego/RC4K1/16996.h5
2025-09-19 00:39:54,978 - INFO - File 25111: Filtered 6812394 hits and 7 records
2025-09-19 00:39:54,979 - INFO - File 16474: Filtered 7285949 hits and 6 records
2025-09-19 00:39:55,371 - INFO - Completed /viper/ptmp/arego/RC4K1_EN_100/14620.h5 in 49.14 seconds
2025-09-19 00:39:55,532 - INFO - Processing /viper/ptmp/arego/RC4K1/16347.h5
2025-09-19 00:39:57,457 - INFO - File 16996: Filtered 13799432 hits and 8 records
2025-09-19 00:39:57,804 - INFO - Completed /viper/ptmp/arego/RC4K1_EN_100/23069.h5 in 28.82 seconds
2025-09-19 00:39:58,034 - INFO - Processing /viper/ptmp/arego/RC4K1/29345.h5
2025-09-19 00:39:58,181 - INFO - Completed /viper/ptmp/arego/RC4K1_EN_100/12578.h5 in 44.69 seconds
2025-09-19 00:39:58,352 - INFO - Processing /viper/ptmp/arego/RC4K1/25795.h5
2025-09-19 00:39:58,367 - INFO - File 16347: Filtered 7078348 hits and 5 records
2025-09-19 00:39:58,725 - INFO - Completed /viper/ptmp/arego/RC4K1_EN_100/7608.h5 in 21.71 seconds
2025-09-19 00:39:58,973 - INFO - Processing /viper/ptmp/arego/RC4K1/9427.h5
2025-09-19 00:39:59,049 - INFO - Completed /viper/ptmp/arego/RC4K1_EN_100/20893.h5 in 25.41 seconds
2025-09-19 00:39:59,309 - INFO - Processing /viper/ptmp/arego/RC4K1/18613.h5
2025-09-19 00:40:00,627 - INFO - Completed /viper/ptmp/arego/RC4K1_EN_100/12106.h5 in 49.80 seconds
2025-09-19 00:40:00,817 - INFO - Processing /viper/ptmp/arego/RC4K1/17497.h5
2025-09-19 00:40:00,949 - INFO - Completed /viper/ptmp/arego/RC4K1_EN_100/19243.h5 in 32.63 seconds
2025-09-19 00:40:01,178 - INFO - File 29345: Filtered 11973982 hits and 6 records
2025-09-19 00:40:01,483 - INFO - File 25795: Filtered 9040765 hits and 5 records
2025-09-19 00:40:01,651 - INFO - Processing /viper/ptmp/arego/RC4K1/28090.h5
2025-09-19 00:40:01,903 - INFO - File 18613: Filtered 9324457 hits and 6 records
2025-09-19 00:40:02,032 - INFO - Completed /viper/ptmp/arego/RC4K1_EN_100/19552.h5 in 16.69 seconds
2025-09-19 00:40:02,256 - INFO - Processing /viper/ptmp/arego/RC4K1/17734.h5
2025-09-19 00:40:02,508 - INFO - File 9427: Filtered 9120823 hits and 6 records
2025-09-19 00:40:03,198 - INFO - Completed /viper/ptmp/arego/RC4K1_EN_100/8919.h5 in 21.19 seconds
2025-09-19 00:40:03,457 - INFO - Processing /viper/ptmp/arego/RC4K1/24531.h5
2025-09-19 00:40:04,120 - INFO - File 17497: Filtered 10884601 hits and 8 records
2025-09-19 00:40:04,908 - INFO - Completed /viper/ptmp/arego/RC4K1_EN_100/8837.h5 in 37.94 seconds
2025-09-19 00:40:05,127 - INFO - Processing /viper/ptmp/arego/RC4K1/9057.h5
2025-09-19 00:40:05,133 - INFO - File 28090: Filtered 8546109 hits and 4 records
2025-09-19 00:40:05,877 - INFO - File 17734: Filtered 13300997 hits and 9 records
2025-09-19 00:40:06,116 - INFO - Completed /viper/ptmp/arego/RC4K1_EN_100/14706.h5 in 25.14 seconds
2025-09-19 00:40:06,201 - INFO - File 24531: Filtered 7260035 hits and 8 records
2025-09-19 00:40:06,282 - INFO - Processing /viper/ptmp/arego/RC4K1/24120.h5
2025-09-19 00:40:06,303 - INFO - Completed /viper/ptmp/arego/RC4K1_EN_100/18747.h5 in 36.25 seconds
2025-09-19 00:40:06,467 - INFO - Processing /viper/ptmp/arego/RC4K1/5428.h5
2025-09-19 00:40:06,965 - INFO - Completed /viper/ptmp/arego/RC4K1_EN_100/482.h5 in 39.33 seconds
2025-09-19 00:40:07,063 - INFO - Completed /viper/ptmp/arego/RC4K1_EN_100/12226.h5 in 24.06 seconds
2025-09-19 00:40:07,119 - INFO - Processing /viper/ptmp/arego/RC4K1/16249.h5
2025-09-19 00:40:07,273 - INFO - Processing /viper/ptmp/arego/RC4K1/23654.h5
2025-09-19 00:40:07,674 - INFO - Completed /viper/ptmp/arego/RC4K1_EN_100/13281.h5 in 51.05 seconds
2025-09-19 00:40:07,725 - INFO - File 9057: Filtered 11224393 hits and 6 records
2025-09-19 00:40:07,902 - INFO - Processing /viper/ptmp/arego/RC4K1/2511.h5
2025-09-19 00:40:07,938 - INFO - Completed /viper/ptmp/arego/RC4K1_EN_100/16996.h5 in 13.65 seconds
2025-09-19 00:40:08,094 - INFO - Processing /viper/ptmp/arego/RC4K1/16181.h5
2025-09-19 00:40:09,204 - INFO - File 24120: Filtered 8789180 hits and 5 records
2025-09-19 00:40:09,547 - INFO - File 23654: Filtered 8657423 hits and 4 records
2025-09-19 00:40:09,765 - INFO - Completed /viper/ptmp/arego/RC4K1_EN_100/1524.h5 in 32.73 seconds
2025-09-19 00:40:09,994 - INFO - File 5428: Filtered 10140411 hits and 7 records
2025-09-19 00:40:10,018 - INFO - Processing /viper/ptmp/arego/RC4K1/29566.h5
2025-09-19 00:40:10,532 - INFO - File 16249: Filtered 8152637 hits and 10 records
2025-09-19 00:40:11,523 - INFO - File 2511: Filtered 4795514 hits and 5 records
2025-09-19 00:40:11,546 - INFO - File 16181: Filtered 14521969 hits and 8 records
2025-09-19 00:40:13,461 - INFO - File 29566: Filtered 6381117 hits and 8 records
2025-09-19 00:40:13,462 - INFO - Completed /viper/ptmp/arego/RC4K1_EN_100/23552.h5 in 30.18 seconds
2025-09-19 00:40:13,638 - INFO - Processing /viper/ptmp/arego/RC4K1/27042.h5
2025-09-19 00:40:14,311 - INFO - Completed /viper/ptmp/arego/RC4K1_EN_100/25729.h5 in 49.67 seconds
2025-09-19 00:40:14,555 - INFO - Processing /viper/ptmp/arego/RC4K1/16693.h5
2025-09-19 00:40:14,937 - INFO - Completed /viper/ptmp/arego/RC4K1_EN_100/24014.h5 in 34.59 seconds
2025-09-19 00:40:15,129 - INFO - Processing /viper/ptmp/arego/RC4K1/11997.h5
2025-09-19 00:40:15,222 - INFO - Completed /viper/ptmp/arego/RC4K1_EN_100/13949.h5 in 29.31 seconds
2025-09-19 00:40:15,241 - INFO - Completed /viper/ptmp/arego/RC4K1_EN_100/14214.h5 in 34.14 seconds
2025-09-19 00:40:15,417 - INFO - Processing /viper/ptmp/arego/RC4K1/1036.h5
2025-09-19 00:40:15,456 - INFO - Completed /viper/ptmp/arego/RC4K1_EN_100/6574.h5 in 42.82 seconds
2025-09-19 00:40:15,626 - INFO - Processing /viper/ptmp/arego/RC4K1/19349.h5
2025-09-19 00:40:15,699 - INFO - Processing /viper/ptmp/arego/RC4K1/23692.h5
2025-09-19 00:40:16,612 - INFO - File 27042: Filtered 9043553 hits and 9 records
2025-09-19 00:40:16,779 - INFO - Completed /viper/ptmp/arego/RC4K1_EN_100/9057.h5 in 11.65 seconds
2025-09-19 00:40:17,003 - INFO - Processing /viper/ptmp/arego/RC4K1/46.h5
2025-09-19 00:40:17,500 - INFO - Completed /viper/ptmp/arego/RC4K1_EN_100/2805.h5 in 35.57 seconds
2025-09-19 00:40:17,721 - INFO - Processing /viper/ptmp/arego/RC4K1/7441.h5
2025-09-19 00:40:17,728 - INFO - File 11997: Filtered 4861409 hits and 7 records
2025-09-19 00:40:17,888 - INFO - File 16693: Filtered 14394355 hits and 8 records
2025-09-19 00:40:18,436 - INFO - File 23692: Filtered 5662086 hits and 8 records
2025-09-19 00:40:18,671 - INFO - File 1036: Filtered 7894118 hits and 6 records
2025-09-19 00:40:18,747 - INFO - Completed /viper/ptmp/arego/RC4K1_EN_100/11175.h5 in 60.31 seconds
2025-09-19 00:40:18,893 - INFO - File 19349: Filtered 4228243 hits and 5 records
2025-09-19 00:40:18,983 - INFO - Processing /viper/ptmp/arego/RC4K1/878.h5
2025-09-19 00:40:19,112 - INFO - Completed /viper/ptmp/arego/RC4K1_EN_100/29345.h5 in 21.08 seconds
2025-09-19 00:40:19,336 - INFO - Processing /viper/ptmp/arego/RC4K1/10872.h5
2025-09-19 00:40:19,704 - INFO - Completed /viper/ptmp/arego/RC4K1_EN_100/28722.h5 in 33.36 seconds
2025-09-19 00:40:19,898 - INFO - Processing /viper/ptmp/arego/RC4K1/23404.h5
2025-09-19 00:40:19,985 - INFO - File 46: Filtered 7288962 hits and 8 records
2025-09-19 00:40:20,060 - INFO - Completed /viper/ptmp/arego/RC4K1_EN_100/18613.h5 in 20.75 seconds
2025-09-19 00:40:20,296 - INFO - Processing /viper/ptmp/arego/RC4K1/4301.h5
2025-09-19 00:40:20,878 - INFO - Completed /viper/ptmp/arego/RC4K1_EN_100/16181.h5 in 12.78 seconds
2025-09-19 00:40:21,151 - INFO - Processing /viper/ptmp/arego/RC4K1/17521.h5
2025-09-19 00:40:21,163 - INFO - Completed /viper/ptmp/arego/RC4K1_EN_100/17739.h5 in 39.87 seconds
2025-09-19 00:40:21,362 - INFO - Processing /viper/ptmp/arego/RC4K1/24667.h5
2025-09-19 00:40:21,445 - INFO - File 7441: Filtered 7975359 hits and 8 records
2025-09-19 00:40:21,830 - INFO - Completed /viper/ptmp/arego/RC4K1_EN_100/17734.h5 in 19.57 seconds
2025-09-19 00:40:22,006 - INFO - Processing /viper/ptmp/arego/RC4K1/14806.h5
2025-09-19 00:40:22,058 - INFO - File 878: Filtered 10466984 hits and 7 records
2025-09-19 00:40:22,922 - INFO - File 10872: Filtered 4147647 hits and 4 records
2025-09-19 00:40:23,140 - INFO - File 4301: Filtered 8161103 hits and 11 records
2025-09-19 00:40:23,475 - INFO - File 23404: Filtered 13074202 hits and 7 records
2025-09-19 00:40:23,762 - INFO - Completed /viper/ptmp/arego/RC4K1_EN_100/24373.h5 in 41.33 seconds
2025-09-19 00:40:23,970 - INFO - Processing /viper/ptmp/arego/RC4K1/20913.h5
2025-09-19 00:40:24,441 - INFO - File 17521: Filtered 9204863 hits and 4 records
2025-09-19 00:40:24,935 - INFO - File 24667: Filtered 13823282 hits and 7 records
2025-09-19 00:40:25,208 - INFO - Completed /viper/ptmp/arego/RC4K1_EN_100/23654.h5 in 17.94 seconds
2025-09-19 00:40:25,318 - INFO - File 14806: Filtered 12878243 hits and 7 records
2025-09-19 00:40:25,373 - INFO - Processing /viper/ptmp/arego/RC4K1/8188.h5
2025-09-19 00:40:26,301 - INFO - Completed /viper/ptmp/arego/RC4K1_EN_100/16693.h5 in 11.75 seconds
2025-09-19 00:40:26,508 - INFO - Processing /viper/ptmp/arego/RC4K1/17330.h5
2025-09-19 00:40:27,097 - INFO - Completed /viper/ptmp/arego/RC4K1_EN_100/17497.h5 in 26.28 seconds
2025-09-19 00:40:27,288 - INFO - Processing /viper/ptmp/arego/RC4K1/22498.h5
2025-09-19 00:40:27,518 - INFO - Completed /viper/ptmp/arego/RC4K1_EN_100/7855.h5 in 41.79 seconds
2025-09-19 00:40:27,526 - INFO - File 20913: Filtered 2893046 hits and 4 records
2025-09-19 00:40:27,734 - INFO - Processing /viper/ptmp/arego/RC4K1/7868.h5
2025-09-19 00:40:27,871 - INFO - File 8188: Filtered 4865798 hits and 5 records
2025-09-19 00:40:28,906 - INFO - Completed /viper/ptmp/arego/RC4K1_EN_100/16474.h5 in 37.05 seconds
2025-09-19 00:40:29,063 - INFO - Processing /viper/ptmp/arego/RC4K1/24094.h5
2025-09-19 00:40:29,573 - INFO - File 17330: Filtered 8952146 hits and 8 records
2025-09-19 00:40:30,675 - INFO - Completed /viper/ptmp/arego/RC4K1_EN_100/25795.h5 in 32.32 seconds
2025-09-19 00:40:30,723 - INFO - File 7868: Filtered 8350389 hits and 8 records
2025-09-19 00:40:30,861 - INFO - Processing /viper/ptmp/arego/RC4K1/15243.h5
2025-09-19 00:40:31,113 - INFO - Completed /viper/ptmp/arego/RC4K1_EN_100/16347.h5 in 35.58 seconds
2025-09-19 00:40:31,278 - INFO - Processing /viper/ptmp/arego/RC4K1/19811.h5
2025-09-19 00:40:32,100 - INFO - File 24094: Filtered 15971359 hits and 6 records
2025-09-19 00:40:32,884 - INFO - File 22498: Filtered 3485025 hits and 10 records
2025-09-19 00:40:32,931 - INFO - Completed /viper/ptmp/arego/RC4K1_EN_100/9427.h5 in 33.96 seconds
2025-09-19 00:40:32,983 - INFO - Completed /viper/ptmp/arego/RC4K1_EN_100/25111.h5 in 41.30 seconds
2025-09-19 00:40:33,084 - INFO - Processing /viper/ptmp/arego/RC4K1/25339.h5
2025-09-19 00:40:33,287 - INFO - Processing /viper/ptmp/arego/RC4K1/1826.h5
2025-09-19 00:40:34,298 - INFO - File 19811: Filtered 10207310 hits and 6 records
2025-09-19 00:40:34,495 - INFO - File 15243: Filtered 11688845 hits and 9 records
2025-09-19 00:40:34,992 - INFO - Completed /viper/ptmp/arego/RC4K1_EN_100/24531.h5 in 31.53 seconds
2025-09-19 00:40:35,214 - INFO - Processing /viper/ptmp/arego/RC4K1/22693.h5
2025-09-19 00:40:36,168 - INFO - File 25339: Filtered 10981160 hits and 8 records
2025-09-19 00:40:36,876 - INFO - File 1826: Filtered 12664737 hits and 6 records
2025-09-19 00:40:37,176 - INFO - Completed /viper/ptmp/arego/RC4K1_EN_100/28090.h5 in 35.52 seconds
2025-09-19 00:40:37,365 - INFO - Completed /viper/ptmp/arego/RC4K1_EN_100/24120.h5 in 31.08 seconds
2025-09-19 00:40:37,394 - INFO - Processing /viper/ptmp/arego/RC4K1/14823.h5
2025-09-19 00:40:37,524 - INFO - Processing /viper/ptmp/arego/RC4K1/14065.h5
2025-09-19 00:40:37,806 - INFO - Completed /viper/ptmp/arego/RC4K1_EN_100/5428.h5 in 31.34 seconds
2025-09-19 00:40:37,929 - INFO - File 22693: Filtered 7686403 hits and 7 records
2025-09-19 00:40:37,985 - INFO - Processing /viper/ptmp/arego/RC4K1/2136.h5
2025-09-19 00:40:39,391 - INFO - Completed /viper/ptmp/arego/RC4K1_EN_100/24094.h5 in 10.33 seconds
2025-09-19 00:40:39,587 - INFO - Processing /viper/ptmp/arego/RC4K1/4697.h5
2025-09-19 00:40:39,655 - INFO - Completed /viper/ptmp/arego/RC4K1_EN_100/878.h5 in 20.67 seconds
2025-09-19 00:40:39,884 - INFO - Processing /viper/ptmp/arego/RC4K1/14561.h5
2025-09-19 00:40:39,966 - INFO - Completed /viper/ptmp/arego/RC4K1_EN_100/24667.h5 in 18.60 seconds
2025-09-19 00:40:40,226 - INFO - Processing /viper/ptmp/arego/RC4K1/25672.h5
2025-09-19 00:40:40,699 - INFO - File 14065: Filtered 7925058 hits and 7 records
2025-09-19 00:40:40,783 - INFO - File 14823: Filtered 7386149 hits and 6 records
2025-09-19 00:40:40,791 - INFO - Completed /viper/ptmp/arego/RC4K1_EN_100/23404.h5 in 20.89 seconds
2025-09-19 00:40:41,052 - INFO - Processing /viper/ptmp/arego/RC4K1/1392.h5
2025-09-19 00:40:41,121 - INFO - File 2136: Filtered 9183143 hits and 7 records
2025-09-19 00:40:42,895 - INFO - File 4697: Filtered 10414176 hits and 9 records
2025-09-19 00:40:42,915 - INFO - File 14561: Filtered 5695248 hits and 8 records
2025-09-19 00:40:44,118 - INFO - File 25672: Filtered 12259824 hits and 6 records
2025-09-19 00:40:44,288 - INFO - Completed /viper/ptmp/arego/RC4K1_EN_100/16249.h5 in 37.17 seconds
2025-09-19 00:40:44,483 - INFO - Processing /viper/ptmp/arego/RC4K1/18531.h5
2025-09-19 00:40:44,569 - INFO - File 1392: Filtered 10748708 hits and 7 records
2025-09-19 00:40:44,986 - INFO - Completed /viper/ptmp/arego/RC4K1_EN_100/27042.h5 in 31.35 seconds
2025-09-19 00:40:45,134 - INFO - Processing /viper/ptmp/arego/RC4K1/16702.h5
2025-09-19 00:40:47,818 - INFO - File 18531: Filtered 15032957 hits and 7 records
2025-09-19 00:40:48,215 - INFO - File 16702: Filtered 7292420 hits and 5 records
2025-09-19 00:40:48,291 - INFO - Completed /viper/ptmp/arego/RC4K1_EN_100/23692.h5 in 32.59 seconds
2025-09-19 00:40:48,455 - INFO - Processing /viper/ptmp/arego/RC4K1/28455.h5
2025-09-19 00:40:48,990 - INFO - Completed /viper/ptmp/arego/RC4K1_EN_100/14806.h5 in 26.98 seconds
2025-09-19 00:40:49,209 - INFO - Processing /viper/ptmp/arego/RC4K1/11899.h5
2025-09-19 00:40:49,651 - INFO - Completed /viper/ptmp/arego/RC4K1_EN_100/4301.h5 in 29.35 seconds
2025-09-19 00:40:49,873 - INFO - Processing /viper/ptmp/arego/RC4K1/8267.h5
2025-09-19 00:40:50,823 - INFO - Completed /viper/ptmp/arego/RC4K1_EN_100/11997.h5 in 35.69 seconds
2025-09-19 00:40:50,989 - INFO - Processing /viper/ptmp/arego/RC4K1/123.h5
2025-09-19 00:40:51,034 - INFO - File 28455: Filtered 6109953 hits and 7 records
2025-09-19 00:40:51,163 - INFO - Completed /viper/ptmp/arego/RC4K1_EN_100/29566.h5 in 41.15 seconds
2025-09-19 00:40:51,352 - INFO - Processing /viper/ptmp/arego/RC4K1/17577.h5
2025-09-19 00:40:51,411 - INFO - Completed /viper/ptmp/arego/RC4K1_EN_100/46.h5 in 34.41 seconds
2025-09-19 00:40:51,730 - INFO - Processing /viper/ptmp/arego/RC4K1/24390.h5
2025-09-19 00:40:52,461 - INFO - Completed /viper/ptmp/arego/RC4K1_EN_100/1036.h5 in 37.04 seconds
2025-09-19 00:40:52,682 - INFO - Processing /viper/ptmp/arego/RC4K1/21826.h5
2025-09-19 00:40:53,073 - INFO - File 11899: Filtered 14347794 hits and 7 records
2025-09-19 00:40:53,309 - INFO - File 8267: Filtered 9885756 hits and 7 records
2025-09-19 00:40:53,472 - INFO - File 123: Filtered 12683324 hits and 10 records
2025-09-19 00:40:54,432 - INFO - File 24390: Filtered 7014429 hits and 8 records
2025-09-19 00:40:54,748 - INFO - File 17577: Filtered 11848860 hits and 6 records
2025-09-19 00:40:56,170 - INFO - File 21826: Filtered 7100622 hits and 6 records
2025-09-19 00:40:56,261 - INFO - Completed /viper/ptmp/arego/RC4K1_EN_100/17521.h5 in 35.11 seconds
2025-09-19 00:40:56,282 - INFO - Completed /viper/ptmp/arego/RC4K1_EN_100/1826.h5 in 22.99 seconds
2025-09-19 00:40:56,418 - INFO - Processing /viper/ptmp/arego/RC4K1/3608.h5
2025-09-19 00:40:56,987 - INFO - Processing /viper/ptmp/arego/RC4K1/19458.h5
2025-09-19 00:40:57,615 - INFO - Completed /viper/ptmp/arego/RC4K1_EN_100/15243.h5 in 26.75 seconds
2025-09-19 00:40:57,776 - INFO - Processing /viper/ptmp/arego/RC4K1/12591.h5
2025-09-19 00:40:58,142 - INFO - Completed /viper/ptmp/arego/RC4K1_EN_100/18531.h5 in 13.66 seconds
2025-09-19 00:40:58,226 - INFO - Completed /viper/ptmp/arego/RC4K1_EN_100/7441.h5 in 40.50 seconds
2025-09-19 00:40:58,337 - INFO - Processing /viper/ptmp/arego/RC4K1/18258.h5
2025-09-19 00:40:58,442 - INFO - Completed /viper/ptmp/arego/RC4K1_EN_100/25339.h5 in 25.36 seconds
2025-09-19 00:40:58,442 - INFO - Processing /viper/ptmp/arego/RC4K1/19512.h5
2025-09-19 00:40:58,510 - INFO - Completed /viper/ptmp/arego/RC4K1_EN_100/7868.h5 in 30.78 seconds
2025-09-19 00:40:58,606 - INFO - Processing /viper/ptmp/arego/RC4K1/14356.h5
2025-09-19 00:40:58,773 - INFO - Processing /viper/ptmp/arego/RC4K1/4012.h5
2025-09-19 00:40:59,458 - INFO - Completed /viper/ptmp/arego/RC4K1_EN_100/123.h5 in 8.47 seconds
2025-09-19 00:40:59,595 - INFO - Processing /viper/ptmp/arego/RC4K1/26316.h5
2025-09-19 00:41:00,374 - INFO - Completed /viper/ptmp/arego/RC4K1_EN_100/22263.h5 in 69.31 seconds
2025-09-19 00:41:00,536 - INFO - Processing /viper/ptmp/arego/RC4K1/23610.h5
2025-09-19 00:41:00,923 - INFO - Completed /viper/ptmp/arego/RC4K1_EN_100/19811.h5 in 29.65 seconds
2025-09-19 00:41:01,104 - INFO - Processing /viper/ptmp/arego/RC4K1/22737.h5
2025-09-19 00:41:01,232 - INFO - Completed /viper/ptmp/arego/RC4K1_EN_100/8188.h5 in 35.86 seconds
2025-09-19 00:41:01,408 - INFO - Processing /viper/ptmp/arego/RC4K1/25514.h5
2025-09-19 00:41:01,785 - INFO - File 14356: Filtered 8994370 hits and 9 records
2025-09-19 00:41:01,824 - INFO - File 4012: Filtered 6118260 hits and 8 records
2025-09-19 00:41:02,273 - INFO - File 26316: Filtered 8393835 hits and 8 records
2025-09-19 00:41:02,905 - INFO - Completed /viper/ptmp/arego/RC4K1_EN_100/17330.h5 in 36.40 seconds
2025-09-19 00:41:03,071 - INFO - Processing /viper/ptmp/arego/RC4K1/14482.h5
2025-09-19 00:41:03,225 - INFO - File 18258: Filtered 10901782 hits and 9 records
2025-09-19 00:41:03,454 - INFO - File 19458: Filtered 10007792 hits and 9 records
2025-09-19 00:41:03,616 - INFO - File 19512: Filtered 2632068 hits and 5 records
2025-09-19 00:41:03,937 - INFO - File 23610: Filtered 9085760 hits and 5 records
2025-09-19 00:41:03,943 - INFO - File 3608: Filtered 10707235 hits and 8 records
2025-09-19 00:41:04,145 - INFO - File 25514: Filtered 6785199 hits and 5 records
2025-09-19 00:41:04,300 - INFO - File 22737: Filtered 12854999 hits and 5 records
2025-09-19 00:41:04,651 - INFO - File 12591: Filtered 8975167 hits and 4 records
2025-09-19 00:41:04,691 - INFO - Completed /viper/ptmp/arego/RC4K1_EN_100/2511.h5 in 56.79 seconds
2025-09-19 00:41:04,861 - INFO - Processing /viper/ptmp/arego/RC4K1/16005.h5
2025-09-19 00:41:07,206 - INFO - Completed /viper/ptmp/arego/RC4K1_EN_100/25672.h5 in 26.98 seconds
2025-09-19 00:41:07,427 - INFO - Processing /viper/ptmp/arego/RC4K1/3904.h5
2025-09-19 00:41:08,413 - INFO - File 16005: Filtered 15546713 hits and 8 records
2025-09-19 00:41:08,704 - INFO - Completed /viper/ptmp/arego/RC4K1_EN_100/22693.h5 in 33.49 seconds
2025-09-19 00:41:08,951 - INFO - File 14482: Filtered 12874126 hits and 11 records
2025-09-19 00:41:08,971 - INFO - Processing /viper/ptmp/arego/RC4K1/26009.h5
2025-09-19 00:41:10,264 - INFO - Completed /viper/ptmp/arego/RC4K1_EN_100/10872.h5 in 50.93 seconds
2025-09-19 00:41:10,463 - INFO - Processing /viper/ptmp/arego/RC4K1/9330.h5
2025-09-19 00:41:11,383 - INFO - Completed /viper/ptmp/arego/RC4K1_EN_100/4697.h5 in 31.80 seconds
2025-09-19 00:41:11,542 - INFO - Completed /viper/ptmp/arego/RC4K1_EN_100/11899.h5 in 22.33 seconds
2025-09-19 00:41:11,544 - INFO - Processing /viper/ptmp/arego/RC4K1/22379.h5
2025-09-19 00:41:11,842 - INFO - File 26009: Filtered 10669724 hits and 7 records
2025-09-19 00:41:12,198 - INFO - Processing /viper/ptmp/arego/RC4K1/28116.h5
2025-09-19 00:41:12,584 - INFO - Completed /viper/ptmp/arego/RC4K1_EN_100/1392.h5 in 31.53 seconds
2025-09-19 00:41:13,058 - INFO - Processing /viper/ptmp/arego/RC4K1/19715.h5
2025-09-19 00:41:13,605 - INFO - File 9330: Filtered 15701499 hits and 4 records
2025-09-19 00:41:14,208 - INFO - Completed /viper/ptmp/arego/RC4K1_EN_100/2136.h5 in 36.22 seconds
2025-09-19 00:41:14,255 - INFO - File 3904: Filtered 7238792 hits and 7 records
2025-09-19 00:41:14,376 - INFO - Processing /viper/ptmp/arego/RC4K1/19341.h5
2025-09-19 00:41:14,769 - INFO - Completed /viper/ptmp/arego/RC4K1_EN_100/19349.h5 in 59.14 seconds
2025-09-19 00:41:14,940 - INFO - Processing /viper/ptmp/arego/RC4K1/9945.h5
2025-09-19 00:41:17,669 - INFO - Completed /viper/ptmp/arego/RC4K1_EN_100/8267.h5 in 27.80 seconds
2025-09-19 00:41:17,892 - INFO - Processing /viper/ptmp/arego/RC4K1/5077.h5
2025-09-19 00:41:18,137 - INFO - Completed /viper/ptmp/arego/RC4K1_EN_100/14823.h5 in 40.74 seconds
2025-09-19 00:41:18,194 - INFO - Completed /viper/ptmp/arego/RC4K1_EN_100/17577.h5 in 26.84 seconds
2025-09-19 00:41:18,295 - INFO - Processing /viper/ptmp/arego/RC4K1/16355.h5
2025-09-19 00:41:18,799 - INFO - File 22379: Filtered 9174192 hits and 9 records
2025-09-19 00:41:18,836 - INFO - Processing /viper/ptmp/arego/RC4K1/6634.h5
2025-09-19 00:41:20,469 - INFO - Completed /viper/ptmp/arego/RC4K1_EN_100/16005.h5 in 15.61 seconds
2025-09-19 00:41:20,696 - INFO - Processing /viper/ptmp/arego/RC4K1/26059.h5
2025-09-19 00:41:21,035 - INFO - Completed /viper/ptmp/arego/RC4K1_EN_100/9330.h5 in 10.57 seconds
2025-09-19 00:41:21,049 - INFO - File 5077: Filtered 8180222 hits and 7 records
2025-09-19 00:41:21,086 - INFO - File 19715: Filtered 15867876 hits and 4 records
2025-09-19 00:41:21,414 - INFO - Completed /viper/ptmp/arego/RC4K1_EN_100/28455.h5 in 32.96 seconds
2025-09-19 00:41:21,546 - INFO - Processing /viper/ptmp/arego/RC4K1/19241.h5
2025-09-19 00:41:21,558 - INFO - File 9945: Filtered 9862591 hits and 7 records
2025-09-19 00:41:21,580 - INFO - Processing /viper/ptmp/arego/RC4K1/17527.h5
2025-09-19 00:41:21,586 - INFO - File 28116: Filtered 6325634 hits and 5 records
2025-09-19 00:41:22,433 - INFO - File 6634: Filtered 9502122 hits and 6 records
2025-09-19 00:41:23,762 - INFO - Completed /viper/ptmp/arego/RC4K1_EN_100/22737.h5 in 22.66 seconds
2025-09-19 00:41:24,037 - INFO - Processing /viper/ptmp/arego/RC4K1/26588.h5
2025-09-19 00:41:24,281 - INFO - File 17527: Filtered 13355588 hits and 7 records
2025-09-19 00:41:25,031 - INFO - File 26059: Filtered 7821733 hits and 7 records
2025-09-19 00:41:25,378 - INFO - Completed /viper/ptmp/arego/RC4K1_EN_100/14561.h5 in 45.49 seconds
2025-09-19 00:41:25,559 - INFO - File 19241: Filtered 8503232 hits and 7 records
2025-09-19 00:41:25,585 - INFO - Processing /viper/ptmp/arego/RC4K1/23781.h5
2025-09-19 00:41:26,719 - INFO - Completed /viper/ptmp/arego/RC4K1_EN_100/26316.h5 in 27.12 seconds
2025-09-19 00:41:26,817 - INFO - File 19341: Filtered 15298297 hits and 7 records
2025-09-19 00:41:26,861 - INFO - File 16355: Filtered 9720780 hits and 9 records
2025-09-19 00:41:26,911 - INFO - Processing /viper/ptmp/arego/RC4K1/3753.h5
2025-09-19 00:41:27,203 - INFO - Completed /viper/ptmp/arego/RC4K1_EN_100/16702.h5 in 42.07 seconds
2025-09-19 00:41:27,442 - INFO - Processing /viper/ptmp/arego/RC4K1/1200.h5
2025-09-19 00:41:27,937 - INFO - File 26588: Filtered 14263666 hits and 8 records
2025-09-19 00:41:28,039 - INFO - Completed /viper/ptmp/arego/RC4K1_EN_100/14482.h5 in 24.97 seconds
2025-09-19 00:41:28,235 - INFO - Processing /viper/ptmp/arego/RC4K1/27501.h5
2025-09-19 00:41:29,037 - INFO - File 23781: Filtered 5631841 hits and 5 records
2025-09-19 00:41:29,652 - INFO - Completed /viper/ptmp/arego/RC4K1_EN_100/26009.h5 in 20.68 seconds
2025-09-19 00:41:29,799 - INFO - File 3753: Filtered 8398498 hits and 7 records
2025-09-19 00:41:29,895 - INFO - Processing /viper/ptmp/arego/RC4K1/12380.h5
2025-09-19 00:41:32,075 - INFO - Completed /viper/ptmp/arego/RC4K1_EN_100/18258.h5 in 33.74 seconds
2025-09-19 00:41:32,236 - INFO - Processing /viper/ptmp/arego/RC4K1/2290.h5
2025-09-19 00:41:32,559 - INFO - Completed /viper/ptmp/arego/RC4K1_EN_100/3608.h5 in 36.14 seconds
2025-09-19 00:41:32,677 - INFO - Completed /viper/ptmp/arego/RC4K1_EN_100/20913.h5 in 68.71 seconds
2025-09-19 00:41:32,782 - INFO - Processing /viper/ptmp/arego/RC4K1/16849.h5
2025-09-19 00:41:32,864 - INFO - Processing /viper/ptmp/arego/RC4K1/24596.h5
2025-09-19 00:41:33,130 - INFO - Completed /viper/ptmp/arego/RC4K1_EN_100/19715.h5 in 20.07 seconds
2025-09-19 00:41:33,369 - INFO - Processing /viper/ptmp/arego/RC4K1/25291.h5
2025-09-19 00:41:33,598 - INFO - Completed /viper/ptmp/arego/RC4K1_EN_100/14065.h5 in 56.07 seconds
2025-09-19 00:41:33,766 - INFO - Processing /viper/ptmp/arego/RC4K1/10040.h5
2025-09-19 00:41:34,209 - INFO - Completed /viper/ptmp/arego/RC4K1_EN_100/14356.h5 in 35.60 seconds
2025-09-19 00:41:34,285 - INFO - Completed /viper/ptmp/arego/RC4K1_EN_100/24390.h5 in 42.55 seconds
2025-09-19 00:41:34,408 - INFO - Processing /viper/ptmp/arego/RC4K1/20641.h5
2025-09-19 00:41:34,506 - INFO - Processing /viper/ptmp/arego/RC4K1/19775.h5
2025-09-19 00:41:35,532 - INFO - Completed /viper/ptmp/arego/RC4K1_EN_100/25514.h5 in 34.12 seconds
2025-09-19 00:41:35,766 - INFO - Processing /viper/ptmp/arego/RC4K1/10461.h5
2025-09-19 00:41:35,880 - INFO - File 2290: Filtered 9701450 hits and 6 records
2025-09-19 00:41:35,911 - INFO - Completed /viper/ptmp/arego/RC4K1_EN_100/17527.h5 in 14.33 seconds
2025-09-19 00:41:36,510 - INFO - File 24596: Filtered 6111957 hits and 6 records
2025-09-19 00:41:36,650 - INFO - Processing /viper/ptmp/arego/RC4K1/24032.h5
2025-09-19 00:41:36,932 - INFO - File 16849: Filtered 8340872 hits and 7 records
2025-09-19 00:41:37,952 - INFO - File 19775: Filtered 13745311 hits and 7 records
2025-09-19 00:41:38,299 - INFO - File 20641: Filtered 12648979 hits and 7 records
2025-09-19 00:41:38,340 - INFO - File 27501: Filtered 12864879 hits and 7 records
2025-09-19 00:41:39,007 - INFO - File 10461: Filtered 7596754 hits and 5 records
2025-09-19 00:41:39,377 - INFO - File 12380: Filtered 9774996 hits and 6 records
2025-09-19 00:41:39,617 - INFO - File 1200: Filtered 13423378 hits and 8 records
2025-09-19 00:41:40,212 - INFO - File 24032: Filtered 4806992 hits and 7 records
2025-09-19 00:41:41,563 - INFO - Completed /viper/ptmp/arego/RC4K1_EN_100/19341.h5 in 27.19 seconds
2025-09-19 00:41:41,725 - INFO - Processing /viper/ptmp/arego/RC4K1/25494.h5
2025-09-19 00:41:45,688 - INFO - File 25494: Filtered 7416162 hits and 7 records
2025-09-19 00:41:45,763 - INFO - File 25291: Filtered 17432639 hits and 8 records
2025-09-19 00:41:46,273 - INFO - File 10040: Filtered 6862753 hits and 6 records
2025-09-19 00:41:46,708 - INFO - Completed /viper/ptmp/arego/RC4K1_EN_100/4012.h5 in 47.93 seconds
2025-09-19 00:41:46,937 - INFO - Processing /viper/ptmp/arego/RC4K1/20017.h5
2025-09-19 00:41:47,256 - INFO - Completed /viper/ptmp/arego/RC4K1_EN_100/26588.h5 in 23.22 seconds
2025-09-19 00:41:47,510 - INFO - Processing /viper/ptmp/arego/RC4K1/7644.h5
2025-09-19 00:41:50,678 - INFO - File 20017: Filtered 10335130 hits and 8 records
2025-09-19 00:41:50,695 - INFO - Completed /viper/ptmp/arego/RC4K1_EN_100/19775.h5 in 16.19 seconds
2025-09-19 00:41:50,928 - INFO - Processing /viper/ptmp/arego/RC4K1/15200.h5
2025-09-19 00:41:50,997 - INFO - Completed /viper/ptmp/arego/RC4K1_EN_100/23610.h5 in 50.46 seconds
2025-09-19 00:41:51,192 - INFO - Processing /viper/ptmp/arego/RC4K1/22231.h5
2025-09-19 00:41:51,271 - INFO - Completed /viper/ptmp/arego/RC4K1_EN_100/21826.h5 in 58.59 seconds
2025-09-19 00:41:51,569 - INFO - Processing /viper/ptmp/arego/RC4K1/26926.h5
2025-09-19 00:41:52,210 - INFO - File 7644: Filtered 10463838 hits and 9 records
2025-09-19 00:41:53,207 - INFO - Completed /viper/ptmp/arego/RC4K1_EN_100/25291.h5 in 19.84 seconds
2025-09-19 00:41:53,338 - INFO - Completed /viper/ptmp/arego/RC4K1_EN_100/19458.h5 in 56.35 seconds
2025-09-19 00:41:53,405 - INFO - Completed /viper/ptmp/arego/RC4K1_EN_100/3904.h5 in 45.98 seconds
2025-09-19 00:41:53,418 - INFO - Processing /viper/ptmp/arego/RC4K1/23623.h5
2025-09-19 00:41:53,515 - INFO - Processing /viper/ptmp/arego/RC4K1/20110.h5
2025-09-19 00:41:53,915 - INFO - Processing /viper/ptmp/arego/RC4K1/14234.h5
2025-09-19 00:41:53,984 - INFO - File 15200: Filtered 10733454 hits and 6 records
2025-09-19 00:41:54,678 - INFO - Completed /viper/ptmp/arego/RC4K1_EN_100/5077.h5 in 36.79 seconds
2025-09-19 00:41:54,938 - INFO - Processing /viper/ptmp/arego/RC4K1/10793.h5
2025-09-19 00:41:55,563 - INFO - File 22231: Filtered 8489766 hits and 5 records
2025-09-19 00:41:56,655 - INFO - Completed /viper/ptmp/arego/RC4K1_EN_100/6634.h5 in 37.82 seconds
2025-09-19 00:41:56,840 - INFO - Processing /viper/ptmp/arego/RC4K1/4152.h5
2025-09-19 00:41:57,011 - INFO - File 20110: Filtered 12132007 hits and 6 records
2025-09-19 00:41:57,531 - INFO - File 23623: Filtered 6382310 hits and 5 records
2025-09-19 00:41:57,777 - INFO - File 14234: Filtered 19296394 hits and 5 records
2025-09-19 00:41:57,818 - INFO - File 26926: Filtered 6519007 hits and 6 records
2025-09-19 00:41:58,684 - INFO - File 10793: Filtered 3835696 hits and 6 records
2025-09-19 00:41:58,888 - INFO - Completed /viper/ptmp/arego/RC4K1_EN_100/3753.h5 in 31.98 seconds
2025-09-19 00:41:59,103 - INFO - Processing /viper/ptmp/arego/RC4K1/22562.h5
2025-09-19 00:41:59,816 - INFO - Completed /viper/ptmp/arego/RC4K1_EN_100/1200.h5 in 32.37 seconds
2025-09-19 00:41:59,981 - INFO - Processing /viper/ptmp/arego/RC4K1/17484.h5
2025-09-19 00:42:00,788 - INFO - File 4152: Filtered 10170373 hits and 8 records
2025-09-19 00:42:00,887 - INFO - Completed /viper/ptmp/arego/RC4K1_EN_100/9945.h5 in 45.95 seconds
2025-09-19 00:42:01,203 - INFO - Processing /viper/ptmp/arego/RC4K1/5452.h5
2025-09-19 00:42:01,622 - INFO - Completed /viper/ptmp/arego/RC4K1_EN_100/14234.h5 in 7.71 seconds
2025-09-19 00:42:01,816 - INFO - Processing /viper/ptmp/arego/RC4K1/12891.h5
2025-09-19 00:42:02,210 - INFO - Completed /viper/ptmp/arego/RC4K1_EN_100/22379.h5 in 50.67 seconds
2025-09-19 00:42:02,362 - INFO - Processing /viper/ptmp/arego/RC4K1/3876.h5
2025-09-19 00:42:02,780 - INFO - File 22562: Filtered 4267373 hits and 5 records
2025-09-19 00:42:03,582 - INFO - Completed /viper/ptmp/arego/RC4K1_EN_100/27501.h5 in 35.35 seconds
2025-09-19 00:42:03,785 - INFO - Processing /viper/ptmp/arego/RC4K1/24107.h5
2025-09-19 00:42:04,030 - INFO - Completed /viper/ptmp/arego/RC4K1_EN_100/26059.h5 in 43.33 seconds
2025-09-19 00:42:04,210 - INFO - File 17484: Filtered 17459640 hits and 6 records
2025-09-19 00:42:04,816 - INFO - Processing /viper/ptmp/arego/RC4K1/13544.h5
2025-09-19 00:42:05,120 - INFO - File 5452: Filtered 13797522 hits and 6 records
2025-09-19 00:42:05,728 - INFO - File 12891: Filtered 10249125 hits and 9 records
2025-09-19 00:42:06,300 - INFO - File 3876: Filtered 16706930 hits and 9 records
2025-09-19 00:42:07,459 - INFO - Completed /viper/ptmp/arego/RC4K1_EN_100/20641.h5 in 33.05 seconds
2025-09-19 00:42:07,745 - INFO - Processing /viper/ptmp/arego/RC4K1/26976.h5
2025-09-19 00:42:08,613 - INFO - File 24107: Filtered 12756815 hits and 8 records
2025-09-19 00:42:08,800 - INFO - Completed /viper/ptmp/arego/RC4K1_EN_100/12591.h5 in 71.02 seconds
2025-09-19 00:42:08,972 - INFO - Processing /viper/ptmp/arego/RC4K1/16015.h5
2025-09-19 00:42:09,446 - INFO - Completed /viper/ptmp/arego/RC4K1_EN_100/2290.h5 in 37.21 seconds
2025-09-19 00:42:09,633 - INFO - Processing /viper/ptmp/arego/RC4K1/22638.h5
2025-09-19 00:42:11,132 - INFO - Completed /viper/ptmp/arego/RC4K1_EN_100/16355.h5 in 52.84 seconds
2025-09-19 00:42:11,159 - INFO - File 13544: Filtered 5692202 hits and 8 records
2025-09-19 00:42:11,228 - INFO - Completed /viper/ptmp/arego/RC4K1_EN_100/22498.h5 in 103.94 seconds
2025-09-19 00:42:11,304 - INFO - Processing /viper/ptmp/arego/RC4K1/677.h5
2025-09-19 00:42:11,725 - INFO - Completed /viper/ptmp/arego/RC4K1_EN_100/17484.h5 in 11.74 seconds
2025-09-19 00:42:11,932 - INFO - Processing /viper/ptmp/arego/RC4K1/15944.h5
2025-09-19 00:42:12,059 - INFO - Processing /viper/ptmp/arego/RC4K1/21453.h5
2025-09-19 00:42:13,126 - INFO - File 16015: Filtered 16136609 hits and 9 records
2025-09-19 00:42:13,262 - INFO - File 26976: Filtered 10201021 hits and 9 records
2025-09-19 00:42:13,950 - INFO - File 22638: Filtered 9989771 hits and 7 records
2025-09-19 00:42:14,791 - INFO - Completed /viper/ptmp/arego/RC4K1_EN_100/12380.h5 in 44.90 seconds
2025-09-19 00:42:15,021 - INFO - Processing /viper/ptmp/arego/RC4K1/12931.h5
2025-09-19 00:42:15,400 - INFO - Completed /viper/ptmp/arego/RC4K1_EN_100/10461.h5 in 39.63 seconds
2025-09-19 00:42:15,913 - INFO - File 677: Filtered 12304245 hits and 6 records
2025-09-19 00:42:15,938 - INFO - Processing /viper/ptmp/arego/RC4K1/27620.h5
2025-09-19 00:42:16,034 - INFO - File 15944: Filtered 4276040 hits and 5 records
2025-09-19 00:42:16,794 - INFO - Completed /viper/ptmp/arego/RC4K1_EN_100/19241.h5 in 55.25 seconds
2025-09-19 00:42:16,855 - INFO - File 21453: Filtered 12583138 hits and 8 records
2025-09-19 00:42:16,976 - INFO - Processing /viper/ptmp/arego/RC4K1/15676.h5
2025-09-19 00:42:17,233 - INFO - Completed /viper/ptmp/arego/RC4K1_EN_100/28116.h5 in 65.03 seconds
2025-09-19 00:42:17,390 - INFO - Processing /viper/ptmp/arego/RC4K1/19364.h5
2025-09-19 00:42:18,700 - INFO - File 12931: Filtered 5669155 hits and 8 records
2025-09-19 00:42:19,141 - INFO - File 27620: Filtered 9804746 hits and 8 records
2025-09-19 00:42:19,187 - INFO - Completed /viper/ptmp/arego/RC4K1_EN_100/16849.h5 in 46.41 seconds
2025-09-19 00:42:19,352 - INFO - Processing /viper/ptmp/arego/RC4K1/3557.h5
2025-09-19 00:42:20,462 - INFO - Completed /viper/ptmp/arego/RC4K1_EN_100/3876.h5 in 18.10 seconds
2025-09-19 00:42:20,610 - INFO - Processing /viper/ptmp/arego/RC4K1/12473.h5
2025-09-19 00:42:20,646 - INFO - Completed /viper/ptmp/arego/RC4K1_EN_100/20110.h5 in 27.13 seconds
2025-09-19 00:42:20,673 - INFO - File 15676: Filtered 18232346 hits and 7 records
2025-09-19 00:42:20,819 - INFO - Processing /viper/ptmp/arego/RC4K1/6986.h5
2025-09-19 00:42:21,954 - INFO - File 19364: Filtered 4600466 hits and 7 records
2025-09-19 00:42:22,439 - INFO - Completed /viper/ptmp/arego/RC4K1_EN_100/20017.h5 in 35.50 seconds
2025-09-19 00:42:22,651 - INFO - Processing /viper/ptmp/arego/RC4K1/16898.h5
2025-09-19 00:42:22,933 - INFO - Completed /viper/ptmp/arego/RC4K1_EN_100/23781.h5 in 57.35 seconds
2025-09-19 00:42:23,496 - INFO - Processing /viper/ptmp/arego/RC4K1/11264.h5
2025-09-19 00:42:23,537 - INFO - File 3557: Filtered 14054802 hits and 10 records
2025-09-19 00:42:24,384 - INFO - File 12473: Filtered 11201756 hits and 8 records
2025-09-19 00:42:25,250 - INFO - File 6986: Filtered 4841179 hits and 8 records
2025-09-19 00:42:26,194 - INFO - Completed /viper/ptmp/arego/RC4K1_EN_100/5452.h5 in 24.99 seconds
2025-09-19 00:42:26,338 - INFO - File 16898: Filtered 7293040 hits and 5 records
2025-09-19 00:42:26,371 - INFO - Processing /viper/ptmp/arego/RC4K1/29785.h5
2025-09-19 00:42:26,472 - INFO - Completed /viper/ptmp/arego/RC4K1_EN_100/15676.h5 in 9.50 seconds
2025-09-19 00:42:26,503 - INFO - Completed /viper/ptmp/arego/RC4K1_EN_100/15200.h5 in 35.58 seconds
2025-09-19 00:42:26,629 - INFO - Processing /viper/ptmp/arego/RC4K1/20047.h5
2025-09-19 00:42:26,722 - INFO - Processing /viper/ptmp/arego/RC4K1/13302.h5
2025-09-19 00:42:26,781 - INFO - Completed /viper/ptmp/arego/RC4K1_EN_100/16015.h5 in 17.81 seconds
2025-09-19 00:42:27,154 - INFO - Processing /viper/ptmp/arego/RC4K1/21394.h5
2025-09-19 00:42:27,412 - INFO - File 11264: Filtered 10853171 hits and 8 records
2025-09-19 00:42:30,351 - INFO - Completed /viper/ptmp/arego/RC4K1_EN_100/24032.h5 in 53.70 seconds
2025-09-19 00:42:30,515 - INFO - File 13302: Filtered 10604482 hits and 6 records
2025-09-19 00:42:30,570 - INFO - Processing /viper/ptmp/arego/RC4K1/1178.h5
2025-09-19 00:42:30,693 - INFO - File 20047: Filtered 6664781 hits and 7 records
2025-09-19 00:42:30,985 - INFO - File 29785: Filtered 8720683 hits and 5 records
2025-09-19 00:42:31,044 - INFO - Completed /viper/ptmp/arego/RC4K1_EN_100/7644.h5 in 43.53 seconds
2025-09-19 00:42:31,225 - INFO - Processing /viper/ptmp/arego/RC4K1/6550.h5
2025-09-19 00:42:31,600 - INFO - File 21394: Filtered 12770322 hits and 8 records
2025-09-19 00:42:32,102 - INFO - Completed /viper/ptmp/arego/RC4K1_EN_100/25494.h5 in 50.38 seconds
2025-09-19 00:42:32,264 - INFO - Processing /viper/ptmp/arego/RC4K1/12864.h5
2025-09-19 00:42:34,005 - INFO - File 1178: Filtered 6142698 hits and 6 records
2025-09-19 00:42:34,816 - INFO - Completed /viper/ptmp/arego/RC4K1_EN_100/10040.h5 in 61.05 seconds
2025-09-19 00:42:35,032 - INFO - Processing /viper/ptmp/arego/RC4K1/29303.h5
2025-09-19 00:42:35,095 - INFO - File 6550: Filtered 8255027 hits and 6 records
2025-09-19 00:42:36,151 - INFO - File 12864: Filtered 7047039 hits and 7 records
2025-09-19 00:42:36,359 - INFO - Completed /viper/ptmp/arego/RC4K1_EN_100/4152.h5 in 39.52 seconds
2025-09-19 00:42:36,522 - INFO - Processing /viper/ptmp/arego/RC4K1/11150.h5
2025-09-19 00:42:38,871 - INFO - File 29303: Filtered 16695750 hits and 5 records
2025-09-19 00:42:38,927 - INFO - Completed /viper/ptmp/arego/RC4K1_EN_100/19512.h5 in 100.48 seconds
2025-09-19 00:42:38,956 - INFO - Completed /viper/ptmp/arego/RC4K1_EN_100/24596.h5 in 66.09 seconds
2025-09-19 00:42:39,135 - INFO - Processing /viper/ptmp/arego/RC4K1/15297.h5
2025-09-19 00:42:39,702 - INFO - Processing /viper/ptmp/arego/RC4K1/10794.h5
2025-09-19 00:42:40,702 - INFO - File 11150: Filtered 11838655 hits and 8 records
2025-09-19 00:42:41,911 - INFO - Completed /viper/ptmp/arego/RC4K1_EN_100/12891.h5 in 40.09 seconds
2025-09-19 00:42:42,122 - INFO - Processing /viper/ptmp/arego/RC4K1/4135.h5
2025-09-19 00:42:43,063 - INFO - File 15297: Filtered 13108584 hits and 9 records
2025-09-19 00:42:43,678 - INFO - File 10794: Filtered 18639276 hits and 11 records
2025-09-19 00:42:43,765 - INFO - Completed /viper/ptmp/arego/RC4K1_EN_100/22231.h5 in 52.57 seconds
2025-09-19 00:42:44,000 - INFO - Processing /viper/ptmp/arego/RC4K1/10912.h5
2025-09-19 00:42:44,095 - INFO - Completed /viper/ptmp/arego/RC4K1_EN_100/24107.h5 in 40.31 seconds
2025-09-19 00:42:44,182 - INFO - Completed /viper/ptmp/arego/RC4K1_EN_100/677.h5 in 32.88 seconds
2025-09-19 00:42:44,324 - INFO - Processing /viper/ptmp/arego/RC4K1/20274.h5
2025-09-19 00:42:44,350 - INFO - Processing /viper/ptmp/arego/RC4K1/1124.h5
2025-09-19 00:42:46,264 - INFO - File 4135: Filtered 9429701 hits and 6 records
2025-09-19 00:42:46,349 - INFO - Completed /viper/ptmp/arego/RC4K1_EN_100/21453.h5 in 34.29 seconds
2025-09-19 00:42:46,534 - INFO - Processing /viper/ptmp/arego/RC4K1/16662.h5
2025-09-19 00:42:48,119 - INFO - Completed /viper/ptmp/arego/RC4K1_EN_100/3557.h5 in 28.77 seconds
2025-09-19 00:42:48,425 - INFO - Processing /viper/ptmp/arego/RC4K1/16047.h5
2025-09-19 00:42:48,467 - INFO - File 1124: Filtered 18288996 hits and 10 records
2025-09-19 00:42:48,801 - INFO - File 10912: Filtered 10360260 hits and 7 records
2025-09-19 00:42:49,028 - INFO - File 20274: Filtered 8352748 hits and 8 records
2025-09-19 00:42:49,394 - INFO - Completed /viper/ptmp/arego/RC4K1_EN_100/27620.h5 in 33.46 seconds
2025-09-19 00:42:49,816 - INFO - Processing /viper/ptmp/arego/RC4K1/9133.h5
2025-09-19 00:42:50,866 - INFO - File 16662: Filtered 4525788 hits and 6 records
2025-09-19 00:42:51,402 - INFO - Completed /viper/ptmp/arego/RC4K1_EN_100/22638.h5 in 41.77 seconds
2025-09-19 00:42:51,649 - INFO - Processing /viper/ptmp/arego/RC4K1/17605.h5
2025-09-19 00:42:51,825 - INFO - Completed /viper/ptmp/arego/RC4K1_EN_100/23623.h5 in 58.41 seconds
2025-09-19 00:42:51,988 - INFO - Processing /viper/ptmp/arego/RC4K1/25134.h5
2025-09-19 00:42:53,147 - INFO - File 9133: Filtered 12376409 hits and 5 records
2025-09-19 00:42:53,263 - INFO - File 16047: Filtered 11115145 hits and 7 records
2025-09-19 00:42:53,613 - INFO - Completed /viper/ptmp/arego/RC4K1_EN_100/29303.h5 in 18.58 seconds
2025-09-19 00:42:53,805 - INFO - Processing /viper/ptmp/arego/RC4K1/23992.h5
2025-09-19 00:42:54,326 - INFO - Completed /viper/ptmp/arego/RC4K1_EN_100/22562.h5 in 55.22 seconds
2025-09-19 00:42:54,643 - INFO - Processing /viper/ptmp/arego/RC4K1/18712.h5
2025-09-19 00:42:55,931 - INFO - File 17605: Filtered 16186368 hits and 10 records
2025-09-19 00:42:56,306 - INFO - File 25134: Filtered 6048473 hits and 6 records
2025-09-19 00:42:56,307 - INFO - Completed /viper/ptmp/arego/RC4K1_EN_100/10794.h5 in 16.61 seconds
2025-09-19 00:42:56,513 - INFO - Processing /viper/ptmp/arego/RC4K1/8033.h5
2025-09-19 00:42:56,615 - INFO - Completed /viper/ptmp/arego/RC4K1_EN_100/26976.h5 in 48.87 seconds
2025-09-19 00:42:56,811 - INFO - Processing /viper/ptmp/arego/RC4K1/26109.h5
2025-09-19 00:42:57,770 - INFO - File 23992: Filtered 8115935 hits and 4 records
2025-09-19 00:42:58,258 - INFO - File 18712: Filtered 8455146 hits and 6 records
2025-09-19 00:42:59,119 - INFO - Completed /viper/ptmp/arego/RC4K1_EN_100/12473.h5 in 38.51 seconds
2025-09-19 00:42:59,227 - INFO - Completed /viper/ptmp/arego/RC4K1_EN_100/26926.h5 in 67.66 seconds
2025-09-19 00:42:59,264 - INFO - Processing /viper/ptmp/arego/RC4K1/14960.h5
2025-09-19 00:42:59,452 - INFO - Completed /viper/ptmp/arego/RC4K1_EN_100/1124.h5 in 15.10 seconds
2025-09-19 00:42:59,457 - INFO - Processing /viper/ptmp/arego/RC4K1/21427.h5
2025-09-19 00:42:59,612 - INFO - Processing /viper/ptmp/arego/RC4K1/23290.h5
2025-09-19 00:43:00,724 - INFO - Completed /viper/ptmp/arego/RC4K1_EN_100/11264.h5 in 37.23 seconds
2025-09-19 00:43:00,786 - INFO - File 8033: Filtered 13007118 hits and 6 records
2025-09-19 00:43:00,988 - INFO - Processing /viper/ptmp/arego/RC4K1/16118.h5
2025-09-19 00:43:01,189 - INFO - File 26109: Filtered 9321137 hits and 6 records
2025-09-19 00:43:01,434 - INFO - Completed /viper/ptmp/arego/RC4K1_EN_100/21394.h5 in 34.28 seconds
2025-09-19 00:43:01,602 - INFO - Processing /viper/ptmp/arego/RC4K1/6954.h5
2025-09-19 00:43:03,525 - INFO - File 14960: Filtered 12769135 hits and 7 records
2025-09-19 00:43:03,932 - INFO - File 23290: Filtered 8276447 hits and 6 records
2025-09-19 00:43:04,332 - INFO - File 21427: Filtered 17813595 hits and 7 records
2025-09-19 00:43:05,174 - INFO - File 16118: Filtered 10312248 hits and 9 records
2025-09-19 00:43:06,195 - INFO - Completed /viper/ptmp/arego/RC4K1_EN_100/10793.h5 in 71.26 seconds
2025-09-19 00:43:06,226 - INFO - Completed /viper/ptmp/arego/RC4K1_EN_100/13302.h5 in 39.50 seconds
2025-09-19 00:43:06,250 - INFO - File 6954: Filtered 12814747 hits and 8 records
2025-09-19 00:43:06,421 - INFO - Processing /viper/ptmp/arego/RC4K1/19099.h5
2025-09-19 00:43:07,044 - INFO - Processing /viper/ptmp/arego/RC4K1/9105.h5
2025-09-19 00:43:10,530 - INFO - File 19099: Filtered 8235371 hits and 6 records
2025-09-19 00:43:10,862 - INFO - File 9105: Filtered 12922364 hits and 7 records
2025-09-19 00:43:14,066 - INFO - Completed /viper/ptmp/arego/RC4K1_EN_100/16898.h5 in 51.41 seconds
2025-09-19 00:43:14,290 - INFO - Processing /viper/ptmp/arego/RC4K1/268.h5
2025-09-19 00:43:15,294 - INFO - Completed /viper/ptmp/arego/RC4K1_EN_100/17605.h5 in 23.64 seconds
2025-09-19 00:43:15,457 - INFO - Processing /viper/ptmp/arego/RC4K1/22794.h5
2025-09-19 00:43:15,645 - INFO - Completed /viper/ptmp/arego/RC4K1_EN_100/11150.h5 in 39.12 seconds
2025-09-19 00:43:15,982 - INFO - Completed /viper/ptmp/arego/RC4K1_EN_100/12931.h5 in 60.96 seconds
2025-09-19 00:43:16,116 - INFO - Completed /viper/ptmp/arego/RC4K1_EN_100/9133.h5 in 26.30 seconds
2025-09-19 00:43:16,220 - INFO - Processing /viper/ptmp/arego/RC4K1/8512.h5
2025-09-19 00:43:16,224 - INFO - Processing /viper/ptmp/arego/RC4K1/13593.h5
2025-09-19 00:43:17,050 - INFO - Processing /viper/ptmp/arego/RC4K1/14523.h5
2025-09-19 00:43:17,974 - INFO - File 268: Filtered 17878981 hits and 9 records
2025-09-19 00:43:20,225 - INFO - File 22794: Filtered 9315159 hits and 5 records
2025-09-19 00:43:20,318 - INFO - Completed /viper/ptmp/arego/RC4K1_EN_100/15297.h5 in 41.18 seconds
2025-09-19 00:43:20,468 - INFO - Completed /viper/ptmp/arego/RC4K1_EN_100/6550.h5 in 49.24 seconds
2025-09-19 00:43:20,472 - INFO - File 13593: Filtered 10393426 hits and 7 records
2025-09-19 00:43:20,534 - INFO - Processing /viper/ptmp/arego/RC4K1/954.h5
2025-09-19 00:43:20,628 - INFO - Processing /viper/ptmp/arego/RC4K1/6684.h5
2025-09-19 00:43:20,756 - INFO - File 14523: Filtered 12798236 hits and 9 records
2025-09-19 00:43:20,914 - INFO - File 8512: Filtered 16168954 hits and 7 records
2025-09-19 00:43:20,936 - INFO - Completed /viper/ptmp/arego/RC4K1_EN_100/29785.h5 in 54.57 seconds
2025-09-19 00:43:21,123 - INFO - Processing /viper/ptmp/arego/RC4K1/4375.h5
2025-09-19 00:43:22,925 - INFO - Completed /viper/ptmp/arego/RC4K1_EN_100/268.h5 in 8.64 seconds
2025-09-19 00:43:22,997 - INFO - Completed /viper/ptmp/arego/RC4K1_EN_100/15944.h5 in 71.07 seconds
2025-09-19 00:43:23,131 - INFO - Processing /viper/ptmp/arego/RC4K1/1868.h5
2025-09-19 00:43:23,167 - INFO - Processing /viper/ptmp/arego/RC4K1/6415.h5
2025-09-19 00:43:23,560 - INFO - Completed /viper/ptmp/arego/RC4K1_EN_100/1178.h5 in 52.99 seconds
2025-09-19 00:43:23,719 - INFO - Completed /viper/ptmp/arego/RC4K1_EN_100/21427.h5 in 24.26 seconds
2025-09-19 00:43:23,916 - INFO - Processing /viper/ptmp/arego/RC4K1/24230.h5
2025-09-19 00:43:23,922 - INFO - Processing /viper/ptmp/arego/RC4K1/8538.h5
2025-09-19 00:43:24,789 - INFO - File 6684: Filtered 14053153 hits and 6 records
2025-09-19 00:43:25,603 - INFO - File 954: Filtered 11818436 hits and 7 records
2025-09-19 00:43:25,633 - INFO - File 4375: Filtered 9571718 hits and 4 records
2025-09-19 00:43:25,784 - INFO - Completed /viper/ptmp/arego/RC4K1_EN_100/20047.h5 in 59.15 seconds
2025-09-19 00:43:26,079 - INFO - Processing /viper/ptmp/arego/RC4K1/22791.h5
2025-09-19 00:43:27,405 - INFO - File 1868: Filtered 12995363 hits and 8 records
2025-09-19 00:43:27,686 - INFO - File 6415: Filtered 8984027 hits and 8 records
2025-09-19 00:43:27,801 - INFO - File 8538: Filtered 4207227 hits and 3 records
2025-09-19 00:43:27,931 - INFO - Completed /viper/ptmp/arego/RC4K1_EN_100/12864.h5 in 55.67 seconds
2025-09-19 00:43:28,128 - INFO - Processing /viper/ptmp/arego/RC4K1/15832.h5
2025-09-19 00:43:28,163 - INFO - Completed /viper/ptmp/arego/RC4K1_EN_100/19364.h5 in 70.77 seconds
2025-09-19 00:43:28,547 - INFO - File 24230: Filtered 11250222 hits and 9 records
2025-09-19 00:43:28,710 - INFO - Processing /viper/ptmp/arego/RC4K1/5641.h5
2025-09-19 00:43:30,189 - INFO - Completed /viper/ptmp/arego/RC4K1_EN_100/6986.h5 in 69.37 seconds
2025-09-19 00:43:30,362 - INFO - Processing /viper/ptmp/arego/RC4K1/13770.h5
2025-09-19 00:43:31,385 - INFO - File 22791: Filtered 14255701 hits and 8 records
2025-09-19 00:43:32,182 - INFO - Completed /viper/ptmp/arego/RC4K1_EN_100/16047.h5 in 43.76 seconds
2025-09-19 00:43:32,340 - INFO - Processing /viper/ptmp/arego/RC4K1/8138.h5
2025-09-19 00:43:32,551 - INFO - File 15832: Filtered 10108342 hits and 7 records
2025-09-19 00:43:33,427 - INFO - File 5641: Filtered 13792371 hits and 7 records
2025-09-19 00:43:33,906 - INFO - Completed /viper/ptmp/arego/RC4K1_EN_100/4135.h5 in 51.78 seconds
2025-09-19 00:43:34,136 - INFO - Processing /viper/ptmp/arego/RC4K1/23416.h5
2025-09-19 00:43:34,708 - INFO - File 13770: Filtered 15682882 hits and 6 records
2025-09-19 00:43:36,107 - INFO - Completed /viper/ptmp/arego/RC4K1_EN_100/18712.h5 in 41.46 seconds
2025-09-19 00:43:36,285 - INFO - Processing /viper/ptmp/arego/RC4K1/27649.h5
2025-09-19 00:43:36,360 - INFO - Completed /viper/ptmp/arego/RC4K1_EN_100/9105.h5 in 29.32 seconds
2025-09-19 00:43:36,718 - INFO - Completed /viper/ptmp/arego/RC4K1_EN_100/8033.h5 in 40.20 seconds
2025-09-19 00:43:36,876 - INFO - Processing /viper/ptmp/arego/RC4K1/15523.h5
2025-09-19 00:43:36,879 - INFO - Processing /viper/ptmp/arego/RC4K1/1009.h5
2025-09-19 00:43:37,372 - INFO - File 8138: Filtered 9957043 hits and 7 records
2025-09-19 00:43:38,736 - INFO - File 23416: Filtered 14736111 hits and 10 records
2025-09-19 00:43:40,009 - INFO - File 27649: Filtered 13222610 hits and 10 records
2025-09-19 00:43:40,013 - INFO - Completed /viper/ptmp/arego/RC4K1_EN_100/14960.h5 in 40.75 seconds
2025-09-19 00:43:40,220 - INFO - Processing /viper/ptmp/arego/RC4K1/16677.h5
2025-09-19 00:43:41,215 - INFO - File 15523: Filtered 11051421 hits and 9 records
2025-09-19 00:43:41,882 - INFO - Completed /viper/ptmp/arego/RC4K1_EN_100/13544.h5 in 97.07 seconds
2025-09-19 00:43:42,063 - INFO - Completed /viper/ptmp/arego/RC4K1_EN_100/6954.h5 in 40.46 seconds
2025-09-19 00:43:42,108 - INFO - Processing /viper/ptmp/arego/RC4K1/5852.h5
2025-09-19 00:43:42,293 - INFO - File 1009: Filtered 7907664 hits and 6 records
2025-09-19 00:43:42,299 - INFO - Processing /viper/ptmp/arego/RC4K1/24262.h5
2025-09-19 00:43:43,782 - INFO - Completed /viper/ptmp/arego/RC4K1_EN_100/10912.h5 in 59.78 seconds
2025-09-19 00:43:43,948 - INFO - Processing /viper/ptmp/arego/RC4K1/5352.h5
2025-09-19 00:43:44,318 - INFO - Completed /viper/ptmp/arego/RC4K1_EN_100/8512.h5 in 28.10 seconds
2025-09-19 00:43:44,528 - INFO - Processing /viper/ptmp/arego/RC4K1/22246.h5
2025-09-19 00:43:44,638 - INFO - File 16677: Filtered 21054899 hits and 8 records
2025-09-19 00:43:44,876 - INFO - Completed /viper/ptmp/arego/RC4K1_EN_100/23992.h5 in 51.07 seconds
2025-09-19 00:43:45,030 - INFO - Processing /viper/ptmp/arego/RC4K1/4980.h5
2025-09-19 00:43:45,234 - INFO - Completed /viper/ptmp/arego/RC4K1_EN_100/16118.h5 in 44.25 seconds
2025-09-19 00:43:45,457 - INFO - Processing /viper/ptmp/arego/RC4K1/9849.h5
2025-09-19 00:43:46,251 - INFO - Completed /viper/ptmp/arego/RC4K1_EN_100/20274.h5 in 61.93 seconds
2025-09-19 00:43:46,367 - INFO - Completed /viper/ptmp/arego/RC4K1_EN_100/14523.h5 in 29.32 seconds
2025-09-19 00:43:46,503 - INFO - Processing /viper/ptmp/arego/RC4K1/25987.h5
2025-09-19 00:43:46,530 - INFO - Processing /viper/ptmp/arego/RC4K1/4990.h5
2025-09-19 00:43:47,058 - INFO - File 5852: Filtered 16020058 hits and 7 records
2025-09-19 00:43:47,283 - INFO - File 24262: Filtered 5339598 hits and 4 records
2025-09-19 00:43:48,762 - INFO - File 5352: Filtered 11790124 hits and 9 records
2025-09-19 00:43:49,289 - INFO - File 4980: Filtered 15585919 hits and 9 records
2025-09-19 00:43:49,579 - INFO - File 22246: Filtered 17046952 hits and 11 records
2025-09-19 00:43:49,890 - INFO - File 9849: Filtered 10416003 hits and 10 records
2025-09-19 00:43:50,286 - INFO - File 4990: Filtered 12954738 hits and 10 records
2025-09-19 00:43:51,789 - INFO - File 25987: Filtered 8412103 hits and 5 records
2025-09-19 00:43:53,957 - INFO - Completed /viper/ptmp/arego/RC4K1_EN_100/6684.h5 in 33.33 seconds
2025-09-19 00:43:54,035 - INFO - Completed /viper/ptmp/arego/RC4K1_EN_100/1868.h5 in 30.90 seconds
2025-09-19 00:43:54,152 - INFO - Processing /viper/ptmp/arego/RC4K1/26610.h5
2025-09-19 00:43:54,259 - INFO - Processing /viper/ptmp/arego/RC4K1/7023.h5
2025-09-19 00:43:54,533 - INFO - Completed /viper/ptmp/arego/RC4K1_EN_100/26109.h5 in 57.72 seconds
2025-09-19 00:43:54,763 - INFO - Processing /viper/ptmp/arego/RC4K1/18065.h5
2025-09-19 00:43:58,099 - INFO - File 7023: Filtered 13298567 hits and 10 records
2025-09-19 00:43:58,611 - INFO - File 26610: Filtered 7749532 hits and 7 records
2025-09-19 00:43:58,941 - INFO - Completed /viper/ptmp/arego/RC4K1_EN_100/19099.h5 in 52.52 seconds
2025-09-19 00:43:59,147 - INFO - Processing /viper/ptmp/arego/RC4K1/24312.h5
2025-09-19 00:43:59,968 - INFO - File 18065: Filtered 11354169 hits and 8 records
2025-09-19 00:44:00,453 - INFO - Completed /viper/ptmp/arego/RC4K1_EN_100/23290.h5 in 60.84 seconds
2025-09-19 00:44:00,551 - INFO - Completed /viper/ptmp/arego/RC4K1_EN_100/13770.h5 in 30.19 seconds
2025-09-19 00:44:00,606 - INFO - Processing /viper/ptmp/arego/RC4K1/17352.h5
2025-09-19 00:44:01,277 - INFO - Processing /viper/ptmp/arego/RC4K1/28398.h5
2025-09-19 00:44:01,443 - INFO - Completed /viper/ptmp/arego/RC4K1_EN_100/16677.h5 in 21.22 seconds
2025-09-19 00:44:01,591 - INFO - Processing /viper/ptmp/arego/RC4K1/23207.h5
2025-09-19 00:44:01,759 - INFO - Completed /viper/ptmp/arego/RC4K1_EN_100/16662.h5 in 75.22 seconds
2025-09-19 00:44:01,945 - INFO - Processing /viper/ptmp/arego/RC4K1/25817.h5
2025-09-19 00:44:03,307 - INFO - File 24312: Filtered 15977253 hits and 9 records
2025-09-19 00:44:03,711 - INFO - Completed /viper/ptmp/arego/RC4K1_EN_100/13593.h5 in 47.49 seconds
2025-09-19 00:44:03,939 - INFO - Processing /viper/ptmp/arego/RC4K1/20384.h5
2025-09-19 00:44:04,237 - INFO - Completed /viper/ptmp/arego/RC4K1_EN_100/27649.h5 in 27.95 seconds
2025-09-19 00:44:04,806 - INFO - Processing /viper/ptmp/arego/RC4K1/28372.h5
2025-09-19 00:44:05,157 - INFO - Completed /viper/ptmp/arego/RC4K1_EN_100/25134.h5 in 73.17 seconds
2025-09-19 00:44:05,377 - INFO - Processing /viper/ptmp/arego/RC4K1/10860.h5
2025-09-19 00:44:06,035 - INFO - Completed /viper/ptmp/arego/RC4K1_EN_100/22791.h5 in 39.96 seconds
2025-09-19 00:44:06,117 - INFO - Completed /viper/ptmp/arego/RC4K1_EN_100/22794.h5 in 50.66 seconds
2025-09-19 00:44:06,251 - INFO - Processing /viper/ptmp/arego/RC4K1/20141.h5
2025-09-19 00:44:06,278 - INFO - File 17352: Filtered 12776968 hits and 7 records
2025-09-19 00:44:06,486 - INFO - Processing /viper/ptmp/arego/RC4K1/20014.h5
2025-09-19 00:44:06,882 - INFO - File 23207: Filtered 13656634 hits and 10 records
2025-09-19 00:44:07,099 - INFO - File 28398: Filtered 12515943 hits and 8 records
2025-09-19 00:44:07,761 - INFO - File 25817: Filtered 13596731 hits and 7 records
2025-09-19 00:44:08,281 - INFO - File 20384: Filtered 13837277 hits and 7 records
2025-09-19 00:44:08,656 - INFO - File 28372: Filtered 15342687 hits and 8 records
2025-09-19 00:44:10,108 - INFO - Completed /viper/ptmp/arego/RC4K1_EN_100/24230.h5 in 46.19 seconds
2025-09-19 00:44:10,293 - INFO - Processing /viper/ptmp/arego/RC4K1/1103.h5
2025-09-19 00:44:10,753 - INFO - File 10860: Filtered 12396422 hits and 11 records
2025-09-19 00:44:10,943 - INFO - Completed /viper/ptmp/arego/RC4K1_EN_100/5852.h5 in 28.84 seconds
2025-09-19 00:44:11,007 - INFO - File 20141: Filtered 13217030 hits and 9 records
2025-09-19 00:44:11,317 - INFO - Processing /viper/ptmp/arego/RC4K1/24547.h5
2025-09-19 00:44:11,530 - INFO - Completed /viper/ptmp/arego/RC4K1_EN_100/5641.h5 in 42.82 seconds
2025-09-19 00:44:11,632 - INFO - File 20014: Filtered 12015689 hits and 11 records
2025-09-19 00:44:11,751 - INFO - Processing /viper/ptmp/arego/RC4K1/1004.h5
2025-09-19 00:44:12,140 - INFO - Completed /viper/ptmp/arego/RC4K1_EN_100/23416.h5 in 38.00 seconds
2025-09-19 00:44:12,306 - INFO - Processing /viper/ptmp/arego/RC4K1/20411.h5
2025-09-19 00:44:13,574 - INFO - Completed /viper/ptmp/arego/RC4K1_EN_100/954.h5 in 53.04 seconds
2025-09-19 00:44:13,797 - INFO - Processing /viper/ptmp/arego/RC4K1/22459.h5
2025-09-19 00:44:14,792 - INFO - Completed /viper/ptmp/arego/RC4K1_EN_100/22246.h5 in 30.26 seconds
2025-09-19 00:44:14,945 - INFO - Processing /viper/ptmp/arego/RC4K1/26983.h5
2025-09-19 00:44:15,190 - INFO - File 1103: Filtered 9256364 hits and 5 records
2025-09-19 00:44:15,593 - INFO - Completed /viper/ptmp/arego/RC4K1_EN_100/4375.h5 in 54.47 seconds
2025-09-19 00:44:15,767 - INFO - Processing /viper/ptmp/arego/RC4K1/28876.h5
2025-09-19 00:44:16,414 - INFO - Completed /viper/ptmp/arego/RC4K1_EN_100/4990.h5 in 29.88 seconds
2025-09-19 00:44:16,576 - INFO - Processing /viper/ptmp/arego/RC4K1/14298.h5
2025-09-19 00:44:16,763 - INFO - File 24547: Filtered 11844389 hits and 8 records
2025-09-19 00:44:17,629 - INFO - File 1004: Filtered 11892182 hits and 8 records
2025-09-19 00:44:18,719 - INFO - File 20411: Filtered 16243469 hits and 7 records
2025-09-19 00:44:19,565 - INFO - File 22459: Filtered 12450083 hits and 8 records
2025-09-19 00:44:20,367 - INFO - File 26983: Filtered 14334798 hits and 9 records
2025-09-19 00:44:20,479 - INFO - File 14298: Filtered 16838297 hits and 6 records
2025-09-19 00:44:21,129 - INFO - File 28876: Filtered 11989978 hits and 8 records
2025-09-19 00:44:21,246 - INFO - Completed /viper/ptmp/arego/RC4K1_EN_100/4980.h5 in 36.22 seconds
2025-09-19 00:44:21,408 - INFO - Processing /viper/ptmp/arego/RC4K1/26046.h5
2025-09-19 00:44:23,275 - INFO - Completed /viper/ptmp/arego/RC4K1_EN_100/24312.h5 in 24.13 seconds
2025-09-19 00:44:23,491 - INFO - Processing /viper/ptmp/arego/RC4K1/29120.h5
2025-09-19 00:44:25,626 - INFO - Completed /viper/ptmp/arego/RC4K1_EN_100/15832.h5 in 57.50 seconds
2025-09-19 00:44:25,838 - INFO - Processing /viper/ptmp/arego/RC4K1/29685.h5
2025-09-19 00:44:25,934 - INFO - File 26046: Filtered 12435947 hits and 7 records
2025-09-19 00:44:26,003 - INFO - Completed /viper/ptmp/arego/RC4K1_EN_100/15523.h5 in 49.13 seconds
2025-09-19 00:44:26,227 - INFO - Processing /viper/ptmp/arego/RC4K1/26966.h5
2025-09-19 00:44:27,575 - INFO - Completed /viper/ptmp/arego/RC4K1_EN_100/28372.h5 in 22.77 seconds
2025-09-19 00:44:27,744 - INFO - Processing /viper/ptmp/arego/RC4K1/22348.h5
2025-09-19 00:44:28,004 - INFO - File 29120: Filtered 6145696 hits and 4 records
2025-09-19 00:44:29,532 - INFO - Completed /viper/ptmp/arego/RC4K1_EN_100/8138.h5 in 57.19 seconds
2025-09-19 00:44:29,702 - INFO - Processing /viper/ptmp/arego/RC4K1/22210.h5
2025-09-19 00:44:29,832 - INFO - Completed /viper/ptmp/arego/RC4K1_EN_100/7023.h5 in 35.57 seconds
2025-09-19 00:44:30,184 - INFO - Processing /viper/ptmp/arego/RC4K1/21042.h5
2025-09-19 00:44:30,644 - INFO - File 29685: Filtered 13965515 hits and 8 records
2025-09-19 00:44:30,960 - INFO - File 26966: Filtered 14781947 hits and 8 records
2025-09-19 00:44:31,037 - INFO - Completed /viper/ptmp/arego/RC4K1_EN_100/9849.h5 in 45.58 seconds
2025-09-19 00:44:31,244 - INFO - Processing /viper/ptmp/arego/RC4K1/24040.h5
2025-09-19 00:44:31,425 - INFO - Completed /viper/ptmp/arego/RC4K1_EN_100/8538.h5 in 67.50 seconds
2025-09-19 00:44:31,824 - INFO - File 22348: Filtered 8981564 hits and 8 records
2025-09-19 00:44:32,237 - INFO - Processing /viper/ptmp/arego/RC4K1/18493.h5
2025-09-19 00:44:34,242 - INFO - Completed /viper/ptmp/arego/RC4K1_EN_100/6415.h5 in 71.07 seconds
2025-09-19 00:44:34,414 - INFO - Processing /viper/ptmp/arego/RC4K1/18414.h5
2025-09-19 00:44:34,892 - INFO - File 22210: Filtered 9952822 hits and 6 records
2025-09-19 00:44:34,894 - INFO - File 21042: Filtered 13106923 hits and 11 records
2025-09-19 00:44:35,753 - INFO - Completed /viper/ptmp/arego/RC4K1_EN_100/14298.h5 in 19.18 seconds
2025-09-19 00:44:35,949 - INFO - Processing /viper/ptmp/arego/RC4K1/28197.h5
2025-09-19 00:44:36,411 - INFO - File 24040: Filtered 7943538 hits and 9 records
2025-09-19 00:44:37,117 - INFO - File 18493: Filtered 6203153 hits and 3 records
2025-09-19 00:44:39,834 - INFO - Completed /viper/ptmp/arego/RC4K1_EN_100/20384.h5 in 35.90 seconds
2025-09-19 00:44:39,874 - INFO - File 18414: Filtered 10004693 hits and 7 records
2025-09-19 00:44:40,061 - INFO - Processing /viper/ptmp/arego/RC4K1/895.h5
2025-09-19 00:44:40,319 - INFO - File 28197: Filtered 12184230 hits and 8 records
2025-09-19 00:44:41,373 - INFO - Completed /viper/ptmp/arego/RC4K1_EN_100/18065.h5 in 46.61 seconds
2025-09-19 00:44:41,556 - INFO - Processing /viper/ptmp/arego/RC4K1/15626.h5
2025-09-19 00:44:42,742 - INFO - Completed /viper/ptmp/arego/RC4K1_EN_100/25817.h5 in 40.80 seconds
2025-09-19 00:44:42,911 - INFO - Processing /viper/ptmp/arego/RC4K1/8529.h5
2025-09-19 00:44:44,557 - INFO - File 895: Filtered 7710211 hits and 7 records
2025-09-19 00:44:46,718 - INFO - File 15626: Filtered 17630173 hits and 7 records
2025-09-19 00:44:48,126 - INFO - File 8529: Filtered 11748946 hits and 7 records
2025-09-19 00:44:48,617 - INFO - Completed /viper/ptmp/arego/RC4K1_EN_100/17352.h5 in 48.01 seconds
2025-09-19 00:44:48,793 - INFO - Completed /viper/ptmp/arego/RC4K1_EN_100/28398.h5 in 47.52 seconds
2025-09-19 00:44:48,793 - INFO - Completed /viper/ptmp/arego/RC4K1_EN_100/5352.h5 in 64.85 seconds
2025-09-19 00:44:48,844 - INFO - Processing /viper/ptmp/arego/RC4K1/22251.h5
2025-09-19 00:44:48,903 - INFO - Completed /viper/ptmp/arego/RC4K1_EN_100/23207.h5 in 47.31 seconds
2025-09-19 00:44:49,017 - INFO - Processing /viper/ptmp/arego/RC4K1/1330.h5
2025-09-19 00:44:49,325 - INFO - Completed /viper/ptmp/arego/RC4K1_EN_100/20141.h5 in 43.07 seconds
2025-09-19 00:44:49,493 - INFO - Processing /viper/ptmp/arego/RC4K1/734.h5
2025-09-19 00:44:49,517 - INFO - Processing /viper/ptmp/arego/RC4K1/1313.h5
2025-09-19 00:44:49,585 - INFO - Processing /viper/ptmp/arego/RC4K1/10264.h5
2025-09-19 00:44:53,789 - INFO - Completed /viper/ptmp/arego/RC4K1_EN_100/20014.h5 in 47.30 seconds
2025-09-19 00:44:53,956 - INFO - File 22251: Filtered 13288169 hits and 9 records
2025-09-19 00:44:53,976 - INFO - Processing /viper/ptmp/arego/RC4K1/25886.h5
2025-09-19 00:44:54,220 - INFO - File 1313: Filtered 14920063 hits and 10 records
2025-09-19 00:44:54,235 - INFO - Completed /viper/ptmp/arego/RC4K1_EN_100/25987.h5 in 67.73 seconds
2025-09-19 00:44:54,452 - INFO - File 734: Filtered 8777557 hits and 8 records
2025-09-19 00:44:54,520 - INFO - Processing /viper/ptmp/arego/RC4K1/22244.h5
2025-09-19 00:44:54,554 - INFO - File 1330: Filtered 20032159 hits and 10 records
2025-09-19 00:44:55,705 - INFO - Completed /viper/ptmp/arego/RC4K1_EN_100/26966.h5 in 29.48 seconds
2025-09-19 00:44:55,924 - INFO - Processing /viper/ptmp/arego/RC4K1/17180.h5
2025-09-19 00:44:56,705 - INFO - Completed /viper/ptmp/arego/RC4K1_EN_100/24547.h5 in 45.39 seconds
2025-09-19 00:44:56,765 - INFO - Completed /viper/ptmp/arego/RC4K1_EN_100/26983.h5 in 41.82 seconds
2025-09-19 00:44:56,861 - INFO - Processing /viper/ptmp/arego/RC4K1/14975.h5
2025-09-19 00:44:56,960 - INFO - Processing /viper/ptmp/arego/RC4K1/13668.h5
2025-09-19 00:44:57,489 - INFO - File 10264: Filtered 12943550 hits and 6 records
2025-09-19 00:44:59,449 - INFO - File 22244: Filtered 12422972 hits and 8 records
2025-09-19 00:44:59,769 - INFO - File 25886: Filtered 13049206 hits and 8 records
2025-09-19 00:44:59,940 - INFO - Completed /viper/ptmp/arego/RC4K1_EN_100/26610.h5 in 65.79 seconds
2025-09-19 00:44:59,990 - INFO - Completed /viper/ptmp/arego/RC4K1_EN_100/1009.h5 in 83.11 seconds
2025-09-19 00:45:00,142 - INFO - Processing /viper/ptmp/arego/RC4K1/6189.h5
2025-09-19 00:45:00,181 - INFO - Processing /viper/ptmp/arego/RC4K1/26525.h5
2025-09-19 00:45:00,264 - INFO - File 17180: Filtered 10804831 hits and 5 records
2025-09-19 00:45:01,846 - INFO - Completed /viper/ptmp/arego/RC4K1_EN_100/10860.h5 in 56.47 seconds
2025-09-19 00:45:01,865 - INFO - File 14975: Filtered 11930370 hits and 8 records
2025-09-19 00:45:02,003 - INFO - Processing /viper/ptmp/arego/RC4K1/22754.h5
2025-09-19 00:45:02,882 - INFO - File 13668: Filtered 13985863 hits and 7 records
2025-09-19 00:45:05,016 - INFO - File 26525: Filtered 10261977 hits and 6 records
2025-09-19 00:45:05,319 - INFO - Completed /viper/ptmp/arego/RC4K1_EN_100/26046.h5 in 43.91 seconds
2025-09-19 00:45:05,344 - INFO - File 6189: Filtered 10810417 hits and 8 records
2025-09-19 00:45:05,479 - INFO - Processing /viper/ptmp/arego/RC4K1/19534.h5
2025-09-19 00:45:05,884 - INFO - Completed /viper/ptmp/arego/RC4K1_EN_100/24262.h5 in 83.59 seconds
2025-09-19 00:45:06,053 - INFO - Processing /viper/ptmp/arego/RC4K1/4239.h5
2025-09-19 00:45:06,833 - INFO - File 22754: Filtered 14159186 hits and 9 records
2025-09-19 00:45:07,608 - INFO - Completed /viper/ptmp/arego/RC4K1_EN_100/1103.h5 in 57.32 seconds
2025-09-19 00:45:07,799 - INFO - Processing /viper/ptmp/arego/RC4K1/5075.h5
2025-09-19 00:45:09,590 - INFO - Completed /viper/ptmp/arego/RC4K1_EN_100/28876.h5 in 53.82 seconds
2025-09-19 00:45:09,940 - INFO - Processing /viper/ptmp/arego/RC4K1/1212.h5
2025-09-19 00:45:10,741 - INFO - File 19534: Filtered 9905632 hits and 6 records
2025-09-19 00:45:11,350 - INFO - File 4239: Filtered 14310074 hits and 8 records
2025-09-19 00:45:11,406 - INFO - Completed /viper/ptmp/arego/RC4K1_EN_100/15626.h5 in 29.85 seconds
2025-09-19 00:45:11,591 - INFO - Processing /viper/ptmp/arego/RC4K1/1681.h5
2025-09-19 00:45:12,652 - INFO - Completed /viper/ptmp/arego/RC4K1_EN_100/22459.h5 in 58.85 seconds
2025-09-19 00:45:12,733 - INFO - File 5075: Filtered 15990515 hits and 7 records
2025-09-19 00:45:12,815 - INFO - Processing /viper/ptmp/arego/RC4K1/2013.h5
2025-09-19 00:45:13,722 - INFO - Completed /viper/ptmp/arego/RC4K1_EN_100/21042.h5 in 43.54 seconds
2025-09-19 00:45:13,944 - INFO - Processing /viper/ptmp/arego/RC4K1/8249.h5
2025-09-19 00:45:15,345 - INFO - File 1212: Filtered 7866080 hits and 6 records
2025-09-19 00:45:15,639 - INFO - Completed /viper/ptmp/arego/RC4K1_EN_100/29685.h5 in 49.80 seconds
2025-09-19 00:45:15,858 - INFO - Processing /viper/ptmp/arego/RC4K1/8463.h5
2025-09-19 00:45:16,438 - INFO - File 1681: Filtered 14750282 hits and 9 records
2025-09-19 00:45:16,466 - INFO - Completed /viper/ptmp/arego/RC4K1_EN_100/20411.h5 in 64.16 seconds
2025-09-19 00:45:16,550 - INFO - Completed /viper/ptmp/arego/RC4K1_EN_100/22348.h5 in 48.81 seconds
2025-09-19 00:45:16,615 - INFO - Processing /viper/ptmp/arego/RC4K1/7803.h5
2025-09-19 00:45:16,909 - INFO - Processing /viper/ptmp/arego/RC4K1/5401.h5
2025-09-19 00:45:18,512 - INFO - File 2013: Filtered 11657213 hits and 6 records
2025-09-19 00:45:18,636 - INFO - File 8249: Filtered 20066004 hits and 10 records
2025-09-19 00:45:20,974 - INFO - File 8463: Filtered 13285004 hits and 8 records
2025-09-19 00:45:21,841 - INFO - File 7803: Filtered 10032416 hits and 7 records
2025-09-19 00:45:22,194 - INFO - Completed /viper/ptmp/arego/RC4K1_EN_100/28197.h5 in 46.24 seconds
2025-09-19 00:45:22,279 - INFO - File 5401: Filtered 11752936 hits and 8 records
2025-09-19 00:45:22,425 - INFO - Processing /viper/ptmp/arego/RC4K1/11738.h5
2025-09-19 00:45:22,448 - INFO - Completed /viper/ptmp/arego/RC4K1_EN_100/1330.h5 in 33.43 seconds
2025-09-19 00:45:22,608 - INFO - Processing /viper/ptmp/arego/RC4K1/7011.h5
2025-09-19 00:45:24,834 - INFO - Completed /viper/ptmp/arego/RC4K1_EN_100/1004.h5 in 73.08 seconds
2025-09-19 00:45:24,996 - INFO - Processing /viper/ptmp/arego/RC4K1/11452.h5
2025-09-19 00:45:26,899 - INFO - File 11738: Filtered 11741086 hits and 7 records
2025-09-19 00:45:27,739 - INFO - File 7011: Filtered 13159165 hits and 7 records
2025-09-19 00:45:29,323 - INFO - Completed /viper/ptmp/arego/RC4K1_EN_100/29120.h5 in 65.83 seconds
2025-09-19 00:45:29,587 - INFO - Processing /viper/ptmp/arego/RC4K1/1766.h5
2025-09-19 00:45:30,289 - INFO - File 11452: Filtered 15333729 hits and 7 records
2025-09-19 00:45:30,892 - INFO - Completed /viper/ptmp/arego/RC4K1_EN_100/8249.h5 in 16.95 seconds
2025-09-19 00:45:31,120 - INFO - Processing /viper/ptmp/arego/RC4K1/4149.h5
2025-09-19 00:45:31,253 - INFO - Completed /viper/ptmp/arego/RC4K1_EN_100/1313.h5 in 41.74 seconds
2025-09-19 00:45:31,401 - INFO - Processing /viper/ptmp/arego/RC4K1/3113.h5
2025-09-19 00:45:34,293 - INFO - File 1766: Filtered 12603880 hits and 8 records
2025-09-19 00:45:36,254 - INFO - File 3113: Filtered 13627477 hits and 6 records
2025-09-19 00:45:36,654 - INFO - File 4149: Filtered 6634250 hits and 8 records
2025-09-19 00:45:36,875 - INFO - Completed /viper/ptmp/arego/RC4K1_EN_100/22210.h5 in 67.17 seconds
2025-09-19 00:45:37,051 - INFO - Processing /viper/ptmp/arego/RC4K1/22556.h5
2025-09-19 00:45:37,409 - INFO - Completed /viper/ptmp/arego/RC4K1_EN_100/18414.h5 in 63.00 seconds
2025-09-19 00:45:37,543 - INFO - Completed /viper/ptmp/arego/RC4K1_EN_100/22251.h5 in 48.70 seconds
2025-09-19 00:45:37,571 - INFO - Processing /viper/ptmp/arego/RC4K1/4802.h5
2025-09-19 00:45:37,718 - INFO - Processing /viper/ptmp/arego/RC4K1/3912.h5
2025-09-19 00:45:38,849 - INFO - Completed /viper/ptmp/arego/RC4K1_EN_100/18493.h5 in 66.61 seconds
2025-09-19 00:45:39,250 - INFO - Processing /viper/ptmp/arego/RC4K1/11640.h5
2025-09-19 00:45:41,135 - INFO - Completed /viper/ptmp/arego/RC4K1_EN_100/8529.h5 in 58.22 seconds
2025-09-19 00:45:41,408 - INFO - Processing /viper/ptmp/arego/RC4K1/7201.h5
2025-09-19 00:45:42,519 - INFO - File 4802: Filtered 11189961 hits and 8 records
2025-09-19 00:45:43,573 - INFO - File 22556: Filtered 8215220 hits and 6 records
2025-09-19 00:45:43,603 - INFO - File 3912: Filtered 14649720 hits and 6 records
2025-09-19 00:45:43,877 - INFO - File 11640: Filtered 12097787 hits and 10 records
2025-09-19 00:45:45,703 - INFO - Completed /viper/ptmp/arego/RC4K1_EN_100/5075.h5 in 37.90 seconds
2025-09-19 00:45:45,906 - INFO - Completed /viper/ptmp/arego/RC4K1_EN_100/22244.h5 in 51.39 seconds
2025-09-19 00:45:45,927 - INFO - Processing /viper/ptmp/arego/RC4K1/3161.h5
2025-09-19 00:45:46,811 - INFO - Processing /viper/ptmp/arego/RC4K1/6166.h5
2025-09-19 00:45:47,464 - INFO - File 7201: Filtered 6463448 hits and 8 records
2025-09-19 00:45:48,118 - INFO - Completed /viper/ptmp/arego/RC4K1_EN_100/24040.h5 in 76.87 seconds
2025-09-19 00:45:48,335 - INFO - Processing /viper/ptmp/arego/RC4K1/1345.h5
2025-09-19 00:45:49,974 - INFO - Completed /viper/ptmp/arego/RC4K1_EN_100/13668.h5 in 53.01 seconds
2025-09-19 00:45:50,118 - INFO - Completed /viper/ptmp/arego/RC4K1_EN_100/22754.h5 in 48.12 seconds
2025-09-19 00:45:50,197 - INFO - Processing /viper/ptmp/arego/RC4K1/7902.h5
2025-09-19 00:45:50,308 - INFO - Processing /viper/ptmp/arego/RC4K1/11111.h5
2025-09-19 00:45:50,414 - INFO - Completed /viper/ptmp/arego/RC4K1_EN_100/14975.h5 in 53.55 seconds
2025-09-19 00:45:50,524 - INFO - Completed /viper/ptmp/arego/RC4K1_EN_100/25886.h5 in 56.55 seconds
2025-09-19 00:45:50,706 - INFO - Processing /viper/ptmp/arego/RC4K1/5916.h5
2025-09-19 00:45:50,809 - INFO - Processing /viper/ptmp/arego/RC4K1/24867.h5
2025-09-19 00:45:52,032 - INFO - File 3161: Filtered 15236431 hits and 10 records
2025-09-19 00:45:52,148 - INFO - Completed /viper/ptmp/arego/RC4K1_EN_100/1681.h5 in 40.56 seconds
2025-09-19 00:45:52,394 - INFO - Processing /viper/ptmp/arego/RC4K1/8813.h5
2025-09-19 00:45:52,824 - INFO - File 1345: Filtered 16873108 hits and 10 records
2025-09-19 00:45:53,106 - INFO - File 6166: Filtered 5053769 hits and 8 records
2025-09-19 00:45:53,632 - INFO - Completed /viper/ptmp/arego/RC4K1_EN_100/895.h5 in 73.57 seconds
2025-09-19 00:45:53,905 - INFO - Processing /viper/ptmp/arego/RC4K1/21340.h5
2025-09-19 00:45:55,276 - INFO - File 11111: Filtered 3264223 hits and 5 records
2025-09-19 00:45:56,064 - INFO - File 7902: Filtered 8791744 hits and 6 records
2025-09-19 00:45:56,259 - INFO - File 5916: Filtered 13808733 hits and 8 records
2025-09-19 00:45:56,760 - INFO - File 24867: Filtered 8177796 hits and 5 records
2025-09-19 00:45:57,890 - INFO - File 8813: Filtered 10846755 hits and 8 records
2025-09-19 00:45:58,036 - INFO - Completed /viper/ptmp/arego/RC4K1_EN_100/734.h5 in 68.54 seconds
2025-09-19 00:45:58,249 - INFO - Processing /viper/ptmp/arego/RC4K1/27922.h5
2025-09-19 00:45:59,177 - INFO - File 21340: Filtered 8935351 hits and 8 records
2025-09-19 00:45:59,401 - INFO - Completed /viper/ptmp/arego/RC4K1_EN_100/4239.h5 in 53.35 seconds
2025-09-19 00:45:59,594 - INFO - Processing /viper/ptmp/arego/RC4K1/6451.h5
2025-09-19 00:46:03,145 - INFO - Completed /viper/ptmp/arego/RC4K1_EN_100/17180.h5 in 67.22 seconds
2025-09-19 00:46:03,211 - INFO - File 27922: Filtered 7658165 hits and 6 records
2025-09-19 00:46:03,409 - INFO - Processing /viper/ptmp/arego/RC4K1/7904.h5
2025-09-19 00:46:04,265 - INFO - Completed /viper/ptmp/arego/RC4K1_EN_100/6189.h5 in 64.12 seconds
2025-09-19 00:46:04,504 - INFO - Processing /viper/ptmp/arego/RC4K1/16176.h5
2025-09-19 00:46:04,702 - INFO - File 6451: Filtered 13123734 hits and 7 records
2025-09-19 00:46:06,227 - INFO - Completed /viper/ptmp/arego/RC4K1_EN_100/5401.h5 in 49.32 seconds
2025-09-19 00:46:06,431 - INFO - Processing /viper/ptmp/arego/RC4K1/21793.h5
2025-09-19 00:46:06,951 - INFO - Completed /viper/ptmp/arego/RC4K1_EN_100/11738.h5 in 44.53 seconds
2025-09-19 00:46:07,427 - INFO - Completed /viper/ptmp/arego/RC4K1_EN_100/26525.h5 in 67.25 seconds
2025-09-19 00:46:07,525 - INFO - Processing /viper/ptmp/arego/RC4K1/28083.h5
2025-09-19 00:46:07,583 - INFO - Processing /viper/ptmp/arego/RC4K1/1188.h5
2025-09-19 00:46:07,890 - INFO - Completed /viper/ptmp/arego/RC4K1_EN_100/8463.h5 in 52.03 seconds
2025-09-19 00:46:07,918 - INFO - Completed /viper/ptmp/arego/RC4K1_EN_100/19534.h5 in 62.44 seconds
2025-09-19 00:46:08,101 - INFO - Processing /viper/ptmp/arego/RC4K1/14565.h5
2025-09-19 00:46:08,169 - INFO - Processing /viper/ptmp/arego/RC4K1/10575.h5
2025-09-19 00:46:08,660 - INFO - File 7904: Filtered 12712332 hits and 8 records
2025-09-19 00:46:09,362 - INFO - File 16176: Filtered 23430637 hits and 11 records
2025-09-19 00:46:11,310 - INFO - File 21793: Filtered 15222787 hits and 8 records
2025-09-19 00:46:12,481 - INFO - File 1188: Filtered 19950633 hits and 8 records
2025-09-19 00:46:12,710 - INFO - File 28083: Filtered 13841008 hits and 7 records
2025-09-19 00:46:13,082 - INFO - Completed /viper/ptmp/arego/RC4K1_EN_100/11452.h5 in 48.09 seconds
2025-09-19 00:46:13,124 - INFO - File 14565: Filtered 13374463 hits and 6 records
2025-09-19 00:46:13,315 - INFO - Processing /viper/ptmp/arego/RC4K1/24043.h5
2025-09-19 00:46:13,383 - INFO - File 10575: Filtered 7279676 hits and 7 records
2025-09-19 00:46:18,432 - INFO - Completed /viper/ptmp/arego/RC4K1_EN_100/16176.h5 in 13.93 seconds
2025-09-19 00:46:18,580 - INFO - Processing /viper/ptmp/arego/RC4K1/4223.h5
2025-09-19 00:46:19,093 - INFO - File 24043: Filtered 13280573 hits and 7 records
2025-09-19 00:46:22,315 - INFO - Completed /viper/ptmp/arego/RC4K1_EN_100/1345.h5 in 33.98 seconds
2025-09-19 00:46:22,576 - INFO - Processing /viper/ptmp/arego/RC4K1/2107.h5
2025-09-19 00:46:22,964 - INFO - Completed /viper/ptmp/arego/RC4K1_EN_100/3113.h5 in 51.56 seconds
2025-09-19 00:46:23,125 - INFO - Processing /viper/ptmp/arego/RC4K1/9011.h5
2025-09-19 00:46:23,653 - INFO - Completed /viper/ptmp/arego/RC4K1_EN_100/11640.h5 in 44.40 seconds
2025-09-19 00:46:23,681 - INFO - File 4223: Filtered 9753715 hits and 9 records
2025-09-19 00:46:23,943 - INFO - Processing /viper/ptmp/arego/RC4K1/1835.h5
2025-09-19 00:46:24,342 - INFO - Completed /viper/ptmp/arego/RC4K1_EN_100/2013.h5 in 71.53 seconds
2025-09-19 00:46:24,502 - INFO - Processing /viper/ptmp/arego/RC4K1/4494.h5
2025-09-19 00:46:26,211 - INFO - Completed /viper/ptmp/arego/RC4K1_EN_100/3912.h5 in 48.49 seconds
2025-09-19 00:46:26,383 - INFO - Processing /viper/ptmp/arego/RC4K1/3133.h5
2025-09-19 00:46:26,403 - INFO - Completed /viper/ptmp/arego/RC4K1_EN_100/7803.h5 in 69.79 seconds
2025-09-19 00:46:26,579 - INFO - Processing /viper/ptmp/arego/RC4K1/16761.h5
2025-09-19 00:46:27,807 - INFO - Completed /viper/ptmp/arego/RC4K1_EN_100/1766.h5 in 58.22 seconds
2025-09-19 00:46:28,026 - INFO - File 2107: Filtered 14111191 hits and 5 records
2025-09-19 00:46:28,041 - INFO - Processing /viper/ptmp/arego/RC4K1/21506.h5
2025-09-19 00:46:28,211 - INFO - File 9011: Filtered 9789350 hits and 3 records
2025-09-19 00:46:28,314 - INFO - Completed /viper/ptmp/arego/RC4K1_EN_100/3161.h5 in 42.39 seconds
2025-09-19 00:46:28,482 - INFO - Processing /viper/ptmp/arego/RC4K1/17998.h5
2025-09-19 00:46:28,658 - INFO - Completed /viper/ptmp/arego/RC4K1_EN_100/10264.h5 in 99.07 seconds
2025-09-19 00:46:28,833 - INFO - Processing /viper/ptmp/arego/RC4K1/17550.h5
2025-09-19 00:46:29,413 - INFO - File 4494: Filtered 16952451 hits and 7 records
2025-09-19 00:46:30,336 - INFO - File 1835: Filtered 15448724 hits and 7 records
2025-09-19 00:46:31,923 - INFO - File 3133: Filtered 16273737 hits and 12 records
2025-09-19 00:46:31,943 - INFO - File 16761: Filtered 13600941 hits and 8 records
2025-09-19 00:46:32,058 - INFO - Completed /viper/ptmp/arego/RC4K1_EN_100/7011.h5 in 69.45 seconds
2025-09-19 00:46:32,274 - INFO - Processing /viper/ptmp/arego/RC4K1/12900.h5
2025-09-19 00:46:33,613 - INFO - File 21506: Filtered 10813915 hits and 7 records
2025-09-19 00:46:33,765 - INFO - File 17998: Filtered 12313508 hits and 8 records
2025-09-19 00:46:34,557 - INFO - File 17550: Filtered 25673372 hits and 9 records
2025-09-19 00:46:35,832 - INFO - Completed /viper/ptmp/arego/RC4K1_EN_100/1212.h5 in 85.89 seconds
2025-09-19 00:46:36,023 - INFO - Processing /viper/ptmp/arego/RC4K1/12775.h5
2025-09-19 00:46:38,158 - INFO - File 12900: Filtered 21886913 hits and 9 records
2025-09-19 00:46:39,993 - INFO - Completed /viper/ptmp/arego/RC4K1_EN_100/5916.h5 in 49.29 seconds
2025-09-19 00:46:40,156 - INFO - Processing /viper/ptmp/arego/RC4K1/15811.h5
2025-09-19 00:46:41,235 - INFO - Completed /viper/ptmp/arego/RC4K1_EN_100/17550.h5 in 12.40 seconds
2025-09-19 00:46:41,447 - INFO - Processing /viper/ptmp/arego/RC4K1/2111.h5
2025-09-19 00:46:41,607 - INFO - File 12775: Filtered 16849973 hits and 9 records
2025-09-19 00:46:42,479 - INFO - Completed /viper/ptmp/arego/RC4K1_EN_100/1188.h5 in 34.90 seconds
2025-09-19 00:46:42,663 - INFO - Completed /viper/ptmp/arego/RC4K1_EN_100/4802.h5 in 65.09 seconds
2025-09-19 00:46:42,720 - INFO - Processing /viper/ptmp/arego/RC4K1/15307.h5
2025-09-19 00:46:42,882 - INFO - Processing /viper/ptmp/arego/RC4K1/1983.h5
2025-09-19 00:46:45,376 - INFO - File 15811: Filtered 18473976 hits and 9 records
2025-09-19 00:46:46,266 - INFO - Completed /viper/ptmp/arego/RC4K1_EN_100/21793.h5 in 39.83 seconds
2025-09-19 00:46:46,427 - INFO - Processing /viper/ptmp/arego/RC4K1/23145.h5
2025-09-19 00:46:46,933 - INFO - File 2111: Filtered 20564614 hits and 9 records
2025-09-19 00:46:47,856 - INFO - File 15307: Filtered 13558850 hits and 9 records
2025-09-19 00:46:50,311 - INFO - File 1983: Filtered 14954825 hits and 6 records
2025-09-19 00:46:51,146 - INFO - File 23145: Filtered 17075663 hits and 8 records
2025-09-19 00:46:53,345 - INFO - Completed /viper/ptmp/arego/RC4K1_EN_100/28083.h5 in 45.82 seconds
2025-09-19 00:46:53,547 - INFO - Processing /viper/ptmp/arego/RC4K1/28619.h5
2025-09-19 00:46:58,361 - INFO - File 28619: Filtered 9439765 hits and 6 records
2025-09-19 00:46:58,719 - INFO - Completed /viper/ptmp/arego/RC4K1_EN_100/14565.h5 in 50.62 seconds
2025-09-19 00:46:58,948 - INFO - Completed /viper/ptmp/arego/RC4K1_EN_100/6451.h5 in 59.35 seconds
2025-09-19 00:46:58,957 - INFO - Processing /viper/ptmp/arego/RC4K1/24303.h5
2025-09-19 00:46:59,125 - INFO - Processing /viper/ptmp/arego/RC4K1/551.h5
2025-09-19 00:47:00,160 - INFO - Completed /viper/ptmp/arego/RC4K1_EN_100/4149.h5 in 89.04 seconds
2025-09-19 00:47:00,384 - INFO - Processing /viper/ptmp/arego/RC4K1/1196.h5
2025-09-19 00:47:00,920 - INFO - Completed /viper/ptmp/arego/RC4K1_EN_100/22556.h5 in 83.87 seconds
2025-09-19 00:47:01,140 - INFO - Processing /viper/ptmp/arego/RC4K1/27056.h5
2025-09-19 00:47:02,240 - INFO - Completed /viper/ptmp/arego/RC4K1_EN_100/8813.h5 in 69.85 seconds
2025-09-19 00:47:02,440 - INFO - Processing /viper/ptmp/arego/RC4K1/25455.h5
2025-09-19 00:47:04,819 - INFO - File 551: Filtered 18029203 hits and 6 records
2025-09-19 00:47:05,188 - INFO - File 24303: Filtered 18282247 hits and 9 records
2025-09-19 00:47:05,329 - INFO - Completed /viper/ptmp/arego/RC4K1_EN_100/12900.h5 in 33.06 seconds
2025-09-19 00:47:05,591 - INFO - Processing /viper/ptmp/arego/RC4K1/10457.h5
2025-09-19 00:47:05,730 - INFO - Completed /viper/ptmp/arego/RC4K1_EN_100/4494.h5 in 41.23 seconds
2025-09-19 00:47:05,921 - INFO - File 1196: Filtered 10208376 hits and 6 records
2025-09-19 00:47:06,445 - INFO - Processing /viper/ptmp/arego/RC4K1/2559.h5
2025-09-19 00:47:07,403 - INFO - File 27056: Filtered 16775932 hits and 8 records
2025-09-19 00:47:09,145 - INFO - File 25455: Filtered 10917207 hits and 7 records
2025-09-19 00:47:09,840 - INFO - Completed /viper/ptmp/arego/RC4K1_EN_100/2107.h5 in 47.26 seconds
2025-09-19 00:47:10,062 - INFO - Processing /viper/ptmp/arego/RC4K1/5371.h5
2025-09-19 00:47:11,160 - INFO - File 10457: Filtered 6542823 hits and 7 records
2025-09-19 00:47:11,197 - INFO - Completed /viper/ptmp/arego/RC4K1_EN_100/7904.h5 in 67.79 seconds
2025-09-19 00:47:11,275 - INFO - Completed /viper/ptmp/arego/RC4K1_EN_100/3133.h5 in 44.89 seconds
2025-09-19 00:47:11,424 - INFO - Processing /viper/ptmp/arego/RC4K1/23939.h5
2025-09-19 00:47:11,448 - INFO - Processing /viper/ptmp/arego/RC4K1/4733.h5
2025-09-19 00:47:12,026 - INFO - Completed /viper/ptmp/arego/RC4K1_EN_100/7902.h5 in 81.83 seconds
2025-09-19 00:47:12,261 - INFO - Processing /viper/ptmp/arego/RC4K1/22322.h5
2025-09-19 00:47:12,632 - INFO - File 2559: Filtered 23225247 hits and 9 records
2025-09-19 00:47:12,734 - INFO - Completed /viper/ptmp/arego/RC4K1_EN_100/7201.h5 in 91.33 seconds
2025-09-19 00:47:13,087 - INFO - Processing /viper/ptmp/arego/RC4K1/20518.h5
2025-09-19 00:47:13,636 - INFO - Completed /viper/ptmp/arego/RC4K1_EN_100/24867.h5 in 82.83 seconds
2025-09-19 00:47:13,802 - INFO - Processing /viper/ptmp/arego/RC4K1/10500.h5
2025-09-19 00:47:14,186 - INFO - Completed /viper/ptmp/arego/RC4K1_EN_100/2111.h5 in 32.74 seconds
2025-09-19 00:47:14,670 - INFO - Processing /viper/ptmp/arego/RC4K1/22363.h5
2025-09-19 00:47:15,394 - INFO - File 5371: Filtered 16455238 hits and 9 records
2025-09-19 00:47:17,541 - INFO - File 23939: Filtered 10125836 hits and 8 records
2025-09-19 00:47:17,767 - INFO - File 4733: Filtered 24558684 hits and 10 records
2025-09-19 00:47:18,009 - INFO - Completed /viper/ptmp/arego/RC4K1_EN_100/21340.h5 in 84.10 seconds
2025-09-19 00:47:18,231 - INFO - Processing /viper/ptmp/arego/RC4K1/19528.h5
2025-09-19 00:47:18,324 - INFO - Completed /viper/ptmp/arego/RC4K1_EN_100/15811.h5 in 38.17 seconds
2025-09-19 00:47:18,521 - INFO - Processing /viper/ptmp/arego/RC4K1/22255.h5
2025-09-19 00:47:19,286 - INFO - Completed /viper/ptmp/arego/RC4K1_EN_100/24043.h5 in 65.97 seconds
2025-09-19 00:47:19,502 - INFO - Processing /viper/ptmp/arego/RC4K1/346.h5
2025-09-19 00:47:20,230 - INFO - File 22322: Filtered 5311965 hits and 4 records
2025-09-19 00:47:21,220 - INFO - File 20518: Filtered 11598178 hits and 6 records
2025-09-19 00:47:21,646 - INFO - Completed /viper/ptmp/arego/RC4K1_EN_100/23145.h5 in 35.22 seconds
2025-09-19 00:47:21,790 - INFO - Processing /viper/ptmp/arego/RC4K1/24651.h5
2025-09-19 00:47:21,902 - INFO - File 10500: Filtered 11110277 hits and 7 records
2025-09-19 00:47:22,677 - INFO - File 22363: Filtered 19993386 hits and 8 records
2025-09-19 00:47:23,330 - INFO - Completed /viper/ptmp/arego/RC4K1_EN_100/12775.h5 in 47.31 seconds
2025-09-19 00:47:23,603 - INFO - Processing /viper/ptmp/arego/RC4K1/26975.h5
2025-09-19 00:47:23,825 - INFO - File 22255: Filtered 21261992 hits and 10 records
2025-09-19 00:47:24,296 - INFO - File 19528: Filtered 12011646 hits and 10 records
2025-09-19 00:47:25,654 - INFO - File 346: Filtered 14557233 hits and 7 records
2025-09-19 00:47:26,937 - INFO - File 24651: Filtered 10145793 hits and 5 records
2025-09-19 00:47:27,328 - INFO - Completed /viper/ptmp/arego/RC4K1_EN_100/27922.h5 in 89.08 seconds
2025-09-19 00:47:27,607 - INFO - Processing /viper/ptmp/arego/RC4K1/735.h5
2025-09-19 00:47:27,698 - INFO - Completed /viper/ptmp/arego/RC4K1_EN_100/1835.h5 in 63.76 seconds
2025-09-19 00:47:27,911 - INFO - Processing /viper/ptmp/arego/RC4K1/7136.h5
2025-09-19 00:47:28,205 - INFO - Completed /viper/ptmp/arego/RC4K1_EN_100/16761.h5 in 61.63 seconds
2025-09-19 00:47:28,364 - INFO - Processing /viper/ptmp/arego/RC4K1/27152.h5
2025-09-19 00:47:29,402 - INFO - File 26975: Filtered 8885605 hits and 8 records
2025-09-19 00:47:32,472 - INFO - Completed /viper/ptmp/arego/RC4K1_EN_100/4733.h5 in 21.02 seconds
2025-09-19 00:47:32,638 - INFO - Processing /viper/ptmp/arego/RC4K1/15490.h5
2025-09-19 00:47:32,833 - INFO - File 735: Filtered 23632613 hits and 10 records
2025-09-19 00:47:33,068 - INFO - File 7136: Filtered 13936994 hits and 8 records
2025-09-19 00:47:33,111 - INFO - Completed /viper/ptmp/arego/RC4K1_EN_100/6166.h5 in 106.30 seconds
2025-09-19 00:47:33,346 - INFO - Processing /viper/ptmp/arego/RC4K1/5812.h5
2025-09-19 00:47:33,438 - INFO - Completed /viper/ptmp/arego/RC4K1_EN_100/17998.h5 in 64.96 seconds
2025-09-19 00:47:33,719 - INFO - File 27152: Filtered 16176875 hits and 7 records
2025-09-19 00:47:33,912 - INFO - Processing /viper/ptmp/arego/RC4K1/13255.h5
2025-09-19 00:47:34,678 - INFO - Completed /viper/ptmp/arego/RC4K1_EN_100/11111.h5 in 104.37 seconds
2025-09-19 00:47:34,855 - INFO - Processing /viper/ptmp/arego/RC4K1/25204.h5
2025-09-19 00:47:35,627 - INFO - Completed /viper/ptmp/arego/RC4K1_EN_100/10575.h5 in 87.46 seconds
2025-09-19 00:47:35,793 - INFO - Completed /viper/ptmp/arego/RC4K1_EN_100/2559.h5 in 29.35 seconds
2025-09-19 00:47:35,824 - INFO - Processing /viper/ptmp/arego/RC4K1/8706.h5
2025-09-19 00:47:36,502 - INFO - Processing /viper/ptmp/arego/RC4K1/494.h5
2025-09-19 00:47:37,487 - INFO - Completed /viper/ptmp/arego/RC4K1_EN_100/24303.h5 in 38.53 seconds
2025-09-19 00:47:37,693 - INFO - Processing /viper/ptmp/arego/RC4K1/26150.h5
2025-09-19 00:47:38,665 - INFO - File 15490: Filtered 14260156 hits and 7 records
2025-09-19 00:47:39,260 - INFO - Completed /viper/ptmp/arego/RC4K1_EN_100/9011.h5 in 76.14 seconds
2025-09-19 00:47:39,327 - INFO - File 5812: Filtered 13104894 hits and 8 records
2025-09-19 00:47:39,445 - INFO - Processing /viper/ptmp/arego/RC4K1/2220.h5
2025-09-19 00:47:39,789 - INFO - File 13255: Filtered 12021719 hits and 8 records
2025-09-19 00:47:40,539 - INFO - File 25204: Filtered 17335230 hits and 6 records
2025-09-19 00:47:41,600 - INFO - File 8706: Filtered 18090650 hits and 6 records
2025-09-19 00:47:41,958 - INFO - File 494: Filtered 14571592 hits and 7 records
2025-09-19 00:47:42,207 - INFO - Completed /viper/ptmp/arego/RC4K1_EN_100/4223.h5 in 83.63 seconds
2025-09-19 00:47:42,522 - INFO - Processing /viper/ptmp/arego/RC4K1/12112.h5
2025-09-19 00:47:42,893 - INFO - Completed /viper/ptmp/arego/RC4K1_EN_100/551.h5 in 43.77 seconds
2025-09-19 00:47:43,123 - INFO - Processing /viper/ptmp/arego/RC4K1/24353.h5
2025-09-19 00:47:43,386 - INFO - File 26150: Filtered 9858489 hits and 6 records
2025-09-19 00:47:45,066 - INFO - File 2220: Filtered 16016219 hits and 7 records
2025-09-19 00:47:48,165 - INFO - File 12112: Filtered 7260734 hits and 7 records
2025-09-19 00:47:48,735 - INFO - File 24353: Filtered 15814365 hits and 5 records
2025-09-19 00:47:49,185 - INFO - Completed /viper/ptmp/arego/RC4K1_EN_100/22255.h5 in 30.66 seconds
2025-09-19 00:47:49,349 - INFO - Processing /viper/ptmp/arego/RC4K1/25257.h5
2025-09-19 00:47:49,476 - INFO - Completed /viper/ptmp/arego/RC4K1_EN_100/735.h5 in 21.87 seconds
2025-09-19 00:47:50,279 - INFO - Completed /viper/ptmp/arego/RC4K1_EN_100/21506.h5 in 82.24 seconds
2025-09-19 00:47:50,291 - INFO - Processing /viper/ptmp/arego/RC4K1/7293.h5
2025-09-19 00:47:50,503 - INFO - Processing /viper/ptmp/arego/RC4K1/1888.h5
2025-09-19 00:47:51,264 - INFO - Completed /viper/ptmp/arego/RC4K1_EN_100/15307.h5 in 68.54 seconds
2025-09-19 00:47:51,426 - INFO - Processing /viper/ptmp/arego/RC4K1/20617.h5
2025-09-19 00:47:52,748 - INFO - Completed /viper/ptmp/arego/RC4K1_EN_100/27056.h5 in 51.61 seconds
2025-09-19 00:47:52,920 - INFO - Processing /viper/ptmp/arego/RC4K1/18067.h5
2025-09-19 00:47:54,992 - INFO - File 25257: Filtered 26860233 hits and 10 records
2025-09-19 00:47:55,613 - INFO - Completed /viper/ptmp/arego/RC4K1_EN_100/5371.h5 in 45.55 seconds
2025-09-19 00:47:55,855 - INFO - Processing /viper/ptmp/arego/RC4K1/12737.h5
2025-09-19 00:47:56,130 - INFO - File 7293: Filtered 13035402 hits and 10 records
2025-09-19 00:47:56,430 - INFO - File 1888: Filtered 12727011 hits and 7 records
2025-09-19 00:47:56,939 - INFO - Completed /viper/ptmp/arego/RC4K1_EN_100/22363.h5 in 42.27 seconds
2025-09-19 00:47:57,135 - INFO - Processing /viper/ptmp/arego/RC4K1/29908.h5
2025-09-19 00:47:57,193 - INFO - File 20617: Filtered 22887777 hits and 9 records
2025-09-19 00:47:58,394 - INFO - Completed /viper/ptmp/arego/RC4K1_EN_100/25257.h5 in 9.05 seconds
2025-09-19 00:47:58,550 - INFO - Processing /viper/ptmp/arego/RC4K1/25819.h5
2025-09-19 00:47:58,736 - INFO - File 18067: Filtered 10410814 hits and 6 records
2025-09-19 00:48:01,253 - INFO - Completed /viper/ptmp/arego/RC4K1_EN_100/28619.h5 in 67.71 seconds
2025-09-19 00:48:01,421 - INFO - Processing /viper/ptmp/arego/RC4K1/3752.h5
2025-09-19 00:48:01,896 - INFO - File 12737: Filtered 12921253 hits and 6 records
2025-09-19 00:48:03,130 - INFO - File 29908: Filtered 23182756 hits and 10 records
2025-09-19 00:48:03,853 - INFO - File 25819: Filtered 15981642 hits and 8 records
2025-09-19 00:48:06,853 - INFO - File 3752: Filtered 10615256 hits and 6 records
2025-09-19 00:48:19,978 - INFO - Completed /viper/ptmp/arego/RC4K1_EN_100/1983.h5 in 97.10 seconds
2025-09-19 00:48:20,202 - INFO - Processing /viper/ptmp/arego/RC4K1/20108.h5
2025-09-19 00:48:20,673 - INFO - Completed /viper/ptmp/arego/RC4K1_EN_100/25204.h5 in 45.82 seconds
2025-09-19 00:48:20,838 - INFO - Processing /viper/ptmp/arego/RC4K1/24442.h5
2025-09-19 00:48:22,304 - INFO - Completed /viper/ptmp/arego/RC4K1_EN_100/25455.h5 in 79.86 seconds
2025-09-19 00:48:22,535 - INFO - Processing /viper/ptmp/arego/RC4K1/28787.h5
2025-09-19 00:48:23,070 - INFO - Completed /viper/ptmp/arego/RC4K1_EN_100/27152.h5 in 54.71 seconds
2025-09-19 00:48:23,228 - INFO - Processing /viper/ptmp/arego/RC4K1/28797.h5
2025-09-19 00:48:23,812 - INFO - Completed /viper/ptmp/arego/RC4K1_EN_100/20617.h5 in 32.39 seconds
2025-09-19 00:48:24,098 - INFO - Processing /viper/ptmp/arego/RC4K1/24638.h5
2025-09-19 00:48:24,190 - INFO - Completed /viper/ptmp/arego/RC4K1_EN_100/8706.h5 in 48.37 seconds
2025-09-19 00:48:24,333 - INFO - Completed /viper/ptmp/arego/RC4K1_EN_100/7136.h5 in 56.42 seconds
2025-09-19 00:48:24,534 - INFO - Processing /viper/ptmp/arego/RC4K1/6362.h5
2025-09-19 00:48:24,947 - INFO - Processing /viper/ptmp/arego/RC4K1/21792.h5
2025-09-19 00:48:26,294 - INFO - Completed /viper/ptmp/arego/RC4K1_EN_100/1196.h5 in 85.91 seconds
2025-09-19 00:48:26,511 - INFO - Processing /viper/ptmp/arego/RC4K1/491.h5
2025-09-19 00:48:26,747 - INFO - File 20108: Filtered 11544942 hits and 6 records
2025-09-19 00:48:28,704 - INFO - File 28797: Filtered 21534472 hits and 8 records
2025-09-19 00:48:29,821 - INFO - File 6362: Filtered 10365470 hits and 6 records
2025-09-19 00:48:29,842 - INFO - Completed /viper/ptmp/arego/RC4K1_EN_100/29908.h5 in 32.71 seconds
2025-09-19 00:48:29,956 - INFO - File 28787: Filtered 10999777 hits and 8 records
2025-09-19 00:48:30,008 - INFO - Processing /viper/ptmp/arego/RC4K1/8801.h5
2025-09-19 00:48:30,337 - INFO - Completed /viper/ptmp/arego/RC4K1_EN_100/23939.h5 in 78.91 seconds
2025-09-19 00:48:30,365 - INFO - Completed /viper/ptmp/arego/RC4K1_EN_100/346.h5 in 70.86 seconds
2025-09-19 00:48:30,542 - INFO - Processing /viper/ptmp/arego/RC4K1/7960.h5
2025-09-19 00:48:30,587 - INFO - Processing /viper/ptmp/arego/RC4K1/16710.h5
2025-09-19 00:48:30,629 - INFO - File 24638: Filtered 22071307 hits and 10 records
2025-09-19 00:48:30,924 - INFO - File 21792: Filtered 10615772 hits and 7 records
2025-09-19 00:48:32,197 - INFO - File 491: Filtered 16723232 hits and 9 records
2025-09-19 00:48:33,157 - INFO - Completed /viper/ptmp/arego/RC4K1_EN_100/20518.h5 in 80.07 seconds
2025-09-19 00:48:33,329 - INFO - Processing /viper/ptmp/arego/RC4K1/5249.h5
2025-09-19 00:48:34,604 - INFO - Completed /viper/ptmp/arego/RC4K1_EN_100/10500.h5 in 80.80 seconds
2025-09-19 00:48:34,805 - INFO - Processing /viper/ptmp/arego/RC4K1/16859.h5
2025-09-19 00:48:35,547 - INFO - Completed /viper/ptmp/arego/RC4K1_EN_100/24651.h5 in 73.76 seconds
2025-09-19 00:48:35,745 - INFO - Processing /viper/ptmp/arego/RC4K1/8340.h5
2025-09-19 00:48:36,028 - INFO - File 8801: Filtered 16295045 hits and 12 records
2025-09-19 00:48:36,332 - INFO - File 7960: Filtered 11386862 hits and 6 records
2025-09-19 00:48:37,013 - INFO - Completed /viper/ptmp/arego/RC4K1_EN_100/24353.h5 in 53.89 seconds
2025-09-19 00:48:37,041 - INFO - File 16710: Filtered 9267226 hits and 7 records
2025-09-19 00:48:37,207 - INFO - Processing /viper/ptmp/arego/RC4K1/6942.h5
2025-09-19 00:48:38,432 - INFO - Completed /viper/ptmp/arego/RC4K1_EN_100/5812.h5 in 65.09 seconds
2025-09-19 00:48:38,596 - INFO - Processing /viper/ptmp/arego/RC4K1/10667.h5
2025-09-19 00:48:38,998 - INFO - Completed /viper/ptmp/arego/RC4K1_EN_100/15490.h5 in 66.36 seconds
2025-09-19 00:48:39,265 - INFO - Processing /viper/ptmp/arego/RC4K1/8191.h5
2025-09-19 00:48:40,108 - INFO - File 5249: Filtered 27164047 hits and 8 records
2025-09-19 00:48:41,184 - INFO - File 8340: Filtered 15132153 hits and 7 records
2025-09-19 00:48:41,455 - INFO - File 16859: Filtered 21465537 hits and 10 records
2025-09-19 00:48:41,495 - INFO - Completed /viper/ptmp/arego/RC4K1_EN_100/2220.h5 in 62.05 seconds
2025-09-19 00:48:41,724 - INFO - Processing /viper/ptmp/arego/RC4K1/8579.h5
2025-09-19 00:48:44,050 - INFO - Completed /viper/ptmp/arego/RC4K1_EN_100/19528.h5 in 85.82 seconds
2025-09-19 00:48:44,264 - INFO - File 10667: Filtered 15702596 hits and 7 records
2025-09-19 00:48:44,280 - INFO - Processing /viper/ptmp/arego/RC4K1/12046.h5
2025-09-19 00:48:44,619 - INFO - File 6942: Filtered 14886071 hits and 5 records
2025-09-19 00:48:45,802 - INFO - Completed /viper/ptmp/arego/RC4K1_EN_100/13255.h5 in 71.89 seconds
2025-09-19 00:48:45,989 - INFO - Processing /viper/ptmp/arego/RC4K1/2067.h5
2025-09-19 00:48:46,192 - INFO - File 8191: Filtered 25457226 hits and 7 records
2025-09-19 00:48:46,806 - INFO - Completed /viper/ptmp/arego/RC4K1_EN_100/494.h5 in 70.30 seconds
2025-09-19 00:48:47,039 - INFO - Processing /viper/ptmp/arego/RC4K1/20280.h5
2025-09-19 00:48:47,640 - INFO - Completed /viper/ptmp/arego/RC4K1_EN_100/10457.h5 in 102.05 seconds
2025-09-19 00:48:47,806 - INFO - Processing /viper/ptmp/arego/RC4K1/19669.h5
2025-09-19 00:48:48,052 - INFO - File 8579: Filtered 11809274 hits and 8 records
2025-09-19 00:48:49,867 - INFO - File 12046: Filtered 5628289 hits and 6 records
2025-09-19 00:48:51,407 - INFO - File 2067: Filtered 18186261 hits and 10 records
2025-09-19 00:48:51,429 - INFO - Completed /viper/ptmp/arego/RC4K1_EN_100/25819.h5 in 52.88 seconds
2025-09-19 00:48:51,657 - INFO - Processing /viper/ptmp/arego/RC4K1/11847.h5
2025-09-19 00:48:52,536 - INFO - Completed /viper/ptmp/arego/RC4K1_EN_100/5249.h5 in 19.21 seconds
2025-09-19 00:48:52,616 - INFO - Completed /viper/ptmp/arego/RC4K1_EN_100/7293.h5 in 62.32 seconds
2025-09-19 00:48:52,751 - INFO - Processing /viper/ptmp/arego/RC4K1/25041.h5
2025-09-19 00:48:52,796 - INFO - Processing /viper/ptmp/arego/RC4K1/8668.h5
2025-09-19 00:48:52,861 - INFO - Completed /viper/ptmp/arego/RC4K1_EN_100/26975.h5 in 89.26 seconds
2025-09-19 00:48:53,332 - INFO - Processing /viper/ptmp/arego/RC4K1/12270.h5
2025-09-19 00:48:53,344 - INFO - File 24442: Filtered 7046085 hits and 7 records
2025-09-19 00:48:54,583 - INFO - File 19669: Filtered 6960532 hits and 6 records
2025-09-19 00:48:55,366 - INFO - File 20280: Filtered 12791925 hits and 8 records
2025-09-19 00:48:56,825 - INFO - Completed /viper/ptmp/arego/RC4K1_EN_100/26150.h5 in 79.13 seconds
2025-09-19 00:48:57,031 - INFO - Processing /viper/ptmp/arego/RC4K1/10042.h5
2025-09-19 00:48:57,531 - INFO - File 11847: Filtered 16297527 hits and 5 records
2025-09-19 00:48:58,110 - INFO - Completed /viper/ptmp/arego/RC4K1_EN_100/22322.h5 in 105.85 seconds
2025-09-19 00:48:58,367 - INFO - Processing /viper/ptmp/arego/RC4K1/12593.h5
2025-09-19 00:48:58,632 - INFO - File 8668: Filtered 19041489 hits and 10 records
2025-09-19 00:48:59,708 - INFO - File 25041: Filtered 22327350 hits and 7 records
2025-09-19 00:49:00,110 - INFO - File 12270: Filtered 23355503 hits and 10 records
2025-09-19 00:49:02,806 - INFO - File 10042: Filtered 15888271 hits and 8 records
2025-09-19 00:49:03,219 - INFO - Completed /viper/ptmp/arego/RC4K1_EN_100/28797.h5 in 39.99 seconds
2025-09-19 00:49:03,420 - INFO - Processing /viper/ptmp/arego/RC4K1/3632.h5
2025-09-19 00:49:04,756 - INFO - File 12593: Filtered 14611604 hits and 7 records
2025-09-19 00:49:06,437 - INFO - Completed /viper/ptmp/arego/RC4K1_EN_100/24638.h5 in 42.34 seconds
2025-09-19 00:49:06,596 - INFO - Processing /viper/ptmp/arego/RC4K1/422.h5
2025-09-19 00:49:07,962 - INFO - Completed /viper/ptmp/arego/RC4K1_EN_100/8191.h5 in 28.70 seconds
2025-09-19 00:49:08,166 - INFO - Processing /viper/ptmp/arego/RC4K1/3679.h5
2025-09-19 00:49:09,531 - INFO - File 3632: Filtered 20900236 hits and 12 records
2025-09-19 00:49:12,533 - INFO - File 422: Filtered 16383470 hits and 8 records
2025-09-19 00:49:13,141 - INFO - Completed /viper/ptmp/arego/RC4K1_EN_100/1888.h5 in 82.64 seconds
2025-09-19 00:49:13,356 - INFO - Processing /viper/ptmp/arego/RC4K1/17603.h5
2025-09-19 00:49:14,471 - INFO - File 3679: Filtered 14790010 hits and 8 records
2025-09-19 00:49:16,465 - INFO - Completed /viper/ptmp/arego/RC4K1_EN_100/3752.h5 in 75.04 seconds
2025-09-19 00:49:16,652 - INFO - Processing /viper/ptmp/arego/RC4K1/16360.h5
2025-09-19 00:49:16,893 - INFO - Completed /viper/ptmp/arego/RC4K1_EN_100/16859.h5 in 42.09 seconds
2025-09-19 00:49:17,101 - INFO - Processing /viper/ptmp/arego/RC4K1/17218.h5
2025-09-19 00:49:17,116 - INFO - Completed /viper/ptmp/arego/RC4K1_EN_100/12112.h5 in 94.59 seconds
2025-09-19 00:49:17,304 - INFO - Processing /viper/ptmp/arego/RC4K1/6088.h5
2025-09-19 00:49:17,405 - INFO - Completed /viper/ptmp/arego/RC4K1_EN_100/12737.h5 in 81.55 seconds
2025-09-19 00:49:17,640 - INFO - Processing /viper/ptmp/arego/RC4K1/7176.h5
2025-09-19 00:49:19,572 - INFO - File 17603: Filtered 13374174 hits and 9 records
2025-09-19 00:49:19,954 - INFO - Completed /viper/ptmp/arego/RC4K1_EN_100/491.h5 in 53.44 seconds
2025-09-19 00:49:20,187 - INFO - Processing /viper/ptmp/arego/RC4K1/21202.h5
2025-09-19 00:49:20,458 - INFO - Completed /viper/ptmp/arego/RC4K1_EN_100/18067.h5 in 87.54 seconds
2025-09-19 00:49:20,633 - INFO - Processing /viper/ptmp/arego/RC4K1/4596.h5
2025-09-19 00:49:22,302 - INFO - File 16360: Filtered 12838468 hits and 8 records
2025-09-19 00:49:23,434 - INFO - File 17218: Filtered 7836081 hits and 4 records
2025-09-19 00:49:23,829 - INFO - File 7176: Filtered 23646733 hits and 8 records
2025-09-19 00:49:24,206 - INFO - File 6088: Filtered 16556741 hits and 10 records
2025-09-19 00:49:26,061 - INFO - File 21202: Filtered 18088952 hits and 8 records
2025-09-19 00:49:27,524 - INFO - File 4596: Filtered 9229120 hits and 4 records
2025-09-19 00:49:28,362 - INFO - Completed /viper/ptmp/arego/RC4K1_EN_100/8801.h5 in 58.35 seconds
2025-09-19 00:49:28,579 - INFO - Processing /viper/ptmp/arego/RC4K1/2915.h5
2025-09-19 00:49:30,383 - INFO - Completed /viper/ptmp/arego/RC4K1_EN_100/12270.h5 in 37.05 seconds
2025-09-19 00:49:30,624 - INFO - Processing /viper/ptmp/arego/RC4K1/27694.h5
2025-09-19 00:49:33,452 - INFO - Completed /viper/ptmp/arego/RC4K1_EN_100/25041.h5 in 40.70 seconds
2025-09-19 00:49:33,647 - INFO - Processing /viper/ptmp/arego/RC4K1/2095.h5
2025-09-19 00:49:33,912 - INFO - Completed /viper/ptmp/arego/RC4K1_EN_100/8668.h5 in 41.12 seconds
2025-09-19 00:49:34,141 - INFO - Processing /viper/ptmp/arego/RC4K1/24059.h5
2025-09-19 00:49:34,700 - INFO - File 2915: Filtered 25212304 hits and 9 records
2025-09-19 00:49:34,907 - INFO - Completed /viper/ptmp/arego/RC4K1_EN_100/2067.h5 in 48.92 seconds
2025-09-19 00:49:35,130 - INFO - Processing /viper/ptmp/arego/RC4K1/22586.h5
2025-09-19 00:49:36,103 - INFO - Completed /viper/ptmp/arego/RC4K1_EN_100/8340.h5 in 60.36 seconds
2025-09-19 00:49:36,430 - INFO - Processing /viper/ptmp/arego/RC4K1/15312.h5
2025-09-19 00:49:37,275 - INFO - File 27694: Filtered 16799670 hits and 7 records
2025-09-19 00:49:38,278 - INFO - Completed /viper/ptmp/arego/RC4K1_EN_100/6362.h5 in 73.74 seconds
2025-09-19 00:49:38,447 - INFO - Processing /viper/ptmp/arego/RC4K1/4244.h5
2025-09-19 00:49:40,620 - INFO - File 2095: Filtered 9475956 hits and 9 records
2025-09-19 00:49:41,118 - INFO - Completed /viper/ptmp/arego/RC4K1_EN_100/10667.h5 in 62.52 seconds
2025-09-19 00:49:41,308 - INFO - File 24059: Filtered 20969001 hits and 9 records
2025-09-19 00:49:41,337 - INFO - Completed /viper/ptmp/arego/RC4K1_EN_100/20108.h5 in 81.14 seconds
2025-09-19 00:49:41,367 - INFO - Completed /viper/ptmp/arego/RC4K1_EN_100/28787.h5 in 78.83 seconds
2025-09-19 00:49:41,384 - INFO - Processing /viper/ptmp/arego/RC4K1/11372.h5
2025-09-19 00:49:42,099 - INFO - Processing /viper/ptmp/arego/RC4K1/5431.h5
2025-09-19 00:49:42,141 - INFO - File 15312: Filtered 12714346 hits and 9 records
2025-09-19 00:49:42,491 - INFO - File 22586: Filtered 13231540 hits and 6 records
2025-09-19 00:49:42,899 - INFO - Processing /viper/ptmp/arego/RC4K1/17067.h5
2025-09-19 00:49:44,409 - INFO - File 4244: Filtered 15887072 hits and 7 records
2025-09-19 00:49:46,156 - INFO - Completed /viper/ptmp/arego/RC4K1_EN_100/11847.h5 in 54.50 seconds
2025-09-19 00:49:46,338 - INFO - Processing /viper/ptmp/arego/RC4K1/21350.h5
2025-09-19 00:49:48,347 - INFO - Completed /viper/ptmp/arego/RC4K1_EN_100/3632.h5 in 44.93 seconds
2025-09-19 00:49:48,512 - INFO - Processing /viper/ptmp/arego/RC4K1/511.h5
2025-09-19 00:49:49,002 - INFO - File 11372: Filtered 24424195 hits and 10 records
2025-09-19 00:49:50,241 - INFO - File 5431: Filtered 19586888 hits and 9 records
2025-09-19 00:49:51,148 - INFO - File 17067: Filtered 14399229 hits and 8 records
2025-09-19 00:49:52,117 - INFO - Completed /viper/ptmp/arego/RC4K1_EN_100/7176.h5 in 34.48 seconds
2025-09-19 00:49:52,159 - INFO - Completed /viper/ptmp/arego/RC4K1_EN_100/21792.h5 in 87.21 seconds
2025-09-19 00:49:52,331 - INFO - Processing /viper/ptmp/arego/RC4K1/22902.h5
2025-09-19 00:49:52,369 - INFO - Processing /viper/ptmp/arego/RC4K1/10491.h5
2025-09-19 00:49:52,691 - INFO - Completed /viper/ptmp/arego/RC4K1_EN_100/6942.h5 in 75.48 seconds
2025-09-19 00:49:52,870 - INFO - Processing /viper/ptmp/arego/RC4K1/29272.h5
2025-09-19 00:49:53,529 - INFO - File 21350: Filtered 14427530 hits and 8 records
2025-09-19 00:49:54,558 - INFO - File 511: Filtered 16282600 hits and 7 records
2025-09-19 00:49:58,478 - INFO - File 22902: Filtered 15499959 hits and 8 records
2025-09-19 00:49:59,013 - INFO - File 29272: Filtered 18019438 hits and 7 records
2025-09-19 00:49:59,187 - INFO - File 10491: Filtered 12721673 hits and 7 records
2025-09-19 00:50:00,084 - INFO - Completed /viper/ptmp/arego/RC4K1_EN_100/8579.h5 in 78.36 seconds
2025-09-19 00:50:00,201 - INFO - Completed /viper/ptmp/arego/RC4K1_EN_100/10042.h5 in 63.17 seconds
2025-09-19 00:50:00,357 - INFO - Processing /viper/ptmp/arego/RC4K1/21100.h5
2025-09-19 00:50:00,372 - INFO - Processing /viper/ptmp/arego/RC4K1/9059.h5
2025-09-19 00:50:01,429 - INFO - Completed /viper/ptmp/arego/RC4K1_EN_100/7960.h5 in 90.89 seconds
2025-09-19 00:50:01,692 - INFO - Processing /viper/ptmp/arego/RC4K1/19481.h5
2025-09-19 00:50:02,310 - INFO - Completed /viper/ptmp/arego/RC4K1_EN_100/2915.h5 in 33.73 seconds
2025-09-19 00:50:02,477 - INFO - Processing /viper/ptmp/arego/RC4K1/2903.h5
2025-09-19 00:50:06,437 - INFO - File 21100: Filtered 22525903 hits and 7 records
2025-09-19 00:50:06,562 - INFO - File 9059: Filtered 9357443 hits and 8 records
2025-09-19 00:50:08,788 - INFO - File 19481: Filtered 20724368 hits and 6 records
2025-09-19 00:50:08,861 - INFO - File 2903: Filtered 25091565 hits and 9 records
2025-09-19 00:50:09,112 - INFO - Completed /viper/ptmp/arego/RC4K1_EN_100/11372.h5 in 27.73 seconds
2025-09-19 00:50:09,297 - INFO - Processing /viper/ptmp/arego/RC4K1/20847.h5
2025-09-19 00:50:11,822 - INFO - Completed /viper/ptmp/arego/RC4K1_EN_100/12593.h5 in 73.45 seconds
2025-09-19 00:50:11,993 - INFO - Processing /viper/ptmp/arego/RC4K1/21167.h5
2025-09-19 00:50:13,562 - INFO - Completed /viper/ptmp/arego/RC4K1_EN_100/6088.h5 in 56.26 seconds
2025-09-19 00:50:13,729 - INFO - Processing /viper/ptmp/arego/RC4K1/15473.h5
2025-09-19 00:50:15,861 - INFO - File 20847: Filtered 21605763 hits and 6 records
2025-09-19 00:50:17,504 - INFO - Completed /viper/ptmp/arego/RC4K1_EN_100/24059.h5 in 43.36 seconds
2025-09-19 00:50:17,651 - INFO - Processing /viper/ptmp/arego/RC4K1/21250.h5
2025-09-19 00:50:18,285 - INFO - File 21167: Filtered 24725710 hits and 10 records
2025-09-19 00:50:18,449 - INFO - Completed /viper/ptmp/arego/RC4K1_EN_100/16710.h5 in 107.86 seconds
2025-09-19 00:50:18,674 - INFO - Processing /viper/ptmp/arego/RC4K1/12845.h5
2025-09-19 00:50:19,763 - INFO - File 15473: Filtered 27945126 hits and 10 records
2025-09-19 00:50:20,246 - INFO - Completed /viper/ptmp/arego/RC4K1_EN_100/21202.h5 in 60.06 seconds
2025-09-19 00:50:20,507 - INFO - Processing /viper/ptmp/arego/RC4K1/12836.h5
2025-09-19 00:50:20,604 - INFO - Completed /viper/ptmp/arego/RC4K1_EN_100/422.h5 in 74.01 seconds
2025-09-19 00:50:20,769 - INFO - Processing /viper/ptmp/arego/RC4K1/25786.h5
2025-09-19 00:50:23,728 - INFO - File 21250: Filtered 24488522 hits and 8 records
2025-09-19 00:50:25,723 - INFO - Completed /viper/ptmp/arego/RC4K1_EN_100/3679.h5 in 77.56 seconds
2025-09-19 00:50:25,895 - INFO - Processing /viper/ptmp/arego/RC4K1/29513.h5
2025-09-19 00:50:26,050 - INFO - File 12845: Filtered 17484018 hits and 7 records
2025-09-19 00:50:26,940 - INFO - File 12836: Filtered 11478569 hits and 5 records
2025-09-19 00:50:27,932 - INFO - File 25786: Filtered 12887526 hits and 8 records
2025-09-19 00:50:28,296 - INFO - Completed /viper/ptmp/arego/RC4K1_EN_100/20280.h5 in 101.26 seconds
2025-09-19 00:50:28,463 - INFO - Processing /viper/ptmp/arego/RC4K1/19553.h5
2025-09-19 00:50:29,504 - INFO - Completed /viper/ptmp/arego/RC4K1_EN_100/17603.h5 in 76.15 seconds
2025-09-19 00:50:29,732 - INFO - Processing /viper/ptmp/arego/RC4K1/4989.h5
2025-09-19 00:50:29,842 - INFO - Completed /viper/ptmp/arego/RC4K1_EN_100/16360.h5 in 73.19 seconds
2025-09-19 00:50:30,528 - INFO - Processing /viper/ptmp/arego/RC4K1/20644.h5
2025-09-19 00:50:31,356 - INFO - Completed /viper/ptmp/arego/RC4K1_EN_100/5431.h5 in 49.26 seconds
2025-09-19 00:50:31,520 - INFO - Processing /viper/ptmp/arego/RC4K1/24085.h5
2025-09-19 00:50:32,128 - INFO - Completed /viper/ptmp/arego/RC4K1_EN_100/27694.h5 in 61.50 seconds
2025-09-19 00:50:32,335 - INFO - Processing /viper/ptmp/arego/RC4K1/1156.h5
2025-09-19 00:50:32,729 - INFO - File 29513: Filtered 22537762 hits and 7 records
2025-09-19 00:50:34,783 - INFO - Completed /viper/ptmp/arego/RC4K1_EN_100/15473.h5 in 21.05 seconds
2025-09-19 00:50:34,946 - INFO - Processing /viper/ptmp/arego/RC4K1/13565.h5
2025-09-19 00:50:35,570 - INFO - File 19553: Filtered 27679604 hits and 9 records
2025-09-19 00:50:35,997 - INFO - Completed /viper/ptmp/arego/RC4K1_EN_100/4244.h5 in 57.55 seconds
2025-09-19 00:50:36,184 - INFO - Processing /viper/ptmp/arego/RC4K1/27851.h5
2025-09-19 00:50:36,308 - INFO - File 20644: Filtered 17971756 hits and 8 records
2025-09-19 00:50:36,739 - INFO - File 4989: Filtered 14868739 hits and 9 records
2025-09-19 00:50:37,214 - INFO - Completed /viper/ptmp/arego/RC4K1_EN_100/2903.h5 in 34.74 seconds
2025-09-19 00:50:37,412 - INFO - Processing /viper/ptmp/arego/RC4K1/518.h5
2025-09-19 00:50:37,704 - INFO - File 24085: Filtered 17182937 hits and 7 records
2025-09-19 00:50:39,642 - INFO - File 1156: Filtered 11353831 hits and 6 records
2025-09-19 00:50:41,415 - INFO - File 13565: Filtered 15398842 hits and 8 records
2025-09-19 00:50:41,920 - INFO - File 27851: Filtered 21669881 hits and 7 records
2025-09-19 00:50:44,218 - INFO - Completed /viper/ptmp/arego/RC4K1_EN_100/21100.h5 in 43.86 seconds
2025-09-19 00:50:44,438 - INFO - Processing /viper/ptmp/arego/RC4K1/24553.h5
2025-09-19 00:50:44,453 - INFO - File 518: Filtered 22869074 hits and 8 records
2025-09-19 00:50:48,222 - INFO - Completed /viper/ptmp/arego/RC4K1_EN_100/12046.h5 in 123.94 seconds
2025-09-19 00:50:48,392 - INFO - Processing /viper/ptmp/arego/RC4K1/19786.h5
2025-09-19 00:50:48,824 - INFO - Completed /viper/ptmp/arego/RC4K1_EN_100/21167.h5 in 36.83 seconds
2025-09-19 00:50:48,869 - INFO - Completed /viper/ptmp/arego/RC4K1_EN_100/15312.h5 in 72.44 seconds
2025-09-19 00:50:48,990 - INFO - Processing /viper/ptmp/arego/RC4K1/14231.h5
2025-09-19 00:50:49,068 - INFO - Processing /viper/ptmp/arego/RC4K1/11130.h5
2025-09-19 00:50:50,857 - INFO - File 24553: Filtered 12117094 hits and 9 records
2025-09-19 00:50:51,392 - INFO - Completed /viper/ptmp/arego/RC4K1_EN_100/20847.h5 in 42.09 seconds
2025-09-19 00:50:51,552 - INFO - Processing /viper/ptmp/arego/RC4K1/4819.h5
2025-09-19 00:50:51,912 - INFO - Completed /viper/ptmp/arego/RC4K1_EN_100/21250.h5 in 34.26 seconds
2025-09-19 00:50:52,161 - INFO - Processing /viper/ptmp/arego/RC4K1/24676.h5
2025-09-19 00:50:52,808 - INFO - Completed /viper/ptmp/arego/RC4K1_EN_100/22586.h5 in 77.68 seconds
2025-09-19 00:50:53,012 - INFO - Processing /viper/ptmp/arego/RC4K1/19407.h5
2025-09-19 00:50:53,832 - INFO - Completed /viper/ptmp/arego/RC4K1_EN_100/511.h5 in 65.32 seconds
2025-09-19 00:50:53,996 - INFO - Processing /viper/ptmp/arego/RC4K1/23127.h5
2025-09-19 00:50:54,483 - INFO - Completed /viper/ptmp/arego/RC4K1_EN_100/19481.h5 in 52.79 seconds
2025-09-19 00:50:54,699 - INFO - Processing /viper/ptmp/arego/RC4K1/6339.h5
2025-09-19 00:50:54,964 - INFO - File 11130: Filtered 12074208 hits and 10 records
2025-09-19 00:50:55,409 - INFO - File 19786: Filtered 15508968 hits and 8 records
2025-09-19 00:50:55,982 - INFO - Completed /viper/ptmp/arego/RC4K1_EN_100/17067.h5 in 73.08 seconds
2025-09-19 00:50:56,049 - INFO - File 14231: Filtered 14435490 hits and 7 records
2025-09-19 00:50:56,280 - INFO - Processing /viper/ptmp/arego/RC4K1/18730.h5
2025-09-19 00:50:58,782 - INFO - Completed /viper/ptmp/arego/RC4K1_EN_100/29272.h5 in 65.91 seconds
2025-09-19 00:50:58,938 - INFO - File 4819: Filtered 21354944 hits and 9 records
2025-09-19 00:50:58,958 - INFO - Processing /viper/ptmp/arego/RC4K1/1686.h5
2025-09-19 00:50:59,238 - INFO - Completed /viper/ptmp/arego/RC4K1_EN_100/17218.h5 in 102.14 seconds
2025-09-19 00:50:59,617 - INFO - Processing /viper/ptmp/arego/RC4K1/2308.h5
2025-09-19 00:50:59,768 - INFO - File 24676: Filtered 14178019 hits and 8 records
2025-09-19 00:50:59,812 - INFO - Completed /viper/ptmp/arego/RC4K1_EN_100/21350.h5 in 73.47 seconds
2025-09-19 00:51:00,147 - INFO - Processing /viper/ptmp/arego/RC4K1/7915.h5
2025-09-19 00:51:00,178 - INFO - File 19407: Filtered 10342845 hits and 6 records
2025-09-19 00:51:00,323 - INFO - File 23127: Filtered 14480657 hits and 9 records
2025-09-19 00:51:00,431 - INFO - Completed /viper/ptmp/arego/RC4K1_EN_100/19669.h5 in 132.63 seconds
2025-09-19 00:51:00,665 - INFO - Processing /viper/ptmp/arego/RC4K1/6326.h5
2025-09-19 00:51:01,235 - INFO - File 6339: Filtered 11811420 hits and 4 records
2025-09-19 00:51:02,704 - INFO - Completed /viper/ptmp/arego/RC4K1_EN_100/19553.h5 in 34.24 seconds
2025-09-19 00:51:02,930 - INFO - Processing /viper/ptmp/arego/RC4K1/6908.h5
2025-09-19 00:51:03,009 - INFO - Completed /viper/ptmp/arego/RC4K1_EN_100/4596.h5 in 102.38 seconds
2025-09-19 00:51:03,182 - INFO - Processing /viper/ptmp/arego/RC4K1/19579.h5
2025-09-19 00:51:04,165 - INFO - File 18730: Filtered 7166256 hits and 5 records
2025-09-19 00:51:06,279 - INFO - File 1686: Filtered 22820675 hits and 9 records
2025-09-19 00:51:06,906 - INFO - Completed /viper/ptmp/arego/RC4K1_EN_100/22902.h5 in 74.58 seconds
2025-09-19 00:51:07,032 - INFO - File 7915: Filtered 14782187 hits and 5 records
2025-09-19 00:51:07,067 - INFO - Processing /viper/ptmp/arego/RC4K1/16695.h5
2025-09-19 00:51:07,343 - INFO - File 2308: Filtered 15590855 hits and 8 records
2025-09-19 00:51:08,453 - INFO - File 6326: Filtered 27309050 hits and 7 records
2025-09-19 00:51:09,871 - INFO - File 6908: Filtered 17862249 hits and 8 records
2025-09-19 00:51:11,193 - INFO - File 19579: Filtered 14157233 hits and 7 records
2025-09-19 00:51:11,901 - INFO - Completed /viper/ptmp/arego/RC4K1_EN_100/29513.h5 in 46.01 seconds
2025-09-19 00:51:12,080 - INFO - Processing /viper/ptmp/arego/RC4K1/13023.h5
2025-09-19 00:51:14,019 - INFO - File 16695: Filtered 3050205 hits and 6 records
2025-09-19 00:51:18,959 - INFO - File 13023: Filtered 10373338 hits and 5 records
2025-09-19 00:51:19,979 - INFO - Completed /viper/ptmp/arego/RC4K1_EN_100/2095.h5 in 106.33 seconds
2025-09-19 00:51:20,154 - INFO - Processing /viper/ptmp/arego/RC4K1/29425.h5
2025-09-19 00:51:21,294 - INFO - Completed /viper/ptmp/arego/RC4K1_EN_100/27851.h5 in 45.11 seconds
2025-09-19 00:51:21,457 - INFO - Processing /viper/ptmp/arego/RC4K1/17593.h5
2025-09-19 00:51:23,593 - INFO - Completed /viper/ptmp/arego/RC4K1_EN_100/20644.h5 in 53.06 seconds
2025-09-19 00:51:23,791 - INFO - Processing /viper/ptmp/arego/RC4K1/20874.h5
2025-09-19 00:51:24,755 - INFO - Completed /viper/ptmp/arego/RC4K1_EN_100/518.h5 in 47.34 seconds
2025-09-19 00:51:24,952 - INFO - Processing /viper/ptmp/arego/RC4K1/15409.h5
2025-09-19 00:51:26,776 - INFO - Completed /viper/ptmp/arego/RC4K1_EN_100/12845.h5 in 68.10 seconds
2025-09-19 00:51:26,880 - INFO - File 29425: Filtered 25609540 hits and 7 records
2025-09-19 00:51:26,994 - INFO - Processing /viper/ptmp/arego/RC4K1/28630.h5
2025-09-19 00:51:27,298 - INFO - File 17593: Filtered 14900640 hits and 4 records
2025-09-19 00:51:30,138 - INFO - File 20874: Filtered 13514379 hits and 7 records
2025-09-19 00:51:31,867 - INFO - Completed /viper/ptmp/arego/RC4K1_EN_100/10491.h5 in 99.50 seconds
2025-09-19 00:51:31,976 - INFO - File 15409: Filtered 20815734 hits and 9 records
2025-09-19 00:51:32,126 - INFO - Processing /viper/ptmp/arego/RC4K1/22177.h5
2025-09-19 00:51:33,864 - INFO - File 28630: Filtered 18013149 hits and 5 records
2025-09-19 00:51:37,571 - INFO - Completed /viper/ptmp/arego/RC4K1_EN_100/24085.h5 in 66.05 seconds
2025-09-19 00:51:37,734 - INFO - Processing /viper/ptmp/arego/RC4K1/4393.h5
2025-09-19 00:51:37,839 - INFO - Completed /viper/ptmp/arego/RC4K1_EN_100/6326.h5 in 37.17 seconds
2025-09-19 00:51:38,051 - INFO - Processing /viper/ptmp/arego/RC4K1/6464.h5
2025-09-19 00:51:39,284 - INFO - File 22177: Filtered 6863635 hits and 4 records
2025-09-19 00:51:40,179 - INFO - Completed /viper/ptmp/arego/RC4K1_EN_100/9059.h5 in 99.81 seconds
2025-09-19 00:51:40,352 - INFO - Processing /viper/ptmp/arego/RC4K1/29852.h5
2025-09-19 00:51:44,305 - INFO - File 4393: Filtered 15124217 hits and 8 records
2025-09-19 00:51:44,618 - INFO - File 6464: Filtered 29185305 hits and 9 records
2025-09-19 00:51:47,167 - INFO - Completed /viper/ptmp/arego/RC4K1_EN_100/1686.h5 in 48.21 seconds
2025-09-19 00:51:47,254 - INFO - Completed /viper/ptmp/arego/RC4K1_EN_100/4819.h5 in 55.70 seconds
2025-09-19 00:51:47,356 - INFO - Processing /viper/ptmp/arego/RC4K1/7093.h5
2025-09-19 00:51:47,513 - INFO - Processing /viper/ptmp/arego/RC4K1/18463.h5
2025-09-19 00:51:48,614 - INFO - File 29852: Filtered 11569066 hits and 10 records
2025-09-19 00:51:53,047 - INFO - Completed /viper/ptmp/arego/RC4K1_EN_100/13565.h5 in 78.10 seconds
2025-09-19 00:51:53,341 - INFO - Processing /viper/ptmp/arego/RC4K1/4971.h5
2025-09-19 00:51:54,283 - INFO - File 7093: Filtered 17434769 hits and 6 records
2025-09-19 00:51:54,784 - INFO - File 18463: Filtered 25257445 hits and 8 records
2025-09-19 00:51:57,826 - INFO - Completed /viper/ptmp/arego/RC4K1_EN_100/25786.h5 in 97.06 seconds
2025-09-19 00:51:58,022 - INFO - Processing /viper/ptmp/arego/RC4K1/10798.h5
2025-09-19 00:52:00,815 - INFO - File 4971: Filtered 19019439 hits and 6 records
2025-09-19 00:52:02,089 - INFO - Completed /viper/ptmp/arego/RC4K1_EN_100/29425.h5 in 41.94 seconds
2025-09-19 00:52:02,259 - INFO - Processing /viper/ptmp/arego/RC4K1/1730.h5
2025-09-19 00:52:04,002 - INFO - Completed /viper/ptmp/arego/RC4K1_EN_100/4989.h5 in 94.27 seconds
2025-09-19 00:52:04,218 - INFO - Processing /viper/ptmp/arego/RC4K1/16254.h5
2025-09-19 00:52:04,875 - INFO - File 10798: Filtered 14251404 hits and 9 records
2025-09-19 00:52:07,499 - INFO - Completed /viper/ptmp/arego/RC4K1_EN_100/6464.h5 in 29.45 seconds
2025-09-19 00:52:07,659 - INFO - Processing /viper/ptmp/arego/RC4K1/14577.h5
2025-09-19 00:52:08,217 - INFO - Completed /viper/ptmp/arego/RC4K1_EN_100/12836.h5 in 107.71 seconds
2025-09-19 00:52:08,453 - INFO - Processing /viper/ptmp/arego/RC4K1/23105.h5
2025-09-19 00:52:09,655 - INFO - File 1730: Filtered 16630323 hits and 9 records
2025-09-19 00:52:11,457 - INFO - File 16254: Filtered 11235115 hits and 7 records
2025-09-19 00:52:11,830 - INFO - Completed /viper/ptmp/arego/RC4K1_EN_100/1156.h5 in 99.50 seconds
2025-09-19 00:52:12,034 - INFO - Processing /viper/ptmp/arego/RC4K1/15919.h5
2025-09-19 00:52:13,656 - INFO - Completed /viper/ptmp/arego/RC4K1_EN_100/11130.h5 in 84.59 seconds
2025-09-19 00:52:13,815 - INFO - Processing /viper/ptmp/arego/RC4K1/6730.h5
2025-09-19 00:52:14,317 - INFO - Completed /viper/ptmp/arego/RC4K1_EN_100/19786.h5 in 85.93 seconds
2025-09-19 00:52:14,559 - INFO - Processing /viper/ptmp/arego/RC4K1/4370.h5
2025-09-19 00:52:15,741 - INFO - File 14577: Filtered 13719852 hits and 7 records
2025-09-19 00:52:16,416 - INFO - Completed /viper/ptmp/arego/RC4K1_EN_100/23127.h5 in 82.42 seconds
2025-09-19 00:52:16,586 - INFO - Processing /viper/ptmp/arego/RC4K1/29147.h5
2025-09-19 00:52:16,693 - INFO - Completed /viper/ptmp/arego/RC4K1_EN_100/24676.h5 in 84.53 seconds
2025-09-19 00:52:16,780 - INFO - File 23105: Filtered 8506647 hits and 6 records
2025-09-19 00:52:16,905 - INFO - Processing /viper/ptmp/arego/RC4K1/13036.h5
2025-09-19 00:52:18,218 - INFO - Completed /viper/ptmp/arego/RC4K1_EN_100/6908.h5 in 75.29 seconds
2025-09-19 00:52:18,375 - INFO - Processing /viper/ptmp/arego/RC4K1/17725.h5
2025-09-19 00:52:18,436 - INFO - Completed /viper/ptmp/arego/RC4K1_EN_100/14231.h5 in 89.45 seconds
2025-09-19 00:52:18,621 - INFO - Processing /viper/ptmp/arego/RC4K1/20710.h5
2025-09-19 00:52:19,126 - INFO - File 15919: Filtered 20329103 hits and 9 records
2025-09-19 00:52:20,020 - INFO - File 6730: Filtered 21858249 hits and 9 records
2025-09-19 00:52:20,375 - INFO - Completed /viper/ptmp/arego/RC4K1_EN_100/24553.h5 in 95.94 seconds
2025-09-19 00:52:20,541 - INFO - Processing /viper/ptmp/arego/RC4K1/5713.h5
2025-09-19 00:52:24,169 - INFO - File 29147: Filtered 19314584 hits and 9 records
2025-09-19 00:52:24,270 - INFO - File 4370: Filtered 15111911 hits and 8 records
2025-09-19 00:52:24,443 - INFO - File 13036: Filtered 13748098 hits and 9 records
2025-09-19 00:52:24,703 - INFO - Completed /viper/ptmp/arego/RC4K1_EN_100/7915.h5 in 84.56 seconds
2025-09-19 00:52:24,869 - INFO - Processing /viper/ptmp/arego/RC4K1/5950.h5
2025-09-19 00:52:25,769 - INFO - File 20710: Filtered 28215194 hits and 7 records
2025-09-19 00:52:26,041 - INFO - File 17725: Filtered 12884358 hits and 7 records
2025-09-19 00:52:27,588 - INFO - Completed /viper/ptmp/arego/RC4K1_EN_100/15409.h5 in 62.64 seconds
2025-09-19 00:52:27,756 - INFO - Processing /viper/ptmp/arego/RC4K1/23689.h5
2025-09-19 00:52:28,509 - INFO - File 5713: Filtered 17618245 hits and 7 records
2025-09-19 00:52:28,570 - INFO - Completed /viper/ptmp/arego/RC4K1_EN_100/17593.h5 in 67.11 seconds
2025-09-19 00:52:28,718 - INFO - Processing /viper/ptmp/arego/RC4K1/1577.h5
2025-09-19 00:52:30,010 - INFO - Completed /viper/ptmp/arego/RC4K1_EN_100/18463.h5 in 42.50 seconds
2025-09-19 00:52:30,225 - INFO - Processing /viper/ptmp/arego/RC4K1/16427.h5
2025-09-19 00:52:30,760 - INFO - Completed /viper/ptmp/arego/RC4K1_EN_100/2308.h5 in 91.14 seconds
2025-09-19 00:52:30,939 - INFO - Processing /viper/ptmp/arego/RC4K1/22383.h5
2025-09-19 00:52:31,859 - INFO - File 5950: Filtered 25641029 hits and 9 records
2025-09-19 00:52:32,906 - INFO - Completed /viper/ptmp/arego/RC4K1_EN_100/6339.h5 in 98.21 seconds
2025-09-19 00:52:33,068 - INFO - Processing /viper/ptmp/arego/RC4K1/28482.h5
2025-09-19 00:52:33,830 - INFO - Completed /viper/ptmp/arego/RC4K1_EN_100/28630.h5 in 66.84 seconds
2025-09-19 00:52:34,044 - INFO - Processing /viper/ptmp/arego/RC4K1/16941.h5
2025-09-19 00:52:34,854 - INFO - File 23689: Filtered 25787326 hits and 9 records
2025-09-19 00:52:34,949 - INFO - File 1577: Filtered 18380715 hits and 6 records
2025-09-19 00:52:36,686 - INFO - Completed /viper/ptmp/arego/RC4K1_EN_100/19407.h5 in 103.67 seconds
2025-09-19 00:52:36,850 - INFO - Completed /viper/ptmp/arego/RC4K1_EN_100/19579.h5 in 93.67 seconds
2025-09-19 00:52:36,881 - INFO - Processing /viper/ptmp/arego/RC4K1/1498.h5
2025-09-19 00:52:37,056 - INFO - Processing /viper/ptmp/arego/RC4K1/1563.h5
2025-09-19 00:52:37,195 - INFO - File 16427: Filtered 11456881 hits and 4 records
2025-09-19 00:52:38,218 - INFO - File 22383: Filtered 14996526 hits and 5 records
2025-09-19 00:52:39,295 - INFO - Completed /viper/ptmp/arego/RC4K1_EN_100/20874.h5 in 75.50 seconds
2025-09-19 00:52:39,648 - INFO - Processing /viper/ptmp/arego/RC4K1/23725.h5
2025-09-19 00:52:39,668 - INFO - File 28482: Filtered 26363151 hits and 8 records
2025-09-19 00:52:42,042 - INFO - File 16941: Filtered 22963797 hits and 8 records
2025-09-19 00:52:43,704 - INFO - File 1498: Filtered 23444778 hits and 6 records
2025-09-19 00:52:44,413 - INFO - File 1563: Filtered 15411743 hits and 7 records
2025-09-19 00:52:46,263 - INFO - File 23725: Filtered 9475608 hits and 8 records
2025-09-19 00:52:53,585 - INFO - Completed /viper/ptmp/arego/RC4K1_EN_100/20710.h5 in 34.96 seconds
2025-09-19 00:52:53,789 - INFO - Processing /viper/ptmp/arego/RC4K1/25691.h5
2025-09-19 00:52:55,773 - INFO - Completed /viper/ptmp/arego/RC4K1_EN_100/4971.h5 in 62.43 seconds
2025-09-19 00:52:55,989 - INFO - Processing /viper/ptmp/arego/RC4K1/21654.h5
2025-09-19 00:53:00,443 - INFO - Completed /viper/ptmp/arego/RC4K1_EN_100/6730.h5 in 46.63 seconds
2025-09-19 00:53:00,633 - INFO - Processing /viper/ptmp/arego/RC4K1/10168.h5
2025-09-19 00:53:01,286 - INFO - File 25691: Filtered 12535613 hits and 5 records
2025-09-19 00:53:03,340 - INFO - File 21654: Filtered 18749368 hits and 7 records
2025-09-19 00:53:03,505 - INFO - Completed /viper/ptmp/arego/RC4K1_EN_100/7093.h5 in 76.15 seconds
2025-09-19 00:53:03,689 - INFO - Processing /viper/ptmp/arego/RC4K1/21512.h5
2025-09-19 00:53:05,103 - INFO - Completed /viper/ptmp/arego/RC4K1_EN_100/13023.h5 in 113.02 seconds
2025-09-19 00:53:05,271 - INFO - Processing /viper/ptmp/arego/RC4K1/7596.h5
2025-09-19 00:53:05,436 - INFO - Completed /viper/ptmp/arego/RC4K1_EN_100/18730.h5 in 129.16 seconds
2025-09-19 00:53:05,600 - INFO - Processing /viper/ptmp/arego/RC4K1/25410.h5
2025-09-19 00:53:06,294 - INFO - Completed /viper/ptmp/arego/RC4K1_EN_100/5950.h5 in 41.42 seconds
2025-09-19 00:53:06,458 - INFO - Processing /viper/ptmp/arego/RC4K1/24677.h5
2025-09-19 00:53:07,279 - INFO - File 10168: Filtered 10330891 hits and 5 records
2025-09-19 00:53:08,854 - INFO - Completed /viper/ptmp/arego/RC4K1_EN_100/4393.h5 in 91.12 seconds
2025-09-19 00:53:09,072 - INFO - Processing /viper/ptmp/arego/RC4K1/24688.h5
2025-09-19 00:53:11,467 - INFO - File 21512: Filtered 22945572 hits and 8 records
2025-09-19 00:53:12,936 - INFO - File 25410: Filtered 16623641 hits and 8 records
2025-09-19 00:53:13,288 - INFO - File 7596: Filtered 18431271 hits and 7 records
2025-09-19 00:53:13,838 - INFO - File 24677: Filtered 18384886 hits and 8 records
2025-09-19 00:53:14,811 - INFO - Completed /viper/ptmp/arego/RC4K1_EN_100/28482.h5 in 41.74 seconds
2025-09-19 00:53:14,846 - INFO - Completed /viper/ptmp/arego/RC4K1_EN_100/23689.h5 in 47.09 seconds
2025-09-19 00:53:15,015 - INFO - Processing /viper/ptmp/arego/RC4K1/5172.h5
2025-09-19 00:53:15,026 - INFO - Processing /viper/ptmp/arego/RC4K1/24104.h5
2025-09-19 00:53:16,875 - INFO - File 24688: Filtered 21836884 hits and 7 records
2025-09-19 00:53:22,035 - INFO - File 24104: Filtered 27900421 hits and 10 records
2025-09-19 00:53:22,390 - INFO - File 5172: Filtered 14400414 hits and 9 records
2025-09-19 00:53:22,803 - INFO - Completed /viper/ptmp/arego/RC4K1_EN_100/15919.h5 in 70.77 seconds
2025-09-19 00:53:22,986 - INFO - Processing /viper/ptmp/arego/RC4K1/12527.h5
2025-09-19 00:53:24,983 - INFO - Completed /viper/ptmp/arego/RC4K1_EN_100/1498.h5 in 48.10 seconds
2025-09-19 00:53:25,180 - INFO - Processing /viper/ptmp/arego/RC4K1/28540.h5
2025-09-19 00:53:25,786 - INFO - Completed /viper/ptmp/arego/RC4K1_EN_100/29852.h5 in 105.43 seconds
2025-09-19 00:53:25,958 - INFO - Processing /viper/ptmp/arego/RC4K1/22697.h5
2025-09-19 00:53:26,301 - INFO - Completed /viper/ptmp/arego/RC4K1_EN_100/16695.h5 in 139.23 seconds
2025-09-19 00:53:26,471 - INFO - Processing /viper/ptmp/arego/RC4K1/10762.h5
2025-09-19 00:53:26,795 - INFO - Completed /viper/ptmp/arego/RC4K1_EN_100/16941.h5 in 52.75 seconds
2025-09-19 00:53:27,056 - INFO - Processing /viper/ptmp/arego/RC4K1/29692.h5
2025-09-19 00:53:27,365 - INFO - Completed /viper/ptmp/arego/RC4K1_EN_100/1730.h5 in 85.11 seconds
2025-09-19 00:53:27,570 - INFO - Processing /viper/ptmp/arego/RC4K1/18971.h5
2025-09-19 00:53:29,200 - INFO - Completed /viper/ptmp/arego/RC4K1_EN_100/29147.h5 in 72.61 seconds
2025-09-19 00:53:29,362 - INFO - Processing /viper/ptmp/arego/RC4K1/694.h5
2025-09-19 00:53:30,095 - INFO - Completed /viper/ptmp/arego/RC4K1_EN_100/10798.h5 in 92.07 seconds
2025-09-19 00:53:30,259 - INFO - Processing /viper/ptmp/arego/RC4K1/25998.h5
2025-09-19 00:53:30,333 - INFO - File 12527: Filtered 26899535 hits and 9 records
2025-09-19 00:53:32,569 - INFO - File 28540: Filtered 13498302 hits and 8 records
2025-09-19 00:53:33,113 - INFO - File 22697: Filtered 24850776 hits and 6 records
2025-09-19 00:53:33,714 - INFO - File 10762: Filtered 12531516 hits and 4 records
2025-09-19 00:53:34,907 - INFO - File 18971: Filtered 26564824 hits and 8 records
2025-09-19 00:53:34,962 - INFO - File 29692: Filtered 24114139 hits and 8 records
2025-09-19 00:53:37,097 - INFO - File 694: Filtered 24400494 hits and 10 records
2025-09-19 00:53:37,285 - INFO - File 25998: Filtered 15858787 hits and 7 records
2025-09-19 00:53:39,467 - INFO - Completed /viper/ptmp/arego/RC4K1_EN_100/1577.h5 in 70.75 seconds
2025-09-19 00:53:39,627 - INFO - Processing /viper/ptmp/arego/RC4K1/15885.h5
2025-09-19 00:53:43,019 - INFO - Completed /viper/ptmp/arego/RC4K1_EN_100/5713.h5 in 82.48 seconds
2025-09-19 00:53:43,184 - INFO - Processing /viper/ptmp/arego/RC4K1/24408.h5
2025-09-19 00:53:45,479 - INFO - Completed /viper/ptmp/arego/RC4K1_EN_100/14577.h5 in 97.82 seconds
2025-09-19 00:53:45,685 - INFO - Processing /viper/ptmp/arego/RC4K1/24757.h5
2025-09-19 00:53:46,073 - INFO - File 15885: Filtered 24756279 hits and 10 records
2025-09-19 00:53:50,379 - INFO - File 24408: Filtered 23104759 hits and 7 records
2025-09-19 00:53:53,399 - INFO - File 24757: Filtered 25389981 hits and 7 records
2025-09-19 00:53:53,673 - INFO - Completed /viper/ptmp/arego/RC4K1_EN_100/22177.h5 in 141.55 seconds
2025-09-19 00:53:53,897 - INFO - Processing /viper/ptmp/arego/RC4K1/24789.h5
2025-09-19 00:53:57,742 - INFO - Completed /viper/ptmp/arego/RC4K1_EN_100/17725.h5 in 99.37 seconds
2025-09-19 00:53:57,901 - INFO - Processing /viper/ptmp/arego/RC4K1/15848.h5
2025-09-19 00:53:58,642 - INFO - Completed /viper/ptmp/arego/RC4K1_EN_100/24104.h5 in 43.62 seconds
2025-09-19 00:53:58,798 - INFO - Processing /viper/ptmp/arego/RC4K1/8168.h5
2025-09-19 00:54:00,162 - INFO - Completed /viper/ptmp/arego/RC4K1_EN_100/13036.h5 in 103.26 seconds
2025-09-19 00:54:00,331 - INFO - Processing /viper/ptmp/arego/RC4K1/5179.h5
2025-09-19 00:54:01,905 - INFO - Completed /viper/ptmp/arego/RC4K1_EN_100/4370.h5 in 107.35 seconds
2025-09-19 00:54:02,096 - INFO - File 24789: Filtered 19964625 hits and 5 records
2025-09-19 00:54:02,133 - INFO - Processing /viper/ptmp/arego/RC4K1/6422.h5
2025-09-19 00:54:04,256 - INFO - Completed /viper/ptmp/arego/RC4K1_EN_100/22383.h5 in 93.32 seconds
2025-09-19 00:54:04,436 - INFO - Processing /viper/ptmp/arego/RC4K1/2602.h5
2025-09-19 00:54:05,618 - INFO - Completed /viper/ptmp/arego/RC4K1_EN_100/21512.h5 in 61.93 seconds
2025-09-19 00:54:05,827 - INFO - Processing /viper/ptmp/arego/RC4K1/20881.h5
2025-09-19 00:54:06,153 - INFO - File 15848: Filtered 23858931 hits and 9 records
2025-09-19 00:54:06,903 - INFO - File 8168: Filtered 19603967 hits and 8 records
2025-09-19 00:54:07,517 - INFO - File 5179: Filtered 13214566 hits and 5 records
2025-09-19 00:54:10,883 - INFO - Completed /viper/ptmp/arego/RC4K1_EN_100/16254.h5 in 126.67 seconds
2025-09-19 00:54:11,151 - INFO - Processing /viper/ptmp/arego/RC4K1/4901.h5
2025-09-19 00:54:11,558 - INFO - Completed /viper/ptmp/arego/RC4K1_EN_100/18971.h5 in 43.99 seconds
2025-09-19 00:54:11,700 - INFO - Completed /viper/ptmp/arego/RC4K1_EN_100/21654.h5 in 75.71 seconds
2025-09-19 00:54:11,899 - INFO - Processing /viper/ptmp/arego/RC4K1/16209.h5
2025-09-19 00:54:11,899 - INFO - Processing /viper/ptmp/arego/RC4K1/11199.h5
2025-09-19 00:54:12,048 - INFO - Completed /viper/ptmp/arego/RC4K1_EN_100/12527.h5 in 49.06 seconds
2025-09-19 00:54:12,720 - INFO - File 2602: Filtered 22477209 hits and 8 records
2025-09-19 00:54:12,994 - INFO - Processing /viper/ptmp/arego/RC4K1/25430.h5
2025-09-19 00:54:13,116 - INFO - Completed /viper/ptmp/arego/RC4K1_EN_100/1563.h5 in 96.06 seconds
2025-09-19 00:54:13,815 - INFO - Processing /viper/ptmp/arego/RC4K1/18021.h5
2025-09-19 00:54:14,305 - INFO - File 20881: Filtered 21920285 hits and 8 records
2025-09-19 00:54:14,571 - INFO - Completed /viper/ptmp/arego/RC4K1_EN_100/24688.h5 in 65.50 seconds
2025-09-19 00:54:14,843 - INFO - Processing /viper/ptmp/arego/RC4K1/19877.h5
2025-09-19 00:54:16,546 - INFO - Completed /viper/ptmp/arego/RC4K1_EN_100/22697.h5 in 50.59 seconds
2025-09-19 00:54:16,788 - INFO - Processing /viper/ptmp/arego/RC4K1/7146.h5
2025-09-19 00:54:18,902 - INFO - File 16209: Filtered 22044568 hits and 8 records
2025-09-19 00:54:19,932 - INFO - Completed /viper/ptmp/arego/RC4K1_EN_100/23105.h5 in 131.48 seconds
2025-09-19 00:54:20,186 - INFO - Processing /viper/ptmp/arego/RC4K1/7365.h5
2025-09-19 00:54:20,228 - INFO - Completed /viper/ptmp/arego/RC4K1_EN_100/29692.h5 in 53.17 seconds
2025-09-19 00:54:21,121 - INFO - Processing /viper/ptmp/arego/RC4K1/14716.h5
2025-09-19 00:54:21,582 - INFO - File 11199: Filtered 21744507 hits and 9 records
2025-09-19 00:54:22,150 - INFO - File 4901: Filtered 10226676 hits and 4 records
2025-09-19 00:54:23,154 - INFO - File 19877: Filtered 12494350 hits and 6 records
2025-09-19 00:54:23,249 - INFO - File 25430: Filtered 1452853 hits and 6 records
2025-09-19 00:54:23,331 - INFO - Completed /viper/ptmp/arego/RC4K1_EN_100/24677.h5 in 76.87 seconds
2025-09-19 00:54:23,595 - INFO - Processing /viper/ptmp/arego/RC4K1/24576.h5
2025-09-19 00:54:23,728 - INFO - File 18021: Filtered 23927836 hits and 9 records
2025-09-19 00:54:23,900 - INFO - Completed /viper/ptmp/arego/RC4K1_EN_100/16427.h5 in 113.68 seconds
2025-09-19 00:54:24,401 - INFO - Completed /viper/ptmp/arego/RC4K1_EN_100/15885.h5 in 44.77 seconds
2025-09-19 00:54:24,623 - INFO - File 7146: Filtered 29718633 hits and 9 records
2025-09-19 00:54:24,641 - INFO - Processing /viper/ptmp/arego/RC4K1/21005.h5
2025-09-19 00:54:24,715 - INFO - Processing /viper/ptmp/arego/RC4K1/12585.h5
2025-09-19 00:54:27,629 - INFO - Completed /viper/ptmp/arego/RC4K1_EN_100/23725.h5 in 107.98 seconds
2025-09-19 00:54:27,856 - INFO - Processing /viper/ptmp/arego/RC4K1/3829.h5
2025-09-19 00:54:28,791 - INFO - Completed /viper/ptmp/arego/RC4K1_EN_100/25410.h5 in 83.19 seconds
2025-09-19 00:54:29,116 - INFO - Processing /viper/ptmp/arego/RC4K1/2937.h5
2025-09-19 00:54:31,476 - INFO - File 24576: Filtered 21538375 hits and 10 records
2025-09-19 00:54:31,540 - INFO - Completed /viper/ptmp/arego/RC4K1_EN_100/7596.h5 in 86.27 seconds
2025-09-19 00:54:31,692 - INFO - File 7365: Filtered 21814069 hits and 11 records
2025-09-19 00:54:31,706 - INFO - Processing /viper/ptmp/arego/RC4K1/12168.h5
2025-09-19 00:54:32,483 - INFO - File 21005: Filtered 14622383 hits and 8 records
2025-09-19 00:54:32,573 - INFO - Completed /viper/ptmp/arego/RC4K1_EN_100/694.h5 in 63.21 seconds
2025-09-19 00:54:32,624 - INFO - File 12585: Filtered 18258881 hits and 8 records
2025-09-19 00:54:32,720 - INFO - File 14716: Filtered 13605877 hits and 7 records
2025-09-19 00:54:32,736 - INFO - Processing /viper/ptmp/arego/RC4K1/29885.h5
2025-09-19 00:54:33,788 - INFO - File 6422: Filtered 3715480 hits and 5 records
2025-09-19 00:54:36,102 - INFO - File 3829: Filtered 11618259 hits and 5 records
2025-09-19 00:54:36,980 - INFO - File 2937: Filtered 19969476 hits and 9 records
2025-09-19 00:54:39,585 - INFO - File 12168: Filtered 13301172 hits and 5 records
2025-09-19 00:54:40,437 - INFO - File 29885: Filtered 26699884 hits and 11 records
2025-09-19 00:54:44,019 - INFO - Completed /viper/ptmp/arego/RC4K1_EN_100/24757.h5 in 58.33 seconds
2025-09-19 00:54:44,214 - INFO - Processing /viper/ptmp/arego/RC4K1/23378.h5
2025-09-19 00:54:45,185 - INFO - Completed /viper/ptmp/arego/RC4K1_EN_100/25691.h5 in 111.40 seconds
2025-09-19 00:54:45,351 - INFO - Processing /viper/ptmp/arego/RC4K1/1046.h5
2025-09-19 00:54:47,131 - INFO - Completed /viper/ptmp/arego/RC4K1_EN_100/10168.h5 in 106.50 seconds
2025-09-19 00:54:47,354 - INFO - Processing /viper/ptmp/arego/RC4K1/8557.h5
2025-09-19 00:54:51,963 - INFO - File 23378: Filtered 19166254 hits and 7 records
2025-09-19 00:54:52,028 - INFO - Completed /viper/ptmp/arego/RC4K1_EN_100/24408.h5 in 68.84 seconds
2025-09-19 00:54:52,203 - INFO - Processing /viper/ptmp/arego/RC4K1/26946.h5
2025-09-19 00:54:53,110 - INFO - File 1046: Filtered 16075895 hits and 6 records
2025-09-19 00:54:55,382 - INFO - File 8557: Filtered 17351954 hits and 8 records
2025-09-19 00:54:55,621 - INFO - Completed /viper/ptmp/arego/RC4K1_EN_100/7146.h5 in 38.83 seconds
2025-09-19 00:54:55,840 - INFO - Processing /viper/ptmp/arego/RC4K1/7123.h5
2025-09-19 00:54:57,585 - INFO - Completed /viper/ptmp/arego/RC4K1_EN_100/5172.h5 in 102.57 seconds
2025-09-19 00:54:57,800 - INFO - Processing /viper/ptmp/arego/RC4K1/3925.h5
2025-09-19 00:54:58,197 - INFO - Completed /viper/ptmp/arego/RC4K1_EN_100/28540.h5 in 93.02 seconds
2025-09-19 00:54:58,426 - INFO - Processing /viper/ptmp/arego/RC4K1/5033.h5
2025-09-19 00:54:59,907 - INFO - File 26946: Filtered 26455681 hits and 8 records
2025-09-19 00:55:04,051 - INFO - File 7123: Filtered 26013827 hits and 7 records
2025-09-19 00:55:05,117 - INFO - Completed /viper/ptmp/arego/RC4K1_EN_100/25998.h5 in 94.86 seconds
2025-09-19 00:55:05,282 - INFO - Processing /viper/ptmp/arego/RC4K1/5835.h5
2025-09-19 00:55:05,523 - INFO - File 3925: Filtered 27509035 hits and 7 records
2025-09-19 00:55:07,032 - INFO - File 5033: Filtered 13646734 hits and 6 records
2025-09-19 00:55:11,650 - INFO - Completed /viper/ptmp/arego/RC4K1_EN_100/15848.h5 in 73.75 seconds
2025-09-19 00:55:11,952 - INFO - Processing /viper/ptmp/arego/RC4K1/28163.h5
2025-09-19 00:55:13,237 - INFO - File 5835: Filtered 20588913 hits and 7 records
2025-09-19 00:55:16,514 - INFO - Completed /viper/ptmp/arego/RC4K1_EN_100/2602.h5 in 72.08 seconds
2025-09-19 00:55:16,683 - INFO - Processing /viper/ptmp/arego/RC4K1/27057.h5
2025-09-19 00:55:16,796 - INFO - Completed /viper/ptmp/arego/RC4K1_EN_100/16209.h5 in 64.90 seconds
2025-09-19 00:55:16,960 - INFO - Processing /viper/ptmp/arego/RC4K1/24891.h5
2025-09-19 00:55:18,600 - INFO - Completed /viper/ptmp/arego/RC4K1_EN_100/20881.h5 in 72.77 seconds
2025-09-19 00:55:18,774 - INFO - Processing /viper/ptmp/arego/RC4K1/20493.h5
2025-09-19 00:55:19,711 - INFO - File 28163: Filtered 30180684 hits and 6 records
2025-09-19 00:55:19,953 - INFO - Completed /viper/ptmp/arego/RC4K1_EN_100/10762.h5 in 113.48 seconds
2025-09-19 00:55:20,172 - INFO - Processing /viper/ptmp/arego/RC4K1/12762.h5
2025-09-19 00:55:23,258 - INFO - Completed /viper/ptmp/arego/RC4K1_EN_100/24789.h5 in 89.36 seconds
2025-09-19 00:55:23,475 - INFO - Processing /viper/ptmp/arego/RC4K1/6157.h5
2025-09-19 00:55:24,433 - INFO - File 24891: Filtered 22761425 hits and 10 records
2025-09-19 00:55:25,122 - INFO - File 27057: Filtered 22471107 hits and 11 records
2025-09-19 00:55:26,669 - INFO - Completed /viper/ptmp/arego/RC4K1_EN_100/18021.h5 in 72.85 seconds
2025-09-19 00:55:26,939 - INFO - Processing /viper/ptmp/arego/RC4K1/12402.h5
2025-09-19 00:55:27,263 - INFO - File 20493: Filtered 23790295 hits and 7 records
2025-09-19 00:55:27,917 - INFO - File 12762: Filtered 35799764 hits and 11 records
2025-09-19 00:55:29,241 - INFO - Completed /viper/ptmp/arego/RC4K1_EN_100/11199.h5 in 77.34 seconds
2025-09-19 00:55:29,430 - INFO - Processing /viper/ptmp/arego/RC4K1/19162.h5
2025-09-19 00:55:31,315 - INFO - Completed /viper/ptmp/arego/RC4K1_EN_100/7365.h5 in 71.13 seconds
2025-09-19 00:55:31,323 - INFO - Completed /viper/ptmp/arego/RC4K1_EN_100/8168.h5 in 92.52 seconds
2025-09-19 00:55:31,478 - INFO - Processing /viper/ptmp/arego/RC4K1/7012.h5
2025-09-19 00:55:31,545 - INFO - Processing /viper/ptmp/arego/RC4K1/23847.h5
2025-09-19 00:55:34,619 - INFO - File 6157: Filtered 17154085 hits and 6 records
2025-09-19 00:55:34,626 - INFO - Completed /viper/ptmp/arego/RC4K1_EN_100/29885.h5 in 61.89 seconds
2025-09-19 00:55:34,890 - INFO - Processing /viper/ptmp/arego/RC4K1/9284.h5
2025-09-19 00:55:35,211 - INFO - File 12402: Filtered 15570629 hits and 4 records
2025-09-19 00:55:36,249 - INFO - Completed /viper/ptmp/arego/RC4K1_EN_100/24576.h5 in 72.65 seconds
2025-09-19 00:55:36,417 - INFO - Processing /viper/ptmp/arego/RC4K1/10404.h5
2025-09-19 00:55:37,694 - INFO - File 19162: Filtered 34719015 hits and 5 records
2025-09-19 00:55:39,477 - INFO - File 7012: Filtered 20828830 hits and 9 records
2025-09-19 00:55:40,616 - INFO - File 23847: Filtered 30021259 hits and 9 records
2025-09-19 00:55:43,142 - INFO - File 9284: Filtered 23856650 hits and 6 records
2025-09-19 00:55:44,739 - INFO - File 10404: Filtered 22985761 hits and 10 records
2025-09-19 00:55:48,193 - INFO - Completed /viper/ptmp/arego/RC4K1_EN_100/5179.h5 in 107.86 seconds
2025-09-19 00:55:48,412 - INFO - Processing /viper/ptmp/arego/RC4K1/26536.h5
2025-09-19 00:55:48,559 - INFO - Completed /viper/ptmp/arego/RC4K1_EN_100/3925.h5 in 50.76 seconds
2025-09-19 00:55:48,730 - INFO - Processing /viper/ptmp/arego/RC4K1/12104.h5
2025-09-19 00:55:50,905 - INFO - Completed /viper/ptmp/arego/RC4K1_EN_100/12585.h5 in 86.19 seconds
2025-09-19 00:55:51,098 - INFO - Processing /viper/ptmp/arego/RC4K1/15341.h5
2025-09-19 00:55:53,893 - INFO - Completed /viper/ptmp/arego/RC4K1_EN_100/12762.h5 in 33.72 seconds
2025-09-19 00:55:54,125 - INFO - Processing /viper/ptmp/arego/RC4K1/13049.h5
2025-09-19 00:55:56,075 - INFO - File 26536: Filtered 16441156 hits and 7 records
2025-09-19 00:55:56,908 - INFO - File 12104: Filtered 22575313 hits and 10 records
2025-09-19 00:55:58,092 - INFO - Completed /viper/ptmp/arego/RC4K1_EN_100/21005.h5 in 93.45 seconds
2025-09-19 00:55:58,153 - INFO - Completed /viper/ptmp/arego/RC4K1_EN_100/2937.h5 in 89.04 seconds
2025-09-19 00:55:58,258 - INFO - Processing /viper/ptmp/arego/RC4K1/1056.h5
2025-09-19 00:55:58,410 - INFO - Processing /viper/ptmp/arego/RC4K1/22993.h5
2025-09-19 00:55:58,728 - INFO - Completed /viper/ptmp/arego/RC4K1_EN_100/19162.h5 in 29.30 seconds
2025-09-19 00:55:58,895 - INFO - File 15341: Filtered 18599215 hits and 7 records
2025-09-19 00:55:58,898 - INFO - Processing /viper/ptmp/arego/RC4K1/26265.h5
2025-09-19 00:56:00,145 - INFO - Completed /viper/ptmp/arego/RC4K1_EN_100/7123.h5 in 64.30 seconds
2025-09-19 00:56:00,318 - INFO - Processing /viper/ptmp/arego/RC4K1/15727.h5
2025-09-19 00:56:01,176 - INFO - Completed /viper/ptmp/arego/RC4K1_EN_100/26946.h5 in 68.97 seconds
2025-09-19 00:56:01,336 - INFO - Processing /viper/ptmp/arego/RC4K1/2302.h5
2025-09-19 00:56:03,920 - INFO - Completed /viper/ptmp/arego/RC4K1_EN_100/23847.h5 in 32.37 seconds
2025-09-19 00:56:04,128 - INFO - Processing /viper/ptmp/arego/RC4K1/26535.h5
2025-09-19 00:56:04,181 - INFO - File 13049: Filtered 31278990 hits and 7 records
2025-09-19 00:56:05,193 - INFO - File 1056: Filtered 18697362 hits and 8 records
2025-09-19 00:56:05,711 - INFO - Completed /viper/ptmp/arego/RC4K1_EN_100/28163.h5 in 53.76 seconds
2025-09-19 00:56:05,936 - INFO - Processing /viper/ptmp/arego/RC4K1/21040.h5
2025-09-19 00:56:06,703 - INFO - File 22993: Filtered 16178591 hits and 4 records
2025-09-19 00:56:07,252 - INFO - File 26265: Filtered 22877858 hits and 7 records
2025-09-19 00:56:08,478 - INFO - File 15727: Filtered 6867218 hits and 4 records
2025-09-19 00:56:10,383 - INFO - File 2302: Filtered 10301493 hits and 4 records
2025-09-19 00:56:11,187 - INFO - File 26535: Filtered 24006575 hits and 8 records
2025-09-19 00:56:12,017 - INFO - Completed /viper/ptmp/arego/RC4K1_EN_100/3829.h5 in 104.16 seconds
2025-09-19 00:56:12,196 - INFO - Processing /viper/ptmp/arego/RC4K1/877.h5
2025-09-19 00:56:12,226 - INFO - Completed /viper/ptmp/arego/RC4K1_EN_100/8557.h5 in 84.87 seconds
2025-09-19 00:56:13,022 - INFO - Processing /viper/ptmp/arego/RC4K1/13012.h5
2025-09-19 00:56:13,674 - INFO - File 21040: Filtered 39290326 hits and 9 records
2025-09-19 00:56:18,075 - INFO - Completed /viper/ptmp/arego/RC4K1_EN_100/19877.h5 in 123.23 seconds
2025-09-19 00:56:18,245 - INFO - Processing /viper/ptmp/arego/RC4K1/4380.h5
2025-09-19 00:56:19,931 - INFO - Completed /viper/ptmp/arego/RC4K1_EN_100/14716.h5 in 118.81 seconds
2025-09-19 00:56:19,990 - INFO - File 877: Filtered 15694877 hits and 7 records
2025-09-19 00:56:20,146 - INFO - Processing /viper/ptmp/arego/RC4K1/28115.h5
2025-09-19 00:56:20,671 - INFO - File 13012: Filtered 25468904 hits and 8 records
2025-09-19 00:56:25,940 - INFO - File 4380: Filtered 27644619 hits and 9 records
2025-09-19 00:56:28,069 - INFO - File 28115: Filtered 24442669 hits and 8 records
2025-09-19 00:56:28,373 - INFO - Completed /viper/ptmp/arego/RC4K1_EN_100/21040.h5 in 22.44 seconds
2025-09-19 00:56:28,536 - INFO - Processing /viper/ptmp/arego/RC4K1/113.h5
2025-09-19 00:56:29,733 - INFO - Completed /viper/ptmp/arego/RC4K1_EN_100/23378.h5 in 105.52 seconds
2025-09-19 00:56:29,957 - INFO - Processing /viper/ptmp/arego/RC4K1/29898.h5
2025-09-19 00:56:31,202 - INFO - Completed /viper/ptmp/arego/RC4K1_EN_100/24891.h5 in 74.24 seconds
2025-09-19 00:56:31,366 - INFO - Processing /viper/ptmp/arego/RC4K1/27482.h5
2025-09-19 00:56:33,630 - INFO - Completed /viper/ptmp/arego/RC4K1_EN_100/1046.h5 in 108.28 seconds
2025-09-19 00:56:33,854 - INFO - Processing /viper/ptmp/arego/RC4K1/9361.h5
2025-09-19 00:56:35,102 - INFO - Completed /viper/ptmp/arego/RC4K1_EN_100/20493.h5 in 76.33 seconds
2025-09-19 00:56:35,164 - INFO - Completed /viper/ptmp/arego/RC4K1_EN_100/12168.h5 in 123.46 seconds
2025-09-19 00:56:35,297 - INFO - Processing /viper/ptmp/arego/RC4K1/14500.h5
2025-09-19 00:56:35,942 - INFO - Processing /viper/ptmp/arego/RC4K1/8716.h5
2025-09-19 00:56:36,590 - INFO - File 113: Filtered 32298476 hits and 9 records
2025-09-19 00:56:38,786 - INFO - Completed /viper/ptmp/arego/RC4K1_EN_100/4901.h5 in 147.64 seconds
2025-09-19 00:56:39,006 - INFO - Processing /viper/ptmp/arego/RC4K1/27035.h5
2025-09-19 00:56:39,030 - INFO - Completed /viper/ptmp/arego/RC4K1_EN_100/27057.h5 in 82.35 seconds
2025-09-19 00:56:39,231 - INFO - Processing /viper/ptmp/arego/RC4K1/1987.h5
2025-09-19 00:56:39,569 - INFO - File 27482: Filtered 17604313 hits and 7 records
2025-09-19 00:56:39,723 - INFO - File 29898: Filtered 28826557 hits and 7 records
2025-09-19 00:56:41,480 - INFO - Completed /viper/ptmp/arego/RC4K1_EN_100/5835.h5 in 96.20 seconds
2025-09-19 00:56:41,698 - INFO - Processing /viper/ptmp/arego/RC4K1/3544.h5
2025-09-19 00:56:44,529 - INFO - File 9361: Filtered 26942860 hits and 10 records
2025-09-19 00:56:46,937 - INFO - File 27035: Filtered 27606008 hits and 8 records
2025-09-19 00:56:47,088 - INFO - File 14500: Filtered 19961256 hits and 10 records
2025-09-19 00:56:48,247 - INFO - File 8716: Filtered 18233326 hits and 7 records
2025-09-19 00:56:49,765 - INFO - File 3544: Filtered 25871455 hits and 7 records
2025-09-19 00:56:51,256 - INFO - File 1987: Filtered 17506035 hits and 6 records
2025-09-19 00:56:53,646 - INFO - Completed /viper/ptmp/arego/RC4K1_EN_100/5033.h5 in 115.22 seconds
2025-09-19 00:56:53,815 - INFO - Processing /viper/ptmp/arego/RC4K1/9181.h5
2025-09-19 00:56:54,652 - INFO - Completed /viper/ptmp/arego/RC4K1_EN_100/10404.h5 in 78.24 seconds
2025-09-19 00:56:54,878 - INFO - Processing /viper/ptmp/arego/RC4K1/21984.h5
2025-09-19 00:56:57,562 - INFO - Completed /viper/ptmp/arego/RC4K1_EN_100/26535.h5 in 53.43 seconds
2025-09-19 00:56:57,802 - INFO - Processing /viper/ptmp/arego/RC4K1/25839.h5
2025-09-19 00:56:58,130 - INFO - Completed /viper/ptmp/arego/RC4K1_EN_100/13049.h5 in 64.00 seconds
2025-09-19 00:56:58,328 - INFO - Processing /viper/ptmp/arego/RC4K1/12717.h5
2025-09-19 00:57:02,224 - INFO - Completed /viper/ptmp/arego/RC4K1_EN_100/13012.h5 in 49.20 seconds
2025-09-19 00:57:02,383 - INFO - Processing /viper/ptmp/arego/RC4K1/7849.h5
2025-09-19 00:57:02,497 - INFO - File 9181: Filtered 11299885 hits and 3 records
2025-09-19 00:57:03,669 - INFO - File 21984: Filtered 17668301 hits and 6 records
2025-09-19 00:57:06,137 - INFO - Completed /viper/ptmp/arego/RC4K1_EN_100/25430.h5 in 173.14 seconds
2025-09-19 00:57:06,174 - INFO - File 25839: Filtered 27103316 hits and 8 records
2025-09-19 00:57:06,310 - INFO - Processing /viper/ptmp/arego/RC4K1/28693.h5
2025-09-19 00:57:06,989 - INFO - File 12717: Filtered 13981857 hits and 8 records
2025-09-19 00:57:07,172 - INFO - Completed /viper/ptmp/arego/RC4K1_EN_100/6157.h5 in 103.70 seconds
2025-09-19 00:57:07,394 - INFO - Processing /viper/ptmp/arego/RC4K1/21021.h5
2025-09-19 00:57:09,430 - INFO - Completed /viper/ptmp/arego/RC4K1_EN_100/7012.h5 in 97.95 seconds
2025-09-19 00:57:09,693 - INFO - Processing /viper/ptmp/arego/RC4K1/22415.h5
2025-09-19 00:57:09,855 - INFO - File 7849: Filtered 20049654 hits and 9 records
2025-09-19 00:57:09,871 - INFO - Completed /viper/ptmp/arego/RC4K1_EN_100/9284.h5 in 94.98 seconds
2025-09-19 00:57:10,407 - INFO - Processing /viper/ptmp/arego/RC4K1/19554.h5
2025-09-19 00:57:12,557 - INFO - Completed /viper/ptmp/arego/RC4K1_EN_100/1056.h5 in 74.30 seconds
2025-09-19 00:57:12,724 - INFO - Processing /viper/ptmp/arego/RC4K1/15065.h5
2025-09-19 00:57:14,670 - INFO - File 28693: Filtered 21252646 hits and 9 records
2025-09-19 00:57:15,302 - INFO - Completed /viper/ptmp/arego/RC4K1_EN_100/113.h5 in 46.77 seconds
2025-09-19 00:57:15,480 - INFO - Processing /viper/ptmp/arego/RC4K1/25407.h5
2025-09-19 00:57:15,858 - INFO - Completed /viper/ptmp/arego/RC4K1_EN_100/12104.h5 in 87.13 seconds
2025-09-19 00:57:15,913 - INFO - Completed /viper/ptmp/arego/RC4K1_EN_100/4380.h5 in 57.67 seconds
2025-09-19 00:57:16,041 - INFO - Processing /viper/ptmp/arego/RC4K1/7461.h5
2025-09-19 00:57:16,082 - INFO - Processing /viper/ptmp/arego/RC4K1/18930.h5
2025-09-19 00:57:17,223 - INFO - File 21021: Filtered 17074098 hits and 6 records
2025-09-19 00:57:18,047 - INFO - File 22415: Filtered 29177709 hits and 9 records
2025-09-19 00:57:18,808 - INFO - File 19554: Filtered 18475330 hits and 8 records
2025-09-19 00:57:20,277 - INFO - File 15065: Filtered 24146758 hits and 9 records
2025-09-19 00:57:20,683 - INFO - Completed /viper/ptmp/arego/RC4K1_EN_100/12402.h5 in 113.74 seconds
2025-09-19 00:57:20,850 - INFO - Processing /viper/ptmp/arego/RC4K1/13982.h5
2025-09-19 00:57:24,091 - INFO - File 25407: Filtered 17483035 hits and 8 records
2025-09-19 00:57:24,219 - INFO - File 18930: Filtered 16783211 hits and 5 records
2025-09-19 00:57:24,344 - INFO - File 7461: Filtered 24746836 hits and 10 records
2025-09-19 00:57:25,882 - INFO - Completed /viper/ptmp/arego/RC4K1_EN_100/26265.h5 in 86.98 seconds
2025-09-19 00:57:26,056 - INFO - Processing /viper/ptmp/arego/RC4K1/8593.h5
2025-09-19 00:57:26,851 - INFO - Completed /viper/ptmp/arego/RC4K1_EN_100/15341.h5 in 95.75 seconds
2025-09-19 00:57:27,026 - INFO - Processing /viper/ptmp/arego/RC4K1/23597.h5
2025-09-19 00:57:28,329 - INFO - Completed /viper/ptmp/arego/RC4K1_EN_100/26536.h5 in 99.92 seconds
2025-09-19 00:57:28,491 - INFO - Processing /viper/ptmp/arego/RC4K1/13750.h5
2025-09-19 00:57:29,749 - INFO - File 13982: Filtered 13534472 hits and 6 records
2025-09-19 00:57:35,221 - INFO - File 8593: Filtered 16642722 hits and 5 records
2025-09-19 00:57:35,792 - INFO - File 23597: Filtered 17953380 hits and 9 records
2025-09-19 00:57:37,419 - INFO - File 13750: Filtered 11803218 hits and 4 records
2025-09-19 00:57:38,129 - INFO - Completed /viper/ptmp/arego/RC4K1_EN_100/28115.h5 in 77.98 seconds
2025-09-19 00:57:38,349 - INFO - Processing /viper/ptmp/arego/RC4K1/27043.h5
2025-09-19 00:57:40,418 - INFO - Completed /viper/ptmp/arego/RC4K1_EN_100/27035.h5 in 61.41 seconds
2025-09-19 00:57:40,630 - INFO - Processing /viper/ptmp/arego/RC4K1/27401.h5
2025-09-19 00:57:42,206 - INFO - Completed /viper/ptmp/arego/RC4K1_EN_100/877.h5 in 90.01 seconds
2025-09-19 00:57:42,360 - INFO - Processing /viper/ptmp/arego/RC4K1/24995.h5
2025-09-19 00:57:43,709 - INFO - Completed /viper/ptmp/arego/RC4K1_EN_100/22993.h5 in 105.30 seconds
2025-09-19 00:57:43,935 - INFO - Processing /viper/ptmp/arego/RC4K1/10048.h5
2025-09-19 00:57:44,522 - INFO - Completed /viper/ptmp/arego/RC4K1_EN_100/9361.h5 in 70.67 seconds
2025-09-19 00:57:44,684 - INFO - Processing /viper/ptmp/arego/RC4K1/6285.h5
2025-09-19 00:57:46,411 - INFO - Completed /viper/ptmp/arego/RC4K1_EN_100/29898.h5 in 76.45 seconds
2025-09-19 00:57:46,573 - INFO - Processing /viper/ptmp/arego/RC4K1/27920.h5
2025-09-19 00:57:48,091 - INFO - File 27043: Filtered 27962418 hits and 9 records
2025-09-19 00:57:50,246 - INFO - File 24995: Filtered 27124321 hits and 9 records
2025-09-19 00:57:51,717 - INFO - File 27401: Filtered 25525403 hits and 8 records
2025-09-19 00:57:52,312 - INFO - File 10048: Filtered 15357614 hits and 9 records
2025-09-19 00:57:53,390 - INFO - File 6285: Filtered 10373167 hits and 6 records
2025-09-19 00:57:55,015 - INFO - File 27920: Filtered 35512470 hits and 8 records
2025-09-19 00:58:01,490 - INFO - Completed /viper/ptmp/arego/RC4K1_EN_100/3544.h5 in 79.79 seconds
2025-09-19 00:58:01,645 - INFO - Processing /viper/ptmp/arego/RC4K1/17648.h5
2025-09-19 00:58:05,094 - INFO - Completed /viper/ptmp/arego/RC4K1_EN_100/25839.h5 in 67.29 seconds
2025-09-19 00:58:05,356 - INFO - Processing /viper/ptmp/arego/RC4K1/16314.h5
2025-09-19 00:58:10,222 - INFO - File 17648: Filtered 30214120 hits and 8 records
2025-09-19 00:58:16,458 - INFO - File 16314: Filtered 29754367 hits and 9 records
2025-09-19 00:58:18,651 - INFO - Completed /viper/ptmp/arego/RC4K1_EN_100/22415.h5 in 68.96 seconds
2025-09-19 00:58:18,811 - INFO - Processing /viper/ptmp/arego/RC4K1/12456.h5
2025-09-19 00:58:21,237 - INFO - Completed /viper/ptmp/arego/RC4K1_EN_100/14500.h5 in 105.94 seconds
2025-09-19 00:58:21,427 - INFO - Processing /viper/ptmp/arego/RC4K1/5287.h5
2025-09-19 00:58:23,769 - INFO - Completed /viper/ptmp/arego/RC4K1_EN_100/7849.h5 in 81.39 seconds
2025-09-19 00:58:23,965 - INFO - Processing /viper/ptmp/arego/RC4K1/18304.h5
2025-09-19 00:58:24,566 - INFO - Completed /viper/ptmp/arego/RC4K1_EN_100/15065.h5 in 71.84 seconds
2025-09-19 00:58:24,724 - INFO - Processing /viper/ptmp/arego/RC4K1/29456.h5
2025-09-19 00:58:27,636 - INFO - File 12456: Filtered 19868381 hits and 11 records
2025-09-19 00:58:28,885 - INFO - Completed /viper/ptmp/arego/RC4K1_EN_100/8716.h5 in 112.94 seconds
2025-09-19 00:58:29,141 - INFO - Processing /viper/ptmp/arego/RC4K1/11965.h5
2025-09-19 00:58:30,357 - INFO - File 5287: Filtered 28387275 hits and 10 records
2025-09-19 00:58:32,667 - INFO - Completed /viper/ptmp/arego/RC4K1_EN_100/27920.h5 in 46.09 seconds
2025-09-19 00:58:32,795 - INFO - File 18304: Filtered 13639764 hits and 3 records
2025-09-19 00:58:32,829 - INFO - Processing /viper/ptmp/arego/RC4K1/23409.h5
2025-09-19 00:58:33,365 - INFO - File 29456: Filtered 20091807 hits and 7 records
2025-09-19 00:58:36,137 - INFO - Completed /viper/ptmp/arego/RC4K1_EN_100/27482.h5 in 124.77 seconds
2025-09-19 00:58:36,299 - INFO - Processing /viper/ptmp/arego/RC4K1/6395.h5
2025-09-19 00:58:36,494 - INFO - Completed /viper/ptmp/arego/RC4K1_EN_100/7461.h5 in 80.45 seconds
2025-09-19 00:58:36,705 - INFO - Processing /viper/ptmp/arego/RC4K1/1576.h5
2025-09-19 00:58:36,828 - INFO - Completed /viper/ptmp/arego/RC4K1_EN_100/15727.h5 in 156.51 seconds
2025-09-19 00:58:37,026 - INFO - Processing /viper/ptmp/arego/RC4K1/24669.h5
2025-09-19 00:58:38,316 - INFO - Completed /viper/ptmp/arego/RC4K1_EN_100/24995.h5 in 55.96 seconds
2025-09-19 00:58:38,398 - INFO - File 11965: Filtered 16864208 hits and 6 records
2025-09-19 00:58:38,477 - INFO - Processing /viper/ptmp/arego/RC4K1/12321.h5
2025-09-19 00:58:39,815 - INFO - Completed /viper/ptmp/arego/RC4K1_EN_100/2302.h5 in 158.48 seconds
2025-09-19 00:58:40,002 - INFO - Processing /viper/ptmp/arego/RC4K1/947.h5
2025-09-19 00:58:41,688 - INFO - File 23409: Filtered 25344618 hits and 7 records
2025-09-19 00:58:41,732 - INFO - Completed /viper/ptmp/arego/RC4K1_EN_100/1987.h5 in 122.50 seconds
2025-09-19 00:58:41,923 - INFO - Processing /viper/ptmp/arego/RC4K1/9194.h5
2025-09-19 00:58:42,247 - INFO - Completed /viper/ptmp/arego/RC4K1_EN_100/28693.h5 in 95.94 seconds
2025-09-19 00:58:42,689 - INFO - Processing /viper/ptmp/arego/RC4K1/6203.h5
2025-09-19 00:58:45,764 - INFO - File 6395: Filtered 20834691 hits and 8 records
2025-09-19 00:58:45,962 - INFO - File 1576: Filtered 19971443 hits and 9 records
2025-09-19 00:58:46,034 - INFO - File 24669: Filtered 31878329 hits and 5 records
2025-09-19 00:58:46,497 - INFO - File 12321: Filtered 27159804 hits and 8 records
2025-09-19 00:58:47,140 - INFO - Completed /viper/ptmp/arego/RC4K1_EN_100/27043.h5 in 68.79 seconds
2025-09-19 00:58:47,395 - INFO - Processing /viper/ptmp/arego/RC4K1/22532.h5
2025-09-19 00:58:48,719 - INFO - Completed /viper/ptmp/arego/RC4K1_EN_100/21984.h5 in 113.84 seconds
2025-09-19 00:58:48,897 - INFO - Processing /viper/ptmp/arego/RC4K1/17290.h5
2025-09-19 00:58:48,971 - INFO - File 947: Filtered 40962765 hits and 10 records
2025-09-19 00:58:53,093 - INFO - File 9194: Filtered 6551035 hits and 4 records
2025-09-19 00:58:53,467 - INFO - File 6203: Filtered 17697528 hits and 6 records
2025-09-19 00:58:53,648 - INFO - Completed /viper/ptmp/arego/RC4K1_EN_100/24442.h5 in 632.81 seconds
2025-09-19 00:58:53,851 - INFO - Processing /viper/ptmp/arego/RC4K1/22549.h5
2025-09-19 00:58:56,980 - INFO - File 22532: Filtered 14277768 hits and 6 records
2025-09-19 00:58:57,123 - INFO - File 17290: Filtered 26780725 hits and 10 records
2025-09-19 00:58:59,771 - INFO - Completed /viper/ptmp/arego/RC4K1_EN_100/27401.h5 in 79.14 seconds
2025-09-19 00:58:59,999 - INFO - Processing /viper/ptmp/arego/RC4K1/1486.h5
2025-09-19 00:59:02,872 - INFO - File 22549: Filtered 22601815 hits and 6 records
2025-09-19 00:59:10,103 - INFO - Completed /viper/ptmp/arego/RC4K1_EN_100/19554.h5 in 119.70 seconds
2025-09-19 00:59:10,266 - INFO - Processing /viper/ptmp/arego/RC4K1/25991.h5
2025-09-19 00:59:11,063 - INFO - File 1486: Filtered 16184421 hits and 7 records
2025-09-19 00:59:11,278 - INFO - Completed /viper/ptmp/arego/RC4K1_EN_100/16314.h5 in 65.92 seconds
2025-09-19 00:59:11,500 - INFO - Processing /viper/ptmp/arego/RC4K1/14159.h5
2025-09-19 00:59:13,033 - INFO - Completed /viper/ptmp/arego/RC4K1_EN_100/23597.h5 in 106.01 seconds
2025-09-19 00:59:13,198 - INFO - Processing /viper/ptmp/arego/RC4K1/26014.h5
2025-09-19 00:59:13,291 - INFO - Completed /viper/ptmp/arego/RC4K1_EN_100/12717.h5 in 134.96 seconds
2025-09-19 00:59:13,458 - INFO - Processing /viper/ptmp/arego/RC4K1/16593.h5
2025-09-19 00:59:15,051 - INFO - Completed /viper/ptmp/arego/RC4K1_EN_100/21021.h5 in 127.66 seconds
2025-09-19 00:59:15,278 - INFO - Processing /viper/ptmp/arego/RC4K1/11995.h5
2025-09-19 00:59:15,591 - INFO - Completed /viper/ptmp/arego/RC4K1_EN_100/25407.h5 in 120.11 seconds
2025-09-19 00:59:15,754 - INFO - Processing /viper/ptmp/arego/RC4K1/27448.h5
2025-09-19 00:59:17,336 - INFO - Completed /viper/ptmp/arego/RC4K1_EN_100/9181.h5 in 143.52 seconds
2025-09-19 00:59:17,554 - INFO - Processing /viper/ptmp/arego/RC4K1/16084.h5
2025-09-19 00:59:17,994 - INFO - Completed /viper/ptmp/arego/RC4K1_EN_100/947.h5 in 37.99 seconds
2025-09-19 00:59:18,199 - INFO - Processing /viper/ptmp/arego/RC4K1/15545.h5
2025-09-19 00:59:19,070 - INFO - Completed /viper/ptmp/arego/RC4K1_EN_100/17648.h5 in 77.43 seconds
2025-09-19 00:59:19,290 - INFO - Processing /viper/ptmp/arego/RC4K1/8322.h5
2025-09-19 00:59:19,494 - INFO - File 25991: Filtered 16554418 hits and 6 records
2025-09-19 00:59:21,581 - INFO - Completed /viper/ptmp/arego/RC4K1_EN_100/18930.h5 in 125.50 seconds
2025-09-19 00:59:21,755 - INFO - Processing /viper/ptmp/arego/RC4K1/5489.h5
2025-09-19 00:59:21,788 - INFO - File 26014: Filtered 20801337 hits and 6 records
2025-09-19 00:59:24,357 - INFO - File 16593: Filtered 18969911 hits and 6 records
2025-09-19 00:59:24,895 - INFO - Completed /viper/ptmp/arego/RC4K1_EN_100/24669.h5 in 47.87 seconds
2025-09-19 00:59:25,098 - INFO - Processing /viper/ptmp/arego/RC4K1/6085.h5
2025-09-19 00:59:25,180 - INFO - File 27448: Filtered 30688338 hits and 8 records
2025-09-19 00:59:25,467 - INFO - File 14159: Filtered 7233344 hits and 7 records
2025-09-19 00:59:27,309 - INFO - File 16084: Filtered 26284839 hits and 8 records
2025-09-19 00:59:27,885 - INFO - File 11995: Filtered 28172388 hits and 8 records
2025-09-19 00:59:28,034 - INFO - Completed /viper/ptmp/arego/RC4K1_EN_100/8593.h5 in 121.98 seconds
2025-09-19 00:59:28,198 - INFO - Processing /viper/ptmp/arego/RC4K1/1073.h5
2025-09-19 00:59:29,736 - INFO - File 8322: Filtered 24858150 hits and 7 records
2025-09-19 00:59:30,004 - INFO - File 15545: Filtered 22864493 hits and 6 records
2025-09-19 00:59:30,635 - INFO - File 5489: Filtered 18503354 hits and 6 records
2025-09-19 00:59:31,025 - INFO - Completed /viper/ptmp/arego/RC4K1_EN_100/5287.h5 in 69.60 seconds
2025-09-19 00:59:31,257 - INFO - Processing /viper/ptmp/arego/RC4K1/19029.h5
2025-09-19 00:59:34,416 - INFO - File 6085: Filtered 20155925 hits and 6 records
2025-09-19 00:59:37,259 - INFO - Completed /viper/ptmp/arego/RC4K1_EN_100/13982.h5 in 136.41 seconds
2025-09-19 00:59:37,534 - INFO - File 1073: Filtered 19137629 hits and 6 records
2025-09-19 00:59:37,597 - INFO - Processing /viper/ptmp/arego/RC4K1/2306.h5
2025-09-19 00:59:41,147 - INFO - File 19029: Filtered 28260318 hits and 8 records
2025-09-19 00:59:44,125 - INFO - Completed /viper/ptmp/arego/RC4K1_EN_100/12321.h5 in 65.65 seconds
2025-09-19 00:59:44,319 - INFO - Processing /viper/ptmp/arego/RC4K1/21554.h5
2025-09-19 00:59:47,184 - INFO - File 2306: Filtered 29374164 hits and 8 records
2025-09-19 00:59:52,923 - INFO - File 21554: Filtered 23284227 hits and 8 records
2025-09-19 00:59:54,298 - INFO - Completed /viper/ptmp/arego/RC4K1_EN_100/13750.h5 in 145.81 seconds
2025-09-19 00:59:54,343 - INFO - Completed /viper/ptmp/arego/RC4K1_EN_100/10048.h5 in 130.41 seconds
2025-09-19 00:59:54,498 - INFO - Processing /viper/ptmp/arego/RC4K1/25143.h5
2025-09-19 00:59:55,061 - INFO - Processing /viper/ptmp/arego/RC4K1/28616.h5
2025-09-19 01:00:01,685 - INFO - Completed /viper/ptmp/arego/RC4K1_EN_100/17290.h5 in 72.79 seconds
2025-09-19 01:00:02,032 - INFO - Processing /viper/ptmp/arego/RC4K1/24432.h5
2025-09-19 01:00:03,882 - INFO - File 25143: Filtered 27321232 hits and 9 records
2025-09-19 01:00:04,708 - INFO - File 28616: Filtered 18332076 hits and 7 records
2025-09-19 01:00:06,199 - INFO - Completed /viper/ptmp/arego/RC4K1_EN_100/29456.h5 in 101.48 seconds
2025-09-19 01:00:06,396 - INFO - Processing /viper/ptmp/arego/RC4K1/16634.h5
2025-09-19 01:00:10,745 - INFO - Completed /viper/ptmp/arego/RC4K1_EN_100/6285.h5 in 146.06 seconds
2025-09-19 01:00:10,947 - INFO - Processing /viper/ptmp/arego/RC4K1/16471.h5
2025-09-19 01:00:11,066 - INFO - File 24432: Filtered 19389308 hits and 6 records
2025-09-19 01:00:14,838 - INFO - File 16634: Filtered 25946563 hits and 9 records
2025-09-19 01:00:16,371 - INFO - Completed /viper/ptmp/arego/RC4K1_EN_100/6395.h5 in 100.07 seconds
2025-09-19 01:00:16,561 - INFO - Processing /viper/ptmp/arego/RC4K1/235.h5
2025-09-19 01:00:18,221 - INFO - Completed /viper/ptmp/arego/RC4K1_EN_100/23409.h5 in 105.39 seconds
2025-09-19 01:00:18,382 - INFO - Processing /viper/ptmp/arego/RC4K1/18400.h5
2025-09-19 01:00:20,345 - INFO - File 16471: Filtered 26721170 hits and 7 records
2025-09-19 01:00:23,453 - INFO - Completed /viper/ptmp/arego/RC4K1_EN_100/12456.h5 in 124.64 seconds
2025-09-19 01:00:23,619 - INFO - Processing /viper/ptmp/arego/RC4K1/20398.h5
2025-09-19 01:00:25,601 - INFO - File 235: Filtered 14853486 hits and 5 records
2025-09-19 01:00:28,031 - INFO - File 18400: Filtered 26214532 hits and 7 records
2025-09-19 01:00:30,987 - INFO - Completed /viper/ptmp/arego/RC4K1_EN_100/18304.h5 in 127.02 seconds
2025-09-19 01:00:31,194 - INFO - Processing /viper/ptmp/arego/RC4K1/15839.h5
2025-09-19 01:00:31,864 - INFO - Completed /viper/ptmp/arego/RC4K1_EN_100/1576.h5 in 115.16 seconds
2025-09-19 01:00:32,034 - INFO - Processing /viper/ptmp/arego/RC4K1/8266.h5
2025-09-19 01:00:33,053 - INFO - File 20398: Filtered 33618652 hits and 9 records
2025-09-19 01:00:34,050 - INFO - Completed /viper/ptmp/arego/RC4K1_EN_100/11965.h5 in 124.91 seconds
2025-09-19 01:00:34,231 - INFO - Processing /viper/ptmp/arego/RC4K1/7008.h5
2025-09-19 01:00:39,484 - INFO - Completed /viper/ptmp/arego/RC4K1_EN_100/16084.h5 in 81.93 seconds
2025-09-19 01:00:39,663 - INFO - File 15839: Filtered 30597398 hits and 7 records
2025-09-19 01:00:39,684 - INFO - Processing /viper/ptmp/arego/RC4K1/5510.h5
2025-09-19 01:00:42,367 - INFO - Completed /viper/ptmp/arego/RC4K1_EN_100/27448.h5 in 86.61 seconds
2025-09-19 01:00:42,528 - INFO - Processing /viper/ptmp/arego/RC4K1/11950.h5
2025-09-19 01:00:42,814 - INFO - File 8266: Filtered 22737098 hits and 9 records
2025-09-19 01:00:44,997 - INFO - File 7008: Filtered 20290694 hits and 7 records
2025-09-19 01:00:48,425 - INFO - Completed /viper/ptmp/arego/RC4K1_EN_100/19029.h5 in 77.17 seconds
2025-09-19 01:00:48,614 - INFO - Processing /viper/ptmp/arego/RC4K1/24313.h5
2025-09-19 01:00:48,841 - INFO - Completed /viper/ptmp/arego/RC4K1_EN_100/22549.h5 in 114.99 seconds
2025-09-19 01:00:49,006 - INFO - Processing /viper/ptmp/arego/RC4K1/595.h5
2025-09-19 01:00:49,156 - INFO - Completed /viper/ptmp/arego/RC4K1_EN_100/11995.h5 in 93.88 seconds
2025-09-19 01:00:49,416 - INFO - Processing /viper/ptmp/arego/RC4K1/16874.h5
2025-09-19 01:00:50,239 - INFO - Completed /viper/ptmp/arego/RC4K1_EN_100/6203.h5 in 127.55 seconds
2025-09-19 01:00:50,280 - INFO - File 5510: Filtered 18079243 hits and 8 records
2025-09-19 01:00:50,424 - INFO - Processing /viper/ptmp/arego/RC4K1/18577.h5
2025-09-19 01:00:52,665 - INFO - File 11950: Filtered 26905965 hits and 10 records
2025-09-19 01:00:58,353 - INFO - Completed /viper/ptmp/arego/RC4K1_EN_100/2306.h5 in 80.76 seconds
2025-09-19 01:00:58,583 - INFO - Processing /viper/ptmp/arego/RC4K1/23553.h5
2025-09-19 01:00:58,716 - INFO - Completed /viper/ptmp/arego/RC4K1_EN_100/26014.h5 in 105.52 seconds
2025-09-19 01:00:58,934 - INFO - Processing /viper/ptmp/arego/RC4K1/23100.h5
2025-09-19 01:00:58,947 - INFO - File 24313: Filtered 22707926 hits and 8 records
2025-09-19 01:00:59,016 - INFO - File 595: Filtered 32658278 hits and 10 records
2025-09-19 01:01:01,221 - INFO - File 18577: Filtered 25561042 hits and 5 records
2025-09-19 01:01:02,207 - INFO - File 16874: Filtered 17012954 hits and 7 records
2025-09-19 01:01:08,268 - INFO - File 23100: Filtered 26730689 hits and 9 records
2025-09-19 01:01:09,486 - INFO - File 23553: Filtered 17648136 hits and 7 records
2025-09-19 01:01:10,585 - INFO - Completed /viper/ptmp/arego/RC4K1_EN_100/8322.h5 in 111.29 seconds
2025-09-19 01:01:10,743 - INFO - Processing /viper/ptmp/arego/RC4K1/12792.h5
2025-09-19 01:01:17,516 - INFO - Completed /viper/ptmp/arego/RC4K1_EN_100/25143.h5 in 83.02 seconds
2025-09-19 01:01:17,739 - INFO - Processing /viper/ptmp/arego/RC4K1/17455.h5
2025-09-19 01:01:18,256 - INFO - Completed /viper/ptmp/arego/RC4K1_EN_100/6085.h5 in 113.16 seconds
2025-09-19 01:01:18,284 - INFO - Completed /viper/ptmp/arego/RC4K1_EN_100/5489.h5 in 116.53 seconds
2025-09-19 01:01:18,590 - INFO - Processing /viper/ptmp/arego/RC4K1/22008.h5
2025-09-19 01:01:18,888 - INFO - Completed /viper/ptmp/arego/RC4K1_EN_100/21554.h5 in 94.57 seconds
2025-09-19 01:01:19,056 - INFO - Processing /viper/ptmp/arego/RC4K1/13004.h5
2025-09-19 01:01:19,131 - INFO - Processing /viper/ptmp/arego/RC4K1/26101.h5
2025-09-19 01:01:20,355 - INFO - Completed /viper/ptmp/arego/RC4K1_EN_100/15545.h5 in 122.16 seconds
2025-09-19 01:01:20,581 - INFO - Processing /viper/ptmp/arego/RC4K1/1635.h5
2025-09-19 01:01:22,792 - INFO - File 12792: Filtered 23643032 hits and 7 records
2025-09-19 01:01:23,250 - INFO - Completed /viper/ptmp/arego/RC4K1_EN_100/22532.h5 in 155.85 seconds
2025-09-19 01:01:23,477 - INFO - Processing /viper/ptmp/arego/RC4K1/6455.h5
2025-09-19 01:01:25,569 - INFO - Completed /viper/ptmp/arego/RC4K1_EN_100/1486.h5 in 145.57 seconds
2025-09-19 01:01:25,602 - INFO - Completed /viper/ptmp/arego/RC4K1_EN_100/16593.h5 in 132.14 seconds
2025-09-19 01:01:25,819 - INFO - Processing /viper/ptmp/arego/RC4K1/15850.h5
2025-09-19 01:01:25,826 - INFO - Processing /viper/ptmp/arego/RC4K1/12692.h5
2025-09-19 01:01:27,783 - INFO - File 13004: Filtered 28388299 hits and 10 records
2025-09-19 01:01:28,932 - INFO - Completed /viper/ptmp/arego/RC4K1_EN_100/25991.h5 in 138.67 seconds
2025-09-19 01:01:29,097 - INFO - Processing /viper/ptmp/arego/RC4K1/15781.h5
2025-09-19 01:01:30,768 - INFO - File 26101: Filtered 15000007 hits and 8 records
2025-09-19 01:01:32,219 - INFO - Completed /viper/ptmp/arego/RC4K1_EN_100/16634.h5 in 85.82 seconds
2025-09-19 01:01:32,385 - INFO - Processing /viper/ptmp/arego/RC4K1/15645.h5
2025-09-19 01:01:33,180 - INFO - File 17455: Filtered 33815121 hits and 11 records
2025-09-19 01:01:34,511 - INFO - File 6455: Filtered 21444155 hits and 11 records
2025-09-19 01:01:34,888 - INFO - Completed /viper/ptmp/arego/RC4K1_EN_100/1073.h5 in 126.69 seconds
2025-09-19 01:01:35,092 - INFO - Processing /viper/ptmp/arego/RC4K1/20719.h5
2025-09-19 01:01:36,086 - INFO - File 22008: Filtered 28127940 hits and 9 records
2025-09-19 01:01:36,942 - INFO - File 15850: Filtered 42766746 hits and 10 records
2025-09-19 01:01:37,131 - INFO - File 1635: Filtered 23410009 hits and 8 records
2025-09-19 01:01:37,933 - INFO - File 12692: Filtered 22662149 hits and 5 records
2025-09-19 01:01:38,855 - INFO - Completed /viper/ptmp/arego/RC4K1_EN_100/15839.h5 in 67.66 seconds
2025-09-19 01:01:39,057 - INFO - Processing /viper/ptmp/arego/RC4K1/25900.h5
2025-09-19 01:01:41,756 - INFO - Completed /viper/ptmp/arego/RC4K1_EN_100/9194.h5 in 179.83 seconds
2025-09-19 01:01:41,996 - INFO - Processing /viper/ptmp/arego/RC4K1/18190.h5
2025-09-19 01:01:43,424 - INFO - File 15781: Filtered 32252408 hits and 7 records
2025-09-19 01:01:45,229 - INFO - File 20719: Filtered 28302817 hits and 8 records
2025-09-19 01:01:46,132 - INFO - Completed /viper/ptmp/arego/RC4K1_EN_100/20398.h5 in 82.51 seconds
2025-09-19 01:01:46,292 - INFO - Processing /viper/ptmp/arego/RC4K1/19217.h5
2025-09-19 01:01:47,652 - INFO - Completed /viper/ptmp/arego/RC4K1_EN_100/16471.h5 in 96.71 seconds
2025-09-19 01:01:47,829 - INFO - Processing /viper/ptmp/arego/RC4K1/4593.h5
2025-09-19 01:01:48,315 - INFO - File 15645: Filtered 36774009 hits and 9 records
2025-09-19 01:01:49,429 - INFO - File 25900: Filtered 16554605 hits and 9 records
2025-09-19 01:01:56,344 - INFO - File 19217: Filtered 22596911 hits and 9 records
2025-09-19 01:01:59,140 - INFO - File 4593: Filtered 15237465 hits and 5 records
2025-09-19 01:02:00,186 - INFO - File 18190: Filtered 16910429 hits and 4 records
2025-09-19 01:02:06,993 - INFO - Completed /viper/ptmp/arego/RC4K1_EN_100/24432.h5 in 124.96 seconds
2025-09-19 01:02:07,216 - INFO - Processing /viper/ptmp/arego/RC4K1/5857.h5
2025-09-19 01:02:10,980 - INFO - Completed /viper/ptmp/arego/RC4K1_EN_100/28616.h5 in 135.92 seconds
2025-09-19 01:02:11,196 - INFO - Processing /viper/ptmp/arego/RC4K1/11842.h5
2025-09-19 01:02:13,095 - INFO - Completed /viper/ptmp/arego/RC4K1_EN_100/18400.h5 in 114.71 seconds
2025-09-19 01:02:13,241 - INFO - Processing /viper/ptmp/arego/RC4K1/3373.h5
2025-09-19 01:02:17,690 - INFO - File 5857: Filtered 28756123 hits and 7 records
2025-09-19 01:02:18,017 - INFO - Completed /viper/ptmp/arego/RC4K1_EN_100/15850.h5 in 52.20 seconds
2025-09-19 01:02:18,276 - INFO - Processing /viper/ptmp/arego/RC4K1/14578.h5
2025-09-19 01:02:21,090 - INFO - File 11842: Filtered 26659658 hits and 9 records
2025-09-19 01:02:23,195 - INFO - File 3373: Filtered 52130830 hits and 7 records
2025-09-19 01:02:23,456 - INFO - Completed /viper/ptmp/arego/RC4K1_EN_100/595.h5 in 94.45 seconds
2025-09-19 01:02:23,618 - INFO - Processing /viper/ptmp/arego/RC4K1/1891.h5
2025-09-19 01:02:29,012 - INFO - Completed /viper/ptmp/arego/RC4K1_EN_100/15645.h5 in 56.63 seconds
2025-09-19 01:02:29,040 - INFO - File 14578: Filtered 16869525 hits and 9 records
2025-09-19 01:02:29,218 - INFO - Processing /viper/ptmp/arego/RC4K1/10571.h5
2025-09-19 01:02:32,876 - INFO - Completed /viper/ptmp/arego/RC4K1_EN_100/14159.h5 in 201.38 seconds
2025-09-19 01:02:33,101 - INFO - Processing /viper/ptmp/arego/RC4K1/22599.h5
2025-09-19 01:02:34,650 - INFO - File 1891: Filtered 35293139 hits and 6 records
2025-09-19 01:02:38,015 - INFO - Completed /viper/ptmp/arego/RC4K1_EN_100/17455.h5 in 80.28 seconds
2025-09-19 01:02:38,100 - INFO - Completed /viper/ptmp/arego/RC4K1_EN_100/3373.h5 in 24.86 seconds
2025-09-19 01:02:38,236 - INFO - Processing /viper/ptmp/arego/RC4K1/21858.h5
2025-09-19 01:02:38,298 - INFO - Processing /viper/ptmp/arego/RC4K1/13312.h5
2025-09-19 01:02:38,643 - INFO - File 10571: Filtered 27395641 hits and 8 records
2025-09-19 01:02:38,854 - INFO - Completed /viper/ptmp/arego/RC4K1_EN_100/8266.h5 in 126.82 seconds
2025-09-19 01:02:39,031 - INFO - Processing /viper/ptmp/arego/RC4K1/20730.h5
2025-09-19 01:02:39,381 - INFO - Completed /viper/ptmp/arego/RC4K1_EN_100/235.h5 in 142.82 seconds
2025-09-19 01:02:39,550 - INFO - Processing /viper/ptmp/arego/RC4K1/12552.h5
2025-09-19 01:02:42,294 - INFO - File 22599: Filtered 47827945 hits and 7 records
2025-09-19 01:02:43,803 - INFO - Completed /viper/ptmp/arego/RC4K1_EN_100/13004.h5 in 84.75 seconds
2025-09-19 01:02:43,964 - INFO - Processing /viper/ptmp/arego/RC4K1/28555.h5
2025-09-19 01:02:44,092 - INFO - Completed /viper/ptmp/arego/RC4K1_EN_100/11950.h5 in 121.56 seconds
2025-09-19 01:02:44,356 - INFO - Processing /viper/ptmp/arego/RC4K1/9449.h5
2025-09-19 01:02:46,861 - INFO - Completed /viper/ptmp/arego/RC4K1_EN_100/7008.h5 in 132.63 seconds
2025-09-19 01:02:47,070 - INFO - Processing /viper/ptmp/arego/RC4K1/19983.h5
2025-09-19 01:02:47,644 - INFO - Completed /viper/ptmp/arego/RC4K1_EN_100/5510.h5 in 127.96 seconds
2025-09-19 01:02:47,853 - INFO - Processing /viper/ptmp/arego/RC4K1/2536.h5
2025-09-19 01:02:48,220 - INFO - Completed /viper/ptmp/arego/RC4K1_EN_100/18577.h5 in 117.80 seconds
2025-09-19 01:02:48,406 - INFO - Processing /viper/ptmp/arego/RC4K1/27150.h5
2025-09-19 01:02:48,583 - INFO - File 21858: Filtered 13048551 hits and 5 records
2025-09-19 01:02:48,950 - INFO - File 13312: Filtered 34725142 hits and 10 records
2025-09-19 01:02:49,241 - INFO - File 12552: Filtered 25750967 hits and 9 records
2025-09-19 01:02:49,266 - INFO - File 20730: Filtered 27314067 hits and 9 records
2025-09-19 01:02:52,192 - INFO - Completed /viper/ptmp/arego/RC4K1_EN_100/22599.h5 in 19.09 seconds
2025-09-19 01:02:52,413 - INFO - Processing /viper/ptmp/arego/RC4K1/7092.h5
2025-09-19 01:02:53,396 - INFO - Completed /viper/ptmp/arego/RC4K1_EN_100/24313.h5 in 124.78 seconds
2025-09-19 01:02:53,409 - INFO - File 28555: Filtered 16377468 hits and 6 records
2025-09-19 01:02:53,602 - INFO - Processing /viper/ptmp/arego/RC4K1/9577.h5
2025-09-19 01:02:55,665 - INFO - File 9449: Filtered 22305856 hits and 7 records
2025-09-19 01:02:57,233 - INFO - File 2536: Filtered 25127454 hits and 7 records
2025-09-19 01:02:58,921 - INFO - File 19983: Filtered 35009990 hits and 10 records
2025-09-19 01:02:59,890 - INFO - File 27150: Filtered 28427911 hits and 8 records
2025-09-19 01:03:03,132 - INFO - File 7092: Filtered 28299956 hits and 9 records
2025-09-19 01:03:05,306 - INFO - File 9577: Filtered 34399479 hits and 9 records
2025-09-19 01:03:06,777 - INFO - Completed /viper/ptmp/arego/RC4K1_EN_100/23100.h5 in 127.84 seconds
2025-09-19 01:03:06,972 - INFO - Processing /viper/ptmp/arego/RC4K1/23355.h5
2025-09-19 01:03:09,195 - INFO - Completed /viper/ptmp/arego/RC4K1_EN_100/22008.h5 in 110.61 seconds
2025-09-19 01:03:09,459 - INFO - Processing /viper/ptmp/arego/RC4K1/24301.h5
2025-09-19 01:03:14,424 - INFO - Completed /viper/ptmp/arego/RC4K1_EN_100/15781.h5 in 105.33 seconds
2025-09-19 01:03:14,641 - INFO - Processing /viper/ptmp/arego/RC4K1/25937.h5
2025-09-19 01:03:16,970 - INFO - File 23355: Filtered 27787553 hits and 6 records
2025-09-19 01:03:19,959 - INFO - File 24301: Filtered 25670447 hits and 9 records
2025-09-19 01:03:25,033 - INFO - Completed /viper/ptmp/arego/RC4K1_EN_100/16874.h5 in 155.62 seconds
2025-09-19 01:03:25,256 - INFO - Processing /viper/ptmp/arego/RC4K1/6054.h5
2025-09-19 01:03:25,337 - INFO - File 25937: Filtered 44141247 hits and 10 records
2025-09-19 01:03:25,875 - INFO - Completed /viper/ptmp/arego/RC4K1_EN_100/12792.h5 in 135.13 seconds
2025-09-19 01:03:26,141 - INFO - Processing /viper/ptmp/arego/RC4K1/11935.h5
2025-09-19 01:03:26,474 - INFO - Completed /viper/ptmp/arego/RC4K1_EN_100/20719.h5 in 111.38 seconds
2025-09-19 01:03:26,645 - INFO - Processing /viper/ptmp/arego/RC4K1/5236.h5
2025-09-19 01:03:35,497 - INFO - File 6054: Filtered 20953866 hits and 7 records
2025-09-19 01:03:37,025 - INFO - File 5236: Filtered 26229819 hits and 6 records
2025-09-19 01:03:37,492 - INFO - File 11935: Filtered 14672848 hits and 3 records
2025-09-19 01:03:39,782 - INFO - Completed /viper/ptmp/arego/RC4K1_EN_100/23553.h5 in 161.20 seconds
2025-09-19 01:03:39,996 - INFO - Processing /viper/ptmp/arego/RC4K1/18933.h5
2025-09-19 01:03:41,797 - INFO - Completed /viper/ptmp/arego/RC4K1_EN_100/1635.h5 in 141.22 seconds
2025-09-19 01:03:41,960 - INFO - Processing /viper/ptmp/arego/RC4K1/4771.h5
2025-09-19 01:03:47,694 - INFO - Completed /viper/ptmp/arego/RC4K1_EN_100/12692.h5 in 141.87 seconds
2025-09-19 01:03:47,922 - INFO - Processing /viper/ptmp/arego/RC4K1/22645.h5
2025-09-19 01:03:50,944 - INFO - File 18933: Filtered 22663904 hits and 7 records
2025-09-19 01:03:53,354 - INFO - File 4771: Filtered 35175260 hits and 6 records
2025-09-19 01:03:55,158 - INFO - Completed /viper/ptmp/arego/RC4K1_EN_100/6455.h5 in 151.68 seconds
2025-09-19 01:03:55,373 - INFO - Processing /viper/ptmp/arego/RC4K1/5384.h5
2025-09-19 01:03:58,021 - INFO - Completed /viper/ptmp/arego/RC4K1_EN_100/6422.h5 in 595.89 seconds
2025-09-19 01:03:58,325 - INFO - Processing /viper/ptmp/arego/RC4K1/25482.h5
2025-09-19 01:04:00,053 - INFO - File 22645: Filtered 34263743 hits and 8 records
2025-09-19 01:04:00,305 - INFO - Completed /viper/ptmp/arego/RC4K1_EN_100/1891.h5 in 96.69 seconds
2025-09-19 01:04:00,503 - INFO - Processing /viper/ptmp/arego/RC4K1/16119.h5
2025-09-19 01:04:01,680 - INFO - Completed /viper/ptmp/arego/RC4K1_EN_100/25900.h5 in 142.62 seconds
2025-09-19 01:04:01,843 - INFO - Processing /viper/ptmp/arego/RC4K1/5734.h5
2025-09-19 01:04:05,110 - INFO - Completed /viper/ptmp/arego/RC4K1_EN_100/5857.h5 in 117.89 seconds
2025-09-19 01:04:05,335 - INFO - Processing /viper/ptmp/arego/RC4K1/10108.h5
2025-09-19 01:04:07,373 - INFO - Completed /viper/ptmp/arego/RC4K1_EN_100/19217.h5 in 141.08 seconds
2025-09-19 01:04:07,534 - INFO - Processing /viper/ptmp/arego/RC4K1/5537.h5
2025-09-19 01:04:09,670 - INFO - File 5384: Filtered 15401051 hits and 8 records
2025-09-19 01:04:09,937 - INFO - Completed /viper/ptmp/arego/RC4K1_EN_100/19983.h5 in 82.87 seconds
2025-09-19 01:04:10,109 - INFO - Processing /viper/ptmp/arego/RC4K1/4227.h5
2025-09-19 01:04:10,178 - INFO - Completed /viper/ptmp/arego/RC4K1_EN_100/11842.h5 in 118.98 seconds
2025-09-19 01:04:10,335 - INFO - Processing /viper/ptmp/arego/RC4K1/14571.h5
2025-09-19 01:04:10,806 - INFO - Completed /viper/ptmp/arego/RC4K1_EN_100/10571.h5 in 101.59 seconds
2025-09-19 01:04:11,079 - INFO - Processing /viper/ptmp/arego/RC4K1/21014.h5
2025-09-19 01:04:12,543 - INFO - File 5734: Filtered 31195525 hits and 7 records
2025-09-19 01:04:12,610 - INFO - File 16119: Filtered 21273987 hits and 10 records
2025-09-19 01:04:12,813 - INFO - File 25482: Filtered 25333109 hits and 7 records
2025-09-19 01:04:14,836 - INFO - Completed /viper/ptmp/arego/RC4K1_EN_100/25937.h5 in 60.20 seconds
2025-09-19 01:04:15,065 - INFO - Processing /viper/ptmp/arego/RC4K1/15646.h5
2025-09-19 01:04:16,690 - INFO - File 10108: Filtered 32583922 hits and 9 records
2025-09-19 01:04:18,726 - INFO - Completed /viper/ptmp/arego/RC4K1_EN_100/13312.h5 in 100.43 seconds
2025-09-19 01:04:18,894 - INFO - Processing /viper/ptmp/arego/RC4K1/26395.h5
2025-09-19 01:04:19,330 - INFO - File 5537: Filtered 29784373 hits and 8 records
2025-09-19 01:04:21,108 - INFO - File 4227: Filtered 39172937 hits and 11 records
2025-09-19 01:04:21,124 - INFO - File 14571: Filtered 33353835 hits and 9 records
2025-09-19 01:04:21,409 - INFO - File 21014: Filtered 36309317 hits and 9 records
2025-09-19 01:04:22,156 - INFO - Completed /viper/ptmp/arego/RC4K1_EN_100/26101.h5 in 183.02 seconds
2025-09-19 01:04:22,395 - INFO - Processing /viper/ptmp/arego/RC4K1/8262.h5
2025-09-19 01:04:23,246 - INFO - Completed /viper/ptmp/arego/RC4K1_EN_100/9577.h5 in 89.64 seconds
2025-09-19 01:04:23,429 - INFO - Processing /viper/ptmp/arego/RC4K1/5152.h5
2025-09-19 01:04:23,688 - INFO - Completed /viper/ptmp/arego/RC4K1_EN_100/12552.h5 in 104.14 seconds
2025-09-19 01:04:23,849 - INFO - Processing /viper/ptmp/arego/RC4K1/2729.h5
2025-09-19 01:04:26,847 - INFO - Completed /viper/ptmp/arego/RC4K1_EN_100/18190.h5 in 164.85 seconds
2025-09-19 01:04:26,909 - INFO - File 15646: Filtered 35557481 hits and 9 records
2025-09-19 01:04:27,020 - INFO - Processing /viper/ptmp/arego/RC4K1/23483.h5
2025-09-19 01:04:31,697 - INFO - File 26395: Filtered 22057441 hits and 7 records
2025-09-19 01:04:32,952 - INFO - Completed /viper/ptmp/arego/RC4K1_EN_100/20730.h5 in 113.92 seconds
2025-09-19 01:04:33,200 - INFO - Processing /viper/ptmp/arego/RC4K1/16686.h5
2025-09-19 01:04:33,417 - INFO - File 8262: Filtered 18530999 hits and 6 records
2025-09-19 01:04:33,683 - INFO - Completed /viper/ptmp/arego/RC4K1_EN_100/2536.h5 in 105.83 seconds
2025-09-19 01:04:33,891 - INFO - Processing /viper/ptmp/arego/RC4K1/18454.h5
2025-09-19 01:04:34,550 - INFO - File 2729: Filtered 31393088 hits and 7 records
2025-09-19 01:04:34,647 - INFO - File 5152: Filtered 23686206 hits and 6 records
2025-09-19 01:04:39,389 - INFO - File 23483: Filtered 27016439 hits and 9 records
2025-09-19 01:04:42,175 - INFO - Completed /viper/ptmp/arego/RC4K1_EN_100/4593.h5 in 174.35 seconds
2025-09-19 01:04:42,418 - INFO - Processing /viper/ptmp/arego/RC4K1/21008.h5
2025-09-19 01:04:42,872 - INFO - Completed /viper/ptmp/arego/RC4K1_EN_100/27150.h5 in 114.47 seconds
2025-09-19 01:04:43,449 - INFO - Processing /viper/ptmp/arego/RC4K1/20418.h5
2025-09-19 01:04:45,371 - INFO - File 18454: Filtered 11078130 hits and 8 records
2025-09-19 01:04:45,510 - INFO - File 16686: Filtered 19848961 hits and 7 records
2025-09-19 01:04:55,783 - INFO - File 21008: Filtered 31376455 hits and 11 records
2025-09-19 01:04:56,582 - INFO - File 20418: Filtered 32900518 hits and 9 records
2025-09-19 01:04:59,727 - INFO - Completed /viper/ptmp/arego/RC4K1_EN_100/7092.h5 in 127.31 seconds
2025-09-19 01:04:59,940 - INFO - Processing /viper/ptmp/arego/RC4K1/20055.h5
2025-09-19 01:05:07,410 - INFO - Completed /viper/ptmp/arego/RC4K1_EN_100/14578.h5 in 169.13 seconds
2025-09-19 01:05:07,576 - INFO - Processing /viper/ptmp/arego/RC4K1/4909.h5
2025-09-19 01:05:10,528 - INFO - Completed /viper/ptmp/arego/RC4K1_EN_100/23355.h5 in 123.56 seconds
2025-09-19 01:05:10,756 - INFO - Processing /viper/ptmp/arego/RC4K1/20152.h5
2025-09-19 01:05:15,146 - INFO - File 20055: Filtered 39844591 hits and 11 records
2025-09-19 01:05:16,387 - INFO - Completed /viper/ptmp/arego/RC4K1_EN_100/22645.h5 in 88.46 seconds
2025-09-19 01:05:16,603 - INFO - Processing /viper/ptmp/arego/RC4K1/14088.h5
2025-09-19 01:05:19,333 - INFO - Completed /viper/ptmp/arego/RC4K1_EN_100/28555.h5 in 155.37 seconds
2025-09-19 01:05:19,497 - INFO - Processing /viper/ptmp/arego/RC4K1/28081.h5
2025-09-19 01:05:21,505 - INFO - Completed /viper/ptmp/arego/RC4K1_EN_100/9449.h5 in 157.15 seconds
2025-09-19 01:05:21,695 - INFO - Processing /viper/ptmp/arego/RC4K1/23770.h5
2025-09-19 01:05:22,789 - INFO - File 20152: Filtered 50568226 hits and 10 records
2025-09-19 01:05:23,297 - INFO - Completed /viper/ptmp/arego/RC4K1_EN_100/21014.h5 in 72.22 seconds
2025-09-19 01:05:23,671 - INFO - Processing /viper/ptmp/arego/RC4K1/24496.h5
2025-09-19 01:05:24,551 - INFO - Completed /viper/ptmp/arego/RC4K1_EN_100/24301.h5 in 135.09 seconds
2025-09-19 01:05:24,777 - INFO - Processing /viper/ptmp/arego/RC4K1/26693.h5
2025-09-19 01:05:28,637 - INFO - Completed /viper/ptmp/arego/RC4K1_EN_100/4227.h5 in 78.53 seconds
2025-09-19 01:05:28,799 - INFO - Processing /viper/ptmp/arego/RC4K1/26819.h5
2025-09-19 01:05:29,278 - INFO - File 4909: Filtered 2552679 hits and 9 records
2025-09-19 01:05:30,643 - INFO - File 14088: Filtered 37544358 hits and 11 records
2025-09-19 01:05:31,053 - INFO - File 28081: Filtered 22363659 hits and 5 records
2025-09-19 01:05:32,191 - INFO - Completed /viper/ptmp/arego/RC4K1_EN_100/5236.h5 in 125.55 seconds
2025-09-19 01:05:32,359 - INFO - Processing /viper/ptmp/arego/RC4K1/17207.h5
2025-09-19 01:05:33,741 - INFO - Completed /viper/ptmp/arego/RC4K1_EN_100/20152.h5 in 22.98 seconds
2025-09-19 01:05:33,930 - INFO - Processing /viper/ptmp/arego/RC4K1/16120.h5
2025-09-19 01:05:34,042 - INFO - File 23770: Filtered 25257426 hits and 5 records
2025-09-19 01:05:36,573 - INFO - Completed /viper/ptmp/arego/RC4K1_EN_100/4771.h5 in 114.61 seconds
2025-09-19 01:05:36,793 - INFO - Processing /viper/ptmp/arego/RC4K1/19074.h5
2025-09-19 01:05:37,012 - INFO - File 24496: Filtered 32369167 hits and 6 records
2025-09-19 01:05:37,182 - INFO - File 26693: Filtered 16910184 hits and 3 records
2025-09-19 01:05:39,151 - INFO - Completed /viper/ptmp/arego/RC4K1_EN_100/14571.h5 in 88.82 seconds
2025-09-19 01:05:39,440 - INFO - Processing /viper/ptmp/arego/RC4K1/18355.h5
2025-09-19 01:05:41,273 - INFO - Completed /viper/ptmp/arego/RC4K1_EN_100/5734.h5 in 99.43 seconds
2025-09-19 01:05:41,440 - INFO - Processing /viper/ptmp/arego/RC4K1/6197.h5
2025-09-19 01:05:44,092 - INFO - File 17207: Filtered 16000943 hits and 5 records
2025-09-19 01:05:46,696 - INFO - File 16120: Filtered 13776838 hits and 5 records
2025-09-19 01:05:49,532 - INFO - File 19074: Filtered 25346750 hits and 9 records
2025-09-19 01:05:52,165 - INFO - File 6197: Filtered 34771256 hits and 11 records
2025-09-19 01:05:53,089 - INFO - File 18355: Filtered 29076170 hits and 9 records
2025-09-19 01:05:56,042 - INFO - Completed /viper/ptmp/arego/RC4K1_EN_100/10108.h5 in 110.71 seconds
2025-09-19 01:05:56,251 - INFO - Processing /viper/ptmp/arego/RC4K1/24368.h5
2025-09-19 01:06:05,154 - INFO - Completed /viper/ptmp/arego/RC4K1_EN_100/21858.h5 in 206.92 seconds
2025-09-19 01:06:05,372 - INFO - Processing /viper/ptmp/arego/RC4K1/16197.h5
2025-09-19 01:06:07,404 - INFO - Completed /viper/ptmp/arego/RC4K1_EN_100/18933.h5 in 147.41 seconds
2025-09-19 01:06:07,646 - INFO - Processing /viper/ptmp/arego/RC4K1/967.h5
2025-09-19 01:06:09,085 - INFO - Completed /viper/ptmp/arego/RC4K1_EN_100/6054.h5 in 163.83 seconds
2025-09-19 01:06:09,312 - INFO - Processing /viper/ptmp/arego/RC4K1/1713.h5
2025-09-19 01:06:12,450 - INFO - File 24368: Filtered 23722156 hits and 8 records
2025-09-19 01:06:18,342 - INFO - Completed /viper/ptmp/arego/RC4K1_EN_100/15646.h5 in 123.28 seconds
2025-09-19 01:06:18,601 - INFO - Processing /viper/ptmp/arego/RC4K1/20392.h5
2025-09-19 01:06:18,927 - INFO - File 16197: Filtered 32728573 hits and 9 records
2025-09-19 01:06:25,665 - INFO - File 1713: Filtered 27047101 hits and 10 records
2025-09-19 01:06:25,682 - INFO - File 967: Filtered 21050049 hits and 7 records
2025-09-19 01:06:31,322 - INFO - File 20392: Filtered 20358510 hits and 8 records
2025-09-19 01:06:32,371 - INFO - Completed /viper/ptmp/arego/RC4K1_EN_100/2729.h5 in 128.52 seconds
2025-09-19 01:06:32,589 - INFO - Processing /viper/ptmp/arego/RC4K1/15171.h5
2025-09-19 01:06:33,778 - INFO - Completed /viper/ptmp/arego/RC4K1_EN_100/20055.h5 in 93.84 seconds
2025-09-19 01:06:33,987 - INFO - Processing /viper/ptmp/arego/RC4K1/3390.h5
2025-09-19 01:06:34,240 - INFO - Completed /viper/ptmp/arego/RC4K1_EN_100/20418.h5 in 110.79 seconds
2025-09-19 01:06:34,549 - INFO - Processing /viper/ptmp/arego/RC4K1/12543.h5
2025-09-19 01:06:36,946 - INFO - File 26819: Filtered 3852024 hits and 6 records
2025-09-19 01:06:37,974 - INFO - Completed /viper/ptmp/arego/RC4K1_EN_100/5537.h5 in 150.44 seconds
2025-09-19 01:06:38,132 - INFO - Processing /viper/ptmp/arego/RC4K1/6615.h5
2025-09-19 01:06:39,539 - INFO - Completed /viper/ptmp/arego/RC4K1_EN_100/25482.h5 in 161.21 seconds
2025-09-19 01:06:39,764 - INFO - Processing /viper/ptmp/arego/RC4K1/29468.h5
2025-09-19 01:06:40,540 - INFO - Completed /viper/ptmp/arego/RC4K1_EN_100/21008.h5 in 118.12 seconds
2025-09-19 01:06:40,767 - INFO - Processing /viper/ptmp/arego/RC4K1/12743.h5
2025-09-19 01:06:44,104 - INFO - Completed /viper/ptmp/arego/RC4K1_EN_100/23483.h5 in 137.08 seconds
2025-09-19 01:06:44,294 - INFO - Processing /viper/ptmp/arego/RC4K1/2614.h5
2025-09-19 01:06:45,614 - INFO - Completed /viper/ptmp/arego/RC4K1_EN_100/14088.h5 in 89.01 seconds
2025-09-19 01:06:45,668 - INFO - Completed /viper/ptmp/arego/RC4K1_EN_100/11935.h5 in 199.53 seconds
2025-09-19 01:06:45,831 - INFO - Processing /viper/ptmp/arego/RC4K1/2927.h5
2025-09-19 01:06:45,847 - INFO - Processing /viper/ptmp/arego/RC4K1/10929.h5
2025-09-19 01:06:47,850 - INFO - File 15171: Filtered 22194656 hits and 6 records
2025-09-19 01:06:49,974 - INFO - File 3390: Filtered 20533822 hits and 6 records
2025-09-19 01:06:51,376 - INFO - File 6615: Filtered 31221100 hits and 8 records
2025-09-19 01:06:56,572 - INFO - File 29468: Filtered 46945695 hits and 8 records
2025-09-19 01:06:57,762 - INFO - File 12743: Filtered 33978888 hits and 10 records
2025-09-19 01:06:59,702 - INFO - File 2927: Filtered 40750246 hits and 6 records
2025-09-19 01:07:00,597 - INFO - Completed /viper/ptmp/arego/RC4K1_EN_100/5152.h5 in 157.17 seconds
2025-09-19 01:07:00,647 - INFO - File 10929: Filtered 47276931 hits and 9 records
2025-09-19 01:07:00,857 - INFO - Processing /viper/ptmp/arego/RC4K1/8923.h5
2025-09-19 01:07:02,496 - INFO - File 2614: Filtered 31273715 hits and 9 records
2025-09-19 01:07:04,551 - INFO - Completed /viper/ptmp/arego/RC4K1_EN_100/16119.h5 in 184.05 seconds
2025-09-19 01:07:04,717 - INFO - Processing /viper/ptmp/arego/RC4K1/15013.h5
2025-09-19 01:07:07,731 - INFO - File 12543: Filtered 48670772 hits and 8 records
2025-09-19 01:07:16,417 - INFO - File 8923: Filtered 19006672 hits and 8 records
2025-09-19 01:07:16,675 - INFO - Completed /viper/ptmp/arego/RC4K1_EN_100/24496.h5 in 113.00 seconds
2025-09-19 01:07:16,880 - INFO - Processing /viper/ptmp/arego/RC4K1/10623.h5
2025-09-19 01:07:18,007 - INFO - Completed /viper/ptmp/arego/RC4K1_EN_100/5384.h5 in 202.63 seconds
2025-09-19 01:07:18,216 - INFO - Processing /viper/ptmp/arego/RC4K1/14353.h5
2025-09-19 01:07:18,821 - INFO - File 15013: Filtered 43027557 hits and 9 records
2025-09-19 01:07:23,911 - INFO - Completed /viper/ptmp/arego/RC4K1_EN_100/6197.h5 in 102.47 seconds
2025-09-19 01:07:24,065 - INFO - Processing /viper/ptmp/arego/RC4K1/9120.h5
2025-09-19 01:07:28,293 - INFO - File 10623: Filtered 39793706 hits and 12 records
2025-09-19 01:07:29,697 - INFO - Completed /viper/ptmp/arego/RC4K1_EN_100/26395.h5 in 190.80 seconds
2025-09-19 01:07:29,859 - INFO - Processing /viper/ptmp/arego/RC4K1/16980.h5
2025-09-19 01:07:32,588 - INFO - Completed /viper/ptmp/arego/RC4K1_EN_100/16686.h5 in 179.39 seconds
2025-09-19 01:07:32,755 - INFO - Processing /viper/ptmp/arego/RC4K1/5906.h5
2025-09-19 01:07:35,561 - INFO - File 14353: Filtered 15095267 hits and 7 records
2025-09-19 01:07:36,242 - INFO - File 9120: Filtered 35754711 hits and 8 records
2025-09-19 01:07:37,963 - INFO - Completed /viper/ptmp/arego/RC4K1_EN_100/8262.h5 in 195.57 seconds
2025-09-19 01:07:38,163 - INFO - Processing /viper/ptmp/arego/RC4K1/1970.h5
2025-09-19 01:07:43,289 - INFO - Completed /viper/ptmp/arego/RC4K1_EN_100/18454.h5 in 189.40 seconds
2025-09-19 01:07:43,453 - INFO - Processing /viper/ptmp/arego/RC4K1/19062.h5
2025-09-19 01:07:43,628 - INFO - File 16980: Filtered 42028039 hits and 6 records
2025-09-19 01:07:44,866 - INFO - File 5906: Filtered 34457116 hits and 8 records
2025-09-19 01:07:54,831 - INFO - File 1970: Filtered 21504028 hits and 8 records
2025-09-19 01:07:56,094 - INFO - Completed /viper/ptmp/arego/RC4K1_EN_100/29468.h5 in 76.33 seconds
2025-09-19 01:07:56,265 - INFO - Processing /viper/ptmp/arego/RC4K1/16253.h5
2025-09-19 01:07:57,093 - INFO - File 19062: Filtered 18913255 hits and 6 records
2025-09-19 01:07:58,861 - INFO - Completed /viper/ptmp/arego/RC4K1_EN_100/28081.h5 in 159.36 seconds
2025-09-19 01:07:59,026 - INFO - Processing /viper/ptmp/arego/RC4K1/20775.h5
2025-09-19 01:08:07,669 - INFO - Completed /viper/ptmp/arego/RC4K1_EN_100/10929.h5 in 81.82 seconds
2025-09-19 01:08:07,947 - INFO - Processing /viper/ptmp/arego/RC4K1/8906.h5
2025-09-19 01:08:10,163 - INFO - File 16253: Filtered 26787986 hits and 7 records
2025-09-19 01:08:12,098 - INFO - File 20775: Filtered 19162671 hits and 8 records
2025-09-19 01:08:20,181 - INFO - Completed /viper/ptmp/arego/RC4K1_EN_100/23770.h5 in 178.49 seconds
2025-09-19 01:08:20,347 - INFO - Processing /viper/ptmp/arego/RC4K1/14160.h5
2025-09-19 01:08:21,896 - INFO - Completed /viper/ptmp/arego/RC4K1_EN_100/16197.h5 in 136.52 seconds
2025-09-19 01:08:22,171 - INFO - Processing /viper/ptmp/arego/RC4K1/13835.h5
2025-09-19 01:08:23,168 - INFO - File 8906: Filtered 28327617 hits and 8 records
2025-09-19 01:08:24,174 - INFO - Completed /viper/ptmp/arego/RC4K1_EN_100/18355.h5 in 164.73 seconds
2025-09-19 01:08:24,396 - INFO - Processing /viper/ptmp/arego/RC4K1/5898.h5
2025-09-19 01:08:34,698 - INFO - File 14160: Filtered 30724005 hits and 6 records
2025-09-19 01:08:38,909 - INFO - Completed /viper/ptmp/arego/RC4K1_EN_100/19074.h5 in 182.12 seconds
2025-09-19 01:08:39,053 - INFO - Processing /viper/ptmp/arego/RC4K1/18599.h5
2025-09-19 01:08:40,747 - INFO - File 13835: Filtered 28257736 hits and 10 records
2025-09-19 01:08:41,709 - INFO - File 5898: Filtered 25065287 hits and 10 records
2025-09-19 01:08:46,046 - INFO - Completed /viper/ptmp/arego/RC4K1_EN_100/12743.h5 in 125.28 seconds
2025-09-19 01:08:46,258 - INFO - Processing /viper/ptmp/arego/RC4K1/8278.h5
2025-09-19 01:08:51,117 - INFO - Completed /viper/ptmp/arego/RC4K1_EN_100/26693.h5 in 206.34 seconds
2025-09-19 01:08:51,173 - INFO - Completed /viper/ptmp/arego/RC4K1_EN_100/10623.h5 in 94.29 seconds
2025-09-19 01:08:51,282 - INFO - Processing /viper/ptmp/arego/RC4K1/5314.h5
2025-09-19 01:08:51,331 - INFO - Processing /viper/ptmp/arego/RC4K1/3816.h5
2025-09-19 01:08:52,098 - INFO - Completed /viper/ptmp/arego/RC4K1_EN_100/16120.h5 in 198.17 seconds
2025-09-19 01:08:52,256 - INFO - Processing /viper/ptmp/arego/RC4K1/11466.h5
2025-09-19 01:08:53,060 - INFO - Completed /viper/ptmp/arego/RC4K1_EN_100/17207.h5 in 200.70 seconds
2025-09-19 01:08:53,235 - INFO - Processing /viper/ptmp/arego/RC4K1/10183.h5
2025-09-19 01:08:53,642 - INFO - File 18599: Filtered 33561468 hits and 9 records
2025-09-19 01:08:57,787 - INFO - Completed /viper/ptmp/arego/RC4K1_EN_100/24368.h5 in 181.54 seconds
2025-09-19 01:08:57,949 - INFO - Processing /viper/ptmp/arego/RC4K1/11400.h5
2025-09-19 01:08:59,101 - INFO - File 8278: Filtered 39141016 hits and 8 records
2025-09-19 01:09:05,357 - INFO - File 3816: Filtered 30689700 hits and 9 records
2025-09-19 01:09:06,512 - INFO - File 10183: Filtered 47092183 hits and 8 records
2025-09-19 01:09:06,935 - INFO - Completed /viper/ptmp/arego/RC4K1_EN_100/2927.h5 in 141.10 seconds
2025-09-19 01:09:07,098 - INFO - Processing /viper/ptmp/arego/RC4K1/29299.h5
2025-09-19 01:09:08,905 - INFO - File 11466: Filtered 39342756 hits and 9 records
2025-09-19 01:09:09,684 - INFO - File 5314: Filtered 33471847 hits and 6 records
2025-09-19 01:09:13,402 - INFO - Completed /viper/ptmp/arego/RC4K1_EN_100/2614.h5 in 149.11 seconds
2025-09-19 01:09:13,572 - INFO - Processing /viper/ptmp/arego/RC4K1/8567.h5
2025-09-19 01:09:14,296 - INFO - File 11400: Filtered 47559222 hits and 9 records
2025-09-19 01:09:15,209 - INFO - Completed /viper/ptmp/arego/RC4K1_EN_100/1713.h5 in 185.90 seconds
2025-09-19 01:09:15,455 - INFO - Processing /viper/ptmp/arego/RC4K1/6300.h5
2025-09-19 01:09:21,285 - INFO - File 29299: Filtered 45337771 hits and 9 records
2025-09-19 01:09:22,564 - INFO - Completed /viper/ptmp/arego/RC4K1_EN_100/9120.h5 in 118.50 seconds
2025-09-19 01:09:22,753 - INFO - Processing /viper/ptmp/arego/RC4K1/1435.h5
2025-09-19 01:09:23,448 - INFO - Completed /viper/ptmp/arego/RC4K1_EN_100/967.h5 in 195.80 seconds
2025-09-19 01:09:23,703 - INFO - Processing /viper/ptmp/arego/RC4K1/114.h5
2025-09-19 01:09:26,885 - INFO - File 8567: Filtered 25856268 hits and 9 records
2025-09-19 01:09:32,189 - INFO - File 6300: Filtered 38510722 hits and 10 records
2025-09-19 01:09:33,596 - INFO - Completed /viper/ptmp/arego/RC4K1_EN_100/15013.h5 in 148.88 seconds
2025-09-19 01:09:33,758 - INFO - Processing /viper/ptmp/arego/RC4K1/15970.h5
2025-09-19 01:09:36,480 - INFO - Completed /viper/ptmp/arego/RC4K1_EN_100/6615.h5 in 178.35 seconds
2025-09-19 01:09:36,663 - INFO - Processing /viper/ptmp/arego/RC4K1/28330.h5
2025-09-19 01:09:36,992 - INFO - File 114: Filtered 39487498 hits and 6 records
2025-09-19 01:09:39,130 - INFO - Completed /viper/ptmp/arego/RC4K1_EN_100/5906.h5 in 126.37 seconds
2025-09-19 01:09:39,309 - INFO - Processing /viper/ptmp/arego/RC4K1/16788.h5
2025-09-19 01:09:40,017 - INFO - File 1435: Filtered 34849744 hits and 9 records
2025-09-19 01:09:45,565 - INFO - Completed /viper/ptmp/arego/RC4K1_EN_100/20392.h5 in 206.96 seconds
2025-09-19 01:09:45,770 - INFO - Processing /viper/ptmp/arego/RC4K1/6129.h5
2025-09-19 01:09:48,303 - INFO - File 15970: Filtered 52138390 hits and 11 records
2025-09-19 01:09:51,443 - INFO - File 28330: Filtered 47350146 hits and 9 records
2025-09-19 01:09:52,995 - INFO - File 16788: Filtered 42049522 hits and 11 records
2025-09-19 01:09:53,548 - INFO - Completed /viper/ptmp/arego/RC4K1_EN_100/15171.h5 in 200.96 seconds
2025-09-19 01:09:53,745 - INFO - Processing /viper/ptmp/arego/RC4K1/5793.h5
2025-09-19 01:09:57,919 - INFO - Completed /viper/ptmp/arego/RC4K1_EN_100/16980.h5 in 148.06 seconds
2025-09-19 01:09:58,098 - INFO - Processing /viper/ptmp/arego/RC4K1/522.h5
2025-09-19 01:10:00,465 - INFO - File 6129: Filtered 30232003 hits and 7 records
2025-09-19 01:10:08,046 - INFO - Completed /viper/ptmp/arego/RC4K1_EN_100/3390.h5 in 214.06 seconds
2025-09-19 01:10:08,302 - INFO - Processing /viper/ptmp/arego/RC4K1/12038.h5
2025-09-19 01:10:09,379 - INFO - Completed /viper/ptmp/arego/RC4K1_EN_100/10183.h5 in 76.14 seconds
2025-09-19 01:10:09,548 - INFO - Processing /viper/ptmp/arego/RC4K1/12537.h5
2025-09-19 01:10:09,718 - INFO - File 5793: Filtered 29088460 hits and 7 records
2025-09-19 01:10:12,973 - INFO - File 522: Filtered 56679402 hits and 9 records
2025-09-19 01:10:22,762 - INFO - File 12537: Filtered 40646577 hits and 6 records
2025-09-19 01:10:25,810 - INFO - Completed /viper/ptmp/arego/RC4K1_EN_100/8923.h5 in 204.95 seconds
2025-09-19 01:10:25,993 - INFO - Processing /viper/ptmp/arego/RC4K1/11244.h5
2025-09-19 01:10:27,527 - INFO - File 12038: Filtered 15579952 hits and 9 records
2025-09-19 01:10:37,758 - INFO - Completed /viper/ptmp/arego/RC4K1_EN_100/8278.h5 in 111.50 seconds
2025-09-19 01:10:37,948 - INFO - Processing /viper/ptmp/arego/RC4K1/9699.h5
2025-09-19 01:10:40,089 - INFO - File 11244: Filtered 30782270 hits and 5 records
2025-09-19 01:10:47,447 - INFO - Completed /viper/ptmp/arego/RC4K1_EN_100/11400.h5 in 109.50 seconds
2025-09-19 01:10:47,610 - INFO - Processing /viper/ptmp/arego/RC4K1/2135.h5
2025-09-19 01:10:52,806 - INFO - File 9699: Filtered 26513820 hits and 9 records
2025-09-19 01:11:04,811 - INFO - File 2135: Filtered 35101717 hits and 11 records
2025-09-19 01:11:05,760 - INFO - Completed /viper/ptmp/arego/RC4K1_EN_100/19062.h5 in 202.31 seconds
2025-09-19 01:11:06,018 - INFO - Processing /viper/ptmp/arego/RC4K1/16170.h5
2025-09-19 01:11:10,893 - INFO - Completed /viper/ptmp/arego/RC4K1_EN_100/11466.h5 in 138.64 seconds
2025-09-19 01:11:11,089 - INFO - Processing /viper/ptmp/arego/RC4K1/5449.h5
2025-09-19 01:11:14,612 - INFO - Completed /viper/ptmp/arego/RC4K1_EN_100/16253.h5 in 198.35 seconds
2025-09-19 01:11:14,838 - INFO - Processing /viper/ptmp/arego/RC4K1/5874.h5
2025-09-19 01:11:14,911 - INFO - Completed /viper/ptmp/arego/RC4K1_EN_100/1970.h5 in 216.75 seconds
2025-09-19 01:11:15,079 - INFO - Processing /viper/ptmp/arego/RC4K1/678.h5
2025-09-19 01:11:17,366 - INFO - Completed /viper/ptmp/arego/RC4K1_EN_100/20775.h5 in 198.34 seconds
2025-09-19 01:11:17,530 - INFO - Processing /viper/ptmp/arego/RC4K1/19535.h5
2025-09-19 01:11:23,802 - INFO - File 16170: Filtered 43231258 hits and 10 records
2025-09-19 01:11:24,911 - INFO - Completed /viper/ptmp/arego/RC4K1_EN_100/114.h5 in 121.21 seconds
2025-09-19 01:11:25,081 - INFO - Processing /viper/ptmp/arego/RC4K1/13196.h5
2025-09-19 01:11:27,723 - INFO - File 5449: Filtered 32220196 hits and 8 records
2025-09-19 01:11:28,678 - INFO - Completed /viper/ptmp/arego/RC4K1_EN_100/3816.h5 in 157.35 seconds
2025-09-19 01:11:28,909 - INFO - Processing /viper/ptmp/arego/RC4K1/3159.h5
2025-09-19 01:11:30,353 - INFO - Completed /viper/ptmp/arego/RC4K1_EN_100/8906.h5 in 202.41 seconds
2025-09-19 01:11:30,605 - INFO - Processing /viper/ptmp/arego/RC4K1/13700.h5
2025-09-19 01:11:30,774 - INFO - Completed /viper/ptmp/arego/RC4K1_EN_100/5314.h5 in 159.49 seconds
2025-09-19 01:11:30,978 - INFO - Processing /viper/ptmp/arego/RC4K1/13283.h5
2025-09-19 01:11:33,675 - INFO - File 678: Filtered 26766703 hits and 6 records
2025-09-19 01:11:34,821 - INFO - File 5874: Filtered 59909176 hits and 11 records
2025-09-19 01:11:35,907 - INFO - Completed /viper/ptmp/arego/RC4K1_EN_100/16788.h5 in 116.60 seconds
2025-09-19 01:11:36,126 - INFO - Processing /viper/ptmp/arego/RC4K1/17198.h5
2025-09-19 01:11:36,135 - INFO - File 19535: Filtered 28418072 hits and 8 records
2025-09-19 01:11:36,936 - INFO - Completed /viper/ptmp/arego/RC4K1_EN_100/15970.h5 in 123.18 seconds
2025-09-19 01:11:37,099 - INFO - Processing /viper/ptmp/arego/RC4K1/12652.h5
2025-09-19 01:11:38,082 - INFO - Completed /viper/ptmp/arego/RC4K1_EN_100/13835.h5 in 195.91 seconds
2025-09-19 01:11:38,321 - INFO - Processing /viper/ptmp/arego/RC4K1/5394.h5
2025-09-19 01:11:38,550 - INFO - Completed /viper/ptmp/arego/RC4K1_EN_100/29299.h5 in 151.45 seconds
2025-09-19 01:11:38,709 - INFO - Processing /viper/ptmp/arego/RC4K1/19864.h5
2025-09-19 01:11:39,646 - INFO - File 13196: Filtered 34056642 hits and 6 records
2025-09-19 01:11:44,649 - INFO - Completed /viper/ptmp/arego/RC4K1_EN_100/14353.h5 in 266.43 seconds
2025-09-19 01:11:44,934 - INFO - Processing /viper/ptmp/arego/RC4K1/24665.h5
2025-09-19 01:11:46,456 - INFO - Completed /viper/ptmp/arego/RC4K1_EN_100/5898.h5 in 202.06 seconds
2025-09-19 01:11:46,624 - INFO - Processing /viper/ptmp/arego/RC4K1/3316.h5
2025-09-19 01:11:50,106 - INFO - File 3159: Filtered 57618846 hits and 8 records
2025-09-19 01:11:50,322 - INFO - File 13283: Filtered 34868867 hits and 10 records
2025-09-19 01:11:51,064 - INFO - Completed /viper/ptmp/arego/RC4K1_EN_100/14160.h5 in 210.72 seconds
2025-09-19 01:11:51,156 - INFO - File 17198: Filtered 35283733 hits and 10 records
2025-09-19 01:11:51,312 - INFO - Processing /viper/ptmp/arego/RC4K1/23908.h5
2025-09-19 01:11:52,408 - INFO - File 12652: Filtered 46981150 hits and 10 records
2025-09-19 01:11:53,770 - INFO - Completed /viper/ptmp/arego/RC4K1_EN_100/522.h5 in 115.67 seconds
2025-09-19 01:11:53,942 - INFO - Processing /viper/ptmp/arego/RC4K1/12015.h5
2025-09-19 01:11:54,003 - INFO - File 13700: Filtered 55775610 hits and 9 records
2025-09-19 01:11:54,217 - INFO - File 19864: Filtered 31013228 hits and 4 records
2025-09-19 01:11:57,345 - INFO - Completed /viper/ptmp/arego/RC4K1_EN_100/18599.h5 in 198.29 seconds
2025-09-19 01:11:57,491 - INFO - Processing /viper/ptmp/arego/RC4K1/7703.h5
2025-09-19 01:11:57,566 - INFO - File 5394: Filtered 34915406 hits and 9 records
2025-09-19 01:12:06,004 - INFO - Completed /viper/ptmp/arego/RC4K1_EN_100/28330.h5 in 149.34 seconds
2025-09-19 01:12:06,180 - INFO - Processing /viper/ptmp/arego/RC4K1/182.h5
2025-09-19 01:12:07,389 - INFO - File 23908: Filtered 53787055 hits and 6 records
2025-09-19 01:12:07,673 - INFO - File 3316: Filtered 49565058 hits and 12 records
2025-09-19 01:12:11,009 - INFO - File 12015: Filtered 39431458 hits and 7 records
2025-09-19 01:12:14,659 - INFO - File 7703: Filtered 38177261 hits and 11 records
2025-09-19 01:12:16,098 - INFO - File 24665: Filtered 49216332 hits and 7 records
2025-09-19 01:12:16,392 - INFO - Completed /viper/ptmp/arego/RC4K1_EN_100/8567.h5 in 182.82 seconds
2025-09-19 01:12:16,566 - INFO - Processing /viper/ptmp/arego/RC4K1/18677.h5
2025-09-19 01:12:18,331 - INFO - Completed /viper/ptmp/arego/RC4K1_EN_100/12543.h5 in 343.78 seconds
2025-09-19 01:12:18,524 - INFO - Processing /viper/ptmp/arego/RC4K1/26848.h5
2025-09-19 01:12:21,327 - INFO - Completed /viper/ptmp/arego/RC4K1_EN_100/12537.h5 in 131.78 seconds
2025-09-19 01:12:21,499 - INFO - Processing /viper/ptmp/arego/RC4K1/51.h5
2025-09-19 01:12:22,105 - INFO - File 182: Filtered 45952408 hits and 6 records
2025-09-19 01:12:29,749 - INFO - Completed /viper/ptmp/arego/RC4K1_EN_100/1435.h5 in 187.00 seconds
2025-09-19 01:12:29,981 - INFO - Processing /viper/ptmp/arego/RC4K1/29163.h5
2025-09-19 01:12:33,534 - INFO - File 18677: Filtered 48533919 hits and 10 records
2025-09-19 01:12:35,563 - INFO - Completed /viper/ptmp/arego/RC4K1_EN_100/4909.h5 in 447.99 seconds
2025-09-19 01:12:35,727 - INFO - Processing /viper/ptmp/arego/RC4K1/19684.h5
2025-09-19 01:12:38,241 - INFO - File 26848: Filtered 28367274 hits and 6 records
2025-09-19 01:12:40,677 - INFO - File 51: Filtered 31268462 hits and 6 records
2025-09-19 01:12:41,816 - INFO - Completed /viper/ptmp/arego/RC4K1_EN_100/6300.h5 in 206.36 seconds
2025-09-19 01:12:52,127 - INFO - File 19684: Filtered 40703025 hits and 10 records
2025-09-19 01:13:01,751 - INFO - File 29163: Filtered 45426256 hits and 6 records
2025-09-19 01:13:06,690 - INFO - Completed /viper/ptmp/arego/RC4K1_EN_100/5793.h5 in 192.94 seconds
2025-09-19 01:13:06,858 - INFO - Processing /viper/ptmp/arego/RC4K1/12570.h5
2025-09-19 01:13:16,346 - INFO - Completed /viper/ptmp/arego/RC4K1_EN_100/5874.h5 in 121.51 seconds
2025-09-19 01:13:25,835 - INFO - Completed /viper/ptmp/arego/RC4K1_EN_100/6129.h5 in 220.07 seconds
2025-09-19 01:13:26,093 - INFO - Processing /viper/ptmp/arego/RC4K1/28089.h5
2025-09-19 01:13:26,143 - INFO - File 12570: Filtered 32663004 hits and 9 records
2025-09-19 01:13:27,412 - INFO - Completed /viper/ptmp/arego/RC4K1_EN_100/16170.h5 in 141.39 seconds
2025-09-19 01:13:27,613 - INFO - Processing /viper/ptmp/arego/RC4K1/28783.h5
2025-09-19 01:13:32,090 - INFO - Completed /viper/ptmp/arego/RC4K1_EN_100/2135.h5 in 164.48 seconds
2025-09-19 01:13:32,250 - INFO - Processing /viper/ptmp/arego/RC4K1/18339.h5
2025-09-19 01:13:42,238 - INFO - Completed /viper/ptmp/arego/RC4K1_EN_100/11244.h5 in 196.25 seconds
2025-09-19 01:13:42,414 - INFO - Processing /viper/ptmp/arego/RC4K1/29406.h5
2025-09-19 01:13:44,168 - INFO - File 28089: Filtered 103084366 hits and 7 records
2025-09-19 01:13:46,013 - INFO - Completed /viper/ptmp/arego/RC4K1_EN_100/3159.h5 in 137.10 seconds
2025-09-19 01:13:47,788 - INFO - Completed /viper/ptmp/arego/RC4K1_EN_100/28089.h5 in 21.69 seconds
2025-09-19 01:13:48,002 - INFO - Processing /viper/ptmp/arego/RC4K1/11655.h5
2025-09-19 01:13:49,959 - INFO - File 28783: Filtered 26622442 hits and 10 records
2025-09-19 01:13:53,575 - INFO - File 18339: Filtered 35300028 hits and 7 records
2025-09-19 01:13:58,851 - INFO - File 29406: Filtered 41251448 hits and 9 records
2025-09-19 01:14:03,098 - INFO - Completed /viper/ptmp/arego/RC4K1_EN_100/9699.h5 in 205.15 seconds
2025-09-19 01:14:03,269 - INFO - Processing /viper/ptmp/arego/RC4K1/13922.h5
2025-09-19 01:14:05,567 - INFO - File 11655: Filtered 38694951 hits and 11 records
2025-09-19 01:14:14,230 - INFO - Completed /viper/ptmp/arego/RC4K1_EN_100/5449.h5 in 183.14 seconds
2025-09-19 01:14:14,396 - INFO - Processing /viper/ptmp/arego/RC4K1/19933.h5
2025-09-19 01:14:16,369 - INFO - Completed /viper/ptmp/arego/RC4K1_EN_100/3316.h5 in 149.74 seconds
2025-09-19 01:14:16,529 - INFO - Processing /viper/ptmp/arego/RC4K1/6095.h5
2025-09-19 01:14:17,111 - INFO - Completed /viper/ptmp/arego/RC4K1_EN_100/12652.h5 in 160.01 seconds
2025-09-19 01:14:17,303 - INFO - Processing /viper/ptmp/arego/RC4K1/8948.h5
2025-09-19 01:14:20,003 - INFO - File 13922: Filtered 54214658 hits and 9 records
2025-09-19 01:14:25,864 - INFO - Completed /viper/ptmp/arego/RC4K1_EN_100/18677.h5 in 129.30 seconds
2025-09-19 01:14:26,042 - INFO - Processing /viper/ptmp/arego/RC4K1/6980.h5
2025-09-19 01:14:28,333 - INFO - Completed /viper/ptmp/arego/RC4K1_EN_100/23908.h5 in 157.02 seconds
2025-09-19 01:14:28,549 - INFO - Processing /viper/ptmp/arego/RC4K1/21066.h5
2025-09-19 01:14:33,651 - INFO - Completed /viper/ptmp/arego/RC4K1_EN_100/17198.h5 in 177.52 seconds
2025-09-19 01:14:33,820 - INFO - Processing /viper/ptmp/arego/RC4K1/22519.h5
2025-09-19 01:14:35,614 - INFO - Completed /viper/ptmp/arego/RC4K1_EN_100/13196.h5 in 190.53 seconds
2025-09-19 01:14:35,652 - INFO - File 8948: Filtered 37841803 hits and 6 records
2025-09-19 01:14:35,824 - INFO - Processing /viper/ptmp/arego/RC4K1/7750.h5
2025-09-19 01:14:36,462 - INFO - Completed /viper/ptmp/arego/RC4K1_EN_100/13283.h5 in 185.48 seconds
2025-09-19 01:14:36,633 - INFO - File 19933: Filtered 35367851 hits and 8 records
2025-09-19 01:14:36,654 - INFO - Processing /viper/ptmp/arego/RC4K1/9047.h5
2025-09-19 01:14:37,966 - INFO - File 6095: Filtered 41439897 hits and 9 records
2025-09-19 01:14:43,880 - INFO - File 6980: Filtered 43153908 hits and 9 records
2025-09-19 01:14:46,325 - INFO - File 21066: Filtered 34809118 hits and 6 records
2025-09-19 01:14:56,543 - INFO - Completed /viper/ptmp/arego/RC4K1_EN_100/678.h5 in 221.46 seconds
2025-09-19 01:14:56,722 - INFO - Processing /viper/ptmp/arego/RC4K1/29660.h5
2025-09-19 01:14:56,867 - INFO - File 22519: Filtered 37260254 hits and 9 records
2025-09-19 01:14:57,548 - INFO - File 7750: Filtered 46895220 hits and 9 records
2025-09-19 01:15:00,721 - INFO - File 9047: Filtered 27838238 hits and 5 records
2025-09-19 01:15:01,460 - INFO - Completed /viper/ptmp/arego/RC4K1_EN_100/5394.h5 in 203.14 seconds
2025-09-19 01:15:01,624 - INFO - Processing /viper/ptmp/arego/RC4K1/7950.h5
2025-09-19 01:15:13,573 - INFO - Completed /viper/ptmp/arego/RC4K1_EN_100/12038.h5 in 305.27 seconds
2025-09-19 01:15:18,380 - INFO - Completed /viper/ptmp/arego/RC4K1_EN_100/13700.h5 in 227.78 seconds
2025-09-19 01:15:18,860 - INFO - File 29660: Filtered 49420866 hits and 6 records
2025-09-19 01:15:20,363 - INFO - Completed /viper/ptmp/arego/RC4K1_EN_100/182.h5 in 194.18 seconds
2025-09-19 01:15:20,524 - INFO - Processing /viper/ptmp/arego/RC4K1/26471.h5
2025-09-19 01:15:23,424 - INFO - Completed /viper/ptmp/arego/RC4K1_EN_100/12015.h5 in 209.48 seconds
2025-09-19 01:15:23,586 - INFO - Processing /viper/ptmp/arego/RC4K1/19514.h5
2025-09-19 01:15:24,211 - INFO - File 7950: Filtered 35034807 hits and 7 records
2025-09-19 01:15:28,673 - INFO - Completed /viper/ptmp/arego/RC4K1_EN_100/19535.h5 in 251.14 seconds
2025-09-19 01:15:31,617 - INFO - Completed /viper/ptmp/arego/RC4K1_EN_100/7703.h5 in 214.13 seconds
2025-09-19 01:15:31,762 - INFO - Processing /viper/ptmp/arego/RC4K1/3660.h5
2025-09-19 01:15:38,256 - INFO - File 26471: Filtered 37602872 hits and 7 records
2025-09-19 01:15:42,853 - INFO - File 19514: Filtered 16119178 hits and 4 records
2025-09-19 01:15:47,691 - INFO - Completed /viper/ptmp/arego/RC4K1_EN_100/19864.h5 in 248.98 seconds
2025-09-19 01:15:47,851 - INFO - Processing /viper/ptmp/arego/RC4K1/16789.h5
2025-09-19 01:15:53,019 - INFO - File 3660: Filtered 24113921 hits and 7 records
2025-09-19 01:16:11,117 - INFO - File 16789: Filtered 70079972 hits and 9 records
2025-09-19 01:16:12,264 - INFO - Completed /viper/ptmp/arego/RC4K1_EN_100/51.h5 in 230.76 seconds
2025-09-19 01:16:12,484 - INFO - Processing /viper/ptmp/arego/RC4K1/28531.h5
2025-09-19 01:16:20,679 - INFO - Completed /viper/ptmp/arego/RC4K1_EN_100/19684.h5 in 224.95 seconds
2025-09-19 01:16:20,837 - INFO - Processing /viper/ptmp/arego/RC4K1/1760.h5
2025-09-19 01:16:26,979 - INFO - Completed /viper/ptmp/arego/RC4K1_EN_100/13922.h5 in 143.71 seconds
2025-09-19 01:16:27,257 - INFO - Processing /viper/ptmp/arego/RC4K1/3393.h5
2025-09-19 01:16:30,623 - INFO - File 28531: Filtered 38499981 hits and 9 records
2025-09-19 01:16:32,619 - INFO - Completed /viper/ptmp/arego/RC4K1_EN_100/26848.h5 in 254.09 seconds
2025-09-19 01:16:32,818 - INFO - Processing /viper/ptmp/arego/RC4K1/20221.h5
2025-09-19 01:16:48,579 - INFO - File 3393: Filtered 47941666 hits and 10 records
2025-09-19 01:16:53,033 - INFO - File 20221: Filtered 53795153 hits and 11 records
2025-09-19 01:16:58,934 - INFO - Completed /viper/ptmp/arego/RC4K1_EN_100/29406.h5 in 196.52 seconds
2025-09-19 01:16:58,959 - INFO - File 1760: Filtered 39150368 hits and 6 records
2025-09-19 01:16:59,104 - INFO - Processing /viper/ptmp/arego/RC4K1/1738.h5
2025-09-19 01:17:04,418 - INFO - Completed /viper/ptmp/arego/RC4K1_EN_100/24665.h5 in 319.48 seconds
2025-09-19 01:17:04,791 - INFO - Completed /viper/ptmp/arego/RC4K1_EN_100/12570.h5 in 237.93 seconds
2025-09-19 01:17:04,958 - INFO - Processing /viper/ptmp/arego/RC4K1/22608.h5
2025-09-19 01:17:21,085 - INFO - File 1738: Filtered 26330868 hits and 5 records
2025-09-19 01:17:29,532 - INFO - File 22608: Filtered 60573858 hits and 11 records
2025-09-19 01:17:33,862 - INFO - Completed /viper/ptmp/arego/RC4K1_EN_100/18339.h5 in 241.61 seconds
2025-09-19 01:17:34,071 - INFO - Processing /viper/ptmp/arego/RC4K1/20143.h5
2025-09-19 01:17:59,569 - INFO - File 20143: Filtered 36286700 hits and 8 records
2025-09-19 01:18:00,511 - INFO - Completed /viper/ptmp/arego/RC4K1_EN_100/7750.h5 in 204.69 seconds
2025-09-19 01:18:00,851 - INFO - Completed /viper/ptmp/arego/RC4K1_EN_100/6980.h5 in 214.81 seconds
2025-09-19 01:18:03,841 - INFO - Completed /viper/ptmp/arego/RC4K1_EN_100/11655.h5 in 255.84 seconds
2025-09-19 01:18:04,056 - INFO - Processing /viper/ptmp/arego/RC4K1/28377.h5
2025-09-19 01:18:11,447 - INFO - Completed /viper/ptmp/arego/RC4K1_EN_100/6095.h5 in 234.92 seconds
2025-09-19 01:18:11,675 - INFO - Processing /viper/ptmp/arego/RC4K1/4398.h5
2025-09-19 01:18:12,064 - INFO - Completed /viper/ptmp/arego/RC4K1_EN_100/16789.h5 in 144.21 seconds
2025-09-19 01:18:12,221 - INFO - Processing /viper/ptmp/arego/RC4K1/21943.h5
2025-09-19 01:18:15,814 - INFO - Completed /viper/ptmp/arego/RC4K1_EN_100/29660.h5 in 199.09 seconds
2025-09-19 01:18:15,980 - INFO - Processing /viper/ptmp/arego/RC4K1/24827.h5
2025-09-19 01:18:16,093 - INFO - Completed /viper/ptmp/arego/RC4K1_EN_100/28783.h5 in 288.48 seconds
2025-09-19 01:18:16,625 - INFO - Processing /viper/ptmp/arego/RC4K1/13546.h5
2025-09-19 01:18:27,796 - INFO - Completed /viper/ptmp/arego/RC4K1_EN_100/8948.h5 in 250.49 seconds
2025-09-19 01:18:29,393 - INFO - File 28377: Filtered 51258838 hits and 9 records
2025-09-19 01:18:35,400 - INFO - Completed /viper/ptmp/arego/RC4K1_EN_100/22519.h5 in 241.58 seconds
2025-09-19 01:18:35,564 - INFO - File 21943: Filtered 50713019 hits and 8 records
2025-09-19 01:18:38,445 - INFO - File 4398: Filtered 22046736 hits and 4 records
2025-09-19 01:18:38,988 - INFO - Completed /viper/ptmp/arego/RC4K1_EN_100/29163.h5 in 369.01 seconds
2025-09-19 01:18:45,029 - INFO - File 24827: Filtered 48670768 hits and 8 records
2025-09-19 01:18:46,200 - INFO - File 13546: Filtered 41897176 hits and 9 records
2025-09-19 01:19:00,976 - INFO - Completed /viper/ptmp/arego/RC4K1_EN_100/19933.h5 in 286.58 seconds
2025-09-19 01:19:01,138 - INFO - Processing /viper/ptmp/arego/RC4K1/19903.h5
2025-09-19 01:19:14,467 - INFO - Completed /viper/ptmp/arego/RC4K1_EN_100/21066.h5 in 285.92 seconds
2025-09-19 01:19:23,977 - INFO - Completed /viper/ptmp/arego/RC4K1_EN_100/20221.h5 in 171.16 seconds
2025-09-19 01:19:25,416 - INFO - Completed /viper/ptmp/arego/RC4K1_EN_100/7950.h5 in 263.79 seconds
2025-09-19 01:19:25,587 - INFO - Processing /viper/ptmp/arego/RC4K1/12689.h5
2025-09-19 01:19:39,074 - INFO - File 19903: Filtered 43112242 hits and 7 records
2025-09-19 01:19:42,774 - INFO - Completed /viper/ptmp/arego/RC4K1_EN_100/3393.h5 in 195.52 seconds
2025-09-19 01:19:43,001 - INFO - Completed /viper/ptmp/arego/RC4K1_EN_100/26471.h5 in 262.48 seconds
2025-09-19 01:19:52,436 - INFO - Completed /viper/ptmp/arego/RC4K1_EN_100/22608.h5 in 167.48 seconds
2025-09-19 01:19:55,774 - INFO - Completed /viper/ptmp/arego/RC4K1_EN_100/9047.h5 in 319.12 seconds
2025-09-19 01:20:06,046 - INFO - Completed /viper/ptmp/arego/RC4K1_EN_100/28531.h5 in 233.56 seconds
2025-09-19 01:20:55,287 - INFO - File 12689: Filtered 96729879 hits and 8 records
2025-09-19 01:21:11,460 - INFO - Completed /viper/ptmp/arego/RC4K1_EN_100/3660.h5 in 339.70 seconds
2025-09-19 01:21:40,732 - INFO - Completed /viper/ptmp/arego/RC4K1_EN_100/19514.h5 in 377.15 seconds
2025-09-19 01:22:15,242 - INFO - Completed /viper/ptmp/arego/RC4K1_EN_100/1760.h5 in 354.40 seconds
2025-09-19 01:22:27,189 - INFO - Completed /viper/ptmp/arego/RC4K1_EN_100/1738.h5 in 328.09 seconds
2025-09-19 01:22:29,916 - INFO - Completed /viper/ptmp/arego/RC4K1_EN_100/20143.h5 in 295.85 seconds
2025-09-19 01:23:05,020 - INFO - Completed /viper/ptmp/arego/RC4K1_EN_100/24827.h5 in 289.04 seconds
2025-09-19 01:23:15,182 - INFO - Completed /viper/ptmp/arego/RC4K1_EN_100/28377.h5 in 311.13 seconds
2025-09-19 01:23:28,565 - INFO - Completed /viper/ptmp/arego/RC4K1_EN_100/26819.h5 in 1079.77 seconds
2025-09-19 01:23:40,142 - INFO - Completed /viper/ptmp/arego/RC4K1_EN_100/13546.h5 in 323.52 seconds
2025-09-19 01:23:45,310 - INFO - Completed /viper/ptmp/arego/RC4K1_EN_100/21943.h5 in 333.09 seconds
2025-09-19 01:24:26,197 - INFO - Completed /viper/ptmp/arego/RC4K1_EN_100/4398.h5 in 374.52 seconds
2025-09-19 01:27:05,444 - INFO - Completed /viper/ptmp/arego/RC4K1_EN_100/19903.h5 in 484.31 seconds
2025-09-19 01:37:34,751 - INFO - Completed /viper/ptmp/arego/RC4K1_EN_100/12689.h5 in 1089.16 seconds
