2025-09-19 04:41:39,034 - INFO - Loaded skip configuration: 0 files to skip entirely, 35364 files with partial record skips
2025-09-19 04:41:39,047 - INFO - Loaded skip configuration: 0 files to skip entirely, 35364 files with partial record skips
2025-09-19 04:41:39,053 - INFO - Loaded skip configuration: 0 files to skip entirely, 35364 files with partial record skips
2025-09-19 04:41:39,061 - INFO - Loaded skip configuration: 0 files to skip entirely, 35364 files with partial record skips
2025-09-19 04:41:39,807 - INFO - Processing /viper/ptmp/arego/RC4K1/19991.h5
2025-09-19 04:41:39,851 - INFO - Processing /viper/ptmp/arego/RC4K1/6518.h5
2025-09-19 04:41:39,874 - INFO - Processing /viper/ptmp/arego/RC4K1/4105.h5
2025-09-19 04:41:39,928 - INFO - Processing /viper/ptmp/arego/RC4K1/4034.h5
2025-09-19 04:41:40,277 - INFO - Processing /viper/ptmp/arego/RC4K1/19583.h5
2025-09-19 04:41:40,344 - INFO - Processing /viper/ptmp/arego/RC4K1/25023.h5
2025-09-19 04:41:40,373 - INFO - Processing /viper/ptmp/arego/RC4K1/10195.h5
2025-09-19 04:41:40,441 - INFO - Processing /viper/ptmp/arego/RC4K1/23268.h5
2025-09-19 04:41:40,542 - INFO - File 4105: Filtered 708481 hits and 7 records
2025-09-19 04:41:40,576 - INFO - File 4034: Filtered 1815271 hits and 6 records
2025-09-19 04:41:40,597 - INFO - File 6518: Filtered 393443 hits and 3 records
2025-09-19 04:41:40,638 - INFO - File 19991: Filtered 1300387 hits and 4 records
2025-09-19 04:41:40,850 - INFO - Processing /viper/ptmp/arego/RC4K1/6749.h5
2025-09-19 04:41:40,890 - INFO - File 10195: Filtered 1537790 hits and 5 records
2025-09-19 04:41:40,906 - INFO - File 19583: Filtered 1396465 hits and 6 records
2025-09-19 04:41:40,926 - INFO - File 25023: Filtered 688217 hits and 3 records
2025-09-19 04:41:40,935 - INFO - Processing /viper/ptmp/arego/RC4K1/7453.h5
2025-09-19 04:41:40,932 - INFO - Processing /viper/ptmp/arego/RC4K1/29664.h5
2025-09-19 04:41:40,935 - INFO - Completed /viper/ptmp/arego/RC4K1_1/4034.h5 in 1.01 seconds
2025-09-19 04:41:41,042 - INFO - Processing /viper/ptmp/arego/RC4K1/8457.h5
2025-09-19 04:41:41,044 - INFO - Completed /viper/ptmp/arego/RC4K1_1/4105.h5 in 1.17 seconds
2025-09-19 04:41:41,053 - INFO - File 23268: Filtered 1311724 hits and 5 records
2025-09-19 04:41:41,230 - INFO - Completed /viper/ptmp/arego/RC4K1_1/19991.h5 in 1.42 seconds
2025-09-19 04:41:41,290 - INFO - Completed /viper/ptmp/arego/RC4K1_1/10195.h5 in 0.92 seconds
2025-09-19 04:41:41,408 - INFO - Processing /viper/ptmp/arego/RC4K1/28222.h5
2025-09-19 04:41:41,413 - INFO - Completed /viper/ptmp/arego/RC4K1_1/6518.h5 in 1.56 seconds
2025-09-19 04:41:41,451 - INFO - File 29664: Filtered 1717817 hits and 4 records
2025-09-19 04:41:41,471 - INFO - Completed /viper/ptmp/arego/RC4K1_1/19583.h5 in 1.19 seconds
2025-09-19 04:41:41,497 - INFO - Processing /viper/ptmp/arego/RC4K1/17943.h5
2025-09-19 04:41:41,537 - INFO - File 6749: Filtered 1403430 hits and 6 records
2025-09-19 04:41:41,578 - INFO - Processing /viper/ptmp/arego/RC4K1/20113.h5
2025-09-19 04:41:41,668 - INFO - Processing /viper/ptmp/arego/RC4K1/9787.h5
2025-09-19 04:41:41,698 - INFO - Completed /viper/ptmp/arego/RC4K1_1/25023.h5 in 1.35 seconds
2025-09-19 04:41:41,714 - INFO - File 8457: Filtered 2308968 hits and 9 records
2025-09-19 04:41:41,730 - INFO - File 7453: Filtered 2340525 hits and 7 records
2025-09-19 04:41:41,908 - INFO - Completed /viper/ptmp/arego/RC4K1_1/29664.h5 in 0.98 seconds
2025-09-19 04:41:41,958 - INFO - Processing /viper/ptmp/arego/RC4K1/21164.h5
2025-09-19 04:41:42,049 - INFO - Processing /viper/ptmp/arego/RC4K1/8131.h5
2025-09-19 04:41:42,064 - INFO - File 17943: Filtered 1485379 hits and 4 records
2025-09-19 04:41:42,116 - INFO - Completed /viper/ptmp/arego/RC4K1_1/8457.h5 in 1.07 seconds
2025-09-19 04:41:42,138 - INFO - File 28222: Filtered 1784791 hits and 7 records
2025-09-19 04:41:42,199 - INFO - Processing /viper/ptmp/arego/RC4K1/24740.h5
2025-09-19 04:41:42,216 - INFO - Processing /viper/ptmp/arego/RC4K1/6341.h5
2025-09-19 04:41:42,247 - INFO - Completed /viper/ptmp/arego/RC4K1_1/6749.h5 in 1.40 seconds
2025-09-19 04:41:42,344 - INFO - Completed /viper/ptmp/arego/RC4K1_1/7453.h5 in 1.41 seconds
2025-09-19 04:41:42,370 - INFO - Completed /viper/ptmp/arego/RC4K1_1/23268.h5 in 1.93 seconds
2025-09-19 04:41:42,413 - INFO - File 20113: Filtered 1907051 hits and 9 records
2025-09-19 04:41:42,470 - INFO - File 9787: Filtered 606107 hits and 3 records
2025-09-19 04:41:42,501 - INFO - Processing /viper/ptmp/arego/RC4K1/656.h5
2025-09-19 04:41:42,620 - INFO - Processing /viper/ptmp/arego/RC4K1/29704.h5
2025-09-19 04:41:42,628 - INFO - Completed /viper/ptmp/arego/RC4K1_1/17943.h5 in 1.13 seconds
2025-09-19 04:41:42,715 - INFO - File 8131: Filtered 815727 hits and 4 records
2025-09-19 04:41:42,739 - INFO - File 21164: Filtered 1551658 hits and 6 records
2025-09-19 04:41:42,771 - INFO - Completed /viper/ptmp/arego/RC4K1_1/28222.h5 in 1.36 seconds
2025-09-19 04:41:42,786 - INFO - Processing /viper/ptmp/arego/RC4K1/11682.h5
2025-09-19 04:41:42,877 - INFO - Processing /viper/ptmp/arego/RC4K1/8095.h5
2025-09-19 04:41:42,902 - INFO - File 6341: Filtered 1918163 hits and 7 records
2025-09-19 04:41:42,966 - INFO - File 24740: Filtered 2740479 hits and 6 records
2025-09-19 04:41:43,029 - INFO - Completed /viper/ptmp/arego/RC4K1_1/20113.h5 in 1.45 seconds
2025-09-19 04:41:43,056 - INFO - Processing /viper/ptmp/arego/RC4K1/23402.h5
2025-09-19 04:41:43,195 - INFO - Processing /viper/ptmp/arego/RC4K1/5538.h5
2025-09-19 04:41:43,326 - INFO - Processing /viper/ptmp/arego/RC4K1/21342.h5
2025-09-19 04:41:43,337 - INFO - File 656: Filtered 2263744 hits and 6 records
2025-09-19 04:41:43,344 - INFO - File 29704: Filtered 1864811 hits and 7 records
2025-09-19 04:41:43,462 - INFO - Completed /viper/ptmp/arego/RC4K1_1/6341.h5 in 1.25 seconds
2025-09-19 04:41:43,480 - INFO - Completed /viper/ptmp/arego/RC4K1_1/21164.h5 in 1.52 seconds
2025-09-19 04:41:43,480 - INFO - Completed /viper/ptmp/arego/RC4K1_1/8131.h5 in 1.43 seconds
2025-09-19 04:41:43,494 - INFO - Completed /viper/ptmp/arego/RC4K1_1/24740.h5 in 1.30 seconds
2025-09-19 04:41:43,581 - INFO - File 11682: Filtered 1843222 hits and 6 records
2025-09-19 04:41:43,601 - INFO - Processing /viper/ptmp/arego/RC4K1/15405.h5
2025-09-19 04:41:43,618 - INFO - Processing /viper/ptmp/arego/RC4K1/27624.h5
2025-09-19 04:41:43,676 - INFO - File 8095: Filtered 1188349 hits and 5 records
2025-09-19 04:41:43,710 - INFO - Completed /viper/ptmp/arego/RC4K1_1/9787.h5 in 2.04 seconds
2025-09-19 04:41:43,761 - INFO - Processing /viper/ptmp/arego/RC4K1/29210.h5
2025-09-19 04:41:43,887 - INFO - Processing /viper/ptmp/arego/RC4K1/10819.h5
2025-09-19 04:41:43,944 - INFO - Completed /viper/ptmp/arego/RC4K1_1/29704.h5 in 1.32 seconds
2025-09-19 04:41:43,972 - INFO - File 23402: Filtered 2554083 hits and 5 records
2025-09-19 04:41:43,986 - INFO - File 5538: Filtered 374095 hits and 4 records
2025-09-19 04:41:44,047 - INFO - Completed /viper/ptmp/arego/RC4K1_1/656.h5 in 1.55 seconds
2025-09-19 04:41:44,142 - INFO - File 21342: Filtered 1705837 hits and 9 records
2025-09-19 04:41:44,173 - INFO - Processing /viper/ptmp/arego/RC4K1/7756.h5
2025-09-19 04:41:44,217 - INFO - Processing /viper/ptmp/arego/RC4K1/24950.h5
2025-09-19 04:41:44,290 - INFO - Processing /viper/ptmp/arego/RC4K1/10064.h5
2025-09-19 04:41:44,322 - INFO - Completed /viper/ptmp/arego/RC4K1_1/11682.h5 in 1.54 seconds
2025-09-19 04:41:44,340 - INFO - File 15405: Filtered 1837395 hits and 9 records
2025-09-19 04:41:44,414 - INFO - Processing /viper/ptmp/arego/RC4K1/16825.h5
2025-09-19 04:41:44,504 - INFO - File 29210: Filtered 2030976 hits and 8 records
2025-09-19 04:41:44,541 - INFO - File 27624: Filtered 3345776 hits and 7 records
2025-09-19 04:41:44,678 - INFO - Completed /viper/ptmp/arego/RC4K1_1/8095.h5 in 1.80 seconds
2025-09-19 04:41:44,711 - INFO - Processing /viper/ptmp/arego/RC4K1/1990.h5
2025-09-19 04:41:44,721 - INFO - Completed /viper/ptmp/arego/RC4K1_1/23402.h5 in 1.66 seconds
2025-09-19 04:41:44,741 - INFO - File 10819: Filtered 2130192 hits and 6 records
2025-09-19 04:41:44,862 - INFO - Processing /viper/ptmp/arego/RC4K1/28476.h5
2025-09-19 04:41:44,885 - INFO - Completed /viper/ptmp/arego/RC4K1_1/21342.h5 in 1.56 seconds
2025-09-19 04:41:44,888 - INFO - Processing /viper/ptmp/arego/RC4K1/14592.h5
2025-09-19 04:41:44,985 - INFO - Processing /viper/ptmp/arego/RC4K1/16472.h5
2025-09-19 04:41:45,037 - INFO - Completed /viper/ptmp/arego/RC4K1_1/5538.h5 in 1.84 seconds
2025-09-19 04:41:45,041 - INFO - Completed /viper/ptmp/arego/RC4K1_1/27624.h5 in 1.42 seconds
2025-09-19 04:41:45,068 - INFO - File 10064: Filtered 2796506 hits and 6 records
2025-09-19 04:41:45,072 - INFO - Completed /viper/ptmp/arego/RC4K1_1/29210.h5 in 1.31 seconds
2025-09-19 04:41:45,121 - INFO - File 7756: Filtered 1882747 hits and 6 records
2025-09-19 04:41:45,124 - INFO - Completed /viper/ptmp/arego/RC4K1_1/15405.h5 in 1.52 seconds
2025-09-19 04:41:45,137 - INFO - File 24950: Filtered 2842793 hits and 6 records
2025-09-19 04:41:45,250 - INFO - File 16825: Filtered 1489538 hits and 5 records
2025-09-19 04:41:45,284 - INFO - Processing /viper/ptmp/arego/RC4K1/7368.h5
2025-09-19 04:41:45,426 - INFO - Processing /viper/ptmp/arego/RC4K1/11450.h5
2025-09-19 04:41:45,433 - INFO - Processing /viper/ptmp/arego/RC4K1/25895.h5
2025-09-19 04:41:45,581 - INFO - Processing /viper/ptmp/arego/RC4K1/924.h5
2025-09-19 04:41:45,625 - INFO - Completed /viper/ptmp/arego/RC4K1_1/10819.h5 in 1.74 seconds
2025-09-19 04:41:45,676 - INFO - File 14592: Filtered 1119118 hits and 4 records
2025-09-19 04:41:45,689 - INFO - File 1990: Filtered 2832044 hits and 8 records
2025-09-19 04:41:45,717 - INFO - Completed /viper/ptmp/arego/RC4K1_1/10064.h5 in 1.43 seconds
2025-09-19 04:41:45,723 - INFO - File 28476: Filtered 2267149 hits and 7 records
2025-09-19 04:41:45,844 - INFO - Processing /viper/ptmp/arego/RC4K1/15825.h5
2025-09-19 04:41:45,878 - INFO - File 16472: Filtered 2405130 hits and 4 records
2025-09-19 04:41:45,993 - INFO - Processing /viper/ptmp/arego/RC4K1/29063.h5
2025-09-19 04:41:46,035 - INFO - Processing /viper/ptmp/arego/RC4K1/26102.h5
2025-09-19 04:41:46,098 - INFO - Completed /viper/ptmp/arego/RC4K1_1/24950.h5 in 1.88 seconds
2025-09-19 04:41:46,141 - INFO - Completed /viper/ptmp/arego/RC4K1_1/16825.h5 in 1.73 seconds
2025-09-19 04:41:46,184 - INFO - Completed /viper/ptmp/arego/RC4K1_1/7756.h5 in 2.01 seconds
2025-09-19 04:41:46,208 - INFO - Processing /viper/ptmp/arego/RC4K1/14922.h5
2025-09-19 04:41:46,261 - INFO - File 25895: Filtered 1944935 hits and 7 records
2025-09-19 04:41:46,297 - INFO - File 7368: Filtered 1470557 hits and 4 records
2025-09-19 04:41:46,426 - INFO - Processing /viper/ptmp/arego/RC4K1/3369.h5
2025-09-19 04:41:46,444 - INFO - File 11450: Filtered 1783306 hits and 4 records
2025-09-19 04:41:46,528 - INFO - Processing /viper/ptmp/arego/RC4K1/16529.h5
2025-09-19 04:41:46,590 - INFO - Completed /viper/ptmp/arego/RC4K1_1/1990.h5 in 1.88 seconds
2025-09-19 04:41:46,604 - INFO - File 924: Filtered 3304734 hits and 8 records
2025-09-19 04:41:46,627 - INFO - Completed /viper/ptmp/arego/RC4K1_1/14592.h5 in 1.74 seconds
2025-09-19 04:41:46,630 - INFO - Completed /viper/ptmp/arego/RC4K1_1/16472.h5 in 1.64 seconds
2025-09-19 04:41:46,666 - INFO - Processing /viper/ptmp/arego/RC4K1/20220.h5
2025-09-19 04:41:46,730 - INFO - Completed /viper/ptmp/arego/RC4K1_1/28476.h5 in 1.87 seconds
2025-09-19 04:41:46,848 - INFO - File 15825: Filtered 3693012 hits and 5 records
2025-09-19 04:41:46,868 - INFO - Processing /viper/ptmp/arego/RC4K1/25227.h5
2025-09-19 04:41:46,894 - INFO - File 26102: Filtered 2406280 hits and 6 records
2025-09-19 04:41:47,001 - INFO - File 29063: Filtered 1273289 hits and 2 records
2025-09-19 04:41:47,018 - INFO - Processing /viper/ptmp/arego/RC4K1/2175.h5
2025-09-19 04:41:47,157 - INFO - Completed /viper/ptmp/arego/RC4K1_1/25895.h5 in 1.72 seconds
2025-09-19 04:41:47,223 - INFO - Processing /viper/ptmp/arego/RC4K1/24906.h5
2025-09-19 04:41:47,233 - INFO - Processing /viper/ptmp/arego/RC4K1/10864.h5
2025-09-19 04:41:47,349 - INFO - File 14922: Filtered 4316560 hits and 10 records
2025-09-19 04:41:47,400 - INFO - Completed /viper/ptmp/arego/RC4K1_1/924.h5 in 1.82 seconds
2025-09-19 04:41:47,460 - INFO - Completed /viper/ptmp/arego/RC4K1_1/15825.h5 in 1.62 seconds
2025-09-19 04:41:47,500 - INFO - File 3369: Filtered 2289929 hits and 2 records
2025-09-19 04:41:47,505 - INFO - Processing /viper/ptmp/arego/RC4K1/23441.h5
2025-09-19 04:41:47,509 - INFO - Completed /viper/ptmp/arego/RC4K1_1/11450.h5 in 2.08 seconds
2025-09-19 04:41:47,542 - INFO - Completed /viper/ptmp/arego/RC4K1_1/7368.h5 in 2.26 seconds
2025-09-19 04:41:47,595 - INFO - File 20220: Filtered 1804961 hits and 6 records
2025-09-19 04:41:47,605 - INFO - File 16529: Filtered 1226215 hits and 8 records
2025-09-19 04:41:47,612 - INFO - Processing /viper/ptmp/arego/RC4K1/20450.h5
2025-09-19 04:41:47,677 - INFO - Completed /viper/ptmp/arego/RC4K1_1/26102.h5 in 1.64 seconds
2025-09-19 04:41:47,792 - INFO - Processing /viper/ptmp/arego/RC4K1/15096.h5
2025-09-19 04:41:47,818 - INFO - Processing /viper/ptmp/arego/RC4K1/16124.h5
2025-09-19 04:41:47,916 - INFO - Completed /viper/ptmp/arego/RC4K1_1/14922.h5 in 1.71 seconds
2025-09-19 04:41:48,040 - INFO - File 25227: Filtered 2907355 hits and 7 records
2025-09-19 04:41:48,108 - INFO - File 2175: Filtered 1658412 hits and 5 records
2025-09-19 04:41:48,110 - INFO - Processing /viper/ptmp/arego/RC4K1/9790.h5
2025-09-19 04:41:48,147 - INFO - File 24906: Filtered 2293402 hits and 5 records
2025-09-19 04:41:48,220 - INFO - File 10864: Filtered 3909180 hits and 2 records
2025-09-19 04:41:48,230 - INFO - Processing /viper/ptmp/arego/RC4K1/18123.h5
2025-09-19 04:41:48,397 - INFO - Processing /viper/ptmp/arego/RC4K1/11876.h5
2025-09-19 04:41:48,573 - INFO - Completed /viper/ptmp/arego/RC4K1_1/20220.h5 in 1.91 seconds
2025-09-19 04:41:48,690 - INFO - File 23441: Filtered 3191734 hits and 7 records
2025-09-19 04:41:48,703 - INFO - Processing /viper/ptmp/arego/RC4K1/24856.h5
2025-09-19 04:41:48,718 - INFO - File 15096: Filtered 2512844 hits and 6 records
2025-09-19 04:41:48,741 - INFO - File 20450: Filtered 1687249 hits and 6 records
2025-09-19 04:41:48,753 - INFO - Processing /viper/ptmp/arego/RC4K1/4451.h5
2025-09-19 04:41:48,833 - INFO - Completed /viper/ptmp/arego/RC4K1_1/10864.h5 in 1.60 seconds
2025-09-19 04:41:48,859 - INFO - Completed /viper/ptmp/arego/RC4K1_1/29063.h5 in 2.87 seconds
2025-09-19 04:41:48,880 - INFO - Processing /viper/ptmp/arego/RC4K1/1723.h5
2025-09-19 04:41:49,006 - INFO - Processing /viper/ptmp/arego/RC4K1/25.h5
2025-09-19 04:41:49,017 - INFO - Completed /viper/ptmp/arego/RC4K1_1/24906.h5 in 1.79 seconds
2025-09-19 04:41:49,029 - INFO - Completed /viper/ptmp/arego/RC4K1_1/25227.h5 in 2.16 seconds
2025-09-19 04:41:49,043 - INFO - File 16124: Filtered 1009935 hits and 4 records
2025-09-19 04:41:49,292 - INFO - Completed /viper/ptmp/arego/RC4K1_1/16529.h5 in 2.76 seconds
2025-09-19 04:41:49,292 - INFO - File 9790: Filtered 3334245 hits and 7 records
2025-09-19 04:41:49,311 - INFO - File 11876: Filtered 1606590 hits and 6 records
2025-09-19 04:41:49,315 - INFO - Processing /viper/ptmp/arego/RC4K1/11731.h5
2025-09-19 04:41:49,356 - INFO - File 18123: Filtered 4425898 hits and 7 records
2025-09-19 04:41:49,363 - INFO - Completed /viper/ptmp/arego/RC4K1_1/2175.h5 in 2.35 seconds
2025-09-19 04:41:49,508 - INFO - Processing /viper/ptmp/arego/RC4K1/22499.h5
2025-09-19 04:41:49,519 - INFO - Completed /viper/ptmp/arego/RC4K1_1/15096.h5 in 1.73 seconds
2025-09-19 04:41:49,565 - INFO - Processing /viper/ptmp/arego/RC4K1/25018.h5
2025-09-19 04:41:49,610 - INFO - Processing /viper/ptmp/arego/RC4K1/4482.h5
2025-09-19 04:41:49,716 - INFO - File 24856: Filtered 4105916 hits and 6 records
2025-09-19 04:41:49,936 - INFO - Processing /viper/ptmp/arego/RC4K1/9116.h5
2025-09-19 04:41:49,964 - INFO - Completed /viper/ptmp/arego/RC4K1_1/3369.h5 in 3.54 seconds
2025-09-19 04:41:49,995 - INFO - File 4451: Filtered 3523292 hits and 5 records
2025-09-19 04:41:50,003 - INFO - File 1723: Filtered 3769268 hits and 8 records
2025-09-19 04:41:50,017 - INFO - Completed /viper/ptmp/arego/RC4K1_1/18123.h5 in 1.79 seconds
2025-09-19 04:41:50,063 - INFO - File 25: Filtered 483615 hits and 2 records
2025-09-19 04:41:50,064 - INFO - Processing /viper/ptmp/arego/RC4K1/20500.h5
2025-09-19 04:41:50,133 - INFO - Processing /viper/ptmp/arego/RC4K1/9606.h5
2025-09-19 04:41:50,144 - INFO - Completed /viper/ptmp/arego/RC4K1_1/20450.h5 in 2.53 seconds
2025-09-19 04:41:50,205 - INFO - Completed /viper/ptmp/arego/RC4K1_1/24856.h5 in 1.50 seconds
2025-09-19 04:41:50,254 - INFO - Processing /viper/ptmp/arego/RC4K1/22844.h5
2025-09-19 04:41:50,288 - INFO - Completed /viper/ptmp/arego/RC4K1_1/9790.h5 in 2.18 seconds
2025-09-19 04:41:50,301 - INFO - Completed /viper/ptmp/arego/RC4K1_1/11876.h5 in 1.90 seconds
2025-09-19 04:41:50,469 - INFO - Completed /viper/ptmp/arego/RC4K1_1/23441.h5 in 2.96 seconds
2025-09-19 04:41:50,589 - INFO - Processing /viper/ptmp/arego/RC4K1/25666.h5
2025-09-19 04:41:50,682 - INFO - File 22499: Filtered 2793496 hits and 7 records
2025-09-19 04:41:50,695 - INFO - File 4482: Filtered 2740716 hits and 5 records
2025-09-19 04:41:50,707 - INFO - Processing /viper/ptmp/arego/RC4K1/21843.h5
2025-09-19 04:41:50,711 - INFO - File 25018: Filtered 3510740 hits and 6 records
2025-09-19 04:41:50,718 - INFO - File 11731: Filtered 3750582 hits and 4 records
2025-09-19 04:41:50,739 - INFO - Completed /viper/ptmp/arego/RC4K1_1/1723.h5 in 1.86 seconds
2025-09-19 04:41:50,781 - INFO - Processing /viper/ptmp/arego/RC4K1/28216.h5
2025-09-19 04:41:50,849 - INFO - Completed /viper/ptmp/arego/RC4K1_1/16124.h5 in 3.03 seconds
2025-09-19 04:41:51,153 - INFO - Processing /viper/ptmp/arego/RC4K1/11001.h5
2025-09-19 04:41:51,266 - INFO - File 9606: Filtered 2780385 hits and 8 records
2025-09-19 04:41:51,268 - INFO - File 20500: Filtered 4641500 hits and 11 records
2025-09-19 04:41:51,276 - INFO - Processing /viper/ptmp/arego/RC4K1/28685.h5
2025-09-19 04:41:51,298 - INFO - Processing /viper/ptmp/arego/RC4K1/23858.h5
2025-09-19 04:41:51,375 - INFO - File 9116: Filtered 2344308 hits and 5 records
2025-09-19 04:41:51,383 - INFO - Processing /viper/ptmp/arego/RC4K1/20947.h5
2025-09-19 04:41:51,411 - INFO - Completed /viper/ptmp/arego/RC4K1_1/4451.h5 in 2.66 seconds
2025-09-19 04:41:51,414 - INFO - File 22844: Filtered 931428 hits and 3 records
2025-09-19 04:41:51,667 - INFO - Completed /viper/ptmp/arego/RC4K1_1/25018.h5 in 2.10 seconds
2025-09-19 04:41:51,781 - INFO - Completed /viper/ptmp/arego/RC4K1_1/22499.h5 in 2.27 seconds
2025-09-19 04:41:51,825 - INFO - Completed /viper/ptmp/arego/RC4K1_1/20500.h5 in 1.76 seconds
2025-09-19 04:41:51,871 - INFO - Processing /viper/ptmp/arego/RC4K1/6924.h5
2025-09-19 04:41:51,906 - INFO - Completed /viper/ptmp/arego/RC4K1_1/25.h5 in 2.90 seconds
2025-09-19 04:41:51,926 - INFO - File 21843: Filtered 2396735 hits and 4 records
2025-09-19 04:41:51,931 - INFO - Completed /viper/ptmp/arego/RC4K1_1/4482.h5 in 2.32 seconds
2025-09-19 04:41:51,963 - INFO - File 28216: Filtered 3076351 hits and 5 records
2025-09-19 04:41:51,977 - INFO - Processing /viper/ptmp/arego/RC4K1/1838.h5
2025-09-19 04:41:51,980 - INFO - Completed /viper/ptmp/arego/RC4K1_1/11731.h5 in 2.66 seconds
2025-09-19 04:41:52,056 - INFO - Processing /viper/ptmp/arego/RC4K1/23883.h5
2025-09-19 04:41:52,181 - INFO - File 25666: Filtered 2726012 hits and 7 records
2025-09-19 04:41:52,206 - INFO - Processing /viper/ptmp/arego/RC4K1/25860.h5
2025-09-19 04:41:52,280 - INFO - Completed /viper/ptmp/arego/RC4K1_1/9606.h5 in 2.15 seconds
2025-09-19 04:41:52,292 - INFO - File 11001: Filtered 3968154 hits and 7 records
2025-09-19 04:41:52,475 - INFO - Processing /viper/ptmp/arego/RC4K1/1235.h5
2025-09-19 04:41:52,546 - INFO - File 23858: Filtered 5586139 hits and 5 records
2025-09-19 04:41:52,548 - INFO - File 20947: Filtered 2060796 hits and 5 records
2025-09-19 04:41:52,583 - INFO - Processing /viper/ptmp/arego/RC4K1/14543.h5
2025-09-19 04:41:52,768 - INFO - Processing /viper/ptmp/arego/RC4K1/14261.h5
2025-09-19 04:41:52,813 - INFO - Processing /viper/ptmp/arego/RC4K1/2045.h5
2025-09-19 04:41:52,903 - INFO - File 28685: Filtered 3800353 hits and 6 records
2025-09-19 04:41:52,960 - INFO - Completed /viper/ptmp/arego/RC4K1_1/28216.h5 in 2.18 seconds
2025-09-19 04:41:53,023 - INFO - Completed /viper/ptmp/arego/RC4K1_1/23858.h5 in 1.73 seconds
2025-09-19 04:41:53,060 - INFO - Processing /viper/ptmp/arego/RC4K1/4633.h5
2025-09-19 04:41:53,163 - INFO - File 6924: Filtered 4988125 hits and 10 records
2025-09-19 04:41:53,178 - INFO - Completed /viper/ptmp/arego/RC4K1_1/21843.h5 in 2.47 seconds
2025-09-19 04:41:53,238 - INFO - Completed /viper/ptmp/arego/RC4K1_1/11001.h5 in 2.08 seconds
2025-09-19 04:41:53,242 - INFO - File 1838: Filtered 3063460 hits and 8 records
2025-09-19 04:41:53,325 - INFO - Processing /viper/ptmp/arego/RC4K1/20486.h5
2025-09-19 04:41:53,329 - INFO - File 25860: Filtered 5054583 hits and 7 records
2025-09-19 04:41:53,344 - INFO - Completed /viper/ptmp/arego/RC4K1_1/22844.h5 in 3.09 seconds
2025-09-19 04:41:53,364 - INFO - Processing /viper/ptmp/arego/RC4K1/27128.h5
2025-09-19 04:41:53,440 - INFO - Processing /viper/ptmp/arego/RC4K1/28272.h5
2025-09-19 04:41:53,695 - INFO - Processing /viper/ptmp/arego/RC4K1/27612.h5
2025-09-19 04:41:53,702 - INFO - File 23883: Filtered 4214644 hits and 9 records
2025-09-19 04:41:53,740 - INFO - Completed /viper/ptmp/arego/RC4K1_1/9116.h5 in 3.80 seconds
2025-09-19 04:41:53,802 - INFO - File 1235: Filtered 2233948 hits and 6 records
2025-09-19 04:41:53,839 - INFO - Completed /viper/ptmp/arego/RC4K1_1/20947.h5 in 2.46 seconds
2025-09-19 04:41:53,861 - INFO - Completed /viper/ptmp/arego/RC4K1_1/25860.h5 in 1.66 seconds
2025-09-19 04:41:53,899 - INFO - Completed /viper/ptmp/arego/RC4K1_1/25666.h5 in 3.31 seconds
2025-09-19 04:41:53,909 - INFO - Completed /viper/ptmp/arego/RC4K1_1/6924.h5 in 2.04 seconds
2025-09-19 04:41:53,948 - INFO - File 14543: Filtered 3075765 hits and 4 records
2025-09-19 04:41:53,967 - INFO - Processing /viper/ptmp/arego/RC4K1/10517.h5
2025-09-19 04:41:53,993 - INFO - File 14261: Filtered 4628986 hits and 7 records
2025-09-19 04:41:54,084 - INFO - Processing /viper/ptmp/arego/RC4K1/22004.h5
2025-09-19 04:41:54,145 - INFO - File 2045: Filtered 6472330 hits and 4 records
2025-09-19 04:41:54,353 - INFO - Completed /viper/ptmp/arego/RC4K1_1/1838.h5 in 2.38 seconds
2025-09-19 04:41:54,355 - INFO - Processing /viper/ptmp/arego/RC4K1/29485.h5
2025-09-19 04:41:54,360 - INFO - Processing /viper/ptmp/arego/RC4K1/12478.h5
2025-09-19 04:41:54,407 - INFO - File 20486: Filtered 3614380 hits and 6 records
2025-09-19 04:41:54,429 - INFO - File 4633: Filtered 3733142 hits and 5 records
2025-09-19 04:41:54,471 - INFO - Completed /viper/ptmp/arego/RC4K1_1/14261.h5 in 1.70 seconds
2025-09-19 04:41:54,545 - INFO - Completed /viper/ptmp/arego/RC4K1_1/28685.h5 in 3.27 seconds
2025-09-19 04:41:54,585 - INFO - Processing /viper/ptmp/arego/RC4K1/6820.h5
2025-09-19 04:41:54,639 - INFO - Completed /viper/ptmp/arego/RC4K1_1/2045.h5 in 1.83 seconds
2025-09-19 04:41:54,690 - INFO - File 27128: Filtered 4189102 hits and 8 records
2025-09-19 04:41:54,833 - INFO - Completed /viper/ptmp/arego/RC4K1_1/23883.h5 in 2.78 seconds
2025-09-19 04:41:54,905 - INFO - Processing /viper/ptmp/arego/RC4K1/5497.h5
2025-09-19 04:41:54,966 - INFO - Processing /viper/ptmp/arego/RC4K1/15230.h5
2025-09-19 04:41:54,984 - INFO - Processing /viper/ptmp/arego/RC4K1/24771.h5
2025-09-19 04:41:55,033 - INFO - File 28272: Filtered 4057487 hits and 7 records
2025-09-19 04:41:55,052 - INFO - File 27612: Filtered 6189031 hits and 7 records
2025-09-19 04:41:55,143 - INFO - Completed /viper/ptmp/arego/RC4K1_1/20486.h5 in 1.82 seconds
2025-09-19 04:41:55,203 - INFO - Completed /viper/ptmp/arego/RC4K1_1/14543.h5 in 2.62 seconds
2025-09-19 04:41:55,265 - INFO - File 22004: Filtered 2200135 hits and 6 records
2025-09-19 04:41:55,275 - INFO - Processing /viper/ptmp/arego/RC4K1/21067.h5
2025-09-19 04:41:55,312 - INFO - File 10517: Filtered 3521808 hits and 7 records
2025-09-19 04:41:55,551 - INFO - Completed /viper/ptmp/arego/RC4K1_1/1235.h5 in 3.08 seconds
2025-09-19 04:41:55,596 - INFO - Completed /viper/ptmp/arego/RC4K1_1/27612.h5 in 1.90 seconds
2025-09-19 04:41:55,604 - INFO - Processing /viper/ptmp/arego/RC4K1/27637.h5
2025-09-19 04:41:55,641 - INFO - Processing /viper/ptmp/arego/RC4K1/3719.h5
2025-09-19 04:41:55,647 - INFO - Completed /viper/ptmp/arego/RC4K1_1/4633.h5 in 2.59 seconds
2025-09-19 04:41:55,689 - INFO - Processing /viper/ptmp/arego/RC4K1/17620.h5
2025-09-19 04:41:55,720 - INFO - Completed /viper/ptmp/arego/RC4K1_1/27128.h5 in 2.36 seconds
2025-09-19 04:41:55,889 - INFO - File 12478: Filtered 4492802 hits and 4 records
2025-09-19 04:41:55,959 - INFO - File 29485: Filtered 1229215 hits and 7 records
2025-09-19 04:41:55,971 - INFO - Processing /viper/ptmp/arego/RC4K1/25604.h5
2025-09-19 04:41:55,991 - INFO - File 6820: Filtered 3203694 hits and 6 records
2025-09-19 04:41:56,075 - INFO - File 5497: Filtered 3554744 hits and 9 records
2025-09-19 04:41:56,209 - INFO - Processing /viper/ptmp/arego/RC4K1/22589.h5
2025-09-19 04:41:56,222 - INFO - Processing /viper/ptmp/arego/RC4K1/7697.h5
2025-09-19 04:41:56,318 - INFO - Processing /viper/ptmp/arego/RC4K1/3486.h5
2025-09-19 04:41:56,423 - INFO - File 15230: Filtered 6667093 hits and 8 records
2025-09-19 04:41:56,444 - INFO - Completed /viper/ptmp/arego/RC4K1_1/10517.h5 in 2.48 seconds
2025-09-19 04:41:56,563 - INFO - File 24771: Filtered 6180732 hits and 10 records
2025-09-19 04:41:56,615 - INFO - Completed /viper/ptmp/arego/RC4K1_1/28272.h5 in 3.17 seconds
2025-09-19 04:41:56,659 - INFO - File 21067: Filtered 6759941 hits and 8 records
2025-09-19 04:41:56,673 - INFO - Processing /viper/ptmp/arego/RC4K1/15723.h5
2025-09-19 04:41:56,841 - INFO - Processing /viper/ptmp/arego/RC4K1/10474.h5
2025-09-19 04:41:56,929 - INFO - Completed /viper/ptmp/arego/RC4K1_1/15230.h5 in 1.96 seconds
2025-09-19 04:41:56,941 - INFO - Completed /viper/ptmp/arego/RC4K1_1/22004.h5 in 2.86 seconds
2025-09-19 04:41:56,941 - INFO - File 17620: Filtered 4992465 hits and 8 records
2025-09-19 04:41:56,947 - INFO - Completed /viper/ptmp/arego/RC4K1_1/5497.h5 in 2.04 seconds
2025-09-19 04:41:56,977 - INFO - Completed /viper/ptmp/arego/RC4K1_1/21067.h5 in 1.70 seconds
2025-09-19 04:41:57,064 - INFO - Completed /viper/ptmp/arego/RC4K1_1/12478.h5 in 2.70 seconds
2025-09-19 04:41:57,148 - INFO - Processing /viper/ptmp/arego/RC4K1/8274.h5
2025-09-19 04:41:57,220 - INFO - Processing /viper/ptmp/arego/RC4K1/15000.h5
2025-09-19 04:41:57,238 - INFO - File 3719: Filtered 2790302 hits and 5 records
2025-09-19 04:41:57,280 - INFO - Processing /viper/ptmp/arego/RC4K1/28026.h5
2025-09-19 04:41:57,355 - INFO - File 27637: Filtered 5481833 hits and 8 records
2025-09-19 04:41:57,358 - INFO - Completed /viper/ptmp/arego/RC4K1_1/6820.h5 in 2.77 seconds
2025-09-19 04:41:57,401 - INFO - File 25604: Filtered 3717350 hits and 5 records
2025-09-19 04:41:57,406 - INFO - Processing /viper/ptmp/arego/RC4K1/2546.h5
2025-09-19 04:41:57,427 - INFO - Completed /viper/ptmp/arego/RC4K1_1/17620.h5 in 1.74 seconds
2025-09-19 04:41:57,469 - INFO - Completed /viper/ptmp/arego/RC4K1_1/24771.h5 in 2.48 seconds
2025-09-19 04:41:57,653 - INFO - File 3486: Filtered 1198273 hits and 8 records
2025-09-19 04:41:57,741 - INFO - File 7697: Filtered 3893434 hits and 8 records
2025-09-19 04:41:57,878 - INFO - Processing /viper/ptmp/arego/RC4K1/20271.h5
2025-09-19 04:41:57,883 - INFO - Processing /viper/ptmp/arego/RC4K1/24503.h5
2025-09-19 04:41:58,138 - INFO - File 22589: Filtered 3863257 hits and 6 records
2025-09-19 04:41:58,142 - INFO - File 15723: Filtered 5550314 hits and 10 records
2025-09-19 04:41:58,157 - INFO - Processing /viper/ptmp/arego/RC4K1/29741.h5
2025-09-19 04:41:58,224 - INFO - Processing /viper/ptmp/arego/RC4K1/2514.h5
2025-09-19 04:41:58,317 - INFO - Completed /viper/ptmp/arego/RC4K1_1/29485.h5 in 3.96 seconds
2025-09-19 04:41:58,333 - INFO - File 8274: Filtered 3936576 hits and 11 records
2025-09-19 04:41:58,406 - INFO - File 10474: Filtered 5057240 hits and 11 records
2025-09-19 04:41:58,471 - INFO - Completed /viper/ptmp/arego/RC4K1_1/27637.h5 in 2.87 seconds
2025-09-19 04:41:58,519 - INFO - Processing /viper/ptmp/arego/RC4K1/5891.h5
2025-09-19 04:41:58,669 - INFO - Completed /viper/ptmp/arego/RC4K1_1/25604.h5 in 2.70 seconds
2025-09-19 04:41:58,780 - INFO - Processing /viper/ptmp/arego/RC4K1/6222.h5
2025-09-19 04:41:58,858 - INFO - Processing /viper/ptmp/arego/RC4K1/10829.h5
2025-09-19 04:41:58,863 - INFO - File 28026: Filtered 3546938 hits and 8 records
2025-09-19 04:41:58,977 - INFO - Completed /viper/ptmp/arego/RC4K1_1/15723.h5 in 2.30 seconds
2025-09-19 04:41:58,982 - INFO - File 15000: Filtered 3518286 hits and 4 records
2025-09-19 04:41:58,986 - INFO - File 2546: Filtered 3051864 hits and 5 records
2025-09-19 04:41:59,022 - INFO - Processing /viper/ptmp/arego/RC4K1/22970.h5
2025-09-19 04:41:59,075 - INFO - Completed /viper/ptmp/arego/RC4K1_1/3719.h5 in 3.43 seconds
2025-09-19 04:41:59,147 - INFO - Processing /viper/ptmp/arego/RC4K1/1441.h5
2025-09-19 04:41:59,192 - INFO - Completed /viper/ptmp/arego/RC4K1_1/7697.h5 in 2.97 seconds
2025-09-19 04:41:59,270 - INFO - Completed /viper/ptmp/arego/RC4K1_1/8274.h5 in 2.12 seconds
2025-09-19 04:41:59,293 - INFO - File 20271: Filtered 2185071 hits and 6 records
2025-09-19 04:41:59,417 - INFO - Completed /viper/ptmp/arego/RC4K1_1/10474.h5 in 2.58 seconds
2025-09-19 04:41:59,419 - INFO - Processing /viper/ptmp/arego/RC4K1/3761.h5
2025-09-19 04:41:59,427 - INFO - File 24503: Filtered 3281599 hits and 5 records
2025-09-19 04:41:59,719 - INFO - Processing /viper/ptmp/arego/RC4K1/4424.h5
2025-09-19 04:41:59,747 - INFO - Processing /viper/ptmp/arego/RC4K1/24795.h5
2025-09-19 04:41:59,778 - INFO - File 29741: Filtered 5417226 hits and 7 records
2025-09-19 04:41:59,806 - INFO - File 2514: Filtered 1475327 hits and 4 records
2025-09-19 04:41:59,832 - INFO - Processing /viper/ptmp/arego/RC4K1/26555.h5
2025-09-19 04:41:59,835 - INFO - Completed /viper/ptmp/arego/RC4K1_1/22589.h5 in 3.63 seconds
2025-09-19 04:41:59,868 - INFO - Completed /viper/ptmp/arego/RC4K1_1/3486.h5 in 3.55 seconds
2025-09-19 04:42:00,013 - INFO - Processing /viper/ptmp/arego/RC4K1/2788.h5
2025-09-19 04:42:00,101 - INFO - File 6222: Filtered 3502411 hits and 8 records
2025-09-19 04:42:00,176 - INFO - File 5891: Filtered 279608 hits and 2 records
2025-09-19 04:42:00,289 - INFO - Processing /viper/ptmp/arego/RC4K1/17119.h5
2025-09-19 04:42:00,491 - INFO - Processing /viper/ptmp/arego/RC4K1/15496.h5
2025-09-19 04:42:00,559 - INFO - Processing /viper/ptmp/arego/RC4K1/15274.h5
2025-09-19 04:42:00,635 - INFO - File 22970: Filtered 7219925 hits and 7 records
2025-09-19 04:42:00,690 - INFO - Completed /viper/ptmp/arego/RC4K1_1/2546.h5 in 3.28 seconds
2025-09-19 04:42:00,699 - INFO - Completed /viper/ptmp/arego/RC4K1_1/15000.h5 in 3.48 seconds
2025-09-19 04:42:00,700 - INFO - File 10829: Filtered 3028856 hits and 8 records
2025-09-19 04:42:00,736 - INFO - Processing /viper/ptmp/arego/RC4K1/29359.h5
2025-09-19 04:42:00,792 - INFO - Completed /viper/ptmp/arego/RC4K1_1/29741.h5 in 2.63 seconds
2025-09-19 04:42:00,798 - INFO - File 1441: Filtered 7785297 hits and 8 records
2025-09-19 04:42:00,805 - INFO - Completed /viper/ptmp/arego/RC4K1_1/28026.h5 in 3.53 seconds
2025-09-19 04:42:01,028 - INFO - Completed /viper/ptmp/arego/RC4K1_1/24503.h5 in 3.14 seconds
2025-09-19 04:42:01,067 - INFO - File 4424: Filtered 3205906 hits and 7 records
2025-09-19 04:42:01,083 - INFO - Processing /viper/ptmp/arego/RC4K1/3001.h5
2025-09-19 04:42:01,134 - INFO - Completed /viper/ptmp/arego/RC4K1_1/1441.h5 in 1.99 seconds
2025-09-19 04:42:01,154 - INFO - Processing /viper/ptmp/arego/RC4K1/22347.h5
2025-09-19 04:42:01,166 - INFO - Completed /viper/ptmp/arego/RC4K1_1/20271.h5 in 3.29 seconds
2025-09-19 04:42:01,178 - INFO - File 3761: Filtered 4763928 hits and 8 records
2025-09-19 04:42:01,216 - INFO - Processing /viper/ptmp/arego/RC4K1/11286.h5
2025-09-19 04:42:01,282 - INFO - Completed /viper/ptmp/arego/RC4K1_1/22970.h5 in 2.26 seconds
2025-09-19 04:42:01,456 - INFO - Processing /viper/ptmp/arego/RC4K1/18208.h5
2025-09-19 04:42:01,506 - INFO - Completed /viper/ptmp/arego/RC4K1_1/6222.h5 in 2.73 seconds
2025-09-19 04:42:01,565 - INFO - File 24795: Filtered 2266488 hits and 5 records
2025-09-19 04:42:01,629 - INFO - File 26555: Filtered 2707263 hits and 5 records
2025-09-19 04:42:01,773 - INFO - File 2788: Filtered 3786318 hits and 5 records
2025-09-19 04:42:01,793 - INFO - Processing /viper/ptmp/arego/RC4K1/6150.h5
2025-09-19 04:42:01,917 - INFO - Completed /viper/ptmp/arego/RC4K1_1/2514.h5 in 3.69 seconds
2025-09-19 04:42:01,921 - INFO - File 17119: Filtered 2376505 hits and 5 records
2025-09-19 04:42:01,925 - INFO - Processing /viper/ptmp/arego/RC4K1/23435.h5
2025-09-19 04:42:02,065 - INFO - Processing /viper/ptmp/arego/RC4K1/18832.h5
2025-09-19 04:42:02,273 - INFO - Processing /viper/ptmp/arego/RC4K1/28976.h5
2025-09-19 04:42:02,391 - INFO - File 15496: Filtered 7034744 hits and 9 records
2025-09-19 04:42:02,398 - INFO - Processing /viper/ptmp/arego/RC4K1/8144.h5
2025-09-19 04:42:02,431 - INFO - File 15274: Filtered 6028349 hits and 8 records
2025-09-19 04:42:02,506 - INFO - Completed /viper/ptmp/arego/RC4K1_1/3761.h5 in 3.09 seconds
2025-09-19 04:42:02,523 - INFO - Completed /viper/ptmp/arego/RC4K1_1/10829.h5 in 3.66 seconds
2025-09-19 04:42:02,534 - INFO - File 29359: Filtered 6659858 hits and 6 records
2025-09-19 04:42:02,724 - INFO - Completed /viper/ptmp/arego/RC4K1_1/4424.h5 in 3.01 seconds
2025-09-19 04:42:02,726 - INFO - Completed /viper/ptmp/arego/RC4K1_1/5891.h5 in 4.21 seconds
2025-09-19 04:42:02,727 - INFO - Processing /viper/ptmp/arego/RC4K1/29745.h5
2025-09-19 04:42:02,743 - INFO - File 11286: Filtered 3928990 hits and 6 records
2025-09-19 04:42:02,983 - INFO - Processing /viper/ptmp/arego/RC4K1/4066.h5
2025-09-19 04:42:03,016 - INFO - Processing /viper/ptmp/arego/RC4K1/22375.h5
2025-09-19 04:42:03,040 - INFO - File 3001: Filtered 3450987 hits and 7 records
2025-09-19 04:42:03,131 - INFO - Processing /viper/ptmp/arego/RC4K1/24557.h5
2025-09-19 04:42:03,132 - INFO - File 22347: Filtered 5426047 hits and 5 records
2025-09-19 04:42:03,210 - INFO - Completed /viper/ptmp/arego/RC4K1_1/15496.h5 in 2.72 seconds
2025-09-19 04:42:03,248 - INFO - File 18208: Filtered 3741876 hits and 7 records
2025-09-19 04:42:03,335 - INFO - Processing /viper/ptmp/arego/RC4K1/13154.h5
2025-09-19 04:42:03,336 - INFO - Completed /viper/ptmp/arego/RC4K1_1/15274.h5 in 2.78 seconds
2025-09-19 04:42:03,479 - INFO - Completed /viper/ptmp/arego/RC4K1_1/2788.h5 in 3.47 seconds
2025-09-19 04:42:03,522 - INFO - Completed /viper/ptmp/arego/RC4K1_1/26555.h5 in 3.69 seconds
2025-09-19 04:42:03,585 - INFO - Completed /viper/ptmp/arego/RC4K1_1/17119.h5 in 3.30 seconds
2025-09-19 04:42:03,711 - INFO - Processing /viper/ptmp/arego/RC4K1/62.h5
2025-09-19 04:42:03,744 - INFO - File 28976: Filtered 5794500 hits and 7 records
2025-09-19 04:42:03,773 - INFO - File 6150: Filtered 1945047 hits and 6 records
2025-09-19 04:42:03,827 - INFO - Completed /viper/ptmp/arego/RC4K1_1/24795.h5 in 4.08 seconds
2025-09-19 04:42:03,953 - INFO - Completed /viper/ptmp/arego/RC4K1_1/29359.h5 in 3.22 seconds
2025-09-19 04:42:03,976 - INFO - Processing /viper/ptmp/arego/RC4K1/9925.h5
2025-09-19 04:42:03,997 - INFO - Processing /viper/ptmp/arego/RC4K1/24609.h5
2025-09-19 04:42:03,997 - INFO - File 18832: Filtered 3829226 hits and 4 records
2025-09-19 04:42:04,013 - INFO - Processing /viper/ptmp/arego/RC4K1/11507.h5
2025-09-19 04:42:04,112 - INFO - File 23435: Filtered 4313179 hits and 6 records
2025-09-19 04:42:04,188 - INFO - Completed /viper/ptmp/arego/RC4K1_1/11286.h5 in 2.97 seconds
2025-09-19 04:42:04,215 - INFO - Completed /viper/ptmp/arego/RC4K1_1/22347.h5 in 3.06 seconds
2025-09-19 04:42:04,441 - INFO - Processing /viper/ptmp/arego/RC4K1/24934.h5
2025-09-19 04:42:04,461 - INFO - File 8144: Filtered 4852072 hits and 5 records
2025-09-19 04:42:04,481 - INFO - File 29745: Filtered 7417295 hits and 6 records
2025-09-19 04:42:04,566 - INFO - File 24557: Filtered 4968876 hits and 9 records
2025-09-19 04:42:04,673 - INFO - Processing /viper/ptmp/arego/RC4K1/11200.h5
2025-09-19 04:42:04,941 - INFO - Processing /viper/ptmp/arego/RC4K1/1612.h5
2025-09-19 04:42:04,983 - INFO - File 22375: Filtered 7579717 hits and 10 records
2025-09-19 04:42:04,988 - INFO - Processing /viper/ptmp/arego/RC4K1/24073.h5
2025-09-19 04:42:05,027 - INFO - Completed /viper/ptmp/arego/RC4K1_1/18208.h5 in 3.57 seconds
2025-09-19 04:42:05,029 - INFO - File 13154: Filtered 8062290 hits and 9 records
2025-09-19 04:42:05,058 - INFO - File 4066: Filtered 5987701 hits and 10 records
2025-09-19 04:42:05,083 - INFO - Completed /viper/ptmp/arego/RC4K1_1/28976.h5 in 2.81 seconds
2025-09-19 04:42:05,116 - INFO - Completed /viper/ptmp/arego/RC4K1_1/29745.h5 in 2.39 seconds
2025-09-19 04:42:05,165 - INFO - Processing /viper/ptmp/arego/RC4K1/10836.h5
2025-09-19 04:42:05,301 - INFO - Completed /viper/ptmp/arego/RC4K1_1/24557.h5 in 2.17 seconds
2025-09-19 04:42:05,542 - INFO - Completed /viper/ptmp/arego/RC4K1_1/22375.h5 in 2.53 seconds
2025-09-19 04:42:05,565 - INFO - Completed /viper/ptmp/arego/RC4K1_1/3001.h5 in 4.48 seconds
2025-09-19 04:42:05,572 - INFO - File 9925: Filtered 4182746 hits and 8 records
2025-09-19 04:42:05,625 - INFO - Completed /viper/ptmp/arego/RC4K1_1/18832.h5 in 3.56 seconds
2025-09-19 04:42:05,658 - INFO - Completed /viper/ptmp/arego/RC4K1_1/13154.h5 in 2.32 seconds
2025-09-19 04:42:05,661 - INFO - File 62: Filtered 5728919 hits and 7 records
2025-09-19 04:42:05,681 - INFO - Processing /viper/ptmp/arego/RC4K1/12257.h5
2025-09-19 04:42:05,775 - INFO - Processing /viper/ptmp/arego/RC4K1/8644.h5
2025-09-19 04:42:05,780 - INFO - Processing /viper/ptmp/arego/RC4K1/2874.h5
2025-09-19 04:42:05,907 - INFO - Completed /viper/ptmp/arego/RC4K1_1/8144.h5 in 3.51 seconds
2025-09-19 04:42:05,944 - INFO - Processing /viper/ptmp/arego/RC4K1/2734.h5
2025-09-19 04:42:06,039 - INFO - Completed /viper/ptmp/arego/RC4K1_1/23435.h5 in 4.11 seconds
2025-09-19 04:42:06,050 - INFO - File 24609: Filtered 3779820 hits and 7 records
2025-09-19 04:42:06,086 - INFO - Completed /viper/ptmp/arego/RC4K1_1/6150.h5 in 4.29 seconds
2025-09-19 04:42:06,242 - INFO - Processing /viper/ptmp/arego/RC4K1/2383.h5
2025-09-19 04:42:06,299 - INFO - Completed /viper/ptmp/arego/RC4K1_1/4066.h5 in 3.32 seconds
2025-09-19 04:42:06,424 - INFO - Processing /viper/ptmp/arego/RC4K1/17145.h5
2025-09-19 04:42:06,447 - INFO - File 24934: Filtered 4280144 hits and 10 records
2025-09-19 04:42:06,455 - INFO - Processing /viper/ptmp/arego/RC4K1/16143.h5
2025-09-19 04:42:06,489 - INFO - File 1612: Filtered 3723287 hits and 6 records
2025-09-19 04:42:06,802 - INFO - Completed /viper/ptmp/arego/RC4K1_1/62.h5 in 3.09 seconds
2025-09-19 04:42:06,809 - INFO - Processing /viper/ptmp/arego/RC4K1/21371.h5
2025-09-19 04:42:06,817 - INFO - File 11200: Filtered 8559681 hits and 9 records
2025-09-19 04:42:06,831 - INFO - File 11507: Filtered 2592172 hits and 6 records
2025-09-19 04:42:06,905 - INFO - Processing /viper/ptmp/arego/RC4K1/22431.h5
2025-09-19 04:42:07,001 - INFO - File 24073: Filtered 3980665 hits and 7 records
2025-09-19 04:42:07,037 - INFO - Processing /viper/ptmp/arego/RC4K1/14848.h5
2025-09-19 04:42:07,144 - INFO - Completed /viper/ptmp/arego/RC4K1_1/9925.h5 in 3.17 seconds
2025-09-19 04:42:07,165 - INFO - File 10836: Filtered 4926101 hits and 11 records
2025-09-19 04:42:07,198 - INFO - Processing /viper/ptmp/arego/RC4K1/29709.h5
2025-09-19 04:42:07,341 - INFO - Completed /viper/ptmp/arego/RC4K1_1/11200.h5 in 2.67 seconds
2025-09-19 04:42:07,343 - INFO - Processing /viper/ptmp/arego/RC4K1/5944.h5
2025-09-19 04:42:07,362 - INFO - File 8644: Filtered 4460857 hits and 4 records
2025-09-19 04:42:07,400 - INFO - Processing /viper/ptmp/arego/RC4K1/7468.h5
2025-09-19 04:42:07,440 - INFO - File 12257: Filtered 4790065 hits and 7 records
2025-09-19 04:42:07,892 - INFO - File 2874: Filtered 3504464 hits and 8 records
2025-09-19 04:42:07,894 - INFO - Processing /viper/ptmp/arego/RC4K1/7583.h5
2025-09-19 04:42:07,929 - INFO - Processing /viper/ptmp/arego/RC4K1/14830.h5
2025-09-19 04:42:07,958 - INFO - File 2734: Filtered 2597567 hits and 4 records
2025-09-19 04:42:07,967 - INFO - Processing /viper/ptmp/arego/RC4K1/1754.h5
2025-09-19 04:42:08,024 - INFO - Completed /viper/ptmp/arego/RC4K1_1/24934.h5 in 3.58 seconds
2025-09-19 04:42:08,083 - INFO - Processing /viper/ptmp/arego/RC4K1/9086.h5
2025-09-19 04:42:08,098 - INFO - Completed /viper/ptmp/arego/RC4K1_1/1612.h5 in 3.16 seconds
2025-09-19 04:42:08,140 - INFO - File 2383: Filtered 8619302 hits and 7 records
2025-09-19 04:42:08,216 - INFO - File 17145: Filtered 5179728 hits and 10 records
2025-09-19 04:42:08,346 - ERROR - Error processing /viper/ptmp/arego/RC4K1/10836.h5: low >= high
2025-09-19 04:42:08,458 - INFO - File 16143: Filtered 6760384 hits and 7 records
2025-09-19 04:42:08,484 - INFO - Processing /viper/ptmp/arego/RC4K1/16559.h5
2025-09-19 04:42:08,573 - INFO - Processing /viper/ptmp/arego/RC4K1/29552.h5
2025-09-19 04:42:08,639 - INFO - Completed /viper/ptmp/arego/RC4K1_1/24609.h5 in 4.64 seconds
2025-09-19 04:42:08,770 - INFO - Completed /viper/ptmp/arego/RC4K1_1/8644.h5 in 2.99 seconds
2025-09-19 04:42:08,805 - INFO - Completed /viper/ptmp/arego/RC4K1_1/24073.h5 in 3.82 seconds
2025-09-19 04:42:08,824 - INFO - File 14848: Filtered 4968390 hits and 9 records
2025-09-19 04:42:08,881 - INFO - Completed /viper/ptmp/arego/RC4K1_1/2383.h5 in 2.64 seconds
2025-09-19 04:42:08,986 - INFO - Processing /viper/ptmp/arego/RC4K1/21588.h5
2025-09-19 04:42:08,999 - INFO - Completed /viper/ptmp/arego/RC4K1_1/12257.h5 in 3.32 seconds
2025-09-19 04:42:09,076 - INFO - File 22431: Filtered 6546688 hits and 10 records
2025-09-19 04:42:09,117 - INFO - File 21371: Filtered 4538427 hits and 6 records
2025-09-19 04:42:09,119 - INFO - Processing /viper/ptmp/arego/RC4K1/19506.h5
2025-09-19 04:42:09,186 - INFO - Processing /viper/ptmp/arego/RC4K1/22132.h5
2025-09-19 04:42:09,217 - INFO - Processing /viper/ptmp/arego/RC4K1/13787.h5
2025-09-19 04:42:09,232 - INFO - File 29709: Filtered 8411404 hits and 8 records
2025-09-19 04:42:09,387 - INFO - File 5944: Filtered 5677835 hits and 8 records
2025-09-19 04:42:09,429 - INFO - Completed /viper/ptmp/arego/RC4K1_1/16143.h5 in 2.97 seconds
2025-09-19 04:42:09,560 - INFO - Completed /viper/ptmp/arego/RC4K1_1/17145.h5 in 3.14 seconds
2025-09-19 04:42:09,574 - INFO - File 7468: Filtered 6445752 hits and 7 records
2025-09-19 04:42:09,722 - INFO - File 1754: Filtered 3967017 hits and 7 records
2025-09-19 04:42:09,839 - INFO - Processing /viper/ptmp/arego/RC4K1/21846.h5
2025-09-19 04:42:09,843 - INFO - Completed /viper/ptmp/arego/RC4K1_1/14848.h5 in 2.81 seconds
2025-09-19 04:42:09,899 - INFO - Processing /viper/ptmp/arego/RC4K1/12390.h5
2025-09-19 04:42:09,933 - INFO - Completed /viper/ptmp/arego/RC4K1_1/29709.h5 in 2.73 seconds
2025-09-19 04:42:09,942 - INFO - Completed /viper/ptmp/arego/RC4K1_1/2874.h5 in 4.16 seconds
2025-09-19 04:42:09,947 - INFO - Processing /viper/ptmp/arego/RC4K1/23990.h5
2025-09-19 04:42:09,990 - ERROR - Error processing /viper/ptmp/arego/RC4K1/22431.h5: low >= high
2025-09-19 04:42:10,004 - INFO - File 7583: Filtered 5596348 hits and 9 records
2025-09-19 04:42:10,066 - INFO - Processing /viper/ptmp/arego/RC4K1/18688.h5
2025-09-19 04:42:10,098 - INFO - Completed /viper/ptmp/arego/RC4K1_1/2734.h5 in 4.15 seconds
2025-09-19 04:42:10,106 - INFO - File 14830: Filtered 3279801 hits and 4 records
2025-09-19 04:42:10,458 - INFO - File 9086: Filtered 7246874 hits and 8 records
2025-09-19 04:42:10,596 - INFO - Processing /viper/ptmp/arego/RC4K1/20933.h5
2025-09-19 04:42:10,655 - INFO - File 16559: Filtered 5735776 hits and 9 records
2025-09-19 04:42:10,705 - INFO - File 21588: Filtered 5657610 hits and 6 records
2025-09-19 04:42:10,720 - INFO - Processing /viper/ptmp/arego/RC4K1/6814.h5
2025-09-19 04:42:10,794 - INFO - Processing /viper/ptmp/arego/RC4K1/1134.h5
2025-09-19 04:42:10,807 - INFO - File 29552: Filtered 3517984 hits and 4 records
2025-09-19 04:42:10,951 - INFO - Completed /viper/ptmp/arego/RC4K1_1/5944.h5 in 3.61 seconds
2025-09-19 04:42:10,962 - INFO - Completed /viper/ptmp/arego/RC4K1_1/11507.h5 in 6.95 seconds
2025-09-19 04:42:11,010 - INFO - Processing /viper/ptmp/arego/RC4K1/379.h5
2025-09-19 04:42:11,139 - INFO - Completed /viper/ptmp/arego/RC4K1_1/1754.h5 in 3.17 seconds
2025-09-19 04:42:11,242 - INFO - Processing /viper/ptmp/arego/RC4K1/7872.h5
2025-09-19 04:42:11,283 - INFO - File 19506: Filtered 6920052 hits and 10 records
2025-09-19 04:42:11,323 - INFO - File 22132: Filtered 4031188 hits and 6 records
2025-09-19 04:42:11,428 - INFO - File 13787: Filtered 6515989 hits and 6 records
2025-09-19 04:42:11,492 - INFO - Processing /viper/ptmp/arego/RC4K1/13418.h5
2025-09-19 04:42:11,538 - INFO - Processing /viper/ptmp/arego/RC4K1/21111.h5
2025-09-19 04:42:11,574 - INFO - Completed /viper/ptmp/arego/RC4K1_1/7468.h5 in 4.17 seconds
2025-09-19 04:42:11,648 - INFO - Completed /viper/ptmp/arego/RC4K1_1/21371.h5 in 4.84 seconds
2025-09-19 04:42:11,750 - INFO - File 12390: Filtered 3806121 hits and 6 records
2025-09-19 04:42:11,950 - INFO - Processing /viper/ptmp/arego/RC4K1/9156.h5
2025-09-19 04:42:11,968 - INFO - Processing /viper/ptmp/arego/RC4K1/14532.h5
2025-09-19 04:42:12,028 - INFO - Completed /viper/ptmp/arego/RC4K1_1/9086.h5 in 3.94 seconds
2025-09-19 04:42:12,076 - INFO - Completed /viper/ptmp/arego/RC4K1_1/7583.h5 in 4.18 seconds
2025-09-19 04:42:12,089 - INFO - File 21846: Filtered 9399067 hits and 8 records
2025-09-19 04:42:12,123 - INFO - Completed /viper/ptmp/arego/RC4K1_1/21588.h5 in 3.14 seconds
2025-09-19 04:42:12,128 - INFO - Completed /viper/ptmp/arego/RC4K1_1/16559.h5 in 3.64 seconds
2025-09-19 04:42:12,236 - INFO - Processing /viper/ptmp/arego/RC4K1/12829.h5
2025-09-19 04:42:12,247 - INFO - File 23990: Filtered 7027080 hits and 7 records
2025-09-19 04:42:12,264 - INFO - File 18688: Filtered 3711778 hits and 7 records
2025-09-19 04:42:12,365 - INFO - Completed /viper/ptmp/arego/RC4K1_1/14830.h5 in 4.44 seconds
2025-09-19 04:42:12,513 - INFO - Completed /viper/ptmp/arego/RC4K1_1/21846.h5 in 2.67 seconds
2025-09-19 04:42:12,514 - INFO - Processing /viper/ptmp/arego/RC4K1/14069.h5
2025-09-19 04:42:12,619 - INFO - File 20933: Filtered 3634701 hits and 9 records
2025-09-19 04:42:12,656 - INFO - Processing /viper/ptmp/arego/RC4K1/11273.h5
2025-09-19 04:42:12,673 - INFO - Completed /viper/ptmp/arego/RC4K1_1/13787.h5 in 3.46 seconds
2025-09-19 04:42:12,729 - INFO - Processing /viper/ptmp/arego/RC4K1/10260.h5
2025-09-19 04:42:12,734 - INFO - Completed /viper/ptmp/arego/RC4K1_1/19506.h5 in 3.62 seconds
2025-09-19 04:42:12,953 - INFO - File 1134: Filtered 2928829 hits and 2 records
2025-09-19 04:42:12,978 - INFO - Processing /viper/ptmp/arego/RC4K1/8613.h5
2025-09-19 04:42:13,035 - INFO - Completed /viper/ptmp/arego/RC4K1_1/29552.h5 in 4.46 seconds
2025-09-19 04:42:13,084 - INFO - File 6814: Filtered 4148413 hits and 7 records
2025-09-19 04:42:13,095 - INFO - File 379: Filtered 9165382 hits and 9 records
2025-09-19 04:42:13,281 - INFO - File 13418: Filtered 5465879 hits and 8 records
2025-09-19 04:42:13,299 - INFO - Processing /viper/ptmp/arego/RC4K1/17182.h5
2025-09-19 04:42:13,428 - INFO - Completed /viper/ptmp/arego/RC4K1_1/22132.h5 in 4.24 seconds
2025-09-19 04:42:13,457 - INFO - Processing /viper/ptmp/arego/RC4K1/3112.h5
2025-09-19 04:42:13,560 - INFO - Completed /viper/ptmp/arego/RC4K1_1/23990.h5 in 3.61 seconds
2025-09-19 04:42:13,595 - INFO - File 7872: Filtered 5506318 hits and 6 records
2025-09-19 04:42:13,606 - INFO - Processing /viper/ptmp/arego/RC4K1/204.h5
2025-09-19 04:42:13,609 - INFO - Processing /viper/ptmp/arego/RC4K1/17539.h5
2025-09-19 04:42:13,787 - INFO - File 9156: Filtered 5768096 hits and 6 records
2025-09-19 04:42:13,854 - INFO - Completed /viper/ptmp/arego/RC4K1_1/12390.h5 in 3.96 seconds
2025-09-19 04:42:13,872 - INFO - File 21111: Filtered 6507829 hits and 8 records
2025-09-19 04:42:13,889 - INFO - Completed /viper/ptmp/arego/RC4K1_1/379.h5 in 2.88 seconds
2025-09-19 04:42:13,898 - INFO - Processing /viper/ptmp/arego/RC4K1/507.h5
2025-09-19 04:42:14,342 - INFO - File 12829: Filtered 8573843 hits and 7 records
2025-09-19 04:42:14,397 - INFO - Processing /viper/ptmp/arego/RC4K1/5030.h5
2025-09-19 04:42:14,426 - INFO - File 14069: Filtered 6913679 hits and 7 records
2025-09-19 04:42:14,442 - INFO - Processing /viper/ptmp/arego/RC4K1/7946.h5
2025-09-19 04:42:14,476 - INFO - Completed /viper/ptmp/arego/RC4K1_1/18688.h5 in 4.41 seconds
2025-09-19 04:42:14,530 - INFO - Processing /viper/ptmp/arego/RC4K1/29071.h5
2025-09-19 04:42:14,664 - INFO - Processing /viper/ptmp/arego/RC4K1/11609.h5
2025-09-19 04:42:14,690 - INFO - File 14532: Filtered 6146556 hits and 6 records
2025-09-19 04:42:14,733 - INFO - File 11273: Filtered 9373030 hits and 11 records
2025-09-19 04:42:14,983 - INFO - Completed /viper/ptmp/arego/RC4K1_1/13418.h5 in 3.49 seconds
2025-09-19 04:42:15,015 - INFO - File 10260: Filtered 8958668 hits and 5 records
2025-09-19 04:42:15,031 - INFO - Completed /viper/ptmp/arego/RC4K1_1/20933.h5 in 4.43 seconds
2025-09-19 04:42:15,084 - INFO - Completed /viper/ptmp/arego/RC4K1_1/12829.h5 in 2.85 seconds
2025-09-19 04:42:15,157 - INFO - Processing /viper/ptmp/arego/RC4K1/8170.h5
2025-09-19 04:42:15,165 - INFO - Processing /viper/ptmp/arego/RC4K1/27247.h5
2025-09-19 04:42:15,247 - INFO - Processing /viper/ptmp/arego/RC4K1/25532.h5
2025-09-19 04:42:15,248 - INFO - File 8613: Filtered 5420697 hits and 9 records
2025-09-19 04:42:15,249 - INFO - Completed /viper/ptmp/arego/RC4K1_1/1134.h5 in 4.45 seconds
2025-09-19 04:42:15,276 - INFO - Completed /viper/ptmp/arego/RC4K1_1/7872.h5 in 4.03 seconds
2025-09-19 04:42:15,305 - INFO - Completed /viper/ptmp/arego/RC4K1_1/6814.h5 in 4.58 seconds
2025-09-19 04:42:15,310 - INFO - Completed /viper/ptmp/arego/RC4K1_1/11273.h5 in 2.65 seconds
2025-09-19 04:42:15,311 - INFO - File 3112: Filtered 7280759 hits and 8 records
2025-09-19 04:42:15,328 - INFO - Completed /viper/ptmp/arego/RC4K1_1/9156.h5 in 3.38 seconds
2025-09-19 04:42:15,332 - INFO - Completed /viper/ptmp/arego/RC4K1_1/21111.h5 in 3.79 seconds
2025-09-19 04:42:15,340 - INFO - Processing /viper/ptmp/arego/RC4K1/7264.h5
2025-09-19 04:42:15,642 - INFO - Completed /viper/ptmp/arego/RC4K1_1/14069.h5 in 3.13 seconds
2025-09-19 04:42:15,692 - INFO - File 17182: Filtered 5887159 hits and 8 records
2025-09-19 04:42:15,731 - INFO - File 204: Filtered 9038500 hits and 7 records
2025-09-19 04:42:15,739 - INFO - Completed /viper/ptmp/arego/RC4K1_1/10260.h5 in 3.01 seconds
2025-09-19 04:42:15,782 - INFO - Processing /viper/ptmp/arego/RC4K1/25170.h5
2025-09-19 04:42:15,896 - INFO - File 17539: Filtered 8544127 hits and 9 records
2025-09-19 04:42:15,902 - INFO - Processing /viper/ptmp/arego/RC4K1/2996.h5
2025-09-19 04:42:15,956 - INFO - File 507: Filtered 10194549 hits and 6 records
2025-09-19 04:42:16,012 - INFO - Processing /viper/ptmp/arego/RC4K1/2702.h5
2025-09-19 04:42:16,088 - INFO - Completed /viper/ptmp/arego/RC4K1_1/3112.h5 in 2.63 seconds
2025-09-19 04:42:16,199 - INFO - File 5030: Filtered 8496717 hits and 6 records
2025-09-19 04:42:16,224 - INFO - Processing /viper/ptmp/arego/RC4K1/11626.h5
2025-09-19 04:42:16,439 - INFO - Completed /viper/ptmp/arego/RC4K1_1/204.h5 in 2.83 seconds
2025-09-19 04:42:16,460 - INFO - Completed /viper/ptmp/arego/RC4K1_1/14532.h5 in 4.49 seconds
2025-09-19 04:42:16,461 - INFO - Processing /viper/ptmp/arego/RC4K1/6887.h5
2025-09-19 04:42:16,492 - INFO - Completed /viper/ptmp/arego/RC4K1_1/507.h5 in 2.59 seconds
2025-09-19 04:42:16,496 - INFO - Processing /viper/ptmp/arego/RC4K1/23291.h5
2025-09-19 04:42:16,628 - INFO - File 7946: Filtered 4417944 hits and 11 records
2025-09-19 04:42:16,652 - INFO - Processing /viper/ptmp/arego/RC4K1/4858.h5
2025-09-19 04:42:16,652 - INFO - Completed /viper/ptmp/arego/RC4K1_1/5030.h5 in 2.25 seconds
2025-09-19 04:42:16,737 - INFO - Completed /viper/ptmp/arego/RC4K1_1/17539.h5 in 3.13 seconds
2025-09-19 04:42:16,947 - INFO - Processing /viper/ptmp/arego/RC4K1/24636.h5
2025-09-19 04:42:16,958 - INFO - File 11609: Filtered 7129318 hits and 8 records
2025-09-19 04:42:16,983 - INFO - Completed /viper/ptmp/arego/RC4K1_1/8613.h5 in 4.00 seconds
2025-09-19 04:42:17,115 - INFO - File 29071: Filtered 4856052 hits and 7 records
2025-09-19 04:42:17,145 - INFO - Processing /viper/ptmp/arego/RC4K1/14722.h5
2025-09-19 04:42:17,182 - INFO - Processing /viper/ptmp/arego/RC4K1/1426.h5
2025-09-19 04:42:17,290 - INFO - File 7264: Filtered 4003016 hits and 7 records
2025-09-19 04:42:17,453 - INFO - Processing /viper/ptmp/arego/RC4K1/12354.h5
2025-09-19 04:42:17,473 - INFO - Processing /viper/ptmp/arego/RC4K1/3429.h5
2025-09-19 04:42:17,494 - INFO - File 27247: Filtered 7164691 hits and 5 records
2025-09-19 04:42:17,674 - INFO - File 8170: Filtered 7602205 hits and 9 records
2025-09-19 04:42:17,828 - INFO - File 25532: Filtered 3956026 hits and 9 records
2025-09-19 04:42:17,851 - INFO - Completed /viper/ptmp/arego/RC4K1_1/17182.h5 in 4.55 seconds
2025-09-19 04:42:17,869 - INFO - Processing /viper/ptmp/arego/RC4K1/29937.h5
2025-09-19 04:42:17,980 - INFO - Processing /viper/ptmp/arego/RC4K1/3415.h5
2025-09-19 04:42:18,135 - INFO - Completed /viper/ptmp/arego/RC4K1_1/11609.h5 in 3.47 seconds
2025-09-19 04:42:18,137 - INFO - File 11626: Filtered 6609810 hits and 7 records
2025-09-19 04:42:18,259 - INFO - File 25170: Filtered 4926257 hits and 8 records
2025-09-19 04:42:18,277 - INFO - Processing /viper/ptmp/arego/RC4K1/9498.h5
2025-09-19 04:42:18,486 - INFO - File 2996: Filtered 8220070 hits and 9 records
2025-09-19 04:42:18,602 - INFO - File 2702: Filtered 7197617 hits and 8 records
2025-09-19 04:42:18,608 - INFO - Processing /viper/ptmp/arego/RC4K1/5043.h5
2025-09-19 04:42:18,634 - INFO - Processing /viper/ptmp/arego/RC4K1/27549.h5
2025-09-19 04:42:18,747 - INFO - Processing /viper/ptmp/arego/RC4K1/16373.h5
2025-09-19 04:42:18,830 - INFO - File 6887: Filtered 6908936 hits and 5 records
2025-09-19 04:42:18,872 - INFO - Completed /viper/ptmp/arego/RC4K1_1/27247.h5 in 3.71 seconds
2025-09-19 04:42:18,905 - INFO - Completed /viper/ptmp/arego/RC4K1_1/7946.h5 in 4.46 seconds
2025-09-19 04:42:18,980 - INFO - Processing /viper/ptmp/arego/RC4K1/23243.h5
2025-09-19 04:42:19,011 - INFO - File 24636: Filtered 4630497 hits and 7 records
2025-09-19 04:42:19,086 - INFO - Completed /viper/ptmp/arego/RC4K1_1/8170.h5 in 3.93 seconds
2025-09-19 04:42:19,138 - INFO - File 23291: Filtered 5085125 hits and 7 records
2025-09-19 04:42:19,312 - INFO - File 4858: Filtered 6220700 hits and 8 records
2025-09-19 04:42:19,461 - INFO - Processing /viper/ptmp/arego/RC4K1/1852.h5
2025-09-19 04:42:19,470 - INFO - Processing /viper/ptmp/arego/RC4K1/25940.h5
2025-09-19 04:42:19,519 - INFO - File 3429: Filtered 3774341 hits and 6 records
2025-09-19 04:42:19,521 - INFO - Processing /viper/ptmp/arego/RC4K1/18048.h5
2025-09-19 04:42:19,527 - INFO - Completed /viper/ptmp/arego/RC4K1_1/2996.h5 in 3.62 seconds
2025-09-19 04:42:19,546 - INFO - File 1426: Filtered 10091019 hits and 7 records
2025-09-19 04:42:19,547 - INFO - Completed /viper/ptmp/arego/RC4K1_1/29071.h5 in 5.02 seconds
2025-09-19 04:42:19,598 - INFO - Completed /viper/ptmp/arego/RC4K1_1/11626.h5 in 3.37 seconds
2025-09-19 04:42:19,603 - INFO - Processing /viper/ptmp/arego/RC4K1/22220.h5
2025-09-19 04:42:19,888 - INFO - File 14722: Filtered 7375710 hits and 6 records
2025-09-19 04:42:20,060 - INFO - Completed /viper/ptmp/arego/RC4K1_1/1426.h5 in 2.88 seconds
2025-09-19 04:42:20,145 - INFO - Completed /viper/ptmp/arego/RC4K1_1/7264.h5 in 4.80 seconds
2025-09-19 04:42:20,164 - INFO - File 9498: Filtered 10413531 hits and 9 records
2025-09-19 04:42:20,168 - INFO - File 12354: Filtered 5670919 hits and 9 records
2025-09-19 04:42:20,201 - INFO - Processing /viper/ptmp/arego/RC4K1/704.h5
2025-09-19 04:42:20,253 - INFO - Processing /viper/ptmp/arego/RC4K1/23165.h5
2025-09-19 04:42:20,260 - INFO - Completed /viper/ptmp/arego/RC4K1_1/25532.h5 in 5.01 seconds
2025-09-19 04:42:20,316 - INFO - Completed /viper/ptmp/arego/RC4K1_1/2702.h5 in 4.30 seconds
2025-09-19 04:42:20,332 - INFO - Processing /viper/ptmp/arego/RC4K1/18814.h5
2025-09-19 04:42:20,355 - INFO - File 3415: Filtered 6278090 hits and 8 records
2025-09-19 04:42:20,470 - INFO - File 29937: Filtered 7154703 hits and 6 records
2025-09-19 04:42:20,483 - INFO - Completed /viper/ptmp/arego/RC4K1_1/6887.h5 in 4.02 seconds
2025-09-19 04:42:20,587 - INFO - Processing /viper/ptmp/arego/RC4K1/28697.h5
2025-09-19 04:42:20,611 - INFO - Completed /viper/ptmp/arego/RC4K1_1/9498.h5 in 2.33 seconds
2025-09-19 04:42:20,618 - INFO - Completed /viper/ptmp/arego/RC4K1_1/25170.h5 in 4.84 seconds
2025-09-19 04:42:20,772 - INFO - File 5043: Filtered 3383800 hits and 7 records
2025-09-19 04:42:20,869 - INFO - Processing /viper/ptmp/arego/RC4K1/17189.h5
2025-09-19 04:42:20,977 - INFO - Processing /viper/ptmp/arego/RC4K1/8634.h5
2025-09-19 04:42:21,167 - INFO - File 27549: Filtered 2216395 hits and 6 records
2025-09-19 04:42:21,198 - INFO - Completed /viper/ptmp/arego/RC4K1_1/23291.h5 in 4.70 seconds
2025-09-19 04:42:21,199 - INFO - Completed /viper/ptmp/arego/RC4K1_1/14722.h5 in 4.05 seconds
2025-09-19 04:42:21,306 - INFO - Completed /viper/ptmp/arego/RC4K1_1/24636.h5 in 4.36 seconds
2025-09-19 04:42:21,446 - INFO - File 16373: Filtered 7923807 hits and 10 records
2025-09-19 04:42:21,475 - INFO - File 23243: Filtered 7751825 hits and 10 records
2025-09-19 04:42:21,540 - INFO - Processing /viper/ptmp/arego/RC4K1/16595.h5
2025-09-19 04:42:21,555 - INFO - Processing /viper/ptmp/arego/RC4K1/10477.h5
2025-09-19 04:42:21,588 - INFO - Processing /viper/ptmp/arego/RC4K1/20312.h5
2025-09-19 04:42:21,710 - INFO - Completed /viper/ptmp/arego/RC4K1_1/4858.h5 in 5.06 seconds
2025-09-19 04:42:21,719 - INFO - File 18048: Filtered 6152382 hits and 7 records
2025-09-19 04:42:21,783 - INFO - Processing /viper/ptmp/arego/RC4K1/29761.h5
2025-09-19 04:42:21,914 - INFO - Completed /viper/ptmp/arego/RC4K1_1/29937.h5 in 4.05 seconds
2025-09-19 04:42:21,995 - INFO - Completed /viper/ptmp/arego/RC4K1_1/3415.h5 in 4.01 seconds
2025-09-19 04:42:22,028 - INFO - File 25940: Filtered 4071323 hits and 8 records
2025-09-19 04:42:22,173 - INFO - File 1852: Filtered 5573633 hits and 8 records
2025-09-19 04:42:22,237 - INFO - Completed /viper/ptmp/arego/RC4K1_1/3429.h5 in 4.76 seconds
2025-09-19 04:42:22,398 - INFO - File 22220: Filtered 7360363 hits and 8 records
2025-09-19 04:42:22,427 - INFO - Processing /viper/ptmp/arego/RC4K1/15280.h5
2025-09-19 04:42:22,441 - INFO - Processing /viper/ptmp/arego/RC4K1/23643.h5
2025-09-19 04:42:22,508 - INFO - Processing /viper/ptmp/arego/RC4K1/21851.h5
2025-09-19 04:42:22,587 - INFO - Completed /viper/ptmp/arego/RC4K1_1/16373.h5 in 3.84 seconds
2025-09-19 04:42:22,696 - INFO - Processing /viper/ptmp/arego/RC4K1/22257.h5
2025-09-19 04:42:22,826 - INFO - File 28697: Filtered 3667478 hits and 8 records
2025-09-19 04:42:22,861 - INFO - Completed /viper/ptmp/arego/RC4K1_1/12354.h5 in 5.41 seconds
2025-09-19 04:42:22,864 - INFO - File 23165: Filtered 8986327 hits and 8 records
2025-09-19 04:42:22,910 - INFO - File 704: Filtered 9815943 hits and 12 records
2025-09-19 04:42:23,146 - INFO - File 18814: Filtered 9179666 hits and 7 records
2025-09-19 04:42:23,161 - INFO - Processing /viper/ptmp/arego/RC4K1/23506.h5
2025-09-19 04:42:23,313 - INFO - Completed /viper/ptmp/arego/RC4K1_1/23243.h5 in 4.33 seconds
2025-09-19 04:42:23,322 - INFO - Processing /viper/ptmp/arego/RC4K1/26295.h5
2025-09-19 04:42:23,366 - INFO - Processing /viper/ptmp/arego/RC4K1/26864.h5
2025-09-19 04:42:23,542 - INFO - Processing /viper/ptmp/arego/RC4K1/29763.h5
2025-09-19 04:42:23,566 - INFO - File 17189: Filtered 6274952 hits and 8 records
2025-09-19 04:42:23,649 - INFO - Completed /viper/ptmp/arego/RC4K1_1/18048.h5 in 4.13 seconds
2025-09-19 04:42:23,736 - INFO - File 8634: Filtered 7802774 hits and 9 records
2025-09-19 04:42:23,753 - INFO - Completed /viper/ptmp/arego/RC4K1_1/704.h5 in 3.55 seconds
2025-09-19 04:42:23,806 - INFO - Completed /viper/ptmp/arego/RC4K1_1/23165.h5 in 3.55 seconds
2025-09-19 04:42:23,809 - INFO - File 20312: Filtered 5071677 hits and 4 records
2025-09-19 04:42:23,862 - INFO - Completed /viper/ptmp/arego/RC4K1_1/5043.h5 in 5.25 seconds
2025-09-19 04:42:23,905 - INFO - Processing /viper/ptmp/arego/RC4K1/4792.h5
2025-09-19 04:42:24,053 - INFO - Processing /viper/ptmp/arego/RC4K1/24884.h5
2025-09-19 04:42:24,057 - INFO - Processing /viper/ptmp/arego/RC4K1/15923.h5
2025-09-19 04:42:24,084 - INFO - File 16595: Filtered 7540763 hits and 7 records
2025-09-19 04:42:24,141 - INFO - Completed /viper/ptmp/arego/RC4K1_1/1852.h5 in 4.68 seconds
2025-09-19 04:42:24,159 - INFO - Completed /viper/ptmp/arego/RC4K1_1/18814.h5 in 3.83 seconds
2025-09-19 04:42:24,347 - INFO - File 29761: Filtered 8793054 hits and 7 records
2025-09-19 04:42:24,405 - INFO - Processing /viper/ptmp/arego/RC4K1/11515.h5
2025-09-19 04:42:24,535 - INFO - Completed /viper/ptmp/arego/RC4K1_1/22220.h5 in 4.93 seconds
2025-09-19 04:42:24,585 - INFO - Completed /viper/ptmp/arego/RC4K1_1/25940.h5 in 5.11 seconds
2025-09-19 04:42:24,633 - INFO - File 10477: Filtered 7334173 hits and 8 records
2025-09-19 04:42:24,665 - INFO - Processing /viper/ptmp/arego/RC4K1/20109.h5
2025-09-19 04:42:24,666 - INFO - Processing /viper/ptmp/arego/RC4K1/16007.h5
2025-09-19 04:42:24,754 - INFO - File 23643: Filtered 3718228 hits and 5 records
2025-09-19 04:42:24,864 - INFO - Completed /viper/ptmp/arego/RC4K1_1/27549.h5 in 6.23 seconds
2025-09-19 04:42:24,896 - INFO - Completed /viper/ptmp/arego/RC4K1_1/8634.h5 in 3.92 seconds
2025-09-19 04:42:25,076 - INFO - File 21851: Filtered 5155919 hits and 8 records
2025-09-19 04:42:25,123 - INFO - Processing /viper/ptmp/arego/RC4K1/16059.h5
2025-09-19 04:42:25,193 - INFO - Processing /viper/ptmp/arego/RC4K1/28598.h5
2025-09-19 04:42:25,237 - INFO - Processing /viper/ptmp/arego/RC4K1/25757.h5
2025-09-19 04:42:25,257 - INFO - File 15280: Filtered 7234663 hits and 6 records
2025-09-19 04:42:25,302 - INFO - Completed /viper/ptmp/arego/RC4K1_1/29761.h5 in 3.52 seconds
2025-09-19 04:42:25,414 - INFO - File 26864: Filtered 9324461 hits and 8 records
2025-09-19 04:42:25,436 - INFO - Processing /viper/ptmp/arego/RC4K1/505.h5
2025-09-19 04:42:25,548 - INFO - File 22257: Filtered 2063496 hits and 4 records
2025-09-19 04:42:25,685 - INFO - File 29763: Filtered 7554979 hits and 7 records
2025-09-19 04:42:25,708 - INFO - Completed /viper/ptmp/arego/RC4K1_1/16595.h5 in 4.17 seconds
2025-09-19 04:42:25,780 - INFO - Processing /viper/ptmp/arego/RC4K1/20729.h5
2025-09-19 04:42:25,832 - INFO - File 23506: Filtered 5046009 hits and 7 records
2025-09-19 04:42:25,854 - INFO - Processing /viper/ptmp/arego/RC4K1/20242.h5
2025-09-19 04:42:25,870 - INFO - Completed /viper/ptmp/arego/RC4K1_1/28697.h5 in 5.28 seconds
2025-09-19 04:42:25,909 - INFO - Completed /viper/ptmp/arego/RC4K1_1/20312.h5 in 4.32 seconds
2025-09-19 04:42:25,924 - INFO - Processing /viper/ptmp/arego/RC4K1/13280.h5
2025-09-19 04:42:26,148 - INFO - Completed /viper/ptmp/arego/RC4K1_1/26864.h5 in 2.78 seconds
2025-09-19 04:42:26,375 - INFO - File 26295: Filtered 7192078 hits and 6 records
2025-09-19 04:42:26,392 - INFO - Processing /viper/ptmp/arego/RC4K1/18243.h5
2025-09-19 04:42:26,431 - INFO - Processing /viper/ptmp/arego/RC4K1/23351.h5
2025-09-19 04:42:26,588 - INFO - Processing /viper/ptmp/arego/RC4K1/6013.h5
2025-09-19 04:42:26,635 - INFO - File 4792: Filtered 9157247 hits and 9 records
2025-09-19 04:42:26,660 - INFO - File 24884: Filtered 9228855 hits and 5 records
2025-09-19 04:42:26,682 - INFO - Completed /viper/ptmp/arego/RC4K1_1/10477.h5 in 5.13 seconds
2025-09-19 04:42:26,748 - INFO - File 11515: Filtered 4646733 hits and 5 records
2025-09-19 04:42:26,817 - INFO - Processing /viper/ptmp/arego/RC4K1/12790.h5
2025-09-19 04:42:26,885 - INFO - Completed /viper/ptmp/arego/RC4K1_1/17189.h5 in 6.02 seconds
2025-09-19 04:42:26,936 - INFO - Processing /viper/ptmp/arego/RC4K1/6232.h5
2025-09-19 04:42:26,993 - INFO - File 15923: Filtered 9224566 hits and 8 records
2025-09-19 04:42:27,106 - INFO - Completed /viper/ptmp/arego/RC4K1_1/15280.h5 in 4.68 seconds
2025-09-19 04:42:27,153 - INFO - File 16007: Filtered 8518263 hits and 8 records
2025-09-19 04:42:27,214 - INFO - Completed /viper/ptmp/arego/RC4K1_1/29763.h5 in 3.67 seconds
2025-09-19 04:42:27,265 - INFO - Processing /viper/ptmp/arego/RC4K1/4922.h5
2025-09-19 04:42:27,410 - INFO - Processing /viper/ptmp/arego/RC4K1/2089.h5
2025-09-19 04:42:27,446 - INFO - Completed /viper/ptmp/arego/RC4K1_1/21851.h5 in 4.94 seconds
2025-09-19 04:42:27,460 - INFO - Completed /viper/ptmp/arego/RC4K1_1/23643.h5 in 5.02 seconds
2025-09-19 04:42:27,479 - INFO - Processing /viper/ptmp/arego/RC4K1/1598.h5
2025-09-19 04:42:27,868 - INFO - File 16059: Filtered 9159651 hits and 10 records
2025-09-19 04:42:27,917 - INFO - Processing /viper/ptmp/arego/RC4K1/11112.h5
2025-09-19 04:42:27,956 - INFO - Completed /viper/ptmp/arego/RC4K1_1/4792.h5 in 4.05 seconds
2025-09-19 04:42:27,962 - INFO - Processing /viper/ptmp/arego/RC4K1/16277.h5
2025-09-19 04:42:27,971 - INFO - File 20109: Filtered 5519700 hits and 6 records
2025-09-19 04:42:28,023 - INFO - File 505: Filtered 3738890 hits and 9 records
2025-09-19 04:42:28,048 - INFO - Processing /viper/ptmp/arego/RC4K1/29405.h5
2025-09-19 04:42:28,117 - INFO - File 28598: Filtered 5406882 hits and 4 records
2025-09-19 04:42:28,202 - INFO - Completed /viper/ptmp/arego/RC4K1_1/15923.h5 in 4.15 seconds
2025-09-19 04:42:28,263 - INFO - Completed /viper/ptmp/arego/RC4K1_1/24884.h5 in 4.21 seconds
2025-09-19 04:42:28,363 - INFO - File 25757: Filtered 7244357 hits and 7 records
2025-09-19 04:42:28,400 - INFO - Completed /viper/ptmp/arego/RC4K1_1/23506.h5 in 5.24 seconds
2025-09-19 04:42:28,415 - INFO - Processing /viper/ptmp/arego/RC4K1/27904.h5
2025-09-19 04:42:28,526 - INFO - Completed /viper/ptmp/arego/RC4K1_1/26295.h5 in 5.20 seconds
2025-09-19 04:42:28,700 - INFO - Processing /viper/ptmp/arego/RC4K1/21571.h5
2025-09-19 04:42:28,757 - INFO - Processing /viper/ptmp/arego/RC4K1/15527.h5
2025-09-19 04:42:28,772 - INFO - Processing /viper/ptmp/arego/RC4K1/7504.h5
2025-09-19 04:42:28,804 - INFO - File 23351: Filtered 3310833 hits and 4 records
2025-09-19 04:42:28,805 - INFO - Completed /viper/ptmp/arego/RC4K1_1/16007.h5 in 4.14 seconds
2025-09-19 04:42:28,842 - INFO - Completed /viper/ptmp/arego/RC4K1_1/22257.h5 in 6.15 seconds
2025-09-19 04:42:28,884 - INFO - File 20242: Filtered 8462377 hits and 9 records
2025-09-19 04:42:29,167 - INFO - File 13280: Filtered 3920442 hits and 7 records
2025-09-19 04:42:29,194 - INFO - File 20729: Filtered 9848574 hits and 10 records
2025-09-19 04:42:29,298 - INFO - Processing /viper/ptmp/arego/RC4K1/24861.h5
2025-09-19 04:42:29,379 - INFO - Completed /viper/ptmp/arego/RC4K1_1/11515.h5 in 4.97 seconds
2025-09-19 04:42:29,413 - INFO - Processing /viper/ptmp/arego/RC4K1/8016.h5
2025-09-19 04:42:29,413 - INFO - Completed /viper/ptmp/arego/RC4K1_1/16059.h5 in 4.29 seconds
2025-09-19 04:42:29,469 - INFO - File 6013: Filtered 11059535 hits and 6 records
2025-09-19 04:42:29,567 - INFO - Processing /viper/ptmp/arego/RC4K1/1715.h5
2025-09-19 04:42:29,603 - INFO - Processing /viper/ptmp/arego/RC4K1/10981.h5
2025-09-19 04:42:29,688 - INFO - File 2089: Filtered 7651802 hits and 6 records
2025-09-19 04:42:29,874 - INFO - File 6232: Filtered 9419115 hits and 7 records
2025-09-19 04:42:29,933 - INFO - File 1598: Filtered 4603474 hits and 6 records
2025-09-19 04:42:30,057 - INFO - File 12790: Filtered 6705449 hits and 9 records
2025-09-19 04:42:30,134 - INFO - File 4922: Filtered 9364478 hits and 8 records
2025-09-19 04:42:30,151 - INFO - File 18243: Filtered 4653060 hits and 7 records
2025-09-19 04:42:30,203 - INFO - Processing /viper/ptmp/arego/RC4K1/5163.h5
2025-09-19 04:42:30,220 - INFO - Processing /viper/ptmp/arego/RC4K1/26419.h5
2025-09-19 04:42:30,230 - INFO - Completed /viper/ptmp/arego/RC4K1_1/25757.h5 in 4.99 seconds
2025-09-19 04:42:30,382 - INFO - Completed /viper/ptmp/arego/RC4K1_1/6013.h5 in 3.79 seconds
2025-09-19 04:42:30,430 - INFO - Processing /viper/ptmp/arego/RC4K1/6599.h5
2025-09-19 04:42:30,597 - INFO - Completed /viper/ptmp/arego/RC4K1_1/20109.h5 in 5.93 seconds
2025-09-19 04:42:30,662 - INFO - Completed /viper/ptmp/arego/RC4K1_1/20242.h5 in 4.81 seconds
2025-09-19 04:42:30,725 - INFO - Completed /viper/ptmp/arego/RC4K1_1/28598.h5 in 5.53 seconds
2025-09-19 04:42:30,733 - INFO - File 16277: Filtered 11944544 hits and 5 records
2025-09-19 04:42:30,792 - INFO - File 27904: Filtered 5448503 hits and 6 records
2025-09-19 04:42:30,896 - INFO - File 11112: Filtered 5859249 hits and 5 records
2025-09-19 04:42:31,029 - INFO - Completed /viper/ptmp/arego/RC4K1_1/6232.h5 in 4.09 seconds
2025-09-19 04:42:31,044 - INFO - Processing /viper/ptmp/arego/RC4K1/16027.h5
2025-09-19 04:42:31,134 - INFO - Processing /viper/ptmp/arego/RC4K1/13889.h5
2025-09-19 04:42:31,161 - INFO - Completed /viper/ptmp/arego/RC4K1_1/505.h5 in 5.73 seconds
2025-09-19 04:42:31,215 - INFO - Completed /viper/ptmp/arego/RC4K1_1/2089.h5 in 3.81 seconds
2025-09-19 04:42:31,356 - INFO - Processing /viper/ptmp/arego/RC4K1/7592.h5
2025-09-19 04:42:31,381 - INFO - Processing /viper/ptmp/arego/RC4K1/544.h5
2025-09-19 04:42:31,444 - INFO - File 29405: Filtered 7245902 hits and 9 records
2025-09-19 04:42:31,476 - INFO - Completed /viper/ptmp/arego/RC4K1_1/4922.h5 in 4.21 seconds
2025-09-19 04:42:31,657 - INFO - Completed /viper/ptmp/arego/RC4K1_1/16277.h5 in 3.70 seconds
2025-09-19 04:42:31,684 - INFO - Completed /viper/ptmp/arego/RC4K1_1/20729.h5 in 5.90 seconds
2025-09-19 04:42:31,718 - INFO - File 8016: Filtered 4821461 hits and 3 records
2025-09-19 04:42:31,781 - INFO - File 7504: Filtered 8729129 hits and 6 records
2025-09-19 04:42:31,783 - INFO - File 15527: Filtered 6012782 hits and 5 records
2025-09-19 04:42:31,853 - INFO - Processing /viper/ptmp/arego/RC4K1/12128.h5
2025-09-19 04:42:31,861 - INFO - Processing /viper/ptmp/arego/RC4K1/28016.h5
2025-09-19 04:42:31,887 - INFO - Processing /viper/ptmp/arego/RC4K1/1679.h5
2025-09-19 04:42:32,049 - INFO - Processing /viper/ptmp/arego/RC4K1/5819.h5
2025-09-19 04:42:32,174 - INFO - Completed /viper/ptmp/arego/RC4K1_1/13280.h5 in 6.25 seconds
2025-09-19 04:42:32,406 - INFO - Processing /viper/ptmp/arego/RC4K1/26016.h5
2025-09-19 04:42:32,504 - INFO - File 1715: Filtered 7705351 hits and 7 records
2025-09-19 04:42:32,537 - INFO - File 21571: Filtered 4480690 hits and 5 records
2025-09-19 04:42:32,558 - INFO - File 10981: Filtered 12247040 hits and 8 records
2025-09-19 04:42:32,597 - INFO - Completed /viper/ptmp/arego/RC4K1_1/23351.h5 in 6.17 seconds
2025-09-19 04:42:32,671 - INFO - Completed /viper/ptmp/arego/RC4K1_1/1598.h5 in 5.19 seconds
2025-09-19 04:42:32,689 - INFO - Processing /viper/ptmp/arego/RC4K1/21842.h5
2025-09-19 04:42:32,727 - INFO - Processing /viper/ptmp/arego/RC4K1/27546.h5
2025-09-19 04:42:32,869 - INFO - File 5163: Filtered 9406794 hits and 8 records
2025-09-19 04:42:32,928 - INFO - File 24861: Filtered 9145915 hits and 8 records
2025-09-19 04:42:32,980 - INFO - Completed /viper/ptmp/arego/RC4K1_1/12790.h5 in 6.16 seconds
2025-09-19 04:42:33,012 - INFO - Processing /viper/ptmp/arego/RC4K1/17036.h5
2025-09-19 04:42:33,113 - INFO - Completed /viper/ptmp/arego/RC4K1_1/10981.h5 in 3.51 seconds
2025-09-19 04:42:33,133 - INFO - File 6599: Filtered 9961025 hits and 6 records
2025-09-19 04:42:33,272 - INFO - Completed /viper/ptmp/arego/RC4K1_1/11112.h5 in 5.35 seconds
2025-09-19 04:42:33,285 - INFO - File 26419: Filtered 8023449 hits and 5 records
2025-09-19 04:42:33,289 - INFO - Processing /viper/ptmp/arego/RC4K1/20059.h5
2025-09-19 04:42:33,309 - INFO - Completed /viper/ptmp/arego/RC4K1_1/27904.h5 in 4.89 seconds
2025-09-19 04:42:33,426 - INFO - Processing /viper/ptmp/arego/RC4K1/410.h5
2025-09-19 04:42:33,576 - INFO - Completed /viper/ptmp/arego/RC4K1_1/7504.h5 in 4.80 seconds
2025-09-19 04:42:33,736 - INFO - Processing /viper/ptmp/arego/RC4K1/21352.h5
2025-09-19 04:42:33,808 - INFO - Processing /viper/ptmp/arego/RC4K1/6893.h5
2025-09-19 04:42:33,857 - INFO - File 7592: Filtered 6510968 hits and 9 records
2025-09-19 04:42:33,929 - INFO - Processing /viper/ptmp/arego/RC4K1/9805.h5
2025-09-19 04:42:34,006 - INFO - Completed /viper/ptmp/arego/RC4K1_1/6599.h5 in 3.58 seconds
2025-09-19 04:42:34,052 - INFO - File 16027: Filtered 8581911 hits and 11 records
2025-09-19 04:42:34,124 - INFO - Completed /viper/ptmp/arego/RC4K1_1/5163.h5 in 3.92 seconds
2025-09-19 04:42:34,228 - INFO - File 13889: Filtered 11249152 hits and 8 records
2025-09-19 04:42:34,237 - INFO - Processing /viper/ptmp/arego/RC4K1/7885.h5
2025-09-19 04:42:34,354 - INFO - Processing /viper/ptmp/arego/RC4K1/27909.h5
2025-09-19 04:42:34,469 - INFO - Completed /viper/ptmp/arego/RC4K1_1/1715.h5 in 4.90 seconds
2025-09-19 04:42:34,472 - INFO - Completed /viper/ptmp/arego/RC4K1_1/18243.h5 in 8.08 seconds
2025-09-19 04:42:34,632 - INFO - Completed /viper/ptmp/arego/RC4K1_1/29405.h5 in 6.58 seconds
2025-09-19 04:42:34,685 - INFO - Completed /viper/ptmp/arego/RC4K1_1/8016.h5 in 5.27 seconds
2025-09-19 04:42:34,695 - INFO - File 1679: Filtered 9615910 hits and 8 records
2025-09-19 04:42:34,727 - INFO - File 544: Filtered 5493576 hits and 6 records
2025-09-19 04:42:34,819 - INFO - Completed /viper/ptmp/arego/RC4K1_1/15527.h5 in 6.06 seconds
2025-09-19 04:42:34,902 - INFO - File 12128: Filtered 8335844 hits and 8 records
2025-09-19 04:42:34,928 - INFO - Processing /viper/ptmp/arego/RC4K1/3255.h5
2025-09-19 04:42:35,059 - INFO - Processing /viper/ptmp/arego/RC4K1/19921.h5
2025-09-19 04:42:35,117 - INFO - File 28016: Filtered 3438777 hits and 3 records
2025-09-19 04:42:35,144 - INFO - File 5819: Filtered 6522129 hits and 4 records
2025-09-19 04:42:35,151 - INFO - Processing /viper/ptmp/arego/RC4K1/14661.h5
2025-09-19 04:42:35,200 - INFO - Completed /viper/ptmp/arego/RC4K1_1/13889.h5 in 4.07 seconds
2025-09-19 04:42:35,305 - INFO - Completed /viper/ptmp/arego/RC4K1_1/26419.h5 in 5.09 seconds
2025-09-19 04:42:35,331 - INFO - File 26016: Filtered 4670267 hits and 5 records
2025-09-19 04:42:35,438 - INFO - Completed /viper/ptmp/arego/RC4K1_1/24861.h5 in 6.14 seconds
2025-09-19 04:42:35,501 - INFO - File 17036: Filtered 5971509 hits and 7 records
2025-09-19 04:42:35,521 - INFO - File 21842: Filtered 11746842 hits and 7 records
2025-09-19 04:42:35,661 - INFO - Processing /viper/ptmp/arego/RC4K1/8190.h5
2025-09-19 04:42:35,726 - INFO - Processing /viper/ptmp/arego/RC4K1/11218.h5
2025-09-19 04:42:35,757 - INFO - Processing /viper/ptmp/arego/RC4K1/25198.h5
2025-09-19 04:42:35,783 - INFO - Completed /viper/ptmp/arego/RC4K1_1/16027.h5 in 4.74 seconds
2025-09-19 04:42:35,831 - INFO - Processing /viper/ptmp/arego/RC4K1/1097.h5
2025-09-19 04:42:35,880 - INFO - File 27546: Filtered 10134385 hits and 7 records
2025-09-19 04:42:36,026 - INFO - Completed /viper/ptmp/arego/RC4K1_1/1679.h5 in 4.14 seconds
2025-09-19 04:42:36,053 - INFO - Completed /viper/ptmp/arego/RC4K1_1/21571.h5 in 7.35 seconds
2025-09-19 04:42:36,241 - INFO - Processing /viper/ptmp/arego/RC4K1/22736.h5
2025-09-19 04:42:36,319 - INFO - Processing /viper/ptmp/arego/RC4K1/2225.h5
2025-09-19 04:42:36,360 - INFO - Completed /viper/ptmp/arego/RC4K1_1/21842.h5 in 3.67 seconds
2025-09-19 04:42:36,414 - INFO - File 410: Filtered 11965495 hits and 8 records
2025-09-19 04:42:36,498 - INFO - Processing /viper/ptmp/arego/RC4K1/20259.h5
2025-09-19 04:42:36,560 - INFO - File 20059: Filtered 8085911 hits and 6 records
2025-09-19 04:42:36,690 - INFO - Completed /viper/ptmp/arego/RC4K1_1/7592.h5 in 5.33 seconds
2025-09-19 04:42:36,747 - INFO - Processing /viper/ptmp/arego/RC4K1/13523.h5
2025-09-19 04:42:36,808 - INFO - Completed /viper/ptmp/arego/RC4K1_1/12128.h5 in 4.96 seconds
2025-09-19 04:42:36,854 - INFO - Processing /viper/ptmp/arego/RC4K1/1542.h5
2025-09-19 04:42:36,922 - INFO - File 6893: Filtered 10386707 hits and 7 records
2025-09-19 04:42:36,930 - INFO - File 9805: Filtered 7438287 hits and 9 records
2025-09-19 04:42:37,042 - INFO - File 21352: Filtered 5870823 hits and 6 records
2025-09-19 04:42:37,108 - INFO - File 7885: Filtered 8749032 hits and 5 records
2025-09-19 04:42:37,184 - INFO - Processing /viper/ptmp/arego/RC4K1/12106.h5
2025-09-19 04:42:37,217 - INFO - Completed /viper/ptmp/arego/RC4K1_1/410.h5 in 3.79 seconds
2025-09-19 04:42:37,403 - INFO - Completed /viper/ptmp/arego/RC4K1_1/27546.h5 in 4.68 seconds
2025-09-19 04:42:37,415 - INFO - Processing /viper/ptmp/arego/RC4K1/24102.h5
2025-09-19 04:42:37,829 - INFO - Processing /viper/ptmp/arego/RC4K1/8283.h5
2025-09-19 04:42:37,858 - INFO - File 27909: Filtered 6211297 hits and 4 records
2025-09-19 04:42:37,889 - INFO - Completed /viper/ptmp/arego/RC4K1_1/544.h5 in 6.51 seconds
2025-09-19 04:42:37,893 - INFO - File 3255: Filtered 4440485 hits and 5 records
2025-09-19 04:42:37,907 - INFO - Processing /viper/ptmp/arego/RC4K1/12578.h5
2025-09-19 04:42:37,929 - INFO - Completed /viper/ptmp/arego/RC4K1_1/17036.h5 in 4.92 seconds
2025-09-19 04:42:37,979 - INFO - Completed /viper/ptmp/arego/RC4K1_1/6893.h5 in 4.17 seconds
2025-09-19 04:42:38,182 - INFO - Completed /viper/ptmp/arego/RC4K1_1/5819.h5 in 6.13 seconds
2025-09-19 04:42:38,264 - INFO - Processing /viper/ptmp/arego/RC4K1/24945.h5
2025-09-19 04:42:38,312 - INFO - File 14661: Filtered 8242558 hits and 8 records
2025-09-19 04:42:38,462 - INFO - Processing /viper/ptmp/arego/RC4K1/2790.h5
2025-09-19 04:42:38,689 - INFO - Processing /viper/ptmp/arego/RC4K1/18843.h5
2025-09-19 04:42:38,709 - INFO - Completed /viper/ptmp/arego/RC4K1_1/20059.h5 in 5.42 seconds
2025-09-19 04:42:38,760 - INFO - File 19921: Filtered 7578604 hits and 6 records
2025-09-19 04:42:38,781 - INFO - File 25198: Filtered 8449891 hits and 8 records
2025-09-19 04:42:38,819 - INFO - File 8190: Filtered 8454820 hits and 7 records
2025-09-19 04:42:38,943 - INFO - Processing /viper/ptmp/arego/RC4K1/8338.h5
2025-09-19 04:42:38,966 - INFO - Processing /viper/ptmp/arego/RC4K1/10310.h5
2025-09-19 04:42:39,009 - INFO - Completed /viper/ptmp/arego/RC4K1_1/7885.h5 in 4.77 seconds
2025-09-19 04:42:39,015 - INFO - Processing /viper/ptmp/arego/RC4K1/15216.h5
2025-09-19 04:42:39,022 - INFO - Completed /viper/ptmp/arego/RC4K1_1/26016.h5 in 6.62 seconds
2025-09-19 04:42:39,282 - INFO - File 1097: Filtered 5113931 hits and 5 records
2025-09-19 04:42:39,371 - INFO - Completed /viper/ptmp/arego/RC4K1_1/9805.h5 in 5.44 seconds
2025-09-19 04:42:39,398 - INFO - Processing /viper/ptmp/arego/RC4K1/26828.h5
2025-09-19 04:42:39,454 - INFO - Processing /viper/ptmp/arego/RC4K1/10166.h5
2025-09-19 04:42:39,578 - INFO - File 22736: Filtered 9280222 hits and 9 records
2025-09-19 04:42:39,579 - INFO - Processing /viper/ptmp/arego/RC4K1/10582.h5
2025-09-19 04:42:39,589 - INFO - File 13523: Filtered 11325558 hits and 7 records
2025-09-19 04:42:39,735 - INFO - File 11218: Filtered 8366648 hits and 6 records
2025-09-19 04:42:39,922 - INFO - Completed /viper/ptmp/arego/RC4K1_1/28016.h5 in 8.06 seconds
2025-09-19 04:42:39,934 - INFO - File 20259: Filtered 11100020 hits and 9 records
2025-09-19 04:42:39,998 - INFO - Processing /viper/ptmp/arego/RC4K1/4546.h5
2025-09-19 04:42:40,051 - INFO - File 2225: Filtered 8787768 hits and 7 records
2025-09-19 04:42:40,177 - INFO - Processing /viper/ptmp/arego/RC4K1/12317.h5
2025-09-19 04:42:40,209 - INFO - File 24102: Filtered 5888506 hits and 3 records
2025-09-19 04:42:40,478 - INFO - Completed /viper/ptmp/arego/RC4K1_1/14661.h5 in 5.33 seconds
2025-09-19 04:42:40,502 - INFO - Processing /viper/ptmp/arego/RC4K1/482.h5
2025-09-19 04:42:40,515 - INFO - Completed /viper/ptmp/arego/RC4K1_1/21352.h5 in 6.78 seconds
2025-09-19 04:42:40,521 - INFO - File 1542: Filtered 7808216 hits and 9 records
2025-09-19 04:42:40,677 - INFO - Completed /viper/ptmp/arego/RC4K1_1/27909.h5 in 6.32 seconds
2025-09-19 04:42:40,692 - INFO - Processing /viper/ptmp/arego/RC4K1/4768.h5
2025-09-19 04:42:40,702 - INFO - Processing /viper/ptmp/arego/RC4K1/14949.h5
2025-09-19 04:42:40,761 - INFO - Completed /viper/ptmp/arego/RC4K1_1/13523.h5 in 4.01 seconds
2025-09-19 04:42:40,814 - INFO - File 24945: Filtered 14742836 hits and 8 records
2025-09-19 04:42:41,024 - INFO - File 12106: Filtered 3297590 hits and 5 records
2025-09-19 04:42:41,044 - INFO - Completed /viper/ptmp/arego/RC4K1_1/25198.h5 in 5.29 seconds
2025-09-19 04:42:41,046 - INFO - Completed /viper/ptmp/arego/RC4K1_1/8190.h5 in 5.38 seconds
2025-09-19 04:42:41,121 - INFO - Processing /viper/ptmp/arego/RC4K1/8205.h5
2025-09-19 04:42:41,132 - INFO - Completed /viper/ptmp/arego/RC4K1_1/24945.h5 in 2.87 seconds
2025-09-19 04:42:41,310 - INFO - Completed /viper/ptmp/arego/RC4K1_1/20259.h5 in 4.81 seconds
2025-09-19 04:42:41,484 - INFO - Processing /viper/ptmp/arego/RC4K1/18154.h5
2025-09-19 04:42:41,508 - INFO - Processing /viper/ptmp/arego/RC4K1/259.h5
2025-09-19 04:42:41,664 - INFO - File 2790: Filtered 7491991 hits and 8 records
2025-09-19 04:42:41,781 - INFO - Completed /viper/ptmp/arego/RC4K1_1/19921.h5 in 6.72 seconds
2025-09-19 04:42:41,796 - INFO - Processing /viper/ptmp/arego/RC4K1/19243.h5
2025-09-19 04:42:41,815 - INFO - File 8283: Filtered 2805542 hits and 4 records
2025-09-19 04:42:41,902 - INFO - File 8338: Filtered 9556421 hits and 7 records
2025-09-19 04:42:41,921 - INFO - File 12578: Filtered 4865621 hits and 5 records
2025-09-19 04:42:41,996 - INFO - File 10310: Filtered 12588653 hits and 10 records
2025-09-19 04:42:41,997 - INFO - Processing /viper/ptmp/arego/RC4K1/17156.h5
2025-09-19 04:42:42,120 - INFO - Processing /viper/ptmp/arego/RC4K1/17544.h5
2025-09-19 04:42:42,387 - INFO - Completed /viper/ptmp/arego/RC4K1_1/22736.h5 in 6.15 seconds
2025-09-19 04:42:42,463 - INFO - Processing /viper/ptmp/arego/RC4K1/16478.h5
2025-09-19 04:42:42,545 - INFO - Processing /viper/ptmp/arego/RC4K1/29306.h5
2025-09-19 04:42:42,594 - INFO - File 15216: Filtered 9465537 hits and 8 records
2025-09-19 04:42:42,620 - INFO - Completed /viper/ptmp/arego/RC4K1_1/11218.h5 in 6.89 seconds
2025-09-19 04:42:42,624 - INFO - File 26828: Filtered 9764105 hits and 8 records
2025-09-19 04:42:42,798 - INFO - File 18843: Filtered 6209610 hits and 8 records
2025-09-19 04:42:42,871 - INFO - Processing /viper/ptmp/arego/RC4K1/6574.h5
2025-09-19 04:42:42,880 - INFO - Completed /viper/ptmp/arego/RC4K1_1/1097.h5 in 7.05 seconds
2025-09-19 04:42:42,902 - INFO - File 10166: Filtered 8883848 hits and 9 records
2025-09-19 04:42:42,996 - INFO - Processing /viper/ptmp/arego/RC4K1/10246.h5
2025-09-19 04:42:43,048 - INFO - Completed /viper/ptmp/arego/RC4K1_1/2225.h5 in 6.73 seconds
2025-09-19 04:42:43,075 - INFO - Completed /viper/ptmp/arego/RC4K1_1/10310.h5 in 4.11 seconds
2025-09-19 04:42:43,153 - INFO - Completed /viper/ptmp/arego/RC4K1_1/1542.h5 in 6.30 seconds
2025-09-19 04:42:43,163 - INFO - Processing /viper/ptmp/arego/RC4K1/11126.h5
2025-09-19 04:42:43,575 - INFO - File 4546: Filtered 7472084 hits and 9 records
2025-09-19 04:42:43,615 - INFO - File 12317: Filtered 8829030 hits and 7 records
2025-09-19 04:42:43,691 - INFO - Completed /viper/ptmp/arego/RC4K1_1/3255.h5 in 8.76 seconds
2025-09-19 04:42:43,700 - INFO - File 10582: Filtered 14215282 hits and 9 records
2025-09-19 04:42:43,700 - INFO - Processing /viper/ptmp/arego/RC4K1/12618.h5
2025-09-19 04:42:43,734 - INFO - Processing /viper/ptmp/arego/RC4K1/10799.h5
2025-09-19 04:42:43,763 - INFO - Processing /viper/ptmp/arego/RC4K1/7086.h5
2025-09-19 04:42:44,006 - INFO - Completed /viper/ptmp/arego/RC4K1_1/8338.h5 in 5.06 seconds
2025-09-19 04:42:44,033 - INFO - Completed /viper/ptmp/arego/RC4K1_1/24102.h5 in 6.62 seconds
2025-09-19 04:42:44,199 - INFO - File 4768: Filtered 7205374 hits and 6 records
2025-09-19 04:42:44,236 - INFO - Processing /viper/ptmp/arego/RC4K1/1524.h5
2025-09-19 04:42:44,375 - INFO - Completed /viper/ptmp/arego/RC4K1_1/10582.h5 in 4.80 seconds
2025-09-19 04:42:44,564 - INFO - File 14949: Filtered 5838128 hits and 7 records
2025-09-19 04:42:44,683 - INFO - Completed /viper/ptmp/arego/RC4K1_1/2790.h5 in 6.22 seconds
2025-09-19 04:42:44,692 - INFO - Processing /viper/ptmp/arego/RC4K1/27489.h5
2025-09-19 04:42:44,701 - INFO - File 482: Filtered 5586328 hits and 5 records
2025-09-19 04:42:44,724 - INFO - File 17156: Filtered 14760133 hits and 7 records
2025-09-19 04:42:44,837 - INFO - Processing /viper/ptmp/arego/RC4K1/26578.h5
2025-09-19 04:42:44,978 - INFO - Completed /viper/ptmp/arego/RC4K1_1/10166.h5 in 5.52 seconds
2025-09-19 04:42:45,024 - INFO - Processing /viper/ptmp/arego/RC4K1/25111.h5
2025-09-19 04:42:45,090 - INFO - File 18154: Filtered 10522143 hits and 7 records
2025-09-19 04:42:45,275 - INFO - File 259: Filtered 11367798 hits and 10 records
2025-09-19 04:42:45,283 - INFO - File 8205: Filtered 6332471 hits and 5 records
2025-09-19 04:42:45,313 - INFO - File 16478: Filtered 9490474 hits and 9 records
2025-09-19 04:42:45,356 - INFO - Completed /viper/ptmp/arego/RC4K1_1/12106.h5 in 8.17 seconds
2025-09-19 04:42:45,372 - INFO - Completed /viper/ptmp/arego/RC4K1_1/26828.h5 in 5.97 seconds
2025-09-19 04:42:45,401 - INFO - Completed /viper/ptmp/arego/RC4K1_1/17156.h5 in 3.40 seconds
2025-09-19 04:42:45,412 - INFO - Completed /viper/ptmp/arego/RC4K1_1/15216.h5 in 6.40 seconds
2025-09-19 04:42:45,525 - INFO - File 19243: Filtered 8077749 hits and 6 records
2025-09-19 04:42:45,584 - INFO - Processing /viper/ptmp/arego/RC4K1/27610.h5
2025-09-19 04:42:45,685 - INFO - Processing /viper/ptmp/arego/RC4K1/12189.h5
2025-09-19 04:42:45,840 - INFO - Completed /viper/ptmp/arego/RC4K1_1/12317.h5 in 5.66 seconds
2025-09-19 04:42:46,010 - INFO - Completed /viper/ptmp/arego/RC4K1_1/12578.h5 in 8.10 seconds
2025-09-19 04:42:46,064 - INFO - Completed /viper/ptmp/arego/RC4K1_1/8283.h5 in 8.24 seconds
2025-09-19 04:42:46,172 - INFO - Processing /viper/ptmp/arego/RC4K1/16833.h5
2025-09-19 04:42:46,175 - INFO - Processing /viper/ptmp/arego/RC4K1/16996.h5
2025-09-19 04:42:46,190 - INFO - File 17544: Filtered 8959113 hits and 5 records
2025-09-19 04:42:46,191 - INFO - Processing /viper/ptmp/arego/RC4K1/18130.h5
2025-09-19 04:42:46,314 - INFO - Completed /viper/ptmp/arego/RC4K1_1/18843.h5 in 7.62 seconds
2025-09-19 04:42:46,489 - INFO - File 10799: Filtered 7941930 hits and 7 records
2025-09-19 04:42:46,536 - INFO - Completed /viper/ptmp/arego/RC4K1_1/4546.h5 in 6.54 seconds
2025-09-19 04:42:46,712 - INFO - Processing /viper/ptmp/arego/RC4K1/8669.h5
2025-09-19 04:42:46,770 - INFO - File 6574: Filtered 6788921 hits and 8 records
2025-09-19 04:42:46,886 - INFO - Processing /viper/ptmp/arego/RC4K1/8825.h5
2025-09-19 04:42:46,950 - INFO - File 29306: Filtered 11715293 hits and 11 records
2025-09-19 04:42:47,040 - INFO - File 10246: Filtered 8850189 hits and 4 records
2025-09-19 04:42:47,133 - INFO - Processing /viper/ptmp/arego/RC4K1/28706.h5
2025-09-19 04:42:47,220 - INFO - Completed /viper/ptmp/arego/RC4K1_1/16478.h5 in 4.77 seconds
2025-09-19 04:42:47,249 - INFO - Processing /viper/ptmp/arego/RC4K1/25795.h5
2025-09-19 04:42:47,373 - INFO - Completed /viper/ptmp/arego/RC4K1_1/18154.h5 in 5.89 seconds
2025-09-19 04:42:47,398 - INFO - File 11126: Filtered 11565504 hits and 9 records
2025-09-19 04:42:47,532 - INFO - Completed /viper/ptmp/arego/RC4K1_1/4768.h5 in 6.84 seconds
2025-09-19 04:42:47,723 - INFO - File 12618: Filtered 11528859 hits and 7 records
2025-09-19 04:42:47,790 - INFO - File 27489: Filtered 1528810 hits and 9 records
2025-09-19 04:42:47,881 - INFO - Completed /viper/ptmp/arego/RC4K1_1/259.h5 in 6.37 seconds
2025-09-19 04:42:47,923 - INFO - Processing /viper/ptmp/arego/RC4K1/2687.h5
2025-09-19 04:42:47,984 - INFO - File 7086: Filtered 4254445 hits and 7 records
2025-09-19 04:42:48,084 - INFO - Processing /viper/ptmp/arego/RC4K1/17497.h5
2025-09-19 04:42:48,131 - INFO - Processing /viper/ptmp/arego/RC4K1/5698.h5
2025-09-19 04:42:48,155 - INFO - Completed /viper/ptmp/arego/RC4K1_1/14949.h5 in 7.45 seconds
2025-09-19 04:42:48,274 - INFO - Processing /viper/ptmp/arego/RC4K1/14699.h5
2025-09-19 04:42:48,296 - INFO - File 1524: Filtered 8948754 hits and 6 records
2025-09-19 04:42:48,321 - INFO - Completed /viper/ptmp/arego/RC4K1_1/19243.h5 in 6.52 seconds
2025-09-19 04:42:48,453 - INFO - File 27610: Filtered 13358500 hits and 7 records
2025-09-19 04:42:48,616 - INFO - Completed /viper/ptmp/arego/RC4K1_1/29306.h5 in 6.07 seconds
2025-09-19 04:42:48,687 - INFO - File 26578: Filtered 11621087 hits and 8 records
2025-09-19 04:42:48,689 - INFO - Completed /viper/ptmp/arego/RC4K1_1/482.h5 in 8.19 seconds
2025-09-19 04:42:48,858 - INFO - Processing /viper/ptmp/arego/RC4K1/18543.h5
2025-09-19 04:42:48,925 - INFO - Completed /viper/ptmp/arego/RC4K1_1/17544.h5 in 6.80 seconds
2025-09-19 04:42:49,050 - INFO - Processing /viper/ptmp/arego/RC4K1/28090.h5
2025-09-19 04:42:49,080 - INFO - File 12189: Filtered 9639515 hits and 10 records
2025-09-19 04:42:49,090 - INFO - Completed /viper/ptmp/arego/RC4K1_1/10799.h5 in 5.36 seconds
2025-09-19 04:42:49,096 - INFO - Processing /viper/ptmp/arego/RC4K1/12529.h5
2025-09-19 04:42:49,272 - INFO - File 25111: Filtered 6812394 hits and 7 records
2025-09-19 04:42:49,344 - INFO - Processing /viper/ptmp/arego/RC4K1/28167.h5
2025-09-19 04:42:49,530 - INFO - Completed /viper/ptmp/arego/RC4K1_1/27610.h5 in 3.95 seconds
2025-09-19 04:42:49,759 - INFO - Processing /viper/ptmp/arego/RC4K1/12977.h5
2025-09-19 04:42:49,769 - INFO - Completed /viper/ptmp/arego/RC4K1_1/10246.h5 in 6.77 seconds
2025-09-19 04:42:49,802 - INFO - Completed /viper/ptmp/arego/RC4K1_1/11126.h5 in 6.64 seconds
2025-09-19 04:42:49,881 - INFO - Processing /viper/ptmp/arego/RC4K1/9617.h5
2025-09-19 04:42:49,939 - INFO - Processing /viper/ptmp/arego/RC4K1/27742.h5
2025-09-19 04:42:49,958 - INFO - File 16996: Filtered 13799432 hits and 8 records
2025-09-19 04:42:49,959 - INFO - Completed /viper/ptmp/arego/RC4K1_1/12618.h5 in 6.26 seconds
2025-09-19 04:42:49,968 - INFO - Processing /viper/ptmp/arego/RC4K1/16249.h5
2025-09-19 04:42:50,096 - INFO - File 18130: Filtered 8003595 hits and 6 records
2025-09-19 04:42:50,115 - INFO - File 16833: Filtered 5248350 hits and 8 records
2025-09-19 04:42:50,147 - INFO - File 8825: Filtered 8736522 hits and 6 records
2025-09-19 04:42:50,206 - INFO - Completed /viper/ptmp/arego/RC4K1_1/8205.h5 in 9.09 seconds
2025-09-19 04:42:50,244 - INFO - File 8669: Filtered 10351561 hits and 8 records
2025-09-19 04:42:50,330 - INFO - Processing /viper/ptmp/arego/RC4K1/11521.h5
2025-09-19 04:42:50,391 - INFO - Completed /viper/ptmp/arego/RC4K1_1/6574.h5 in 7.52 seconds
2025-09-19 04:42:50,397 - INFO - Processing /viper/ptmp/arego/RC4K1/23053.h5
2025-09-19 04:42:50,501 - INFO - Completed /viper/ptmp/arego/RC4K1_1/26578.h5 in 5.66 seconds
2025-09-19 04:42:50,863 - INFO - Completed /viper/ptmp/arego/RC4K1_1/16996.h5 in 4.69 seconds
2025-09-19 04:42:50,890 - INFO - Processing /viper/ptmp/arego/RC4K1/26261.h5
2025-09-19 04:42:50,921 - INFO - Processing /viper/ptmp/arego/RC4K1/16181.h5
2025-09-19 04:42:51,027 - INFO - File 2687: Filtered 8453793 hits and 6 records
2025-09-19 04:42:51,082 - INFO - Processing /viper/ptmp/arego/RC4K1/26854.h5
2025-09-19 04:42:51,131 - INFO - Processing /viper/ptmp/arego/RC4K1/642.h5
2025-09-19 04:42:51,197 - INFO - File 28706: Filtered 7945138 hits and 4 records
2025-09-19 04:42:51,256 - INFO - Completed /viper/ptmp/arego/RC4K1_1/1524.h5 in 7.02 seconds
2025-09-19 04:42:51,272 - INFO - Completed /viper/ptmp/arego/RC4K1_1/12189.h5 in 5.59 seconds
2025-09-19 04:42:51,280 - INFO - File 25795: Filtered 9040765 hits and 5 records
2025-09-19 04:42:51,366 - INFO - Processing /viper/ptmp/arego/RC4K1/19886.h5
2025-09-19 04:42:51,684 - INFO - Processing /viper/ptmp/arego/RC4K1/29566.h5
2025-09-19 04:42:51,832 - INFO - File 18543: Filtered 7141713 hits and 6 records
2025-09-19 04:42:51,943 - INFO - Completed /viper/ptmp/arego/RC4K1_1/7086.h5 in 8.18 seconds
2025-09-19 04:42:51,961 - INFO - File 5698: Filtered 15228137 hits and 10 records
2025-09-19 04:42:52,200 - INFO - Processing /viper/ptmp/arego/RC4K1/2854.h5
2025-09-19 04:42:52,228 - INFO - File 14699: Filtered 13259731 hits and 7 records
2025-09-19 04:42:52,377 - INFO - File 17497: Filtered 10884601 hits and 8 records
2025-09-19 04:42:52,517 - INFO - Processing /viper/ptmp/arego/RC4K1/19349.h5
2025-09-19 04:42:52,608 - INFO - Completed /viper/ptmp/arego/RC4K1_1/25111.h5 in 7.58 seconds
2025-09-19 04:42:52,745 - INFO - Processing /viper/ptmp/arego/RC4K1/16887.h5
2025-09-19 04:42:52,762 - INFO - File 12977: Filtered 11135655 hits and 6 records
2025-09-19 04:42:52,811 - INFO - Completed /viper/ptmp/arego/RC4K1_1/18130.h5 in 6.62 seconds
2025-09-19 04:42:52,885 - INFO - Completed /viper/ptmp/arego/RC4K1_1/5698.h5 in 4.75 seconds
2025-09-19 04:42:52,933 - INFO - Completed /viper/ptmp/arego/RC4K1_1/8825.h5 in 6.05 seconds
2025-09-19 04:42:52,954 - INFO - File 28090: Filtered 8546109 hits and 4 records
2025-09-19 04:42:53,048 - INFO - File 12529: Filtered 12413352 hits and 9 records
2025-09-19 04:42:53,145 - INFO - File 27742: Filtered 11583055 hits and 8 records
2025-09-19 04:42:53,205 - INFO - Processing /viper/ptmp/arego/RC4K1/26602.h5
2025-09-19 04:42:53,365 - INFO - Completed /viper/ptmp/arego/RC4K1_1/8669.h5 in 6.65 seconds
2025-09-19 04:42:53,591 - INFO - Processing /viper/ptmp/arego/RC4K1/8760.h5
2025-09-19 04:42:53,592 - INFO - Completed /viper/ptmp/arego/RC4K1_1/27489.h5 in 8.90 seconds
2025-09-19 04:42:53,606 - INFO - File 28167: Filtered 7888572 hits and 5 records
2025-09-19 04:42:53,612 - INFO - Processing /viper/ptmp/arego/RC4K1/17521.h5
2025-09-19 04:42:53,909 - INFO - Processing /viper/ptmp/arego/RC4K1/24933.h5
2025-09-19 04:42:53,963 - INFO - Completed /viper/ptmp/arego/RC4K1_1/2687.h5 in 6.04 seconds
2025-09-19 04:42:54,155 - INFO - Completed /viper/ptmp/arego/RC4K1_1/16833.h5 in 7.98 seconds
2025-09-19 04:42:54,158 - INFO - Completed /viper/ptmp/arego/RC4K1_1/14699.h5 in 5.88 seconds
2025-09-19 04:42:54,171 - INFO - Processing /viper/ptmp/arego/RC4K1/28345.h5
2025-09-19 04:42:54,201 - INFO - File 16249: Filtered 8152637 hits and 10 records
2025-09-19 04:42:54,235 - INFO - File 9617: Filtered 6819478 hits and 4 records
2025-09-19 04:42:54,462 - INFO - Completed /viper/ptmp/arego/RC4K1_1/28706.h5 in 7.33 seconds
2025-09-19 04:42:54,467 - INFO - File 26854: Filtered 5100062 hits and 6 records
2025-09-19 04:42:54,587 - INFO - Completed /viper/ptmp/arego/RC4K1_1/12977.h5 in 4.83 seconds
2025-09-19 04:42:54,804 - INFO - Processing /viper/ptmp/arego/RC4K1/16191.h5
2025-09-19 04:42:54,839 - INFO - Completed /viper/ptmp/arego/RC4K1_1/12529.h5 in 5.74 seconds
2025-09-19 04:42:54,851 - INFO - Completed /viper/ptmp/arego/RC4K1_1/27742.h5 in 4.91 seconds
2025-09-19 04:42:54,858 - INFO - Processing /viper/ptmp/arego/RC4K1/23370.h5
2025-09-19 04:42:54,871 - INFO - Completed /viper/ptmp/arego/RC4K1_1/17497.h5 in 6.79 seconds
2025-09-19 04:42:54,872 - INFO - File 23053: Filtered 5404195 hits and 7 records
2025-09-19 04:42:55,088 - INFO - File 11521: Filtered 7486980 hits and 8 records
2025-09-19 04:42:55,148 - INFO - Processing /viper/ptmp/arego/RC4K1/4318.h5
2025-09-19 04:42:55,192 - INFO - File 26261: Filtered 13979515 hits and 7 records
2025-09-19 04:42:55,224 - INFO - File 16181: Filtered 14521969 hits and 8 records
2025-09-19 04:42:55,271 - INFO - Completed /viper/ptmp/arego/RC4K1_1/25795.h5 in 8.02 seconds
2025-09-19 04:42:55,371 - INFO - File 642: Filtered 12926846 hits and 13 records
2025-09-19 04:42:55,434 - INFO - Processing /viper/ptmp/arego/RC4K1/16911.h5
2025-09-19 04:42:55,496 - INFO - Processing /viper/ptmp/arego/RC4K1/22498.h5
2025-09-19 04:42:55,562 - INFO - File 19886: Filtered 16883284 hits and 7 records
2025-09-19 04:42:55,718 - INFO - Completed /viper/ptmp/arego/RC4K1_1/18543.h5 in 6.86 seconds
2025-09-19 04:42:55,764 - INFO - File 2854: Filtered 6885382 hits and 8 records
2025-09-19 04:42:55,924 - INFO - Processing /viper/ptmp/arego/RC4K1/24427.h5
2025-09-19 04:42:55,963 - INFO - Processing /viper/ptmp/arego/RC4K1/14852.h5
2025-09-19 04:42:56,027 - INFO - File 29566: Filtered 6381117 hits and 8 records
2025-09-19 04:42:56,035 - INFO - Processing /viper/ptmp/arego/RC4K1/13437.h5
2025-09-19 04:42:56,200 - INFO - Processing /viper/ptmp/arego/RC4K1/15243.h5
2025-09-19 04:42:56,277 - INFO - Completed /viper/ptmp/arego/RC4K1_1/16181.h5 in 5.36 seconds
2025-09-19 04:42:56,344 - INFO - Completed /viper/ptmp/arego/RC4K1_1/28090.h5 in 7.29 seconds
2025-09-19 04:42:56,428 - INFO - Completed /viper/ptmp/arego/RC4K1_1/19886.h5 in 5.06 seconds
2025-09-19 04:42:56,513 - INFO - File 19349: Filtered 4228243 hits and 5 records
2025-09-19 04:42:56,576 - INFO - Processing /viper/ptmp/arego/RC4K1/16155.h5
2025-09-19 04:42:56,698 - INFO - Processing /viper/ptmp/arego/RC4K1/14659.h5
2025-09-19 04:42:57,019 - INFO - File 8760: Filtered 8653269 hits and 6 records
2025-09-19 04:42:57,117 - INFO - File 16887: Filtered 14982488 hits and 7 records
2025-09-19 04:42:57,118 - INFO - Completed /viper/ptmp/arego/RC4K1_1/26261.h5 in 6.23 seconds
2025-09-19 04:42:57,281 - INFO - Completed /viper/ptmp/arego/RC4K1_1/642.h5 in 6.15 seconds
2025-09-19 04:42:57,322 - INFO - Processing /viper/ptmp/arego/RC4K1/1826.h5
2025-09-19 04:42:57,336 - INFO - File 26602: Filtered 2695314 hits and 7 records
2025-09-19 04:42:57,529 - INFO - Processing /viper/ptmp/arego/RC4K1/23434.h5
2025-09-19 04:42:57,591 - INFO - Processing /viper/ptmp/arego/RC4K1/8245.h5
2025-09-19 04:42:57,618 - INFO - File 17521: Filtered 9204863 hits and 4 records
2025-09-19 04:42:57,747 - INFO - Processing /viper/ptmp/arego/RC4K1/18765.h5
2025-09-19 04:42:57,882 - INFO - File 23370: Filtered 14613262 hits and 6 records
2025-09-19 04:42:57,931 - INFO - Completed /viper/ptmp/arego/RC4K1_1/28167.h5 in 8.59 seconds
2025-09-19 04:42:58,026 - INFO - Processing /viper/ptmp/arego/RC4K1/14823.h5
2025-09-19 04:42:58,062 - INFO - Completed /viper/ptmp/arego/RC4K1_1/16249.h5 in 8.09 seconds
2025-09-19 04:42:58,115 - INFO - File 28345: Filtered 6056390 hits and 5 records
2025-09-19 04:42:58,227 - INFO - File 24933: Filtered 7017308 hits and 5 records
2025-09-19 04:42:58,387 - INFO - File 16191: Filtered 8514228 hits and 7 records
2025-09-19 04:42:58,516 - INFO - Completed /viper/ptmp/arego/RC4K1_1/16887.h5 in 5.77 seconds
2025-09-19 04:42:58,880 - INFO - Completed /viper/ptmp/arego/RC4K1_1/9617.h5 in 9.00 seconds
2025-09-19 04:42:58,890 - INFO - Completed /viper/ptmp/arego/RC4K1_1/23053.h5 in 8.49 seconds
2025-09-19 04:42:58,906 - INFO - Processing /viper/ptmp/arego/RC4K1/18531.h5
2025-09-19 04:42:58,982 - INFO - Processing /viper/ptmp/arego/RC4K1/15030.h5
2025-09-19 04:42:59,056 - INFO - Processing /viper/ptmp/arego/RC4K1/18747.h5
2025-09-19 04:42:59,070 - INFO - Completed /viper/ptmp/arego/RC4K1_1/23370.h5 in 4.21 seconds
2025-09-19 04:42:59,316 - INFO - Processing /viper/ptmp/arego/RC4K1/11192.h5
2025-09-19 04:42:59,323 - INFO - Completed /viper/ptmp/arego/RC4K1_1/26854.h5 in 8.24 seconds
2025-09-19 04:42:59,499 - INFO - Completed /viper/ptmp/arego/RC4K1_1/11521.h5 in 9.17 seconds
2025-09-19 04:42:59,517 - INFO - File 4318: Filtered 8014138 hits and 6 records
2025-09-19 04:42:59,677 - INFO - File 24427: Filtered 11805264 hits and 13 records
2025-09-19 04:42:59,697 - INFO - Completed /viper/ptmp/arego/RC4K1_1/2854.h5 in 7.50 seconds
2025-09-19 04:42:59,870 - INFO - Completed /viper/ptmp/arego/RC4K1_1/29566.h5 in 8.19 seconds
2025-09-19 04:42:59,969 - INFO - Processing /viper/ptmp/arego/RC4K1/16808.h5
2025-09-19 04:42:59,988 - INFO - File 14852: Filtered 9281605 hits and 6 records
2025-09-19 04:43:00,210 - INFO - Processing /viper/ptmp/arego/RC4K1/3846.h5
2025-09-19 04:43:00,329 - INFO - File 16911: Filtered 8499837 hits and 5 records
2025-09-19 04:43:00,342 - INFO - File 15243: Filtered 11688845 hits and 9 records
2025-09-19 04:43:00,466 - INFO - File 16155: Filtered 9869268 hits and 8 records
2025-09-19 04:43:00,489 - INFO - File 13437: Filtered 11125606 hits and 10 records
2025-09-19 04:43:00,537 - INFO - Completed /viper/ptmp/arego/RC4K1_1/17521.h5 in 6.93 seconds
2025-09-19 04:43:00,564 - INFO - Processing /viper/ptmp/arego/RC4K1/17739.h5
2025-09-19 04:43:00,585 - INFO - Completed /viper/ptmp/arego/RC4K1_1/19349.h5 in 8.07 seconds
2025-09-19 04:43:00,648 - INFO - Processing /viper/ptmp/arego/RC4K1/17577.h5
2025-09-19 04:43:00,714 - INFO - Processing /viper/ptmp/arego/RC4K1/10791.h5
2025-09-19 04:43:00,863 - INFO - Completed /viper/ptmp/arego/RC4K1_1/8760.h5 in 7.27 seconds
2025-09-19 04:43:01,408 - INFO - File 14659: Filtered 5740422 hits and 6 records
2025-09-19 04:43:01,438 - INFO - Processing /viper/ptmp/arego/RC4K1/10708.h5
2025-09-19 04:43:01,511 - INFO - Processing /viper/ptmp/arego/RC4K1/3608.h5
2025-09-19 04:43:01,682 - INFO - Processing /viper/ptmp/arego/RC4K1/2805.h5
2025-09-19 04:43:01,692 - INFO - File 18765: Filtered 11451094 hits and 9 records
2025-09-19 04:43:01,814 - INFO - File 8245: Filtered 6929265 hits and 6 records
2025-09-19 04:43:02,044 - INFO - Completed /viper/ptmp/arego/RC4K1_1/24427.h5 in 6.12 seconds
2025-09-19 04:43:02,096 - INFO - Completed /viper/ptmp/arego/RC4K1_1/24933.h5 in 8.19 seconds
2025-09-19 04:43:02,195 - INFO - File 23434: Filtered 12700753 hits and 11 records
2025-09-19 04:43:02,208 - INFO - Completed /viper/ptmp/arego/RC4K1_1/28345.h5 in 8.04 seconds
2025-09-19 04:43:02,281 - INFO - File 1826: Filtered 12664737 hits and 6 records
2025-09-19 04:43:02,363 - INFO - Completed /viper/ptmp/arego/RC4K1_1/16191.h5 in 7.56 seconds
2025-09-19 04:43:02,386 - INFO - Processing /viper/ptmp/arego/RC4K1/1786.h5
2025-09-19 04:43:02,444 - INFO - Processing /viper/ptmp/arego/RC4K1/19458.h5
2025-09-19 04:43:02,575 - INFO - Processing /viper/ptmp/arego/RC4K1/28181.h5
2025-09-19 04:43:02,894 - INFO - File 11192: Filtered 6188976 hits and 5 records
2025-09-19 04:43:02,915 - INFO - File 15030: Filtered 8789697 hits and 7 records
2025-09-19 04:43:02,970 - INFO - Completed /viper/ptmp/arego/RC4K1_1/14852.h5 in 7.01 seconds
2025-09-19 04:43:03,020 - INFO - Processing /viper/ptmp/arego/RC4K1/24373.h5
2025-09-19 04:43:03,042 - INFO - Processing /viper/ptmp/arego/RC4K1/13967.h5
2025-09-19 04:43:03,156 - INFO - Completed /viper/ptmp/arego/RC4K1_1/15243.h5 in 6.96 seconds
2025-09-19 04:43:03,172 - INFO - File 14823: Filtered 7386149 hits and 6 records
2025-09-19 04:43:03,328 - INFO - File 18747: Filtered 7038063 hits and 4 records
2025-09-19 04:43:03,414 - INFO - Completed /viper/ptmp/arego/RC4K1_1/4318.h5 in 8.27 seconds
2025-09-19 04:43:03,437 - INFO - Completed /viper/ptmp/arego/RC4K1_1/16155.h5 in 6.86 seconds
2025-09-19 04:43:03,499 - INFO - File 22498: Filtered 3485025 hits and 10 records
2025-09-19 04:43:03,686 - INFO - Completed /viper/ptmp/arego/RC4K1_1/13437.h5 in 7.65 seconds
2025-09-19 04:43:03,751 - INFO - Processing /viper/ptmp/arego/RC4K1/12591.h5
2025-09-19 04:43:04,023 - INFO - Processing /viper/ptmp/arego/RC4K1/7832.h5
2025-09-19 04:43:04,073 - INFO - File 18531: Filtered 15032957 hits and 7 records
2025-09-19 04:43:04,203 - ERROR - Error processing /viper/ptmp/arego/RC4K1/23434.h5: low >= high
2025-09-19 04:43:04,212 - INFO - Completed /viper/ptmp/arego/RC4K1_1/18765.h5 in 6.47 seconds
2025-09-19 04:43:04,305 - INFO - Processing /viper/ptmp/arego/RC4K1/23199.h5
2025-09-19 04:43:04,358 - INFO - Completed /viper/ptmp/arego/RC4K1_1/16911.h5 in 8.92 seconds
2025-09-19 04:43:04,381 - INFO - File 17739: Filtered 5706624 hits and 8 records
2025-09-19 04:43:04,587 - INFO - Processing /viper/ptmp/arego/RC4K1/1840.h5
2025-09-19 04:43:04,591 - INFO - File 3846: Filtered 10937176 hits and 10 records
2025-09-19 04:43:04,608 - INFO - Completed /viper/ptmp/arego/RC4K1_1/1826.h5 in 7.29 seconds
2025-09-19 04:43:04,640 - INFO - Completed /viper/ptmp/arego/RC4K1_1/26602.h5 in 11.44 seconds
2025-09-19 04:43:04,910 - INFO - Processing /viper/ptmp/arego/RC4K1/6842.h5
2025-09-19 04:43:05,215 - INFO - File 10791: Filtered 13597491 hits and 7 records
2025-09-19 04:43:05,219 - INFO - Processing /viper/ptmp/arego/RC4K1/18258.h5
2025-09-19 04:43:05,454 - INFO - Processing /viper/ptmp/arego/RC4K1/7680.h5
2025-09-19 04:43:05,456 - INFO - Processing /viper/ptmp/arego/RC4K1/29222.h5
2025-09-19 04:43:05,611 - INFO - Completed /viper/ptmp/arego/RC4K1_1/18531.h5 in 6.71 seconds
2025-09-19 04:43:05,695 - INFO - Processing /viper/ptmp/arego/RC4K1/24999.h5
2025-09-19 04:43:05,865 - INFO - File 17577: Filtered 11848860 hits and 6 records
2025-09-19 04:43:05,913 - INFO - File 2805: Filtered 8318863 hits and 7 records
2025-09-19 04:43:06,006 - INFO - Completed /viper/ptmp/arego/RC4K1_1/15030.h5 in 7.02 seconds
2025-09-19 04:43:06,176 - INFO - File 16808: Filtered 5042340 hits and 3 records
2025-09-19 04:43:06,240 - INFO - File 10708: Filtered 17119543 hits and 6 records
2025-09-19 04:43:06,263 - INFO - Completed /viper/ptmp/arego/RC4K1_1/8245.h5 in 8.67 seconds
2025-09-19 04:43:06,324 - INFO - File 1786: Filtered 10574380 hits and 8 records
2025-09-19 04:43:06,345 - INFO - File 19458: Filtered 10007792 hits and 9 records
2025-09-19 04:43:06,424 - INFO - Processing /viper/ptmp/arego/RC4K1/9945.h5
2025-09-19 04:43:06,511 - INFO - Completed /viper/ptmp/arego/RC4K1_1/11192.h5 in 7.19 seconds
2025-09-19 04:43:06,644 - INFO - Processing /viper/ptmp/arego/RC4K1/19552.h5
2025-09-19 04:43:06,697 - INFO - File 24373: Filtered 7132223 hits and 3 records
2025-09-19 04:43:06,704 - INFO - File 3608: Filtered 10707235 hits and 8 records
2025-09-19 04:43:06,768 - INFO - Completed /viper/ptmp/arego/RC4K1_1/14659.h5 in 10.07 seconds
2025-09-19 04:43:06,797 - INFO - Processing /viper/ptmp/arego/RC4K1/12828.h5
2025-09-19 04:43:06,888 - INFO - Completed /viper/ptmp/arego/RC4K1_1/10708.h5 in 5.45 seconds
2025-09-19 04:43:06,914 - INFO - Processing /viper/ptmp/arego/RC4K1/28835.h5
2025-09-19 04:43:06,952 - INFO - Completed /viper/ptmp/arego/RC4K1_1/18747.h5 in 7.90 seconds
2025-09-19 04:43:07,440 - INFO - File 13967: Filtered 4436520 hits and 7 records
2025-09-19 04:43:07,443 - INFO - Processing /viper/ptmp/arego/RC4K1/10471.h5
2025-09-19 04:43:07,458 - INFO - File 28181: Filtered 2670934 hits and 3 records
2025-09-19 04:43:07,583 - INFO - Completed /viper/ptmp/arego/RC4K1_1/10791.h5 in 6.87 seconds
2025-09-19 04:43:07,660 - INFO - Completed /viper/ptmp/arego/RC4K1_1/14823.h5 in 9.63 seconds
2025-09-19 04:43:07,896 - INFO - Processing /viper/ptmp/arego/RC4K1/28722.h5
2025-09-19 04:43:07,953 - ERROR - Error processing /viper/ptmp/arego/RC4K1/3846.h5: low >= high
2025-09-19 04:43:08,119 - INFO - Processing /viper/ptmp/arego/RC4K1/16355.h5
2025-09-19 04:43:08,138 - INFO - Processing /viper/ptmp/arego/RC4K1/18471.h5
2025-09-19 04:43:08,162 - INFO - Completed /viper/ptmp/arego/RC4K1_1/17577.h5 in 7.51 seconds
2025-09-19 04:43:08,163 - INFO - File 23199: Filtered 15393844 hits and 7 records
2025-09-19 04:43:08,797 - INFO - Processing /viper/ptmp/arego/RC4K1/5028.h5
2025-09-19 04:43:08,818 - INFO - File 7832: Filtered 5931808 hits and 7 records
2025-09-19 04:43:08,878 - INFO - Processing /viper/ptmp/arego/RC4K1/26825.h5
2025-09-19 04:43:08,990 - INFO - Processing /viper/ptmp/arego/RC4K1/22263.h5
2025-09-19 04:43:09,092 - INFO - Processing /viper/ptmp/arego/RC4K1/6634.h5
2025-09-19 04:43:09,114 - INFO - Completed /viper/ptmp/arego/RC4K1_1/23199.h5 in 4.81 seconds
2025-09-19 04:43:09,144 - INFO - Completed /viper/ptmp/arego/RC4K1_1/19458.h5 in 6.70 seconds
2025-09-19 04:43:09,206 - INFO - File 29222: Filtered 15292586 hits and 11 records
2025-09-19 04:43:09,388 - INFO - Completed /viper/ptmp/arego/RC4K1_1/17739.h5 in 8.82 seconds
2025-09-19 04:43:09,397 - INFO - Completed /viper/ptmp/arego/RC4K1_1/1786.h5 in 7.01 seconds
2025-09-19 04:43:09,485 - INFO - Completed /viper/ptmp/arego/RC4K1_1/3608.h5 in 7.97 seconds
2025-09-19 04:43:09,709 - INFO - Completed /viper/ptmp/arego/RC4K1_1/2805.h5 in 8.03 seconds
2025-09-19 04:43:09,718 - INFO - Processing /viper/ptmp/arego/RC4K1/1616.h5
2025-09-19 04:43:09,849 - INFO - File 18258: Filtered 10901782 hits and 9 records
2025-09-19 04:43:09,853 - INFO - Processing /viper/ptmp/arego/RC4K1/23522.h5
2025-09-19 04:43:09,972 - INFO - Processing /viper/ptmp/arego/RC4K1/16474.h5
2025-09-19 04:43:10,007 - INFO - Processing /viper/ptmp/arego/RC4K1/2290.h5
2025-09-19 04:43:10,214 - INFO - File 1840: Filtered 10527529 hits and 7 records
2025-09-19 04:43:10,230 - INFO - File 6842: Filtered 10051889 hits and 7 records
2025-09-19 04:43:10,337 - INFO - Completed /viper/ptmp/arego/RC4K1_1/29222.h5 in 4.88 seconds
2025-09-19 04:43:10,359 - INFO - File 7680: Filtered 12224458 hits and 7 records
2025-09-19 04:43:10,661 - INFO - File 24999: Filtered 5782555 hits and 7 records
2025-09-19 04:43:10,744 - INFO - File 28835: Filtered 7355708 hits and 4 records
2025-09-19 04:43:10,786 - INFO - File 19552: Filtered 13741073 hits and 7 records
2025-09-19 04:43:10,849 - INFO - File 12591: Filtered 8975167 hits and 4 records
2025-09-19 04:43:10,861 - INFO - File 9945: Filtered 9862591 hits and 7 records
2025-09-19 04:43:10,936 - INFO - Processing /viper/ptmp/arego/RC4K1/16849.h5
2025-09-19 04:43:11,142 - INFO - Processing /viper/ptmp/arego/RC4K1/17734.h5
2025-09-19 04:43:11,214 - INFO - Completed /viper/ptmp/arego/RC4K1_1/24373.h5 in 8.19 seconds
2025-09-19 04:43:11,496 - INFO - File 12828: Filtered 4957067 hits and 7 records
2025-09-19 04:43:11,908 - INFO - File 28722: Filtered 8554228 hits and 7 records
2025-09-19 04:43:12,135 - INFO - Completed /viper/ptmp/arego/RC4K1_1/16808.h5 in 12.17 seconds
2025-09-19 04:43:12,176 - INFO - Processing /viper/ptmp/arego/RC4K1/5428.h5
2025-09-19 04:43:12,365 - INFO - Completed /viper/ptmp/arego/RC4K1_1/22498.h5 in 16.87 seconds
2025-09-19 04:43:12,407 - INFO - Completed /viper/ptmp/arego/RC4K1_1/19552.h5 in 5.76 seconds
2025-09-19 04:43:12,573 - INFO - File 10471: Filtered 8327893 hits and 8 records
2025-09-19 04:43:12,576 - INFO - File 22263: Filtered 3256663 hits and 5 records
2025-09-19 04:43:12,583 - INFO - Completed /viper/ptmp/arego/RC4K1_1/18258.h5 in 7.36 seconds
2025-09-19 04:43:12,961 - INFO - Completed /viper/ptmp/arego/RC4K1_1/7680.h5 in 7.51 seconds
2025-09-19 04:43:13,014 - INFO - File 6634: Filtered 9502122 hits and 6 records
2025-09-19 04:43:13,024 - INFO - File 5028: Filtered 7893525 hits and 7 records
2025-09-19 04:43:13,111 - INFO - Processing /viper/ptmp/arego/RC4K1/20110.h5
2025-09-19 04:43:13,160 - INFO - Processing /viper/ptmp/arego/RC4K1/6921.h5
2025-09-19 04:43:13,275 - INFO - Processing /viper/ptmp/arego/RC4K1/7441.h5
2025-09-19 04:43:13,398 - INFO - Completed /viper/ptmp/arego/RC4K1_1/28181.h5 in 10.82 seconds
2025-09-19 04:43:13,537 - ERROR - Error processing /viper/ptmp/arego/RC4K1/13967.h5: low >= high
2025-09-19 04:43:13,560 - INFO - File 26825: Filtered 9703706 hits and 8 records
2025-09-19 04:43:13,599 - INFO - File 16355: Filtered 9720780 hits and 9 records
2025-09-19 04:43:13,645 - INFO - File 18471: Filtered 5330970 hits and 8 records
2025-09-19 04:43:13,993 - INFO - File 16474: Filtered 7285949 hits and 6 records
2025-09-19 04:43:14,011 - INFO - Completed /viper/ptmp/arego/RC4K1_1/6842.h5 in 9.10 seconds
2025-09-19 04:43:14,211 - INFO - Processing /viper/ptmp/arego/RC4K1/29152.h5
2025-09-19 04:43:14,228 - INFO - File 23522: Filtered 10365214 hits and 7 records
2025-09-19 04:43:14,233 - INFO - Completed /viper/ptmp/arego/RC4K1_1/9945.h5 in 7.81 seconds
2025-09-19 04:43:14,275 - INFO - Completed /viper/ptmp/arego/RC4K1_1/1840.h5 in 9.69 seconds
2025-09-19 04:43:14,279 - INFO - Processing /viper/ptmp/arego/RC4K1/6185.h5
2025-09-19 04:43:14,372 - INFO - Processing /viper/ptmp/arego/RC4K1/12295.h5
2025-09-19 04:43:14,379 - INFO - Processing /viper/ptmp/arego/RC4K1/23404.h5
2025-09-19 04:43:14,380 - INFO - Processing /viper/ptmp/arego/RC4K1/4152.h5
2025-09-19 04:43:14,499 - INFO - File 1616: Filtered 12274563 hits and 6 records
2025-09-19 04:43:14,783 - INFO - Completed /viper/ptmp/arego/RC4K1_1/28835.h5 in 7.87 seconds
2025-09-19 04:43:14,897 - INFO - Processing /viper/ptmp/arego/RC4K1/14062.h5
2025-09-19 04:43:14,983 - INFO - File 2290: Filtered 9701450 hits and 6 records
2025-09-19 04:43:15,160 - INFO - File 17734: Filtered 13300997 hits and 9 records
2025-09-19 04:43:15,198 - INFO - Processing /viper/ptmp/arego/RC4K1/5452.h5
2025-09-19 04:43:15,293 - INFO - Completed /viper/ptmp/arego/RC4K1_1/7832.h5 in 11.27 seconds
2025-09-19 04:43:15,458 - INFO - Processing /viper/ptmp/arego/RC4K1/15141.h5
2025-09-19 04:43:15,722 - INFO - Processing /viper/ptmp/arego/RC4K1/19039.h5
2025-09-19 04:43:15,779 - INFO - Completed /viper/ptmp/arego/RC4K1_1/24999.h5 in 10.08 seconds
2025-09-19 04:43:15,806 - INFO - File 16849: Filtered 8340872 hits and 7 records
2025-09-19 04:43:15,857 - INFO - Processing /viper/ptmp/arego/RC4K1/20329.h5
2025-09-19 04:43:15,862 - INFO - Processing /viper/ptmp/arego/RC4K1/24667.h5
2025-09-19 04:43:15,945 - INFO - Completed /viper/ptmp/arego/RC4K1_1/6634.h5 in 6.85 seconds
2025-09-19 04:43:16,080 - INFO - Completed /viper/ptmp/arego/RC4K1_1/28722.h5 in 8.18 seconds
2025-09-19 04:43:16,145 - INFO - File 5428: Filtered 10140411 hits and 7 records
2025-09-19 04:43:16,387 - INFO - Processing /viper/ptmp/arego/RC4K1/16015.h5
2025-09-19 04:43:16,593 - INFO - Processing /viper/ptmp/arego/RC4K1/3892.h5
2025-09-19 04:43:16,712 - INFO - Completed /viper/ptmp/arego/RC4K1_1/10471.h5 in 9.27 seconds
2025-09-19 04:43:16,818 - INFO - Completed /viper/ptmp/arego/RC4K1_1/26825.h5 in 7.94 seconds
2025-09-19 04:43:16,907 - INFO - Completed /viper/ptmp/arego/RC4K1_1/1616.h5 in 7.19 seconds
2025-09-19 04:43:16,954 - INFO - Processing /viper/ptmp/arego/RC4K1/14806.h5
2025-09-19 04:43:17,091 - INFO - Completed /viper/ptmp/arego/RC4K1_1/5028.h5 in 8.29 seconds
2025-09-19 04:43:17,139 - INFO - File 20110: Filtered 12132007 hits and 6 records
2025-09-19 04:43:17,208 - INFO - Processing /viper/ptmp/arego/RC4K1/15209.h5
2025-09-19 04:43:17,251 - INFO - Completed /viper/ptmp/arego/RC4K1_1/16355.h5 in 9.13 seconds
2025-09-19 04:43:17,341 - INFO - Completed /viper/ptmp/arego/RC4K1_1/17734.h5 in 6.20 seconds
2025-09-19 04:43:17,396 - INFO - Processing /viper/ptmp/arego/RC4K1/20550.h5
2025-09-19 04:43:17,441 - INFO - Completed /viper/ptmp/arego/RC4K1_1/23522.h5 in 7.59 seconds
2025-09-19 04:43:17,472 - INFO - Completed /viper/ptmp/arego/RC4K1_1/12591.h5 in 13.72 seconds
2025-09-19 04:43:17,523 - INFO - File 6921: Filtered 5203194 hits and 5 records
2025-09-19 04:43:17,679 - INFO - Completed /viper/ptmp/arego/RC4K1_1/12828.h5 in 10.88 seconds
2025-09-19 04:43:17,779 - INFO - File 7441: Filtered 7975359 hits and 8 records
2025-09-19 04:43:17,793 - INFO - Processing /viper/ptmp/arego/RC4K1/22638.h5
2025-09-19 04:43:17,838 - INFO - Completed /viper/ptmp/arego/RC4K1_1/22263.h5 in 8.85 seconds
2025-09-19 04:43:17,903 - INFO - Processing /viper/ptmp/arego/RC4K1/20913.h5
2025-09-19 04:43:17,917 - INFO - Completed /viper/ptmp/arego/RC4K1_1/18471.h5 in 9.78 seconds
2025-09-19 04:43:17,936 - INFO - Processing /viper/ptmp/arego/RC4K1/24299.h5
2025-09-19 04:43:18,111 - INFO - Processing /viper/ptmp/arego/RC4K1/23027.h5
2025-09-19 04:43:18,239 - INFO - Processing /viper/ptmp/arego/RC4K1/7000.h5
2025-09-19 04:43:18,244 - INFO - Completed /viper/ptmp/arego/RC4K1_1/2290.h5 in 8.24 seconds
2025-09-19 04:43:18,688 - INFO - Processing /viper/ptmp/arego/RC4K1/24094.h5
2025-09-19 04:43:18,696 - INFO - File 23404: Filtered 13074202 hits and 7 records
2025-09-19 04:43:18,775 - INFO - Processing /viper/ptmp/arego/RC4K1/677.h5
2025-09-19 04:43:19,090 - INFO - File 4152: Filtered 10170373 hits and 8 records
2025-09-19 04:43:19,153 - INFO - Completed /viper/ptmp/arego/RC4K1_1/16474.h5 in 9.18 seconds
2025-09-19 04:43:19,169 - INFO - File 29152: Filtered 10686669 hits and 6 records
2025-09-19 04:43:19,170 - INFO - Processing /viper/ptmp/arego/RC4K1/12992.h5
2025-09-19 04:43:19,325 - INFO - Completed /viper/ptmp/arego/RC4K1_1/5428.h5 in 7.15 seconds
2025-09-19 04:43:19,438 - INFO - Completed /viper/ptmp/arego/RC4K1_1/16849.h5 in 8.50 seconds
2025-09-19 04:43:19,630 - INFO - Completed /viper/ptmp/arego/RC4K1_1/20110.h5 in 6.52 seconds
2025-09-19 04:43:19,734 - INFO - File 6185: Filtered 12624687 hits and 7 records
2025-09-19 04:43:19,803 - INFO - File 20329: Filtered 9548034 hits and 8 records
2025-09-19 04:43:19,857 - INFO - Processing /viper/ptmp/arego/RC4K1/3329.h5
2025-09-19 04:43:19,918 - INFO - File 5452: Filtered 13797522 hits and 6 records
2025-09-19 04:43:19,928 - INFO - Processing /viper/ptmp/arego/RC4K1/21453.h5
2025-09-19 04:43:20,031 - INFO - Processing /viper/ptmp/arego/RC4K1/2136.h5
2025-09-19 04:43:20,408 - INFO - File 16015: Filtered 16136609 hits and 9 records
2025-09-19 04:43:20,441 - INFO - File 19039: Filtered 15078741 hits and 10 records
2025-09-19 04:43:20,476 - INFO - File 12295: Filtered 12765145 hits and 8 records
2025-09-19 04:43:20,557 - INFO - File 24667: Filtered 13823282 hits and 7 records
2025-09-19 04:43:20,572 - INFO - Processing /viper/ptmp/arego/RC4K1/3557.h5
2025-09-19 04:43:20,617 - INFO - File 3892: Filtered 13030923 hits and 8 records
2025-09-19 04:43:20,950 - INFO - File 14062: Filtered 16615698 hits and 6 records
2025-09-19 04:43:21,244 - INFO - Processing /viper/ptmp/arego/RC4K1/4697.h5
2025-09-19 04:43:21,265 - INFO - File 14806: Filtered 12878243 hits and 7 records
2025-09-19 04:43:21,277 - INFO - File 15141: Filtered 13845194 hits and 5 records
2025-09-19 04:43:21,406 - INFO - Completed /viper/ptmp/arego/RC4K1_1/16015.h5 in 5.02 seconds
2025-09-19 04:43:21,418 - INFO - Processing /viper/ptmp/arego/RC4K1/6986.h5
2025-09-19 04:43:21,545 - INFO - Completed /viper/ptmp/arego/RC4K1_1/23404.h5 in 7.17 seconds
2025-09-19 04:43:22,244 - INFO - File 20550: Filtered 9489402 hits and 9 records
2025-09-19 04:43:22,304 - INFO - File 22638: Filtered 9989771 hits and 7 records
2025-09-19 04:43:22,354 - INFO - Completed /viper/ptmp/arego/RC4K1_1/5452.h5 in 7.16 seconds
2025-09-19 04:43:22,359 - INFO - Processing /viper/ptmp/arego/RC4K1/29785.h5
2025-09-19 04:43:22,442 - INFO - File 7000: Filtered 13192388 hits and 7 records
2025-09-19 04:43:22,481 - INFO - Completed /viper/ptmp/arego/RC4K1_1/29152.h5 in 8.27 seconds
2025-09-19 04:43:22,576 - INFO - Completed /viper/ptmp/arego/RC4K1_1/3892.h5 in 5.98 seconds
2025-09-19 04:43:22,611 - INFO - Processing /viper/ptmp/arego/RC4K1/25672.h5
2025-09-19 04:43:22,675 - INFO - Completed /viper/ptmp/arego/RC4K1_1/6921.h5 in 9.51 seconds
2025-09-19 04:43:22,780 - INFO - Completed /viper/ptmp/arego/RC4K1_1/7441.h5 in 9.51 seconds
2025-09-19 04:43:22,787 - INFO - File 20913: Filtered 2893046 hits and 4 records
2025-09-19 04:43:22,798 - INFO - Completed /viper/ptmp/arego/RC4K1_1/4152.h5 in 8.42 seconds
2025-09-19 04:43:22,843 - INFO - Completed /viper/ptmp/arego/RC4K1_1/19039.h5 in 7.12 seconds
2025-09-19 04:43:22,882 - INFO - File 24094: Filtered 15971359 hits and 6 records
2025-09-19 04:43:22,904 - INFO - Processing /viper/ptmp/arego/RC4K1/4940.h5
2025-09-19 04:43:23,009 - INFO - Completed /viper/ptmp/arego/RC4K1_1/24667.h5 in 7.15 seconds
2025-09-19 04:43:23,049 - INFO - Completed /viper/ptmp/arego/RC4K1_1/6185.h5 in 8.77 seconds
2025-09-19 04:43:23,168 - INFO - Completed /viper/ptmp/arego/RC4K1_1/14806.h5 in 6.21 seconds
2025-09-19 04:43:23,233 - INFO - Processing /viper/ptmp/arego/RC4K1/21394.h5
2025-09-19 04:43:23,282 - INFO - File 23027: Filtered 4687115 hits and 6 records
2025-09-19 04:43:23,369 - INFO - File 677: Filtered 12304245 hits and 6 records
2025-09-19 04:43:23,421 - INFO - Completed /viper/ptmp/arego/RC4K1_1/14062.h5 in 8.52 seconds
2025-09-19 04:43:23,577 - INFO - Processing /viper/ptmp/arego/RC4K1/3618.h5
2025-09-19 04:43:23,603 - INFO - Processing /viper/ptmp/arego/RC4K1/25943.h5
2025-09-19 04:43:23,681 - INFO - Completed /viper/ptmp/arego/RC4K1_1/20329.h5 in 7.82 seconds
2025-09-19 04:43:23,793 - INFO - File 15209: Filtered 11092468 hits and 6 records
2025-09-19 04:43:23,841 - INFO - Processing /viper/ptmp/arego/RC4K1/1392.h5
2025-09-19 04:43:23,989 - INFO - Completed /viper/ptmp/arego/RC4K1_1/15141.h5 in 8.53 seconds
2025-09-19 04:43:24,007 - INFO - File 24299: Filtered 16114319 hits and 8 records
2025-09-19 04:43:24,093 - INFO - Processing /viper/ptmp/arego/RC4K1/23422.h5
2025-09-19 04:43:24,189 - INFO - Processing /viper/ptmp/arego/RC4K1/9349.h5
2025-09-19 04:43:24,216 - INFO - Processing /viper/ptmp/arego/RC4K1/11150.h5
2025-09-19 04:43:24,241 - INFO - File 21453: Filtered 12583138 hits and 8 records
2025-09-19 04:43:24,304 - INFO - Completed /viper/ptmp/arego/RC4K1_1/24094.h5 in 5.62 seconds
2025-09-19 04:43:24,438 - INFO - Completed /viper/ptmp/arego/RC4K1_1/12295.h5 in 10.07 seconds
2025-09-19 04:43:24,442 - INFO - File 12992: Filtered 8897991 hits and 5 records
2025-09-19 04:43:24,609 - INFO - Processing /viper/ptmp/arego/RC4K1/7774.h5
2025-09-19 04:43:24,666 - INFO - File 2136: Filtered 9183143 hits and 7 records
2025-09-19 04:43:25,087 - INFO - File 3329: Filtered 9001628 hits and 7 records
2025-09-19 04:43:25,098 - INFO - Completed /viper/ptmp/arego/RC4K1_1/7000.h5 in 6.86 seconds
2025-09-19 04:43:25,138 - INFO - Processing /viper/ptmp/arego/RC4K1/11899.h5
2025-09-19 04:43:25,167 - INFO - Processing /viper/ptmp/arego/RC4K1/13194.h5
2025-09-19 04:43:25,169 - INFO - Processing /viper/ptmp/arego/RC4K1/25310.h5
2025-09-19 04:43:25,409 - INFO - File 3557: Filtered 14054802 hits and 10 records
2025-09-19 04:43:25,707 - INFO - Processing /viper/ptmp/arego/RC4K1/26107.h5
2025-09-19 04:43:25,801 - INFO - Completed /viper/ptmp/arego/RC4K1_1/22638.h5 in 8.01 seconds
2025-09-19 04:43:25,842 - INFO - Completed /viper/ptmp/arego/RC4K1_1/24299.h5 in 7.91 seconds
2025-09-19 04:43:25,877 - INFO - File 4697: Filtered 10414176 hits and 9 records
2025-09-19 04:43:25,972 - INFO - Completed /viper/ptmp/arego/RC4K1_1/20550.h5 in 8.58 seconds
2025-09-19 04:43:26,149 - INFO - Processing /viper/ptmp/arego/RC4K1/19512.h5
2025-09-19 04:43:26,316 - INFO - Completed /viper/ptmp/arego/RC4K1_1/677.h5 in 7.54 seconds
2025-09-19 04:43:26,372 - INFO - Processing /viper/ptmp/arego/RC4K1/25712.h5
2025-09-19 04:43:26,540 - INFO - Processing /viper/ptmp/arego/RC4K1/19981.h5
2025-09-19 04:43:26,558 - INFO - Processing /viper/ptmp/arego/RC4K1/1124.h5
2025-09-19 04:43:26,617 - INFO - Completed /viper/ptmp/arego/RC4K1_1/21453.h5 in 6.69 seconds
2025-09-19 04:43:27,248 - INFO - Processing /viper/ptmp/arego/RC4K1/22139.h5
2025-09-19 04:43:27,389 - INFO - Processing /viper/ptmp/arego/RC4K1/23610.h5
2025-09-19 04:43:27,406 - INFO - File 25672: Filtered 12259824 hits and 6 records
2025-09-19 04:43:27,459 - INFO - Processing /viper/ptmp/arego/RC4K1/16662.h5
2025-09-19 04:43:27,629 - INFO - File 6986: Filtered 4841179 hits and 8 records
2025-09-19 04:43:27,698 - INFO - Completed /viper/ptmp/arego/RC4K1_1/15209.h5 in 10.49 seconds
2025-09-19 04:43:27,795 - INFO - Completed /viper/ptmp/arego/RC4K1_1/12992.h5 in 8.63 seconds
2025-09-19 04:43:27,927 - INFO - File 4940: Filtered 16247224 hits and 9 records
2025-09-19 04:43:27,997 - INFO - Completed /viper/ptmp/arego/RC4K1_1/3557.h5 in 7.42 seconds
2025-09-19 04:43:28,224 - INFO - Completed /viper/ptmp/arego/RC4K1_1/23027.h5 in 10.11 seconds
2025-09-19 04:43:28,263 - INFO - File 29785: Filtered 8720683 hits and 5 records
2025-09-19 04:43:28,411 - INFO - Processing /viper/ptmp/arego/RC4K1/12379.h5
2025-09-19 04:43:28,453 - INFO - Processing /viper/ptmp/arego/RC4K1/16047.h5
2025-09-19 04:43:28,454 - INFO - File 1392: Filtered 10748708 hits and 7 records
2025-09-19 04:43:28,525 - INFO - Completed /viper/ptmp/arego/RC4K1_1/3329.h5 in 8.67 seconds
2025-09-19 04:43:28,614 - INFO - Processing /viper/ptmp/arego/RC4K1/4818.h5
2025-09-19 04:43:28,917 - INFO - File 7774: Filtered 13398067 hits and 5 records
2025-09-19 04:43:28,972 - INFO - File 21394: Filtered 12770322 hits and 8 records
2025-09-19 04:43:29,083 - INFO - Completed /viper/ptmp/arego/RC4K1_1/2136.h5 in 9.05 seconds
2025-09-19 04:43:29,187 - INFO - Processing /viper/ptmp/arego/RC4K1/7255.h5
2025-09-19 04:43:29,216 - INFO - File 9349: Filtered 14105201 hits and 9 records
2025-09-19 04:43:29,282 - INFO - File 23422: Filtered 10833355 hits and 5 records
2025-09-19 04:43:29,318 - INFO - File 3618: Filtered 14470533 hits and 8 records
2025-09-19 04:43:29,388 - INFO - File 25943: Filtered 10058646 hits and 8 records
2025-09-19 04:43:29,408 - INFO - Processing /viper/ptmp/arego/RC4K1/17605.h5
2025-09-19 04:43:29,777 - INFO - Completed /viper/ptmp/arego/RC4K1_1/4940.h5 in 6.87 seconds
2025-09-19 04:43:29,923 - INFO - Processing /viper/ptmp/arego/RC4K1/3904.h5
2025-09-19 04:43:29,936 - INFO - File 13194: Filtered 8350361 hits and 6 records
2025-09-19 04:43:29,968 - INFO - File 11150: Filtered 11838655 hits and 8 records
2025-09-19 04:43:30,034 - INFO - Completed /viper/ptmp/arego/RC4K1_1/20913.h5 in 12.13 seconds
2025-09-19 04:43:30,202 - INFO - Completed /viper/ptmp/arego/RC4K1_1/25672.h5 in 7.59 seconds
2025-09-19 04:43:30,231 - INFO - Processing /viper/ptmp/arego/RC4K1/446.h5
2025-09-19 04:43:30,254 - INFO - File 11899: Filtered 14347794 hits and 7 records
2025-09-19 04:43:30,439 - INFO - Completed /viper/ptmp/arego/RC4K1_1/4697.h5 in 9.20 seconds
2025-09-19 04:43:30,866 - INFO - Processing /viper/ptmp/arego/RC4K1/3171.h5
2025-09-19 04:43:30,995 - INFO - File 19981: Filtered 13460633 hits and 10 records
2025-09-19 04:43:31,031 - INFO - Processing /viper/ptmp/arego/RC4K1/22379.h5
2025-09-19 04:43:31,046 - INFO - File 25712: Filtered 11775930 hits and 7 records
2025-09-19 04:43:31,208 - INFO - File 19512: Filtered 2632068 hits and 5 records
2025-09-19 04:43:31,270 - INFO - File 25310: Filtered 19042736 hits and 7 records
2025-09-19 04:43:31,274 - INFO - Completed /viper/ptmp/arego/RC4K1_1/9349.h5 in 7.09 seconds
2025-09-19 04:43:31,456 - INFO - Completed /viper/ptmp/arego/RC4K1_1/3618.h5 in 7.88 seconds
2025-09-19 04:43:31,492 - INFO - File 23610: Filtered 9085760 hits and 5 records
2025-09-19 04:43:31,596 - INFO - File 1124: Filtered 18288996 hits and 10 records
2025-09-19 04:43:31,688 - INFO - Processing /viper/ptmp/arego/RC4K1/21973.h5
2025-09-19 04:43:31,889 - INFO - Completed /viper/ptmp/arego/RC4K1_1/7774.h5 in 7.28 seconds
2025-09-19 04:43:31,918 - INFO - Completed /viper/ptmp/arego/RC4K1_1/21394.h5 in 8.68 seconds
2025-09-19 04:43:31,925 - INFO - Processing /viper/ptmp/arego/RC4K1/28116.h5
2025-09-19 04:43:32,269 - INFO - File 26107: Filtered 11722208 hits and 7 records
2025-09-19 04:43:32,303 - INFO - Processing /viper/ptmp/arego/RC4K1/23868.h5
2025-09-19 04:43:32,327 - INFO - Processing /viper/ptmp/arego/RC4K1/5762.h5
2025-09-19 04:43:32,345 - INFO - Processing /viper/ptmp/arego/RC4K1/23290.h5
2025-09-19 04:43:32,555 - INFO - Completed /viper/ptmp/arego/RC4K1_1/1392.h5 in 8.71 seconds
2025-09-19 04:43:32,573 - INFO - Completed /viper/ptmp/arego/RC4K1_1/11899.h5 in 7.44 seconds
2025-09-19 04:43:32,621 - INFO - Completed /viper/ptmp/arego/RC4K1_1/1124.h5 in 6.06 seconds
2025-09-19 04:43:32,686 - INFO - Completed /viper/ptmp/arego/RC4K1_1/29785.h5 in 10.33 seconds
2025-09-19 04:43:32,910 - INFO - Processing /viper/ptmp/arego/RC4K1/19715.h5
2025-09-19 04:43:32,921 - INFO - Completed /viper/ptmp/arego/RC4K1_1/11150.h5 in 8.71 seconds
2025-09-19 04:43:33,003 - INFO - File 16662: Filtered 4525788 hits and 6 records
2025-09-19 04:43:33,009 - INFO - Completed /viper/ptmp/arego/RC4K1_1/25310.h5 in 7.84 seconds
2025-09-19 04:43:33,158 - INFO - File 12379: Filtered 11277480 hits and 4 records
2025-09-19 04:43:33,204 - INFO - Processing /viper/ptmp/arego/RC4K1/6954.h5
2025-09-19 04:43:33,283 - INFO - Completed /viper/ptmp/arego/RC4K1_1/6986.h5 in 11.86 seconds
2025-09-19 04:43:33,344 - INFO - File 22139: Filtered 13591390 hits and 9 records
2025-09-19 04:43:33,467 - INFO - Completed /viper/ptmp/arego/RC4K1_1/23422.h5 in 9.37 seconds
2025-09-19 04:43:33,489 - INFO - Processing /viper/ptmp/arego/RC4K1/13761.h5
2025-09-19 04:43:33,530 - INFO - File 16047: Filtered 11115145 hits and 7 records
2025-09-19 04:43:33,648 - INFO - Completed /viper/ptmp/arego/RC4K1_1/13194.h5 in 8.48 seconds
2025-09-19 04:43:33,710 - INFO - Completed /viper/ptmp/arego/RC4K1_1/19981.h5 in 7.17 seconds
2025-09-19 04:43:33,769 - INFO - Completed /viper/ptmp/arego/RC4K1_1/25943.h5 in 10.17 seconds
2025-09-19 04:43:33,920 - INFO - Processing /viper/ptmp/arego/RC4K1/19341.h5
2025-09-19 04:43:33,975 - INFO - Processing /viper/ptmp/arego/RC4K1/22794.h5
2025-09-19 04:43:34,051 - INFO - Completed /viper/ptmp/arego/RC4K1_1/25712.h5 in 7.68 seconds
2025-09-19 04:43:34,065 - INFO - File 3904: Filtered 7238792 hits and 7 records
2025-09-19 04:43:34,397 - INFO - Processing /viper/ptmp/arego/RC4K1/22824.h5
2025-09-19 04:43:34,488 - INFO - Processing /viper/ptmp/arego/RC4K1/10200.h5
2025-09-19 04:43:34,494 - INFO - File 7255: Filtered 11658913 hits and 8 records
2025-09-19 04:43:34,647 - INFO - Processing /viper/ptmp/arego/RC4K1/8512.h5
2025-09-19 04:43:34,810 - INFO - File 17605: Filtered 16186368 hits and 10 records
2025-09-19 04:43:34,871 - INFO - File 4818: Filtered 13176185 hits and 10 records
2025-09-19 04:43:35,315 - INFO - File 22379: Filtered 9174192 hits and 9 records
2025-09-19 04:43:35,369 - INFO - Processing /viper/ptmp/arego/RC4K1/3918.h5
2025-09-19 04:43:35,375 - INFO - Processing /viper/ptmp/arego/RC4K1/4375.h5
2025-09-19 04:43:35,461 - INFO - Processing /viper/ptmp/arego/RC4K1/24596.h5
2025-09-19 04:43:35,697 - INFO - Processing /viper/ptmp/arego/RC4K1/9220.h5
2025-09-19 04:43:35,894 - INFO - Completed /viper/ptmp/arego/RC4K1_1/23610.h5 in 8.50 seconds
2025-09-19 04:43:35,953 - INFO - Processing /viper/ptmp/arego/RC4K1/7852.h5
2025-09-19 04:43:36,011 - INFO - File 446: Filtered 15528309 hits and 11 records
2025-09-19 04:43:36,507 - INFO - Processing /viper/ptmp/arego/RC4K1/25291.h5
2025-09-19 04:43:36,576 - INFO - Completed /viper/ptmp/arego/RC4K1_1/22139.h5 in 9.33 seconds
2025-09-19 04:43:36,578 - INFO - Completed /viper/ptmp/arego/RC4K1_1/17605.h5 in 7.17 seconds
2025-09-19 04:43:36,705 - INFO - File 28116: Filtered 6325634 hits and 5 records
2025-09-19 04:43:36,739 - INFO - File 5762: Filtered 9413834 hits and 7 records
2025-09-19 04:43:36,813 - INFO - File 3171: Filtered 4988818 hits and 8 records
2025-09-19 04:43:36,818 - INFO - File 21973: Filtered 10389001 hits and 8 records
2025-09-19 04:43:36,914 - INFO - Completed /viper/ptmp/arego/RC4K1_1/16047.h5 in 8.46 seconds
2025-09-19 04:43:37,023 - INFO - Processing /viper/ptmp/arego/RC4K1/2498.h5
2025-09-19 04:43:37,025 - INFO - Completed /viper/ptmp/arego/RC4K1_1/12379.h5 in 8.61 seconds
2025-09-19 04:43:37,206 - INFO - Processing /viper/ptmp/arego/RC4K1/13770.h5
2025-09-19 04:43:37,311 - INFO - File 23868: Filtered 13648742 hits and 10 records
2025-09-19 04:43:37,461 - INFO - File 23290: Filtered 8276447 hits and 6 records
2025-09-19 04:43:37,511 - INFO - Processing /viper/ptmp/arego/RC4K1/1423.h5
2025-09-19 04:43:37,621 - INFO - Completed /viper/ptmp/arego/RC4K1_1/26107.h5 in 11.91 seconds
2025-09-19 04:43:37,682 - INFO - Completed /viper/ptmp/arego/RC4K1_1/19512.h5 in 11.53 seconds
2025-09-19 04:43:37,916 - INFO - File 19715: Filtered 15867876 hits and 4 records
2025-09-19 04:43:37,998 - INFO - Completed /viper/ptmp/arego/RC4K1_1/446.h5 in 7.77 seconds
2025-09-19 04:43:38,283 - INFO - Completed /viper/ptmp/arego/RC4K1_1/4818.h5 in 9.67 seconds
2025-09-19 04:43:38,306 - INFO - Completed /viper/ptmp/arego/RC4K1_1/7255.h5 in 9.12 seconds
2025-09-19 04:43:38,321 - INFO - Processing /viper/ptmp/arego/RC4K1/25494.h5
2025-09-19 04:43:38,358 - INFO - Processing /viper/ptmp/arego/RC4K1/8138.h5
2025-09-19 04:43:38,438 - INFO - Processing /viper/ptmp/arego/RC4K1/26827.h5
2025-09-19 04:43:38,695 - INFO - Processing /viper/ptmp/arego/RC4K1/15612.h5
2025-09-19 04:43:38,739 - INFO - Completed /viper/ptmp/arego/RC4K1_1/16662.h5 in 11.28 seconds
2025-09-19 04:43:39,057 - INFO - Completed /viper/ptmp/arego/RC4K1_1/22379.h5 in 8.03 seconds
2025-09-19 04:43:39,146 - INFO - File 6954: Filtered 12814747 hits and 8 records
2025-09-19 04:43:39,192 - INFO - File 13761: Filtered 12679813 hits and 5 records
2025-09-19 04:43:39,363 - INFO - Processing /viper/ptmp/arego/RC4K1/7370.h5
2025-09-19 04:43:39,456 - INFO - Processing /viper/ptmp/arego/RC4K1/10737.h5
2025-09-19 04:43:39,478 - INFO - File 22824: Filtered 10791865 hits and 2 records
2025-09-19 04:43:39,509 - INFO - File 19341: Filtered 15298297 hits and 7 records
2025-09-19 04:43:39,536 - INFO - Processing /viper/ptmp/arego/RC4K1/22231.h5
2025-09-19 04:43:39,621 - INFO - Completed /viper/ptmp/arego/RC4K1_1/23868.h5 in 7.32 seconds
2025-09-19 04:43:39,805 - INFO - Completed /viper/ptmp/arego/RC4K1_1/3904.h5 in 9.88 seconds
2025-09-19 04:43:39,841 - INFO - File 10200: Filtered 11177723 hits and 4 records
2025-09-19 04:43:39,841 - INFO - File 22794: Filtered 9315159 hits and 5 records
2025-09-19 04:43:40,008 - INFO - Processing /viper/ptmp/arego/RC4K1/24262.h5
2025-09-19 04:43:40,179 - INFO - Completed /viper/ptmp/arego/RC4K1_1/21973.h5 in 8.49 seconds
2025-09-19 04:43:40,189 - INFO - Processing /viper/ptmp/arego/RC4K1/26919.h5
2025-09-19 04:43:40,379 - INFO - File 3918: Filtered 12350473 hits and 8 records
2025-09-19 04:43:40,707 - INFO - File 24596: Filtered 6111957 hits and 6 records
2025-09-19 04:43:40,781 - INFO - Completed /viper/ptmp/arego/RC4K1_1/5762.h5 in 8.45 seconds
2025-09-19 04:43:40,933 - INFO - Completed /viper/ptmp/arego/RC4K1_1/19715.h5 in 8.02 seconds
2025-09-19 04:43:40,935 - INFO - Processing /viper/ptmp/arego/RC4K1/23623.h5
2025-09-19 04:43:40,965 - INFO - Processing /viper/ptmp/arego/RC4K1/16281.h5
2025-09-19 04:43:41,101 - INFO - File 9220: Filtered 7690160 hits and 8 records
2025-09-19 04:43:41,154 - INFO - File 8512: Filtered 16168954 hits and 7 records
2025-09-19 04:43:41,262 - INFO - Processing /viper/ptmp/arego/RC4K1/8490.h5
2025-09-19 04:43:41,502 - INFO - File 25291: Filtered 17432639 hits and 8 records
2025-09-19 04:43:41,706 - INFO - File 4375: Filtered 9571718 hits and 4 records
2025-09-19 04:43:41,920 - INFO - Completed /viper/ptmp/arego/RC4K1_1/3171.h5 in 11.05 seconds
2025-09-19 04:43:41,921 - INFO - Completed /viper/ptmp/arego/RC4K1_1/19341.h5 in 8.00 seconds
2025-09-19 04:43:42,060 - INFO - File 7852: Filtered 14209043 hits and 8 records
2025-09-19 04:43:42,065 - INFO - File 25494: Filtered 7416162 hits and 7 records
2025-09-19 04:43:42,152 - INFO - Processing /viper/ptmp/arego/RC4K1/14234.h5
2025-09-19 04:43:42,604 - INFO - File 1423: Filtered 10745240 hits and 7 records
2025-09-19 04:43:42,773 - INFO - Completed /viper/ptmp/arego/RC4K1_1/25291.h5 in 6.27 seconds
2025-09-19 04:43:42,845 - INFO - Processing /viper/ptmp/arego/RC4K1/610.h5
2025-09-19 04:43:42,943 - INFO - Completed /viper/ptmp/arego/RC4K1_1/23290.h5 in 10.60 seconds
2025-09-19 04:43:43,000 - INFO - Completed /viper/ptmp/arego/RC4K1_1/22824.h5 in 8.60 seconds
2025-09-19 04:43:43,104 - INFO - Processing /viper/ptmp/arego/RC4K1/12891.h5
2025-09-19 04:43:43,218 - INFO - Completed /viper/ptmp/arego/RC4K1_1/13761.h5 in 9.73 seconds
2025-09-19 04:43:43,345 - INFO - File 13770: Filtered 15682882 hits and 6 records
2025-09-19 04:43:43,378 - INFO - File 2498: Filtered 13637844 hits and 10 records
2025-09-19 04:43:43,464 - INFO - Completed /viper/ptmp/arego/RC4K1_1/28116.h5 in 11.54 seconds
2025-09-19 04:43:43,493 - INFO - Completed /viper/ptmp/arego/RC4K1_1/8512.h5 in 8.85 seconds
2025-09-19 04:43:43,564 - INFO - Processing /viper/ptmp/arego/RC4K1/22246.h5
2025-09-19 04:43:43,617 - INFO - Completed /viper/ptmp/arego/RC4K1_1/6954.h5 in 10.41 seconds
2025-09-19 04:43:43,647 - INFO - Completed /viper/ptmp/arego/RC4K1_1/3918.h5 in 8.28 seconds
2025-09-19 04:43:43,784 - INFO - Processing /viper/ptmp/arego/RC4K1/9854.h5
2025-09-19 04:43:43,877 - INFO - Processing /viper/ptmp/arego/RC4K1/3876.h5
2025-09-19 04:43:43,982 - INFO - Completed /viper/ptmp/arego/RC4K1_1/10200.h5 in 9.49 seconds
2025-09-19 04:43:44,208 - INFO - File 15612: Filtered 15426510 hits and 10 records
2025-09-19 04:43:44,342 - INFO - Processing /viper/ptmp/arego/RC4K1/28954.h5
2025-09-19 04:43:44,436 - INFO - Processing /viper/ptmp/arego/RC4K1/27082.h5
2025-09-19 04:43:44,492 - INFO - Processing /viper/ptmp/arego/RC4K1/17352.h5
2025-09-19 04:43:44,581 - INFO - File 8138: Filtered 9957043 hits and 7 records
2025-09-19 04:43:44,655 - INFO - File 22231: Filtered 8489766 hits and 5 records
2025-09-19 04:43:44,723 - INFO - File 26827: Filtered 16207629 hits and 12 records
2025-09-19 04:43:44,992 - INFO - Processing /viper/ptmp/arego/RC4K1/22340.h5
2025-09-19 04:43:45,001 - INFO - Processing /viper/ptmp/arego/RC4K1/19364.h5
2025-09-19 04:43:45,032 - INFO - Completed /viper/ptmp/arego/RC4K1_1/22794.h5 in 11.06 seconds
2025-09-19 04:43:45,386 - INFO - Processing /viper/ptmp/arego/RC4K1/28398.h5
2025-09-19 04:43:45,564 - INFO - File 16281: Filtered 14667711 hits and 8 records
2025-09-19 04:43:45,654 - INFO - Completed /viper/ptmp/arego/RC4K1_1/25494.h5 in 7.33 seconds
2025-09-19 04:43:45,771 - INFO - File 7370: Filtered 6790612 hits and 6 records
2025-09-19 04:43:45,806 - INFO - File 24262: Filtered 5339598 hits and 4 records
2025-09-19 04:43:45,884 - INFO - Completed /viper/ptmp/arego/RC4K1_1/13770.h5 in 8.68 seconds
2025-09-19 04:43:45,886 - ERROR - Error processing /viper/ptmp/arego/RC4K1/7852.h5: low >= high
2025-09-19 04:43:46,001 - INFO - Processing /viper/ptmp/arego/RC4K1/25817.h5
2025-09-19 04:43:46,040 - INFO - File 23623: Filtered 6382310 hits and 5 records
2025-09-19 04:43:46,143 - INFO - File 10737: Filtered 3838014 hits and 5 records
2025-09-19 04:43:46,231 - INFO - File 26919: Filtered 6647617 hits and 4 records
2025-09-19 04:43:46,250 - INFO - File 8490: Filtered 11404521 hits and 8 records
2025-09-19 04:43:46,307 - INFO - Completed /viper/ptmp/arego/RC4K1_1/4375.h5 in 10.93 seconds
2025-09-19 04:43:46,337 - INFO - Processing /viper/ptmp/arego/RC4K1/12473.h5
2025-09-19 04:43:46,501 - INFO - Processing /viper/ptmp/arego/RC4K1/17545.h5
2025-09-19 04:43:46,508 - INFO - Processing /viper/ptmp/arego/RC4K1/20014.h5
2025-09-19 04:43:46,765 - INFO - Completed /viper/ptmp/arego/RC4K1_1/1423.h5 in 9.25 seconds
2025-09-19 04:43:46,811 - INFO - Completed /viper/ptmp/arego/RC4K1_1/24596.h5 in 11.35 seconds
2025-09-19 04:43:46,948 - INFO - Completed /viper/ptmp/arego/RC4K1_1/9220.h5 in 11.25 seconds
2025-09-19 04:43:46,958 - INFO - Completed /viper/ptmp/arego/RC4K1_1/15612.h5 in 8.26 seconds
2025-09-19 04:43:47,374 - INFO - Processing /viper/ptmp/arego/RC4K1/26983.h5
2025-09-19 04:43:47,384 - INFO - Processing /viper/ptmp/arego/RC4K1/1213.h5
2025-09-19 04:43:47,604 - INFO - Processing /viper/ptmp/arego/RC4K1/12864.h5
2025-09-19 04:43:47,855 - INFO - File 14234: Filtered 19296394 hits and 5 records
2025-09-19 04:43:47,941 - INFO - Completed /viper/ptmp/arego/RC4K1_1/26827.h5 in 9.50 seconds
2025-09-19 04:43:47,980 - INFO - File 3876: Filtered 16706930 hits and 9 records
2025-09-19 04:43:48,071 - INFO - Completed /viper/ptmp/arego/RC4K1_1/2498.h5 in 11.05 seconds
2025-09-19 04:43:48,390 - INFO - Processing /viper/ptmp/arego/RC4K1/22046.h5
2025-09-19 04:43:48,498 - INFO - Completed /viper/ptmp/arego/RC4K1_1/16281.h5 in 7.53 seconds
2025-09-19 04:43:48,551 - INFO - File 12891: Filtered 10249125 hits and 9 records
2025-09-19 04:43:48,591 - INFO - Completed /viper/ptmp/arego/RC4K1_1/14234.h5 in 6.44 seconds
2025-09-19 04:43:48,676 - INFO - Processing /viper/ptmp/arego/RC4K1/27927.h5
2025-09-19 04:43:48,782 - INFO - File 610: Filtered 11284829 hits and 6 records
2025-09-19 04:43:48,875 - INFO - Processing /viper/ptmp/arego/RC4K1/15297.h5
2025-09-19 04:43:48,996 - INFO - Processing /viper/ptmp/arego/RC4K1/27563.h5
2025-09-19 04:43:49,009 - INFO - Completed /viper/ptmp/arego/RC4K1_1/8138.h5 in 10.65 seconds
2025-09-19 04:43:49,223 - INFO - File 9854: Filtered 20418112 hits and 6 records
2025-09-19 04:43:49,261 - INFO - File 22246: Filtered 17046952 hits and 11 records
2025-09-19 04:43:49,366 - INFO - Completed /viper/ptmp/arego/RC4K1_1/3876.h5 in 5.49 seconds
2025-09-19 04:43:49,501 - INFO - Processing /viper/ptmp/arego/RC4K1/6278.h5
2025-09-19 04:43:49,627 - INFO - Processing /viper/ptmp/arego/RC4K1/21621.h5
2025-09-19 04:43:49,797 - INFO - File 28954: Filtered 15001470 hits and 9 records
2025-09-19 04:43:49,839 - INFO - Processing /viper/ptmp/arego/RC4K1/28876.h5
2025-09-19 04:43:49,841 - INFO - File 27082: Filtered 7101937 hits and 8 records
2025-09-19 04:43:50,099 - INFO - Completed /viper/ptmp/arego/RC4K1_1/8490.h5 in 8.84 seconds
2025-09-19 04:43:50,183 - INFO - Processing /viper/ptmp/arego/RC4K1/10794.h5
2025-09-19 04:43:50,294 - INFO - File 12473: Filtered 11201756 hits and 8 records
2025-09-19 04:43:50,427 - INFO - Completed /viper/ptmp/arego/RC4K1_1/22231.h5 in 10.89 seconds
2025-09-19 04:43:50,493 - INFO - File 22340: Filtered 13674951 hits and 8 records
2025-09-19 04:43:50,505 - INFO - File 19364: Filtered 4600466 hits and 7 records
2025-09-19 04:43:50,539 - INFO - Processing /viper/ptmp/arego/RC4K1/5937.h5
2025-09-19 04:43:50,682 - INFO - Completed /viper/ptmp/arego/RC4K1_1/9854.h5 in 6.90 seconds
2025-09-19 04:43:50,848 - INFO - File 17352: Filtered 12776968 hits and 7 records
2025-09-19 04:43:51,155 - INFO - Processing /viper/ptmp/arego/RC4K1/1651.h5
2025-09-19 04:43:51,417 - INFO - Processing /viper/ptmp/arego/RC4K1/4135.h5
2025-09-19 04:43:51,434 - INFO - Completed /viper/ptmp/arego/RC4K1_1/26919.h5 in 11.25 seconds
2025-09-19 04:43:51,838 - INFO - File 20014: Filtered 12015689 hits and 11 records
2025-09-19 04:43:52,145 - INFO - Processing /viper/ptmp/arego/RC4K1/1113.h5
2025-09-19 04:43:52,146 - INFO - Completed /viper/ptmp/arego/RC4K1_1/610.h5 in 9.30 seconds
2025-09-19 04:43:52,168 - INFO - File 17545: Filtered 16418883 hits and 10 records
2025-09-19 04:43:52,320 - INFO - Completed /viper/ptmp/arego/RC4K1_1/10737.h5 in 12.86 seconds
2025-09-19 04:43:52,396 - ERROR - Error processing /viper/ptmp/arego/RC4K1/22246.h5: low >= high
2025-09-19 04:43:52,415 - INFO - File 28398: Filtered 12515943 hits and 8 records
2025-09-19 04:43:52,452 - INFO - Completed /viper/ptmp/arego/RC4K1_1/24262.h5 in 12.44 seconds
2025-09-19 04:43:52,492 - INFO - File 12864: Filtered 7047039 hits and 7 records
2025-09-19 04:43:52,540 - INFO - Completed /viper/ptmp/arego/RC4K1_1/23623.h5 in 11.61 seconds
2025-09-19 04:43:52,796 - INFO - Completed /viper/ptmp/arego/RC4K1_1/28954.h5 in 8.45 seconds
2025-09-19 04:43:52,979 - INFO - File 1213: Filtered 12389522 hits and 10 records
2025-09-19 04:43:53,067 - INFO - Completed /viper/ptmp/arego/RC4K1_1/12473.h5 in 6.73 seconds
2025-09-19 04:43:53,128 - INFO - Processing /viper/ptmp/arego/RC4K1/22210.h5
2025-09-19 04:43:53,147 - INFO - Processing /viper/ptmp/arego/RC4K1/8722.h5
2025-09-19 04:43:53,432 - INFO - Processing /viper/ptmp/arego/RC4K1/10912.h5
2025-09-19 04:43:53,453 - INFO - Processing /viper/ptmp/arego/RC4K1/18000.h5
2025-09-19 04:43:53,482 - INFO - File 25817: Filtered 13596731 hits and 7 records
2025-09-19 04:43:53,611 - INFO - Completed /viper/ptmp/arego/RC4K1_1/7370.h5 in 14.25 seconds
2025-09-19 04:43:53,929 - INFO - File 22046: Filtered 16337049 hits and 7 records
2025-09-19 04:43:53,930 - INFO - Completed /viper/ptmp/arego/RC4K1_1/12891.h5 in 10.83 seconds
2025-09-19 04:43:54,008 - INFO - Processing /viper/ptmp/arego/RC4K1/25134.h5
2025-09-19 04:43:54,063 - INFO - Processing /viper/ptmp/arego/RC4K1/8529.h5
2025-09-19 04:43:54,388 - INFO - File 26983: Filtered 14334798 hits and 9 records
2025-09-19 04:43:54,444 - INFO - File 27927: Filtered 16928884 hits and 10 records
2025-09-19 04:43:54,464 - INFO - File 21621: Filtered 13176548 hits and 9 records
2025-09-19 04:43:54,603 - INFO - Processing /viper/ptmp/arego/RC4K1/11672.h5
2025-09-19 04:43:54,868 - INFO - Processing /viper/ptmp/arego/RC4K1/8097.h5
2025-09-19 04:43:55,019 - INFO - File 15297: Filtered 13108584 hits and 9 records
2025-09-19 04:43:55,079 - INFO - File 27563: Filtered 7125223 hits and 7 records
2025-09-19 04:43:55,289 - INFO - Completed /viper/ptmp/arego/RC4K1_1/17352.h5 in 10.80 seconds
2025-09-19 04:43:55,318 - INFO - Completed /viper/ptmp/arego/RC4K1_1/22340.h5 in 10.33 seconds
2025-09-19 04:43:55,557 - INFO - Completed /viper/ptmp/arego/RC4K1_1/20014.h5 in 9.05 seconds
2025-09-19 04:43:55,702 - INFO - Processing /viper/ptmp/arego/RC4K1/8033.h5
2025-09-19 04:43:55,767 - INFO - Processing /viper/ptmp/arego/RC4K1/22251.h5
2025-09-19 04:43:55,898 - INFO - File 6278: Filtered 7662626 hits and 7 records
2025-09-19 04:43:55,957 - INFO - File 10794: Filtered 18639276 hits and 11 records
2025-09-19 04:43:55,977 - INFO - Completed /viper/ptmp/arego/RC4K1_1/22046.h5 in 7.59 seconds
2025-09-19 04:43:56,035 - INFO - File 5937: Filtered 19624289 hits and 6 records
2025-09-19 04:43:56,041 - INFO - Processing /viper/ptmp/arego/RC4K1/28441.h5
2025-09-19 04:43:56,165 - INFO - Completed /viper/ptmp/arego/RC4K1_1/28398.h5 in 10.78 seconds
2025-09-19 04:43:56,189 - INFO - File 28876: Filtered 11989978 hits and 8 records
2025-09-19 04:43:56,254 - INFO - Completed /viper/ptmp/arego/RC4K1_1/27082.h5 in 11.82 seconds
2025-09-19 04:43:56,326 - INFO - Processing /viper/ptmp/arego/RC4K1/15005.h5
2025-09-19 04:43:56,596 - INFO - Completed /viper/ptmp/arego/RC4K1_1/17545.h5 in 10.10 seconds
2025-09-19 04:43:56,605 - INFO - Processing /viper/ptmp/arego/RC4K1/10264.h5
2025-09-19 04:43:56,983 - INFO - Completed /viper/ptmp/arego/RC4K1_1/25817.h5 in 10.98 seconds
2025-09-19 04:43:57,099 - INFO - Completed /viper/ptmp/arego/RC4K1_1/1213.h5 in 9.72 seconds
2025-09-19 04:43:57,185 - INFO - File 4135: Filtered 9429701 hits and 6 records
2025-09-19 04:43:57,223 - INFO - Completed /viper/ptmp/arego/RC4K1_1/21621.h5 in 7.60 seconds
2025-09-19 04:43:57,396 - INFO - Processing /viper/ptmp/arego/RC4K1/25886.h5
2025-09-19 04:43:57,434 - INFO - Completed /viper/ptmp/arego/RC4K1_1/27927.h5 in 8.76 seconds
2025-09-19 04:43:57,449 - INFO - Processing /viper/ptmp/arego/RC4K1/26954.h5
2025-09-19 04:43:57,553 - INFO - Processing /viper/ptmp/arego/RC4K1/7536.h5
2025-09-19 04:43:57,608 - INFO - File 1651: Filtered 17130386 hits and 9 records
2025-09-19 04:43:57,637 - INFO - File 1113: Filtered 7711055 hits and 7 records
2025-09-19 04:43:57,889 - INFO - Completed /viper/ptmp/arego/RC4K1_1/10794.h5 in 7.71 seconds
2025-09-19 04:43:58,233 - INFO - Processing /viper/ptmp/arego/RC4K1/13668.h5
2025-09-19 04:43:58,257 - INFO - File 25134: Filtered 6048473 hits and 6 records
2025-09-19 04:43:58,297 - INFO - Completed /viper/ptmp/arego/RC4K1_1/26983.h5 in 10.92 seconds
2025-09-19 04:43:58,364 - INFO - Completed /viper/ptmp/arego/RC4K1_1/5937.h5 in 7.82 seconds
2025-09-19 04:43:58,392 - INFO - Processing /viper/ptmp/arego/RC4K1/24381.h5
2025-09-19 04:43:58,463 - INFO - Processing /viper/ptmp/arego/RC4K1/14960.h5
2025-09-19 04:43:58,499 - INFO - File 8722: Filtered 13799487 hits and 8 records
2025-09-19 04:43:58,575 - INFO - Processing /viper/ptmp/arego/RC4K1/27737.h5
2025-09-19 04:43:58,943 - INFO - File 18000: Filtered 19045885 hits and 8 records
2025-09-19 04:43:59,026 - INFO - File 22210: Filtered 9952822 hits and 6 records
2025-09-19 04:43:59,122 - INFO - Processing /viper/ptmp/arego/RC4K1/4239.h5
2025-09-19 04:43:59,140 - INFO - Completed /viper/ptmp/arego/RC4K1_1/19364.h5 in 14.14 seconds
2025-09-19 04:43:59,287 - INFO - Processing /viper/ptmp/arego/RC4K1/13380.h5
2025-09-19 04:43:59,598 - INFO - Completed /viper/ptmp/arego/RC4K1_1/12864.h5 in 11.99 seconds
2025-09-19 04:43:59,916 - INFO - File 10912: Filtered 10360260 hits and 7 records
2025-09-19 04:43:59,927 - INFO - Completed /viper/ptmp/arego/RC4K1_1/15297.h5 in 11.05 seconds
2025-09-19 04:43:59,944 - INFO - Processing /viper/ptmp/arego/RC4K1/21028.h5
2025-09-19 04:44:00,207 - INFO - File 8097: Filtered 11043759 hits and 8 records
2025-09-19 04:44:00,237 - INFO - File 8529: Filtered 11748946 hits and 7 records
2025-09-19 04:44:00,285 - INFO - Completed /viper/ptmp/arego/RC4K1_1/27563.h5 in 11.29 seconds
2025-09-19 04:44:00,681 - INFO - Completed /viper/ptmp/arego/RC4K1_1/28876.h5 in 10.84 seconds
2025-09-19 04:44:00,682 - INFO - Processing /viper/ptmp/arego/RC4K1/954.h5
2025-09-19 04:44:00,738 - INFO - Completed /viper/ptmp/arego/RC4K1_1/18000.h5 in 7.29 seconds
2025-09-19 04:44:01,102 - INFO - Processing /viper/ptmp/arego/RC4K1/21914.h5
2025-09-19 04:44:01,320 - INFO - Processing /viper/ptmp/arego/RC4K1/1212.h5
2025-09-19 04:44:01,468 - INFO - File 11672: Filtered 13569009 hits and 7 records
2025-09-19 04:44:01,571 - INFO - Processing /viper/ptmp/arego/RC4K1/15832.h5
2025-09-19 04:44:01,786 - INFO - File 8033: Filtered 13007118 hits and 6 records
2025-09-19 04:44:01,848 - INFO - File 15005: Filtered 13248965 hits and 5 records
2025-09-19 04:44:01,921 - INFO - Processing /viper/ptmp/arego/RC4K1/464.h5
2025-09-19 04:44:02,056 - INFO - Completed /viper/ptmp/arego/RC4K1_1/1651.h5 in 10.90 seconds
2025-09-19 04:44:02,232 - INFO - Completed /viper/ptmp/arego/RC4K1_1/8722.h5 in 9.09 seconds
2025-09-19 04:44:02,495 - INFO - Completed /viper/ptmp/arego/RC4K1_1/6278.h5 in 12.99 seconds
2025-09-19 04:44:02,587 - INFO - File 22251: Filtered 13288169 hits and 9 records
2025-09-19 04:44:02,649 - INFO - Completed /viper/ptmp/arego/RC4K1_1/1113.h5 in 10.50 seconds
2025-09-19 04:44:02,698 - INFO - Processing /viper/ptmp/arego/RC4K1/5641.h5
2025-09-19 04:44:02,897 - INFO - Processing /viper/ptmp/arego/RC4K1/3720.h5
2025-09-19 04:44:03,090 - INFO - File 26954: Filtered 11347120 hits and 8 records
2025-09-19 04:44:03,091 - INFO - Completed /viper/ptmp/arego/RC4K1_1/25134.h5 in 9.08 seconds
2025-09-19 04:44:03,153 - INFO - File 28441: Filtered 17439323 hits and 6 records
2025-09-19 04:44:03,339 - INFO - Processing /viper/ptmp/arego/RC4K1/21546.h5
2025-09-19 04:44:03,559 - INFO - Processing /viper/ptmp/arego/RC4K1/23416.h5
2025-09-19 04:44:03,885 - INFO - Completed /viper/ptmp/arego/RC4K1_1/4135.h5 in 12.47 seconds
2025-09-19 04:44:04,074 - INFO - Processing /viper/ptmp/arego/RC4K1/7464.h5
2025-09-19 04:44:04,098 - INFO - File 27737: Filtered 17322909 hits and 10 records
2025-09-19 04:44:04,799 - INFO - File 14960: Filtered 12769135 hits and 7 records
2025-09-19 04:44:04,827 - INFO - Processing /viper/ptmp/arego/RC4K1/18991.h5
2025-09-19 04:44:04,863 - INFO - File 13380: Filtered 23403727 hits and 10 records
2025-09-19 04:44:04,875 - INFO - Completed /viper/ptmp/arego/RC4K1_1/8097.h5 in 10.01 seconds
2025-09-19 04:44:04,941 - INFO - Completed /viper/ptmp/arego/RC4K1_1/22210.h5 in 11.81 seconds
2025-09-19 04:44:05,073 - INFO - File 7536: Filtered 15478646 hits and 6 records
2025-09-19 04:44:05,170 - INFO - Processing /viper/ptmp/arego/RC4K1/1009.h5
2025-09-19 04:44:05,195 - INFO - Completed /viper/ptmp/arego/RC4K1_1/15005.h5 in 8.87 seconds
2025-09-19 04:44:05,352 - INFO - Processing /viper/ptmp/arego/RC4K1/20806.h5
2025-09-19 04:44:05,458 - INFO - File 24381: Filtered 23609403 hits and 10 records
2025-09-19 04:44:05,600 - INFO - Completed /viper/ptmp/arego/RC4K1_1/8529.h5 in 11.54 seconds
2025-09-19 04:44:05,920 - INFO - File 25886: Filtered 13049206 hits and 8 records
2025-09-19 04:44:05,956 - INFO - Processing /viper/ptmp/arego/RC4K1/22556.h5
2025-09-19 04:44:05,958 - INFO - File 21028: Filtered 18727002 hits and 10 records
2025-09-19 04:44:05,986 - INFO - Processing /viper/ptmp/arego/RC4K1/11963.h5
2025-09-19 04:44:06,098 - INFO - Completed /viper/ptmp/arego/RC4K1_1/10912.h5 in 12.67 seconds
2025-09-19 04:44:06,460 - INFO - Completed /viper/ptmp/arego/RC4K1_1/13380.h5 in 7.17 seconds
2025-09-19 04:44:06,761 - INFO - Processing /viper/ptmp/arego/RC4K1/5117.h5
2025-09-19 04:44:06,838 - INFO - Completed /viper/ptmp/arego/RC4K1_1/27737.h5 in 8.26 seconds
2025-09-19 04:44:06,919 - INFO - Processing /viper/ptmp/arego/RC4K1/16677.h5
2025-09-19 04:44:06,932 - INFO - File 13668: Filtered 13985863 hits and 7 records
2025-09-19 04:44:06,934 - INFO - File 21914: Filtered 19417700 hits and 9 records
2025-09-19 04:44:07,064 - INFO - Completed /viper/ptmp/arego/RC4K1_1/8033.h5 in 11.36 seconds
2025-09-19 04:44:07,211 - INFO - Processing /viper/ptmp/arego/RC4K1/6773.h5
2025-09-19 04:44:07,213 - INFO - Processing /viper/ptmp/arego/RC4K1/3912.h5
2025-09-19 04:44:07,273 - INFO - File 1212: Filtered 7866080 hits and 6 records
2025-09-19 04:44:07,307 - INFO - Completed /viper/ptmp/arego/RC4K1_1/28441.h5 in 11.27 seconds
2025-09-19 04:44:07,367 - INFO - File 954: Filtered 11818436 hits and 7 records
2025-09-19 04:44:07,430 - INFO - Completed /viper/ptmp/arego/RC4K1_1/26954.h5 in 9.98 seconds
2025-09-19 04:44:07,705 - INFO - Completed /viper/ptmp/arego/RC4K1_1/24381.h5 in 9.31 seconds
2025-09-19 04:44:07,845 - INFO - File 4239: Filtered 14310074 hits and 8 records
2025-09-19 04:44:07,882 - INFO - Processing /viper/ptmp/arego/RC4K1/11857.h5
2025-09-19 04:44:08,012 - ERROR - Error processing /viper/ptmp/arego/RC4K1/22251.h5: low >= high
2025-09-19 04:44:08,035 - INFO - Processing /viper/ptmp/arego/RC4K1/18690.h5
2025-09-19 04:44:08,127 - INFO - File 464: Filtered 8144383 hits and 7 records
2025-09-19 04:44:08,161 - INFO - File 23416: Filtered 14736111 hits and 10 records
2025-09-19 04:44:08,163 - INFO - Completed /viper/ptmp/arego/RC4K1_1/14960.h5 in 9.70 seconds
2025-09-19 04:44:08,180 - INFO - Completed /viper/ptmp/arego/RC4K1_1/11672.h5 in 13.58 seconds
2025-09-19 04:44:08,262 - INFO - File 10264: Filtered 12943550 hits and 6 records
2025-09-19 04:44:08,290 - INFO - File 15832: Filtered 10108342 hits and 7 records
2025-09-19 04:44:08,304 - INFO - Processing /viper/ptmp/arego/RC4K1/5352.h5
2025-09-19 04:44:08,492 - INFO - Processing /viper/ptmp/arego/RC4K1/3478.h5
2025-09-19 04:44:08,496 - INFO - Completed /viper/ptmp/arego/RC4K1_1/21028.h5 in 8.55 seconds
2025-09-19 04:44:08,873 - INFO - Processing /viper/ptmp/arego/RC4K1/23972.h5
2025-09-19 04:44:08,955 - INFO - File 3720: Filtered 10150232 hits and 6 records
2025-09-19 04:44:08,966 - INFO - Processing /viper/ptmp/arego/RC4K1/7201.h5
2025-09-19 04:44:09,074 - INFO - Processing /viper/ptmp/arego/RC4K1/20962.h5
2025-09-19 04:44:09,366 - INFO - Processing /viper/ptmp/arego/RC4K1/23207.h5
2025-09-19 04:44:09,370 - INFO - Completed /viper/ptmp/arego/RC4K1_1/21914.h5 in 8.27 seconds
2025-09-19 04:44:09,540 - INFO - File 21546: Filtered 10783980 hits and 9 records
2025-09-19 04:44:09,685 - INFO - File 5641: Filtered 13792371 hits and 7 records
2025-09-19 04:44:09,930 - INFO - Processing /viper/ptmp/arego/RC4K1/7743.h5
2025-09-19 04:44:10,102 - INFO - File 7464: Filtered 18287694 hits and 6 records
2025-09-19 04:44:10,446 - INFO - Completed /viper/ptmp/arego/RC4K1_1/7536.h5 in 12.89 seconds
2025-09-19 04:44:10,748 - INFO - Completed /viper/ptmp/arego/RC4K1_1/25886.h5 in 13.35 seconds
2025-09-19 04:44:10,969 - INFO - File 18991: Filtered 26105160 hits and 11 records
2025-09-19 04:44:10,969 - ERROR - Error processing /viper/ptmp/arego/RC4K1/23416.h5: low >= high
2025-09-19 04:44:11,177 - INFO - Processing /viper/ptmp/arego/RC4K1/2085.h5
2025-09-19 04:44:11,287 - INFO - Processing /viper/ptmp/arego/RC4K1/10860.h5
2025-09-19 04:44:11,367 - INFO - Processing /viper/ptmp/arego/RC4K1/7902.h5
2025-09-19 04:44:11,669 - INFO - Completed /viper/ptmp/arego/RC4K1_1/13668.h5 in 13.44 seconds
2025-09-19 04:44:11,740 - INFO - File 20806: Filtered 12607997 hits and 9 records
2025-09-19 04:44:11,783 - INFO - File 1009: Filtered 7907664 hits and 6 records
2025-09-19 04:44:12,272 - INFO - File 22556: Filtered 8215220 hits and 6 records
2025-09-19 04:44:12,308 - INFO - Completed /viper/ptmp/arego/RC4K1_1/4239.h5 in 13.19 seconds
2025-09-19 04:44:12,397 - INFO - Processing /viper/ptmp/arego/RC4K1/24867.h5
2025-09-19 04:44:12,400 - INFO - File 11963: Filtered 12208075 hits and 5 records
2025-09-19 04:44:12,640 - INFO - Completed /viper/ptmp/arego/RC4K1_1/18991.h5 in 7.81 seconds
2025-09-19 04:44:12,810 - INFO - File 3912: Filtered 14649720 hits and 6 records
2025-09-19 04:44:12,999 - INFO - File 5117: Filtered 8236026 hits and 5 records
2025-09-19 04:44:13,106 - INFO - Processing /viper/ptmp/arego/RC4K1/8915.h5
2025-09-19 04:44:13,296 - INFO - Completed /viper/ptmp/arego/RC4K1_1/7464.h5 in 9.22 seconds
2025-09-19 04:44:13,482 - INFO - Completed /viper/ptmp/arego/RC4K1_1/1212.h5 in 12.16 seconds
2025-09-19 04:44:13,540 - INFO - Processing /viper/ptmp/arego/RC4K1/6451.h5
2025-09-19 04:44:13,601 - INFO - Completed /viper/ptmp/arego/RC4K1_1/464.h5 in 11.68 seconds
2025-09-19 04:44:13,868 - INFO - Completed /viper/ptmp/arego/RC4K1_1/954.h5 in 13.19 seconds
2025-09-19 04:44:14,040 - INFO - File 16677: Filtered 21054899 hits and 8 records
2025-09-19 04:44:14,331 - INFO - Processing /viper/ptmp/arego/RC4K1/17053.h5
2025-09-19 04:44:14,391 - INFO - Processing /viper/ptmp/arego/RC4K1/3133.h5
2025-09-19 04:44:14,427 - INFO - Processing /viper/ptmp/arego/RC4K1/7921.h5
2025-09-19 04:44:14,583 - INFO - File 6773: Filtered 12377440 hits and 8 records
2025-09-19 04:44:14,770 - INFO - File 11857: Filtered 16436764 hits and 9 records
2025-09-19 04:44:14,775 - INFO - Processing /viper/ptmp/arego/RC4K1/1004.h5
2025-09-19 04:44:15,139 - INFO - File 7201: Filtered 6463448 hits and 8 records
2025-09-19 04:44:15,145 - INFO - File 23972: Filtered 13693795 hits and 10 records
2025-09-19 04:44:15,390 - INFO - File 18690: Filtered 17248139 hits and 8 records
2025-09-19 04:44:15,469 - INFO - Completed /viper/ptmp/arego/RC4K1_1/3720.h5 in 12.57 seconds
2025-09-19 04:44:15,787 - INFO - File 5352: Filtered 11790124 hits and 9 records
2025-09-19 04:44:15,963 - INFO - File 10860: Filtered 12396422 hits and 11 records
2025-09-19 04:44:16,181 - INFO - Processing /viper/ptmp/arego/RC4K1/2787.h5
2025-09-19 04:44:16,235 - INFO - Completed /viper/ptmp/arego/RC4K1_1/10264.h5 in 19.63 seconds
2025-09-19 04:44:16,282 - INFO - Completed /viper/ptmp/arego/RC4K1_1/5641.h5 in 13.58 seconds
2025-09-19 04:44:16,389 - INFO - Completed /viper/ptmp/arego/RC4K1_1/21546.h5 in 13.05 seconds
2025-09-19 04:44:16,472 - INFO - Completed /viper/ptmp/arego/RC4K1_1/3912.h5 in 9.26 seconds
2025-09-19 04:44:16,489 - INFO - Completed /viper/ptmp/arego/RC4K1_1/15832.h5 in 14.92 seconds
2025-09-19 04:44:16,550 - INFO - Completed /viper/ptmp/arego/RC4K1_1/16677.h5 in 9.63 seconds
2025-09-19 04:44:16,637 - INFO - File 3478: Filtered 21588609 hits and 8 records
2025-09-19 04:44:16,645 - INFO - Completed /viper/ptmp/arego/RC4K1_1/20806.h5 in 11.29 seconds
2025-09-19 04:44:16,770 - INFO - File 7743: Filtered 16108046 hits and 7 records
2025-09-19 04:44:16,800 - INFO - File 23207: Filtered 13656634 hits and 10 records
2025-09-19 04:44:16,980 - INFO - Processing /viper/ptmp/arego/RC4K1/17550.h5
2025-09-19 04:44:16,981 - INFO - Processing /viper/ptmp/arego/RC4K1/20411.h5
2025-09-19 04:44:17,019 - INFO - Completed /viper/ptmp/arego/RC4K1_1/11963.h5 in 11.03 seconds
2025-09-19 04:44:17,043 - INFO - Processing /viper/ptmp/arego/RC4K1/8958.h5
2025-09-19 04:44:17,268 - INFO - File 20962: Filtered 10804384 hits and 8 records
2025-09-19 04:44:17,665 - INFO - Processing /viper/ptmp/arego/RC4K1/22459.h5
2025-09-19 04:44:17,968 - INFO - Processing /viper/ptmp/arego/RC4K1/12775.h5
2025-09-19 04:44:17,988 - INFO - Processing /viper/ptmp/arego/RC4K1/19453.h5
2025-09-19 04:44:18,418 - INFO - File 7902: Filtered 8791744 hits and 6 records
2025-09-19 04:44:18,456 - INFO - Completed /viper/ptmp/arego/RC4K1_1/18690.h5 in 10.42 seconds
2025-09-19 04:44:18,646 - INFO - Processing /viper/ptmp/arego/RC4K1/29685.h5
2025-09-19 04:44:18,775 - INFO - Processing /viper/ptmp/arego/RC4K1/13316.h5
2025-09-19 04:44:18,883 - INFO - Completed /viper/ptmp/arego/RC4K1_1/5117.h5 in 12.12 seconds
2025-09-19 04:44:18,891 - INFO - Completed /viper/ptmp/arego/RC4K1_1/22556.h5 in 12.94 seconds
2025-09-19 04:44:19,055 - INFO - Completed /viper/ptmp/arego/RC4K1_1/6773.h5 in 11.84 seconds
2025-09-19 04:44:19,166 - INFO - Completed /viper/ptmp/arego/RC4K1_1/23972.h5 in 10.29 seconds
2025-09-19 04:44:19,389 - INFO - Processing /viper/ptmp/arego/RC4K1/5830.h5
2025-09-19 04:44:19,509 - INFO - Processing /viper/ptmp/arego/RC4K1/8489.h5
2025-09-19 04:44:19,707 - INFO - Completed /viper/ptmp/arego/RC4K1_1/10860.h5 in 8.42 seconds
2025-09-19 04:44:19,838 - INFO - Completed /viper/ptmp/arego/RC4K1_1/7743.h5 in 9.91 seconds
2025-09-19 04:44:19,936 - INFO - File 7921: Filtered 16107573 hits and 9 records
2025-09-19 04:44:19,942 - INFO - File 2085: Filtered 11395397 hits and 7 records
2025-09-19 04:44:19,973 - INFO - Processing /viper/ptmp/arego/RC4K1/2111.h5
2025-09-19 04:44:20,063 - INFO - Processing /viper/ptmp/arego/RC4K1/10786.h5
2025-09-19 04:44:20,076 - INFO - File 24867: Filtered 8177796 hits and 5 records
2025-09-19 04:44:20,097 - INFO - Processing /viper/ptmp/arego/RC4K1/1330.h5
2025-09-19 04:44:20,364 - INFO - File 17053: Filtered 19056734 hits and 6 records
2025-09-19 04:44:20,383 - INFO - Completed /viper/ptmp/arego/RC4K1_1/11857.h5 in 12.50 seconds
2025-09-19 04:44:20,748 - INFO - Processing /viper/ptmp/arego/RC4K1/3658.h5
2025-09-19 04:44:20,805 - INFO - File 8915: Filtered 26170226 hits and 9 records
2025-09-19 04:44:21,151 - INFO - File 6451: Filtered 13123734 hits and 7 records
2025-09-19 04:44:21,208 - INFO - Processing /viper/ptmp/arego/RC4K1/11929.h5
2025-09-19 04:44:21,314 - INFO - Completed /viper/ptmp/arego/RC4K1_1/1009.h5 in 16.14 seconds
2025-09-19 04:44:21,328 - INFO - Processing /viper/ptmp/arego/RC4K1/15619.h5
2025-09-19 04:44:21,451 - INFO - File 1004: Filtered 11892182 hits and 8 records
2025-09-19 04:44:21,682 - INFO - Completed /viper/ptmp/arego/RC4K1_1/3478.h5 in 13.19 seconds
2025-09-19 04:44:22,242 - INFO - Completed /viper/ptmp/arego/RC4K1_1/5352.h5 in 13.94 seconds
2025-09-19 04:44:22,249 - INFO - Processing /viper/ptmp/arego/RC4K1/16504.h5
2025-09-19 04:44:22,250 - INFO - File 3133: Filtered 16273737 hits and 12 records
2025-09-19 04:44:22,483 - INFO - Processing /viper/ptmp/arego/RC4K1/1313.h5
2025-09-19 04:44:22,631 - ERROR - Error processing /viper/ptmp/arego/RC4K1/23207.h5: low >= high
2025-09-19 04:44:22,709 - INFO - File 8958: Filtered 15576270 hits and 10 records
2025-09-19 04:44:22,896 - INFO - Completed /viper/ptmp/arego/RC4K1_1/7921.h5 in 8.47 seconds
2025-09-19 04:44:22,933 - INFO - Completed /viper/ptmp/arego/RC4K1_1/8915.h5 in 9.83 seconds
2025-09-19 04:44:23,270 - INFO - Completed /viper/ptmp/arego/RC4K1_1/7201.h5 in 14.30 seconds
2025-09-19 04:44:23,288 - INFO - Processing /viper/ptmp/arego/RC4K1/18415.h5
2025-09-19 04:44:23,604 - INFO - File 2787: Filtered 8365868 hits and 3 records
2025-09-19 04:44:23,681 - INFO - Processing /viper/ptmp/arego/RC4K1/23899.h5
2025-09-19 04:44:23,912 - INFO - Processing /viper/ptmp/arego/RC4K1/551.h5
2025-09-19 04:44:23,915 - INFO - File 19453: Filtered 14412042 hits and 11 records
2025-09-19 04:44:24,128 - INFO - File 17550: Filtered 25673372 hits and 9 records
2025-09-19 04:44:24,424 - INFO - File 22459: Filtered 12450083 hits and 8 records
2025-09-19 04:44:24,694 - INFO - Completed /viper/ptmp/arego/RC4K1_1/17053.h5 in 10.36 seconds
2025-09-19 04:44:24,708 - INFO - Processing /viper/ptmp/arego/RC4K1/26525.h5
2025-09-19 04:44:24,748 - INFO - File 1330: Filtered 20032159 hits and 10 records
2025-09-19 04:44:25,049 - INFO - Completed /viper/ptmp/arego/RC4K1_1/7902.h5 in 13.68 seconds
2025-09-19 04:44:25,068 - INFO - Processing /viper/ptmp/arego/RC4K1/29066.h5
2025-09-19 04:44:25,077 - INFO - File 12775: Filtered 16849973 hits and 9 records
2025-09-19 04:44:25,079 - INFO - Completed /viper/ptmp/arego/RC4K1_1/17550.h5 in 8.10 seconds
2025-09-19 04:44:25,110 - INFO - Completed /viper/ptmp/arego/RC4K1_1/20962.h5 in 16.04 seconds
2025-09-19 04:44:25,328 - INFO - Processing /viper/ptmp/arego/RC4K1/22754.h5
2025-09-19 04:44:25,432 - INFO - Processing /viper/ptmp/arego/RC4K1/27056.h5
2025-09-19 04:44:25,729 - INFO - Completed /viper/ptmp/arego/RC4K1_1/6451.h5 in 12.19 seconds
2025-09-19 04:44:25,836 - INFO - File 8489: Filtered 13250844 hits and 6 records
2025-09-19 04:44:25,911 - ERROR - Error processing /viper/ptmp/arego/RC4K1/3133.h5: low >= high
2025-09-19 04:44:25,985 - INFO - Processing /viper/ptmp/arego/RC4K1/14045.h5
2025-09-19 04:44:26,056 - INFO - File 29685: Filtered 13965515 hits and 8 records
2025-09-19 04:44:26,139 - INFO - File 20411: Filtered 16243469 hits and 7 records
2025-09-19 04:44:26,242 - INFO - Processing /viper/ptmp/arego/RC4K1/4733.h5
2025-09-19 04:44:26,298 - INFO - Completed /viper/ptmp/arego/RC4K1_1/2085.h5 in 15.12 seconds
2025-09-19 04:44:26,339 - INFO - File 2111: Filtered 20564614 hits and 9 records
2025-09-19 04:44:26,419 - INFO - Completed /viper/ptmp/arego/RC4K1_1/24867.h5 in 14.02 seconds
2025-09-19 04:44:26,565 - INFO - Completed /viper/ptmp/arego/RC4K1_1/1330.h5 in 6.47 seconds
2025-09-19 04:44:26,838 - INFO - Processing /viper/ptmp/arego/RC4K1/2013.h5
2025-09-19 04:44:27,084 - INFO - Processing /viper/ptmp/arego/RC4K1/4026.h5
2025-09-19 04:44:27,106 - INFO - Completed /viper/ptmp/arego/RC4K1_1/8958.h5 in 10.06 seconds
2025-09-19 04:44:27,120 - INFO - Processing /viper/ptmp/arego/RC4K1/22322.h5
2025-09-19 04:44:27,443 - INFO - File 5830: Filtered 11581585 hits and 6 records
2025-09-19 04:44:27,479 - INFO - Processing /viper/ptmp/arego/RC4K1/20518.h5
2025-09-19 04:44:27,697 - INFO - Completed /viper/ptmp/arego/RC4K1_1/19453.h5 in 9.71 seconds
2025-09-19 04:44:27,818 - INFO - Processing /viper/ptmp/arego/RC4K1/29490.h5
2025-09-19 04:44:27,897 - INFO - File 13316: Filtered 17490986 hits and 7 records
2025-09-19 04:44:28,079 - INFO - File 10786: Filtered 12249339 hits and 7 records
2025-09-19 04:44:28,239 - INFO - Processing /viper/ptmp/arego/RC4K1/10500.h5
2025-09-19 04:44:28,461 - INFO - Completed /viper/ptmp/arego/RC4K1_1/2111.h5 in 8.49 seconds
2025-09-19 04:44:28,500 - INFO - Completed /viper/ptmp/arego/RC4K1_1/1004.h5 in 13.72 seconds
2025-09-19 04:44:28,560 - INFO - Completed /viper/ptmp/arego/RC4K1_1/12775.h5 in 10.59 seconds
2025-09-19 04:44:29,006 - INFO - File 1313: Filtered 14920063 hits and 10 records
2025-09-19 04:44:29,057 - INFO - Processing /viper/ptmp/arego/RC4K1/22363.h5
2025-09-19 04:44:29,712 - INFO - Processing /viper/ptmp/arego/RC4K1/26975.h5
2025-09-19 04:44:29,770 - INFO - Processing /viper/ptmp/arego/RC4K1/8463.h5
2025-09-19 04:44:29,819 - INFO - File 11929: Filtered 12780922 hits and 9 records
2025-09-19 04:44:29,820 - INFO - File 16504: Filtered 16739513 hits and 10 records
2025-09-19 04:44:29,830 - INFO - File 551: Filtered 18029203 hits and 6 records
2025-09-19 04:44:29,964 - INFO - Processing /viper/ptmp/arego/RC4K1/5980.h5
2025-09-19 04:44:30,448 - INFO - File 15619: Filtered 15495357 hits and 9 records
2025-09-19 04:44:30,947 - INFO - Completed /viper/ptmp/arego/RC4K1_1/8489.h5 in 11.44 seconds
2025-09-19 04:44:31,331 - INFO - File 3658: Filtered 10195774 hits and 10 records
2025-09-19 04:44:31,461 - INFO - Processing /viper/ptmp/arego/RC4K1/55.h5
2025-09-19 04:44:31,481 - INFO - File 23899: Filtered 16075575 hits and 7 records
2025-09-19 04:44:31,575 - INFO - File 18415: Filtered 18168859 hits and 7 records
2025-09-19 04:44:31,592 - INFO - File 29066: Filtered 16562223 hits and 10 records
2025-09-19 04:44:31,705 - INFO - File 2013: Filtered 11657213 hits and 6 records
2025-09-19 04:44:31,706 - INFO - File 26525: Filtered 10261977 hits and 6 records
2025-09-19 04:44:31,863 - INFO - Completed /viper/ptmp/arego/RC4K1_1/22459.h5 in 14.20 seconds
2025-09-19 04:44:32,147 - INFO - Completed /viper/ptmp/arego/RC4K1_1/29685.h5 in 13.50 seconds
2025-09-19 04:44:32,167 - INFO - Completed /viper/ptmp/arego/RC4K1_1/13316.h5 in 13.39 seconds
2025-09-19 04:44:32,270 - INFO - File 27056: Filtered 16775932 hits and 8 records
2025-09-19 04:44:32,552 - INFO - Processing /viper/ptmp/arego/RC4K1/23060.h5
2025-09-19 04:44:32,642 - INFO - Processing /viper/ptmp/arego/RC4K1/7803.h5
2025-09-19 04:44:32,773 - INFO - File 22754: Filtered 14159186 hits and 9 records
2025-09-19 04:44:33,185 - INFO - Completed /viper/ptmp/arego/RC4K1_1/551.h5 in 9.27 seconds
2025-09-19 04:44:33,543 - INFO - Completed /viper/ptmp/arego/RC4K1_1/2787.h5 in 17.36 seconds
2025-09-19 04:44:33,872 - INFO - Completed /viper/ptmp/arego/RC4K1_1/5830.h5 in 14.48 seconds
2025-09-19 04:44:33,923 - INFO - Processing /viper/ptmp/arego/RC4K1/15490.h5
2025-09-19 04:44:33,995 - INFO - Completed /viper/ptmp/arego/RC4K1_1/20411.h5 in 17.01 seconds
2025-09-19 04:44:34,074 - INFO - Processing /viper/ptmp/arego/RC4K1/7011.h5
2025-09-19 04:44:34,075 - INFO - File 4733: Filtered 24558684 hits and 10 records
2025-09-19 04:44:34,482 - INFO - File 4026: Filtered 17158991 hits and 8 records
2025-09-19 04:44:34,532 - INFO - Completed /viper/ptmp/arego/RC4K1_1/16504.h5 in 12.28 seconds
2025-09-19 04:44:34,567 - INFO - Processing /viper/ptmp/arego/RC4K1/1453.h5
2025-09-19 04:44:34,613 - INFO - Processing /viper/ptmp/arego/RC4K1/19503.h5
2025-09-19 04:44:34,883 - INFO - Completed /viper/ptmp/arego/RC4K1_1/1313.h5 in 12.40 seconds
2025-09-19 04:44:34,961 - INFO - Completed /viper/ptmp/arego/RC4K1_1/23899.h5 in 11.28 seconds
2025-09-19 04:44:35,198 - INFO - File 14045: Filtered 21226012 hits and 8 records
2025-09-19 04:44:35,355 - INFO - Processing /viper/ptmp/arego/RC4K1/9160.h5
2025-09-19 04:44:35,452 - INFO - File 29490: Filtered 14019117 hits and 8 records
2025-09-19 04:44:35,549 - INFO - Completed /viper/ptmp/arego/RC4K1_1/10786.h5 in 15.49 seconds
2025-09-19 04:44:35,641 - INFO - Processing /viper/ptmp/arego/RC4K1/11452.h5
2025-09-19 04:44:35,686 - INFO - File 20518: Filtered 11598178 hits and 6 records
2025-09-19 04:44:35,740 - INFO - Processing /viper/ptmp/arego/RC4K1/6267.h5
2025-09-19 04:44:35,838 - INFO - Completed /viper/ptmp/arego/RC4K1_1/15619.h5 in 14.51 seconds
2025-09-19 04:44:35,858 - INFO - Completed /viper/ptmp/arego/RC4K1_1/29066.h5 in 10.79 seconds
2025-09-19 04:44:35,929 - INFO - Completed /viper/ptmp/arego/RC4K1_1/2013.h5 in 9.09 seconds
2025-09-19 04:44:35,967 - INFO - Completed /viper/ptmp/arego/RC4K1_1/4733.h5 in 9.72 seconds
2025-09-19 04:44:36,374 - INFO - Processing /viper/ptmp/arego/RC4K1/1844.h5
2025-09-19 04:44:36,465 - INFO - File 5980: Filtered 26174886 hits and 9 records
2025-09-19 04:44:36,503 - INFO - Processing /viper/ptmp/arego/RC4K1/24353.h5
2025-09-19 04:44:36,613 - INFO - Processing /viper/ptmp/arego/RC4K1/3113.h5
2025-09-19 04:44:36,682 - INFO - Processing /viper/ptmp/arego/RC4K1/29444.h5
2025-09-19 04:44:36,700 - INFO - File 8463: Filtered 13285004 hits and 8 records
2025-09-19 04:44:36,781 - INFO - File 22322: Filtered 5311965 hits and 4 records
2025-09-19 04:44:37,136 - INFO - Completed /viper/ptmp/arego/RC4K1_1/11929.h5 in 15.93 seconds
2025-09-19 04:44:37,153 - INFO - Completed /viper/ptmp/arego/RC4K1_1/5980.h5 in 7.19 seconds
2025-09-19 04:44:37,240 - INFO - Completed /viper/ptmp/arego/RC4K1_1/27056.h5 in 11.81 seconds
2025-09-19 04:44:37,300 - INFO - Completed /viper/ptmp/arego/RC4K1_1/3658.h5 in 16.55 seconds
2025-09-19 04:44:37,394 - INFO - Completed /viper/ptmp/arego/RC4K1_1/18415.h5 in 14.11 seconds
2025-09-19 04:44:37,437 - INFO - Processing /viper/ptmp/arego/RC4K1/2278.h5
2025-09-19 04:44:37,694 - INFO - Processing /viper/ptmp/arego/RC4K1/16656.h5
2025-09-19 04:44:37,768 - INFO - Processing /viper/ptmp/arego/RC4K1/11111.h5
2025-09-19 04:44:37,939 - INFO - File 55: Filtered 21436899 hits and 6 records
2025-09-19 04:44:37,960 - INFO - Processing /viper/ptmp/arego/RC4K1/28229.h5
2025-09-19 04:44:38,139 - INFO - Processing /viper/ptmp/arego/RC4K1/18067.h5
2025-09-19 04:44:38,231 - INFO - File 10500: Filtered 11110277 hits and 7 records
2025-09-19 04:44:38,350 - INFO - Processing /viper/ptmp/arego/RC4K1/21555.h5
2025-09-19 04:44:38,659 - INFO - Processing /viper/ptmp/arego/RC4K1/323.h5
2025-09-19 04:44:38,673 - INFO - File 22363: Filtered 19993386 hits and 8 records
2025-09-19 04:44:38,802 - ERROR - Error processing /viper/ptmp/arego/RC4K1/22754.h5: low >= high
2025-09-19 04:44:39,128 - INFO - File 23060: Filtered 6523370 hits and 8 records
2025-09-19 04:44:39,281 - INFO - File 26975: Filtered 8885605 hits and 8 records
2025-09-19 04:44:39,524 - INFO - Completed /viper/ptmp/arego/RC4K1_1/29490.h5 in 11.71 seconds
2025-09-19 04:44:39,825 - INFO - Completed /viper/ptmp/arego/RC4K1_1/14045.h5 in 13.84 seconds
2025-09-19 04:44:40,073 - INFO - Processing /viper/ptmp/arego/RC4K1/12422.h5
2025-09-19 04:44:40,439 - INFO - Processing /viper/ptmp/arego/RC4K1/1188.h5
2025-09-19 04:44:40,527 - INFO - Processing /viper/ptmp/arego/RC4K1/7613.h5
2025-09-19 04:44:40,609 - INFO - File 7803: Filtered 10032416 hits and 7 records
2025-09-19 04:44:40,760 - INFO - Completed /viper/ptmp/arego/RC4K1_1/26525.h5 in 16.05 seconds
2025-09-19 04:44:40,774 - INFO - Completed /viper/ptmp/arego/RC4K1_1/4026.h5 in 13.69 seconds
2025-09-19 04:44:41,091 - INFO - Completed /viper/ptmp/arego/RC4K1_1/55.h5 in 9.63 seconds
2025-09-19 04:44:41,470 - INFO - Processing /viper/ptmp/arego/RC4K1/17411.h5
2025-09-19 04:44:41,760 - INFO - Completed /viper/ptmp/arego/RC4K1_1/22363.h5 in 12.70 seconds
2025-09-19 04:44:42,129 - INFO - Processing /viper/ptmp/arego/RC4K1/9372.h5
2025-09-19 04:44:42,139 - INFO - File 1453: Filtered 22242401 hits and 7 records
2025-09-19 04:44:42,161 - INFO - File 15490: Filtered 14260156 hits and 7 records
2025-09-19 04:44:42,166 - INFO - Processing /viper/ptmp/arego/RC4K1/29908.h5
2025-09-19 04:44:42,190 - INFO - Completed /viper/ptmp/arego/RC4K1_1/20518.h5 in 14.71 seconds
2025-09-19 04:44:42,310 - INFO - File 19503: Filtered 12676837 hits and 7 records
2025-09-19 04:44:42,438 - INFO - Processing /viper/ptmp/arego/RC4K1/10575.h5
2025-09-19 04:44:42,664 - INFO - File 7011: Filtered 13159165 hits and 7 records
2025-09-19 04:44:42,827 - INFO - File 11111: Filtered 3264223 hits and 5 records
2025-09-19 04:44:42,960 - INFO - File 1844: Filtered 17704428 hits and 9 records
2025-09-19 04:44:42,994 - INFO - Processing /viper/ptmp/arego/RC4K1/8801.h5
2025-09-19 04:44:43,199 - INFO - File 9160: Filtered 13632023 hits and 8 records
2025-09-19 04:44:44,031 - INFO - File 6267: Filtered 9652623 hits and 8 records
2025-09-19 04:44:44,106 - INFO - File 24353: Filtered 15814365 hits and 5 records
2025-09-19 04:44:44,201 - INFO - File 11452: Filtered 15333729 hits and 7 records
2025-09-19 04:44:44,514 - INFO - Completed /viper/ptmp/arego/RC4K1_1/8463.h5 in 14.74 seconds
2025-09-19 04:44:44,523 - INFO - Completed /viper/ptmp/arego/RC4K1_1/10500.h5 in 16.28 seconds
2025-09-19 04:44:44,599 - INFO - File 3113: Filtered 13627477 hits and 6 records
2025-09-19 04:44:45,299 - INFO - Processing /viper/ptmp/arego/RC4K1/5249.h5
2025-09-19 04:44:45,566 - INFO - Processing /viper/ptmp/arego/RC4K1/24043.h5
2025-09-19 04:44:45,663 - INFO - Completed /viper/ptmp/arego/RC4K1_1/26975.h5 in 15.95 seconds
2025-09-19 04:44:45,706 - INFO - File 29444: Filtered 9962699 hits and 8 records
2025-09-19 04:44:45,821 - INFO - Completed /viper/ptmp/arego/RC4K1_1/22322.h5 in 18.70 seconds
2025-09-19 04:44:45,970 - INFO - File 18067: Filtered 10410814 hits and 6 records
2025-09-19 04:44:46,356 - INFO - File 16656: Filtered 19526059 hits and 8 records
2025-09-19 04:44:46,429 - INFO - Processing /viper/ptmp/arego/RC4K1/16859.h5
2025-09-19 04:44:46,465 - INFO - File 12422: Filtered 18422697 hits and 8 records
2025-09-19 04:44:46,726 - INFO - File 21555: Filtered 12056133 hits and 9 records
2025-09-19 04:44:47,077 - INFO - Processing /viper/ptmp/arego/RC4K1/6942.h5
2025-09-19 04:44:47,263 - INFO - Completed /viper/ptmp/arego/RC4K1_1/1844.h5 in 10.89 seconds
2025-09-19 04:44:47,686 - INFO - Completed /viper/ptmp/arego/RC4K1_1/1453.h5 in 13.12 seconds
2025-09-19 04:44:47,771 - INFO - Processing /viper/ptmp/arego/RC4K1/19761.h5
2025-09-19 04:44:47,806 - INFO - Completed /viper/ptmp/arego/RC4K1_1/23060.h5 in 15.25 seconds
2025-09-19 04:44:47,819 - INFO - File 1188: Filtered 19950633 hits and 8 records
2025-09-19 04:44:47,854 - INFO - Completed /viper/ptmp/arego/RC4K1_1/15490.h5 in 13.93 seconds
2025-09-19 04:44:48,258 - INFO - File 2278: Filtered 17404811 hits and 9 records
2025-09-19 04:44:48,368 - INFO - File 17411: Filtered 16786696 hits and 4 records
2025-09-19 04:44:48,442 - INFO - Processing /viper/ptmp/arego/RC4K1/27160.h5
2025-09-19 04:44:48,461 - INFO - Processing /viper/ptmp/arego/RC4K1/8191.h5
2025-09-19 04:44:48,500 - INFO - Completed /viper/ptmp/arego/RC4K1_1/24353.h5 in 12.00 seconds
2025-09-19 04:44:48,708 - INFO - File 28229: Filtered 18649525 hits and 7 records
2025-09-19 04:44:48,716 - INFO - File 323: Filtered 13524761 hits and 6 records
2025-09-19 04:44:48,775 - INFO - Processing /viper/ptmp/arego/RC4K1/3460.h5
2025-09-19 04:44:48,975 - INFO - Completed /viper/ptmp/arego/RC4K1_1/19503.h5 in 14.36 seconds
2025-09-19 04:44:49,291 - INFO - Processing /viper/ptmp/arego/RC4K1/25041.h5
2025-09-19 04:44:49,455 - INFO - File 7613: Filtered 27330801 hits and 6 records
2025-09-19 04:44:49,462 - INFO - File 29908: Filtered 23182756 hits and 10 records
2025-09-19 04:44:49,636 - INFO - Processing /viper/ptmp/arego/RC4K1/13798.h5
2025-09-19 04:44:49,766 - INFO - Completed /viper/ptmp/arego/RC4K1_1/11111.h5 in 12.00 seconds
2025-09-19 04:44:49,958 - INFO - File 10575: Filtered 7279676 hits and 7 records
2025-09-19 04:44:50,385 - INFO - Processing /viper/ptmp/arego/RC4K1/9011.h5
2025-09-19 04:44:50,400 - INFO - Completed /viper/ptmp/arego/RC4K1_1/12422.h5 in 10.33 seconds
2025-09-19 04:44:50,614 - INFO - Completed /viper/ptmp/arego/RC4K1_1/11452.h5 in 14.97 seconds
2025-09-19 04:44:50,826 - INFO - Completed /viper/ptmp/arego/RC4K1_1/6267.h5 in 15.09 seconds
2025-09-19 04:44:50,894 - INFO - File 9372: Filtered 19649887 hits and 8 records
2025-09-19 04:44:50,905 - INFO - Completed /viper/ptmp/arego/RC4K1_1/16656.h5 in 13.21 seconds
2025-09-19 04:44:50,924 - INFO - Processing /viper/ptmp/arego/RC4K1/3115.h5
2025-09-19 04:44:50,928 - INFO - Completed /viper/ptmp/arego/RC4K1_1/7011.h5 in 16.85 seconds
2025-09-19 04:44:50,980 - INFO - Completed /viper/ptmp/arego/RC4K1_1/7803.h5 in 18.34 seconds
2025-09-19 04:44:51,035 - INFO - File 8801: Filtered 16295045 hits and 12 records
2025-09-19 04:44:51,138 - INFO - Completed /viper/ptmp/arego/RC4K1_1/3113.h5 in 14.53 seconds
2025-09-19 04:44:51,480 - INFO - Processing /viper/ptmp/arego/RC4K1/1497.h5
2025-09-19 04:44:51,503 - INFO - Completed /viper/ptmp/arego/RC4K1_1/9160.h5 in 16.15 seconds
2025-09-19 04:44:51,673 - INFO - Completed /viper/ptmp/arego/RC4K1_1/7613.h5 in 11.15 seconds
2025-09-19 04:44:51,678 - INFO - Processing /viper/ptmp/arego/RC4K1/4494.h5
2025-09-19 04:44:51,701 - INFO - Processing /viper/ptmp/arego/RC4K1/29638.h5
2025-09-19 04:44:51,776 - INFO - Completed /viper/ptmp/arego/RC4K1_1/1188.h5 in 11.34 seconds
2025-09-19 04:44:51,893 - INFO - Completed /viper/ptmp/arego/RC4K1_1/29908.h5 in 9.73 seconds
2025-09-19 04:44:51,900 - INFO - Completed /viper/ptmp/arego/RC4K1_1/2278.h5 in 14.46 seconds
2025-09-19 04:44:52,148 - INFO - Completed /viper/ptmp/arego/RC4K1_1/18067.h5 in 14.01 seconds
2025-09-19 04:44:52,287 - INFO - File 24043: Filtered 13280573 hits and 7 records
2025-09-19 04:44:52,324 - INFO - Processing /viper/ptmp/arego/RC4K1/9813.h5
2025-09-19 04:44:52,525 - INFO - Processing /viper/ptmp/arego/RC4K1/16761.h5
2025-09-19 04:44:52,543 - INFO - Processing /viper/ptmp/arego/RC4K1/8306.h5
2025-09-19 04:44:52,562 - INFO - Processing /viper/ptmp/arego/RC4K1/12270.h5
2025-09-19 04:44:52,586 - INFO - Completed /viper/ptmp/arego/RC4K1_1/29444.h5 in 15.90 seconds
2025-09-19 04:44:53,114 - INFO - File 5249: Filtered 27164047 hits and 8 records
2025-09-19 04:44:53,135 - INFO - Completed /viper/ptmp/arego/RC4K1_1/17411.h5 in 11.66 seconds
2025-09-19 04:44:53,251 - INFO - Processing /viper/ptmp/arego/RC4K1/763.h5
2025-09-19 04:44:53,270 - INFO - Processing /viper/ptmp/arego/RC4K1/14092.h5
2025-09-19 04:44:53,362 - INFO - Completed /viper/ptmp/arego/RC4K1_1/28229.h5 in 15.40 seconds
2025-09-19 04:44:53,389 - INFO - Processing /viper/ptmp/arego/RC4K1/12900.h5
2025-09-19 04:44:53,491 - INFO - Completed /viper/ptmp/arego/RC4K1_1/323.h5 in 14.83 seconds
2025-09-19 04:44:53,690 - INFO - Processing /viper/ptmp/arego/RC4K1/12593.h5
2025-09-19 04:44:54,001 - INFO - File 19761: Filtered 20812890 hits and 8 records
2025-09-19 04:44:54,193 - INFO - Processing /viper/ptmp/arego/RC4K1/17412.h5
2025-09-19 04:44:54,298 - INFO - Processing /viper/ptmp/arego/RC4K1/9859.h5
2025-09-19 04:44:54,303 - INFO - Processing /viper/ptmp/arego/RC4K1/15307.h5
2025-09-19 04:44:54,596 - INFO - Completed /viper/ptmp/arego/RC4K1_1/5249.h5 in 9.30 seconds
2025-09-19 04:44:54,697 - INFO - File 16859: Filtered 21465537 hits and 10 records
2025-09-19 04:44:54,772 - INFO - Completed /viper/ptmp/arego/RC4K1_1/21555.h5 in 16.42 seconds
2025-09-19 04:44:54,923 - INFO - Processing /viper/ptmp/arego/RC4K1/10457.h5
2025-09-19 04:44:55,029 - INFO - Processing /viper/ptmp/arego/RC4K1/3679.h5
2025-09-19 04:44:55,038 - INFO - Processing /viper/ptmp/arego/RC4K1/27959.h5
2025-09-19 04:44:55,318 - INFO - File 3460: Filtered 23533944 hits and 10 records
2025-09-19 04:44:55,402 - INFO - Completed /viper/ptmp/arego/RC4K1_1/9372.h5 in 13.27 seconds
2025-09-19 04:44:55,503 - INFO - File 27160: Filtered 25862539 hits and 8 records
2025-09-19 04:44:55,753 - INFO - Processing /viper/ptmp/arego/RC4K1/25595.h5
2025-09-19 04:44:55,830 - INFO - File 9011: Filtered 9789350 hits and 3 records
2025-09-19 04:44:55,882 - INFO - File 6942: Filtered 14886071 hits and 5 records
2025-09-19 04:44:56,390 - INFO - Processing /viper/ptmp/arego/RC4K1/24450.h5
2025-09-19 04:44:56,479 - INFO - File 13798: Filtered 10510787 hits and 7 records
2025-09-19 04:44:56,655 - ERROR - Error processing /viper/ptmp/arego/RC4K1/8801.h5: low >= high
2025-09-19 04:44:56,846 - INFO - File 8191: Filtered 25457226 hits and 7 records
2025-09-19 04:44:57,376 - INFO - Processing /viper/ptmp/arego/RC4K1/17218.h5
2025-09-19 04:44:57,507 - INFO - Completed /viper/ptmp/arego/RC4K1_1/19761.h5 in 9.74 seconds
2025-09-19 04:44:57,628 - INFO - File 25041: Filtered 22327350 hits and 7 records
2025-09-19 04:44:57,728 - INFO - Completed /viper/ptmp/arego/RC4K1_1/3460.h5 in 8.95 seconds
2025-09-19 04:44:57,884 - INFO - Processing /viper/ptmp/arego/RC4K1/22535.h5
2025-09-19 04:44:58,386 - INFO - File 4494: Filtered 16952451 hits and 7 records
2025-09-19 04:44:58,476 - INFO - Processing /viper/ptmp/arego/RC4K1/18150.h5
2025-09-19 04:44:58,501 - INFO - File 3115: Filtered 10028498 hits and 5 records
2025-09-19 04:44:58,545 - INFO - Completed /viper/ptmp/arego/RC4K1_1/16859.h5 in 12.12 seconds
2025-09-19 04:44:58,864 - INFO - Completed /viper/ptmp/arego/RC4K1_1/24043.h5 in 13.30 seconds
2025-09-19 04:44:59,143 - INFO - Processing /viper/ptmp/arego/RC4K1/4596.h5
2025-09-19 04:44:59,170 - INFO - Completed /viper/ptmp/arego/RC4K1_1/8191.h5 in 10.71 seconds
2025-09-19 04:44:59,362 - INFO - Completed /viper/ptmp/arego/RC4K1_1/10575.h5 in 16.92 seconds
2025-09-19 04:44:59,363 - INFO - Completed /viper/ptmp/arego/RC4K1_1/27160.h5 in 10.92 seconds
2025-09-19 04:44:59,414 - INFO - File 16761: Filtered 13600941 hits and 8 records
2025-09-19 04:44:59,468 - INFO - File 29638: Filtered 9561030 hits and 6 records
2025-09-19 04:44:59,891 - INFO - File 12900: Filtered 21886913 hits and 9 records
2025-09-19 04:45:00,030 - INFO - Processing /viper/ptmp/arego/RC4K1/2559.h5
2025-09-19 04:45:00,183 - INFO - Processing /viper/ptmp/arego/RC4K1/18447.h5
2025-09-19 04:45:00,658 - INFO - Processing /viper/ptmp/arego/RC4K1/2915.h5
2025-09-19 04:45:00,753 - INFO - File 12270: Filtered 23355503 hits and 10 records
2025-09-19 04:45:00,757 - INFO - File 1497: Filtered 14430373 hits and 6 records
2025-09-19 04:45:00,781 - INFO - Completed /viper/ptmp/arego/RC4K1_1/25041.h5 in 11.49 seconds
2025-09-19 04:45:00,854 - INFO - Processing /viper/ptmp/arego/RC4K1/346.h5
2025-09-19 04:45:00,878 - INFO - File 9813: Filtered 14842167 hits and 9 records
2025-09-19 04:45:01,213 - INFO - Completed /viper/ptmp/arego/RC4K1_1/9011.h5 in 10.83 seconds
2025-09-19 04:45:01,495 - INFO - Completed /viper/ptmp/arego/RC4K1_1/6942.h5 in 14.42 seconds
2025-09-19 04:45:01,611 - INFO - File 15307: Filtered 13558850 hits and 9 records
2025-09-19 04:45:01,661 - INFO - Processing /viper/ptmp/arego/RC4K1/27694.h5
2025-09-19 04:45:01,785 - INFO - Processing /viper/ptmp/arego/RC4K1/27152.h5
2025-09-19 04:45:01,818 - INFO - Completed /viper/ptmp/arego/RC4K1_1/12900.h5 in 8.43 seconds
2025-09-19 04:45:01,902 - INFO - File 17412: Filtered 11031048 hits and 5 records
2025-09-19 04:45:02,264 - INFO - File 10457: Filtered 6542823 hits and 7 records
2025-09-19 04:45:02,549 - INFO - File 12593: Filtered 14611604 hits and 7 records
2025-09-19 04:45:02,648 - INFO - Processing /viper/ptmp/arego/RC4K1/2095.h5
2025-09-19 04:45:02,712 - INFO - Processing /viper/ptmp/arego/RC4K1/25204.h5
2025-09-19 04:45:02,962 - INFO - File 8306: Filtered 13661243 hits and 8 records
2025-09-19 04:45:02,985 - INFO - File 14092: Filtered 11101287 hits and 7 records
2025-09-19 04:45:03,368 - INFO - File 763: Filtered 20540211 hits and 8 records
2025-09-19 04:45:03,544 - INFO - File 3679: Filtered 14790010 hits and 8 records
2025-09-19 04:45:03,547 - INFO - Completed /viper/ptmp/arego/RC4K1_1/4494.h5 in 11.87 seconds
2025-09-19 04:45:03,962 - INFO - Completed /viper/ptmp/arego/RC4K1_1/12270.h5 in 11.40 seconds
2025-09-19 04:45:04,056 - INFO - File 17218: Filtered 7836081 hits and 4 records
2025-09-19 04:45:04,167 - INFO - File 9859: Filtered 17840672 hits and 11 records
2025-09-19 04:45:04,180 - INFO - Processing /viper/ptmp/arego/RC4K1/8706.h5
2025-09-19 04:45:04,555 - INFO - Completed /viper/ptmp/arego/RC4K1_1/13798.h5 in 14.92 seconds
2025-09-19 04:45:04,598 - INFO - Processing /viper/ptmp/arego/RC4K1/29272.h5
2025-09-19 04:45:05,112 - INFO - File 22535: Filtered 18280332 hits and 10 records
2025-09-19 04:45:05,116 - INFO - Completed /viper/ptmp/arego/RC4K1_1/3115.h5 in 14.19 seconds
2025-09-19 04:45:05,379 - INFO - File 27959: Filtered 12074888 hits and 10 records
2025-09-19 04:45:05,608 - INFO - File 24450: Filtered 14590515 hits and 7 records
2025-09-19 04:45:05,714 - INFO - Processing /viper/ptmp/arego/RC4K1/8001.h5
2025-09-19 04:45:06,173 - INFO - Completed /viper/ptmp/arego/RC4K1_1/29638.h5 in 14.47 seconds
2025-09-19 04:45:06,756 - INFO - Processing /viper/ptmp/arego/RC4K1/9580.h5
2025-09-19 04:45:07,179 - INFO - Completed /viper/ptmp/arego/RC4K1_1/16761.h5 in 14.65 seconds
2025-09-19 04:45:07,334 - INFO - File 25595: Filtered 21676352 hits and 11 records
2025-09-19 04:45:07,440 - INFO - Processing /viper/ptmp/arego/RC4K1/9405.h5
2025-09-19 04:45:07,513 - INFO - File 2559: Filtered 23225247 hits and 9 records
2025-09-19 04:45:07,740 - INFO - File 18150: Filtered 20087626 hits and 7 records
2025-09-19 04:45:07,773 - INFO - Completed /viper/ptmp/arego/RC4K1_1/763.h5 in 14.52 seconds
2025-09-19 04:45:07,953 - INFO - File 4596: Filtered 9229120 hits and 4 records
2025-09-19 04:45:08,085 - INFO - Completed /viper/ptmp/arego/RC4K1_1/15307.h5 in 13.78 seconds
2025-09-19 04:45:08,097 - INFO - File 346: Filtered 14557233 hits and 7 records
2025-09-19 04:45:08,164 - INFO - Processing /viper/ptmp/arego/RC4K1/28648.h5
2025-09-19 04:45:08,360 - INFO - File 18447: Filtered 20670454 hits and 7 records
2025-09-19 04:45:08,489 - INFO - Processing /viper/ptmp/arego/RC4K1/494.h5
2025-09-19 04:45:08,566 - INFO - File 27152: Filtered 16176875 hits and 7 records
2025-09-19 04:45:08,664 - INFO - Completed /viper/ptmp/arego/RC4K1_1/9813.h5 in 16.34 seconds
2025-09-19 04:45:08,859 - INFO - Completed /viper/ptmp/arego/RC4K1_1/12593.h5 in 15.17 seconds
2025-09-19 04:45:08,980 - INFO - File 25204: Filtered 17335230 hits and 6 records
2025-09-19 04:45:09,012 - INFO - Completed /viper/ptmp/arego/RC4K1_1/9859.h5 in 14.71 seconds
2025-09-19 04:45:09,236 - INFO - Completed /viper/ptmp/arego/RC4K1_1/17412.h5 in 15.04 seconds
2025-09-19 04:45:09,287 - INFO - Processing /viper/ptmp/arego/RC4K1/2220.h5
2025-09-19 04:45:09,452 - INFO - Processing /viper/ptmp/arego/RC4K1/18913.h5
2025-09-19 04:45:09,525 - INFO - Processing /viper/ptmp/arego/RC4K1/4844.h5
2025-09-19 04:45:09,681 - INFO - Completed /viper/ptmp/arego/RC4K1_1/1497.h5 in 18.20 seconds
2025-09-19 04:45:09,787 - INFO - Completed /viper/ptmp/arego/RC4K1_1/3679.h5 in 14.76 seconds
2025-09-19 04:45:09,818 - INFO - Processing /viper/ptmp/arego/RC4K1/2903.h5
2025-09-19 04:45:09,895 - INFO - Completed /viper/ptmp/arego/RC4K1_1/22535.h5 in 12.01 seconds
2025-09-19 04:45:10,051 - INFO - Completed /viper/ptmp/arego/RC4K1_1/2559.h5 in 10.02 seconds
2025-09-19 04:45:10,351 - INFO - Processing /viper/ptmp/arego/RC4K1/8857.h5
2025-09-19 04:45:10,368 - INFO - Completed /viper/ptmp/arego/RC4K1_1/8306.h5 in 17.82 seconds
2025-09-19 04:45:10,488 - INFO - File 2915: Filtered 25212304 hits and 9 records
2025-09-19 04:45:10,525 - INFO - Processing /viper/ptmp/arego/RC4K1/20617.h5
2025-09-19 04:45:10,813 - INFO - Processing /viper/ptmp/arego/RC4K1/9445.h5
2025-09-19 04:45:11,009 - INFO - Processing /viper/ptmp/arego/RC4K1/22312.h5
2025-09-19 04:45:11,108 - INFO - File 8706: Filtered 18090650 hits and 6 records
2025-09-19 04:45:11,194 - INFO - Completed /viper/ptmp/arego/RC4K1_1/17218.h5 in 13.82 seconds
2025-09-19 04:45:11,417 - INFO - Processing /viper/ptmp/arego/RC4K1/29744.h5
2025-09-19 04:45:11,465 - INFO - Completed /viper/ptmp/arego/RC4K1_1/27959.h5 in 16.43 seconds
2025-09-19 04:45:11,651 - INFO - Processing /viper/ptmp/arego/RC4K1/21167.h5
2025-09-19 04:45:11,708 - INFO - File 27694: Filtered 16799670 hits and 7 records
2025-09-19 04:45:12,091 - INFO - Completed /viper/ptmp/arego/RC4K1_1/24450.h5 in 15.70 seconds
2025-09-19 04:45:12,220 - INFO - Completed /viper/ptmp/arego/RC4K1_1/10457.h5 in 17.30 seconds
2025-09-19 04:45:12,432 - INFO - Completed /viper/ptmp/arego/RC4K1_1/25204.h5 in 9.72 seconds
2025-09-19 04:45:12,440 - INFO - Completed /viper/ptmp/arego/RC4K1_1/27152.h5 in 10.66 seconds
2025-09-19 04:45:12,534 - INFO - Processing /viper/ptmp/arego/RC4K1/29513.h5
2025-09-19 04:45:12,587 - INFO - Processing /viper/ptmp/arego/RC4K1/3704.h5
2025-09-19 04:45:12,695 - INFO - Processing /viper/ptmp/arego/RC4K1/13041.h5
2025-09-19 04:45:12,756 - INFO - Completed /viper/ptmp/arego/RC4K1_1/18447.h5 in 12.57 seconds
2025-09-19 04:45:12,840 - INFO - Processing /viper/ptmp/arego/RC4K1/24442.h5
2025-09-19 04:45:12,859 - INFO - File 2095: Filtered 9475956 hits and 9 records
2025-09-19 04:45:13,014 - INFO - Completed /viper/ptmp/arego/RC4K1_1/18150.h5 in 14.54 seconds
2025-09-19 04:45:13,432 - INFO - File 29272: Filtered 18019438 hits and 7 records
2025-09-19 04:45:13,470 - INFO - Completed /viper/ptmp/arego/RC4K1_1/25595.h5 in 17.72 seconds
2025-09-19 04:45:13,540 - INFO - Completed /viper/ptmp/arego/RC4K1_1/2915.h5 in 12.88 seconds
2025-09-19 04:45:13,631 - INFO - File 8001: Filtered 21630876 hits and 5 records
2025-09-19 04:45:13,675 - INFO - Processing /viper/ptmp/arego/RC4K1/1362.h5
2025-09-19 04:45:13,902 - INFO - Processing /viper/ptmp/arego/RC4K1/28797.h5
2025-09-19 04:45:14,005 - INFO - Processing /viper/ptmp/arego/RC4K1/1156.h5
2025-09-19 04:45:14,333 - INFO - Completed /viper/ptmp/arego/RC4K1_1/14092.h5 in 21.06 seconds
2025-09-19 04:45:14,367 - INFO - Processing /viper/ptmp/arego/RC4K1/28604.h5
2025-09-19 04:45:14,425 - INFO - Processing /viper/ptmp/arego/RC4K1/12426.h5
2025-09-19 04:45:15,183 - INFO - Processing /viper/ptmp/arego/RC4K1/3524.h5
2025-09-19 04:45:15,694 - INFO - Processing /viper/ptmp/arego/RC4K1/24638.h5
2025-09-19 04:45:16,420 - INFO - File 9580: Filtered 19666894 hits and 8 records
2025-09-19 04:45:16,473 - INFO - Completed /viper/ptmp/arego/RC4K1_1/8706.h5 in 12.29 seconds
2025-09-19 04:45:16,559 - INFO - Completed /viper/ptmp/arego/RC4K1_1/27694.h5 in 14.90 seconds
2025-09-19 04:45:16,645 - INFO - Completed /viper/ptmp/arego/RC4K1_1/4596.h5 in 17.50 seconds
2025-09-19 04:45:16,751 - INFO - Completed /viper/ptmp/arego/RC4K1_1/346.h5 in 15.90 seconds
2025-09-19 04:45:17,155 - INFO - Processing /viper/ptmp/arego/RC4K1/518.h5
2025-09-19 04:45:17,226 - INFO - Processing /viper/ptmp/arego/RC4K1/21792.h5
2025-09-19 04:45:17,469 - INFO - File 9405: Filtered 16189701 hits and 8 records
2025-09-19 04:45:17,562 - INFO - File 18913: Filtered 18199928 hits and 7 records
2025-09-19 04:45:17,690 - INFO - File 2903: Filtered 25091565 hits and 9 records
2025-09-19 04:45:17,905 - INFO - File 4844: Filtered 18883748 hits and 8 records
2025-09-19 04:45:18,028 - INFO - Processing /viper/ptmp/arego/RC4K1/14231.h5
2025-09-19 04:45:18,038 - INFO - Completed /viper/ptmp/arego/RC4K1_1/29272.h5 in 13.44 seconds
2025-09-19 04:45:18,065 - INFO - File 494: Filtered 14571592 hits and 7 records
2025-09-19 04:45:18,140 - INFO - File 2220: Filtered 16016219 hits and 7 records
2025-09-19 04:45:18,238 - INFO - Processing /viper/ptmp/arego/RC4K1/7960.h5
2025-09-19 04:45:18,438 - INFO - File 20617: Filtered 22887777 hits and 9 records
2025-09-19 04:45:18,602 - INFO - File 28648: Filtered 21198711 hits and 9 records
2025-09-19 04:45:18,984 - INFO - File 8857: Filtered 21398384 hits and 10 records
2025-09-19 04:45:19,074 - INFO - Processing /viper/ptmp/arego/RC4K1/1686.h5
2025-09-19 04:45:19,157 - INFO - Completed /viper/ptmp/arego/RC4K1_1/8001.h5 in 13.44 seconds
2025-09-19 04:45:19,248 - INFO - File 9445: Filtered 26365518 hits and 9 records
2025-09-19 04:45:19,980 - INFO - Processing /viper/ptmp/arego/RC4K1/12126.h5
2025-09-19 04:45:20,119 - ERROR - Error processing /viper/ptmp/arego/RC4K1/2095.h5: low >= high
2025-09-19 04:45:20,170 - INFO - File 21167: Filtered 24725710 hits and 10 records
2025-09-19 04:45:20,514 - INFO - File 28797: Filtered 21534472 hits and 8 records
2025-09-19 04:45:20,665 - INFO - Completed /viper/ptmp/arego/RC4K1_1/2903.h5 in 10.85 seconds
2025-09-19 04:45:21,092 - INFO - Processing /viper/ptmp/arego/RC4K1/2308.h5
2025-09-19 04:45:21,318 - INFO - File 29513: Filtered 22537762 hits and 7 records
2025-09-19 04:45:21,370 - INFO - Processing /viper/ptmp/arego/RC4K1/19579.h5
2025-09-19 04:45:21,780 - INFO - Completed /viper/ptmp/arego/RC4K1_1/9580.h5 in 15.02 seconds
2025-09-19 04:45:21,891 - INFO - Completed /viper/ptmp/arego/RC4K1_1/20617.h5 in 11.37 seconds
2025-09-19 04:45:21,977 - INFO - Completed /viper/ptmp/arego/RC4K1_1/9445.h5 in 11.16 seconds
2025-09-19 04:45:22,127 - INFO - File 29744: Filtered 18268018 hits and 9 records
2025-09-19 04:45:22,328 - INFO - Processing /viper/ptmp/arego/RC4K1/28249.h5
2025-09-19 04:45:22,416 - INFO - Processing /viper/ptmp/arego/RC4K1/24173.h5
2025-09-19 04:45:22,474 - INFO - File 22312: Filtered 13089784 hits and 7 records
2025-09-19 04:45:22,594 - INFO - Processing /viper/ptmp/arego/RC4K1/8579.h5
2025-09-19 04:45:22,710 - INFO - File 3704: Filtered 31719105 hits and 10 records
2025-09-19 04:45:22,879 - INFO - File 1156: Filtered 11353831 hits and 6 records
2025-09-19 04:45:22,964 - INFO - Completed /viper/ptmp/arego/RC4K1_1/28797.h5 in 9.06 seconds
2025-09-19 04:45:23,031 - ERROR - Error processing /viper/ptmp/arego/RC4K1/8857.h5: low >= high
2025-09-19 04:45:23,123 - INFO - Completed /viper/ptmp/arego/RC4K1_1/21167.h5 in 11.47 seconds
2025-09-19 04:45:23,328 - INFO - Completed /viper/ptmp/arego/RC4K1_1/28648.h5 in 15.16 seconds
2025-09-19 04:45:23,455 - INFO - Processing /viper/ptmp/arego/RC4K1/27777.h5
2025-09-19 04:45:23,592 - INFO - Processing /viper/ptmp/arego/RC4K1/13023.h5
2025-09-19 04:45:23,678 - INFO - Processing /viper/ptmp/arego/RC4K1/20280.h5
2025-09-19 04:45:23,787 - INFO - File 13041: Filtered 33094264 hits and 9 records
2025-09-19 04:45:23,800 - INFO - File 1362: Filtered 24061995 hits and 7 records
2025-09-19 04:45:23,881 - ERROR - Error processing /viper/ptmp/arego/RC4K1/3704.h5: low >= high
2025-09-19 04:45:24,015 - INFO - Processing /viper/ptmp/arego/RC4K1/28259.h5
2025-09-19 04:45:24,153 - INFO - Completed /viper/ptmp/arego/RC4K1_1/2220.h5 in 14.87 seconds
2025-09-19 04:45:24,183 - INFO - File 24638: Filtered 22071307 hits and 10 records
2025-09-19 04:45:24,628 - INFO - Completed /viper/ptmp/arego/RC4K1_1/9405.h5 in 17.19 seconds
2025-09-19 04:45:24,915 - INFO - Completed /viper/ptmp/arego/RC4K1_1/13041.h5 in 12.22 seconds
2025-09-19 04:45:24,955 - INFO - Processing /viper/ptmp/arego/RC4K1/19669.h5
2025-09-19 04:45:25,013 - INFO - Completed /viper/ptmp/arego/RC4K1_1/18913.h5 in 15.56 seconds
2025-09-19 04:45:25,032 - INFO - Completed /viper/ptmp/arego/RC4K1_1/29513.h5 in 12.50 seconds
2025-09-19 04:45:25,182 - INFO - File 21792: Filtered 10615772 hits and 7 records
2025-09-19 04:45:25,226 - INFO - Processing /viper/ptmp/arego/RC4K1/23617.h5
2025-09-19 04:45:25,295 - INFO - File 28604: Filtered 13363457 hits and 6 records
2025-09-19 04:45:25,345 - INFO - Processing /viper/ptmp/arego/RC4K1/1342.h5
2025-09-19 04:45:25,491 - INFO - File 3524: Filtered 20726114 hits and 6 records
2025-09-19 04:45:25,723 - INFO - Completed /viper/ptmp/arego/RC4K1_1/494.h5 in 17.23 seconds
2025-09-19 04:45:25,861 - INFO - Processing /viper/ptmp/arego/RC4K1/29425.h5
2025-09-19 04:45:25,898 - INFO - Processing /viper/ptmp/arego/RC4K1/3308.h5
2025-09-19 04:45:25,972 - INFO - File 518: Filtered 22869074 hits and 8 records
2025-09-19 04:45:26,096 - INFO - File 7960: Filtered 11386862 hits and 6 records
2025-09-19 04:45:26,458 - INFO - Processing /viper/ptmp/arego/RC4K1/3632.h5
2025-09-19 04:45:26,484 - INFO - File 12426: Filtered 15214530 hits and 6 records
2025-09-19 04:45:26,606 - INFO - Processing /viper/ptmp/arego/RC4K1/1905.h5
2025-09-19 04:45:26,651 - INFO - File 14231: Filtered 14435490 hits and 7 records
2025-09-19 04:45:27,307 - INFO - Completed /viper/ptmp/arego/RC4K1_1/4844.h5 in 17.78 seconds
2025-09-19 04:45:27,619 - INFO - Completed /viper/ptmp/arego/RC4K1_1/24638.h5 in 11.92 seconds
2025-09-19 04:45:28,002 - INFO - Processing /viper/ptmp/arego/RC4K1/24860.h5
2025-09-19 04:45:28,022 - INFO - Processing /viper/ptmp/arego/RC4K1/422.h5
2025-09-19 04:45:28,245 - INFO - File 12126: Filtered 20670857 hits and 9 records
2025-09-19 04:45:28,329 - INFO - Completed /viper/ptmp/arego/RC4K1_1/1362.h5 in 14.65 seconds
2025-09-19 04:45:28,771 - INFO - Processing /viper/ptmp/arego/RC4K1/21065.h5
2025-09-19 04:45:28,804 - INFO - File 1686: Filtered 22820675 hits and 9 records
2025-09-19 04:45:28,923 - INFO - Completed /viper/ptmp/arego/RC4K1_1/29744.h5 in 17.51 seconds
2025-09-19 04:45:29,665 - INFO - File 8579: Filtered 11809274 hits and 8 records
2025-09-19 04:45:29,702 - INFO - Processing /viper/ptmp/arego/RC4K1/7492.h5
2025-09-19 04:45:29,909 - INFO - Completed /viper/ptmp/arego/RC4K1_1/22312.h5 in 18.90 seconds
2025-09-19 04:45:30,276 - INFO - Completed /viper/ptmp/arego/RC4K1_1/518.h5 in 13.12 seconds
2025-09-19 04:45:30,844 - INFO - Processing /viper/ptmp/arego/RC4K1/15409.h5
2025-09-19 04:45:30,938 - INFO - Completed /viper/ptmp/arego/RC4K1_1/3524.h5 in 15.76 seconds
2025-09-19 04:45:31,107 - INFO - Processing /viper/ptmp/arego/RC4K1/10572.h5
2025-09-19 04:45:31,527 - INFO - Processing /viper/ptmp/arego/RC4K1/20780.h5
2025-09-19 04:45:31,551 - INFO - File 19579: Filtered 14157233 hits and 7 records
2025-09-19 04:45:31,645 - INFO - Completed /viper/ptmp/arego/RC4K1_1/1156.h5 in 17.64 seconds
2025-09-19 04:45:31,761 - INFO - File 28249: Filtered 15054905 hits and 5 records
2025-09-19 04:45:31,765 - INFO - File 24173: Filtered 11300951 hits and 7 records
2025-09-19 04:45:31,784 - INFO - File 13023: Filtered 10373338 hits and 5 records
2025-09-19 04:45:31,909 - INFO - File 2308: Filtered 15590855 hits and 8 records
2025-09-19 04:45:32,035 - INFO - Completed /viper/ptmp/arego/RC4K1_1/28604.h5 in 17.67 seconds
2025-09-19 04:45:32,454 - INFO - File 27777: Filtered 12030105 hits and 6 records
2025-09-19 04:45:32,771 - INFO - Processing /viper/ptmp/arego/RC4K1/7093.h5
2025-09-19 04:45:32,934 - INFO - Completed /viper/ptmp/arego/RC4K1_1/12126.h5 in 12.95 seconds
2025-09-19 04:45:33,028 - INFO - File 20280: Filtered 12791925 hits and 8 records
2025-09-19 04:45:33,135 - INFO - Processing /viper/ptmp/arego/RC4K1/24770.h5
2025-09-19 04:45:33,210 - INFO - File 19669: Filtered 6960532 hits and 6 records
2025-09-19 04:45:33,380 - INFO - File 23617: Filtered 20329630 hits and 8 records
2025-09-19 04:45:33,602 - INFO - Completed /viper/ptmp/arego/RC4K1_1/1686.h5 in 14.53 seconds
2025-09-19 04:45:33,727 - INFO - Completed /viper/ptmp/arego/RC4K1_1/12426.h5 in 19.30 seconds
2025-09-19 04:45:33,809 - INFO - Completed /viper/ptmp/arego/RC4K1_1/21792.h5 in 16.58 seconds
2025-09-19 04:45:34,247 - INFO - Completed /viper/ptmp/arego/RC4K1_1/14231.h5 in 16.22 seconds
2025-09-19 04:45:34,389 - INFO - Processing /viper/ptmp/arego/RC4K1/1730.h5
2025-09-19 04:45:34,481 - INFO - Completed /viper/ptmp/arego/RC4K1_1/7960.h5 in 16.24 seconds
2025-09-19 04:45:34,547 - INFO - Processing /viper/ptmp/arego/RC4K1/18545.h5
2025-09-19 04:45:34,553 - INFO - Processing /viper/ptmp/arego/RC4K1/23319.h5
2025-09-19 04:45:34,637 - INFO - File 3632: Filtered 20900236 hits and 12 records
2025-09-19 04:45:34,791 - INFO - Processing /viper/ptmp/arego/RC4K1/511.h5
2025-09-19 04:45:35,240 - INFO - File 3308: Filtered 27652603 hits and 6 records
2025-09-19 04:45:35,316 - INFO - Processing /viper/ptmp/arego/RC4K1/15919.h5
2025-09-19 04:45:35,422 - INFO - File 29425: Filtered 25609540 hits and 7 records
2025-09-19 04:45:35,566 - INFO - File 28259: Filtered 8753027 hits and 6 records
2025-09-19 04:45:35,847 - INFO - Processing /viper/ptmp/arego/RC4K1/22902.h5
2025-09-19 04:45:36,224 - INFO - File 1342: Filtered 27138656 hits and 8 records
2025-09-19 04:45:37,022 - INFO - File 422: Filtered 16383470 hits and 8 records
2025-09-19 04:45:37,087 - INFO - File 1905: Filtered 23907781 hits and 7 records
2025-09-19 04:45:38,369 - INFO - Completed /viper/ptmp/arego/RC4K1_1/29425.h5 in 12.51 seconds
2025-09-19 04:45:38,764 - INFO - Completed /viper/ptmp/arego/RC4K1_1/2308.h5 in 17.67 seconds
2025-09-19 04:45:38,832 - INFO - Completed /viper/ptmp/arego/RC4K1_1/28249.h5 in 16.50 seconds
2025-09-19 04:45:38,855 - INFO - File 24860: Filtered 14396596 hits and 9 records
2025-09-19 04:45:38,901 - INFO - Processing /viper/ptmp/arego/RC4K1/20710.h5
2025-09-19 04:45:38,975 - INFO - File 15409: Filtered 20815734 hits and 9 records
2025-09-19 04:45:39,281 - INFO - File 21065: Filtered 23506750 hits and 7 records
2025-09-19 04:45:39,402 - INFO - Processing /viper/ptmp/arego/RC4K1/17846.h5
2025-09-19 04:45:39,489 - INFO - Completed /viper/ptmp/arego/RC4K1_1/13023.h5 in 15.90 seconds
2025-09-19 04:45:39,565 - INFO - Completed /viper/ptmp/arego/RC4K1_1/19579.h5 in 18.20 seconds
2025-09-19 04:45:39,628 - INFO - File 7492: Filtered 23338195 hits and 7 records
2025-09-19 04:45:39,706 - INFO - Completed /viper/ptmp/arego/RC4K1_1/1342.h5 in 14.36 seconds
2025-09-19 04:45:39,821 - INFO - Completed /viper/ptmp/arego/RC4K1_1/8579.h5 in 17.23 seconds
2025-09-19 04:45:39,953 - INFO - Completed /viper/ptmp/arego/RC4K1_1/3308.h5 in 14.06 seconds
2025-09-19 04:45:40,316 - INFO - Processing /viper/ptmp/arego/RC4K1/5274.h5
2025-09-19 04:45:40,352 - INFO - Processing /viper/ptmp/arego/RC4K1/23689.h5
2025-09-19 04:45:40,536 - INFO - Completed /viper/ptmp/arego/RC4K1_1/3632.h5 in 14.08 seconds
2025-09-19 04:45:40,546 - INFO - Completed /viper/ptmp/arego/RC4K1_1/27777.h5 in 17.09 seconds
2025-09-19 04:45:40,877 - INFO - File 10572: Filtered 23787267 hits and 11 records
2025-09-19 04:45:40,999 - INFO - Processing /viper/ptmp/arego/RC4K1/21100.h5
2025-09-19 04:45:41,180 - INFO - Completed /viper/ptmp/arego/RC4K1_1/1905.h5 in 14.57 seconds
2025-09-19 04:45:41,182 - INFO - Processing /viper/ptmp/arego/RC4K1/5275.h5
2025-09-19 04:45:41,293 - INFO - Completed /viper/ptmp/arego/RC4K1_1/23617.h5 in 16.07 seconds
2025-09-19 04:45:41,396 - INFO - Processing /viper/ptmp/arego/RC4K1/22383.h5
2025-09-19 04:45:41,422 - INFO - File 7093: Filtered 17434769 hits and 6 records
2025-09-19 04:45:41,859 - INFO - Processing /viper/ptmp/arego/RC4K1/29096.h5
2025-09-19 04:45:41,900 - INFO - File 20780: Filtered 22899804 hits and 9 records
2025-09-19 04:45:41,950 - INFO - Completed /viper/ptmp/arego/RC4K1_1/20280.h5 in 18.27 seconds
2025-09-19 04:45:41,993 - INFO - Completed /viper/ptmp/arego/RC4K1_1/24173.h5 in 19.58 seconds
2025-09-19 04:45:42,068 - INFO - Processing /viper/ptmp/arego/RC4K1/15610.h5
2025-09-19 04:45:42,167 - INFO - Processing /viper/ptmp/arego/RC4K1/19481.h5
2025-09-19 04:45:42,396 - INFO - Processing /viper/ptmp/arego/RC4K1/1563.h5
2025-09-19 04:45:42,744 - INFO - Processing /viper/ptmp/arego/RC4K1/29481.h5
2025-09-19 04:45:43,025 - INFO - Processing /viper/ptmp/arego/RC4K1/25786.h5
2025-09-19 04:45:43,247 - INFO - File 1730: Filtered 16630323 hits and 9 records
2025-09-19 04:45:43,415 - INFO - Processing /viper/ptmp/arego/RC4K1/10729.h5
2025-09-19 04:45:43,506 - INFO - File 24770: Filtered 26200716 hits and 8 records
2025-09-19 04:45:44,073 - INFO - File 15919: Filtered 20329103 hits and 9 records
2025-09-19 04:45:44,135 - INFO - Completed /viper/ptmp/arego/RC4K1_1/15409.h5 in 13.29 seconds
2025-09-19 04:45:44,163 - INFO - Completed /viper/ptmp/arego/RC4K1_1/422.h5 in 16.14 seconds
2025-09-19 04:45:44,188 - INFO - File 23319: Filtered 13356739 hits and 9 records
2025-09-19 04:45:44,377 - INFO - File 511: Filtered 16282600 hits and 7 records
2025-09-19 04:45:44,713 - INFO - File 18545: Filtered 26718935 hits and 5 records
2025-09-19 04:45:44,936 - INFO - Processing /viper/ptmp/arego/RC4K1/19553.h5
2025-09-19 04:45:44,941 - INFO - File 22902: Filtered 15499959 hits and 8 records
2025-09-19 04:45:44,976 - INFO - Completed /viper/ptmp/arego/RC4K1_1/28259.h5 in 20.96 seconds
2025-09-19 04:45:45,004 - INFO - Processing /viper/ptmp/arego/RC4K1/25691.h5
2025-09-19 04:45:45,217 - INFO - Completed /viper/ptmp/arego/RC4K1_1/7492.h5 in 15.51 seconds
2025-09-19 04:45:45,408 - INFO - Completed /viper/ptmp/arego/RC4K1_1/10572.h5 in 14.30 seconds
2025-09-19 04:45:45,687 - INFO - Processing /viper/ptmp/arego/RC4K1/1005.h5
2025-09-19 04:45:45,791 - INFO - Processing /viper/ptmp/arego/RC4K1/23783.h5
2025-09-19 04:45:45,880 - INFO - Completed /viper/ptmp/arego/RC4K1_1/19669.h5 in 20.92 seconds
2025-09-19 04:45:46,435 - INFO - Processing /viper/ptmp/arego/RC4K1/25479.h5
2025-09-19 04:45:46,592 - INFO - Completed /viper/ptmp/arego/RC4K1_1/21065.h5 in 17.82 seconds
2025-09-19 04:45:46,728 - INFO - Completed /viper/ptmp/arego/RC4K1_1/7093.h5 in 13.96 seconds
2025-09-19 04:45:47,353 - INFO - Processing /viper/ptmp/arego/RC4K1/21512.h5
2025-09-19 04:45:47,354 - INFO - Completed /viper/ptmp/arego/RC4K1_1/24770.h5 in 14.22 seconds
2025-09-19 04:45:47,408 - INFO - Processing /viper/ptmp/arego/RC4K1/28313.h5
2025-09-19 04:45:47,579 - INFO - Completed /viper/ptmp/arego/RC4K1_1/24860.h5 in 19.58 seconds
2025-09-19 04:45:47,600 - INFO - Processing /viper/ptmp/arego/RC4K1/24553.h5
2025-09-19 04:45:48,009 - INFO - Processing /viper/ptmp/arego/RC4K1/598.h5
2025-09-19 04:45:48,385 - INFO - Processing /viper/ptmp/arego/RC4K1/6741.h5
2025-09-19 04:45:48,615 - INFO - File 20710: Filtered 28215194 hits and 7 records
2025-09-19 04:45:49,272 - INFO - Completed /viper/ptmp/arego/RC4K1_1/20780.h5 in 17.75 seconds
2025-09-19 04:45:49,721 - INFO - Completed /viper/ptmp/arego/RC4K1_1/1730.h5 in 15.33 seconds
2025-09-19 04:45:49,795 - INFO - File 17846: Filtered 14417932 hits and 8 records
2025-09-19 04:45:49,906 - INFO - Completed /viper/ptmp/arego/RC4K1_1/15919.h5 in 14.59 seconds
2025-09-19 04:45:50,023 - INFO - Processing /viper/ptmp/arego/RC4K1/4581.h5
2025-09-19 04:45:50,085 - INFO - Completed /viper/ptmp/arego/RC4K1_1/18545.h5 in 15.54 seconds
2025-09-19 04:45:50,494 - INFO - File 23689: Filtered 25787326 hits and 9 records
2025-09-19 04:45:50,616 - INFO - Processing /viper/ptmp/arego/RC4K1/7596.h5
2025-09-19 04:45:50,631 - INFO - File 5274: Filtered 19826158 hits and 9 records
2025-09-19 04:45:50,737 - INFO - Processing /viper/ptmp/arego/RC4K1/7528.h5
2025-09-19 04:45:50,804 - INFO - File 5275: Filtered 23030986 hits and 8 records
2025-09-19 04:45:51,388 - INFO - File 15610: Filtered 18873098 hits and 10 records
2025-09-19 04:45:51,628 - INFO - File 21100: Filtered 22525903 hits and 7 records
2025-09-19 04:45:51,817 - INFO - File 22383: Filtered 14996526 hits and 5 records
2025-09-19 04:45:51,857 - INFO - Completed /viper/ptmp/arego/RC4K1_1/20710.h5 in 12.96 seconds
2025-09-19 04:45:51,962 - INFO - Processing /viper/ptmp/arego/RC4K1/5172.h5
2025-09-19 04:45:51,979 - INFO - Completed /viper/ptmp/arego/RC4K1_1/23319.h5 in 17.43 seconds
2025-09-19 04:45:52,121 - INFO - File 19481: Filtered 20724368 hits and 6 records
2025-09-19 04:45:52,233 - INFO - File 25786: Filtered 12887526 hits and 8 records
2025-09-19 04:45:52,337 - INFO - Completed /viper/ptmp/arego/RC4K1_1/511.h5 in 17.55 seconds
2025-09-19 04:45:52,783 - INFO - File 29096: Filtered 24336262 hits and 7 records
2025-09-19 04:45:52,810 - INFO - Processing /viper/ptmp/arego/RC4K1/12527.h5
2025-09-19 04:45:53,122 - INFO - File 1563: Filtered 15411743 hits and 7 records
2025-09-19 04:45:53,155 - INFO - Completed /viper/ptmp/arego/RC4K1_1/22902.h5 in 17.31 seconds
2025-09-19 04:45:53,255 - INFO - Processing /viper/ptmp/arego/RC4K1/23127.h5
2025-09-19 04:45:53,302 - INFO - Processing /viper/ptmp/arego/RC4K1/28776.h5
2025-09-19 04:45:53,861 - INFO - File 19553: Filtered 27679604 hits and 9 records
2025-09-19 04:45:54,246 - INFO - Completed /viper/ptmp/arego/RC4K1_1/23689.h5 in 13.89 seconds
2025-09-19 04:45:54,257 - INFO - Processing /viper/ptmp/arego/RC4K1/6339.h5
2025-09-19 04:45:54,354 - INFO - File 29481: Filtered 14725748 hits and 9 records
2025-09-19 04:45:54,399 - INFO - File 1005: Filtered 28894471 hits and 10 records
2025-09-19 04:45:54,814 - INFO - Processing /viper/ptmp/arego/RC4K1/18971.h5
2025-09-19 04:45:55,329 - INFO - File 21512: Filtered 22945572 hits and 8 records
2025-09-19 04:45:55,516 - INFO - File 10729: Filtered 23777868 hits and 8 records
2025-09-19 04:45:55,545 - INFO - File 25691: Filtered 12535613 hits and 5 records
2025-09-19 04:45:55,765 - INFO - File 23783: Filtered 20705343 hits and 5 records
2025-09-19 04:45:56,424 - INFO - Completed /viper/ptmp/arego/RC4K1_1/5275.h5 in 15.24 seconds
2025-09-19 04:45:56,450 - INFO - File 25479: Filtered 26804539 hits and 7 records
2025-09-19 04:45:56,702 - INFO - Completed /viper/ptmp/arego/RC4K1_1/21100.h5 in 15.70 seconds
2025-09-19 04:45:56,803 - INFO - File 24553: Filtered 12117094 hits and 9 records
2025-09-19 04:45:56,983 - INFO - Processing /viper/ptmp/arego/RC4K1/21176.h5
2025-09-19 04:45:57,066 - INFO - Completed /viper/ptmp/arego/RC4K1_1/19553.h5 in 12.13 seconds
2025-09-19 04:45:57,319 - INFO - Processing /viper/ptmp/arego/RC4K1/6326.h5
2025-09-19 04:45:57,355 - INFO - File 28313: Filtered 16872508 hits and 5 records
2025-09-19 04:45:58,227 - INFO - Completed /viper/ptmp/arego/RC4K1_1/5274.h5 in 17.91 seconds
2025-09-19 04:45:58,228 - INFO - Completed /viper/ptmp/arego/RC4K1_1/29096.h5 in 16.37 seconds
2025-09-19 04:45:58,241 - INFO - Completed /viper/ptmp/arego/RC4K1_1/17846.h5 in 18.84 seconds
2025-09-19 04:45:58,332 - INFO - Processing /viper/ptmp/arego/RC4K1/6908.h5
2025-09-19 04:45:58,768 - INFO - Processing /viper/ptmp/arego/RC4K1/10510.h5
2025-09-19 04:45:58,883 - INFO - Processing /viper/ptmp/arego/RC4K1/4162.h5
2025-09-19 04:45:58,969 - INFO - Completed /viper/ptmp/arego/RC4K1_1/19481.h5 in 16.80 seconds
2025-09-19 04:45:59,181 - INFO - File 598: Filtered 26022512 hits and 8 records
2025-09-19 04:45:59,334 - INFO - Completed /viper/ptmp/arego/RC4K1_1/21512.h5 in 11.98 seconds
2025-09-19 04:45:59,404 - INFO - File 24442: Filtered 7046085 hits and 7 records
2025-09-19 04:45:59,641 - INFO - Completed /viper/ptmp/arego/RC4K1_1/22383.h5 in 18.24 seconds
2025-09-19 04:45:59,651 - INFO - Processing /viper/ptmp/arego/RC4K1/25854.h5
2025-09-19 04:45:59,911 - INFO - Processing /viper/ptmp/arego/RC4K1/2602.h5
2025-09-19 04:46:00,106 - INFO - Processing /viper/ptmp/arego/RC4K1/16695.h5
2025-09-19 04:46:00,128 - INFO - Completed /viper/ptmp/arego/RC4K1_1/25786.h5 in 17.10 seconds
2025-09-19 04:46:00,141 - INFO - Completed /viper/ptmp/arego/RC4K1_1/1005.h5 in 14.45 seconds
2025-09-19 04:46:00,183 - INFO - File 6741: Filtered 31235595 hits and 9 records
2025-09-19 04:46:00,488 - INFO - Completed /viper/ptmp/arego/RC4K1_1/1563.h5 in 18.09 seconds
2025-09-19 04:46:00,550 - INFO - Completed /viper/ptmp/arego/RC4K1_1/25479.h5 in 14.11 seconds
2025-09-19 04:46:00,743 - INFO - File 4581: Filtered 19527295 hits and 4 records
2025-09-19 04:46:00,773 - INFO - Processing /viper/ptmp/arego/RC4K1/10674.h5
2025-09-19 04:46:00,825 - INFO - Processing /viper/ptmp/arego/RC4K1/20881.h5
2025-09-19 04:46:00,930 - INFO - Processing /viper/ptmp/arego/RC4K1/6464.h5
2025-09-19 04:46:00,939 - INFO - File 7596: Filtered 18431271 hits and 7 records
2025-09-19 04:46:01,012 - INFO - Processing /viper/ptmp/arego/RC4K1/14697.h5
2025-09-19 04:46:01,291 - INFO - Completed /viper/ptmp/arego/RC4K1_1/15610.h5 in 19.22 seconds
2025-09-19 04:46:01,511 - INFO - Completed /viper/ptmp/arego/RC4K1_1/10729.h5 in 18.10 seconds
2025-09-19 04:46:01,739 - INFO - Processing /viper/ptmp/arego/RC4K1/11199.h5
2025-09-19 04:46:02,000 - INFO - Processing /viper/ptmp/arego/RC4K1/2413.h5
2025-09-19 04:46:02,181 - INFO - File 7528: Filtered 15109070 hits and 5 records
2025-09-19 04:46:02,215 - INFO - Processing /viper/ptmp/arego/RC4K1/19173.h5
2025-09-19 04:46:02,502 - INFO - Completed /viper/ptmp/arego/RC4K1_1/29481.h5 in 19.76 seconds
2025-09-19 04:46:02,688 - INFO - File 28776: Filtered 29410919 hits and 10 records
2025-09-19 04:46:02,853 - INFO - File 5172: Filtered 14400414 hits and 9 records
2025-09-19 04:46:03,154 - INFO - File 23127: Filtered 14480657 hits and 9 records
2025-09-19 04:46:03,194 - INFO - Processing /viper/ptmp/arego/RC4K1/1248.h5
2025-09-19 04:46:03,390 - INFO - File 12527: Filtered 26899535 hits and 9 records
2025-09-19 04:46:03,431 - INFO - Completed /viper/ptmp/arego/RC4K1_1/23783.h5 in 17.64 seconds
2025-09-19 04:46:03,977 - INFO - Processing /viper/ptmp/arego/RC4K1/20686.h5
2025-09-19 04:46:04,195 - INFO - File 6339: Filtered 11811420 hits and 4 records
2025-09-19 04:46:04,610 - INFO - Completed /viper/ptmp/arego/RC4K1_1/598.h5 in 16.60 seconds
2025-09-19 04:46:04,672 - INFO - Completed /viper/ptmp/arego/RC4K1_1/25691.h5 in 19.67 seconds
2025-09-19 04:46:04,834 - INFO - Completed /viper/ptmp/arego/RC4K1_1/6741.h5 in 16.45 seconds
2025-09-19 04:46:04,896 - INFO - File 18971: Filtered 26564824 hits and 8 records
2025-09-19 04:46:05,158 - INFO - Processing /viper/ptmp/arego/RC4K1/8169.h5
2025-09-19 04:46:05,411 - INFO - Processing /viper/ptmp/arego/RC4K1/156.h5
2025-09-19 04:46:05,469 - INFO - Processing /viper/ptmp/arego/RC4K1/25430.h5
2025-09-19 04:46:05,890 - INFO - Completed /viper/ptmp/arego/RC4K1_1/28776.h5 in 12.59 seconds
2025-09-19 04:46:06,735 - INFO - Processing /viper/ptmp/arego/RC4K1/19482.h5
2025-09-19 04:46:06,790 - INFO - Completed /viper/ptmp/arego/RC4K1_1/12527.h5 in 13.98 seconds
2025-09-19 04:46:07,331 - INFO - File 21176: Filtered 22071697 hits and 9 records
2025-09-19 04:46:07,588 - INFO - Completed /viper/ptmp/arego/RC4K1_1/24553.h5 in 19.99 seconds
2025-09-19 04:46:07,730 - INFO - Processing /viper/ptmp/arego/RC4K1/18021.h5
2025-09-19 04:46:07,788 - INFO - File 6326: Filtered 27309050 hits and 7 records
2025-09-19 04:46:08,075 - INFO - Completed /viper/ptmp/arego/RC4K1_1/28313.h5 in 20.67 seconds
2025-09-19 04:46:08,221 - INFO - Completed /viper/ptmp/arego/RC4K1_1/7596.h5 in 17.60 seconds
2025-09-19 04:46:08,348 - INFO - Completed /viper/ptmp/arego/RC4K1_1/18971.h5 in 13.53 seconds
2025-09-19 04:46:08,977 - INFO - Processing /viper/ptmp/arego/RC4K1/10798.h5
2025-09-19 04:46:08,986 - INFO - File 6908: Filtered 17862249 hits and 8 records
2025-09-19 04:46:09,039 - INFO - File 4162: Filtered 26940942 hits and 6 records
2025-09-19 04:46:09,110 - INFO - Processing /viper/ptmp/arego/RC4K1/12168.h5
2025-09-19 04:46:09,176 - INFO - Processing /viper/ptmp/arego/RC4K1/18232.h5
2025-09-19 04:46:09,183 - INFO - File 10510: Filtered 10031029 hits and 5 records
2025-09-19 04:46:09,531 - INFO - File 10674: Filtered 19603432 hits and 7 records
2025-09-19 04:46:09,719 - INFO - Completed /viper/ptmp/arego/RC4K1_1/7528.h5 in 18.98 seconds
2025-09-19 04:46:09,748 - INFO - File 11199: Filtered 21744507 hits and 9 records
2025-09-19 04:46:09,997 - INFO - Processing /viper/ptmp/arego/RC4K1/1046.h5
2025-09-19 04:46:10,030 - INFO - File 6464: Filtered 29185305 hits and 9 records
2025-09-19 04:46:10,262 - INFO - Completed /viper/ptmp/arego/RC4K1_1/5172.h5 in 18.30 seconds
2025-09-19 04:46:10,263 - INFO - File 2602: Filtered 22477209 hits and 8 records
2025-09-19 04:46:10,560 - INFO - Completed /viper/ptmp/arego/RC4K1_1/4581.h5 in 20.54 seconds
2025-09-19 04:46:10,620 - INFO - File 20881: Filtered 21920285 hits and 8 records
2025-09-19 04:46:10,663 - INFO - Processing /viper/ptmp/arego/RC4K1/25598.h5
2025-09-19 04:46:11,056 - INFO - File 16695: Filtered 3050205 hits and 6 records
2025-09-19 04:46:11,200 - INFO - Processing /viper/ptmp/arego/RC4K1/3925.h5
2025-09-19 04:46:11,391 - INFO - Processing /viper/ptmp/arego/RC4K1/5690.h5
2025-09-19 04:46:11,503 - INFO - File 14697: Filtered 14680326 hits and 6 records
2025-09-19 04:46:11,567 - INFO - Completed /viper/ptmp/arego/RC4K1_1/6326.h5 in 14.25 seconds
2025-09-19 04:46:11,975 - INFO - File 25854: Filtered 22972980 hits and 11 records
2025-09-19 04:46:12,075 - INFO - Processing /viper/ptmp/arego/RC4K1/14577.h5
2025-09-19 04:46:12,133 - INFO - Completed /viper/ptmp/arego/RC4K1_1/6464.h5 in 11.20 seconds
2025-09-19 04:46:12,514 - INFO - File 19173: Filtered 11073724 hits and 5 records
2025-09-19 04:46:12,700 - INFO - File 2413: Filtered 11556608 hits and 9 records
2025-09-19 04:46:12,952 - INFO - Processing /viper/ptmp/arego/RC4K1/29147.h5
2025-09-19 04:46:13,478 - INFO - Completed /viper/ptmp/arego/RC4K1_1/23127.h5 in 20.22 seconds
2025-09-19 04:46:13,779 - INFO - Completed /viper/ptmp/arego/RC4K1_1/4162.h5 in 14.90 seconds
2025-09-19 04:46:14,209 - INFO - Processing /viper/ptmp/arego/RC4K1/17725.h5
2025-09-19 04:46:14,217 - INFO - Processing /viper/ptmp/arego/RC4K1/26826.h5
2025-09-19 04:46:14,735 - INFO - Completed /viper/ptmp/arego/RC4K1_1/11199.h5 in 13.00 seconds
2025-09-19 04:46:15,330 - INFO - Processing /viper/ptmp/arego/RC4K1/27057.h5
2025-09-19 04:46:15,373 - ERROR - Error processing /viper/ptmp/arego/RC4K1/2602.h5: low >= high
2025-09-19 04:46:15,577 - INFO - File 156: Filtered 25771647 hits and 7 records
2025-09-19 04:46:15,704 - INFO - File 25430: Filtered 1452853 hits and 6 records
2025-09-19 04:46:16,004 - INFO - Completed /viper/ptmp/arego/RC4K1_1/21176.h5 in 19.02 seconds
2025-09-19 04:46:16,560 - INFO - File 1248: Filtered 24622131 hits and 8 records
2025-09-19 04:46:16,691 - INFO - Processing /viper/ptmp/arego/RC4K1/20493.h5
2025-09-19 04:46:16,708 - INFO - Completed /viper/ptmp/arego/RC4K1_1/6339.h5 in 22.45 seconds
2025-09-19 04:46:16,846 - INFO - Completed /viper/ptmp/arego/RC4K1_1/6908.h5 in 18.51 seconds
2025-09-19 04:46:17,025 - INFO - Processing /viper/ptmp/arego/RC4K1/14602.h5
2025-09-19 04:46:17,067 - INFO - Completed /viper/ptmp/arego/RC4K1_1/20881.h5 in 16.24 seconds
2025-09-19 04:46:17,372 - INFO - File 20686: Filtered 18502494 hits and 10 records
2025-09-19 04:46:17,834 - INFO - Processing /viper/ptmp/arego/RC4K1/5713.h5
2025-09-19 04:46:18,268 - INFO - Processing /viper/ptmp/arego/RC4K1/12402.h5
2025-09-19 04:46:18,648 - INFO - File 18021: Filtered 23927836 hits and 9 records
2025-09-19 04:46:18,789 - INFO - Processing /viper/ptmp/arego/RC4K1/28482.h5
2025-09-19 04:46:18,912 - INFO - File 10798: Filtered 14251404 hits and 9 records
2025-09-19 04:46:19,104 - INFO - File 19482: Filtered 30170351 hits and 10 records
2025-09-19 04:46:19,272 - ERROR - Error processing /viper/ptmp/arego/RC4K1/25854.h5: low >= high
2025-09-19 04:46:19,574 - INFO - File 18232: Filtered 24229172 hits and 7 records
2025-09-19 04:46:19,902 - INFO - Processing /viper/ptmp/arego/RC4K1/13809.h5
2025-09-19 04:46:20,809 - INFO - Completed /viper/ptmp/arego/RC4K1_1/10674.h5 in 20.04 seconds
2025-09-19 04:46:21,050 - INFO - Completed /viper/ptmp/arego/RC4K1_1/10510.h5 in 22.28 seconds
2025-09-19 04:46:21,167 - INFO - File 25598: Filtered 26614648 hits and 10 records
2025-09-19 04:46:21,683 - INFO - File 12168: Filtered 13301172 hits and 5 records
2025-09-19 04:46:21,798 - INFO - Processing /viper/ptmp/arego/RC4K1/8433.h5
2025-09-19 04:46:21,927 - INFO - Completed /viper/ptmp/arego/RC4K1_1/1248.h5 in 18.73 seconds
2025-09-19 04:46:21,935 - INFO - Processing /viper/ptmp/arego/RC4K1/17037.h5
2025-09-19 04:46:22,400 - INFO - File 29147: Filtered 19314584 hits and 9 records
2025-09-19 04:46:22,555 - INFO - Processing /viper/ptmp/arego/RC4K1/12371.h5
2025-09-19 04:46:22,655 - INFO - File 1046: Filtered 16075895 hits and 6 records
2025-09-19 04:46:22,826 - INFO - File 5690: Filtered 21574512 hits and 8 records
2025-09-19 04:46:22,852 - ERROR - Error processing /viper/ptmp/arego/RC4K1/2413.h5: low >= high
2025-09-19 04:46:23,212 - INFO - File 14577: Filtered 13719852 hits and 7 records
2025-09-19 04:46:23,239 - INFO - File 3925: Filtered 27509035 hits and 7 records
2025-09-19 04:46:23,716 - INFO - Completed /viper/ptmp/arego/RC4K1_1/156.h5 in 18.30 seconds
2025-09-19 04:46:23,833 - INFO - Processing /viper/ptmp/arego/RC4K1/4151.h5
2025-09-19 04:46:23,920 - INFO - Completed /viper/ptmp/arego/RC4K1_1/19482.h5 in 17.19 seconds
2025-09-19 04:46:24,114 - INFO - Completed /viper/ptmp/arego/RC4K1_1/20686.h5 in 20.14 seconds
2025-09-19 04:46:24,380 - INFO - Processing /viper/ptmp/arego/RC4K1/8012.h5
2025-09-19 04:46:24,510 - INFO - Processing /viper/ptmp/arego/RC4K1/19366.h5
2025-09-19 04:46:24,725 - INFO - File 17725: Filtered 12884358 hits and 7 records
2025-09-19 04:46:24,911 - INFO - Completed /viper/ptmp/arego/RC4K1_1/14697.h5 in 23.90 seconds
2025-09-19 04:46:25,422 - INFO - Processing /viper/ptmp/arego/RC4K1/3270.h5
2025-09-19 04:46:25,470 - INFO - Completed /viper/ptmp/arego/RC4K1_1/18021.h5 in 17.74 seconds
2025-09-19 04:46:25,492 - INFO - File 20493: Filtered 23790295 hits and 7 records
2025-09-19 04:46:26,110 - INFO - Completed /viper/ptmp/arego/RC4K1_1/25598.h5 in 15.45 seconds
2025-09-19 04:46:26,113 - INFO - File 26826: Filtered 7715709 hits and 4 records
2025-09-19 04:46:26,398 - INFO - Completed /viper/ptmp/arego/RC4K1_1/18232.h5 in 17.22 seconds
2025-09-19 04:46:26,438 - INFO - Processing /viper/ptmp/arego/RC4K1/19162.h5
2025-09-19 04:46:26,631 - INFO - Processing /viper/ptmp/arego/RC4K1/14613.h5
2025-09-19 04:46:26,648 - INFO - Processing /viper/ptmp/arego/RC4K1/3005.h5
2025-09-19 04:46:26,718 - ERROR - Error processing /viper/ptmp/arego/RC4K1/16695.h5: low >= high
2025-09-19 04:46:26,877 - INFO - Completed /viper/ptmp/arego/RC4K1_1/19173.h5 in 24.66 seconds
2025-09-19 04:46:27,276 - INFO - Completed /viper/ptmp/arego/RC4K1_1/29147.h5 in 14.32 seconds
2025-09-19 04:46:27,287 - INFO - Processing /viper/ptmp/arego/RC4K1/24640.h5
2025-09-19 04:46:27,423 - INFO - File 14602: Filtered 23653902 hits and 7 records
2025-09-19 04:46:27,925 - INFO - Completed /viper/ptmp/arego/RC4K1_1/3925.h5 in 16.72 seconds
2025-09-19 04:46:27,995 - INFO - File 27057: Filtered 22471107 hits and 11 records
2025-09-19 04:46:28,139 - INFO - Processing /viper/ptmp/arego/RC4K1/10762.h5
2025-09-19 04:46:28,142 - INFO - Processing /viper/ptmp/arego/RC4K1/18853.h5
2025-09-19 04:46:28,275 - INFO - File 5713: Filtered 17618245 hits and 7 records
2025-09-19 04:46:28,379 - INFO - Processing /viper/ptmp/arego/RC4K1/12104.h5
2025-09-19 04:46:28,403 - INFO - Processing /viper/ptmp/arego/RC4K1/24104.h5
2025-09-19 04:46:29,203 - INFO - File 13809: Filtered 17091917 hits and 5 records
2025-09-19 04:46:29,316 - INFO - File 28482: Filtered 26363151 hits and 8 records
2025-09-19 04:46:29,371 - INFO - File 12402: Filtered 15570629 hits and 4 records
2025-09-19 04:46:30,043 - INFO - Completed /viper/ptmp/arego/RC4K1_1/10798.h5 in 21.07 seconds
2025-09-19 04:46:30,444 - INFO - Completed /viper/ptmp/arego/RC4K1_1/20493.h5 in 13.75 seconds
2025-09-19 04:46:30,969 - INFO - Completed /viper/ptmp/arego/RC4K1_1/25430.h5 in 25.50 seconds
2025-09-19 04:46:31,043 - INFO - Processing /viper/ptmp/arego/RC4K1/26265.h5
2025-09-19 04:46:31,194 - INFO - Completed /viper/ptmp/arego/RC4K1_1/5690.h5 in 19.80 seconds
2025-09-19 04:46:31,324 - INFO - Processing /viper/ptmp/arego/RC4K1/694.h5
2025-09-19 04:46:31,542 - INFO - Completed /viper/ptmp/arego/RC4K1_1/12168.h5 in 22.43 seconds
2025-09-19 04:46:31,605 - INFO - Completed /viper/ptmp/arego/RC4K1_1/1046.h5 in 21.61 seconds
2025-09-19 04:46:31,859 - INFO - File 17037: Filtered 26331912 hits and 9 records
2025-09-19 04:46:32,003 - INFO - Processing /viper/ptmp/arego/RC4K1/2742.h5
2025-09-19 04:46:32,008 - INFO - Processing /viper/ptmp/arego/RC4K1/9361.h5
2025-09-19 04:46:32,854 - INFO - Processing /viper/ptmp/arego/RC4K1/14500.h5
2025-09-19 04:46:33,507 - INFO - Processing /viper/ptmp/arego/RC4K1/8716.h5
2025-09-19 04:46:33,898 - INFO - Completed /viper/ptmp/arego/RC4K1_1/28482.h5 in 15.11 seconds
2025-09-19 04:46:33,953 - INFO - Completed /viper/ptmp/arego/RC4K1_1/27057.h5 in 18.62 seconds
2025-09-19 04:46:34,455 - INFO - Processing /viper/ptmp/arego/RC4K1/25998.h5
2025-09-19 04:46:34,528 - INFO - Completed /viper/ptmp/arego/RC4K1_1/14602.h5 in 17.50 seconds
2025-09-19 04:46:34,529 - INFO - Completed /viper/ptmp/arego/RC4K1_1/14577.h5 in 22.45 seconds
2025-09-19 04:46:34,837 - INFO - Processing /viper/ptmp/arego/RC4K1/1987.h5
2025-09-19 04:46:34,872 - INFO - File 19162: Filtered 34719015 hits and 5 records
2025-09-19 04:46:35,083 - INFO - Processing /viper/ptmp/arego/RC4K1/19289.h5
2025-09-19 04:46:35,204 - INFO - File 10762: Filtered 12531516 hits and 4 records
2025-09-19 04:46:35,951 - INFO - Processing /viper/ptmp/arego/RC4K1/24408.h5
2025-09-19 04:46:36,266 - INFO - File 19366: Filtered 20373867 hits and 6 records
2025-09-19 04:46:36,432 - INFO - File 8433: Filtered 18171950 hits and 6 records
2025-09-19 04:46:36,439 - INFO - Completed /viper/ptmp/arego/RC4K1_1/17725.h5 in 22.23 seconds
2025-09-19 04:46:36,762 - INFO - Completed /viper/ptmp/arego/RC4K1_1/12402.h5 in 18.49 seconds
2025-09-19 04:46:36,999 - INFO - Completed /viper/ptmp/arego/RC4K1_1/19162.h5 in 10.56 seconds
2025-09-19 04:46:37,326 - INFO - File 12104: Filtered 22575313 hits and 10 records
2025-09-19 04:46:37,427 - INFO - Processing /viper/ptmp/arego/RC4K1/28693.h5
2025-09-19 04:46:37,597 - INFO - Processing /viper/ptmp/arego/RC4K1/24757.h5
2025-09-19 04:46:37,771 - INFO - Completed /viper/ptmp/arego/RC4K1_1/5713.h5 in 19.94 seconds
2025-09-19 04:46:37,848 - INFO - File 24104: Filtered 27900421 hits and 10 records
2025-09-19 04:46:38,022 - INFO - File 12371: Filtered 23785550 hits and 7 records
2025-09-19 04:46:38,789 - INFO - Completed /viper/ptmp/arego/RC4K1_1/26826.h5 in 24.57 seconds
2025-09-19 04:46:38,879 - INFO - Processing /viper/ptmp/arego/RC4K1/15848.h5
2025-09-19 04:46:38,935 - INFO - Processing /viper/ptmp/arego/RC4K1/7461.h5
2025-09-19 04:46:39,281 - INFO - File 3005: Filtered 28751855 hits and 8 records
2025-09-19 04:46:39,519 - INFO - File 4151: Filtered 10803963 hits and 6 records
2025-09-19 04:46:39,588 - INFO - File 14613: Filtered 11534016 hits and 6 records
2025-09-19 04:46:39,646 - INFO - Processing /viper/ptmp/arego/RC4K1/18376.h5
2025-09-19 04:46:39,961 - INFO - File 8012: Filtered 11924793 hits and 7 records
2025-09-19 04:46:40,758 - INFO - File 3270: Filtered 23540917 hits and 8 records
2025-09-19 04:46:41,832 - INFO - Completed /viper/ptmp/arego/RC4K1_1/17037.h5 in 19.90 seconds
2025-09-19 04:46:41,850 - INFO - File 694: Filtered 24400494 hits and 10 records
2025-09-19 04:46:42,322 - INFO - File 24640: Filtered 27685955 hits and 11 records
2025-09-19 04:46:42,438 - INFO - Completed /viper/ptmp/arego/RC4K1_1/10762.h5 in 14.30 seconds
2025-09-19 04:46:42,915 - INFO - Completed /viper/ptmp/arego/RC4K1_1/24104.h5 in 14.51 seconds
2025-09-19 04:46:42,953 - INFO - File 18853: Filtered 27738269 hits and 8 records
2025-09-19 04:46:43,117 - INFO - Processing /viper/ptmp/arego/RC4K1/8168.h5
2025-09-19 04:46:43,401 - INFO - Processing /viper/ptmp/arego/RC4K1/28757.h5
2025-09-19 04:46:43,882 - INFO - Completed /viper/ptmp/arego/RC4K1_1/13809.h5 in 23.98 seconds
2025-09-19 04:46:43,935 - INFO - Processing /viper/ptmp/arego/RC4K1/29885.h5
2025-09-19 04:46:44,612 - INFO - Processing /viper/ptmp/arego/RC4K1/12713.h5
2025-09-19 04:46:44,940 - INFO - Completed /viper/ptmp/arego/RC4K1_1/3005.h5 in 18.29 seconds
2025-09-19 04:46:45,004 - INFO - File 26265: Filtered 22877858 hits and 7 records
2025-09-19 04:46:45,129 - INFO - Completed /viper/ptmp/arego/RC4K1_1/12104.h5 in 16.75 seconds
2025-09-19 04:46:45,570 - INFO - Processing /viper/ptmp/arego/RC4K1/23533.h5
2025-09-19 04:46:45,590 - INFO - File 1987: Filtered 17506035 hits and 6 records
2025-09-19 04:46:45,761 - INFO - File 2742: Filtered 27338587 hits and 9 records
2025-09-19 04:46:45,817 - INFO - File 9361: Filtered 26942860 hits and 10 records
2025-09-19 04:46:45,929 - INFO - Completed /viper/ptmp/arego/RC4K1_1/8433.h5 in 24.13 seconds
2025-09-19 04:46:46,273 - INFO - File 25998: Filtered 15858787 hits and 7 records
2025-09-19 04:46:46,524 - INFO - Processing /viper/ptmp/arego/RC4K1/13982.h5
2025-09-19 04:46:46,639 - INFO - Processing /viper/ptmp/arego/RC4K1/3269.h5
2025-09-19 04:46:46,749 - INFO - File 14500: Filtered 19961256 hits and 10 records
2025-09-19 04:46:47,104 - INFO - File 8169: Filtered 2513820 hits and 6 records
2025-09-19 04:46:48,426 - INFO - File 8716: Filtered 18233326 hits and 7 records
2025-09-19 04:46:48,823 - INFO - File 24408: Filtered 23104759 hits and 7 records
2025-09-19 04:46:49,006 - INFO - Completed /viper/ptmp/arego/RC4K1_1/3270.h5 in 23.58 seconds
2025-09-19 04:46:49,297 - INFO - Completed /viper/ptmp/arego/RC4K1_1/12371.h5 in 26.74 seconds
2025-09-19 04:46:49,662 - INFO - Processing /viper/ptmp/arego/RC4K1/24829.h5
2025-09-19 04:46:49,723 - INFO - Completed /viper/ptmp/arego/RC4K1_1/694.h5 in 18.40 seconds
2025-09-19 04:46:49,732 - INFO - Completed /viper/ptmp/arego/RC4K1_1/19366.h5 in 25.22 seconds
2025-09-19 04:46:49,737 - INFO - File 19289: Filtered 26718717 hits and 11 records
2025-09-19 04:46:49,851 - INFO - File 24757: Filtered 25389981 hits and 7 records
2025-09-19 04:46:50,048 - INFO - Completed /viper/ptmp/arego/RC4K1_1/24640.h5 in 22.76 seconds
2025-09-19 04:46:50,510 - INFO - Processing /viper/ptmp/arego/RC4K1/27379.h5
2025-09-19 04:46:50,548 - INFO - Completed /viper/ptmp/arego/RC4K1_1/18853.h5 in 22.41 seconds
2025-09-19 04:46:50,607 - INFO - Processing /viper/ptmp/arego/RC4K1/21855.h5
2025-09-19 04:46:50,742 - INFO - Processing /viper/ptmp/arego/RC4K1/23378.h5
2025-09-19 04:46:50,920 - INFO - File 15848: Filtered 23858931 hits and 9 records
2025-09-19 04:46:51,125 - INFO - Processing /viper/ptmp/arego/RC4K1/12980.h5
2025-09-19 04:46:51,167 - INFO - File 8168: Filtered 19603967 hits and 8 records
2025-09-19 04:46:51,683 - INFO - Completed /viper/ptmp/arego/RC4K1_1/8012.h5 in 27.30 seconds
2025-09-19 04:46:51,686 - INFO - Processing /viper/ptmp/arego/RC4K1/699.h5
2025-09-19 04:46:51,777 - INFO - File 28693: Filtered 21252646 hits and 9 records
2025-09-19 04:46:52,179 - INFO - File 7461: Filtered 24746836 hits and 10 records
2025-09-19 04:46:52,185 - INFO - Completed /viper/ptmp/arego/RC4K1_1/9361.h5 in 20.18 seconds
2025-09-19 04:46:52,435 - INFO - File 18376: Filtered 14903944 hits and 4 records
2025-09-19 04:46:52,717 - INFO - Processing /viper/ptmp/arego/RC4K1/8593.h5
2025-09-19 04:46:52,788 - INFO - Completed /viper/ptmp/arego/RC4K1_1/4151.h5 in 28.95 seconds
2025-09-19 04:46:53,388 - INFO - Completed /viper/ptmp/arego/RC4K1_1/2742.h5 in 21.39 seconds
2025-09-19 04:46:53,434 - INFO - Completed /viper/ptmp/arego/RC4K1_1/26265.h5 in 22.39 seconds
2025-09-19 04:46:53,734 - INFO - Processing /viper/ptmp/arego/RC4K1/26425.h5
2025-09-19 04:46:53,950 - INFO - Completed /viper/ptmp/arego/RC4K1_1/1987.h5 in 19.11 seconds
2025-09-19 04:46:54,051 - INFO - Processing /viper/ptmp/arego/RC4K1/9937.h5
2025-09-19 04:46:54,241 - INFO - Processing /viper/ptmp/arego/RC4K1/6285.h5
2025-09-19 04:46:54,406 - INFO - File 28757: Filtered 20002389 hits and 9 records
2025-09-19 04:46:54,970 - INFO - Processing /viper/ptmp/arego/RC4K1/18552.h5
2025-09-19 04:46:55,022 - INFO - Completed /viper/ptmp/arego/RC4K1_1/14500.h5 in 22.17 seconds
2025-09-19 04:46:55,085 - INFO - Completed /viper/ptmp/arego/RC4K1_1/14613.h5 in 28.45 seconds
2025-09-19 04:46:55,229 - INFO - Processing /viper/ptmp/arego/RC4K1/5287.h5
2025-09-19 04:46:56,035 - INFO - Processing /viper/ptmp/arego/RC4K1/11965.h5
2025-09-19 04:46:56,517 - INFO - Processing /viper/ptmp/arego/RC4K1/10164.h5
2025-09-19 04:46:56,524 - INFO - Completed /viper/ptmp/arego/RC4K1_1/24408.h5 in 20.57 seconds
2025-09-19 04:46:56,562 - INFO - Completed /viper/ptmp/arego/RC4K1_1/24757.h5 in 18.96 seconds
2025-09-19 04:46:56,734 - INFO - Completed /viper/ptmp/arego/RC4K1_1/8716.h5 in 23.23 seconds
2025-09-19 04:46:56,826 - INFO - File 29885: Filtered 26699884 hits and 11 records
2025-09-19 04:46:56,905 - INFO - File 13982: Filtered 13534472 hits and 6 records
2025-09-19 04:46:57,110 - INFO - Completed /viper/ptmp/arego/RC4K1_1/8168.h5 in 13.99 seconds
2025-09-19 04:46:57,224 - INFO - Processing /viper/ptmp/arego/RC4K1/26946.h5
2025-09-19 04:46:57,482 - INFO - Processing /viper/ptmp/arego/RC4K1/1576.h5
2025-09-19 04:46:57,547 - INFO - Completed /viper/ptmp/arego/RC4K1_1/19289.h5 in 22.46 seconds
2025-09-19 04:46:57,783 - INFO - Completed /viper/ptmp/arego/RC4K1_1/24442.h5 in 104.94 seconds
2025-09-19 04:46:57,940 - INFO - Completed /viper/ptmp/arego/RC4K1_1/25998.h5 in 23.48 seconds
2025-09-19 04:46:58,122 - INFO - Completed /viper/ptmp/arego/RC4K1_1/28693.h5 in 20.70 seconds
2025-09-19 04:46:58,144 - INFO - Processing /viper/ptmp/arego/RC4K1/29676.h5
2025-09-19 04:46:58,194 - INFO - Processing /viper/ptmp/arego/RC4K1/5835.h5
2025-09-19 04:46:58,200 - INFO - Completed /viper/ptmp/arego/RC4K1_1/7461.h5 in 19.27 seconds
2025-09-19 04:46:58,319 - INFO - File 12713: Filtered 19423990 hits and 6 records
2025-09-19 04:46:58,542 - INFO - Completed /viper/ptmp/arego/RC4K1_1/15848.h5 in 19.66 seconds
2025-09-19 04:46:58,973 - INFO - Processing /viper/ptmp/arego/RC4K1/9194.h5
2025-09-19 04:46:59,222 - INFO - Processing /viper/ptmp/arego/RC4K1/28163.h5
2025-09-19 04:46:59,517 - INFO - File 23533: Filtered 20461782 hits and 9 records
2025-09-19 04:46:59,837 - INFO - Processing /viper/ptmp/arego/RC4K1/6203.h5
2025-09-19 04:47:00,215 - INFO - Processing /viper/ptmp/arego/RC4K1/12762.h5
2025-09-19 04:47:00,749 - INFO - File 27379: Filtered 15759123 hits and 6 records
2025-09-19 04:47:01,033 - INFO - Processing /viper/ptmp/arego/RC4K1/7012.h5
2025-09-19 04:47:02,506 - INFO - File 23378: Filtered 19166254 hits and 7 records
2025-09-19 04:47:02,681 - INFO - File 3269: Filtered 26304182 hits and 11 records
2025-09-19 04:47:02,771 - INFO - Completed /viper/ptmp/arego/RC4K1_1/28757.h5 in 19.37 seconds
2025-09-19 04:47:03,507 - INFO - Completed /viper/ptmp/arego/RC4K1_1/29885.h5 in 19.57 seconds
2025-09-19 04:47:03,637 - INFO - File 8593: Filtered 16642722 hits and 5 records
2025-09-19 04:47:03,830 - INFO - File 699: Filtered 38139225 hits and 10 records
2025-09-19 04:47:03,950 - INFO - Processing /viper/ptmp/arego/RC4K1/12316.h5
2025-09-19 04:47:03,990 - INFO - Processing /viper/ptmp/arego/RC4K1/9284.h5
2025-09-19 04:47:04,272 - INFO - File 12980: Filtered 31018496 hits and 8 records
2025-09-19 04:47:04,589 - INFO - Completed /viper/ptmp/arego/RC4K1_1/18376.h5 in 24.94 seconds
2025-09-19 04:47:04,852 - INFO - Processing /viper/ptmp/arego/RC4K1/13049.h5
2025-09-19 04:47:04,965 - INFO - File 24829: Filtered 21013207 hits and 8 records
2025-09-19 04:47:05,515 - INFO - Processing /viper/ptmp/arego/RC4K1/28291.h5
2025-09-19 04:47:07,104 - INFO - Completed /viper/ptmp/arego/RC4K1_1/13982.h5 in 20.58 seconds
2025-09-19 04:47:07,449 - INFO - Completed /viper/ptmp/arego/RC4K1_1/699.h5 in 15.76 seconds
2025-09-19 04:47:07,569 - INFO - File 6285: Filtered 10373167 hits and 6 records
2025-09-19 04:47:07,928 - INFO - Processing /viper/ptmp/arego/RC4K1/6825.h5
2025-09-19 04:47:08,040 - INFO - File 21855: Filtered 16150117 hits and 7 records
2025-09-19 04:47:08,411 - INFO - File 1576: Filtered 19971443 hits and 9 records
2025-09-19 04:47:08,741 - INFO - Completed /viper/ptmp/arego/RC4K1_1/12713.h5 in 24.13 seconds
2025-09-19 04:47:08,850 - INFO - Processing /viper/ptmp/arego/RC4K1/1073.h5
2025-09-19 04:47:09,356 - INFO - File 5287: Filtered 28387275 hits and 10 records
2025-09-19 04:47:09,536 - INFO - File 18552: Filtered 31437807 hits and 10 records
2025-09-19 04:47:09,624 - INFO - File 28163: Filtered 30180684 hits and 6 records
2025-09-19 04:47:09,829 - INFO - File 26425: Filtered 31555243 hits and 7 records
2025-09-19 04:47:09,882 - INFO - Processing /viper/ptmp/arego/RC4K1/29928.h5
2025-09-19 04:47:09,906 - INFO - Completed /viper/ptmp/arego/RC4K1_1/23533.h5 in 24.34 seconds
2025-09-19 04:47:10,029 - INFO - File 26946: Filtered 26455681 hits and 8 records
2025-09-19 04:47:10,454 - INFO - File 9937: Filtered 14235123 hits and 5 records
2025-09-19 04:47:10,769 - INFO - File 29676: Filtered 22216153 hits and 6 records
2025-09-19 04:47:11,012 - INFO - File 10164: Filtered 31326043 hits and 11 records
2025-09-19 04:47:11,012 - INFO - Processing /viper/ptmp/arego/RC4K1/13656.h5
2025-09-19 04:47:11,094 - INFO - File 11965: Filtered 16864208 hits and 6 records
2025-09-19 04:47:11,302 - INFO - File 5835: Filtered 20588913 hits and 7 records
2025-09-19 04:47:12,558 - INFO - File 12762: Filtered 35799764 hits and 11 records
2025-09-19 04:47:13,215 - INFO - Completed /viper/ptmp/arego/RC4K1_1/27379.h5 in 22.71 seconds
2025-09-19 04:47:13,347 - ERROR - Error processing /viper/ptmp/arego/RC4K1/3269.h5: low >= high
2025-09-19 04:47:13,669 - INFO - Completed /viper/ptmp/arego/RC4K1_1/24829.h5 in 24.01 seconds
2025-09-19 04:47:13,798 - INFO - Completed /viper/ptmp/arego/RC4K1_1/12980.h5 in 22.67 seconds
2025-09-19 04:47:13,896 - INFO - File 7012: Filtered 20828830 hits and 9 records
2025-09-19 04:47:14,015 - INFO - Completed /viper/ptmp/arego/RC4K1_1/23378.h5 in 23.27 seconds
2025-09-19 04:47:14,031 - INFO - Completed /viper/ptmp/arego/RC4K1_1/28163.h5 in 14.81 seconds
2025-09-19 04:47:14,213 - INFO - Processing /viper/ptmp/arego/RC4K1/2783.h5
2025-09-19 04:47:14,237 - INFO - Processing /viper/ptmp/arego/RC4K1/8319.h5
2025-09-19 04:47:14,262 - INFO - File 9284: Filtered 23856650 hits and 6 records
2025-09-19 04:47:14,432 - INFO - File 9194: Filtered 6551035 hits and 4 records
2025-09-19 04:47:14,439 - INFO - Processing /viper/ptmp/arego/RC4K1/13401.h5
2025-09-19 04:47:14,459 - INFO - Processing /viper/ptmp/arego/RC4K1/2302.h5
2025-09-19 04:47:14,870 - INFO - Completed /viper/ptmp/arego/RC4K1_1/26425.h5 in 21.14 seconds
2025-09-19 04:47:14,922 - INFO - File 6203: Filtered 17697528 hits and 6 records
2025-09-19 04:47:15,019 - INFO - Completed /viper/ptmp/arego/RC4K1_1/8593.h5 in 22.30 seconds
2025-09-19 04:47:15,095 - INFO - Completed /viper/ptmp/arego/RC4K1_1/18552.h5 in 20.13 seconds
2025-09-19 04:47:15,306 - INFO - Processing /viper/ptmp/arego/RC4K1/21040.h5
2025-09-19 04:47:15,362 - INFO - Processing /viper/ptmp/arego/RC4K1/27431.h5
2025-09-19 04:47:15,472 - INFO - Completed /viper/ptmp/arego/RC4K1_1/5287.h5 in 20.24 seconds
2025-09-19 04:47:15,579 - INFO - Processing /viper/ptmp/arego/RC4K1/968.h5
2025-09-19 04:47:15,683 - INFO - File 12316: Filtered 26660987 hits and 9 records
2025-09-19 04:47:15,907 - INFO - Completed /viper/ptmp/arego/RC4K1_1/12762.h5 in 15.69 seconds
2025-09-19 04:47:15,968 - INFO - Processing /viper/ptmp/arego/RC4K1/19029.h5
2025-09-19 04:47:16,077 - INFO - Processing /viper/ptmp/arego/RC4K1/25051.h5
2025-09-19 04:47:16,419 - INFO - File 13049: Filtered 31278990 hits and 7 records
2025-09-19 04:47:16,623 - INFO - Processing /viper/ptmp/arego/RC4K1/113.h5
2025-09-19 04:47:16,738 - INFO - Processing /viper/ptmp/arego/RC4K1/2306.h5
2025-09-19 04:47:17,730 - INFO - Completed /viper/ptmp/arego/RC4K1_1/26946.h5 in 20.51 seconds
2025-09-19 04:47:18,543 - ERROR - Error processing /viper/ptmp/arego/RC4K1/1576.h5: low >= high
2025-09-19 04:47:18,743 - INFO - Processing /viper/ptmp/arego/RC4K1/29898.h5
2025-09-19 04:47:18,825 - INFO - File 28291: Filtered 25997438 hits and 8 records
2025-09-19 04:47:19,176 - INFO - File 6825: Filtered 27084140 hits and 7 records
2025-09-19 04:47:19,307 - INFO - Processing /viper/ptmp/arego/RC4K1/16471.h5
2025-09-19 04:47:19,781 - ERROR - Error processing /viper/ptmp/arego/RC4K1/10164.h5: low >= high
2025-09-19 04:47:19,782 - INFO - Completed /viper/ptmp/arego/RC4K1_1/21855.h5 in 29.18 seconds
2025-09-19 04:47:20,122 - INFO - File 1073: Filtered 19137629 hits and 6 records
2025-09-19 04:47:20,213 - INFO - Completed /viper/ptmp/arego/RC4K1_1/6285.h5 in 25.97 seconds
2025-09-19 04:47:20,217 - INFO - Completed /viper/ptmp/arego/RC4K1_1/11965.h5 in 24.18 seconds
2025-09-19 04:47:20,266 - INFO - Completed /viper/ptmp/arego/RC4K1_1/9284.h5 in 16.28 seconds
2025-09-19 04:47:20,603 - INFO - Processing /viper/ptmp/arego/RC4K1/9569.h5
2025-09-19 04:47:20,672 - INFO - Processing /viper/ptmp/arego/RC4K1/324.h5
2025-09-19 04:47:20,905 - INFO - Processing /viper/ptmp/arego/RC4K1/3544.h5
2025-09-19 04:47:21,048 - INFO - Processing /viper/ptmp/arego/RC4K1/8266.h5
2025-09-19 04:47:21,760 - INFO - Processing /viper/ptmp/arego/RC4K1/7008.h5
2025-09-19 04:47:21,985 - INFO - Completed /viper/ptmp/arego/RC4K1_1/13049.h5 in 17.13 seconds
2025-09-19 04:47:22,132 - INFO - Completed /viper/ptmp/arego/RC4K1_1/5835.h5 in 23.94 seconds
2025-09-19 04:47:23,034 - INFO - Processing /viper/ptmp/arego/RC4K1/12717.h5
2025-09-19 04:47:23,112 - INFO - Completed /viper/ptmp/arego/RC4K1_1/12316.h5 in 19.16 seconds
2025-09-19 04:47:23,596 - INFO - Processing /viper/ptmp/arego/RC4K1/22415.h5
2025-09-19 04:47:23,639 - INFO - Completed /viper/ptmp/arego/RC4K1_1/6203.h5 in 23.80 seconds
2025-09-19 04:47:23,791 - INFO - Processing /viper/ptmp/arego/RC4K1/13435.h5
2025-09-19 04:47:24,060 - INFO - Completed /viper/ptmp/arego/RC4K1_1/7012.h5 in 23.03 seconds
2025-09-19 04:47:24,319 - INFO - File 29928: Filtered 15380612 hits and 7 records
2025-09-19 04:47:24,421 - INFO - Completed /viper/ptmp/arego/RC4K1_1/29676.h5 in 26.28 seconds
2025-09-19 04:47:24,670 - INFO - File 13656: Filtered 16141790 hits and 5 records
2025-09-19 04:47:24,768 - INFO - File 2302: Filtered 10301493 hits and 4 records
2025-09-19 04:47:24,976 - INFO - Processing /viper/ptmp/arego/RC4K1/19554.h5
2025-09-19 04:47:25,049 - INFO - Processing /viper/ptmp/arego/RC4K1/24313.h5
2025-09-19 04:47:25,407 - INFO - File 2783: Filtered 26092322 hits and 9 records
2025-09-19 04:47:25,991 - INFO - Completed /viper/ptmp/arego/RC4K1_1/6825.h5 in 18.06 seconds
2025-09-19 04:47:26,067 - INFO - Completed /viper/ptmp/arego/RC4K1_1/9194.h5 in 27.09 seconds
2025-09-19 04:47:26,564 - INFO - Completed /viper/ptmp/arego/RC4K1_1/28291.h5 in 21.05 seconds
2025-09-19 04:47:26,572 - INFO - File 13401: Filtered 26583911 hits and 9 records
2025-09-19 04:47:26,754 - INFO - Processing /viper/ptmp/arego/RC4K1/11690.h5
2025-09-19 04:47:27,291 - INFO - Processing /viper/ptmp/arego/RC4K1/17671.h5
2025-09-19 04:47:27,353 - INFO - File 21040: Filtered 39290326 hits and 9 records
2025-09-19 04:47:27,784 - INFO - Processing /viper/ptmp/arego/RC4K1/18577.h5
2025-09-19 04:47:27,851 - INFO - Processing /viper/ptmp/arego/RC4K1/23748.h5
2025-09-19 04:47:28,031 - INFO - Completed /viper/ptmp/arego/RC4K1_1/1073.h5 in 19.18 seconds
2025-09-19 04:47:28,640 - INFO - File 113: Filtered 32298476 hits and 9 records
2025-09-19 04:47:28,646 - INFO - File 968: Filtered 11719016 hits and 6 records
2025-09-19 04:47:28,728 - INFO - File 19029: Filtered 28260318 hits and 8 records
2025-09-19 04:47:28,857 - INFO - File 8319: Filtered 27078955 hits and 5 records
2025-09-19 04:47:29,232 - INFO - File 2306: Filtered 29374164 hits and 8 records
2025-09-19 04:47:29,407 - INFO - Processing /viper/ptmp/arego/RC4K1/23553.h5
2025-09-19 04:47:29,866 - INFO - Completed /viper/ptmp/arego/RC4K1_1/21040.h5 in 14.56 seconds
2025-09-19 04:47:30,431 - INFO - Processing /viper/ptmp/arego/RC4K1/25407.h5
2025-09-19 04:47:30,892 - INFO - File 29898: Filtered 28826557 hits and 7 records
2025-09-19 04:47:31,353 - INFO - File 3544: Filtered 25871455 hits and 7 records
2025-09-19 04:47:31,422 - INFO - File 27431: Filtered 38026439 hits and 10 records
2025-09-19 04:47:32,676 - INFO - File 9569: Filtered 22851904 hits and 8 records
2025-09-19 04:47:33,656 - INFO - Completed /viper/ptmp/arego/RC4K1_1/2783.h5 in 19.44 seconds
2025-09-19 04:47:33,658 - INFO - File 16471: Filtered 26721170 hits and 7 records
2025-09-19 04:47:33,875 - INFO - File 25051: Filtered 23212589 hits and 8 records
2025-09-19 04:47:34,238 - INFO - Completed /viper/ptmp/arego/RC4K1_1/13401.h5 in 19.80 seconds
2025-09-19 04:47:34,717 - INFO - Completed /viper/ptmp/arego/RC4K1_1/9937.h5 in 40.67 seconds
2025-09-19 04:47:34,745 - INFO - Completed /viper/ptmp/arego/RC4K1_1/113.h5 in 18.12 seconds
2025-09-19 04:47:34,779 - INFO - File 13435: Filtered 33100379 hits and 10 records
2025-09-19 04:47:34,896 - INFO - Processing /viper/ptmp/arego/RC4K1/11921.h5
2025-09-19 04:47:34,896 - INFO - Completed /viper/ptmp/arego/RC4K1_1/2306.h5 in 18.16 seconds
2025-09-19 04:47:34,972 - INFO - Processing /viper/ptmp/arego/RC4K1/27274.h5
2025-09-19 04:47:34,974 - INFO - File 324: Filtered 46354254 hits and 9 records
2025-09-19 04:47:35,485 - INFO - Processing /viper/ptmp/arego/RC4K1/27920.h5
2025-09-19 04:47:35,564 - INFO - Processing /viper/ptmp/arego/RC4K1/20719.h5
2025-09-19 04:47:35,704 - INFO - Completed /viper/ptmp/arego/RC4K1_1/27431.h5 in 20.34 seconds
2025-09-19 04:47:36,070 - INFO - Completed /viper/ptmp/arego/RC4K1_1/2302.h5 in 21.61 seconds
2025-09-19 04:47:36,135 - INFO - File 8266: Filtered 22737098 hits and 9 records
2025-09-19 04:47:36,178 - INFO - Processing /viper/ptmp/arego/RC4K1/7632.h5
2025-09-19 04:47:36,472 - INFO - Completed /viper/ptmp/arego/RC4K1_1/19029.h5 in 20.50 seconds
2025-09-19 04:47:36,689 - INFO - Completed /viper/ptmp/arego/RC4K1_1/3544.h5 in 15.78 seconds
2025-09-19 04:47:36,954 - INFO - Processing /viper/ptmp/arego/RC4K1/17648.h5
2025-09-19 04:47:36,990 - INFO - Completed /viper/ptmp/arego/RC4K1_1/324.h5 in 16.32 seconds
2025-09-19 04:47:37,217 - INFO - Processing /viper/ptmp/arego/RC4K1/6781.h5
2025-09-19 04:47:37,264 - INFO - Processing /viper/ptmp/arego/RC4K1/19136.h5
2025-09-19 04:47:37,437 - INFO - Completed /viper/ptmp/arego/RC4K1_1/8319.h5 in 23.20 seconds
2025-09-19 04:47:37,460 - INFO - File 7008: Filtered 20290694 hits and 7 records
2025-09-19 04:47:37,667 - INFO - Processing /viper/ptmp/arego/RC4K1/18190.h5
2025-09-19 04:47:37,929 - INFO - Processing /viper/ptmp/arego/RC4K1/12456.h5
2025-09-19 04:47:37,965 - INFO - Completed /viper/ptmp/arego/RC4K1_1/13656.h5 in 26.95 seconds
2025-09-19 04:47:38,046 - INFO - File 22415: Filtered 29177709 hits and 9 records
2025-09-19 04:47:38,211 - INFO - Processing /viper/ptmp/arego/RC4K1/3907.h5
2025-09-19 04:47:38,306 - INFO - File 11690: Filtered 29967610 hits and 9 records
2025-09-19 04:47:38,360 - INFO - File 12717: Filtered 13981857 hits and 8 records
2025-09-19 04:47:39,019 - INFO - Processing /viper/ptmp/arego/RC4K1/13752.h5
2025-09-19 04:47:39,306 - INFO - File 19554: Filtered 18475330 hits and 8 records
2025-09-19 04:47:39,391 - INFO - Completed /viper/ptmp/arego/RC4K1_1/29898.h5 in 20.65 seconds
2025-09-19 04:47:39,762 - INFO - Completed /viper/ptmp/arego/RC4K1_1/29928.h5 in 29.88 seconds
2025-09-19 04:47:39,946 - INFO - File 17671: Filtered 43693780 hits and 9 records
2025-09-19 04:47:40,448 - INFO - Processing /viper/ptmp/arego/RC4K1/23409.h5
2025-09-19 04:47:40,508 - INFO - File 23748: Filtered 29113103 hits and 8 records
2025-09-19 04:47:40,761 - INFO - File 24313: Filtered 22707926 hits and 8 records
2025-09-19 04:47:40,960 - INFO - Completed /viper/ptmp/arego/RC4K1_1/13435.h5 in 17.17 seconds
2025-09-19 04:47:41,125 - INFO - Processing /viper/ptmp/arego/RC4K1/25677.h5
2025-09-19 04:47:41,666 - INFO - Processing /viper/ptmp/arego/RC4K1/653.h5
2025-09-19 04:47:42,192 - INFO - Completed /viper/ptmp/arego/RC4K1_1/16471.h5 in 22.89 seconds
2025-09-19 04:47:42,627 - INFO - File 18577: Filtered 25561042 hits and 5 records
2025-09-19 04:47:42,824 - INFO - File 23553: Filtered 17648136 hits and 7 records
2025-09-19 04:47:42,933 - INFO - Processing /viper/ptmp/arego/RC4K1/4593.h5
2025-09-19 04:47:43,082 - INFO - Completed /viper/ptmp/arego/RC4K1_1/968.h5 in 27.50 seconds
2025-09-19 04:47:43,424 - INFO - Completed /viper/ptmp/arego/RC4K1_1/8169.h5 in 98.27 seconds
2025-09-19 04:47:43,507 - INFO - Completed /viper/ptmp/arego/RC4K1_1/25051.h5 in 27.43 seconds
2025-09-19 04:47:43,792 - INFO - Completed /viper/ptmp/arego/RC4K1_1/17671.h5 in 16.50 seconds
2025-09-19 04:47:43,936 - INFO - File 25407: Filtered 17483035 hits and 8 records
2025-09-19 04:47:44,147 - INFO - Processing /viper/ptmp/arego/RC4K1/11174.h5
2025-09-19 04:47:44,807 - INFO - Processing /viper/ptmp/arego/RC4K1/14525.h5
2025-09-19 04:47:44,827 - INFO - Processing /viper/ptmp/arego/RC4K1/17210.h5
2025-09-19 04:47:44,853 - INFO - Completed /viper/ptmp/arego/RC4K1_1/9569.h5 in 24.25 seconds
2025-09-19 04:47:44,859 - INFO - Completed /viper/ptmp/arego/RC4K1_1/11690.h5 in 18.11 seconds
2025-09-19 04:47:44,946 - INFO - Completed /viper/ptmp/arego/RC4K1_1/22415.h5 in 21.35 seconds
2025-09-19 04:47:45,924 - INFO - Completed /viper/ptmp/arego/RC4K1_1/8266.h5 in 24.88 seconds
2025-09-19 04:47:45,939 - INFO - Processing /viper/ptmp/arego/RC4K1/17325.h5
2025-09-19 04:47:46,342 - INFO - Processing /viper/ptmp/arego/RC4K1/5459.h5
2025-09-19 04:47:46,388 - INFO - Processing /viper/ptmp/arego/RC4K1/947.h5
2025-09-19 04:47:47,136 - INFO - Processing /viper/ptmp/arego/RC4K1/20730.h5
2025-09-19 04:47:47,240 - INFO - File 27274: Filtered 34256863 hits and 11 records
2025-09-19 04:47:47,247 - INFO - File 11921: Filtered 16110180 hits and 6 records
2025-09-19 04:47:47,865 - ERROR - Error processing /viper/ptmp/arego/RC4K1/23748.h5: low >= high
2025-09-19 04:47:48,238 - INFO - File 27920: Filtered 35512470 hits and 8 records
2025-09-19 04:47:48,311 - INFO - Completed /viper/ptmp/arego/RC4K1_1/7008.h5 in 26.55 seconds
2025-09-19 04:47:48,573 - INFO - Processing /viper/ptmp/arego/RC4K1/7817.h5
2025-09-19 04:47:48,614 - INFO - File 17648: Filtered 30214120 hits and 8 records
2025-09-19 04:47:49,009 - INFO - File 20719: Filtered 28302817 hits and 8 records
2025-09-19 04:47:49,184 - INFO - File 6781: Filtered 28002826 hits and 10 records
2025-09-19 04:47:49,361 - INFO - Processing /viper/ptmp/arego/RC4K1/19983.h5
2025-09-19 04:47:49,559 - INFO - File 12456: Filtered 19868381 hits and 11 records
2025-09-19 04:47:50,229 - INFO - Completed /viper/ptmp/arego/RC4K1_1/24313.h5 in 25.18 seconds
2025-09-19 04:47:50,472 - INFO - Processing /viper/ptmp/arego/RC4K1/25707.h5
2025-09-19 04:47:50,752 - INFO - File 18190: Filtered 16910429 hits and 4 records
2025-09-19 04:47:50,838 - INFO - Completed /viper/ptmp/arego/RC4K1_1/18577.h5 in 23.05 seconds
2025-09-19 04:47:51,276 - INFO - Processing /viper/ptmp/arego/RC4K1/27150.h5
2025-09-19 04:47:51,972 - INFO - Completed /viper/ptmp/arego/RC4K1_1/19554.h5 in 27.00 seconds
2025-09-19 04:47:51,977 - INFO - File 23409: Filtered 25344618 hits and 7 records
2025-09-19 04:47:52,196 - INFO - Processing /viper/ptmp/arego/RC4K1/9577.h5
2025-09-19 04:47:52,524 - INFO - File 7632: Filtered 27667718 hits and 8 records
2025-09-19 04:47:53,406 - INFO - Processing /viper/ptmp/arego/RC4K1/22549.h5
2025-09-19 04:47:53,677 - INFO - Completed /viper/ptmp/arego/RC4K1_1/17648.h5 in 16.72 seconds
2025-09-19 04:47:53,871 - INFO - File 19136: Filtered 32991661 hits and 11 records
2025-09-19 04:47:53,885 - INFO - Completed /viper/ptmp/arego/RC4K1_1/12717.h5 in 30.85 seconds
2025-09-19 04:47:53,929 - INFO - File 653: Filtered 35541947 hits and 7 records
2025-09-19 04:47:54,341 - INFO - Processing /viper/ptmp/arego/RC4K1/25991.h5
2025-09-19 04:47:54,378 - INFO - Completed /viper/ptmp/arego/RC4K1_1/27920.h5 in 18.89 seconds
2025-09-19 04:47:54,740 - INFO - Completed /viper/ptmp/arego/RC4K1_1/23553.h5 in 25.33 seconds
2025-09-19 04:47:55,328 - INFO - File 4593: Filtered 15237465 hits and 5 records
2025-09-19 04:47:55,588 - INFO - Processing /viper/ptmp/arego/RC4K1/16593.h5
2025-09-19 04:47:56,151 - INFO - Processing /viper/ptmp/arego/RC4K1/5236.h5
2025-09-19 04:47:56,170 - INFO - File 3907: Filtered 29204734 hits and 9 records
2025-09-19 04:47:56,312 - INFO - Completed /viper/ptmp/arego/RC4K1_1/27274.h5 in 21.34 seconds
2025-09-19 04:47:56,600 - INFO - Processing /viper/ptmp/arego/RC4K1/27448.h5
2025-09-19 04:47:56,726 - INFO - File 11174: Filtered 28314039 hits and 10 records
2025-09-19 04:47:57,393 - INFO - File 13752: Filtered 16850772 hits and 6 records
2025-09-19 04:47:57,596 - INFO - Completed /viper/ptmp/arego/RC4K1_1/12456.h5 in 19.67 seconds
2025-09-19 04:47:57,681 - INFO - Processing /viper/ptmp/arego/RC4K1/18431.h5
2025-09-19 04:47:58,158 - INFO - Completed /viper/ptmp/arego/RC4K1_1/20719.h5 in 22.59 seconds
2025-09-19 04:47:58,287 - INFO - Processing /viper/ptmp/arego/RC4K1/15545.h5
2025-09-19 04:47:58,656 - INFO - File 25677: Filtered 26146495 hits and 8 records
2025-09-19 04:47:58,981 - INFO - Completed /viper/ptmp/arego/RC4K1_1/25407.h5 in 28.55 seconds
2025-09-19 04:47:59,057 - INFO - File 947: Filtered 40962765 hits and 10 records
2025-09-19 04:47:59,380 - INFO - Processing /viper/ptmp/arego/RC4K1/18933.h5
2025-09-19 04:47:59,632 - INFO - Completed /viper/ptmp/arego/RC4K1_1/6781.h5 in 22.42 seconds
2025-09-19 04:47:59,754 - INFO - File 17210: Filtered 32328791 hits and 9 records
2025-09-19 04:48:00,521 - INFO - Processing /viper/ptmp/arego/RC4K1/8322.h5
2025-09-19 04:48:00,523 - INFO - File 14525: Filtered 25619273 hits and 9 records
2025-09-19 04:48:00,687 - INFO - Processing /viper/ptmp/arego/RC4K1/7541.h5
2025-09-19 04:48:00,793 - INFO - File 20730: Filtered 27314067 hits and 9 records
2025-09-19 04:48:01,070 - INFO - File 17325: Filtered 32568984 hits and 9 records
2025-09-19 04:48:01,198 - INFO - Completed /viper/ptmp/arego/RC4K1_1/11921.h5 in 26.30 seconds
2025-09-19 04:48:01,348 - INFO - Completed /viper/ptmp/arego/RC4K1_1/18190.h5 in 23.68 seconds
2025-09-19 04:48:01,512 - INFO - File 7817: Filtered 34766682 hits and 10 records
2025-09-19 04:48:02,029 - INFO - Completed /viper/ptmp/arego/RC4K1_1/653.h5 in 20.36 seconds
2025-09-19 04:48:02,064 - INFO - Completed /viper/ptmp/arego/RC4K1_1/19136.h5 in 24.80 seconds
2025-09-19 04:48:02,070 - INFO - Completed /viper/ptmp/arego/RC4K1_1/7632.h5 in 25.89 seconds
2025-09-19 04:48:02,158 - INFO - Completed /viper/ptmp/arego/RC4K1_1/23409.h5 in 21.71 seconds
2025-09-19 04:48:02,208 - INFO - File 5459: Filtered 12588541 hits and 6 records
2025-09-19 04:48:02,304 - INFO - Completed /viper/ptmp/arego/RC4K1_1/947.h5 in 15.92 seconds
2025-09-19 04:48:02,379 - INFO - Processing /viper/ptmp/arego/RC4K1/2199.h5
2025-09-19 04:48:02,442 - INFO - Processing /viper/ptmp/arego/RC4K1/4227.h5
2025-09-19 04:48:02,653 - INFO - Processing /viper/ptmp/arego/RC4K1/25909.h5
2025-09-19 04:48:02,773 - INFO - Processing /viper/ptmp/arego/RC4K1/18400.h5
2025-09-19 04:48:02,947 - INFO - Processing /viper/ptmp/arego/RC4K1/22600.h5
2025-09-19 04:48:03,512 - INFO - Processing /viper/ptmp/arego/RC4K1/14391.h5
2025-09-19 04:48:03,747 - INFO - Processing /viper/ptmp/arego/RC4K1/20398.h5
2025-09-19 04:48:04,810 - INFO - File 19983: Filtered 35009990 hits and 10 records
2025-09-19 04:48:05,029 - ERROR - Error processing /viper/ptmp/arego/RC4K1/11174.h5: low >= high
2025-09-19 04:48:05,190 - INFO - File 25707: Filtered 29114369 hits and 8 records
2025-09-19 04:48:05,679 - INFO - Processing /viper/ptmp/arego/RC4K1/14655.h5
2025-09-19 04:48:05,728 - ERROR - Error processing /viper/ptmp/arego/RC4K1/3907.h5: low >= high
2025-09-19 04:48:06,483 - INFO - Processing /viper/ptmp/arego/RC4K1/6373.h5
2025-09-19 04:48:06,845 - INFO - File 27150: Filtered 28427911 hits and 8 records
2025-09-19 04:48:07,388 - INFO - File 25991: Filtered 16554418 hits and 6 records
2025-09-19 04:48:07,426 - ERROR - Error processing /viper/ptmp/arego/RC4K1/7817.h5: low >= high
2025-09-19 04:48:07,489 - INFO - File 9577: Filtered 34399479 hits and 9 records
2025-09-19 04:48:07,852 - INFO - Completed /viper/ptmp/arego/RC4K1_1/17210.h5 in 23.02 seconds
2025-09-19 04:48:07,910 - INFO - Completed /viper/ptmp/arego/RC4K1_1/25677.h5 in 26.78 seconds
2025-09-19 04:48:07,991 - INFO - Processing /viper/ptmp/arego/RC4K1/27026.h5
2025-09-19 04:48:08,041 - INFO - File 22549: Filtered 22601815 hits and 6 records
2025-09-19 04:48:08,190 - INFO - Completed /viper/ptmp/arego/RC4K1_1/17325.h5 in 22.25 seconds
2025-09-19 04:48:08,501 - INFO - Processing /viper/ptmp/arego/RC4K1/7085.h5
2025-09-19 04:48:08,930 - INFO - Processing /viper/ptmp/arego/RC4K1/15950.h5
2025-09-19 04:48:09,017 - INFO - Processing /viper/ptmp/arego/RC4K1/5576.h5
2025-09-19 04:48:09,256 - INFO - Completed /viper/ptmp/arego/RC4K1_1/13752.h5 in 30.24 seconds
2025-09-19 04:48:09,580 - INFO - Completed /viper/ptmp/arego/RC4K1_1/4593.h5 in 26.65 seconds
2025-09-19 04:48:10,177 - INFO - Processing /viper/ptmp/arego/RC4K1/8897.h5
2025-09-19 04:48:10,188 - INFO - Completed /viper/ptmp/arego/RC4K1_1/20730.h5 in 23.05 seconds
2025-09-19 04:48:10,853 - INFO - File 18431: Filtered 26784775 hits and 9 records
2025-09-19 04:48:11,146 - INFO - File 27448: Filtered 30688338 hits and 8 records
2025-09-19 04:48:11,155 - INFO - File 16593: Filtered 18969911 hits and 6 records
2025-09-19 04:48:11,176 - INFO - File 15545: Filtered 22864493 hits and 6 records
2025-09-19 04:48:11,428 - INFO - Processing /viper/ptmp/arego/RC4K1/5152.h5
2025-09-19 04:48:11,572 - INFO - Completed /viper/ptmp/arego/RC4K1_1/19983.h5 in 22.21 seconds
2025-09-19 04:48:11,947 - INFO - File 5236: Filtered 26229819 hits and 6 records
2025-09-19 04:48:12,303 - INFO - Processing /viper/ptmp/arego/RC4K1/23483.h5
2025-09-19 04:48:13,143 - INFO - Processing /viper/ptmp/arego/RC4K1/16686.h5
2025-09-19 04:48:14,034 - INFO - Completed /viper/ptmp/arego/RC4K1_1/14525.h5 in 29.23 seconds
2025-09-19 04:48:14,438 - INFO - File 4227: Filtered 39172937 hits and 11 records
2025-09-19 04:48:14,509 - INFO - Completed /viper/ptmp/arego/RC4K1_1/9577.h5 in 22.31 seconds
2025-09-19 04:48:14,894 - INFO - File 7541: Filtered 42062915 hits and 10 records
2025-09-19 04:48:15,005 - INFO - File 18933: Filtered 22663904 hits and 7 records
2025-09-19 04:48:15,245 - INFO - Processing /viper/ptmp/arego/RC4K1/21008.h5
2025-09-19 04:48:15,429 - INFO - Processing /viper/ptmp/arego/RC4K1/13453.h5
2025-09-19 04:48:15,937 - INFO - Completed /viper/ptmp/arego/RC4K1_1/27150.h5 in 24.66 seconds
2025-09-19 04:48:16,028 - INFO - File 8322: Filtered 24858150 hits and 7 records
2025-09-19 04:48:16,732 - INFO - File 25909: Filtered 20039025 hits and 7 records
2025-09-19 04:48:16,810 - INFO - Processing /viper/ptmp/arego/RC4K1/20418.h5
2025-09-19 04:48:16,892 - INFO - Completed /viper/ptmp/arego/RC4K1_1/25707.h5 in 26.42 seconds
2025-09-19 04:48:18,182 - INFO - Processing /viper/ptmp/arego/RC4K1/4993.h5
2025-09-19 04:48:18,722 - INFO - File 18400: Filtered 26214532 hits and 7 records
2025-09-19 04:48:18,908 - INFO - Completed /viper/ptmp/arego/RC4K1_1/25991.h5 in 24.57 seconds
2025-09-19 04:48:19,053 - INFO - Completed /viper/ptmp/arego/RC4K1_1/4227.h5 in 16.61 seconds
2025-09-19 04:48:19,270 - INFO - Completed /viper/ptmp/arego/RC4K1_1/5459.h5 in 32.93 seconds
2025-09-19 04:48:19,357 - INFO - File 20398: Filtered 33618652 hits and 9 records
2025-09-19 04:48:19,607 - INFO - Completed /viper/ptmp/arego/RC4K1_1/15545.h5 in 21.32 seconds
2025-09-19 04:48:19,644 - INFO - Processing /viper/ptmp/arego/RC4K1/26819.h5
2025-09-19 04:48:20,024 - INFO - File 14655: Filtered 32238561 hits and 9 records
2025-09-19 04:48:20,106 - INFO - Processing /viper/ptmp/arego/RC4K1/11950.h5
2025-09-19 04:48:20,185 - INFO - Completed /viper/ptmp/arego/RC4K1_1/7541.h5 in 19.50 seconds
2025-09-19 04:48:20,474 - INFO - Processing /viper/ptmp/arego/RC4K1/18405.h5
2025-09-19 04:48:20,644 - INFO - File 2199: Filtered 8313759 hits and 5 records
2025-09-19 04:48:20,655 - INFO - Processing /viper/ptmp/arego/RC4K1/595.h5
2025-09-19 04:48:20,923 - INFO - File 22600: Filtered 31620619 hits and 7 records
2025-09-19 04:48:21,000 - INFO - Completed /viper/ptmp/arego/RC4K1_1/5236.h5 in 24.85 seconds
2025-09-19 04:48:21,115 - INFO - Processing /viper/ptmp/arego/RC4K1/2258.h5
2025-09-19 04:48:21,287 - INFO - File 14391: Filtered 21923813 hits and 9 records
2025-09-19 04:48:21,589 - INFO - File 27026: Filtered 43088502 hits and 9 records
2025-09-19 04:48:21,926 - INFO - Completed /viper/ptmp/arego/RC4K1_1/22549.h5 in 28.52 seconds
2025-09-19 04:48:21,955 - INFO - Completed /viper/ptmp/arego/RC4K1_1/27448.h5 in 25.35 seconds
2025-09-19 04:48:22,099 - INFO - File 15950: Filtered 37332135 hits and 10 records
2025-09-19 04:48:22,484 - INFO - Processing /viper/ptmp/arego/RC4K1/17207.h5
2025-09-19 04:48:22,859 - INFO - File 6373: Filtered 26117147 hits and 9 records
2025-09-19 04:48:23,276 - INFO - Processing /viper/ptmp/arego/RC4K1/12792.h5
2025-09-19 04:48:23,849 - INFO - Processing /viper/ptmp/arego/RC4K1/1635.h5
2025-09-19 04:48:23,893 - INFO - Completed /viper/ptmp/arego/RC4K1_1/18431.h5 in 26.21 seconds
2025-09-19 04:48:24,723 - INFO - Completed /viper/ptmp/arego/RC4K1_1/18933.h5 in 25.34 seconds
2025-09-19 04:48:25,466 - INFO - Processing /viper/ptmp/arego/RC4K1/25507.h5
2025-09-19 04:48:25,936 - INFO - File 7085: Filtered 24935398 hits and 8 records
2025-09-19 04:48:26,038 - INFO - Completed /viper/ptmp/arego/RC4K1_1/27026.h5 in 18.05 seconds
2025-09-19 04:48:26,530 - INFO - Processing /viper/ptmp/arego/RC4K1/967.h5
2025-09-19 04:48:26,565 - INFO - Processing /viper/ptmp/arego/RC4K1/2074.h5
2025-09-19 04:48:26,585 - INFO - File 5576: Filtered 40511638 hits and 10 records
2025-09-19 04:48:26,797 - INFO - Completed /viper/ptmp/arego/RC4K1_1/20398.h5 in 23.05 seconds
2025-09-19 04:48:26,959 - INFO - File 5152: Filtered 23686206 hits and 6 records
2025-09-19 04:48:27,375 - INFO - Completed /viper/ptmp/arego/RC4K1_1/16593.h5 in 31.79 seconds
2025-09-19 04:48:27,731 - INFO - Processing /viper/ptmp/arego/RC4K1/15850.h5
2025-09-19 04:48:28,142 - INFO - Completed /viper/ptmp/arego/RC4K1_1/14655.h5 in 22.46 seconds
2025-09-19 04:48:28,236 - INFO - File 8897: Filtered 23963830 hits and 11 records
2025-09-19 04:48:28,394 - INFO - Completed /viper/ptmp/arego/RC4K1_1/8322.h5 in 27.87 seconds
2025-09-19 04:48:28,468 - INFO - Completed /viper/ptmp/arego/RC4K1_1/15950.h5 in 19.54 seconds
2025-09-19 04:48:28,682 - INFO - File 13453: Filtered 29052384 hits and 9 records
2025-09-19 04:48:28,774 - INFO - Processing /viper/ptmp/arego/RC4K1/15781.h5
2025-09-19 04:48:29,077 - INFO - Processing /viper/ptmp/arego/RC4K1/7164.h5
2025-09-19 04:48:29,392 - INFO - Completed /viper/ptmp/arego/RC4K1_1/18400.h5 in 26.62 seconds
2025-09-19 04:48:29,696 - INFO - Processing /viper/ptmp/arego/RC4K1/10076.h5
2025-09-19 04:48:29,734 - INFO - Processing /viper/ptmp/arego/RC4K1/19217.h5
2025-09-19 04:48:29,868 - INFO - Completed /viper/ptmp/arego/RC4K1_1/22600.h5 in 26.92 seconds
2025-09-19 04:48:30,003 - INFO - File 23483: Filtered 27016439 hits and 9 records
2025-09-19 04:48:30,642 - INFO - Processing /viper/ptmp/arego/RC4K1/21610.h5
2025-09-19 04:48:31,389 - INFO - File 16686: Filtered 19848961 hits and 7 records
2025-09-19 04:48:31,463 - INFO - Processing /viper/ptmp/arego/RC4K1/3373.h5
2025-09-19 04:48:31,508 - INFO - Completed /viper/ptmp/arego/RC4K1_1/25909.h5 in 28.86 seconds
2025-09-19 04:48:32,770 - INFO - File 21008: Filtered 31376455 hits and 11 records
2025-09-19 04:48:33,048 - INFO - Processing /viper/ptmp/arego/RC4K1/14339.h5
2025-09-19 04:48:33,476 - INFO - Completed /viper/ptmp/arego/RC4K1_1/5576.h5 in 24.46 seconds
2025-09-19 04:48:33,899 - INFO - File 4993: Filtered 38352433 hits and 6 records
2025-09-19 04:48:34,072 - INFO - Processing /viper/ptmp/arego/RC4K1/16469.h5
2025-09-19 04:48:34,981 - INFO - File 595: Filtered 32658278 hits and 10 records
2025-09-19 04:48:34,991 - INFO - File 20418: Filtered 32900518 hits and 9 records
2025-09-19 04:48:35,044 - INFO - File 11950: Filtered 26905965 hits and 10 records
2025-09-19 04:48:35,222 - INFO - Completed /viper/ptmp/arego/RC4K1_1/6373.h5 in 28.74 seconds
2025-09-19 04:48:35,264 - INFO - Completed /viper/ptmp/arego/RC4K1_1/14391.h5 in 31.75 seconds
2025-09-19 04:48:35,746 - INFO - File 2258: Filtered 30995163 hits and 6 records
2025-09-19 04:48:36,183 - INFO - Processing /viper/ptmp/arego/RC4K1/18661.h5
2025-09-19 04:48:36,780 - INFO - Processing /viper/ptmp/arego/RC4K1/15699.h5
2025-09-19 04:48:36,910 - INFO - Completed /viper/ptmp/arego/RC4K1_1/2199.h5 in 34.53 seconds
2025-09-19 04:48:37,296 - INFO - Completed /viper/ptmp/arego/RC4K1_1/7085.h5 in 28.79 seconds
2025-09-19 04:48:38,104 - INFO - Processing /viper/ptmp/arego/RC4K1/108.h5
2025-09-19 04:48:38,794 - INFO - Processing /viper/ptmp/arego/RC4K1/1253.h5
2025-09-19 04:48:39,290 - INFO - File 12792: Filtered 23643032 hits and 7 records
2025-09-19 04:48:39,697 - INFO - Completed /viper/ptmp/arego/RC4K1_1/5152.h5 in 28.27 seconds
2025-09-19 04:48:39,774 - INFO - Completed /viper/ptmp/arego/RC4K1_1/8897.h5 in 29.60 seconds
2025-09-19 04:48:39,874 - INFO - File 1635: Filtered 23410009 hits and 8 records
2025-09-19 04:48:40,161 - INFO - File 17207: Filtered 16000943 hits and 5 records
2025-09-19 04:48:40,174 - INFO - File 18405: Filtered 16112323 hits and 7 records
2025-09-19 04:48:40,459 - INFO - Completed /viper/ptmp/arego/RC4K1_1/4993.h5 in 22.28 seconds
2025-09-19 04:48:40,784 - INFO - Processing /viper/ptmp/arego/RC4K1/12543.h5
2025-09-19 04:48:40,919 - INFO - Processing /viper/ptmp/arego/RC4K1/4569.h5
2025-09-19 04:48:41,183 - INFO - Completed /viper/ptmp/arego/RC4K1_1/23483.h5 in 28.88 seconds
2025-09-19 04:48:41,458 - INFO - Processing /viper/ptmp/arego/RC4K1/28736.h5
2025-09-19 04:48:41,594 - INFO - File 25507: Filtered 39284154 hits and 10 records
2025-09-19 04:48:41,778 - INFO - Completed /viper/ptmp/arego/RC4K1_1/21008.h5 in 26.53 seconds
2025-09-19 04:48:42,146 - INFO - Completed /viper/ptmp/arego/RC4K1_1/595.h5 in 21.49 seconds
2025-09-19 04:48:42,294 - INFO - Processing /viper/ptmp/arego/RC4K1/12743.h5
2025-09-19 04:48:42,383 - INFO - Completed /viper/ptmp/arego/RC4K1_1/13453.h5 in 26.95 seconds
2025-09-19 04:48:42,666 - INFO - File 2074: Filtered 20412318 hits and 9 records
2025-09-19 04:48:42,730 - INFO - Processing /viper/ptmp/arego/RC4K1/14578.h5
2025-09-19 04:48:42,821 - INFO - File 967: Filtered 21050049 hits and 7 records
2025-09-19 04:48:42,985 - INFO - Processing /viper/ptmp/arego/RC4K1/2614.h5
2025-09-19 04:48:43,072 - INFO - Completed /viper/ptmp/arego/RC4K1_1/20418.h5 in 26.26 seconds
2025-09-19 04:48:43,773 - INFO - Processing /viper/ptmp/arego/RC4K1/8923.h5
2025-09-19 04:48:44,084 - INFO - Processing /viper/ptmp/arego/RC4K1/20320.h5
2025-09-19 04:48:44,156 - INFO - Completed /viper/ptmp/arego/RC4K1_1/16686.h5 in 31.01 seconds
2025-09-19 04:48:44,314 - INFO - File 7164: Filtered 28007278 hits and 9 records
2025-09-19 04:48:44,525 - INFO - Completed /viper/ptmp/arego/RC4K1_1/11950.h5 in 24.42 seconds
2025-09-19 04:48:45,142 - INFO - Processing /viper/ptmp/arego/RC4K1/5906.h5
2025-09-19 04:48:45,212 - INFO - File 21610: Filtered 34129785 hits and 8 records
2025-09-19 04:48:45,386 - INFO - Processing /viper/ptmp/arego/RC4K1/1891.h5
2025-09-19 04:48:46,096 - INFO - File 15850: Filtered 42766746 hits and 10 records
2025-09-19 04:48:47,159 - INFO - Completed /viper/ptmp/arego/RC4K1_1/2258.h5 in 26.04 seconds
2025-09-19 04:48:47,761 - INFO - File 15781: Filtered 32252408 hits and 7 records
2025-09-19 04:48:48,347 - INFO - File 10076: Filtered 22439579 hits and 7 records
2025-09-19 04:48:48,694 - INFO - Processing /viper/ptmp/arego/RC4K1/18043.h5
2025-09-19 04:48:48,843 - INFO - File 19217: Filtered 22596911 hits and 9 records
2025-09-19 04:48:48,858 - INFO - File 3373: Filtered 52130830 hits and 7 records
2025-09-19 04:48:50,139 - INFO - File 14339: Filtered 33754209 hits and 10 records
2025-09-19 04:48:50,838 - INFO - File 16469: Filtered 41944237 hits and 9 records
2025-09-19 04:48:50,885 - INFO - Completed /viper/ptmp/arego/RC4K1_1/3373.h5 in 19.42 seconds
2025-09-19 04:48:51,277 - INFO - Processing /viper/ptmp/arego/RC4K1/13312.h5
2025-09-19 04:48:51,790 - INFO - Completed /viper/ptmp/arego/RC4K1_1/25507.h5 in 26.32 seconds
2025-09-19 04:48:51,998 - ERROR - Error processing /viper/ptmp/arego/RC4K1/15850.h5: low >= high
2025-09-19 04:48:52,506 - INFO - Processing /viper/ptmp/arego/RC4K1/12621.h5
2025-09-19 04:48:52,623 - INFO - Completed /viper/ptmp/arego/RC4K1_1/17207.h5 in 30.14 seconds
2025-09-19 04:48:52,689 - INFO - Processing /viper/ptmp/arego/RC4K1/9449.h5
2025-09-19 04:48:54,186 - INFO - Completed /viper/ptmp/arego/RC4K1_1/967.h5 in 27.66 seconds
2025-09-19 04:48:54,626 - INFO - Processing /viper/ptmp/arego/RC4K1/8278.h5
2025-09-19 04:48:55,519 - INFO - File 18661: Filtered 30610995 hits and 9 records
2025-09-19 04:48:55,649 - INFO - Completed /viper/ptmp/arego/RC4K1_1/2074.h5 in 29.08 seconds
2025-09-19 04:48:55,741 - INFO - File 108: Filtered 41213228 hits and 9 records
2025-09-19 04:48:55,742 - INFO - Completed /viper/ptmp/arego/RC4K1_1/12792.h5 in 32.47 seconds
2025-09-19 04:48:56,086 - INFO - File 15699: Filtered 49974190 hits and 12 records
2025-09-19 04:48:56,191 - INFO - Completed /viper/ptmp/arego/RC4K1_1/7164.h5 in 27.11 seconds
2025-09-19 04:48:56,349 - INFO - Processing /viper/ptmp/arego/RC4K1/10183.h5
2025-09-19 04:48:56,379 - INFO - Completed /viper/ptmp/arego/RC4K1_1/21610.h5 in 25.74 seconds
2025-09-19 04:48:56,685 - INFO - Processing /viper/ptmp/arego/RC4K1/10918.h5
2025-09-19 04:48:56,887 - INFO - Processing /viper/ptmp/arego/RC4K1/25937.h5
2025-09-19 04:48:56,994 - INFO - Completed /viper/ptmp/arego/RC4K1_1/1635.h5 in 33.14 seconds
2025-09-19 04:48:57,187 - INFO - File 1253: Filtered 19025941 hits and 7 records
2025-09-19 04:48:57,605 - INFO - File 14578: Filtered 16869525 hits and 9 records
2025-09-19 04:48:57,724 - INFO - Completed /viper/ptmp/arego/RC4K1_1/15781.h5 in 28.95 seconds
2025-09-19 04:48:57,845 - INFO - Processing /viper/ptmp/arego/RC4K1/10663.h5
2025-09-19 04:48:58,290 - INFO - Processing /viper/ptmp/arego/RC4K1/7040.h5
2025-09-19 04:48:58,440 - INFO - File 12743: Filtered 33978888 hits and 10 records
2025-09-19 04:48:58,710 - INFO - Processing /viper/ptmp/arego/RC4K1/11935.h5
2025-09-19 04:48:58,962 - INFO - File 1891: Filtered 35293139 hits and 6 records
2025-09-19 04:48:59,125 - INFO - File 20320: Filtered 15744242 hits and 8 records
2025-09-19 04:48:59,377 - INFO - Processing /viper/ptmp/arego/RC4K1/4771.h5
2025-09-19 04:48:59,735 - INFO - Completed /viper/ptmp/arego/RC4K1_1/10076.h5 in 30.04 seconds
2025-09-19 04:49:00,852 - INFO - File 4569: Filtered 48622513 hits and 8 records
2025-09-19 04:49:00,987 - INFO - Processing /viper/ptmp/arego/RC4K1/770.h5
2025-09-19 04:49:01,109 - INFO - Completed /viper/ptmp/arego/RC4K1_1/16469.h5 in 27.04 seconds
2025-09-19 04:49:01,453 - ERROR - Error processing /viper/ptmp/arego/RC4K1/15699.h5: low >= high
2025-09-19 04:49:01,848 - INFO - File 28736: Filtered 18792765 hits and 5 records
2025-09-19 04:49:02,043 - INFO - Processing /viper/ptmp/arego/RC4K1/10101.h5
2025-09-19 04:49:02,249 - INFO - Completed /viper/ptmp/arego/RC4K1_1/14339.h5 in 29.20 seconds
2025-09-19 04:49:02,741 - INFO - Processing /viper/ptmp/arego/RC4K1/29295.h5
2025-09-19 04:49:02,835 - INFO - Completed /viper/ptmp/arego/RC4K1_1/19217.h5 in 33.10 seconds
2025-09-19 04:49:03,501 - INFO - Processing /viper/ptmp/arego/RC4K1/29380.h5
2025-09-19 04:49:04,476 - INFO - File 18043: Filtered 42606483 hits and 8 records
2025-09-19 04:49:05,243 - INFO - File 2614: Filtered 31273715 hits and 9 records
2025-09-19 04:49:05,304 - INFO - Processing /viper/ptmp/arego/RC4K1/16119.h5
2025-09-19 04:49:05,512 - INFO - Completed /viper/ptmp/arego/RC4K1_1/108.h5 in 27.41 seconds
2025-09-19 04:49:05,957 - INFO - Completed /viper/ptmp/arego/RC4K1_1/1891.h5 in 20.57 seconds
2025-09-19 04:49:06,221 - INFO - Processing /viper/ptmp/arego/RC4K1/22935.h5
2025-09-19 04:49:06,513 - INFO - Processing /viper/ptmp/arego/RC4K1/5537.h5
2025-09-19 04:49:06,572 - ERROR - Error processing /viper/ptmp/arego/RC4K1/12743.h5: low >= high
2025-09-19 04:49:06,603 - INFO - Completed /viper/ptmp/arego/RC4K1_1/4569.h5 in 25.68 seconds
2025-09-19 04:49:07,134 - INFO - Processing /viper/ptmp/arego/RC4K1/13811.h5
2025-09-19 04:49:07,577 - INFO - File 8923: Filtered 19006672 hits and 8 records
2025-09-19 04:49:07,625 - INFO - File 12621: Filtered 40976645 hits and 11 records
2025-09-19 04:49:07,702 - INFO - Processing /viper/ptmp/arego/RC4K1/8567.h5
2025-09-19 04:49:08,088 - INFO - File 5906: Filtered 34457116 hits and 8 records
2025-09-19 04:49:08,091 - INFO - Completed /viper/ptmp/arego/RC4K1_1/18661.h5 in 31.91 seconds
2025-09-19 04:49:08,504 - INFO - File 13312: Filtered 34725142 hits and 10 records
2025-09-19 04:49:09,085 - INFO - Completed /viper/ptmp/arego/RC4K1_1/18405.h5 in 48.61 seconds
2025-09-19 04:49:09,240 - INFO - Processing /viper/ptmp/arego/RC4K1/17844.h5
2025-09-19 04:49:10,008 - INFO - Completed /viper/ptmp/arego/RC4K1_1/14578.h5 in 27.28 seconds
2025-09-19 04:49:11,037 - INFO - Processing /viper/ptmp/arego/RC4K1/15646.h5
2025-09-19 04:49:11,322 - INFO - Processing /viper/ptmp/arego/RC4K1/11135.h5
2025-09-19 04:49:11,531 - INFO - File 9449: Filtered 22305856 hits and 7 records
2025-09-19 04:49:11,604 - INFO - Completed /viper/ptmp/arego/RC4K1_1/1253.h5 in 32.81 seconds
2025-09-19 04:49:12,946 - INFO - File 10918: Filtered 48356392 hits and 11 records
2025-09-19 04:49:12,983 - INFO - Processing /viper/ptmp/arego/RC4K1/23067.h5
2025-09-19 04:49:13,963 - INFO - Completed /viper/ptmp/arego/RC4K1_1/18043.h5 in 25.27 seconds
2025-09-19 04:49:14,442 - INFO - File 7040: Filtered 49787564 hits and 10 records
2025-09-19 04:49:15,313 - INFO - Processing /viper/ptmp/arego/RC4K1/18112.h5
2025-09-19 04:49:15,551 - INFO - File 25937: Filtered 44141247 hits and 10 records
2025-09-19 04:49:15,812 - INFO - Completed /viper/ptmp/arego/RC4K1_1/20320.h5 in 31.73 seconds
2025-09-19 04:49:15,878 - INFO - File 10663: Filtered 26810582 hits and 6 records
2025-09-19 04:49:15,976 - INFO - Completed /viper/ptmp/arego/RC4K1_1/28736.h5 in 34.52 seconds
2025-09-19 04:49:17,755 - INFO - Processing /viper/ptmp/arego/RC4K1/17457.h5
2025-09-19 04:49:17,806 - INFO - Processing /viper/ptmp/arego/RC4K1/13875.h5
2025-09-19 04:49:17,872 - INFO - Completed /viper/ptmp/arego/RC4K1_1/2614.h5 in 34.89 seconds
2025-09-19 04:49:17,885 - INFO - Completed /viper/ptmp/arego/RC4K1_1/12621.h5 in 25.38 seconds
2025-09-19 04:49:18,352 - INFO - Completed /viper/ptmp/arego/RC4K1_1/10918.h5 in 21.67 seconds
2025-09-19 04:49:18,479 - INFO - File 29380: Filtered 32632165 hits and 5 records
2025-09-19 04:49:18,572 - INFO - File 770: Filtered 43394330 hits and 10 records
2025-09-19 04:49:18,606 - INFO - File 10183: Filtered 47092183 hits and 8 records
2025-09-19 04:49:18,816 - INFO - Processing /viper/ptmp/arego/RC4K1/11303.h5
2025-09-19 04:49:18,926 - INFO - File 29295: Filtered 32843069 hits and 5 records
2025-09-19 04:49:19,166 - INFO - Processing /viper/ptmp/arego/RC4K1/114.h5
2025-09-19 04:49:19,426 - INFO - Processing /viper/ptmp/arego/RC4K1/14229.h5
2025-09-19 04:49:19,701 - INFO - File 8278: Filtered 39141016 hits and 8 records
2025-09-19 04:49:19,921 - INFO - Completed /viper/ptmp/arego/RC4K1_1/5906.h5 in 34.78 seconds
2025-09-19 04:49:20,403 - INFO - File 11935: Filtered 14672848 hits and 3 records
2025-09-19 04:49:20,450 - INFO - File 4771: Filtered 35175260 hits and 6 records
2025-09-19 04:49:20,475 - INFO - Completed /viper/ptmp/arego/RC4K1_1/13312.h5 in 29.20 seconds
2025-09-19 04:49:20,747 - INFO - File 10101: Filtered 28754464 hits and 6 records
2025-09-19 04:49:21,034 - INFO - Completed /viper/ptmp/arego/RC4K1_1/7040.h5 in 22.74 seconds
2025-09-19 04:49:21,332 - INFO - Processing /viper/ptmp/arego/RC4K1/16788.h5
2025-09-19 04:49:21,664 - INFO - Processing /viper/ptmp/arego/RC4K1/26395.h5
2025-09-19 04:49:21,681 - INFO - Processing /viper/ptmp/arego/RC4K1/18398.h5
2025-09-19 04:49:23,098 - INFO - File 12543: Filtered 48670772 hits and 8 records
2025-09-19 04:49:23,321 - INFO - File 8567: Filtered 25856268 hits and 9 records
2025-09-19 04:49:23,491 - INFO - Completed /viper/ptmp/arego/RC4K1_1/25937.h5 in 26.60 seconds
2025-09-19 04:49:23,615 - INFO - File 5537: Filtered 29784373 hits and 8 records
2025-09-19 04:49:24,270 - INFO - Processing /viper/ptmp/arego/RC4K1/4909.h5
2025-09-19 04:49:24,768 - INFO - Completed /viper/ptmp/arego/RC4K1_1/10183.h5 in 28.42 seconds
2025-09-19 04:49:25,300 - ERROR - Error processing /viper/ptmp/arego/RC4K1/770.h5: low >= high
2025-09-19 04:49:25,319 - INFO - Processing /viper/ptmp/arego/RC4K1/12537.h5
2025-09-19 04:49:25,781 - INFO - Completed /viper/ptmp/arego/RC4K1_1/8923.h5 in 42.01 seconds
2025-09-19 04:49:25,918 - INFO - File 16119: Filtered 21273987 hits and 10 records
2025-09-19 04:49:26,501 - INFO - File 11135: Filtered 39904256 hits and 7 records
2025-09-19 04:49:26,768 - INFO - Processing /viper/ptmp/arego/RC4K1/16201.h5
2025-09-19 04:49:27,118 - INFO - Processing /viper/ptmp/arego/RC4K1/11244.h5
2025-09-19 04:49:27,351 - INFO - File 15646: Filtered 35557481 hits and 9 records
2025-09-19 04:49:27,563 - INFO - File 22935: Filtered 50652712 hits and 9 records
2025-09-19 04:49:28,454 - INFO - Completed /viper/ptmp/arego/RC4K1_1/8278.h5 in 33.83 seconds
2025-09-19 04:49:29,186 - INFO - File 13811: Filtered 28777065 hits and 6 records
2025-09-19 04:49:29,789 - INFO - Processing /viper/ptmp/arego/RC4K1/9699.h5
2025-09-19 04:49:30,057 - INFO - File 17844: Filtered 35883472 hits and 8 records
2025-09-19 04:49:30,222 - INFO - File 23067: Filtered 19434734 hits and 7 records
2025-09-19 04:49:32,383 - INFO - Completed /viper/ptmp/arego/RC4K1_1/9449.h5 in 39.69 seconds
2025-09-19 04:49:32,849 - INFO - File 18112: Filtered 27531187 hits and 9 records
2025-09-19 04:49:33,068 - INFO - Completed /viper/ptmp/arego/RC4K1_1/10663.h5 in 35.22 seconds
2025-09-19 04:49:33,394 - INFO - Completed /viper/ptmp/arego/RC4K1_1/4771.h5 in 34.02 seconds
2025-09-19 04:49:34,200 - INFO - Completed /viper/ptmp/arego/RC4K1_1/29380.h5 in 30.70 seconds
2025-09-19 04:49:34,283 - INFO - Processing /viper/ptmp/arego/RC4K1/23770.h5
2025-09-19 04:49:34,410 - INFO - Processing /viper/ptmp/arego/RC4K1/5520.h5
2025-09-19 04:49:34,758 - INFO - Completed /viper/ptmp/arego/RC4K1_1/22935.h5 in 28.54 seconds
2025-09-19 04:49:34,937 - ERROR - Error processing /viper/ptmp/arego/RC4K1/5537.h5: low >= high
2025-09-19 04:49:35,453 - INFO - File 13875: Filtered 25597024 hits and 7 records
2025-09-19 04:49:35,522 - INFO - Processing /viper/ptmp/arego/RC4K1/17387.h5
2025-09-19 04:49:35,525 - INFO - Processing /viper/ptmp/arego/RC4K1/27341.h5
2025-09-19 04:49:35,753 - INFO - Completed /viper/ptmp/arego/RC4K1_1/15646.h5 in 24.72 seconds
2025-09-19 04:49:35,789 - INFO - Completed /viper/ptmp/arego/RC4K1_1/8567.h5 in 28.09 seconds
2025-09-19 04:49:35,809 - INFO - Processing /viper/ptmp/arego/RC4K1/19074.h5
2025-09-19 04:49:36,025 - INFO - Processing /viper/ptmp/arego/RC4K1/20392.h5
2025-09-19 04:49:36,467 - INFO - Completed /viper/ptmp/arego/RC4K1_1/11135.h5 in 25.14 seconds
2025-09-19 04:49:36,882 - INFO - Processing /viper/ptmp/arego/RC4K1/6615.h5
2025-09-19 04:49:36,905 - INFO - Processing /viper/ptmp/arego/RC4K1/13196.h5
2025-09-19 04:49:37,164 - INFO - File 11303: Filtered 45300015 hits and 10 records
2025-09-19 04:49:37,233 - INFO - File 14229: Filtered 42617689 hits and 8 records
2025-09-19 04:49:37,291 - INFO - Processing /viper/ptmp/arego/RC4K1/7139.h5
2025-09-19 04:49:37,919 - INFO - Completed /viper/ptmp/arego/RC4K1_1/29295.h5 in 35.18 seconds
2025-09-19 04:49:38,050 - INFO - File 114: Filtered 39487498 hits and 6 records
2025-09-19 04:49:38,277 - INFO - File 17457: Filtered 39076772 hits and 11 records
2025-09-19 04:49:38,929 - INFO - Processing /viper/ptmp/arego/RC4K1/8002.h5
2025-09-19 04:49:39,520 - INFO - File 26819: Filtered 3852024 hits and 6 records
2025-09-19 04:49:39,804 - INFO - File 26395: Filtered 22057441 hits and 7 records
2025-09-19 04:49:41,039 - INFO - File 18398: Filtered 37910599 hits and 9 records
2025-09-19 04:49:41,289 - INFO - File 16788: Filtered 42049522 hits and 11 records
2025-09-19 04:49:41,612 - INFO - Completed /viper/ptmp/arego/RC4K1_1/10101.h5 in 39.57 seconds
2025-09-19 04:49:42,170 - INFO - Completed /viper/ptmp/arego/RC4K1_1/17844.h5 in 32.93 seconds
2025-09-19 04:49:42,741 - INFO - Processing /viper/ptmp/arego/RC4K1/11186.h5
2025-09-19 04:49:42,744 - INFO - Completed /viper/ptmp/arego/RC4K1_1/11935.h5 in 44.03 seconds
2025-09-19 04:49:43,506 - INFO - Processing /viper/ptmp/arego/RC4K1/19213.h5
2025-09-19 04:49:43,593 - INFO - Completed /viper/ptmp/arego/RC4K1_1/13811.h5 in 36.46 seconds
2025-09-19 04:49:44,768 - INFO - Processing /viper/ptmp/arego/RC4K1/10357.h5
2025-09-19 04:49:44,932 - INFO - Processing /viper/ptmp/arego/RC4K1/2927.h5
2025-09-19 04:49:45,268 - INFO - Completed /viper/ptmp/arego/RC4K1_1/14229.h5 in 25.84 seconds
2025-09-19 04:49:45,459 - INFO - Completed /viper/ptmp/arego/RC4K1_1/16119.h5 in 40.15 seconds
2025-09-19 04:49:45,620 - INFO - File 12537: Filtered 40646577 hits and 6 records
2025-09-19 04:49:46,384 - INFO - Processing /viper/ptmp/arego/RC4K1/2360.h5
2025-09-19 04:49:46,494 - INFO - Completed /viper/ptmp/arego/RC4K1_1/11303.h5 in 27.68 seconds
2025-09-19 04:49:46,509 - INFO - Completed /viper/ptmp/arego/RC4K1_1/18112.h5 in 31.20 seconds
2025-09-19 04:49:46,586 - INFO - File 16201: Filtered 38853740 hits and 9 records
2025-09-19 04:49:46,807 - INFO - Completed /viper/ptmp/arego/RC4K1_1/23067.h5 in 33.82 seconds
2025-09-19 04:49:47,165 - INFO - Processing /viper/ptmp/arego/RC4K1/28728.h5
2025-09-19 04:49:47,933 - INFO - Processing /viper/ptmp/arego/RC4K1/24072.h5
2025-09-19 04:49:48,290 - INFO - Processing /viper/ptmp/arego/RC4K1/26070.h5
2025-09-19 04:49:48,454 - INFO - Completed /viper/ptmp/arego/RC4K1_1/114.h5 in 29.29 seconds
2025-09-19 04:49:49,221 - INFO - File 11244: Filtered 30782270 hits and 5 records
2025-09-19 04:49:49,305 - INFO - Completed /viper/ptmp/arego/RC4K1_1/17457.h5 in 31.55 seconds
2025-09-19 04:49:49,511 - INFO - Processing /viper/ptmp/arego/RC4K1/15013.h5
2025-09-19 04:49:49,770 - INFO - Processing /viper/ptmp/arego/RC4K1/17198.h5
2025-09-19 04:49:50,293 - INFO - Processing /viper/ptmp/arego/RC4K1/10327.h5
2025-09-19 04:49:51,122 - INFO - Completed /viper/ptmp/arego/RC4K1_1/16788.h5 in 29.79 seconds
2025-09-19 04:49:51,195 - INFO - Completed /viper/ptmp/arego/RC4K1_1/13875.h5 in 33.39 seconds
2025-09-19 04:49:51,579 - INFO - Completed /viper/ptmp/arego/RC4K1_1/12543.h5 in 70.79 seconds
2025-09-19 04:49:52,511 - INFO - File 9699: Filtered 26513820 hits and 9 records
2025-09-19 04:49:52,593 - INFO - Processing /viper/ptmp/arego/RC4K1/18677.h5
2025-09-19 04:49:53,276 - INFO - File 13196: Filtered 34056642 hits and 6 records
2025-09-19 04:49:53,617 - INFO - Processing /viper/ptmp/arego/RC4K1/7269.h5
2025-09-19 04:49:54,022 - INFO - Completed /viper/ptmp/arego/RC4K1_1/18398.h5 in 32.34 seconds
2025-09-19 04:49:54,829 - INFO - Processing /viper/ptmp/arego/RC4K1/26848.h5
2025-09-19 04:49:55,184 - INFO - File 19074: Filtered 25346750 hits and 9 records
2025-09-19 04:49:55,249 - INFO - Processing /viper/ptmp/arego/RC4K1/3410.h5
2025-09-19 04:49:55,631 - INFO - File 5520: Filtered 18220445 hits and 8 records
2025-09-19 04:49:56,173 - INFO - Completed /viper/ptmp/arego/RC4K1_1/12537.h5 in 30.85 seconds
2025-09-19 04:49:56,197 - INFO - File 17387: Filtered 44963256 hits and 10 records
2025-09-19 04:49:56,464 - INFO - File 23770: Filtered 25257426 hits and 5 records
2025-09-19 04:49:56,930 - INFO - File 6615: Filtered 31221100 hits and 8 records
2025-09-19 04:49:57,097 - INFO - Processing /viper/ptmp/arego/RC4K1/51.h5
2025-09-19 04:49:59,053 - INFO - File 20392: Filtered 20358510 hits and 8 records
2025-09-19 04:49:59,176 - INFO - File 7139: Filtered 33777099 hits and 11 records
2025-09-19 04:49:59,817 - INFO - File 8002: Filtered 74510230 hits and 10 records
2025-09-19 04:50:00,864 - INFO - Completed /viper/ptmp/arego/RC4K1_1/8002.h5 in 21.93 seconds
2025-09-19 04:50:01,353 - ERROR - Error processing /viper/ptmp/arego/RC4K1/26395.h5: low >= high
2025-09-19 04:50:01,486 - INFO - Processing /viper/ptmp/arego/RC4K1/18458.h5
2025-09-19 04:50:02,186 - INFO - File 4909: Filtered 2552679 hits and 9 records
2025-09-19 04:50:03,134 - INFO - Completed /viper/ptmp/arego/RC4K1_1/16201.h5 in 36.37 seconds
2025-09-19 04:50:03,262 - INFO - Processing /viper/ptmp/arego/RC4K1/16980.h5
2025-09-19 04:50:04,216 - INFO - Completed /viper/ptmp/arego/RC4K1_1/11244.h5 in 37.10 seconds
2025-09-19 04:50:04,835 - INFO - Processing /viper/ptmp/arego/RC4K1/29428.h5
2025-09-19 04:50:05,000 - INFO - Completed /viper/ptmp/arego/RC4K1_1/13196.h5 in 28.09 seconds
2025-09-19 04:50:06,054 - INFO - Processing /viper/ptmp/arego/RC4K1/29406.h5
2025-09-19 04:50:06,319 - INFO - File 28728: Filtered 49421090 hits and 11 records
2025-09-19 04:50:06,692 - INFO - Completed /viper/ptmp/arego/RC4K1_1/9699.h5 in 36.90 seconds
2025-09-19 04:50:07,021 - INFO - File 11186: Filtered 31981498 hits and 6 records
2025-09-19 04:50:07,287 - INFO - Processing /viper/ptmp/arego/RC4K1/13922.h5
2025-09-19 04:50:07,747 - INFO - File 27341: Filtered 16368837 hits and 7 records
2025-09-19 04:50:08,152 - INFO - Processing /viper/ptmp/arego/RC4K1/6980.h5
2025-09-19 04:50:08,416 - INFO - File 19213: Filtered 27448396 hits and 8 records
2025-09-19 04:50:08,629 - INFO - Completed /viper/ptmp/arego/RC4K1_1/17387.h5 in 33.11 seconds
2025-09-19 04:50:09,741 - INFO - Processing /viper/ptmp/arego/RC4K1/19868.h5
2025-09-19 04:50:10,239 - INFO - Completed /viper/ptmp/arego/RC4K1_1/19074.h5 in 34.43 seconds
2025-09-19 04:50:10,326 - INFO - File 2927: Filtered 40750246 hits and 6 records
2025-09-19 04:50:10,360 - INFO - File 2360: Filtered 39051945 hits and 10 records
2025-09-19 04:50:10,643 - INFO - File 10357: Filtered 28437031 hits and 6 records
2025-09-19 04:50:10,837 - INFO - File 17198: Filtered 35283733 hits and 10 records
2025-09-19 04:50:10,955 - INFO - File 26070: Filtered 37458958 hits and 8 records
2025-09-19 04:50:11,188 - INFO - Processing /viper/ptmp/arego/RC4K1/14160.h5
2025-09-19 04:50:11,198 - INFO - File 10327: Filtered 34219768 hits and 9 records
2025-09-19 04:50:11,793 - INFO - File 24072: Filtered 44637388 hits and 9 records
2025-09-19 04:50:12,033 - INFO - Completed /viper/ptmp/arego/RC4K1_1/6615.h5 in 35.15 seconds
2025-09-19 04:50:13,542 - INFO - File 15013: Filtered 43027557 hits and 9 records
2025-09-19 04:50:13,700 - INFO - File 18677: Filtered 48533919 hits and 10 records
2025-09-19 04:50:13,832 - INFO - Processing /viper/ptmp/arego/RC4K1/18599.h5
2025-09-19 04:50:13,833 - INFO - File 26848: Filtered 28367274 hits and 6 records
2025-09-19 04:50:14,427 - INFO - File 7269: Filtered 58531317 hits and 7 records
2025-09-19 04:50:16,471 - INFO - Completed /viper/ptmp/arego/RC4K1_1/28728.h5 in 29.31 seconds
2025-09-19 04:50:16,849 - INFO - File 3410: Filtered 36479754 hits and 9 records
2025-09-19 04:50:17,206 - INFO - Processing /viper/ptmp/arego/RC4K1/17304.h5
2025-09-19 04:50:18,345 - INFO - File 51: Filtered 31268462 hits and 6 records
2025-09-19 04:50:18,598 - INFO - Completed /viper/ptmp/arego/RC4K1_1/5520.h5 in 44.19 seconds
2025-09-19 04:50:18,632 - INFO - Completed /viper/ptmp/arego/RC4K1_1/23770.h5 in 44.35 seconds
2025-09-19 04:50:19,952 - INFO - Processing /viper/ptmp/arego/RC4K1/24198.h5
2025-09-19 04:50:20,505 - INFO - Completed /viper/ptmp/arego/RC4K1_1/7269.h5 in 26.89 seconds
2025-09-19 04:50:21,011 - INFO - Processing /viper/ptmp/arego/RC4K1/29299.h5
2025-09-19 04:50:21,085 - INFO - Processing /viper/ptmp/arego/RC4K1/27700.h5
2025-09-19 04:50:22,502 - INFO - Completed /viper/ptmp/arego/RC4K1_1/11186.h5 in 39.76 seconds
2025-09-19 04:50:22,788 - INFO - File 18458: Filtered 77477892 hits and 11 records
2025-09-19 04:50:22,993 - INFO - Completed /viper/ptmp/arego/RC4K1_1/2360.h5 in 36.61 seconds
2025-09-19 04:50:23,033 - INFO - Completed /viper/ptmp/arego/RC4K1_1/18677.h5 in 30.44 seconds
2025-09-19 04:50:23,666 - INFO - Completed /viper/ptmp/arego/RC4K1_1/7139.h5 in 46.38 seconds
2025-09-19 04:50:23,913 - INFO - Processing /viper/ptmp/arego/RC4K1/2795.h5
2025-09-19 04:50:24,211 - INFO - Processing /viper/ptmp/arego/RC4K1/19034.h5
2025-09-19 04:50:24,535 - INFO - Processing /viper/ptmp/arego/RC4K1/22519.h5
2025-09-19 04:50:24,866 - INFO - Completed /viper/ptmp/arego/RC4K1_1/19213.h5 in 41.36 seconds
2025-09-19 04:50:25,050 - ERROR - Error processing /viper/ptmp/arego/RC4K1/18458.h5: low >= high
2025-09-19 04:50:25,375 - INFO - Processing /viper/ptmp/arego/RC4K1/20122.h5
2025-09-19 04:50:25,847 - INFO - Completed /viper/ptmp/arego/RC4K1_1/2927.h5 in 40.92 seconds
2025-09-19 04:50:25,893 - INFO - Completed /viper/ptmp/arego/RC4K1_1/17198.h5 in 36.12 seconds
2025-09-19 04:50:25,940 - INFO - Processing /viper/ptmp/arego/RC4K1/9233.h5
2025-09-19 04:50:26,092 - INFO - File 16980: Filtered 42028039 hits and 6 records
2025-09-19 04:50:26,284 - INFO - Processing /viper/ptmp/arego/RC4K1/28820.h5
2025-09-19 04:50:26,429 - INFO - Completed /viper/ptmp/arego/RC4K1_1/20392.h5 in 50.40 seconds
2025-09-19 04:50:27,056 - INFO - Completed /viper/ptmp/arego/RC4K1_1/24072.h5 in 39.12 seconds
2025-09-19 04:50:27,278 - INFO - Processing /viper/ptmp/arego/RC4K1/15970.h5
2025-09-19 04:50:27,545 - INFO - Processing /viper/ptmp/arego/RC4K1/7750.h5
2025-09-19 04:50:27,749 - INFO - Completed /viper/ptmp/arego/RC4K1_1/26070.h5 in 39.46 seconds
2025-09-19 04:50:28,098 - ERROR - Error processing /viper/ptmp/arego/RC4K1/15013.h5: low >= high
2025-09-19 04:50:28,335 - INFO - Completed /viper/ptmp/arego/RC4K1_1/10357.h5 in 43.57 seconds
2025-09-19 04:50:28,454 - INFO - Processing /viper/ptmp/arego/RC4K1/17765.h5
2025-09-19 04:50:28,974 - INFO - Completed /viper/ptmp/arego/RC4K1_1/26848.h5 in 34.15 seconds
2025-09-19 04:50:29,176 - INFO - Processing /viper/ptmp/arego/RC4K1/4658.h5
2025-09-19 04:50:29,427 - INFO - File 19868: Filtered 31786511 hits and 8 records
2025-09-19 04:50:29,448 - INFO - Processing /viper/ptmp/arego/RC4K1/6129.h5
2025-09-19 04:50:29,483 - INFO - Processing /viper/ptmp/arego/RC4K1/28330.h5
2025-09-19 04:50:30,043 - INFO - Processing /viper/ptmp/arego/RC4K1/17968.h5
2025-09-19 04:50:30,349 - INFO - Processing /viper/ptmp/arego/RC4K1/28531.h5
2025-09-19 04:50:30,736 - INFO - File 29406: Filtered 41251448 hits and 9 records
2025-09-19 04:50:30,827 - INFO - Completed /viper/ptmp/arego/RC4K1_1/10327.h5 in 40.53 seconds
2025-09-19 04:50:31,566 - INFO - File 13922: Filtered 54214658 hits and 9 records
2025-09-19 04:50:31,626 - INFO - File 14160: Filtered 30724005 hits and 6 records
2025-09-19 04:50:32,200 - INFO - Processing /viper/ptmp/arego/RC4K1/10569.h5
2025-09-19 04:50:32,220 - INFO - Completed /viper/ptmp/arego/RC4K1_1/3410.h5 in 36.97 seconds
2025-09-19 04:50:32,872 - INFO - File 6980: Filtered 43153908 hits and 9 records
2025-09-19 04:50:33,614 - INFO - File 29428: Filtered 3359919 hits and 6 records
2025-09-19 04:50:33,650 - INFO - Processing /viper/ptmp/arego/RC4K1/23580.h5
2025-09-19 04:50:34,546 - INFO - File 18599: Filtered 33561468 hits and 9 records
2025-09-19 04:50:36,159 - INFO - Completed /viper/ptmp/arego/RC4K1_1/51.h5 in 39.06 seconds
2025-09-19 04:50:37,560 - INFO - Processing /viper/ptmp/arego/RC4K1/3393.h5
2025-09-19 04:50:39,823 - INFO - File 17304: Filtered 37095251 hits and 9 records
2025-09-19 04:50:41,343 - INFO - Completed /viper/ptmp/arego/RC4K1_1/13922.h5 in 34.06 seconds
2025-09-19 04:50:42,444 - INFO - Processing /viper/ptmp/arego/RC4K1/20221.h5
2025-09-19 04:50:42,800 - INFO - Completed /viper/ptmp/arego/RC4K1_1/16980.h5 in 39.54 seconds
2025-09-19 04:50:44,012 - INFO - Completed /viper/ptmp/arego/RC4K1_1/29406.h5 in 37.96 seconds
2025-09-19 04:50:44,985 - INFO - Processing /viper/ptmp/arego/RC4K1/522.h5
2025-09-19 04:50:45,338 - INFO - Processing /viper/ptmp/arego/RC4K1/1738.h5
2025-09-19 04:50:45,345 - INFO - File 24198: Filtered 97785973 hits and 8 records
2025-09-19 04:50:45,482 - INFO - Completed /viper/ptmp/arego/RC4K1_1/19868.h5 in 35.74 seconds
2025-09-19 04:50:45,608 - INFO - Completed /viper/ptmp/arego/RC4K1_1/6980.h5 in 37.46 seconds
2025-09-19 04:50:45,854 - INFO - File 29299: Filtered 45337771 hits and 9 records
2025-09-19 04:50:46,449 - INFO - Completed /viper/ptmp/arego/RC4K1_1/27341.h5 in 70.92 seconds
2025-09-19 04:50:46,763 - INFO - Completed /viper/ptmp/arego/RC4K1_1/24198.h5 in 26.81 seconds
2025-09-19 04:50:46,902 - INFO - File 22519: Filtered 37260254 hits and 9 records
2025-09-19 04:50:47,123 - INFO - Processing /viper/ptmp/arego/RC4K1/19032.h5
2025-09-19 04:50:48,040 - INFO - Completed /viper/ptmp/arego/RC4K1_1/14160.h5 in 36.85 seconds
2025-09-19 04:50:48,193 - INFO - Processing /viper/ptmp/arego/RC4K1/7391.h5
2025-09-19 04:50:48,956 - INFO - File 19034: Filtered 44236073 hits and 9 records
2025-09-19 04:50:49,024 - INFO - File 27700: Filtered 30815699 hits and 10 records
2025-09-19 04:50:49,157 - INFO - Processing /viper/ptmp/arego/RC4K1/12652.h5
2025-09-19 04:50:49,652 - INFO - File 7750: Filtered 46895220 hits and 9 records
2025-09-19 04:50:49,788 - ERROR - Error processing /viper/ptmp/arego/RC4K1/18599.h5: low >= high
2025-09-19 04:50:50,695 - INFO - File 20122: Filtered 53372912 hits and 10 records
2025-09-19 04:50:51,166 - INFO - Processing /viper/ptmp/arego/RC4K1/19864.h5
2025-09-19 04:50:52,258 - INFO - File 28820: Filtered 41766943 hits and 7 records
2025-09-19 04:50:52,785 - INFO - File 28531: Filtered 38499981 hits and 9 records
2025-09-19 04:50:54,813 - INFO - File 15970: Filtered 52138390 hits and 11 records
2025-09-19 04:50:55,217 - INFO - File 6129: Filtered 30232003 hits and 7 records
2025-09-19 04:50:55,907 - INFO - File 9233: Filtered 53667092 hits and 9 records
2025-09-19 04:50:56,013 - ERROR - Error processing /viper/ptmp/arego/RC4K1/4909.h5: low >= high
2025-09-19 04:50:56,241 - INFO - File 28330: Filtered 47350146 hits and 9 records
2025-09-19 04:50:56,539 - INFO - File 17765: Filtered 66618456 hits and 7 records
2025-09-19 04:50:57,517 - INFO - Completed /viper/ptmp/arego/RC4K1_1/17304.h5 in 40.31 seconds
2025-09-19 04:50:58,087 - INFO - File 4658: Filtered 69786077 hits and 11 records
2025-09-19 04:50:59,835 - INFO - File 10569: Filtered 65437076 hits and 11 records
2025-09-19 04:51:00,164 - INFO - File 3393: Filtered 47941666 hits and 10 records
2025-09-19 04:51:00,853 - INFO - File 17968: Filtered 30020360 hits and 9 records
2025-09-19 04:51:02,792 - INFO - Processing /viper/ptmp/arego/RC4K1/23908.h5
2025-09-19 04:51:04,412 - INFO - Completed /viper/ptmp/arego/RC4K1_1/22519.h5 in 39.88 seconds
2025-09-19 04:51:04,829 - INFO - File 20221: Filtered 53795153 hits and 11 records
2025-09-19 04:51:05,050 - INFO - Completed /viper/ptmp/arego/RC4K1_1/29299.h5 in 44.04 seconds
2025-09-19 04:51:05,268 - INFO - Completed /viper/ptmp/arego/RC4K1_1/20122.h5 in 39.89 seconds
2025-09-19 04:51:06,010 - INFO - Completed /viper/ptmp/arego/RC4K1_1/19034.h5 in 41.80 seconds
2025-09-19 04:51:06,479 - INFO - Processing /viper/ptmp/arego/RC4K1/27577.h5
2025-09-19 04:51:06,804 - INFO - Completed /viper/ptmp/arego/RC4K1_1/7750.h5 in 39.26 seconds
2025-09-19 04:51:06,904 - INFO - Processing /viper/ptmp/arego/RC4K1/12015.h5
2025-09-19 04:51:07,341 - INFO - File 23580: Filtered 105022110 hits and 12 records
2025-09-19 04:51:07,857 - INFO - Completed /viper/ptmp/arego/RC4K1_1/15970.h5 in 40.58 seconds
2025-09-19 04:51:07,935 - INFO - Completed /viper/ptmp/arego/RC4K1_1/17765.h5 in 39.48 seconds
2025-09-19 04:51:08,372 - INFO - File 522: Filtered 56679402 hits and 9 records
2025-09-19 04:51:08,956 - INFO - File 1738: Filtered 26330868 hits and 5 records
2025-09-19 04:51:09,045 - INFO - Processing /viper/ptmp/arego/RC4K1/7703.h5
2025-09-19 04:51:10,197 - INFO - Completed /viper/ptmp/arego/RC4K1_1/9233.h5 in 44.26 seconds
2025-09-19 04:51:10,298 - INFO - Completed /viper/ptmp/arego/RC4K1_1/28531.h5 in 39.95 seconds
2025-09-19 04:51:10,303 - INFO - Completed /viper/ptmp/arego/RC4K1_1/4658.h5 in 41.13 seconds
2025-09-19 04:51:11,376 - INFO - File 12652: Filtered 46981150 hits and 10 records
2025-09-19 04:51:11,715 - INFO - Processing /viper/ptmp/arego/RC4K1/2737.h5
2025-09-19 04:51:12,203 - INFO - Completed /viper/ptmp/arego/RC4K1_1/28330.h5 in 42.72 seconds
2025-09-19 04:51:12,906 - INFO - Completed /viper/ptmp/arego/RC4K1_1/28820.h5 in 46.62 seconds
2025-09-19 04:51:13,075 - INFO - Completed /viper/ptmp/arego/RC4K1_1/3393.h5 in 35.52 seconds
2025-09-19 04:51:13,218 - INFO - Completed /viper/ptmp/arego/RC4K1_1/10569.h5 in 41.02 seconds
2025-09-19 04:51:13,251 - INFO - Completed /viper/ptmp/arego/RC4K1_1/27700.h5 in 52.17 seconds
2025-09-19 04:51:13,339 - INFO - File 19864: Filtered 31013228 hits and 4 records
2025-09-19 04:51:13,528 - INFO - Processing /viper/ptmp/arego/RC4K1/182.h5
2025-09-19 04:51:14,685 - INFO - Processing /viper/ptmp/arego/RC4K1/10233.h5
2025-09-19 04:51:15,195 - ERROR - Error processing /viper/ptmp/arego/RC4K1/23580.h5: low >= high
2025-09-19 04:51:15,507 - ERROR - Error processing /viper/ptmp/arego/RC4K1/20221.h5: low >= high
2025-09-19 04:51:15,877 - INFO - Completed /viper/ptmp/arego/RC4K1_1/26819.h5 in 176.23 seconds
2025-09-19 04:51:17,329 - INFO - Completed /viper/ptmp/arego/RC4K1_1/29428.h5 in 72.49 seconds
2025-09-19 04:51:19,390 - INFO - File 19032: Filtered 50153590 hits and 7 records
2025-09-19 04:51:19,820 - INFO - Completed /viper/ptmp/arego/RC4K1_1/522.h5 in 34.83 seconds
2025-09-19 04:51:20,260 - INFO - Completed /viper/ptmp/arego/RC4K1_1/6129.h5 in 50.81 seconds
2025-09-19 04:51:21,491 - INFO - Processing /viper/ptmp/arego/RC4K1/19684.h5
2025-09-19 04:51:22,252 - INFO - File 7391: Filtered 50492431 hits and 10 records
2025-09-19 04:51:22,522 - INFO - Processing /viper/ptmp/arego/RC4K1/28089.h5
2025-09-19 04:51:22,615 - INFO - Completed /viper/ptmp/arego/RC4K1_1/12652.h5 in 33.46 seconds
2025-09-19 04:51:23,583 - INFO - Processing /viper/ptmp/arego/RC4K1/11655.h5
2025-09-19 04:51:24,179 - INFO - File 2795: Filtered 38974609 hits and 8 records
2025-09-19 04:51:28,256 - INFO - Completed /viper/ptmp/arego/RC4K1_1/1738.h5 in 42.92 seconds
2025-09-19 04:51:28,333 - INFO - File 23908: Filtered 53787055 hits and 6 records
2025-09-19 04:51:29,056 - INFO - Completed /viper/ptmp/arego/RC4K1_1/19864.h5 in 37.89 seconds
2025-09-19 04:51:29,429 - INFO - Completed /viper/ptmp/arego/RC4K1_1/17968.h5 in 59.39 seconds
2025-09-19 04:51:30,533 - INFO - Processing /viper/ptmp/arego/RC4K1/8948.h5
2025-09-19 04:51:32,871 - INFO - File 12015: Filtered 39431458 hits and 7 records
2025-09-19 04:51:36,110 - INFO - File 7703: Filtered 38177261 hits and 11 records
2025-09-19 04:51:38,460 - INFO - Completed /viper/ptmp/arego/RC4K1_1/19032.h5 in 51.34 seconds
2025-09-19 04:51:42,514 - INFO - File 182: Filtered 45952408 hits and 6 records
2025-09-19 04:51:45,766 - INFO - Completed /viper/ptmp/arego/RC4K1_1/7391.h5 in 57.57 seconds
2025-09-19 04:51:46,597 - INFO - Completed /viper/ptmp/arego/RC4K1_1/23908.h5 in 43.80 seconds
2025-09-19 04:51:48,114 - INFO - Processing /viper/ptmp/arego/RC4K1/21066.h5
2025-09-19 04:51:48,440 - INFO - File 27577: Filtered 34305380 hits and 4 records
2025-09-19 04:51:50,194 - INFO - File 11655: Filtered 38694951 hits and 11 records
2025-09-19 04:51:51,214 - INFO - File 19684: Filtered 40703025 hits and 10 records
2025-09-19 04:51:52,673 - INFO - File 28089: Filtered 103084366 hits and 7 records
2025-09-19 04:51:53,479 - INFO - Completed /viper/ptmp/arego/RC4K1_1/28089.h5 in 30.96 seconds
2025-09-19 04:51:53,891 - INFO - Processing /viper/ptmp/arego/RC4K1/26471.h5
2025-09-19 04:51:54,161 - INFO - File 2737: Filtered 64331863 hits and 8 records
2025-09-19 04:51:55,845 - INFO - File 8948: Filtered 37841803 hits and 6 records
2025-09-19 04:51:57,497 - INFO - Completed /viper/ptmp/arego/RC4K1_1/12015.h5 in 50.59 seconds
2025-09-19 04:51:59,514 - INFO - Processing /viper/ptmp/arego/RC4K1/19514.h5
2025-09-19 04:52:02,543 - INFO - Completed /viper/ptmp/arego/RC4K1_1/7703.h5 in 53.50 seconds
2025-09-19 04:52:05,070 - INFO - Processing /viper/ptmp/arego/RC4K1/3660.h5
2025-09-19 04:52:06,048 - INFO - Completed /viper/ptmp/arego/RC4K1_1/182.h5 in 52.52 seconds
2025-09-19 04:52:08,185 - INFO - Completed /viper/ptmp/arego/RC4K1_1/11655.h5 in 44.60 seconds
2025-09-19 04:52:08,232 - INFO - Processing /viper/ptmp/arego/RC4K1/16789.h5
2025-09-19 04:52:09,677 - INFO - Processing /viper/ptmp/arego/RC4K1/1760.h5
2025-09-19 04:52:11,462 - INFO - Completed /viper/ptmp/arego/RC4K1_1/8948.h5 in 40.93 seconds
2025-09-19 04:52:11,771 - INFO - Completed /viper/ptmp/arego/RC4K1_1/19684.h5 in 50.28 seconds
2025-09-19 04:52:12,765 - INFO - Processing /viper/ptmp/arego/RC4K1/28377.h5
2025-09-19 04:52:14,075 - INFO - Processing /viper/ptmp/arego/RC4K1/21943.h5
2025-09-19 04:52:16,564 - INFO - File 21066: Filtered 34809118 hits and 6 records
2025-09-19 04:52:17,187 - INFO - File 10233: Filtered 75822060 hits and 6 records
2025-09-19 04:52:21,236 - INFO - Completed /viper/ptmp/arego/RC4K1_1/2795.h5 in 117.32 seconds
2025-09-19 04:52:21,676 - INFO - File 26471: Filtered 37602872 hits and 7 records
2025-09-19 04:52:25,023 - INFO - Completed /viper/ptmp/arego/RC4K1_1/27577.h5 in 78.54 seconds
2025-09-19 04:52:25,305 - INFO - Completed /viper/ptmp/arego/RC4K1_1/2737.h5 in 73.59 seconds
2025-09-19 04:52:32,014 - INFO - File 19514: Filtered 16119178 hits and 4 records
2025-09-19 04:52:36,820 - INFO - File 3660: Filtered 24113921 hits and 7 records
2025-09-19 04:52:37,907 - INFO - File 16789: Filtered 70079972 hits and 9 records
2025-09-19 04:52:41,021 - INFO - File 1760: Filtered 39150368 hits and 6 records
2025-09-19 04:52:46,329 - INFO - File 28377: Filtered 51258838 hits and 9 records
2025-09-19 04:52:49,310 - INFO - File 21943: Filtered 50713019 hits and 8 records
2025-09-19 04:52:49,587 - INFO - Completed /viper/ptmp/arego/RC4K1_1/21066.h5 in 61.47 seconds
2025-09-19 04:52:52,484 - INFO - Completed /viper/ptmp/arego/RC4K1_1/16789.h5 in 44.25 seconds
2025-09-19 04:52:53,603 - INFO - Completed /viper/ptmp/arego/RC4K1_1/26471.h5 in 59.71 seconds
2025-09-19 04:53:05,224 - INFO - Completed /viper/ptmp/arego/RC4K1_1/3660.h5 in 60.15 seconds
2025-09-19 04:53:05,941 - INFO - Completed /viper/ptmp/arego/RC4K1_1/19514.h5 in 66.43 seconds
2025-09-19 04:53:07,124 - INFO - Completed /viper/ptmp/arego/RC4K1_1/1760.h5 in 57.45 seconds
2025-09-19 04:53:09,926 - INFO - Completed /viper/ptmp/arego/RC4K1_1/28377.h5 in 57.16 seconds
2025-09-19 04:53:13,135 - INFO - Completed /viper/ptmp/arego/RC4K1_1/10233.h5 in 118.45 seconds
2025-09-19 04:53:14,713 - INFO - Completed /viper/ptmp/arego/RC4K1_1/21943.h5 in 60.64 seconds
