2025-09-19 08:15:55,517 - INFO - Loaded skip configuration: 0 files to skip entirely, 21186 files with partial record skips
2025-09-19 08:15:55,519 - INFO - Loaded skip configuration: 0 files to skip entirely, 21186 files with partial record skips
2025-09-19 08:15:55,960 - INFO - Processing /viper/ptmp/arego/Red_T_7K_1/10283.h5
2025-09-19 08:15:55,969 - INFO - Processing /viper/ptmp/arego/Red_T_7K_1/10766.h5
2025-09-19 08:15:56,135 - INFO - Processing /viper/ptmp/arego/Red_T_7K_1/9455.h5
2025-09-19 08:15:56,142 - INFO - Processing /viper/ptmp/arego/Red_T_7K_1/5886.h5
2025-09-19 08:15:56,305 - INFO - Processing /viper/ptmp/arego/Red_T_7K_1/4880.h5
2025-09-19 08:15:56,312 - INFO - Processing /viper/ptmp/arego/Red_T_7K_1/8114.h5
2025-09-19 08:15:56,389 - INFO - File 10283: Filtered 157982 hits and 3 records
2025-09-19 08:15:56,396 - INFO - File 9455: Filtered 37829 hits and 1 records
2025-09-19 08:15:56,401 - INFO - File 5886: Filtered 128713 hits and 3 records
2025-09-19 08:15:56,402 - INFO - File 10766: Filtered 117152 hits and 3 records
2025-09-19 08:15:56,520 - INFO - Processing /viper/ptmp/arego/Red_T_7K_1/10414.h5
2025-09-19 08:15:56,531 - INFO - Processing /viper/ptmp/arego/Red_T_7K_1/18858.h5
2025-09-19 08:15:56,548 - INFO - File 4880: Filtered 182414 hits and 4 records
2025-09-19 08:15:56,562 - INFO - File 8114: Filtered 122270 hits and 2 records
2025-09-19 08:15:56,715 - INFO - Processing /viper/ptmp/arego/Red_T_7K_1/11526.h5
2025-09-19 08:15:56,722 - INFO - Processing /viper/ptmp/arego/Red_T_7K_1/16898.h5
2025-09-19 08:15:56,768 - INFO - File 10414: Filtered 71675 hits and 2 records
2025-09-19 08:15:56,772 - INFO - File 18858: Filtered 182215 hits and 4 records
2025-09-19 08:15:56,926 - INFO - Processing /viper/ptmp/arego/Red_T_7K_1/8073.h5
2025-09-19 08:15:56,934 - INFO - Processing /viper/ptmp/arego/Red_T_7K_1/13779.h5
2025-09-19 08:15:56,955 - INFO - File 11526: Filtered 202898 hits and 4 records
2025-09-19 08:15:56,967 - INFO - File 16898: Filtered 174685 hits and 4 records
2025-09-19 08:15:57,071 - INFO - Completed /viper/ptmp/arego/Red_T_7K_1_EN_100/5886.h5 in 0.93 seconds
2025-09-19 08:15:57,128 - INFO - Processing /viper/ptmp/arego/Red_T_7K_1/3162.h5
2025-09-19 08:15:57,133 - INFO - Processing /viper/ptmp/arego/Red_T_7K_1/5219.h5
2025-09-19 08:15:57,160 - INFO - Completed /viper/ptmp/arego/Red_T_7K_1_EN_100/10766.h5 in 1.19 seconds
2025-09-19 08:15:57,163 - INFO - Completed /viper/ptmp/arego/Red_T_7K_1_EN_100/10283.h5 in 1.20 seconds
2025-09-19 08:15:57,178 - INFO - File 13779: Filtered 149847 hits and 4 records
2025-09-19 08:15:57,193 - INFO - File 8073: Filtered 18981 hits and 1 records
2025-09-19 08:15:57,200 - INFO - Completed /viper/ptmp/arego/Red_T_7K_1_EN_100/4880.h5 in 0.89 seconds
2025-09-19 08:15:57,333 - INFO - Processing /viper/ptmp/arego/Red_T_7K_1/18885.h5
2025-09-19 08:15:57,357 - INFO - Processing /viper/ptmp/arego/Red_T_7K_1/18444.h5
2025-09-19 08:15:57,389 - INFO - File 3162: Filtered 83099 hits and 1 records
2025-09-19 08:15:57,410 - INFO - File 5219: Filtered 55529 hits and 1 records
2025-09-19 08:15:57,491 - INFO - Completed /viper/ptmp/arego/Red_T_7K_1_EN_100/11526.h5 in 0.78 seconds
2025-09-19 08:15:57,521 - INFO - Completed /viper/ptmp/arego/Red_T_7K_1_EN_100/10414.h5 in 1.00 seconds
2025-09-19 08:15:57,529 - INFO - Processing /viper/ptmp/arego/Red_T_7K_1/17063.h5
2025-09-19 08:15:57,551 - INFO - Processing /viper/ptmp/arego/Red_T_7K_1/16017.h5
2025-09-19 08:15:57,592 - INFO - File 18444: Filtered 132063 hits and 3 records
2025-09-19 08:15:57,603 - INFO - File 18885: Filtered 379578 hits and 7 records
2025-09-19 08:15:57,739 - INFO - File 17063: Filtered 190499 hits and 4 records
2025-09-19 08:15:57,740 - INFO - Processing /viper/ptmp/arego/Red_T_7K_1/10971.h5
2025-09-19 08:15:57,759 - INFO - Processing /viper/ptmp/arego/Red_T_7K_1/3026.h5
2025-09-19 08:15:57,769 - INFO - File 16017: Filtered 273964 hits and 6 records
2025-09-19 08:15:57,930 - INFO - Processing /viper/ptmp/arego/Red_T_7K_1/5613.h5
2025-09-19 08:15:57,947 - INFO - Completed /viper/ptmp/arego/Red_T_7K_1_EN_100/18858.h5 in 1.42 seconds
2025-09-19 08:15:57,966 - INFO - File 10971: Filtered 248113 hits and 5 records
2025-09-19 08:15:57,993 - INFO - Completed /viper/ptmp/arego/Red_T_7K_1_EN_100/8114.h5 in 1.68 seconds
2025-09-19 08:15:58,004 - INFO - Completed /viper/ptmp/arego/Red_T_7K_1_EN_100/9455.h5 in 1.87 seconds
2025-09-19 08:15:58,046 - INFO - Processing /viper/ptmp/arego/Red_T_7K_1/23311.h5
2025-09-19 08:15:58,047 - INFO - File 3026: Filtered 201503 hits and 2 records
2025-09-19 08:15:58,129 - INFO - Completed /viper/ptmp/arego/Red_T_7K_1_EN_100/5219.h5 in 1.00 seconds
2025-09-19 08:15:58,145 - INFO - File 5613: Filtered 132426 hits and 3 records
2025-09-19 08:15:58,159 - INFO - Processing /viper/ptmp/arego/Red_T_7K_1/10958.h5
2025-09-19 08:15:58,251 - INFO - Completed /viper/ptmp/arego/Red_T_7K_1_EN_100/16898.h5 in 1.53 seconds
2025-09-19 08:15:58,267 - INFO - Completed /viper/ptmp/arego/Red_T_7K_1_EN_100/18885.h5 in 0.93 seconds
2025-09-19 08:15:58,290 - INFO - File 23311: Filtered 149647 hits and 3 records
2025-09-19 08:15:58,292 - INFO - Processing /viper/ptmp/arego/Red_T_7K_1/527.h5
2025-09-19 08:15:58,399 - INFO - Processing /viper/ptmp/arego/Red_T_7K_1/22729.h5
2025-09-19 08:15:58,407 - INFO - File 10958: Filtered 138875 hits and 4 records
2025-09-19 08:15:58,489 - INFO - Processing /viper/ptmp/arego/Red_T_7K_1/9335.h5
2025-09-19 08:15:58,499 - INFO - File 527: Filtered 191816 hits and 3 records
2025-09-19 08:15:58,560 - INFO - Completed /viper/ptmp/arego/Red_T_7K_1_EN_100/16017.h5 in 1.01 seconds
2025-09-19 08:15:58,594 - INFO - Completed /viper/ptmp/arego/Red_T_7K_1_EN_100/3162.h5 in 1.47 seconds
2025-09-19 08:15:58,620 - INFO - File 22729: Filtered 255863 hits and 5 records
2025-09-19 08:15:58,668 - INFO - Processing /viper/ptmp/arego/Red_T_7K_1/9309.h5
2025-09-19 08:15:58,673 - INFO - Processing /viper/ptmp/arego/Red_T_7K_1/13429.h5
2025-09-19 08:15:58,723 - INFO - File 9335: Filtered 166606 hits and 3 records
2025-09-19 08:15:58,850 - INFO - Completed /viper/ptmp/arego/Red_T_7K_1_EN_100/8073.h5 in 1.92 seconds
2025-09-19 08:15:58,853 - INFO - Completed /viper/ptmp/arego/Red_T_7K_1_EN_100/18444.h5 in 1.50 seconds
2025-09-19 08:15:58,855 - INFO - Completed /viper/ptmp/arego/Red_T_7K_1_EN_100/13779.h5 in 1.92 seconds
2025-09-19 08:15:58,884 - INFO - Processing /viper/ptmp/arego/Red_T_7K_1/22766.h5
2025-09-19 08:15:58,906 - INFO - File 9309: Filtered 74944 hits and 2 records
2025-09-19 08:15:58,914 - INFO - File 13429: Filtered 210449 hits and 3 records
2025-09-19 08:15:58,948 - INFO - Processing /viper/ptmp/arego/Red_T_7K_1/4787.h5
2025-09-19 08:15:59,010 - INFO - Completed /viper/ptmp/arego/Red_T_7K_1_EN_100/17063.h5 in 1.48 seconds
2025-09-19 08:15:59,078 - INFO - Completed /viper/ptmp/arego/Red_T_7K_1_EN_100/23311.h5 in 1.03 seconds
2025-09-19 08:15:59,085 - INFO - Processing /viper/ptmp/arego/Red_T_7K_1/5332.h5
2025-09-19 08:15:59,119 - INFO - File 22766: Filtered 106320 hits and 2 records
2025-09-19 08:15:59,162 - INFO - Processing /viper/ptmp/arego/Red_T_7K_1/9652.h5
2025-09-19 08:15:59,183 - INFO - File 4787: Filtered 367713 hits and 4 records
2025-09-19 08:15:59,251 - INFO - Completed /viper/ptmp/arego/Red_T_7K_1_EN_100/10958.h5 in 1.09 seconds
2025-09-19 08:15:59,282 - INFO - Completed /viper/ptmp/arego/Red_T_7K_1_EN_100/3026.h5 in 1.52 seconds
2025-09-19 08:15:59,302 - INFO - Processing /viper/ptmp/arego/Red_T_7K_1/1043.h5
2025-09-19 08:15:59,302 - INFO - Completed /viper/ptmp/arego/Red_T_7K_1_EN_100/10971.h5 in 1.56 seconds
2025-09-19 08:15:59,341 - INFO - File 5332: Filtered 212188 hits and 4 records
2025-09-19 08:15:59,348 - INFO - Processing /viper/ptmp/arego/Red_T_7K_1/20995.h5
2025-09-19 08:15:59,393 - INFO - File 9652: Filtered 120329 hits and 3 records
2025-09-19 08:15:59,513 - INFO - Processing /viper/ptmp/arego/Red_T_7K_1/20960.h5
2025-09-19 08:15:59,532 - INFO - File 1043: Filtered 357918 hits and 3 records
2025-09-19 08:15:59,574 - INFO - Processing /viper/ptmp/arego/Red_T_7K_1/3523.h5
2025-09-19 08:15:59,594 - INFO - File 20995: Filtered 450383 hits and 5 records
2025-09-19 08:15:59,670 - INFO - Completed /viper/ptmp/arego/Red_T_7K_1_EN_100/527.h5 in 1.38 seconds
2025-09-19 08:15:59,715 - INFO - Processing /viper/ptmp/arego/Red_T_7K_1/8656.h5
2025-09-19 08:15:59,753 - INFO - File 20960: Filtered 269501 hits and 5 records
2025-09-19 08:15:59,786 - INFO - Processing /viper/ptmp/arego/Red_T_7K_1/9819.h5
2025-09-19 08:15:59,806 - INFO - Completed /viper/ptmp/arego/Red_T_7K_1_EN_100/5613.h5 in 1.88 seconds
2025-09-19 08:15:59,866 - INFO - File 3523: Filtered 370585 hits and 6 records
2025-09-19 08:15:59,893 - INFO - Processing /viper/ptmp/arego/Red_T_7K_1/9832.h5
2025-09-19 08:15:59,937 - INFO - Completed /viper/ptmp/arego/Red_T_7K_1_EN_100/4787.h5 in 0.99 seconds
2025-09-19 08:15:59,967 - INFO - Processing /viper/ptmp/arego/Red_T_7K_1/19132.h5
2025-09-19 08:16:00,008 - INFO - File 8656: Filtered 99392 hits and 3 records
2025-09-19 08:16:00,049 - INFO - File 9819: Filtered 278570 hits and 4 records
2025-09-19 08:16:00,154 - INFO - File 9832: Filtered 44410 hits and 2 records
2025-09-19 08:16:00,202 - INFO - Processing /viper/ptmp/arego/Red_T_7K_1/692.h5
2025-09-19 08:16:00,210 - INFO - Completed /viper/ptmp/arego/Red_T_7K_1_EN_100/13429.h5 in 1.54 seconds
2025-09-19 08:16:00,211 - INFO - Completed /viper/ptmp/arego/Red_T_7K_1_EN_100/22729.h5 in 1.81 seconds
2025-09-19 08:16:00,215 - INFO - File 19132: Filtered 53777 hits and 1 records
2025-09-19 08:16:00,226 - INFO - Completed /viper/ptmp/arego/Red_T_7K_1_EN_100/9335.h5 in 1.74 seconds
2025-09-19 08:16:00,304 - INFO - Processing /viper/ptmp/arego/Red_T_7K_1/13653.h5
2025-09-19 08:16:00,320 - INFO - Completed /viper/ptmp/arego/Red_T_7K_1_EN_100/1043.h5 in 1.02 seconds
2025-09-19 08:16:00,380 - INFO - Processing /viper/ptmp/arego/Red_T_7K_1/11771.h5
2025-09-19 08:16:00,446 - INFO - File 692: Filtered 359553 hits and 5 records
2025-09-19 08:16:00,546 - INFO - File 13653: Filtered 260187 hits and 4 records
2025-09-19 08:16:00,563 - INFO - Processing /viper/ptmp/arego/Red_T_7K_1/15908.h5
2025-09-19 08:16:00,608 - INFO - Completed /viper/ptmp/arego/Red_T_7K_1_EN_100/3523.h5 in 1.03 seconds
2025-09-19 08:16:00,622 - INFO - File 11771: Filtered 220761 hits and 5 records
2025-09-19 08:16:00,623 - INFO - Processing /viper/ptmp/arego/Red_T_7K_1/14705.h5
2025-09-19 08:16:00,792 - INFO - Processing /viper/ptmp/arego/Red_T_7K_1/9391.h5
2025-09-19 08:16:00,840 - INFO - File 15908: Filtered 211360 hits and 3 records
2025-09-19 08:16:00,887 - INFO - Completed /viper/ptmp/arego/Red_T_7K_1_EN_100/8656.h5 in 1.17 seconds
2025-09-19 08:16:00,918 - INFO - File 14705: Filtered 507616 hits and 5 records
2025-09-19 08:16:00,951 - INFO - Completed /viper/ptmp/arego/Red_T_7K_1_EN_100/9309.h5 in 2.28 seconds
2025-09-19 08:16:00,960 - INFO - Processing /viper/ptmp/arego/Red_T_7K_1/22533.h5
2025-09-19 08:16:01,070 - INFO - File 9391: Filtered 238003 hits and 4 records
2025-09-19 08:16:01,107 - INFO - Completed /viper/ptmp/arego/Red_T_7K_1_EN_100/22766.h5 in 2.22 seconds
2025-09-19 08:16:01,144 - INFO - Completed /viper/ptmp/arego/Red_T_7K_1_EN_100/5332.h5 in 2.06 seconds
2025-09-19 08:16:01,159 - INFO - Completed /viper/ptmp/arego/Red_T_7K_1_EN_100/9652.h5 in 2.00 seconds
2025-09-19 08:16:01,190 - INFO - File 22533: Filtered 166404 hits and 3 records
2025-09-19 08:16:01,215 - INFO - Processing /viper/ptmp/arego/Red_T_7K_1/12071.h5
2025-09-19 08:16:01,229 - INFO - Processing /viper/ptmp/arego/Red_T_7K_1/8944.h5
2025-09-19 08:16:01,274 - INFO - Completed /viper/ptmp/arego/Red_T_7K_1_EN_100/20995.h5 in 1.93 seconds
2025-09-19 08:16:01,329 - INFO - Completed /viper/ptmp/arego/Red_T_7K_1_EN_100/13653.h5 in 1.03 seconds
2025-09-19 08:16:01,401 - INFO - Completed /viper/ptmp/arego/Red_T_7K_1_EN_100/20960.h5 in 1.89 seconds
2025-09-19 08:16:01,421 - INFO - Processing /viper/ptmp/arego/Red_T_7K_1/17449.h5
2025-09-19 08:16:01,443 - INFO - Processing /viper/ptmp/arego/Red_T_7K_1/20416.h5
2025-09-19 08:16:01,461 - INFO - File 8944: Filtered 308144 hits and 5 records
2025-09-19 08:16:01,463 - INFO - File 12071: Filtered 196138 hits and 4 records
2025-09-19 08:16:01,476 - INFO - Completed /viper/ptmp/arego/Red_T_7K_1_EN_100/9819.h5 in 1.69 seconds
2025-09-19 08:16:01,635 - INFO - Processing /viper/ptmp/arego/Red_T_7K_1/7960.h5
2025-09-19 08:16:01,650 - INFO - Processing /viper/ptmp/arego/Red_T_7K_1/14503.h5
2025-09-19 08:16:01,682 - INFO - File 20416: Filtered 142861 hits and 2 records
2025-09-19 08:16:01,684 - INFO - File 17449: Filtered 328226 hits and 3 records
2025-09-19 08:16:01,863 - INFO - Processing /viper/ptmp/arego/Red_T_7K_1/2844.h5
2025-09-19 08:16:01,876 - INFO - File 14503: Filtered 176706 hits and 4 records
2025-09-19 08:16:01,906 - INFO - File 7960: Filtered 227147 hits and 7 records
2025-09-19 08:16:02,080 - INFO - File 2844: Filtered 287637 hits and 5 records
2025-09-19 08:16:02,090 - INFO - Processing /viper/ptmp/arego/Red_T_7K_1/8441.h5
2025-09-19 08:16:02,116 - INFO - Completed /viper/ptmp/arego/Red_T_7K_1_EN_100/14705.h5 in 1.49 seconds
2025-09-19 08:16:02,186 - INFO - Processing /viper/ptmp/arego/Red_T_7K_1/1683.h5
2025-09-19 08:16:02,213 - INFO - Completed /viper/ptmp/arego/Red_T_7K_1_EN_100/692.h5 in 2.01 seconds
2025-09-19 08:16:02,317 - INFO - Completed /viper/ptmp/arego/Red_T_7K_1_EN_100/19132.h5 in 2.35 seconds
2025-09-19 08:16:02,368 - INFO - File 8441: Filtered 186372 hits and 4 records
2025-09-19 08:16:02,400 - INFO - Completed /viper/ptmp/arego/Red_T_7K_1_EN_100/9832.h5 in 2.51 seconds
2025-09-19 08:16:02,436 - INFO - Processing /viper/ptmp/arego/Red_T_7K_1/18719.h5
2025-09-19 08:16:02,438 - INFO - File 1683: Filtered 267125 hits and 3 records
2025-09-19 08:16:02,462 - INFO - Completed /viper/ptmp/arego/Red_T_7K_1_EN_100/11771.h5 in 2.08 seconds
2025-09-19 08:16:02,475 - INFO - Processing /viper/ptmp/arego/Red_T_7K_1/12312.h5
2025-09-19 08:16:02,587 - INFO - Completed /viper/ptmp/arego/Red_T_7K_1_EN_100/15908.h5 in 2.02 seconds
2025-09-19 08:16:02,641 - INFO - Processing /viper/ptmp/arego/Red_T_7K_1/16561.h5
2025-09-19 08:16:02,668 - INFO - File 18719: Filtered 431360 hits and 9 records
2025-09-19 08:16:02,678 - INFO - Processing /viper/ptmp/arego/Red_T_7K_1/17353.h5
2025-09-19 08:16:02,726 - INFO - Completed /viper/ptmp/arego/Red_T_7K_1_EN_100/12071.h5 in 1.51 seconds
2025-09-19 08:16:02,730 - INFO - File 12312: Filtered 175900 hits and 5 records
2025-09-19 08:16:02,785 - INFO - Completed /viper/ptmp/arego/Red_T_7K_1_EN_100/9391.h5 in 1.99 seconds
2025-09-19 08:16:02,866 - INFO - Processing /viper/ptmp/arego/Red_T_7K_1/1544.h5
2025-09-19 08:16:02,884 - INFO - File 16561: Filtered 334727 hits and 6 records
2025-09-19 08:16:02,916 - INFO - File 17353: Filtered 148323 hits and 3 records
2025-09-19 08:16:02,931 - INFO - Processing /viper/ptmp/arego/Red_T_7K_1/11220.h5
2025-09-19 08:16:03,067 - INFO - Processing /viper/ptmp/arego/Red_T_7K_1/21522.h5
2025-09-19 08:16:03,069 - INFO - Completed /viper/ptmp/arego/Red_T_7K_1_EN_100/22533.h5 in 2.11 seconds
2025-09-19 08:16:03,113 - INFO - File 1544: Filtered 245096 hits and 4 records
2025-09-19 08:16:03,125 - INFO - Completed /viper/ptmp/arego/Red_T_7K_1_EN_100/14503.h5 in 1.47 seconds
2025-09-19 08:16:03,153 - INFO - Processing /viper/ptmp/arego/Red_T_7K_1/2606.h5
2025-09-19 08:16:03,206 - INFO - File 11220: Filtered 153278 hits and 3 records
2025-09-19 08:16:03,215 - INFO - Completed /viper/ptmp/arego/Red_T_7K_1_EN_100/8944.h5 in 1.99 seconds
2025-09-19 08:16:03,289 - INFO - Processing /viper/ptmp/arego/Red_T_7K_1/83.h5
2025-09-19 08:16:03,329 - INFO - Completed /viper/ptmp/arego/Red_T_7K_1_EN_100/2844.h5 in 1.47 seconds
2025-09-19 08:16:03,367 - INFO - File 21522: Filtered 360790 hits and 6 records
2025-09-19 08:16:03,391 - INFO - Processing /viper/ptmp/arego/Red_T_7K_1/16921.h5
2025-09-19 08:16:03,400 - INFO - Completed /viper/ptmp/arego/Red_T_7K_1_EN_100/18719.h5 in 0.96 seconds
2025-09-19 08:16:03,406 - INFO - File 2606: Filtered 70358 hits and 2 records
2025-09-19 08:16:03,418 - INFO - Completed /viper/ptmp/arego/Red_T_7K_1_EN_100/17449.h5 in 2.00 seconds
2025-09-19 08:16:03,518 - INFO - Processing /viper/ptmp/arego/Red_T_7K_1/21057.h5
2025-09-19 08:16:03,530 - INFO - Completed /viper/ptmp/arego/Red_T_7K_1_EN_100/20416.h5 in 2.09 seconds
2025-09-19 08:16:03,570 - INFO - File 83: Filtered 149580 hits and 4 records
2025-09-19 08:16:03,574 - INFO - Processing /viper/ptmp/arego/Red_T_7K_1/16971.h5
2025-09-19 08:16:03,681 - INFO - File 16921: Filtered 343231 hits and 5 records
2025-09-19 08:16:03,752 - INFO - Processing /viper/ptmp/arego/Red_T_7K_1/21430.h5
2025-09-19 08:16:03,796 - INFO - Processing /viper/ptmp/arego/Red_T_7K_1/6964.h5
2025-09-19 08:16:03,799 - INFO - File 21057: Filtered 522553 hits and 5 records
2025-09-19 08:16:03,848 - INFO - File 16971: Filtered 219000 hits and 2 records
2025-09-19 08:16:04,041 - INFO - File 21430: Filtered 268877 hits and 4 records
2025-09-19 08:16:04,076 - INFO - File 6964: Filtered 125742 hits and 4 records
2025-09-19 08:16:04,139 - INFO - Completed /viper/ptmp/arego/Red_T_7K_1_EN_100/8441.h5 in 2.05 seconds
2025-09-19 08:16:04,213 - INFO - Processing /viper/ptmp/arego/Red_T_7K_1/19435.h5
2025-09-19 08:16:04,454 - INFO - Completed /viper/ptmp/arego/Red_T_7K_1_EN_100/1683.h5 in 2.27 seconds
2025-09-19 08:16:04,473 - INFO - Completed /viper/ptmp/arego/Red_T_7K_1_EN_100/1544.h5 in 1.61 seconds
2025-09-19 08:16:04,482 - INFO - File 19435: Filtered 45782 hits and 1 records
2025-09-19 08:16:04,498 - INFO - Completed /viper/ptmp/arego/Red_T_7K_1_EN_100/12312.h5 in 2.02 seconds
2025-09-19 08:16:04,518 - INFO - Completed /viper/ptmp/arego/Red_T_7K_1_EN_100/11220.h5 in 1.59 seconds
2025-09-19 08:16:04,524 - INFO - Processing /viper/ptmp/arego/Red_T_7K_1/2748.h5
2025-09-19 08:16:04,585 - INFO - Processing /viper/ptmp/arego/Red_T_7K_1/10306.h5
2025-09-19 08:16:04,770 - INFO - File 2748: Filtered 288115 hits and 4 records
2025-09-19 08:16:04,786 - INFO - Processing /viper/ptmp/arego/Red_T_7K_1/9111.h5
2025-09-19 08:16:04,819 - INFO - Processing /viper/ptmp/arego/Red_T_7K_1/21632.h5
2025-09-19 08:16:04,833 - INFO - File 10306: Filtered 169380 hits and 2 records
2025-09-19 08:16:04,845 - INFO - Completed /viper/ptmp/arego/Red_T_7K_1_EN_100/16561.h5 in 2.20 seconds
2025-09-19 08:16:04,945 - INFO - Completed /viper/ptmp/arego/Red_T_7K_1_EN_100/17353.h5 in 2.27 seconds
2025-09-19 08:16:04,966 - INFO - Completed /viper/ptmp/arego/Red_T_7K_1_EN_100/21057.h5 in 1.45 seconds
2025-09-19 08:16:05,001 - INFO - Processing /viper/ptmp/arego/Red_T_7K_1/15514.h5
2025-09-19 08:16:05,020 - INFO - Processing /viper/ptmp/arego/Red_T_7K_1/20047.h5
2025-09-19 08:16:05,023 - INFO - Completed /viper/ptmp/arego/Red_T_7K_1_EN_100/7960.h5 in 3.39 seconds
2025-09-19 08:16:05,069 - INFO - File 9111: Filtered 456754 hits and 6 records
2025-09-19 08:16:05,086 - INFO - Completed /viper/ptmp/arego/Red_T_7K_1_EN_100/16921.h5 in 1.70 seconds
2025-09-19 08:16:05,155 - INFO - File 21632: Filtered 153979 hits and 2 records
2025-09-19 08:16:05,179 - INFO - Processing /viper/ptmp/arego/Red_T_7K_1/14607.h5
2025-09-19 08:16:05,233 - INFO - Processing /viper/ptmp/arego/Red_T_7K_1/4453.h5
2025-09-19 08:16:05,285 - INFO - File 15514: Filtered 56593 hits and 2 records
2025-09-19 08:16:05,292 - INFO - File 20047: Filtered 62078 hits and 1 records
2025-09-19 08:16:05,294 - INFO - Completed /viper/ptmp/arego/Red_T_7K_1_EN_100/21522.h5 in 2.23 seconds
2025-09-19 08:16:05,412 - INFO - Processing /viper/ptmp/arego/Red_T_7K_1/17280.h5
2025-09-19 08:16:05,457 - INFO - File 14607: Filtered 277147 hits and 4 records
2025-09-19 08:16:05,480 - INFO - File 4453: Filtered 114537 hits and 3 records
2025-09-19 08:16:05,510 - INFO - Completed /viper/ptmp/arego/Red_T_7K_1_EN_100/2606.h5 in 2.36 seconds
2025-09-19 08:16:05,586 - INFO - Processing /viper/ptmp/arego/Red_T_7K_1/1004.h5
2025-09-19 08:16:05,630 - INFO - Processing /viper/ptmp/arego/Red_T_7K_1/22746.h5
2025-09-19 08:16:05,644 - INFO - File 17280: Filtered 613652 hits and 7 records
2025-09-19 08:16:05,797 - INFO - Completed /viper/ptmp/arego/Red_T_7K_1_EN_100/16971.h5 in 2.22 seconds
2025-09-19 08:16:05,825 - INFO - Completed /viper/ptmp/arego/Red_T_7K_1_EN_100/83.h5 in 2.54 seconds
2025-09-19 08:16:05,851 - INFO - File 1004: Filtered 96573 hits and 1 records
2025-09-19 08:16:05,863 - INFO - Completed /viper/ptmp/arego/Red_T_7K_1_EN_100/21430.h5 in 2.11 seconds
2025-09-19 08:16:05,902 - INFO - Processing /viper/ptmp/arego/Red_T_7K_1/8496.h5
2025-09-19 08:16:05,914 - INFO - Processing /viper/ptmp/arego/Red_T_7K_1/13904.h5
2025-09-19 08:16:05,951 - INFO - File 22746: Filtered 144226 hits and 3 records
2025-09-19 08:16:06,157 - INFO - File 8496: Filtered 449521 hits and 5 records
2025-09-19 08:16:06,176 - INFO - File 13904: Filtered 390920 hits and 4 records
2025-09-19 08:16:06,179 - INFO - Processing /viper/ptmp/arego/Red_T_7K_1/2848.h5
2025-09-19 08:16:06,276 - INFO - Completed /viper/ptmp/arego/Red_T_7K_1_EN_100/17280.h5 in 0.86 seconds
2025-09-19 08:16:06,375 - INFO - Processing /viper/ptmp/arego/Red_T_7K_1/7592.h5
2025-09-19 08:16:06,503 - INFO - File 2848: Filtered 165460 hits and 4 records
2025-09-19 08:16:06,590 - INFO - Completed /viper/ptmp/arego/Red_T_7K_1_EN_100/6964.h5 in 2.79 seconds
2025-09-19 08:16:06,631 - INFO - Completed /viper/ptmp/arego/Red_T_7K_1_EN_100/2748.h5 in 2.11 seconds
2025-09-19 08:16:06,657 - INFO - Completed /viper/ptmp/arego/Red_T_7K_1_EN_100/10306.h5 in 2.07 seconds
2025-09-19 08:16:06,663 - INFO - Processing /viper/ptmp/arego/Red_T_7K_1/3009.h5
2025-09-19 08:16:06,694 - INFO - File 7592: Filtered 230305 hits and 3 records
2025-09-19 08:16:06,722 - INFO - Processing /viper/ptmp/arego/Red_T_7K_1/244.h5
2025-09-19 08:16:06,852 - INFO - Completed /viper/ptmp/arego/Red_T_7K_1_EN_100/9111.h5 in 2.07 seconds
2025-09-19 08:16:06,931 - INFO - Processing /viper/ptmp/arego/Red_T_7K_1/10316.h5
2025-09-19 08:16:06,946 - INFO - File 3009: Filtered 351669 hits and 5 records
2025-09-19 08:16:06,985 - INFO - Processing /viper/ptmp/arego/Red_T_7K_1/9400.h5
2025-09-19 08:16:07,029 - INFO - File 244: Filtered 162505 hits and 3 records
2025-09-19 08:16:07,032 - INFO - Completed /viper/ptmp/arego/Red_T_7K_1_EN_100/19435.h5 in 2.82 seconds
2025-09-19 08:16:07,112 - INFO - Processing /viper/ptmp/arego/Red_T_7K_1/357.h5
2025-09-19 08:16:07,236 - INFO - File 10316: Filtered 566241 hits and 6 records
2025-09-19 08:16:07,250 - INFO - Completed /viper/ptmp/arego/Red_T_7K_1_EN_100/21632.h5 in 2.43 seconds
2025-09-19 08:16:07,281 - INFO - File 9400: Filtered 299097 hits and 5 records
2025-09-19 08:16:07,299 - INFO - Completed /viper/ptmp/arego/Red_T_7K_1_EN_100/4453.h5 in 2.07 seconds
2025-09-19 08:16:07,331 - INFO - Processing /viper/ptmp/arego/Red_T_7K_1/23065.h5
2025-09-19 08:16:07,380 - INFO - Completed /viper/ptmp/arego/Red_T_7K_1_EN_100/14607.h5 in 2.20 seconds
2025-09-19 08:16:07,393 - INFO - File 357: Filtered 349558 hits and 4 records
2025-09-19 08:16:07,454 - INFO - Processing /viper/ptmp/arego/Red_T_7K_1/11337.h5
2025-09-19 08:16:07,550 - INFO - Processing /viper/ptmp/arego/Red_T_7K_1/10276.h5
2025-09-19 08:16:07,564 - INFO - Completed /viper/ptmp/arego/Red_T_7K_1_EN_100/15514.h5 in 2.56 seconds
2025-09-19 08:16:07,597 - INFO - Completed /viper/ptmp/arego/Red_T_7K_1_EN_100/20047.h5 in 2.58 seconds
2025-09-19 08:16:07,619 - INFO - File 23065: Filtered 215464 hits and 2 records
2025-09-19 08:16:07,657 - INFO - Completed /viper/ptmp/arego/Red_T_7K_1_EN_100/13904.h5 in 1.74 seconds
2025-09-19 08:16:07,719 - INFO - File 11337: Filtered 245008 hits and 5 records
2025-09-19 08:16:07,760 - INFO - Processing /viper/ptmp/arego/Red_T_7K_1/5222.h5
2025-09-19 08:16:07,795 - INFO - Processing /viper/ptmp/arego/Red_T_7K_1/232.h5
2025-09-19 08:16:07,802 - INFO - File 10276: Filtered 578995 hits and 8 records
2025-09-19 08:16:07,816 - INFO - Completed /viper/ptmp/arego/Red_T_7K_1_EN_100/8496.h5 in 1.91 seconds
2025-09-19 08:16:07,955 - INFO - Processing /viper/ptmp/arego/Red_T_7K_1/10848.h5
2025-09-19 08:16:07,956 - INFO - Processing /viper/ptmp/arego/Red_T_7K_1/15819.h5
2025-09-19 08:16:07,974 - INFO - Completed /viper/ptmp/arego/Red_T_7K_1_EN_100/22746.h5 in 2.34 seconds
2025-09-19 08:16:08,071 - INFO - File 5222: Filtered 151023 hits and 3 records
2025-09-19 08:16:08,077 - INFO - File 232: Filtered 91411 hits and 2 records
2025-09-19 08:16:08,167 - INFO - Processing /viper/ptmp/arego/Red_T_7K_1/20757.h5
2025-09-19 08:16:08,260 - INFO - File 15819: Filtered 51534 hits and 1 records
2025-09-19 08:16:08,275 - INFO - File 10848: Filtered 680276 hits and 5 records
2025-09-19 08:16:08,454 - INFO - File 20757: Filtered 236898 hits and 4 records
2025-09-19 08:16:08,726 - INFO - Completed /viper/ptmp/arego/Red_T_7K_1_EN_100/244.h5 in 2.00 seconds
2025-09-19 08:16:08,797 - INFO - Processing /viper/ptmp/arego/Red_T_7K_1/2581.h5
2025-09-19 08:16:08,994 - INFO - Completed /viper/ptmp/arego/Red_T_7K_1_EN_100/10316.h5 in 2.06 seconds
2025-09-19 08:16:09,053 - INFO - Completed /viper/ptmp/arego/Red_T_7K_1_EN_100/3009.h5 in 2.39 seconds
2025-09-19 08:16:09,068 - INFO - Processing /viper/ptmp/arego/Red_T_7K_1/12990.h5
2025-09-19 08:16:09,090 - INFO - Completed /viper/ptmp/arego/Red_T_7K_1_EN_100/357.h5 in 1.98 seconds
2025-09-19 08:16:09,114 - INFO - File 2581: Filtered 317921 hits and 4 records
2025-09-19 08:16:09,324 - INFO - File 12990: Filtered 284794 hits and 5 records
2025-09-19 08:16:09,331 - INFO - Completed /viper/ptmp/arego/Red_T_7K_1_EN_100/9400.h5 in 2.35 seconds
2025-09-19 08:16:09,332 - INFO - Processing /viper/ptmp/arego/Red_T_7K_1/17899.h5
2025-09-19 08:16:09,340 - INFO - Completed /viper/ptmp/arego/Red_T_7K_1_EN_100/1004.h5 in 3.75 seconds
2025-09-19 08:16:09,348 - INFO - Completed /viper/ptmp/arego/Red_T_7K_1_EN_100/10276.h5 in 1.80 seconds
2025-09-19 08:16:09,406 - INFO - Processing /viper/ptmp/arego/Red_T_7K_1/7049.h5
2025-09-19 08:16:09,536 - INFO - Completed /viper/ptmp/arego/Red_T_7K_1_EN_100/10848.h5 in 1.58 seconds
2025-09-19 08:16:09,544 - INFO - Processing /viper/ptmp/arego/Red_T_7K_1/12393.h5
2025-09-19 08:16:09,573 - INFO - Completed /viper/ptmp/arego/Red_T_7K_1_EN_100/23065.h5 in 2.24 seconds
2025-09-19 08:16:09,593 - INFO - File 17899: Filtered 279477 hits and 6 records
2025-09-19 08:16:09,674 - INFO - File 7049: Filtered 304857 hits and 6 records
2025-09-19 08:16:09,735 - INFO - Processing /viper/ptmp/arego/Red_T_7K_1/2265.h5
2025-09-19 08:16:09,736 - INFO - Processing /viper/ptmp/arego/Red_T_7K_1/5205.h5
2025-09-19 08:16:09,753 - INFO - Completed /viper/ptmp/arego/Red_T_7K_1_EN_100/2848.h5 in 3.57 seconds
2025-09-19 08:16:09,829 - INFO - File 12393: Filtered 200436 hits and 3 records
2025-09-19 08:16:09,922 - INFO - Completed /viper/ptmp/arego/Red_T_7K_1_EN_100/7592.h5 in 3.55 seconds
2025-09-19 08:16:09,932 - INFO - Processing /viper/ptmp/arego/Red_T_7K_1/7198.h5
2025-09-19 08:16:09,943 - INFO - Processing /viper/ptmp/arego/Red_T_7K_1/11869.h5
2025-09-19 08:16:09,978 - INFO - Completed /viper/ptmp/arego/Red_T_7K_1_EN_100/11337.h5 in 2.52 seconds
2025-09-19 08:16:10,032 - INFO - File 2265: Filtered 273222 hits and 4 records
2025-09-19 08:16:10,044 - INFO - File 5205: Filtered 442983 hits and 5 records
2025-09-19 08:16:10,112 - INFO - Processing /viper/ptmp/arego/Red_T_7K_1/7623.h5
2025-09-19 08:16:10,191 - INFO - File 7198: Filtered 352859 hits and 7 records
2025-09-19 08:16:10,199 - INFO - Processing /viper/ptmp/arego/Red_T_7K_1/3103.h5
2025-09-19 08:16:10,245 - INFO - File 11869: Filtered 268225 hits and 2 records
2025-09-19 08:16:10,334 - INFO - Completed /viper/ptmp/arego/Red_T_7K_1_EN_100/20757.h5 in 2.17 seconds
2025-09-19 08:16:10,372 - INFO - Processing /viper/ptmp/arego/Red_T_7K_1/2459.h5
2025-09-19 08:16:10,374 - INFO - Completed /viper/ptmp/arego/Red_T_7K_1_EN_100/232.h5 in 2.58 seconds
2025-09-19 08:16:10,422 - INFO - File 7623: Filtered 166949 hits and 1 records
2025-09-19 08:16:10,463 - INFO - Processing /viper/ptmp/arego/Red_T_7K_1/14191.h5
2025-09-19 08:16:10,496 - INFO - File 3103: Filtered 810474 hits and 4 records
2025-09-19 08:16:10,559 - INFO - Processing /viper/ptmp/arego/Red_T_7K_1/14596.h5
2025-09-19 08:16:10,643 - INFO - File 2459: Filtered 56268 hits and 1 records
2025-09-19 08:16:10,740 - INFO - File 14191: Filtered 433050 hits and 5 records
2025-09-19 08:16:10,851 - INFO - File 14596: Filtered 505697 hits and 3 records
2025-09-19 08:16:11,156 - INFO - Completed /viper/ptmp/arego/Red_T_7K_1_EN_100/3103.h5 in 0.96 seconds
2025-09-19 08:16:11,230 - INFO - Processing /viper/ptmp/arego/Red_T_7K_1/2034.h5
2025-09-19 08:16:11,343 - INFO - Completed /viper/ptmp/arego/Red_T_7K_1_EN_100/17899.h5 in 2.01 seconds
2025-09-19 08:16:11,358 - INFO - Completed /viper/ptmp/arego/Red_T_7K_1_EN_100/2581.h5 in 2.56 seconds
2025-09-19 08:16:11,388 - INFO - Completed /viper/ptmp/arego/Red_T_7K_1_EN_100/5222.h5 in 3.63 seconds
2025-09-19 08:16:11,438 - INFO - Processing /viper/ptmp/arego/Red_T_7K_1/15205.h5
2025-09-19 08:16:11,515 - INFO - Completed /viper/ptmp/arego/Red_T_7K_1_EN_100/15819.h5 in 3.56 seconds
2025-09-19 08:16:11,518 - INFO - File 2034: Filtered 151627 hits and 4 records
2025-09-19 08:16:11,561 - INFO - Processing /viper/ptmp/arego/Red_T_7K_1/8629.h5
2025-09-19 08:16:11,697 - INFO - Processing /viper/ptmp/arego/Red_T_7K_1/23135.h5
2025-09-19 08:16:11,709 - INFO - File 15205: Filtered 680565 hits and 3 records
2025-09-19 08:16:11,756 - INFO - Processing /viper/ptmp/arego/Red_T_7K_1/71.h5
2025-09-19 08:16:11,846 - INFO - File 8629: Filtered 538185 hits and 4 records
2025-09-19 08:16:12,013 - INFO - File 23135: Filtered 313776 hits and 3 records
2025-09-19 08:16:12,054 - INFO - File 71: Filtered 227745 hits and 4 records
2025-09-19 08:16:12,062 - INFO - Completed /viper/ptmp/arego/Red_T_7K_1_EN_100/7198.h5 in 2.13 seconds
2025-09-19 08:16:12,109 - INFO - Processing /viper/ptmp/arego/Red_T_7K_1/21274.h5
2025-09-19 08:16:12,230 - INFO - Completed /viper/ptmp/arego/Red_T_7K_1_EN_100/5205.h5 in 2.49 seconds
2025-09-19 08:16:12,255 - INFO - Completed /viper/ptmp/arego/Red_T_7K_1_EN_100/12393.h5 in 2.71 seconds
2025-09-19 08:16:12,336 - INFO - Processing /viper/ptmp/arego/Red_T_7K_1/2190.h5
2025-09-19 08:16:12,402 - INFO - File 21274: Filtered 153756 hits and 2 records
2025-09-19 08:16:12,431 - INFO - Completed /viper/ptmp/arego/Red_T_7K_1_EN_100/14596.h5 in 1.87 seconds
2025-09-19 08:16:12,467 - INFO - Processing /viper/ptmp/arego/Red_T_7K_1/8730.h5
2025-09-19 08:16:12,570 - INFO - Processing /viper/ptmp/arego/Red_T_7K_1/709.h5
2025-09-19 08:16:12,614 - INFO - Completed /viper/ptmp/arego/Red_T_7K_1_EN_100/12990.h5 in 3.55 seconds
2025-09-19 08:16:12,659 - INFO - File 2190: Filtered 161889 hits and 3 records
2025-09-19 08:16:12,766 - INFO - Processing /viper/ptmp/arego/Red_T_7K_1/16008.h5
2025-09-19 08:16:12,781 - INFO - File 8730: Filtered 543396 hits and 5 records
2025-09-19 08:16:12,805 - INFO - Completed /viper/ptmp/arego/Red_T_7K_1_EN_100/7049.h5 in 3.40 seconds
2025-09-19 08:16:12,895 - INFO - Processing /viper/ptmp/arego/Red_T_7K_1/14449.h5
2025-09-19 08:16:12,910 - INFO - File 709: Filtered 533985 hits and 5 records
2025-09-19 08:16:12,997 - INFO - Completed /viper/ptmp/arego/Red_T_7K_1_EN_100/14191.h5 in 2.53 seconds
2025-09-19 08:16:13,002 - INFO - Completed /viper/ptmp/arego/Red_T_7K_1_EN_100/2459.h5 in 2.63 seconds
2025-09-19 08:16:13,082 - INFO - Processing /viper/ptmp/arego/Red_T_7K_1/15563.h5
2025-09-19 08:16:13,087 - INFO - File 16008: Filtered 171707 hits and 3 records
2025-09-19 08:16:13,174 - INFO - Completed /viper/ptmp/arego/Red_T_7K_1_EN_100/8629.h5 in 1.61 seconds
2025-09-19 08:16:13,174 - INFO - Processing /viper/ptmp/arego/Red_T_7K_1/8936.h5
2025-09-19 08:16:13,194 - INFO - File 14449: Filtered 177103 hits and 4 records
2025-09-19 08:16:13,302 - INFO - Processing /viper/ptmp/arego/Red_T_7K_1/13264.h5
2025-09-19 08:16:13,347 - INFO - File 15563: Filtered 568715 hits and 6 records
2025-09-19 08:16:13,369 - INFO - Completed /viper/ptmp/arego/Red_T_7K_1_EN_100/2034.h5 in 2.14 seconds
2025-09-19 08:16:13,455 - INFO - Completed /viper/ptmp/arego/Red_T_7K_1_EN_100/2265.h5 in 3.72 seconds
2025-09-19 08:16:13,463 - INFO - Completed /viper/ptmp/arego/Red_T_7K_1_EN_100/15205.h5 in 2.02 seconds
2025-09-19 08:16:13,494 - INFO - Processing /viper/ptmp/arego/Red_T_7K_1/4749.h5
2025-09-19 08:16:13,506 - INFO - File 8936: Filtered 282420 hits and 4 records
2025-09-19 08:16:13,513 - INFO - Processing /viper/ptmp/arego/Red_T_7K_1/15372.h5
2025-09-19 08:16:13,591 - INFO - File 13264: Filtered 66963 hits and 2 records
2025-09-19 08:16:13,760 - INFO - File 4749: Filtered 396360 hits and 5 records
2025-09-19 08:16:13,779 - INFO - Processing /viper/ptmp/arego/Red_T_7K_1/14039.h5
2025-09-19 08:16:13,798 - INFO - File 15372: Filtered 446010 hits and 7 records
2025-09-19 08:16:13,857 - INFO - Completed /viper/ptmp/arego/Red_T_7K_1_EN_100/11869.h5 in 3.91 seconds
2025-09-19 08:16:13,933 - INFO - Processing /viper/ptmp/arego/Red_T_7K_1/11925.h5
2025-09-19 08:16:13,945 - INFO - Completed /viper/ptmp/arego/Red_T_7K_1_EN_100/7623.h5 in 3.83 seconds
2025-09-19 08:16:14,076 - INFO - File 14039: Filtered 83597 hits and 2 records
2025-09-19 08:16:14,154 - INFO - Processing /viper/ptmp/arego/Red_T_7K_1/854.h5
2025-09-19 08:16:14,168 - INFO - Completed /viper/ptmp/arego/Red_T_7K_1_EN_100/8730.h5 in 1.70 seconds
2025-09-19 08:16:14,225 - INFO - File 11925: Filtered 298381 hits and 3 records
2025-09-19 08:16:14,237 - INFO - Processing /viper/ptmp/arego/Red_T_7K_1/2981.h5
2025-09-19 08:16:14,404 - INFO - Completed /viper/ptmp/arego/Red_T_7K_1_EN_100/23135.h5 in 2.71 seconds
2025-09-19 08:16:14,471 - INFO - File 854: Filtered 602659 hits and 6 records
2025-09-19 08:16:14,487 - INFO - Processing /viper/ptmp/arego/Red_T_7K_1/17032.h5
2025-09-19 08:16:14,489 - INFO - Completed /viper/ptmp/arego/Red_T_7K_1_EN_100/709.h5 in 1.92 seconds
2025-09-19 08:16:14,552 - INFO - File 2981: Filtered 522856 hits and 7 records
2025-09-19 08:16:14,756 - INFO - Processing /viper/ptmp/arego/Red_T_7K_1/22948.h5
2025-09-19 08:16:14,772 - INFO - File 17032: Filtered 451306 hits and 5 records
2025-09-19 08:16:15,001 - INFO - Completed /viper/ptmp/arego/Red_T_7K_1_EN_100/15563.h5 in 1.92 seconds
2025-09-19 08:16:15,046 - INFO - Processing /viper/ptmp/arego/Red_T_7K_1/17094.h5
2025-09-19 08:16:15,058 - INFO - File 22948: Filtered 489039 hits and 5 records
2025-09-19 08:16:15,318 - INFO - File 17094: Filtered 76981 hits and 1 records
2025-09-19 08:16:15,332 - INFO - Completed /viper/ptmp/arego/Red_T_7K_1_EN_100/13264.h5 in 2.03 seconds
2025-09-19 08:16:15,335 - INFO - Completed /viper/ptmp/arego/Red_T_7K_1_EN_100/16008.h5 in 2.57 seconds
2025-09-19 08:16:15,378 - INFO - Processing /viper/ptmp/arego/Red_T_7K_1/19680.h5
2025-09-19 08:16:15,395 - INFO - Completed /viper/ptmp/arego/Red_T_7K_1_EN_100/71.h5 in 3.64 seconds
2025-09-19 08:16:15,424 - INFO - Completed /viper/ptmp/arego/Red_T_7K_1_EN_100/14449.h5 in 2.53 seconds
2025-09-19 08:16:15,468 - INFO - Processing /viper/ptmp/arego/Red_T_7K_1/14928.h5
2025-09-19 08:16:15,624 - INFO - Processing /viper/ptmp/arego/Red_T_7K_1/12210.h5
2025-09-19 08:16:15,673 - INFO - File 19680: Filtered 275745 hits and 6 records
2025-09-19 08:16:15,733 - INFO - Completed /viper/ptmp/arego/Red_T_7K_1_EN_100/4749.h5 in 2.24 seconds
2025-09-19 08:16:15,752 - INFO - File 14928: Filtered 716190 hits and 6 records
2025-09-19 08:16:15,764 - INFO - Completed /viper/ptmp/arego/Red_T_7K_1_EN_100/8936.h5 in 2.59 seconds
2025-09-19 08:16:15,783 - INFO - Completed /viper/ptmp/arego/Red_T_7K_1_EN_100/21274.h5 in 3.67 seconds
2025-09-19 08:16:15,833 - INFO - Processing /viper/ptmp/arego/Red_T_7K_1/12702.h5
2025-09-19 08:16:15,841 - INFO - Processing /viper/ptmp/arego/Red_T_7K_1/463.h5
2025-09-19 08:16:15,905 - INFO - File 12210: Filtered 330975 hits and 5 records
2025-09-19 08:16:16,076 - INFO - Processing /viper/ptmp/arego/Red_T_7K_1/22697.h5
2025-09-19 08:16:16,129 - INFO - File 12702: Filtered 143998 hits and 2 records
2025-09-19 08:16:16,133 - INFO - File 463: Filtered 664506 hits and 7 records
2025-09-19 08:16:16,222 - INFO - Completed /viper/ptmp/arego/Red_T_7K_1_EN_100/15372.h5 in 2.71 seconds
2025-09-19 08:16:16,224 - INFO - Completed /viper/ptmp/arego/Red_T_7K_1_EN_100/2190.h5 in 3.89 seconds
2025-09-19 08:16:16,286 - INFO - Processing /viper/ptmp/arego/Red_T_7K_1/21866.h5
2025-09-19 08:16:16,321 - INFO - Processing /viper/ptmp/arego/Red_T_7K_1/21526.h5
2025-09-19 08:16:16,356 - INFO - File 22697: Filtered 319603 hits and 5 records
2025-09-19 08:16:16,468 - INFO - Completed /viper/ptmp/arego/Red_T_7K_1_EN_100/854.h5 in 2.31 seconds
2025-09-19 08:16:16,518 - INFO - Processing /viper/ptmp/arego/Red_T_7K_1/8195.h5
2025-09-19 08:16:16,560 - INFO - File 21866: Filtered 299295 hits and 5 records
2025-09-19 08:16:16,576 - INFO - Completed /viper/ptmp/arego/Red_T_7K_1_EN_100/2981.h5 in 2.34 seconds
2025-09-19 08:16:16,640 - INFO - File 21526: Filtered 388577 hits and 4 records
2025-09-19 08:16:16,643 - INFO - Completed /viper/ptmp/arego/Red_T_7K_1_EN_100/22948.h5 in 1.89 seconds
2025-09-19 08:16:16,657 - INFO - Processing /viper/ptmp/arego/Red_T_7K_1/8653.h5
2025-09-19 08:16:16,668 - INFO - Completed /viper/ptmp/arego/Red_T_7K_1_EN_100/17032.h5 in 2.18 seconds
2025-09-19 08:16:16,746 - INFO - Processing /viper/ptmp/arego/Red_T_7K_1/8190.h5
2025-09-19 08:16:16,799 - INFO - File 8195: Filtered 323895 hits and 4 records
2025-09-19 08:16:16,840 - INFO - Completed /viper/ptmp/arego/Red_T_7K_1_EN_100/463.h5 in 1.00 seconds
2025-09-19 08:16:16,957 - INFO - Processing /viper/ptmp/arego/Red_T_7K_1/21897.h5
2025-09-19 08:16:16,975 - INFO - File 8653: Filtered 347789 hits and 4 records
2025-09-19 08:16:17,027 - INFO - File 8190: Filtered 463633 hits and 6 records
2025-09-19 08:16:17,133 - INFO - Processing /viper/ptmp/arego/Red_T_7K_1/4144.h5
2025-09-19 08:16:17,262 - INFO - File 21897: Filtered 344718 hits and 6 records
2025-09-19 08:16:17,415 - INFO - File 4144: Filtered 294887 hits and 4 records
2025-09-19 08:16:17,419 - INFO - Processing /viper/ptmp/arego/Red_T_7K_1/1120.h5
2025-09-19 08:16:17,504 - INFO - Completed /viper/ptmp/arego/Red_T_7K_1_EN_100/11925.h5 in 3.57 seconds
2025-09-19 08:16:17,534 - INFO - Completed /viper/ptmp/arego/Red_T_7K_1_EN_100/14039.h5 in 3.75 seconds
2025-09-19 08:16:17,559 - INFO - Processing /viper/ptmp/arego/Red_T_7K_1/959.h5
2025-09-19 08:16:17,584 - INFO - Processing /viper/ptmp/arego/Red_T_7K_1/14880.h5
2025-09-19 08:16:17,608 - INFO - Completed /viper/ptmp/arego/Red_T_7K_1_EN_100/14928.h5 in 2.14 seconds
2025-09-19 08:16:17,770 - INFO - File 1120: Filtered 187275 hits and 4 records
2025-09-19 08:16:17,814 - INFO - Processing /viper/ptmp/arego/Red_T_7K_1/17782.h5
2025-09-19 08:16:17,852 - INFO - File 14880: Filtered 574482 hits and 10 records
2025-09-19 08:16:17,899 - INFO - File 959: Filtered 455406 hits and 3 records
2025-09-19 08:16:18,165 - INFO - File 17782: Filtered 376779 hits and 3 records
2025-09-19 08:16:18,238 - INFO - Completed /viper/ptmp/arego/Red_T_7K_1_EN_100/12210.h5 in 2.61 seconds
2025-09-19 08:16:18,307 - INFO - Processing /viper/ptmp/arego/Red_T_7K_1/22806.h5
2025-09-19 08:16:18,454 - INFO - Completed /viper/ptmp/arego/Red_T_7K_1_EN_100/17094.h5 in 3.41 seconds
2025-09-19 08:16:18,583 - INFO - File 22806: Filtered 687125 hits and 7 records
2025-09-19 08:16:18,613 - INFO - Completed /viper/ptmp/arego/Red_T_7K_1_EN_100/22697.h5 in 2.54 seconds
2025-09-19 08:16:18,635 - INFO - Processing /viper/ptmp/arego/Red_T_7K_1/1700.h5
2025-09-19 08:16:18,670 - INFO - Completed /viper/ptmp/arego/Red_T_7K_1_EN_100/8195.h5 in 2.15 seconds
2025-09-19 08:16:18,735 - INFO - Processing /viper/ptmp/arego/Red_T_7K_1/10998.h5
2025-09-19 08:16:18,836 - INFO - Processing /viper/ptmp/arego/Red_T_7K_1/16947.h5
2025-09-19 08:16:18,842 - INFO - Completed /viper/ptmp/arego/Red_T_7K_1_EN_100/4144.h5 in 1.71 seconds
2025-09-19 08:16:18,918 - INFO - Completed /viper/ptmp/arego/Red_T_7K_1_EN_100/19680.h5 in 3.54 seconds
2025-09-19 08:16:18,923 - INFO - Completed /viper/ptmp/arego/Red_T_7K_1_EN_100/21526.h5 in 2.60 seconds
2025-09-19 08:16:18,956 - INFO - Completed /viper/ptmp/arego/Red_T_7K_1_EN_100/8190.h5 in 2.21 seconds
2025-09-19 08:16:18,970 - INFO - Processing /viper/ptmp/arego/Red_T_7K_1/3978.h5
2025-09-19 08:16:18,989 - INFO - File 1700: Filtered 520138 hits and 4 records
2025-09-19 08:16:19,011 - INFO - Processing /viper/ptmp/arego/Red_T_7K_1/3240.h5
2025-09-19 08:16:19,041 - INFO - Completed /viper/ptmp/arego/Red_T_7K_1_EN_100/8653.h5 in 2.38 seconds
2025-09-19 08:16:19,124 - INFO - File 10998: Filtered 186428 hits and 2 records
2025-09-19 08:16:19,162 - INFO - Completed /viper/ptmp/arego/Red_T_7K_1_EN_100/14880.h5 in 1.58 seconds
2025-09-19 08:16:19,199 - INFO - File 16947: Filtered 214961 hits and 4 records
2025-09-19 08:16:19,200 - INFO - Processing /viper/ptmp/arego/Red_T_7K_1/3689.h5
2025-09-19 08:16:19,243 - INFO - Processing /viper/ptmp/arego/Red_T_7K_1/18566.h5
2025-09-19 08:16:19,330 - INFO - File 3240: Filtered 423827 hits and 5 records
2025-09-19 08:16:19,347 - INFO - File 3978: Filtered 233375 hits and 5 records
2025-09-19 08:16:19,469 - INFO - Processing /viper/ptmp/arego/Red_T_7K_1/20927.h5
2025-09-19 08:16:19,520 - INFO - Completed /viper/ptmp/arego/Red_T_7K_1_EN_100/12702.h5 in 3.69 seconds
2025-09-19 08:16:19,552 - INFO - File 18566: Filtered 454805 hits and 6 records
2025-09-19 08:16:19,563 - INFO - File 3689: Filtered 543692 hits and 2 records
2025-09-19 08:16:19,641 - INFO - Completed /viper/ptmp/arego/Red_T_7K_1_EN_100/1120.h5 in 2.22 seconds
2025-09-19 08:16:19,669 - INFO - Processing /viper/ptmp/arego/Red_T_7K_1/16480.h5
2025-09-19 08:16:19,707 - INFO - Processing /viper/ptmp/arego/Red_T_7K_1/15756.h5
2025-09-19 08:16:19,780 - INFO - File 20927: Filtered 671211 hits and 5 records
2025-09-19 08:16:19,884 - INFO - Completed /viper/ptmp/arego/Red_T_7K_1_EN_100/21866.h5 in 3.60 seconds
2025-09-19 08:16:19,911 - INFO - Processing /viper/ptmp/arego/Red_T_7K_1/7355.h5
2025-09-19 08:16:19,929 - INFO - Completed /viper/ptmp/arego/Red_T_7K_1_EN_100/22806.h5 in 1.62 seconds
2025-09-19 08:16:19,994 - INFO - Processing /viper/ptmp/arego/Red_T_7K_1/10330.h5
2025-09-19 08:16:20,002 - INFO - File 16480: Filtered 459374 hits and 5 records
2025-09-19 08:16:20,012 - INFO - File 15756: Filtered 187947 hits and 2 records
2025-09-19 08:16:20,085 - INFO - Processing /viper/ptmp/arego/Red_T_7K_1/7816.h5
2025-09-19 08:16:20,295 - INFO - File 7355: Filtered 158544 hits and 2 records
2025-09-19 08:16:20,321 - INFO - File 10330: Filtered 756304 hits and 4 records
2025-09-19 08:16:20,410 - INFO - File 7816: Filtered 199498 hits and 2 records
2025-09-19 08:16:20,497 - INFO - Completed /viper/ptmp/arego/Red_T_7K_1_EN_100/959.h5 in 2.94 seconds
2025-09-19 08:16:20,570 - INFO - Processing /viper/ptmp/arego/Red_T_7K_1/12482.h5
2025-09-19 08:16:20,892 - INFO - Completed /viper/ptmp/arego/Red_T_7K_1_EN_100/1700.h5 in 2.26 seconds
2025-09-19 08:16:20,922 - INFO - File 12482: Filtered 236127 hits and 2 records
2025-09-19 08:16:20,965 - INFO - Completed /viper/ptmp/arego/Red_T_7K_1_EN_100/21897.h5 in 4.01 seconds
2025-09-19 08:16:20,969 - INFO - Processing /viper/ptmp/arego/Red_T_7K_1/20741.h5
2025-09-19 08:16:21,050 - INFO - Processing /viper/ptmp/arego/Red_T_7K_1/16622.h5
2025-09-19 08:16:21,076 - INFO - Completed /viper/ptmp/arego/Red_T_7K_1_EN_100/20927.h5 in 1.61 seconds
2025-09-19 08:16:21,215 - INFO - File 20741: Filtered 205795 hits and 3 records
2025-09-19 08:16:21,278 - INFO - Processing /viper/ptmp/arego/Red_T_7K_1/7487.h5
2025-09-19 08:16:21,402 - INFO - File 16622: Filtered 627083 hits and 4 records
2025-09-19 08:16:21,483 - INFO - Completed /viper/ptmp/arego/Red_T_7K_1_EN_100/16947.h5 in 2.65 seconds
2025-09-19 08:16:21,534 - INFO - Completed /viper/ptmp/arego/Red_T_7K_1_EN_100/3240.h5 in 2.52 seconds
2025-09-19 08:16:21,570 - INFO - Processing /viper/ptmp/arego/Red_T_7K_1/11828.h5
2025-09-19 08:16:21,643 - INFO - File 7487: Filtered 461792 hits and 6 records
2025-09-19 08:16:21,728 - INFO - Completed /viper/ptmp/arego/Red_T_7K_1_EN_100/10330.h5 in 1.73 seconds
2025-09-19 08:16:21,730 - INFO - Completed /viper/ptmp/arego/Red_T_7K_1_EN_100/3689.h5 in 2.53 seconds
2025-09-19 08:16:21,795 - INFO - Processing /viper/ptmp/arego/Red_T_7K_1/459.h5
2025-09-19 08:16:21,808 - INFO - Completed /viper/ptmp/arego/Red_T_7K_1_EN_100/3978.h5 in 2.84 seconds
2025-09-19 08:16:21,846 - INFO - Processing /viper/ptmp/arego/Red_T_7K_1/5467.h5
2025-09-19 08:16:21,852 - INFO - Completed /viper/ptmp/arego/Red_T_7K_1_EN_100/18566.h5 in 2.61 seconds
2025-09-19 08:16:21,857 - INFO - File 11828: Filtered 579446 hits and 5 records
2025-09-19 08:16:21,940 - INFO - Completed /viper/ptmp/arego/Red_T_7K_1_EN_100/17782.h5 in 4.13 seconds
2025-09-19 08:16:21,951 - INFO - Completed /viper/ptmp/arego/Red_T_7K_1_EN_100/16480.h5 in 2.28 seconds
2025-09-19 08:16:22,020 - INFO - Processing /viper/ptmp/arego/Red_T_7K_1/20942.h5
2025-09-19 08:16:22,069 - INFO - Processing /viper/ptmp/arego/Red_T_7K_1/18813.h5
2025-09-19 08:16:22,081 - INFO - File 459: Filtered 555821 hits and 6 records
2025-09-19 08:16:22,187 - INFO - File 5467: Filtered 95807 hits and 2 records
2025-09-19 08:16:22,228 - INFO - Processing /viper/ptmp/arego/Red_T_7K_1/19272.h5
2025-09-19 08:16:22,283 - INFO - Completed /viper/ptmp/arego/Red_T_7K_1_EN_100/15756.h5 in 2.58 seconds
2025-09-19 08:16:22,317 - INFO - Processing /viper/ptmp/arego/Red_T_7K_1/13142.h5
2025-09-19 08:16:22,324 - INFO - File 20942: Filtered 295187 hits and 4 records
2025-09-19 08:16:22,400 - INFO - File 18813: Filtered 245232 hits and 2 records
2025-09-19 08:16:22,429 - INFO - Processing /viper/ptmp/arego/Red_T_7K_1/17713.h5
2025-09-19 08:16:22,568 - INFO - File 19272: Filtered 676263 hits and 6 records
2025-09-19 08:16:22,676 - INFO - Processing /viper/ptmp/arego/Red_T_7K_1/11894.h5
2025-09-19 08:16:22,700 - INFO - Completed /viper/ptmp/arego/Red_T_7K_1_EN_100/10998.h5 in 3.96 seconds
2025-09-19 08:16:22,762 - INFO - File 17713: Filtered 296718 hits and 5 records
2025-09-19 08:16:22,774 - INFO - File 13142: Filtered 68676 hits and 2 records
2025-09-19 08:16:22,934 - INFO - Processing /viper/ptmp/arego/Red_T_7K_1/16543.h5
2025-09-19 08:16:22,943 - INFO - Completed /viper/ptmp/arego/Red_T_7K_1_EN_100/20741.h5 in 1.97 seconds
2025-09-19 08:16:23,018 - INFO - Processing /viper/ptmp/arego/Red_T_7K_1/20346.h5
2025-09-19 08:16:23,032 - INFO - File 11894: Filtered 76732 hits and 2 records
2025-09-19 08:16:23,292 - INFO - File 16543: Filtered 518423 hits and 4 records
2025-09-19 08:16:23,292 - INFO - File 20346: Filtered 326097 hits and 6 records
2025-09-19 08:16:23,448 - INFO - Completed /viper/ptmp/arego/Red_T_7K_1_EN_100/12482.h5 in 2.88 seconds
2025-09-19 08:16:23,502 - INFO - Completed /viper/ptmp/arego/Red_T_7K_1_EN_100/16622.h5 in 2.45 seconds
2025-09-19 08:16:23,516 - INFO - Processing /viper/ptmp/arego/Red_T_7K_1/1873.h5
2025-09-19 08:16:23,698 - INFO - Completed /viper/ptmp/arego/Red_T_7K_1_EN_100/7355.h5 in 3.79 seconds
2025-09-19 08:16:23,756 - INFO - Processing /viper/ptmp/arego/Red_T_7K_1/14683.h5
2025-09-19 08:16:23,772 - INFO - Processing /viper/ptmp/arego/Red_T_7K_1/4402.h5
2025-09-19 08:16:23,802 - INFO - Completed /viper/ptmp/arego/Red_T_7K_1_EN_100/11828.h5 in 2.23 seconds
2025-09-19 08:16:23,862 - INFO - File 1873: Filtered 101035 hits and 2 records
2025-09-19 08:16:24,068 - INFO - Processing /viper/ptmp/arego/Red_T_7K_1/4518.h5
2025-09-19 08:16:24,081 - INFO - File 4402: Filtered 410648 hits and 5 records
2025-09-19 08:16:24,101 - INFO - Completed /viper/ptmp/arego/Red_T_7K_1_EN_100/459.h5 in 2.31 seconds
2025-09-19 08:16:24,148 - INFO - File 14683: Filtered 293542 hits and 2 records
2025-09-19 08:16:24,182 - INFO - Processing /viper/ptmp/arego/Red_T_7K_1/12681.h5
2025-09-19 08:16:24,291 - INFO - Completed /viper/ptmp/arego/Red_T_7K_1_EN_100/19272.h5 in 2.06 seconds
2025-09-19 08:16:24,337 - INFO - Completed /viper/ptmp/arego/Red_T_7K_1_EN_100/7816.h5 in 4.25 seconds
2025-09-19 08:16:24,389 - INFO - File 4518: Filtered 627281 hits and 7 records
2025-09-19 08:16:24,425 - INFO - Processing /viper/ptmp/arego/Red_T_7K_1/3390.h5
2025-09-19 08:16:24,453 - INFO - Processing /viper/ptmp/arego/Red_T_7K_1/11457.h5
2025-09-19 08:16:24,532 - INFO - File 12681: Filtered 250865 hits and 3 records
2025-09-19 08:16:24,682 - INFO - Completed /viper/ptmp/arego/Red_T_7K_1_EN_100/5467.h5 in 2.84 seconds
2025-09-19 08:16:24,710 - INFO - File 3390: Filtered 937263 hits and 7 records
2025-09-19 08:16:24,734 - INFO - File 11457: Filtered 300576 hits and 6 records
2025-09-19 08:16:24,752 - INFO - Processing /viper/ptmp/arego/Red_T_7K_1/2849.h5
2025-09-19 08:16:24,963 - INFO - Completed /viper/ptmp/arego/Red_T_7K_1_EN_100/20346.h5 in 1.94 seconds
2025-09-19 08:16:25,045 - INFO - Completed /viper/ptmp/arego/Red_T_7K_1_EN_100/7487.h5 in 3.77 seconds
2025-09-19 08:16:25,090 - INFO - Processing /viper/ptmp/arego/Red_T_7K_1/21191.h5
2025-09-19 08:16:25,113 - INFO - File 2849: Filtered 59439 hits and 2 records
2025-09-19 08:16:25,317 - INFO - Processing /viper/ptmp/arego/Red_T_7K_1/16122.h5
2025-09-19 08:16:25,394 - INFO - Completed /viper/ptmp/arego/Red_T_7K_1_EN_100/3390.h5 in 0.97 seconds
2025-09-19 08:16:25,432 - INFO - File 21191: Filtered 483579 hits and 3 records
2025-09-19 08:16:25,510 - INFO - Processing /viper/ptmp/arego/Red_T_7K_1/15794.h5
2025-09-19 08:16:25,649 - INFO - File 16122: Filtered 478023 hits and 6 records
2025-09-19 08:16:25,847 - INFO - File 15794: Filtered 732663 hits and 6 records
2025-09-19 08:16:25,853 - INFO - Completed /viper/ptmp/arego/Red_T_7K_1_EN_100/18813.h5 in 3.78 seconds
2025-09-19 08:16:25,877 - INFO - Completed /viper/ptmp/arego/Red_T_7K_1_EN_100/20942.h5 in 3.86 seconds
2025-09-19 08:16:25,931 - INFO - Processing /viper/ptmp/arego/Red_T_7K_1/7181.h5
2025-09-19 08:16:25,944 - INFO - Processing /viper/ptmp/arego/Red_T_7K_1/3632.h5
2025-09-19 08:16:26,221 - INFO - Completed /viper/ptmp/arego/Red_T_7K_1_EN_100/11894.h5 in 3.54 seconds
2025-09-19 08:16:26,269 - INFO - File 3632: Filtered 686725 hits and 6 records
2025-09-19 08:16:26,287 - INFO - File 7181: Filtered 918013 hits and 5 records
2025-09-19 08:16:26,299 - INFO - Processing /viper/ptmp/arego/Red_T_7K_1/4156.h5
2025-09-19 08:16:26,491 - INFO - Completed /viper/ptmp/arego/Red_T_7K_1_EN_100/4518.h5 in 2.42 seconds
2025-09-19 08:16:26,561 - INFO - Processing /viper/ptmp/arego/Red_T_7K_1/1081.h5
2025-09-19 08:16:26,570 - INFO - Completed /viper/ptmp/arego/Red_T_7K_1_EN_100/4402.h5 in 2.80 seconds
2025-09-19 08:16:26,637 - INFO - Completed /viper/ptmp/arego/Red_T_7K_1_EN_100/17713.h5 in 4.21 seconds
2025-09-19 08:16:26,673 - INFO - File 4156: Filtered 598434 hits and 2 records
2025-09-19 08:16:26,713 - INFO - Processing /viper/ptmp/arego/Red_T_7K_1/19837.h5
2025-09-19 08:16:26,758 - INFO - Completed /viper/ptmp/arego/Red_T_7K_1_EN_100/11457.h5 in 2.30 seconds
2025-09-19 08:16:26,832 - INFO - Processing /viper/ptmp/arego/Red_T_7K_1/2476.h5
2025-09-19 08:16:26,898 - INFO - Completed /viper/ptmp/arego/Red_T_7K_1_EN_100/16543.h5 in 3.96 seconds
2025-09-19 08:16:26,914 - INFO - File 1081: Filtered 703155 hits and 7 records
2025-09-19 08:16:26,978 - INFO - Processing /viper/ptmp/arego/Red_T_7K_1/4605.h5
2025-09-19 08:16:27,101 - INFO - File 19837: Filtered 316170 hits and 3 records
2025-09-19 08:16:27,189 - INFO - Processing /viper/ptmp/arego/Red_T_7K_1/13024.h5
2025-09-19 08:16:27,346 - INFO - File 2476: Filtered 785902 hits and 7 records
2025-09-19 08:16:27,465 - INFO - File 4605: Filtered 394154 hits and 3 records
2025-09-19 08:16:27,547 - INFO - Completed /viper/ptmp/arego/Red_T_7K_1_EN_100/21191.h5 in 2.46 seconds
2025-09-19 08:16:27,609 - INFO - File 13024: Filtered 249521 hits and 3 records
2025-09-19 08:16:27,620 - INFO - Processing /viper/ptmp/arego/Red_T_7K_1/20302.h5
2025-09-19 08:16:27,699 - INFO - Completed /viper/ptmp/arego/Red_T_7K_1_EN_100/14683.h5 in 3.94 seconds
2025-09-19 08:16:27,731 - INFO - Completed /viper/ptmp/arego/Red_T_7K_1_EN_100/7181.h5 in 1.80 seconds
2025-09-19 08:16:27,776 - INFO - Processing /viper/ptmp/arego/Red_T_7K_1/14783.h5
2025-09-19 08:16:27,788 - INFO - Completed /viper/ptmp/arego/Red_T_7K_1_EN_100/16122.h5 in 2.47 seconds
2025-09-19 08:16:27,899 - INFO - Processing /viper/ptmp/arego/Red_T_7K_1/4953.h5
2025-09-19 08:16:27,986 - INFO - File 20302: Filtered 277696 hits and 4 records
2025-09-19 08:16:28,124 - INFO - File 14783: Filtered 940611 hits and 6 records
2025-09-19 08:16:28,129 - INFO - Processing /viper/ptmp/arego/Red_T_7K_1/21979.h5
2025-09-19 08:16:28,191 - INFO - Completed /viper/ptmp/arego/Red_T_7K_1_EN_100/15794.h5 in 2.68 seconds
2025-09-19 08:16:28,237 - INFO - File 4953: Filtered 306063 hits and 4 records
2025-09-19 08:16:28,264 - INFO - Completed /viper/ptmp/arego/Red_T_7K_1_EN_100/13142.h5 in 5.95 seconds
2025-09-19 08:16:28,357 - INFO - Processing /viper/ptmp/arego/Red_T_7K_1/13598.h5
2025-09-19 08:16:28,382 - INFO - Completed /viper/ptmp/arego/Red_T_7K_1_EN_100/12681.h5 in 4.20 seconds
2025-09-19 08:16:28,461 - INFO - File 21979: Filtered 709192 hits and 8 records
2025-09-19 08:16:28,464 - INFO - Processing /viper/ptmp/arego/Red_T_7K_1/19598.h5
2025-09-19 08:16:28,493 - INFO - Completed /viper/ptmp/arego/Red_T_7K_1_EN_100/3632.h5 in 2.55 seconds
2025-09-19 08:16:28,579 - INFO - Processing /viper/ptmp/arego/Red_T_7K_1/1590.h5
2025-09-19 08:16:28,588 - INFO - Completed /viper/ptmp/arego/Red_T_7K_1_EN_100/4156.h5 in 2.29 seconds
2025-09-19 08:16:28,723 - INFO - Processing /viper/ptmp/arego/Red_T_7K_1/8933.h5
2025-09-19 08:16:28,728 - INFO - File 13598: Filtered 147702 hits and 2 records
2025-09-19 08:16:28,746 - INFO - Completed /viper/ptmp/arego/Red_T_7K_1_EN_100/2849.h5 in 3.99 seconds
2025-09-19 08:16:28,781 - INFO - Completed /viper/ptmp/arego/Red_T_7K_1_EN_100/1873.h5 in 5.27 seconds
2025-09-19 08:16:28,820 - INFO - Processing /viper/ptmp/arego/Red_T_7K_1/866.h5
2025-09-19 08:16:28,832 - INFO - File 19598: Filtered 1002116 hits and 3 records
2025-09-19 08:16:28,895 - INFO - Completed /viper/ptmp/arego/Red_T_7K_1_EN_100/1081.h5 in 2.33 seconds
2025-09-19 08:16:28,951 - INFO - File 1590: Filtered 420184 hits and 4 records
2025-09-19 08:16:28,956 - INFO - Processing /viper/ptmp/arego/Red_T_7K_1/15248.h5
2025-09-19 08:16:29,079 - INFO - Processing /viper/ptmp/arego/Red_T_7K_1/1775.h5
2025-09-19 08:16:29,126 - INFO - File 8933: Filtered 150016 hits and 2 records
2025-09-19 08:16:29,181 - INFO - Processing /viper/ptmp/arego/Red_T_7K_1/1025.h5
2025-09-19 08:16:29,191 - INFO - File 866: Filtered 898043 hits and 5 records
2025-09-19 08:16:29,326 - INFO - File 15248: Filtered 740870 hits and 5 records
2025-09-19 08:16:29,362 - INFO - Completed /viper/ptmp/arego/Red_T_7K_1_EN_100/2476.h5 in 2.53 seconds
2025-09-19 08:16:29,413 - INFO - Completed /viper/ptmp/arego/Red_T_7K_1_EN_100/14783.h5 in 1.64 seconds
2025-09-19 08:16:29,439 - INFO - Processing /viper/ptmp/arego/Red_T_7K_1/10648.h5
2025-09-19 08:16:29,439 - INFO - File 1775: Filtered 702049 hits and 7 records
2025-09-19 08:16:29,500 - INFO - Completed /viper/ptmp/arego/Red_T_7K_1_EN_100/19837.h5 in 2.79 seconds
2025-09-19 08:16:29,502 - INFO - Processing /viper/ptmp/arego/Red_T_7K_1/3922.h5
2025-09-19 08:16:29,531 - INFO - File 1025: Filtered 152979 hits and 2 records
2025-09-19 08:16:29,793 - INFO - File 10648: Filtered 487191 hits and 5 records
2025-09-19 08:16:29,806 - INFO - Processing /viper/ptmp/arego/Red_T_7K_1/4608.h5
2025-09-19 08:16:29,825 - INFO - File 3922: Filtered 417190 hits and 4 records
2025-09-19 08:16:30,218 - INFO - File 4608: Filtered 483546 hits and 4 records
2025-09-19 08:16:30,416 - INFO - Completed /viper/ptmp/arego/Red_T_7K_1_EN_100/20302.h5 in 2.80 seconds
2025-09-19 08:16:30,483 - INFO - Processing /viper/ptmp/arego/Red_T_7K_1/2052.h5
2025-09-19 08:16:30,538 - INFO - Completed /viper/ptmp/arego/Red_T_7K_1_EN_100/866.h5 in 1.72 seconds
2025-09-19 08:16:30,612 - INFO - Completed /viper/ptmp/arego/Red_T_7K_1_EN_100/21979.h5 in 2.48 seconds
2025-09-19 08:16:30,666 - INFO - Completed /viper/ptmp/arego/Red_T_7K_1_EN_100/19598.h5 in 2.20 seconds
2025-09-19 08:16:30,732 - INFO - Processing /viper/ptmp/arego/Red_T_7K_1/12286.h5
2025-09-19 08:16:30,758 - INFO - Processing /viper/ptmp/arego/Red_T_7K_1/16134.h5
2025-09-19 08:16:30,900 - INFO - File 2052: Filtered 1013156 hits and 2 records
2025-09-19 08:16:31,004 - INFO - Processing /viper/ptmp/arego/Red_T_7K_1/14508.h5
2025-09-19 08:16:31,079 - INFO - File 12286: Filtered 732200 hits and 5 records
2025-09-19 08:16:31,109 - INFO - Completed /viper/ptmp/arego/Red_T_7K_1_EN_100/4605.h5 in 4.13 seconds
2025-09-19 08:16:31,131 - INFO - File 16134: Filtered 514418 hits and 5 records
2025-09-19 08:16:31,181 - INFO - Processing /viper/ptmp/arego/Red_T_7K_1/18177.h5
2025-09-19 08:16:31,299 - INFO - Completed /viper/ptmp/arego/Red_T_7K_1_EN_100/1590.h5 in 2.72 seconds
2025-09-19 08:16:31,307 - INFO - Completed /viper/ptmp/arego/Red_T_7K_1_EN_100/15248.h5 in 2.35 seconds
2025-09-19 08:16:31,377 - INFO - Processing /viper/ptmp/arego/Red_T_7K_1/17909.h5
2025-09-19 08:16:31,430 - INFO - Processing /viper/ptmp/arego/Red_T_7K_1/10274.h5
2025-09-19 08:16:31,461 - INFO - File 14508: Filtered 160527 hits and 3 records
2025-09-19 08:16:31,551 - INFO - Completed /viper/ptmp/arego/Red_T_7K_1_EN_100/13024.h5 in 4.36 seconds
2025-09-19 08:16:31,610 - INFO - File 18177: Filtered 417793 hits and 2 records
2025-09-19 08:16:31,631 - INFO - Processing /viper/ptmp/arego/Red_T_7K_1/9175.h5
2025-09-19 08:16:31,716 - INFO - File 10274: Filtered 470454 hits and 9 records
2025-09-19 08:16:31,797 - INFO - File 17909: Filtered 1440839 hits and 6 records
2025-09-19 08:16:31,809 - INFO - Completed /viper/ptmp/arego/Red_T_7K_1_EN_100/2052.h5 in 1.33 seconds
2025-09-19 08:16:31,814 - INFO - Completed /viper/ptmp/arego/Red_T_7K_1_EN_100/1775.h5 in 2.74 seconds
2025-09-19 08:16:31,897 - INFO - Processing /viper/ptmp/arego/Red_T_7K_1/2341.h5
2025-09-19 08:16:31,933 - INFO - File 9175: Filtered 587500 hits and 5 records
2025-09-19 08:16:32,032 - INFO - Completed /viper/ptmp/arego/Red_T_7K_1_EN_100/4953.h5 in 4.13 seconds
2025-09-19 08:16:32,094 - INFO - Processing /viper/ptmp/arego/Red_T_7K_1/23312.h5
2025-09-19 08:16:32,245 - INFO - File 2341: Filtered 103462 hits and 1 records
2025-09-19 08:16:32,304 - INFO - Processing /viper/ptmp/arego/Red_T_7K_1/18297.h5
2025-09-19 08:16:32,405 - INFO - Completed /viper/ptmp/arego/Red_T_7K_1_EN_100/13598.h5 in 4.05 seconds
2025-09-19 08:16:32,541 - INFO - File 23312: Filtered 417861 hits and 5 records
2025-09-19 08:16:32,544 - INFO - Processing /viper/ptmp/arego/Red_T_7K_1/5835.h5
2025-09-19 08:16:32,573 - INFO - Completed /viper/ptmp/arego/Red_T_7K_1_EN_100/17909.h5 in 1.20 seconds
2025-09-19 08:16:32,690 - INFO - Completed /viper/ptmp/arego/Red_T_7K_1_EN_100/8933.h5 in 3.97 seconds
2025-09-19 08:16:32,762 - INFO - Processing /viper/ptmp/arego/Red_T_7K_1/2095.h5
2025-09-19 08:16:32,778 - INFO - Processing /viper/ptmp/arego/Red_T_7K_1/651.h5
2025-09-19 08:16:32,782 - INFO - File 18297: Filtered 573066 hits and 3 records
2025-09-19 08:16:32,984 - INFO - Completed /viper/ptmp/arego/Red_T_7K_1_EN_100/10274.h5 in 1.55 seconds
2025-09-19 08:16:33,011 - INFO - File 5835: Filtered 744615 hits and 7 records
2025-09-19 08:16:33,075 - INFO - Processing /viper/ptmp/arego/Red_T_7K_1/15550.h5
2025-09-19 08:16:33,129 - INFO - Completed /viper/ptmp/arego/Red_T_7K_1_EN_100/3922.h5 in 3.63 seconds
2025-09-19 08:16:33,142 - INFO - File 2095: Filtered 810764 hits and 8 records
2025-09-19 08:16:33,220 - INFO - File 651: Filtered 1102406 hits and 6 records
2025-09-19 08:16:33,342 - INFO - Completed /viper/ptmp/arego/Red_T_7K_1_EN_100/12286.h5 in 2.61 seconds
2025-09-19 08:16:33,383 - INFO - File 15550: Filtered 526496 hits and 4 records
2025-09-19 08:16:33,385 - INFO - Processing /viper/ptmp/arego/Red_T_7K_1/9374.h5
2025-09-19 08:16:33,404 - INFO - Completed /viper/ptmp/arego/Red_T_7K_1_EN_100/10648.h5 in 3.97 seconds
2025-09-19 08:16:33,454 - INFO - Completed /viper/ptmp/arego/Red_T_7K_1_EN_100/1025.h5 in 4.27 seconds
2025-09-19 08:16:33,478 - INFO - Processing /viper/ptmp/arego/Red_T_7K_1/6513.h5
2025-09-19 08:16:33,580 - INFO - Processing /viper/ptmp/arego/Red_T_7K_1/21062.h5
2025-09-19 08:16:33,689 - INFO - Completed /viper/ptmp/arego/Red_T_7K_1_EN_100/9175.h5 in 2.06 seconds
2025-09-19 08:16:33,791 - INFO - Processing /viper/ptmp/arego/Red_T_7K_1/2832.h5
2025-09-19 08:16:33,819 - INFO - File 9374: Filtered 46959 hits and 1 records
2025-09-19 08:16:33,860 - INFO - File 6513: Filtered 1050937 hits and 4 records
2025-09-19 08:16:34,019 - INFO - File 21062: Filtered 331785 hits and 3 records
2025-09-19 08:16:34,028 - INFO - Completed /viper/ptmp/arego/Red_T_7K_1_EN_100/4608.h5 in 4.22 seconds
2025-09-19 08:16:34,044 - INFO - Processing /viper/ptmp/arego/Red_T_7K_1/17727.h5
2025-09-19 08:16:34,143 - INFO - Completed /viper/ptmp/arego/Red_T_7K_1_EN_100/18177.h5 in 2.96 seconds
2025-09-19 08:16:34,206 - INFO - File 2832: Filtered 157311 hits and 3 records
2025-09-19 08:16:34,277 - INFO - Processing /viper/ptmp/arego/Red_T_7K_1/17191.h5
2025-09-19 08:16:34,480 - INFO - File 17727: Filtered 604425 hits and 3 records
2025-09-19 08:16:34,497 - INFO - Completed /viper/ptmp/arego/Red_T_7K_1_EN_100/651.h5 in 1.72 seconds
2025-09-19 08:16:34,517 - INFO - Processing /viper/ptmp/arego/Red_T_7K_1/17691.h5
2025-09-19 08:16:34,573 - INFO - Processing /viper/ptmp/arego/Red_T_7K_1/11506.h5
2025-09-19 08:16:34,659 - INFO - File 17191: Filtered 711863 hits and 6 records
2025-09-19 08:16:34,834 - INFO - Completed /viper/ptmp/arego/Red_T_7K_1_EN_100/16134.h5 in 4.08 seconds
2025-09-19 08:16:34,906 - INFO - File 17691: Filtered 724238 hits and 6 records
2025-09-19 08:16:34,926 - INFO - Processing /viper/ptmp/arego/Red_T_7K_1/7725.h5
2025-09-19 08:16:34,979 - INFO - File 11506: Filtered 718391 hits and 5 records
2025-09-19 08:16:35,120 - INFO - Completed /viper/ptmp/arego/Red_T_7K_1_EN_100/5835.h5 in 2.58 seconds
2025-09-19 08:16:35,269 - INFO - Processing /viper/ptmp/arego/Red_T_7K_1/8521.h5
2025-09-19 08:16:35,347 - INFO - File 7725: Filtered 444054 hits and 4 records
2025-09-19 08:16:35,697 - INFO - File 8521: Filtered 1172056 hits and 4 records
2025-09-19 08:16:35,962 - INFO - Completed /viper/ptmp/arego/Red_T_7K_1_EN_100/15550.h5 in 2.89 seconds
2025-09-19 08:16:36,005 - INFO - Processing /viper/ptmp/arego/Red_T_7K_1/14569.h5
2025-09-19 08:16:36,006 - INFO - Completed /viper/ptmp/arego/Red_T_7K_1_EN_100/6513.h5 in 2.53 seconds
2025-09-19 08:16:36,010 - INFO - Completed /viper/ptmp/arego/Red_T_7K_1_EN_100/2341.h5 in 4.11 seconds
2025-09-19 08:16:36,076 - INFO - Processing /viper/ptmp/arego/Red_T_7K_1/1558.h5
2025-09-19 08:16:36,209 - INFO - Completed /viper/ptmp/arego/Red_T_7K_1_EN_100/18297.h5 in 3.91 seconds
2025-09-19 08:16:36,339 - INFO - Processing /viper/ptmp/arego/Red_T_7K_1/4161.h5
2025-09-19 08:16:36,344 - INFO - Completed /viper/ptmp/arego/Red_T_7K_1_EN_100/23312.h5 in 4.25 seconds
2025-09-19 08:16:36,394 - INFO - File 14569: Filtered 235273 hits and 3 records
2025-09-19 08:16:36,509 - INFO - File 1558: Filtered 375843 hits and 3 records
2025-09-19 08:16:36,524 - INFO - Completed /viper/ptmp/arego/Red_T_7K_1_EN_100/2095.h5 in 3.76 seconds
2025-09-19 08:16:36,551 - INFO - Processing /viper/ptmp/arego/Red_T_7K_1/18560.h5
2025-09-19 08:16:36,606 - INFO - Processing /viper/ptmp/arego/Red_T_7K_1/16452.h5
2025-09-19 08:16:36,817 - INFO - Processing /viper/ptmp/arego/Red_T_7K_1/18510.h5
2025-09-19 08:16:36,832 - INFO - File 4161: Filtered 62128 hits and 2 records
2025-09-19 08:16:36,953 - INFO - Completed /viper/ptmp/arego/Red_T_7K_1_EN_100/11506.h5 in 2.38 seconds
2025-09-19 08:16:37,004 - INFO - File 18560: Filtered 721651 hits and 4 records
2025-09-19 08:16:37,048 - INFO - Processing /viper/ptmp/arego/Red_T_7K_1/1370.h5
2025-09-19 08:16:37,067 - INFO - File 16452: Filtered 263337 hits and 6 records
2025-09-19 08:16:37,076 - INFO - Completed /viper/ptmp/arego/Red_T_7K_1_EN_100/14508.h5 in 6.07 seconds
2025-09-19 08:16:37,248 - INFO - Completed /viper/ptmp/arego/Red_T_7K_1_EN_100/17191.h5 in 2.97 seconds
2025-09-19 08:16:37,312 - INFO - File 18510: Filtered 591840 hits and 6 records
2025-09-19 08:16:37,321 - INFO - Processing /viper/ptmp/arego/Red_T_7K_1/14008.h5
2025-09-19 08:16:37,324 - INFO - Processing /viper/ptmp/arego/Red_T_7K_1/14471.h5
2025-09-19 08:16:37,383 - INFO - Completed /viper/ptmp/arego/Red_T_7K_1_EN_100/21062.h5 in 3.80 seconds
2025-09-19 08:16:37,443 - INFO - Completed /viper/ptmp/arego/Red_T_7K_1_EN_100/8521.h5 in 2.17 seconds
2025-09-19 08:16:37,519 - INFO - File 1370: Filtered 834325 hits and 4 records
2025-09-19 08:16:37,547 - INFO - Processing /viper/ptmp/arego/Red_T_7K_1/23038.h5
2025-09-19 08:16:37,594 - INFO - Processing /viper/ptmp/arego/Red_T_7K_1/17489.h5
2025-09-19 08:16:37,605 - INFO - Completed /viper/ptmp/arego/Red_T_7K_1_EN_100/9374.h5 in 4.22 seconds
2025-09-19 08:16:37,760 - INFO - File 14008: Filtered 405639 hits and 4 records
2025-09-19 08:16:37,819 - INFO - File 14471: Filtered 86198 hits and 3 records
2025-09-19 08:16:37,885 - INFO - Processing /viper/ptmp/arego/Red_T_7K_1/5720.h5
2025-09-19 08:16:37,978 - INFO - Completed /viper/ptmp/arego/Red_T_7K_1_EN_100/17727.h5 in 3.93 seconds
2025-09-19 08:16:37,989 - INFO - File 23038: Filtered 544221 hits and 5 records
2025-09-19 08:16:38,047 - INFO - File 17489: Filtered 324348 hits and 3 records
2025-09-19 08:16:38,157 - INFO - Completed /viper/ptmp/arego/Red_T_7K_1_EN_100/17691.h5 in 3.64 seconds
2025-09-19 08:16:38,210 - INFO - Processing /viper/ptmp/arego/Red_T_7K_1/19199.h5
2025-09-19 08:16:38,343 - INFO - File 5720: Filtered 148963 hits and 3 records
2025-09-19 08:16:38,502 - INFO - Processing /viper/ptmp/arego/Red_T_7K_1/18453.h5
2025-09-19 08:16:38,698 - INFO - File 19199: Filtered 669433 hits and 5 records
2025-09-19 08:16:38,737 - INFO - Completed /viper/ptmp/arego/Red_T_7K_1_EN_100/7725.h5 in 3.81 seconds
2025-09-19 08:16:38,815 - INFO - Processing /viper/ptmp/arego/Red_T_7K_1/15210.h5
2025-09-19 08:16:38,969 - INFO - File 18453: Filtered 313487 hits and 4 records
2025-09-19 08:16:39,014 - INFO - Completed /viper/ptmp/arego/Red_T_7K_1_EN_100/2832.h5 in 5.22 seconds
2025-09-19 08:16:39,089 - INFO - Processing /viper/ptmp/arego/Red_T_7K_1/13431.h5
2025-09-19 08:16:39,201 - INFO - Completed /viper/ptmp/arego/Red_T_7K_1_EN_100/4161.h5 in 2.86 seconds
2025-09-19 08:16:39,240 - INFO - File 15210: Filtered 618691 hits and 6 records
2025-09-19 08:16:39,248 - INFO - Processing /viper/ptmp/arego/Red_T_7K_1/11414.h5
2025-09-19 08:16:39,516 - INFO - File 13431: Filtered 340867 hits and 6 records
2025-09-19 08:16:39,578 - INFO - File 11414: Filtered 586733 hits and 6 records
2025-09-19 08:16:40,276 - INFO - Completed /viper/ptmp/arego/Red_T_7K_1_EN_100/1558.h5 in 4.20 seconds
2025-09-19 08:16:40,343 - INFO - Processing /viper/ptmp/arego/Red_T_7K_1/10629.h5
2025-09-19 08:16:40,784 - INFO - Completed /viper/ptmp/arego/Red_T_7K_1_EN_100/16452.h5 in 4.18 seconds
2025-09-19 08:16:40,792 - INFO - File 10629: Filtered 600806 hits and 4 records
2025-09-19 08:16:40,862 - INFO - Processing /viper/ptmp/arego/Red_T_7K_1/3885.h5
2025-09-19 08:16:40,972 - INFO - Completed /viper/ptmp/arego/Red_T_7K_1_EN_100/1370.h5 in 3.92 seconds
2025-09-19 08:16:40,994 - INFO - Completed /viper/ptmp/arego/Red_T_7K_1_EN_100/18510.h5 in 4.18 seconds
2025-09-19 08:16:41,062 - INFO - Processing /viper/ptmp/arego/Red_T_7K_1/23371.h5
2025-09-19 08:16:41,182 - INFO - Completed /viper/ptmp/arego/Red_T_7K_1_EN_100/14569.h5 in 5.18 seconds
2025-09-19 08:16:41,217 - INFO - File 3885: Filtered 653508 hits and 4 records
2025-09-19 08:16:41,237 - INFO - Completed /viper/ptmp/arego/Red_T_7K_1_EN_100/18560.h5 in 4.69 seconds
2025-09-19 08:16:41,261 - INFO - Processing /viper/ptmp/arego/Red_T_7K_1/19862.h5
2025-09-19 08:16:41,264 - INFO - Processing /viper/ptmp/arego/Red_T_7K_1/9602.h5
2025-09-19 08:16:41,373 - INFO - Completed /viper/ptmp/arego/Red_T_7K_1_EN_100/14471.h5 in 4.05 seconds
2025-09-19 08:16:41,520 - INFO - Completed /viper/ptmp/arego/Red_T_7K_1_EN_100/14008.h5 in 4.20 seconds
2025-09-19 08:16:41,526 - INFO - File 23371: Filtered 307216 hits and 5 records
2025-09-19 08:16:41,563 - INFO - Processing /viper/ptmp/arego/Red_T_7K_1/20358.h5
2025-09-19 08:16:41,614 - INFO - Completed /viper/ptmp/arego/Red_T_7K_1_EN_100/23038.h5 in 4.07 seconds
2025-09-19 08:16:41,614 - INFO - Processing /viper/ptmp/arego/Red_T_7K_1/23387.h5
2025-09-19 08:16:41,691 - INFO - File 9602: Filtered 452065 hits and 4 records
2025-09-19 08:16:41,697 - INFO - Completed /viper/ptmp/arego/Red_T_7K_1_EN_100/5720.h5 in 3.81 seconds
2025-09-19 08:16:41,750 - INFO - File 19862: Filtered 481882 hits and 4 records
2025-09-19 08:16:41,821 - INFO - Processing /viper/ptmp/arego/Red_T_7K_1/1269.h5
2025-09-19 08:16:41,842 - INFO - Processing /viper/ptmp/arego/Red_T_7K_1/16135.h5
2025-09-19 08:16:41,968 - INFO - Completed /viper/ptmp/arego/Red_T_7K_1_EN_100/19199.h5 in 3.76 seconds
2025-09-19 08:16:42,036 - INFO - Processing /viper/ptmp/arego/Red_T_7K_1/11208.h5
2025-09-19 08:16:42,050 - INFO - File 20358: Filtered 992473 hits and 3 records
2025-09-19 08:16:42,071 - INFO - File 23387: Filtered 572730 hits and 4 records
2025-09-19 08:16:42,086 - INFO - Processing /viper/ptmp/arego/Red_T_7K_1/4956.h5
2025-09-19 08:16:42,293 - INFO - File 16135: Filtered 514327 hits and 5 records
2025-09-19 08:16:42,314 - INFO - File 1269: Filtered 82524 hits and 2 records
2025-09-19 08:16:42,422 - INFO - Completed /viper/ptmp/arego/Red_T_7K_1_EN_100/17489.h5 in 4.83 seconds
2025-09-19 08:16:42,521 - INFO - Processing /viper/ptmp/arego/Red_T_7K_1/8484.h5
2025-09-19 08:16:42,536 - INFO - File 11208: Filtered 937530 hits and 5 records
2025-09-19 08:16:42,555 - INFO - File 4956: Filtered 1314454 hits and 4 records
2025-09-19 08:16:42,845 - INFO - Completed /viper/ptmp/arego/Red_T_7K_1_EN_100/11414.h5 in 3.60 seconds
2025-09-19 08:16:42,859 - INFO - Completed /viper/ptmp/arego/Red_T_7K_1_EN_100/15210.h5 in 4.04 seconds
2025-09-19 08:16:42,912 - INFO - Processing /viper/ptmp/arego/Red_T_7K_1/20514.h5
2025-09-19 08:16:42,941 - INFO - File 8484: Filtered 464594 hits and 6 records
2025-09-19 08:16:43,150 - INFO - Processing /viper/ptmp/arego/Red_T_7K_1/20226.h5
2025-09-19 08:16:43,248 - INFO - Completed /viper/ptmp/arego/Red_T_7K_1_EN_100/13431.h5 in 4.16 seconds
2025-09-19 08:16:43,316 - INFO - Processing /viper/ptmp/arego/Red_T_7K_1/20371.h5
2025-09-19 08:16:43,371 - INFO - File 20514: Filtered 805734 hits and 3 records
2025-09-19 08:16:43,611 - INFO - File 20226: Filtered 740167 hits and 5 records
2025-09-19 08:16:43,663 - INFO - File 20371: Filtered 748156 hits and 5 records
2025-09-19 08:16:44,061 - INFO - Completed /viper/ptmp/arego/Red_T_7K_1_EN_100/18453.h5 in 5.56 seconds
2025-09-19 08:16:44,140 - INFO - Processing /viper/ptmp/arego/Red_T_7K_1/3089.h5
2025-09-19 08:16:44,578 - INFO - Completed /viper/ptmp/arego/Red_T_7K_1_EN_100/4956.h5 in 2.49 seconds
2025-09-19 08:16:44,606 - INFO - File 3089: Filtered 427136 hits and 4 records
2025-09-19 08:16:44,651 - INFO - Processing /viper/ptmp/arego/Red_T_7K_1/18854.h5
2025-09-19 08:16:44,689 - INFO - Completed /viper/ptmp/arego/Red_T_7K_1_EN_100/10629.h5 in 4.35 seconds
2025-09-19 08:16:44,761 - INFO - Processing /viper/ptmp/arego/Red_T_7K_1/19380.h5
2025-09-19 08:16:44,940 - INFO - Completed /viper/ptmp/arego/Red_T_7K_1_EN_100/16135.h5 in 3.10 seconds
2025-09-19 08:16:44,981 - INFO - Completed /viper/ptmp/arego/Red_T_7K_1_EN_100/3885.h5 in 4.12 seconds
2025-09-19 08:16:45,024 - INFO - Processing /viper/ptmp/arego/Red_T_7K_1/12146.h5
2025-09-19 08:16:45,105 - INFO - File 18854: Filtered 921827 hits and 5 records
2025-09-19 08:16:45,214 - INFO - File 19380: Filtered 905543 hits and 2 records
2025-09-19 08:16:45,236 - INFO - Processing /viper/ptmp/arego/Red_T_7K_1/4113.h5
2025-09-19 08:16:45,403 - INFO - Completed /viper/ptmp/arego/Red_T_7K_1_EN_100/23371.h5 in 4.34 seconds
2025-09-19 08:16:45,446 - INFO - Processing /viper/ptmp/arego/Red_T_7K_1/19965.h5
2025-09-19 08:16:45,463 - INFO - File 12146: Filtered 772178 hits and 5 records
2025-09-19 08:16:45,531 - INFO - Completed /viper/ptmp/arego/Red_T_7K_1_EN_100/20358.h5 in 3.97 seconds
2025-09-19 08:16:45,614 - INFO - Completed /viper/ptmp/arego/Red_T_7K_1_EN_100/9602.h5 in 4.35 seconds
2025-09-19 08:16:45,711 - INFO - Processing /viper/ptmp/arego/Red_T_7K_1/11052.h5
2025-09-19 08:16:45,754 - INFO - File 4113: Filtered 754859 hits and 3 records
2025-09-19 08:16:45,758 - INFO - Processing /viper/ptmp/arego/Red_T_7K_1/3159.h5
2025-09-19 08:16:45,890 - INFO - File 19965: Filtered 489314 hits and 5 records
2025-09-19 08:16:45,977 - INFO - Completed /viper/ptmp/arego/Red_T_7K_1_EN_100/23387.h5 in 4.36 seconds
2025-09-19 08:16:46,042 - INFO - Completed /viper/ptmp/arego/Red_T_7K_1_EN_100/11208.h5 in 4.01 seconds
2025-09-19 08:16:46,088 - INFO - Processing /viper/ptmp/arego/Red_T_7K_1/5215.h5
2025-09-19 08:16:46,116 - INFO - File 11052: Filtered 615879 hits and 4 records
2025-09-19 08:16:46,124 - INFO - Processing /viper/ptmp/arego/Red_T_7K_1/18211.h5
2025-09-19 08:16:46,351 - INFO - File 3159: Filtered 808071 hits and 6 records
2025-09-19 08:16:46,504 - INFO - Completed /viper/ptmp/arego/Red_T_7K_1_EN_100/8484.h5 in 3.98 seconds
2025-09-19 08:16:46,534 - INFO - File 5215: Filtered 1219313 hits and 5 records
2025-09-19 08:16:46,548 - INFO - Processing /viper/ptmp/arego/Red_T_7K_1/11315.h5
2025-09-19 08:16:46,593 - INFO - Completed /viper/ptmp/arego/Red_T_7K_1_EN_100/19862.h5 in 5.33 seconds
2025-09-19 08:16:46,668 - INFO - Processing /viper/ptmp/arego/Red_T_7K_1/1296.h5
2025-09-19 08:16:46,732 - INFO - File 18211: Filtered 199711 hits and 2 records
2025-09-19 08:16:47,018 - INFO - Completed /viper/ptmp/arego/Red_T_7K_1_EN_100/20514.h5 in 4.11 seconds
2025-09-19 08:16:47,029 - INFO - Completed /viper/ptmp/arego/Red_T_7K_1_EN_100/20371.h5 in 3.71 seconds
2025-09-19 08:16:47,034 - INFO - File 11315: Filtered 802891 hits and 6 records
2025-09-19 08:16:47,105 - INFO - Processing /viper/ptmp/arego/Red_T_7K_1/16922.h5
2025-09-19 08:16:47,131 - INFO - Processing /viper/ptmp/arego/Red_T_7K_1/11493.h5
2025-09-19 08:16:47,191 - INFO - Completed /viper/ptmp/arego/Red_T_7K_1_EN_100/20226.h5 in 4.04 seconds
2025-09-19 08:16:47,200 - INFO - File 1296: Filtered 416045 hits and 3 records
2025-09-19 08:16:47,404 - INFO - Processing /viper/ptmp/arego/Red_T_7K_1/21784.h5
2025-09-19 08:16:47,592 - INFO - File 11493: Filtered 1255987 hits and 7 records
2025-09-19 08:16:47,949 - INFO - File 21784: Filtered 730273 hits and 4 records
2025-09-19 08:16:48,065 - INFO - File 16922: Filtered 444024 hits and 4 records
2025-09-19 08:16:48,327 - INFO - Completed /viper/ptmp/arego/Red_T_7K_1_EN_100/5215.h5 in 2.24 seconds
2025-09-19 08:16:48,367 - INFO - Processing /viper/ptmp/arego/Red_T_7K_1/9550.h5
2025-09-19 08:16:48,585 - INFO - Completed /viper/ptmp/arego/Red_T_7K_1_EN_100/19380.h5 in 3.82 seconds
2025-09-19 08:16:48,629 - INFO - Processing /viper/ptmp/arego/Red_T_7K_1/5508.h5
2025-09-19 08:16:48,790 - INFO - File 9550: Filtered 1084492 hits and 9 records
2025-09-19 08:16:49,021 - INFO - Completed /viper/ptmp/arego/Red_T_7K_1_EN_100/1269.h5 in 7.20 seconds
2025-09-19 08:16:49,071 - INFO - Processing /viper/ptmp/arego/Red_T_7K_1/17557.h5
2025-09-19 08:16:49,120 - INFO - Completed /viper/ptmp/arego/Red_T_7K_1_EN_100/18854.h5 in 4.47 seconds
2025-09-19 08:16:49,125 - INFO - File 5508: Filtered 2030229 hits and 5 records
2025-09-19 08:16:49,169 - INFO - Completed /viper/ptmp/arego/Red_T_7K_1_EN_100/12146.h5 in 4.14 seconds
2025-09-19 08:16:49,180 - INFO - Processing /viper/ptmp/arego/Red_T_7K_1/6160.h5
2025-09-19 08:16:49,450 - INFO - Processing /viper/ptmp/arego/Red_T_7K_1/25987.h5
2025-09-19 08:16:49,454 - INFO - Completed /viper/ptmp/arego/Red_T_7K_1_EN_100/3089.h5 in 5.31 seconds
2025-09-19 08:16:49,596 - INFO - File 17557: Filtered 535865 hits and 4 records
2025-09-19 08:16:49,624 - INFO - Processing /viper/ptmp/arego/Red_T_7K_1/1480.h5
2025-09-19 08:16:49,662 - INFO - File 6160: Filtered 428667 hits and 3 records
2025-09-19 08:16:49,846 - INFO - File 25987: Filtered 633789 hits and 6 records
2025-09-19 08:16:49,860 - INFO - Completed /viper/ptmp/arego/Red_T_7K_1_EN_100/5508.h5 in 1.23 seconds
2025-09-19 08:16:49,921 - INFO - Processing /viper/ptmp/arego/Red_T_7K_1/6380.h5
2025-09-19 08:16:49,955 - INFO - Completed /viper/ptmp/arego/Red_T_7K_1_EN_100/4113.h5 in 4.72 seconds
2025-09-19 08:16:50,000 - INFO - Completed /viper/ptmp/arego/Red_T_7K_1_EN_100/11493.h5 in 2.87 seconds
2025-09-19 08:16:50,044 - INFO - Processing /viper/ptmp/arego/Red_T_7K_1/3155.h5
2025-09-19 08:16:50,205 - INFO - File 1480: Filtered 678680 hits and 4 records
2025-09-19 08:16:50,212 - INFO - Processing /viper/ptmp/arego/Red_T_7K_1/15983.h5
2025-09-19 08:16:50,217 - INFO - Completed /viper/ptmp/arego/Red_T_7K_1_EN_100/11052.h5 in 4.51 seconds
2025-09-19 08:16:50,418 - INFO - Processing /viper/ptmp/arego/Red_T_7K_1/5353.h5
2025-09-19 08:16:50,473 - INFO - File 6380: Filtered 191792 hits and 3 records
2025-09-19 08:16:50,537 - INFO - File 3155: Filtered 277727 hits and 2 records
2025-09-19 08:16:50,797 - INFO - File 15983: Filtered 913066 hits and 7 records
2025-09-19 08:16:50,925 - INFO - File 5353: Filtered 1298789 hits and 4 records
2025-09-19 08:16:51,020 - INFO - Completed /viper/ptmp/arego/Red_T_7K_1_EN_100/19965.h5 in 5.57 seconds
2025-09-19 08:16:51,098 - INFO - Processing /viper/ptmp/arego/Red_T_7K_1/7643.h5
2025-09-19 08:16:51,202 - INFO - Completed /viper/ptmp/arego/Red_T_7K_1_EN_100/11315.h5 in 4.65 seconds
2025-09-19 08:16:51,268 - INFO - Processing /viper/ptmp/arego/Red_T_7K_1/20423.h5
2025-09-19 08:16:51,323 - INFO - Completed /viper/ptmp/arego/Red_T_7K_1_EN_100/3159.h5 in 5.56 seconds
2025-09-19 08:16:51,398 - INFO - Processing /viper/ptmp/arego/Red_T_7K_1/23377.h5
2025-09-19 08:16:51,609 - INFO - File 7643: Filtered 619171 hits and 4 records
2025-09-19 08:16:51,683 - INFO - File 20423: Filtered 1209532 hits and 6 records
2025-09-19 08:16:51,994 - INFO - File 23377: Filtered 875109 hits and 6 records
2025-09-19 08:16:52,086 - INFO - Completed /viper/ptmp/arego/Red_T_7K_1_EN_100/9550.h5 in 3.72 seconds
2025-09-19 08:16:52,156 - INFO - Processing /viper/ptmp/arego/Red_T_7K_1/2668.h5
2025-09-19 08:16:52,619 - INFO - File 2668: Filtered 1120248 hits and 3 records
2025-09-19 08:16:52,836 - INFO - Completed /viper/ptmp/arego/Red_T_7K_1_EN_100/5353.h5 in 2.42 seconds
2025-09-19 08:16:52,901 - INFO - Processing /viper/ptmp/arego/Red_T_7K_1/20612.h5
2025-09-19 08:16:53,276 - INFO - Completed /viper/ptmp/arego/Red_T_7K_1_EN_100/1296.h5 in 6.61 seconds
2025-09-19 08:16:53,319 - INFO - Completed /viper/ptmp/arego/Red_T_7K_1_EN_100/17557.h5 in 4.25 seconds
2025-09-19 08:16:53,328 - INFO - File 20612: Filtered 1201811 hits and 6 records
2025-09-19 08:16:53,344 - INFO - Processing /viper/ptmp/arego/Red_T_7K_1/18377.h5
2025-09-19 08:16:53,511 - INFO - Completed /viper/ptmp/arego/Red_T_7K_1_EN_100/25987.h5 in 4.06 seconds
2025-09-19 08:16:53,555 - INFO - Completed /viper/ptmp/arego/Red_T_7K_1_EN_100/21784.h5 in 6.15 seconds
2025-09-19 08:16:53,587 - INFO - Processing /viper/ptmp/arego/Red_T_7K_1/6628.h5
2025-09-19 08:16:53,606 - INFO - Processing /viper/ptmp/arego/Red_T_7K_1/4980.h5
2025-09-19 08:16:53,879 - INFO - Processing /viper/ptmp/arego/Red_T_7K_1/20881.h5
2025-09-19 08:16:53,912 - INFO - File 18377: Filtered 610215 hits and 4 records
2025-09-19 08:16:54,042 - INFO - Completed /viper/ptmp/arego/Red_T_7K_1_EN_100/20423.h5 in 2.77 seconds
2025-09-19 08:16:54,076 - INFO - File 6628: Filtered 873028 hits and 5 records
2025-09-19 08:16:54,084 - INFO - Completed /viper/ptmp/arego/Red_T_7K_1_EN_100/1480.h5 in 4.46 seconds
2025-09-19 08:16:54,116 - INFO - Processing /viper/ptmp/arego/Red_T_7K_1/8942.h5
2025-09-19 08:16:54,171 - INFO - File 4980: Filtered 482355 hits and 5 records
2025-09-19 08:16:54,394 - INFO - Processing /viper/ptmp/arego/Red_T_7K_1/19665.h5
2025-09-19 08:16:54,511 - INFO - File 20881: Filtered 672712 hits and 6 records
2025-09-19 08:16:54,672 - INFO - File 8942: Filtered 126229 hits and 2 records
2025-09-19 08:16:54,934 - INFO - File 19665: Filtered 129442 hits and 2 records
2025-09-19 08:16:55,737 - INFO - Completed /viper/ptmp/arego/Red_T_7K_1_EN_100/15983.h5 in 5.53 seconds
2025-09-19 08:16:55,775 - INFO - Completed /viper/ptmp/arego/Red_T_7K_1_EN_100/6160.h5 in 6.59 seconds
2025-09-19 08:16:55,783 - INFO - Completed /viper/ptmp/arego/Red_T_7K_1_EN_100/18211.h5 in 9.66 seconds
2025-09-19 08:16:55,809 - INFO - Processing /viper/ptmp/arego/Red_T_7K_1/9280.h5
2025-09-19 08:16:55,844 - INFO - Processing /viper/ptmp/arego/Red_T_7K_1/2124.h5
2025-09-19 08:16:56,047 - INFO - Processing /viper/ptmp/arego/Red_T_7K_1/15644.h5
2025-09-19 08:16:56,077 - INFO - Completed /viper/ptmp/arego/Red_T_7K_1_EN_100/2668.h5 in 3.92 seconds
2025-09-19 08:16:56,171 - INFO - Processing /viper/ptmp/arego/Red_T_7K_1/23368.h5
2025-09-19 08:16:56,292 - INFO - File 9280: Filtered 293911 hits and 4 records
2025-09-19 08:16:56,366 - INFO - File 2124: Filtered 900630 hits and 7 records
2025-09-19 08:16:56,497 - INFO - Completed /viper/ptmp/arego/Red_T_7K_1_EN_100/20612.h5 in 3.60 seconds
2025-09-19 08:16:56,519 - INFO - File 15644: Filtered 484247 hits and 4 records
2025-09-19 08:16:56,589 - INFO - Processing /viper/ptmp/arego/Red_T_7K_1/17932.h5
2025-09-19 08:16:56,732 - INFO - File 23368: Filtered 1426716 hits and 8 records
2025-09-19 08:16:56,826 - INFO - Completed /viper/ptmp/arego/Red_T_7K_1_EN_100/7643.h5 in 5.73 seconds
2025-09-19 08:16:56,894 - INFO - Processing /viper/ptmp/arego/Red_T_7K_1/20081.h5
2025-09-19 08:16:57,041 - INFO - Completed /viper/ptmp/arego/Red_T_7K_1_EN_100/23377.h5 in 5.64 seconds
2025-09-19 08:16:57,092 - INFO - File 17932: Filtered 1290800 hits and 7 records
2025-09-19 08:16:57,167 - INFO - Completed /viper/ptmp/arego/Red_T_7K_1_EN_100/3155.h5 in 7.12 seconds
2025-09-19 08:16:57,207 - INFO - Processing /viper/ptmp/arego/Red_T_7K_1/15778.h5
2025-09-19 08:16:57,231 - INFO - Processing /viper/ptmp/arego/Red_T_7K_1/10914.h5
2025-09-19 08:16:57,450 - INFO - File 20081: Filtered 1156069 hits and 7 records
2025-09-19 08:16:57,722 - INFO - File 10914: Filtered 695896 hits and 4 records
2025-09-19 08:16:57,783 - INFO - File 15778: Filtered 835064 hits and 6 records
2025-09-19 08:16:58,406 - INFO - Completed /viper/ptmp/arego/Red_T_7K_1_EN_100/20881.h5 in 4.53 seconds
2025-09-19 08:16:58,477 - INFO - Processing /viper/ptmp/arego/Red_T_7K_1/23028.h5
2025-09-19 08:16:58,649 - INFO - Completed /viper/ptmp/arego/Red_T_7K_1_EN_100/2124.h5 in 2.81 seconds
2025-09-19 08:16:58,684 - INFO - Completed /viper/ptmp/arego/Red_T_7K_1_EN_100/6628.h5 in 5.10 seconds
2025-09-19 08:16:58,716 - INFO - Processing /viper/ptmp/arego/Red_T_7K_1/12827.h5
2025-09-19 08:16:58,759 - INFO - Completed /viper/ptmp/arego/Red_T_7K_1_EN_100/6380.h5 in 8.84 seconds
2025-09-19 08:16:58,847 - INFO - Processing /viper/ptmp/arego/Red_T_7K_1/15378.h5
2025-09-19 08:16:58,968 - INFO - Processing /viper/ptmp/arego/Red_T_7K_1/17886.h5
2025-09-19 08:16:58,974 - INFO - File 23028: Filtered 1021966 hits and 6 records
2025-09-19 08:16:59,339 - INFO - File 12827: Filtered 2259580 hits and 7 records
2025-09-19 08:16:59,406 - INFO - File 15378: Filtered 246971 hits and 2 records
2025-09-19 08:16:59,492 - INFO - File 17886: Filtered 1013025 hits and 4 records
2025-09-19 08:16:59,788 - INFO - Completed /viper/ptmp/arego/Red_T_7K_1_EN_100/18377.h5 in 6.44 seconds
2025-09-19 08:16:59,855 - INFO - Processing /viper/ptmp/arego/Red_T_7K_1/11072.h5
2025-09-19 08:16:59,988 - INFO - Completed /viper/ptmp/arego/Red_T_7K_1_EN_100/23368.h5 in 3.82 seconds
2025-09-19 08:17:00,049 - INFO - Completed /viper/ptmp/arego/Red_T_7K_1_EN_100/8942.h5 in 5.93 seconds
2025-09-19 08:17:00,053 - INFO - Processing /viper/ptmp/arego/Red_T_7K_1/286.h5
2025-09-19 08:17:00,321 - INFO - Processing /viper/ptmp/arego/Red_T_7K_1/16723.h5
2025-09-19 08:17:00,351 - INFO - File 11072: Filtered 816394 hits and 4 records
2025-09-19 08:17:00,567 - INFO - File 286: Filtered 1760535 hits and 3 records
2025-09-19 08:17:00,570 - INFO - Completed /viper/ptmp/arego/Red_T_7K_1_EN_100/4980.h5 in 6.96 seconds
2025-09-19 08:17:00,637 - INFO - Processing /viper/ptmp/arego/Red_T_7K_1/9543.h5
2025-09-19 08:17:00,693 - INFO - Completed /viper/ptmp/arego/Red_T_7K_1_EN_100/17932.h5 in 4.10 seconds
2025-09-19 08:17:00,723 - INFO - Completed /viper/ptmp/arego/Red_T_7K_1_EN_100/19665.h5 in 6.33 seconds
2025-09-19 08:17:00,777 - INFO - Processing /viper/ptmp/arego/Red_T_7K_1/20341.h5
2025-09-19 08:17:00,837 - INFO - File 16723: Filtered 744331 hits and 6 records
2025-09-19 08:17:01,050 - INFO - Processing /viper/ptmp/arego/Red_T_7K_1/16094.h5
2025-09-19 08:17:01,166 - INFO - File 9543: Filtered 1410098 hits and 9 records
2025-09-19 08:17:01,232 - INFO - File 20341: Filtered 879874 hits and 5 records
2025-09-19 08:17:01,447 - INFO - Completed /viper/ptmp/arego/Red_T_7K_1_EN_100/286.h5 in 1.39 seconds
2025-09-19 08:17:01,548 - INFO - Processing /viper/ptmp/arego/Red_T_7K_1/1103.h5
2025-09-19 08:17:01,553 - INFO - Completed /viper/ptmp/arego/Red_T_7K_1_EN_100/12827.h5 in 2.84 seconds
2025-09-19 08:17:01,577 - INFO - File 16094: Filtered 1429006 hits and 9 records
2025-09-19 08:17:01,611 - INFO - Completed /viper/ptmp/arego/Red_T_7K_1_EN_100/10914.h5 in 4.38 seconds
2025-09-19 08:17:01,645 - INFO - Completed /viper/ptmp/arego/Red_T_7K_1_EN_100/15644.h5 in 5.60 seconds
2025-09-19 08:17:01,735 - INFO - Processing /viper/ptmp/arego/Red_T_7K_1/9412.h5
2025-09-19 08:17:01,786 - INFO - Processing /viper/ptmp/arego/Red_T_7K_1/22348.h5
2025-09-19 08:17:02,034 - INFO - Processing /viper/ptmp/arego/Red_T_7K_1/6570.h5
2025-09-19 08:17:02,103 - INFO - File 1103: Filtered 408443 hits and 4 records
2025-09-19 08:17:02,273 - INFO - File 9412: Filtered 454960 hits and 4 records
2025-09-19 08:17:02,368 - INFO - Completed /viper/ptmp/arego/Red_T_7K_1_EN_100/16922.h5 in 15.26 seconds
2025-09-19 08:17:02,383 - INFO - File 22348: Filtered 752224 hits and 3 records
2025-09-19 08:17:02,497 - INFO - Processing /viper/ptmp/arego/Red_T_7K_1/5127.h5
2025-09-19 08:17:02,509 - INFO - Completed /viper/ptmp/arego/Red_T_7K_1_EN_100/20081.h5 in 5.62 seconds
2025-09-19 08:17:02,567 - INFO - Completed /viper/ptmp/arego/Red_T_7K_1_EN_100/15778.h5 in 5.36 seconds
2025-09-19 08:17:02,583 - INFO - Processing /viper/ptmp/arego/Red_T_7K_1/6277.h5
2025-09-19 08:17:02,687 - INFO - Completed /viper/ptmp/arego/Red_T_7K_1_EN_100/9280.h5 in 6.88 seconds
2025-09-19 08:17:02,692 - INFO - File 6570: Filtered 872640 hits and 3 records
2025-09-19 08:17:02,855 - INFO - Processing /viper/ptmp/arego/Red_T_7K_1/6149.h5
2025-09-19 08:17:03,005 - INFO - File 5127: Filtered 616494 hits and 4 records
2025-09-19 08:17:03,092 - INFO - Processing /viper/ptmp/arego/Red_T_7K_1/1979.h5
2025-09-19 08:17:03,118 - INFO - File 6277: Filtered 776030 hits and 5 records
2025-09-19 08:17:03,401 - INFO - Completed /viper/ptmp/arego/Red_T_7K_1_EN_100/17886.h5 in 4.43 seconds
2025-09-19 08:17:03,447 - INFO - File 6149: Filtered 291852 hits and 2 records
2025-09-19 08:17:03,471 - INFO - Processing /viper/ptmp/arego/Red_T_7K_1/8686.h5
2025-09-19 08:17:03,761 - INFO - Completed /viper/ptmp/arego/Red_T_7K_1_EN_100/23028.h5 in 5.28 seconds
2025-09-19 08:17:03,777 - INFO - File 1979: Filtered 726105 hits and 2 records
2025-09-19 08:17:03,840 - INFO - Processing /viper/ptmp/arego/Red_T_7K_1/19851.h5
2025-09-19 08:17:03,942 - INFO - File 8686: Filtered 1421519 hits and 5 records
2025-09-19 08:17:04,517 - INFO - File 19851: Filtered 456154 hits and 3 records
2025-09-19 08:17:04,723 - INFO - Completed /viper/ptmp/arego/Red_T_7K_1_EN_100/9543.h5 in 4.09 seconds
2025-09-19 08:17:04,798 - INFO - Processing /viper/ptmp/arego/Red_T_7K_1/4825.h5
2025-09-19 08:17:04,892 - INFO - Completed /viper/ptmp/arego/Red_T_7K_1_EN_100/16094.h5 in 3.84 seconds
2025-09-19 08:17:04,956 - INFO - Processing /viper/ptmp/arego/Red_T_7K_1/6339.h5
2025-09-19 08:17:05,087 - INFO - Completed /viper/ptmp/arego/Red_T_7K_1_EN_100/20341.h5 in 4.31 seconds
2025-09-19 08:17:05,242 - INFO - Processing /viper/ptmp/arego/Red_T_7K_1/16200.h5
2025-09-19 08:17:05,382 - INFO - Completed /viper/ptmp/arego/Red_T_7K_1_EN_100/11072.h5 in 5.53 seconds
2025-09-19 08:17:05,457 - INFO - File 4825: Filtered 534637 hits and 4 records
2025-09-19 08:17:05,470 - INFO - Processing /viper/ptmp/arego/Red_T_7K_1/10942.h5
2025-09-19 08:17:05,472 - INFO - File 6339: Filtered 892484 hits and 6 records
2025-09-19 08:17:05,568 - INFO - Completed /viper/ptmp/arego/Red_T_7K_1_EN_100/16723.h5 in 5.25 seconds
2025-09-19 08:17:05,658 - INFO - Processing /viper/ptmp/arego/Red_T_7K_1/13007.h5
2025-09-19 08:17:05,800 - INFO - File 16200: Filtered 1361856 hits and 8 records
2025-09-19 08:17:06,029 - INFO - File 10942: Filtered 2007485 hits and 5 records
2025-09-19 08:17:06,159 - INFO - File 13007: Filtered 1705529 hits and 5 records
2025-09-19 08:17:06,833 - INFO - Completed /viper/ptmp/arego/Red_T_7K_1_EN_100/6570.h5 in 4.80 seconds
2025-09-19 08:17:06,899 - INFO - Processing /viper/ptmp/arego/Red_T_7K_1/16278.h5
2025-09-19 08:17:06,929 - INFO - Completed /viper/ptmp/arego/Red_T_7K_1_EN_100/13007.h5 in 1.27 seconds
2025-09-19 08:17:07,179 - INFO - Processing /viper/ptmp/arego/Red_T_7K_1/10050.h5
2025-09-19 08:17:07,361 - INFO - Completed /viper/ptmp/arego/Red_T_7K_1_EN_100/8686.h5 in 3.89 seconds
2025-09-19 08:17:07,362 - INFO - Completed /viper/ptmp/arego/Red_T_7K_1_EN_100/15378.h5 in 8.52 seconds
2025-09-19 08:17:07,380 - INFO - Completed /viper/ptmp/arego/Red_T_7K_1_EN_100/22348.h5 in 5.59 seconds
2025-09-19 08:17:07,433 - INFO - Processing /viper/ptmp/arego/Red_T_7K_1/5082.h5
2025-09-19 08:17:07,441 - INFO - Processing /viper/ptmp/arego/Red_T_7K_1/20445.h5
2025-09-19 08:17:07,445 - INFO - File 16278: Filtered 742769 hits and 6 records
2025-09-19 08:17:07,733 - INFO - File 10050: Filtered 1202412 hits and 5 records
2025-09-19 08:17:07,776 - INFO - Processing /viper/ptmp/arego/Red_T_7K_1/13070.h5
2025-09-19 08:17:07,866 - INFO - Completed /viper/ptmp/arego/Red_T_7K_1_EN_100/10942.h5 in 2.40 seconds
2025-09-19 08:17:07,954 - INFO - Processing /viper/ptmp/arego/Red_T_7K_1/23379.h5
2025-09-19 08:17:08,034 - INFO - File 20445: Filtered 568592 hits and 3 records
2025-09-19 08:17:08,060 - INFO - File 5082: Filtered 977327 hits and 4 records
2025-09-19 08:17:08,230 - INFO - Completed /viper/ptmp/arego/Red_T_7K_1_EN_100/19851.h5 in 4.39 seconds
2025-09-19 08:17:08,304 - INFO - Processing /viper/ptmp/arego/Red_T_7K_1/17867.h5
2025-09-19 08:17:08,357 - INFO - File 13070: Filtered 1116115 hits and 2 records
2025-09-19 08:17:08,478 - INFO - Completed /viper/ptmp/arego/Red_T_7K_1_EN_100/1103.h5 in 6.93 seconds
2025-09-19 08:17:08,554 - INFO - Processing /viper/ptmp/arego/Red_T_7K_1/18443.h5
2025-09-19 08:17:08,594 - INFO - File 23379: Filtered 1167127 hits and 4 records
2025-09-19 08:17:08,984 - INFO - File 17867: Filtered 996135 hits and 8 records
2025-09-19 08:17:09,073 - INFO - File 18443: Filtered 1040816 hits and 8 records
2025-09-19 08:17:09,082 - INFO - Completed /viper/ptmp/arego/Red_T_7K_1_EN_100/9412.h5 in 7.35 seconds
2025-09-19 08:17:09,160 - INFO - Processing /viper/ptmp/arego/Red_T_7K_1/6648.h5
2025-09-19 08:17:09,220 - INFO - Completed /viper/ptmp/arego/Red_T_7K_1_EN_100/5127.h5 in 6.72 seconds
2025-09-19 08:17:09,264 - INFO - Processing /viper/ptmp/arego/Red_T_7K_1/17195.h5
2025-09-19 08:17:09,696 - INFO - Completed /viper/ptmp/arego/Red_T_7K_1_EN_100/16200.h5 in 4.45 seconds
2025-09-19 08:17:09,738 - INFO - File 6648: Filtered 1299081 hits and 3 records
2025-09-19 08:17:09,774 - INFO - Processing /viper/ptmp/arego/Red_T_7K_1/12233.h5
2025-09-19 08:17:09,775 - INFO - File 17195: Filtered 638047 hits and 2 records
2025-09-19 08:17:09,861 - INFO - Completed /viper/ptmp/arego/Red_T_7K_1_EN_100/6277.h5 in 7.28 seconds
2025-09-19 08:17:09,963 - INFO - Processing /viper/ptmp/arego/Red_T_7K_1/14157.h5
2025-09-19 08:17:10,091 - INFO - Completed /viper/ptmp/arego/Red_T_7K_1_EN_100/1979.h5 in 7.00 seconds
2025-09-19 08:17:10,247 - INFO - Processing /viper/ptmp/arego/Red_T_7K_1/729.h5
2025-09-19 08:17:10,290 - INFO - File 12233: Filtered 142707 hits and 4 records
2025-09-19 08:17:10,616 - INFO - File 14157: Filtered 914504 hits and 3 records
2025-09-19 08:17:10,671 - INFO - Completed /viper/ptmp/arego/Red_T_7K_1_EN_100/4825.h5 in 5.87 seconds
2025-09-19 08:17:10,778 - INFO - Processing /viper/ptmp/arego/Red_T_7K_1/15212.h5
2025-09-19 08:17:10,847 - INFO - File 729: Filtered 1394322 hits and 6 records
2025-09-19 08:17:11,372 - INFO - File 15212: Filtered 1719523 hits and 5 records
2025-09-19 08:17:11,382 - INFO - Completed /viper/ptmp/arego/Red_T_7K_1_EN_100/6149.h5 in 8.53 seconds
2025-09-19 08:17:11,388 - INFO - Completed /viper/ptmp/arego/Red_T_7K_1_EN_100/6339.h5 in 6.43 seconds
2025-09-19 08:17:11,456 - INFO - Processing /viper/ptmp/arego/Red_T_7K_1/12920.h5
2025-09-19 08:17:11,467 - INFO - Processing /viper/ptmp/arego/Red_T_7K_1/18827.h5
2025-09-19 08:17:11,470 - INFO - Completed /viper/ptmp/arego/Red_T_7K_1_EN_100/10050.h5 in 4.29 seconds
2025-09-19 08:17:11,711 - INFO - Processing /viper/ptmp/arego/Red_T_7K_1/4005.h5
2025-09-19 08:17:12,031 - INFO - File 12920: Filtered 564427 hits and 5 records
2025-09-19 08:17:12,045 - INFO - File 18827: Filtered 1133482 hits and 4 records
2025-09-19 08:17:12,272 - INFO - Completed /viper/ptmp/arego/Red_T_7K_1_EN_100/13070.h5 in 4.50 seconds
2025-09-19 08:17:12,304 - INFO - File 4005: Filtered 1087853 hits and 6 records
2025-09-19 08:17:12,360 - INFO - Processing /viper/ptmp/arego/Red_T_7K_1/3803.h5
2025-09-19 08:17:12,721 - INFO - Completed /viper/ptmp/arego/Red_T_7K_1_EN_100/18443.h5 in 4.17 seconds
2025-09-19 08:17:12,809 - INFO - Processing /viper/ptmp/arego/Red_T_7K_1/4524.h5
2025-09-19 08:17:12,913 - INFO - File 3803: Filtered 659922 hits and 5 records
2025-09-19 08:17:13,376 - INFO - File 4524: Filtered 500772 hits and 2 records
2025-09-19 08:17:13,600 - INFO - Completed /viper/ptmp/arego/Red_T_7K_1_EN_100/16278.h5 in 6.70 seconds
2025-09-19 08:17:13,684 - INFO - Processing /viper/ptmp/arego/Red_T_7K_1/14856.h5
2025-09-19 08:17:13,938 - INFO - Completed /viper/ptmp/arego/Red_T_7K_1_EN_100/729.h5 in 3.69 seconds
2025-09-19 08:17:13,946 - INFO - Completed /viper/ptmp/arego/Red_T_7K_1_EN_100/20445.h5 in 6.51 seconds
2025-09-19 08:17:13,977 - INFO - Processing /viper/ptmp/arego/Red_T_7K_1/3971.h5
2025-09-19 08:17:13,985 - INFO - Processing /viper/ptmp/arego/Red_T_7K_1/5232.h5
2025-09-19 08:17:14,143 - INFO - Completed /viper/ptmp/arego/Red_T_7K_1_EN_100/23379.h5 in 6.19 seconds
2025-09-19 08:17:14,245 - INFO - Processing /viper/ptmp/arego/Red_T_7K_1/7063.h5
2025-09-19 08:17:14,258 - INFO - File 14856: Filtered 782325 hits and 5 records
2025-09-19 08:17:14,548 - INFO - Completed /viper/ptmp/arego/Red_T_7K_1_EN_100/6648.h5 in 5.39 seconds
2025-09-19 08:17:14,615 - INFO - File 5232: Filtered 314643 hits and 3 records
2025-09-19 08:17:14,640 - INFO - Processing /viper/ptmp/arego/Red_T_7K_1/17596.h5
2025-09-19 08:17:14,707 - INFO - File 3971: Filtered 857465 hits and 4 records
2025-09-19 08:17:14,939 - INFO - File 7063: Filtered 1195010 hits and 6 records
2025-09-19 08:17:15,048 - INFO - Completed /viper/ptmp/arego/Red_T_7K_1_EN_100/15212.h5 in 4.27 seconds
2025-09-19 08:17:15,060 - INFO - Completed /viper/ptmp/arego/Red_T_7K_1_EN_100/5082.h5 in 7.63 seconds
2025-09-19 08:17:15,135 - INFO - Processing /viper/ptmp/arego/Red_T_7K_1/10622.h5
2025-09-19 08:17:15,401 - INFO - Processing /viper/ptmp/arego/Red_T_7K_1/9040.h5
2025-09-19 08:17:15,453 - INFO - File 17596: Filtered 932662 hits and 3 records
2025-09-19 08:17:15,867 - INFO - File 10622: Filtered 1764694 hits and 4 records
2025-09-19 08:17:15,896 - INFO - Completed /viper/ptmp/arego/Red_T_7K_1_EN_100/17195.h5 in 6.63 seconds
2025-09-19 08:17:15,964 - INFO - Processing /viper/ptmp/arego/Red_T_7K_1/1318.h5
2025-09-19 08:17:16,015 - INFO - Completed /viper/ptmp/arego/Red_T_7K_1_EN_100/12920.h5 in 4.56 seconds
2025-09-19 08:17:16,098 - INFO - Completed /viper/ptmp/arego/Red_T_7K_1_EN_100/4005.h5 in 4.39 seconds
2025-09-19 08:17:16,174 - INFO - File 9040: Filtered 1669239 hits and 6 records
2025-09-19 08:17:16,242 - INFO - Processing /viper/ptmp/arego/Red_T_7K_1/15432.h5
2025-09-19 08:17:16,414 - INFO - Processing /viper/ptmp/arego/Red_T_7K_1/19085.h5
2025-09-19 08:17:16,546 - INFO - File 1318: Filtered 780546 hits and 5 records
2025-09-19 08:17:16,781 - INFO - Completed /viper/ptmp/arego/Red_T_7K_1_EN_100/17867.h5 in 8.48 seconds
2025-09-19 08:17:16,851 - INFO - Processing /viper/ptmp/arego/Red_T_7K_1/15611.h5
2025-09-19 08:17:16,878 - INFO - File 15432: Filtered 309248 hits and 4 records
2025-09-19 08:17:17,090 - INFO - File 19085: Filtered 1105713 hits and 4 records
2025-09-19 08:17:17,247 - INFO - Completed /viper/ptmp/arego/Red_T_7K_1_EN_100/18827.h5 in 5.78 seconds
2025-09-19 08:17:17,315 - INFO - Processing /viper/ptmp/arego/Red_T_7K_1/2594.h5
2025-09-19 08:17:17,557 - INFO - File 15611: Filtered 1404777 hits and 3 records
2025-09-19 08:17:17,725 - INFO - Completed /viper/ptmp/arego/Red_T_7K_1_EN_100/14157.h5 in 7.76 seconds
2025-09-19 08:17:17,816 - INFO - Processing /viper/ptmp/arego/Red_T_7K_1/9105.h5
2025-09-19 08:17:18,054 - INFO - File 2594: Filtered 324203 hits and 4 records
2025-09-19 08:17:18,589 - INFO - Completed /viper/ptmp/arego/Red_T_7K_1_EN_100/12233.h5 in 8.81 seconds
2025-09-19 08:17:18,657 - INFO - Processing /viper/ptmp/arego/Red_T_7K_1/16848.h5
2025-09-19 08:17:18,661 - INFO - File 9105: Filtered 448987 hits and 3 records
2025-09-19 08:17:19,284 - INFO - File 16848: Filtered 1244534 hits and 3 records
2025-09-19 08:17:19,328 - INFO - Completed /viper/ptmp/arego/Red_T_7K_1_EN_100/3803.h5 in 6.97 seconds
2025-09-19 08:17:19,410 - INFO - Processing /viper/ptmp/arego/Red_T_7K_1/5564.h5
2025-09-19 08:17:19,957 - INFO - File 5564: Filtered 784431 hits and 3 records
2025-09-19 08:17:20,379 - INFO - Completed /viper/ptmp/arego/Red_T_7K_1_EN_100/14856.h5 in 6.70 seconds
2025-09-19 08:17:20,445 - INFO - Processing /viper/ptmp/arego/Red_T_7K_1/23073.h5
2025-09-19 08:17:20,713 - INFO - Completed /viper/ptmp/arego/Red_T_7K_1_EN_100/17596.h5 in 6.07 seconds
2025-09-19 08:17:20,786 - INFO - Processing /viper/ptmp/arego/Red_T_7K_1/3934.h5
2025-09-19 08:17:20,844 - INFO - Completed /viper/ptmp/arego/Red_T_7K_1_EN_100/10622.h5 in 5.71 seconds
2025-09-19 08:17:20,994 - INFO - File 23073: Filtered 887878 hits and 5 records
2025-09-19 08:17:21,054 - INFO - Processing /viper/ptmp/arego/Red_T_7K_1/13253.h5
2025-09-19 08:17:21,144 - INFO - Completed /viper/ptmp/arego/Red_T_7K_1_EN_100/4524.h5 in 8.33 seconds
2025-09-19 08:17:21,191 - INFO - Processing /viper/ptmp/arego/Red_T_7K_1/17193.h5
2025-09-19 08:17:21,717 - INFO - Completed /viper/ptmp/arego/Red_T_7K_1_EN_100/3971.h5 in 7.74 seconds
2025-09-19 08:17:21,741 - INFO - File 13253: Filtered 1343028 hits and 6 records
2025-09-19 08:17:21,754 - INFO - File 3934: Filtered 496831 hits and 6 records
2025-09-19 08:17:21,802 - INFO - Processing /viper/ptmp/arego/Red_T_7K_1/8189.h5
2025-09-19 08:17:21,834 - INFO - File 17193: Filtered 486378 hits and 3 records
2025-09-19 08:17:21,901 - INFO - Completed /viper/ptmp/arego/Red_T_7K_1_EN_100/7063.h5 in 7.66 seconds
2025-09-19 08:17:22,105 - INFO - Processing /viper/ptmp/arego/Red_T_7K_1/15004.h5
2025-09-19 08:17:22,131 - INFO - Completed /viper/ptmp/arego/Red_T_7K_1_EN_100/9040.h5 in 6.73 seconds
2025-09-19 08:17:22,228 - INFO - Completed /viper/ptmp/arego/Red_T_7K_1_EN_100/19085.h5 in 5.81 seconds
2025-09-19 08:17:22,293 - INFO - Processing /viper/ptmp/arego/Red_T_7K_1/11156.h5
2025-09-19 08:17:22,362 - INFO - Processing /viper/ptmp/arego/Red_T_7K_1/14247.h5
2025-09-19 08:17:22,503 - INFO - File 8189: Filtered 1450478 hits and 3 records
2025-09-19 08:17:22,607 - INFO - Completed /viper/ptmp/arego/Red_T_7K_1_EN_100/1318.h5 in 6.64 seconds
2025-09-19 08:17:22,673 - INFO - Processing /viper/ptmp/arego/Red_T_7K_1/6996.h5
2025-09-19 08:17:22,868 - INFO - File 15004: Filtered 878804 hits and 3 records
2025-09-19 08:17:22,879 - INFO - File 11156: Filtered 715463 hits and 3 records
2025-09-19 08:17:23,168 - INFO - File 14247: Filtered 2435343 hits and 6 records
2025-09-19 08:17:23,212 - INFO - Completed /viper/ptmp/arego/Red_T_7K_1_EN_100/5232.h5 in 9.23 seconds
2025-09-19 08:17:23,272 - INFO - File 6996: Filtered 1170741 hits and 5 records
2025-09-19 08:17:23,290 - INFO - Processing /viper/ptmp/arego/Red_T_7K_1/3371.h5
2025-09-19 08:17:23,751 - INFO - Completed /viper/ptmp/arego/Red_T_7K_1_EN_100/15611.h5 in 6.90 seconds
2025-09-19 08:17:23,827 - INFO - Processing /viper/ptmp/arego/Red_T_7K_1/2840.h5
2025-09-19 08:17:23,935 - INFO - File 3371: Filtered 2430810 hits and 7 records
2025-09-19 08:17:24,567 - INFO - File 2840: Filtered 1112015 hits and 5 records
2025-09-19 08:17:24,746 - INFO - Completed /viper/ptmp/arego/Red_T_7K_1_EN_100/16848.h5 in 6.09 seconds
2025-09-19 08:17:24,812 - INFO - Processing /viper/ptmp/arego/Red_T_7K_1/12307.h5
2025-09-19 08:17:25,416 - INFO - File 12307: Filtered 986454 hits and 2 records
2025-09-19 08:17:25,475 - INFO - Completed /viper/ptmp/arego/Red_T_7K_1_EN_100/3371.h5 in 2.18 seconds
2025-09-19 08:17:25,477 - INFO - Completed /viper/ptmp/arego/Red_T_7K_1_EN_100/15432.h5 in 9.23 seconds
2025-09-19 08:17:25,552 - INFO - Processing /viper/ptmp/arego/Red_T_7K_1/6933.h5
2025-09-19 08:17:25,790 - INFO - Processing /viper/ptmp/arego/Red_T_7K_1/4110.h5
2025-09-19 08:17:26,203 - INFO - File 6933: Filtered 857818 hits and 5 records
2025-09-19 08:17:26,329 - INFO - Completed /viper/ptmp/arego/Red_T_7K_1_EN_100/14247.h5 in 3.97 seconds
2025-09-19 08:17:26,375 - INFO - File 4110: Filtered 978982 hits and 3 records
2025-09-19 08:17:26,407 - INFO - Completed /viper/ptmp/arego/Red_T_7K_1_EN_100/5564.h5 in 7.00 seconds
2025-09-19 08:17:26,438 - INFO - Processing /viper/ptmp/arego/Red_T_7K_1/10744.h5
2025-09-19 08:17:26,459 - INFO - Processing /viper/ptmp/arego/Red_T_7K_1/12338.h5
2025-09-19 08:17:26,831 - INFO - Completed /viper/ptmp/arego/Red_T_7K_1_EN_100/13253.h5 in 5.78 seconds
2025-09-19 08:17:26,872 - INFO - Processing /viper/ptmp/arego/Red_T_7K_1/14282.h5
2025-09-19 08:17:27,061 - INFO - Completed /viper/ptmp/arego/Red_T_7K_1_EN_100/23073.h5 in 6.62 seconds
2025-09-19 08:17:27,095 - INFO - File 12338: Filtered 1937272 hits and 2 records
2025-09-19 08:17:27,106 - INFO - Processing /viper/ptmp/arego/Red_T_7K_1/22008.h5
2025-09-19 08:17:27,212 - INFO - File 10744: Filtered 1620120 hits and 5 records
2025-09-19 08:17:27,694 - INFO - File 14282: Filtered 1100334 hits and 4 records
2025-09-19 08:17:27,741 - INFO - File 22008: Filtered 533944 hits and 5 records
2025-09-19 08:17:28,468 - INFO - Completed /viper/ptmp/arego/Red_T_7K_1_EN_100/17193.h5 in 7.28 seconds
2025-09-19 08:17:28,532 - INFO - Processing /viper/ptmp/arego/Red_T_7K_1/2313.h5
2025-09-19 08:17:29,115 - INFO - File 2313: Filtered 786575 hits and 4 records
2025-09-19 08:17:29,148 - INFO - Completed /viper/ptmp/arego/Red_T_7K_1_EN_100/6996.h5 in 6.48 seconds
2025-09-19 08:17:29,230 - INFO - Completed /viper/ptmp/arego/Red_T_7K_1_EN_100/8189.h5 in 7.43 seconds
2025-09-19 08:17:29,236 - INFO - Processing /viper/ptmp/arego/Red_T_7K_1/15402.h5
2025-09-19 08:17:29,306 - INFO - Processing /viper/ptmp/arego/Red_T_7K_1/3645.h5
2025-09-19 08:17:29,401 - INFO - Completed /viper/ptmp/arego/Red_T_7K_1_EN_100/11156.h5 in 7.11 seconds
2025-09-19 08:17:29,402 - INFO - Completed /viper/ptmp/arego/Red_T_7K_1_EN_100/12338.h5 in 2.94 seconds
2025-09-19 08:17:29,473 - INFO - Processing /viper/ptmp/arego/Red_T_7K_1/7051.h5
2025-09-19 08:17:29,688 - INFO - Processing /viper/ptmp/arego/Red_T_7K_1/9284.h5
2025-09-19 08:17:29,857 - INFO - File 15402: Filtered 1148286 hits and 7 records
2025-09-19 08:17:30,035 - INFO - Completed /viper/ptmp/arego/Red_T_7K_1_EN_100/2594.h5 in 12.72 seconds
2025-09-19 08:17:30,110 - INFO - File 3645: Filtered 474775 hits and 3 records
2025-09-19 08:17:30,117 - INFO - Processing /viper/ptmp/arego/Red_T_7K_1/10805.h5
2025-09-19 08:17:30,120 - INFO - Completed /viper/ptmp/arego/Red_T_7K_1_EN_100/9105.h5 in 12.30 seconds
2025-09-19 08:17:30,211 - INFO - File 7051: Filtered 629499 hits and 2 records
2025-09-19 08:17:30,427 - INFO - Processing /viper/ptmp/arego/Red_T_7K_1/17629.h5
2025-09-19 08:17:30,625 - INFO - File 9284: Filtered 3463202 hits and 7 records
2025-09-19 08:17:30,792 - INFO - Completed /viper/ptmp/arego/Red_T_7K_1_EN_100/12307.h5 in 5.98 seconds
2025-09-19 08:17:30,867 - INFO - Processing /viper/ptmp/arego/Red_T_7K_1/19299.h5
2025-09-19 08:17:30,896 - INFO - File 10805: Filtered 2440264 hits and 5 records
2025-09-19 08:17:31,260 - INFO - File 17629: Filtered 2707146 hits and 2 records
2025-09-19 08:17:31,529 - INFO - File 19299: Filtered 1212996 hits and 5 records
2025-09-19 08:17:31,706 - INFO - Completed /viper/ptmp/arego/Red_T_7K_1_EN_100/15004.h5 in 9.60 seconds
2025-09-19 08:17:31,782 - INFO - Processing /viper/ptmp/arego/Red_T_7K_1/7048.h5
2025-09-19 08:17:32,331 - INFO - Completed /viper/ptmp/arego/Red_T_7K_1_EN_100/4110.h5 in 6.54 seconds
2025-09-19 08:17:32,374 - INFO - Processing /viper/ptmp/arego/Red_T_7K_1/4726.h5
2025-09-19 08:17:32,537 - INFO - File 7048: Filtered 1925258 hits and 5 records
2025-09-19 08:17:32,687 - INFO - Completed /viper/ptmp/arego/Red_T_7K_1_EN_100/9284.h5 in 3.00 seconds
2025-09-19 08:17:32,738 - INFO - Completed /viper/ptmp/arego/Red_T_7K_1_EN_100/2840.h5 in 8.91 seconds
2025-09-19 08:17:32,754 - INFO - Processing /viper/ptmp/arego/Red_T_7K_1/13078.h5
2025-09-19 08:17:32,781 - INFO - Processing /viper/ptmp/arego/Red_T_7K_1/23391.h5
2025-09-19 08:17:33,013 - INFO - File 4726: Filtered 839067 hits and 4 records
2025-09-19 08:17:33,437 - INFO - Completed /viper/ptmp/arego/Red_T_7K_1_EN_100/10744.h5 in 7.00 seconds
2025-09-19 08:17:33,468 - INFO - File 13078: Filtered 1535599 hits and 4 records
2025-09-19 08:17:33,479 - INFO - Processing /viper/ptmp/arego/Red_T_7K_1/9179.h5
2025-09-19 08:17:33,509 - INFO - Completed /viper/ptmp/arego/Red_T_7K_1_EN_100/17629.h5 in 3.08 seconds
2025-09-19 08:17:33,588 - INFO - File 23391: Filtered 1484893 hits and 7 records
2025-09-19 08:17:33,776 - INFO - Processing /viper/ptmp/arego/Red_T_7K_1/5320.h5
2025-09-19 08:17:33,953 - INFO - Completed /viper/ptmp/arego/Red_T_7K_1_EN_100/6933.h5 in 8.40 seconds
2025-09-19 08:17:34,028 - INFO - Processing /viper/ptmp/arego/Red_T_7K_1/1983.h5
2025-09-19 08:17:34,305 - INFO - File 9179: Filtered 1618541 hits and 4 records
2025-09-19 08:17:34,695 - INFO - File 5320: Filtered 1916891 hits and 8 records
2025-09-19 08:17:34,726 - INFO - Completed /viper/ptmp/arego/Red_T_7K_1_EN_100/10805.h5 in 4.61 seconds
2025-09-19 08:17:34,765 - INFO - Processing /viper/ptmp/arego/Red_T_7K_1/22031.h5
2025-09-19 08:17:34,779 - INFO - File 1983: Filtered 616016 hits and 3 records
2025-09-19 08:17:35,293 - INFO - Completed /viper/ptmp/arego/Red_T_7K_1_EN_100/3934.h5 in 14.51 seconds
2025-09-19 08:17:35,332 - INFO - Processing /viper/ptmp/arego/Red_T_7K_1/13840.h5
2025-09-19 08:17:36,041 - INFO - Completed /viper/ptmp/arego/Red_T_7K_1_EN_100/15402.h5 in 6.81 seconds
2025-09-19 08:17:36,107 - INFO - Processing /viper/ptmp/arego/Red_T_7K_1/219.h5
2025-09-19 08:17:36,236 - INFO - File 13840: Filtered 1435591 hits and 4 records
2025-09-19 08:17:36,349 - INFO - Completed /viper/ptmp/arego/Red_T_7K_1_EN_100/22008.h5 in 9.24 seconds
2025-09-19 08:17:36,391 - INFO - Completed /viper/ptmp/arego/Red_T_7K_1_EN_100/14282.h5 in 9.52 seconds
2025-09-19 08:17:36,418 - INFO - Processing /viper/ptmp/arego/Red_T_7K_1/2982.h5
2025-09-19 08:17:36,489 - INFO - Processing /viper/ptmp/arego/Red_T_7K_1/12847.h5
2025-09-19 08:17:36,508 - INFO - File 22031: Filtered 266247 hits and 5 records
2025-09-19 08:17:36,762 - INFO - Completed /viper/ptmp/arego/Red_T_7K_1_EN_100/2313.h5 in 8.23 seconds
2025-09-19 08:17:36,845 - INFO - Processing /viper/ptmp/arego/Red_T_7K_1/17701.h5
2025-09-19 08:17:36,878 - INFO - File 219: Filtered 1019939 hits and 5 records
2025-09-19 08:17:37,153 - INFO - File 2982: Filtered 1125554 hits and 4 records
2025-09-19 08:17:37,344 - INFO - File 12847: Filtered 1675768 hits and 6 records
2025-09-19 08:17:37,611 - INFO - File 17701: Filtered 580631 hits and 4 records
2025-09-19 08:17:38,043 - INFO - Completed /viper/ptmp/arego/Red_T_7K_1_EN_100/19299.h5 in 7.18 seconds
2025-09-19 08:17:38,108 - INFO - Processing /viper/ptmp/arego/Red_T_7K_1/13813.h5
2025-09-19 08:17:38,385 - INFO - Completed /viper/ptmp/arego/Red_T_7K_1_EN_100/13078.h5 in 5.63 seconds
2025-09-19 08:17:38,453 - INFO - Processing /viper/ptmp/arego/Red_T_7K_1/18869.h5
2025-09-19 08:17:38,757 - INFO - Completed /viper/ptmp/arego/Red_T_7K_1_EN_100/7048.h5 in 6.97 seconds
2025-09-19 08:17:38,822 - INFO - Processing /viper/ptmp/arego/Red_T_7K_1/13774.h5
2025-09-19 08:17:38,823 - INFO - File 13813: Filtered 2366317 hits and 8 records
2025-09-19 08:17:38,958 - INFO - Completed /viper/ptmp/arego/Red_T_7K_1_EN_100/7051.h5 in 9.49 seconds
2025-09-19 08:17:39,045 - INFO - Processing /viper/ptmp/arego/Red_T_7K_1/19933.h5
2025-09-19 08:17:39,220 - INFO - File 18869: Filtered 957677 hits and 2 records
2025-09-19 08:17:39,622 - INFO - File 13774: Filtered 2250491 hits and 4 records
2025-09-19 08:17:39,766 - INFO - File 19933: Filtered 1643769 hits and 7 records
2025-09-19 08:17:39,968 - INFO - Completed /viper/ptmp/arego/Red_T_7K_1_EN_100/4726.h5 in 7.59 seconds
2025-09-19 08:17:40,038 - INFO - Processing /viper/ptmp/arego/Red_T_7K_1/22237.h5
2025-09-19 08:17:40,752 - INFO - File 22237: Filtered 1442059 hits and 6 records
2025-09-19 08:17:40,820 - INFO - Completed /viper/ptmp/arego/Red_T_7K_1_EN_100/5320.h5 in 7.04 seconds
2025-09-19 08:17:40,874 - INFO - Completed /viper/ptmp/arego/Red_T_7K_1_EN_100/3645.h5 in 11.57 seconds
2025-09-19 08:17:40,886 - INFO - Processing /viper/ptmp/arego/Red_T_7K_1/15712.h5
2025-09-19 08:17:41,154 - INFO - Processing /viper/ptmp/arego/Red_T_7K_1/659.h5
2025-09-19 08:17:41,774 - INFO - Completed /viper/ptmp/arego/Red_T_7K_1_EN_100/23391.h5 in 8.99 seconds
2025-09-19 08:17:41,798 - INFO - File 15712: Filtered 421924 hits and 5 records
2025-09-19 08:17:41,880 - INFO - Processing /viper/ptmp/arego/Red_T_7K_1/13518.h5
2025-09-19 08:17:42,093 - INFO - File 659: Filtered 891394 hits and 2 records
2025-09-19 08:17:42,140 - INFO - Completed /viper/ptmp/arego/Red_T_7K_1_EN_100/13813.h5 in 4.03 seconds
2025-09-19 08:17:42,207 - INFO - Processing /viper/ptmp/arego/Red_T_7K_1/1191.h5
2025-09-19 08:17:42,317 - INFO - Completed /viper/ptmp/arego/Red_T_7K_1_EN_100/9179.h5 in 8.84 seconds
2025-09-19 08:17:42,399 - INFO - Processing /viper/ptmp/arego/Red_T_7K_1/6145.h5
2025-09-19 08:17:42,823 - INFO - File 1191: Filtered 415993 hits and 5 records
2025-09-19 08:17:43,224 - INFO - File 13518: Filtered 453396 hits and 7 records
2025-09-19 08:17:43,321 - INFO - File 6145: Filtered 925562 hits and 3 records
2025-09-19 08:17:44,639 - INFO - Completed /viper/ptmp/arego/Red_T_7K_1_EN_100/1983.h5 in 10.61 seconds
2025-09-19 08:17:44,707 - INFO - Processing /viper/ptmp/arego/Red_T_7K_1/22588.h5
2025-09-19 08:17:44,709 - INFO - Completed /viper/ptmp/arego/Red_T_7K_1_EN_100/219.h5 in 8.60 seconds
2025-09-19 08:17:44,813 - INFO - Completed /viper/ptmp/arego/Red_T_7K_1_EN_100/2982.h5 in 8.39 seconds
2025-09-19 08:17:44,884 - INFO - Completed /viper/ptmp/arego/Red_T_7K_1_EN_100/13840.h5 in 9.55 seconds
2025-09-19 08:17:44,959 - INFO - Processing /viper/ptmp/arego/Red_T_7K_1/10206.h5
2025-09-19 08:17:44,972 - INFO - Processing /viper/ptmp/arego/Red_T_7K_1/14196.h5
2025-09-19 08:17:45,229 - INFO - Processing /viper/ptmp/arego/Red_T_7K_1/10522.h5
2025-09-19 08:17:45,241 - INFO - Completed /viper/ptmp/arego/Red_T_7K_1_EN_100/19933.h5 in 6.20 seconds
2025-09-19 08:17:45,399 - INFO - File 22588: Filtered 679628 hits and 3 records
2025-09-19 08:17:45,435 - INFO - Processing /viper/ptmp/arego/Red_T_7K_1/8840.h5
2025-09-19 08:17:45,777 - INFO - Completed /viper/ptmp/arego/Red_T_7K_1_EN_100/13774.h5 in 6.95 seconds
2025-09-19 08:17:45,852 - INFO - Processing /viper/ptmp/arego/Red_T_7K_1/8492.h5
2025-09-19 08:17:45,857 - INFO - File 14196: Filtered 856217 hits and 4 records
2025-09-19 08:17:45,879 - INFO - Completed /viper/ptmp/arego/Red_T_7K_1_EN_100/12847.h5 in 9.39 seconds
2025-09-19 08:17:45,891 - INFO - File 10206: Filtered 3409511 hits and 3 records
2025-09-19 08:17:46,062 - INFO - File 10522: Filtered 634729 hits and 3 records
2025-09-19 08:17:46,118 - INFO - Processing /viper/ptmp/arego/Red_T_7K_1/14444.h5
2025-09-19 08:17:46,419 - INFO - File 8840: Filtered 953051 hits and 4 records
2025-09-19 08:17:46,849 - INFO - File 8492: Filtered 552327 hits and 4 records
2025-09-19 08:17:47,057 - INFO - File 14444: Filtered 3277054 hits and 7 records
2025-09-19 08:17:47,180 - INFO - Completed /viper/ptmp/arego/Red_T_7K_1_EN_100/17701.h5 in 10.33 seconds
2025-09-19 08:17:47,245 - INFO - Processing /viper/ptmp/arego/Red_T_7K_1/15994.h5
2025-09-19 08:17:47,271 - INFO - Completed /viper/ptmp/arego/Red_T_7K_1_EN_100/18869.h5 in 8.82 seconds
2025-09-19 08:17:47,304 - INFO - Completed /viper/ptmp/arego/Red_T_7K_1_EN_100/22237.h5 in 7.27 seconds
2025-09-19 08:17:47,505 - INFO - Processing /viper/ptmp/arego/Red_T_7K_1/14713.h5
2025-09-19 08:17:47,680 - INFO - Processing /viper/ptmp/arego/Red_T_7K_1/18522.h5
2025-09-19 08:17:47,914 - INFO - File 15994: Filtered 1728341 hits and 6 records
2025-09-19 08:17:48,224 - INFO - Completed /viper/ptmp/arego/Red_T_7K_1_EN_100/10206.h5 in 3.27 seconds
2025-09-19 08:17:48,288 - INFO - Processing /viper/ptmp/arego/Red_T_7K_1/22048.h5
2025-09-19 08:17:48,473 - INFO - File 14713: Filtered 1025399 hits and 6 records
2025-09-19 08:17:48,527 - INFO - File 18522: Filtered 1403655 hits and 5 records
2025-09-19 08:17:49,167 - INFO - File 22048: Filtered 1886689 hits and 5 records
2025-09-19 08:17:50,570 - INFO - Completed /viper/ptmp/arego/Red_T_7K_1_EN_100/14444.h5 in 4.45 seconds
2025-09-19 08:17:50,647 - INFO - Processing /viper/ptmp/arego/Red_T_7K_1/7728.h5
2025-09-19 08:17:51,292 - INFO - Completed /viper/ptmp/arego/Red_T_7K_1_EN_100/1191.h5 in 9.08 seconds
2025-09-19 08:17:51,330 - INFO - Processing /viper/ptmp/arego/Red_T_7K_1/21349.h5
2025-09-19 08:17:51,593 - INFO - File 7728: Filtered 2634782 hits and 7 records
2025-09-19 08:17:52,113 - INFO - File 21349: Filtered 1948862 hits and 6 records
2025-09-19 08:17:53,418 - INFO - Completed /viper/ptmp/arego/Red_T_7K_1_EN_100/15994.h5 in 6.17 seconds
2025-09-19 08:17:53,487 - INFO - Processing /viper/ptmp/arego/Red_T_7K_1/6929.h5
2025-09-19 08:17:53,811 - INFO - Completed /viper/ptmp/arego/Red_T_7K_1_EN_100/659.h5 in 12.66 seconds
2025-09-19 08:17:53,879 - INFO - Processing /viper/ptmp/arego/Red_T_7K_1/9836.h5
2025-09-19 08:17:54,736 - INFO - File 6929: Filtered 276632 hits and 2 records
2025-09-19 08:17:54,832 - INFO - Completed /viper/ptmp/arego/Red_T_7K_1_EN_100/6145.h5 in 12.43 seconds
2025-09-19 08:17:54,839 - INFO - File 9836: Filtered 2240884 hits and 11 records
2025-09-19 08:17:54,903 - INFO - Processing /viper/ptmp/arego/Red_T_7K_1/17142.h5
2025-09-19 08:17:55,036 - INFO - Completed /viper/ptmp/arego/Red_T_7K_1_EN_100/22588.h5 in 10.33 seconds
2025-09-19 08:17:55,118 - INFO - Processing /viper/ptmp/arego/Red_T_7K_1/17178.h5
2025-09-19 08:17:55,641 - INFO - Completed /viper/ptmp/arego/Red_T_7K_1_EN_100/14196.h5 in 10.67 seconds
2025-09-19 08:17:55,729 - INFO - Processing /viper/ptmp/arego/Red_T_7K_1/2337.h5
2025-09-19 08:17:55,830 - INFO - File 17178: Filtered 1309129 hits and 7 records
2025-09-19 08:17:55,858 - INFO - Completed /viper/ptmp/arego/Red_T_7K_1_EN_100/8840.h5 in 10.42 seconds
2025-09-19 08:17:55,865 - INFO - File 17142: Filtered 557476 hits and 3 records
2025-09-19 08:17:55,989 - INFO - Processing /viper/ptmp/arego/Red_T_7K_1/2626.h5
2025-09-19 08:17:56,035 - INFO - Completed /viper/ptmp/arego/Red_T_7K_1_EN_100/10522.h5 in 10.81 seconds
2025-09-19 08:17:56,103 - INFO - Completed /viper/ptmp/arego/Red_T_7K_1_EN_100/15712.h5 in 15.22 seconds
2025-09-19 08:17:56,176 - INFO - Processing /viper/ptmp/arego/Red_T_7K_1/2767.h5
2025-09-19 08:17:56,190 - INFO - Processing /viper/ptmp/arego/Red_T_7K_1/14835.h5
2025-09-19 08:17:56,499 - INFO - File 2337: Filtered 2036229 hits and 6 records
2025-09-19 08:17:56,854 - INFO - Completed /viper/ptmp/arego/Red_T_7K_1_EN_100/18522.h5 in 9.17 seconds
2025-09-19 08:17:56,969 - INFO - Processing /viper/ptmp/arego/Red_T_7K_1/9261.h5
2025-09-19 08:17:57,087 - INFO - File 14835: Filtered 1117083 hits and 6 records
2025-09-19 08:17:57,136 - INFO - File 2767: Filtered 2482633 hits and 4 records
2025-09-19 08:17:57,258 - INFO - Completed /viper/ptmp/arego/Red_T_7K_1_EN_100/21349.h5 in 5.93 seconds
2025-09-19 08:17:57,323 - INFO - File 2626: Filtered 420918 hits and 2 records
2025-09-19 08:17:57,346 - INFO - Processing /viper/ptmp/arego/Red_T_7K_1/7699.h5
2025-09-19 08:17:57,614 - INFO - Completed /viper/ptmp/arego/Red_T_7K_1_EN_100/22048.h5 in 9.33 seconds
2025-09-19 08:17:57,683 - INFO - Processing /viper/ptmp/arego/Red_T_7K_1/18257.h5
2025-09-19 08:17:57,884 - INFO - File 9261: Filtered 1456693 hits and 3 records
2025-09-19 08:17:58,084 - INFO - Completed /viper/ptmp/arego/Red_T_7K_1_EN_100/7728.h5 in 7.44 seconds
2025-09-19 08:17:58,150 - INFO - Processing /viper/ptmp/arego/Red_T_7K_1/4693.h5
2025-09-19 08:17:58,363 - INFO - File 7699: Filtered 442369 hits and 1 records
2025-09-19 08:17:58,842 - INFO - File 18257: Filtered 136880 hits and 3 records
2025-09-19 08:17:59,067 - INFO - Completed /viper/ptmp/arego/Red_T_7K_1_EN_100/14713.h5 in 11.56 seconds
2025-09-19 08:17:59,131 - INFO - Processing /viper/ptmp/arego/Red_T_7K_1/21163.h5
2025-09-19 08:17:59,147 - INFO - File 4693: Filtered 4264371 hits and 4 records
2025-09-19 08:17:59,936 - INFO - File 21163: Filtered 1747447 hits and 8 records
2025-09-19 08:18:00,330 - INFO - Completed /viper/ptmp/arego/Red_T_7K_1_EN_100/4693.h5 in 2.18 seconds
2025-09-19 08:18:00,396 - INFO - Processing /viper/ptmp/arego/Red_T_7K_1/3816.h5
2025-09-19 08:18:01,434 - INFO - File 3816: Filtered 899181 hits and 5 records
2025-09-19 08:18:02,166 - INFO - Completed /viper/ptmp/arego/Red_T_7K_1_EN_100/8492.h5 in 16.31 seconds
2025-09-19 08:18:02,236 - INFO - Processing /viper/ptmp/arego/Red_T_7K_1/8787.h5
2025-09-19 08:18:02,429 - INFO - Completed /viper/ptmp/arego/Red_T_7K_1_EN_100/2337.h5 in 6.70 seconds
2025-09-19 08:18:02,476 - INFO - Processing /viper/ptmp/arego/Red_T_7K_1/20685.h5
2025-09-19 08:18:02,744 - INFO - Completed /viper/ptmp/arego/Red_T_7K_1_EN_100/13518.h5 in 20.86 seconds
2025-09-19 08:18:02,812 - INFO - Processing /viper/ptmp/arego/Red_T_7K_1/8288.h5
2025-09-19 08:18:02,832 - INFO - Completed /viper/ptmp/arego/Red_T_7K_1_EN_100/17178.h5 in 7.71 seconds
2025-09-19 08:18:02,910 - INFO - Processing /viper/ptmp/arego/Red_T_7K_1/15911.h5
2025-09-19 08:18:02,953 - INFO - Completed /viper/ptmp/arego/Red_T_7K_1_EN_100/22031.h5 in 28.19 seconds
2025-09-19 08:18:03,169 - INFO - Processing /viper/ptmp/arego/Red_T_7K_1/15924.h5
2025-09-19 08:18:03,227 - INFO - File 20685: Filtered 1467942 hits and 4 records
2025-09-19 08:18:03,309 - INFO - File 8787: Filtered 1800033 hits and 4 records
2025-09-19 08:18:03,768 - INFO - File 15911: Filtered 2744324 hits and 4 records
2025-09-19 08:18:03,936 - INFO - Completed /viper/ptmp/arego/Red_T_7K_1_EN_100/2767.h5 in 7.76 seconds
2025-09-19 08:18:04,050 - INFO - File 8288: Filtered 2184954 hits and 6 records
2025-09-19 08:18:04,084 - INFO - Processing /viper/ptmp/arego/Red_T_7K_1/5099.h5
2025-09-19 08:18:04,195 - INFO - File 15924: Filtered 1215934 hits and 7 records
2025-09-19 08:18:04,413 - INFO - Completed /viper/ptmp/arego/Red_T_7K_1_EN_100/9836.h5 in 10.53 seconds
2025-09-19 08:18:04,516 - INFO - Processing /viper/ptmp/arego/Red_T_7K_1/6934.h5
2025-09-19 08:18:05,132 - INFO - File 5099: Filtered 2873957 hits and 6 records
2025-09-19 08:18:05,617 - INFO - File 6934: Filtered 2398658 hits and 4 records
2025-09-19 08:18:06,431 - INFO - Completed /viper/ptmp/arego/Red_T_7K_1_EN_100/9261.h5 in 9.46 seconds
2025-09-19 08:18:06,501 - INFO - Processing /viper/ptmp/arego/Red_T_7K_1/17946.h5
2025-09-19 08:18:06,594 - INFO - Completed /viper/ptmp/arego/Red_T_7K_1_EN_100/14835.h5 in 10.40 seconds
2025-09-19 08:18:06,790 - INFO - Processing /viper/ptmp/arego/Red_T_7K_1/20668.h5
2025-09-19 08:18:07,448 - INFO - File 17946: Filtered 1076969 hits and 3 records
2025-09-19 08:18:07,490 - INFO - Completed /viper/ptmp/arego/Red_T_7K_1_EN_100/15911.h5 in 4.58 seconds
2025-09-19 08:18:07,556 - INFO - Processing /viper/ptmp/arego/Red_T_7K_1/7837.h5
2025-09-19 08:18:07,779 - INFO - File 20668: Filtered 1524750 hits and 7 records
2025-09-19 08:18:07,782 - INFO - Completed /viper/ptmp/arego/Red_T_7K_1_EN_100/21163.h5 in 8.65 seconds
2025-09-19 08:18:07,983 - INFO - Processing /viper/ptmp/arego/Red_T_7K_1/6112.h5
2025-09-19 08:18:08,604 - INFO - File 7837: Filtered 585712 hits and 4 records
2025-09-19 08:18:09,037 - INFO - File 6112: Filtered 340140 hits and 5 records
2025-09-19 08:18:10,317 - INFO - Completed /viper/ptmp/arego/Red_T_7K_1_EN_100/17142.h5 in 15.41 seconds
2025-09-19 08:18:10,389 - INFO - Processing /viper/ptmp/arego/Red_T_7K_1/25438.h5
2025-09-19 08:18:11,180 - INFO - Completed /viper/ptmp/arego/Red_T_7K_1_EN_100/20685.h5 in 8.70 seconds
2025-09-19 08:18:11,245 - INFO - Processing /viper/ptmp/arego/Red_T_7K_1/6163.h5
2025-09-19 08:18:11,451 - INFO - File 25438: Filtered 1770051 hits and 5 records
2025-09-19 08:18:12,033 - INFO - Completed /viper/ptmp/arego/Red_T_7K_1_EN_100/7699.h5 in 14.69 seconds
2025-09-19 08:18:12,109 - INFO - File 6163: Filtered 1600504 hits and 3 records
2025-09-19 08:18:12,120 - INFO - Processing /viper/ptmp/arego/Red_T_7K_1/1250.h5
2025-09-19 08:18:12,680 - INFO - Completed /viper/ptmp/arego/Red_T_7K_1_EN_100/5099.h5 in 8.60 seconds
2025-09-19 08:18:12,747 - INFO - Processing /viper/ptmp/arego/Red_T_7K_1/9795.h5
2025-09-19 08:18:13,038 - INFO - File 1250: Filtered 2024481 hits and 7 records
2025-09-19 08:18:13,697 - INFO - File 9795: Filtered 2212854 hits and 7 records
2025-09-19 08:18:14,350 - INFO - Completed /viper/ptmp/arego/Red_T_7K_1_EN_100/8787.h5 in 12.11 seconds
2025-09-19 08:18:14,354 - INFO - Completed /viper/ptmp/arego/Red_T_7K_1_EN_100/8288.h5 in 11.54 seconds
2025-09-19 08:18:14,417 - INFO - Processing /viper/ptmp/arego/Red_T_7K_1/6566.h5
2025-09-19 08:18:14,665 - INFO - Processing /viper/ptmp/arego/Red_T_7K_1/16045.h5
2025-09-19 08:18:14,982 - INFO - Completed /viper/ptmp/arego/Red_T_7K_1_EN_100/6934.h5 in 10.47 seconds
2025-09-19 08:18:15,062 - INFO - Processing /viper/ptmp/arego/Red_T_7K_1/13299.h5
2025-09-19 08:18:15,416 - INFO - File 6566: Filtered 1540342 hits and 4 records
2025-09-19 08:18:15,747 - INFO - Completed /viper/ptmp/arego/Red_T_7K_1_EN_100/6929.h5 in 22.26 seconds
2025-09-19 08:18:15,816 - INFO - Processing /viper/ptmp/arego/Red_T_7K_1/16429.h5
2025-09-19 08:18:15,946 - INFO - File 16045: Filtered 2106967 hits and 4 records
2025-09-19 08:18:16,136 - INFO - Completed /viper/ptmp/arego/Red_T_7K_1_EN_100/15924.h5 in 12.97 seconds
2025-09-19 08:18:16,222 - INFO - Processing /viper/ptmp/arego/Red_T_7K_1/11129.h5
2025-09-19 08:18:16,269 - INFO - File 13299: Filtered 3305609 hits and 6 records
2025-09-19 08:18:16,731 - INFO - File 16429: Filtered 2966438 hits and 6 records
2025-09-19 08:18:16,749 - INFO - Completed /viper/ptmp/arego/Red_T_7K_1_EN_100/18257.h5 in 19.07 seconds
2025-09-19 08:18:16,819 - INFO - Processing /viper/ptmp/arego/Red_T_7K_1/1507.h5
2025-09-19 08:18:17,035 - INFO - Completed /viper/ptmp/arego/Red_T_7K_1_EN_100/2626.h5 in 21.05 seconds
2025-09-19 08:18:17,118 - INFO - Processing /viper/ptmp/arego/Red_T_7K_1/9336.h5
2025-09-19 08:18:17,217 - INFO - Completed /viper/ptmp/arego/Red_T_7K_1_EN_100/3816.h5 in 16.82 seconds
2025-09-19 08:18:17,246 - INFO - File 11129: Filtered 2355063 hits and 4 records
2025-09-19 08:18:17,289 - INFO - Processing /viper/ptmp/arego/Red_T_7K_1/13145.h5
2025-09-19 08:18:17,820 - INFO - Completed /viper/ptmp/arego/Red_T_7K_1_EN_100/20668.h5 in 11.03 seconds
2025-09-19 08:18:17,900 - INFO - Processing /viper/ptmp/arego/Red_T_7K_1/16215.h5
2025-09-19 08:18:17,954 - INFO - Completed /viper/ptmp/arego/Red_T_7K_1_EN_100/17946.h5 in 11.45 seconds
2025-09-19 08:18:18,019 - INFO - File 9336: Filtered 2418913 hits and 4 records
2025-09-19 08:18:18,211 - INFO - Processing /viper/ptmp/arego/Red_T_7K_1/5725.h5
2025-09-19 08:18:18,443 - INFO - File 13145: Filtered 4045171 hits and 6 records
2025-09-19 08:18:18,738 - INFO - File 1507: Filtered 171994 hits and 2 records
2025-09-19 08:18:18,796 - INFO - File 16215: Filtered 2463971 hits and 5 records
2025-09-19 08:18:21,282 - INFO - Completed /viper/ptmp/arego/Red_T_7K_1_EN_100/1250.h5 in 9.16 seconds
2025-09-19 08:18:21,310 - INFO - File 5725: Filtered 221725 hits and 3 records
2025-09-19 08:18:21,351 - INFO - Processing /viper/ptmp/arego/Red_T_7K_1/4588.h5
2025-09-19 08:18:21,555 - INFO - Completed /viper/ptmp/arego/Red_T_7K_1_EN_100/16429.h5 in 5.74 seconds
2025-09-19 08:18:21,664 - INFO - Completed /viper/ptmp/arego/Red_T_7K_1_EN_100/13145.h5 in 4.37 seconds
2025-09-19 08:18:21,702 - INFO - Processing /viper/ptmp/arego/Red_T_7K_1/2633.h5
2025-09-19 08:18:21,713 - INFO - Processing /viper/ptmp/arego/Red_T_7K_1/5504.h5
2025-09-19 08:18:21,886 - INFO - Completed /viper/ptmp/arego/Red_T_7K_1_EN_100/6163.h5 in 10.64 seconds
2025-09-19 08:18:22,034 - INFO - Processing /viper/ptmp/arego/Red_T_7K_1/2472.h5
2025-09-19 08:18:22,311 - INFO - Completed /viper/ptmp/arego/Red_T_7K_1_EN_100/9795.h5 in 9.56 seconds
2025-09-19 08:18:22,393 - INFO - Processing /viper/ptmp/arego/Red_T_7K_1/1139.h5
2025-09-19 08:18:22,663 - INFO - File 4588: Filtered 1581012 hits and 6 records
2025-09-19 08:18:22,768 - INFO - File 2633: Filtered 1798387 hits and 5 records
2025-09-19 08:18:22,956 - INFO - File 5504: Filtered 1656233 hits and 5 records
2025-09-19 08:18:23,357 - INFO - File 2472: Filtered 757983 hits and 3 records
2025-09-19 08:18:23,508 - INFO - Completed /viper/ptmp/arego/Red_T_7K_1_EN_100/6112.h5 in 15.53 seconds
2025-09-19 08:18:23,571 - INFO - Processing /viper/ptmp/arego/Red_T_7K_1/10051.h5
2025-09-19 08:18:23,840 - INFO - Completed /viper/ptmp/arego/Red_T_7K_1_EN_100/7837.h5 in 16.28 seconds
2025-09-19 08:18:23,921 - INFO - Completed /viper/ptmp/arego/Red_T_7K_1_EN_100/13299.h5 in 8.86 seconds
2025-09-19 08:18:23,934 - INFO - Processing /viper/ptmp/arego/Red_T_7K_1/7338.h5
2025-09-19 08:18:23,937 - INFO - File 1139: Filtered 939523 hits and 4 records
2025-09-19 08:18:23,967 - INFO - Processing /viper/ptmp/arego/Red_T_7K_1/12318.h5
2025-09-19 08:18:24,564 - INFO - File 10051: Filtered 3005824 hits and 7 records
2025-09-19 08:18:24,649 - INFO - Completed /viper/ptmp/arego/Red_T_7K_1_EN_100/25438.h5 in 14.26 seconds
2025-09-19 08:18:24,777 - INFO - Processing /viper/ptmp/arego/Red_T_7K_1/22.h5
2025-09-19 08:18:24,900 - INFO - Completed /viper/ptmp/arego/Red_T_7K_1_EN_100/9336.h5 in 7.78 seconds
2025-09-19 08:18:24,946 - INFO - Processing /viper/ptmp/arego/Red_T_7K_1/8397.h5
2025-09-19 08:18:25,169 - INFO - File 12318: Filtered 2222301 hits and 7 records
2025-09-19 08:18:25,275 - INFO - File 7338: Filtered 2949058 hits and 4 records
2025-09-19 08:18:25,969 - INFO - File 22: Filtered 1529274 hits and 2 records
2025-09-19 08:18:26,010 - INFO - Completed /viper/ptmp/arego/Red_T_7K_1_EN_100/6566.h5 in 11.59 seconds
2025-09-19 08:18:26,059 - INFO - File 8397: Filtered 1226593 hits and 4 records
2025-09-19 08:18:26,094 - INFO - Processing /viper/ptmp/arego/Red_T_7K_1/7337.h5
2025-09-19 08:18:26,163 - INFO - Completed /viper/ptmp/arego/Red_T_7K_1_EN_100/16215.h5 in 8.26 seconds
2025-09-19 08:18:26,247 - INFO - Processing /viper/ptmp/arego/Red_T_7K_1/12647.h5
2025-09-19 08:18:27,144 - INFO - File 12647: Filtered 1076640 hits and 8 records
2025-09-19 08:18:27,243 - INFO - File 7337: Filtered 4771223 hits and 4 records
2025-09-19 08:18:27,321 - INFO - Completed /viper/ptmp/arego/Red_T_7K_1_EN_100/11129.h5 in 11.10 seconds
2025-09-19 08:18:27,357 - INFO - Completed /viper/ptmp/arego/Red_T_7K_1_EN_100/16045.h5 in 12.69 seconds
2025-09-19 08:18:27,384 - INFO - Processing /viper/ptmp/arego/Red_T_7K_1/9704.h5
2025-09-19 08:18:27,622 - INFO - Processing /viper/ptmp/arego/Red_T_7K_1/6736.h5
2025-09-19 08:18:28,669 - INFO - File 9704: Filtered 2259754 hits and 5 records
2025-09-19 08:18:30,779 - INFO - Completed /viper/ptmp/arego/Red_T_7K_1_EN_100/7337.h5 in 4.69 seconds
2025-09-19 08:18:30,826 - INFO - Processing /viper/ptmp/arego/Red_T_7K_1/18699.h5
2025-09-19 08:18:31,239 - INFO - Completed /viper/ptmp/arego/Red_T_7K_1_EN_100/10051.h5 in 7.67 seconds
2025-09-19 08:18:31,314 - INFO - Processing /viper/ptmp/arego/Red_T_7K_1/7706.h5
2025-09-19 08:18:31,460 - INFO - Completed /viper/ptmp/arego/Red_T_7K_1_EN_100/5504.h5 in 9.75 seconds
2025-09-19 08:18:31,535 - INFO - Processing /viper/ptmp/arego/Red_T_7K_1/12544.h5
2025-09-19 08:18:32,217 - INFO - File 7706: Filtered 1597019 hits and 6 records
2025-09-19 08:18:32,524 - INFO - File 18699: Filtered 2591034 hits and 4 records
2025-09-19 08:18:32,692 - INFO - File 12544: Filtered 1776234 hits and 4 records
2025-09-19 08:18:33,149 - INFO - File 6736: Filtered 255577 hits and 4 records
2025-09-19 08:18:33,153 - INFO - Completed /viper/ptmp/arego/Red_T_7K_1_EN_100/4588.h5 in 11.80 seconds
2025-09-19 08:18:33,224 - INFO - Processing /viper/ptmp/arego/Red_T_7K_1/7729.h5
2025-09-19 08:18:34,388 - INFO - File 7729: Filtered 495709 hits and 3 records
2025-09-19 08:18:35,456 - INFO - Completed /viper/ptmp/arego/Red_T_7K_1_EN_100/2633.h5 in 13.75 seconds
2025-09-19 08:18:35,539 - INFO - Processing /viper/ptmp/arego/Red_T_7K_1/20357.h5
2025-09-19 08:18:36,939 - INFO - File 20357: Filtered 2543249 hits and 4 records
2025-09-19 08:18:37,025 - INFO - Completed /viper/ptmp/arego/Red_T_7K_1_EN_100/2472.h5 in 14.99 seconds
2025-09-19 08:18:37,090 - INFO - Processing /viper/ptmp/arego/Red_T_7K_1/17788.h5
2025-09-19 08:18:37,246 - INFO - Completed /viper/ptmp/arego/Red_T_7K_1_EN_100/12318.h5 in 13.28 seconds
2025-09-19 08:18:37,319 - INFO - Processing /viper/ptmp/arego/Red_T_7K_1/6073.h5
2025-09-19 08:18:38,653 - INFO - Completed /viper/ptmp/arego/Red_T_7K_1_EN_100/7338.h5 in 14.72 seconds
2025-09-19 08:18:38,731 - INFO - Processing /viper/ptmp/arego/Red_T_7K_1/11917.h5
2025-09-19 08:18:38,808 - INFO - File 6073: Filtered 3231884 hits and 8 records
2025-09-19 08:18:38,880 - INFO - File 17788: Filtered 450569 hits and 5 records
2025-09-19 08:18:39,706 - INFO - Completed /viper/ptmp/arego/Red_T_7K_1_EN_100/22.h5 in 14.93 seconds
2025-09-19 08:18:39,777 - INFO - Processing /viper/ptmp/arego/Red_T_7K_1/11079.h5
2025-09-19 08:18:39,827 - INFO - File 11917: Filtered 1023591 hits and 5 records
2025-09-19 08:18:39,965 - INFO - Completed /viper/ptmp/arego/Red_T_7K_1_EN_100/8397.h5 in 15.02 seconds
2025-09-19 08:18:40,040 - INFO - Processing /viper/ptmp/arego/Red_T_7K_1/1314.h5
2025-09-19 08:18:40,052 - INFO - Completed /viper/ptmp/arego/Red_T_7K_1_EN_100/12647.h5 in 13.80 seconds
2025-09-19 08:18:40,319 - INFO - Processing /viper/ptmp/arego/Red_T_7K_1/15596.h5
2025-09-19 08:18:41,163 - INFO - File 11079: Filtered 1335168 hits and 5 records
2025-09-19 08:18:41,213 - INFO - File 1314: Filtered 1453546 hits and 6 records
2025-09-19 08:18:41,574 - INFO - File 15596: Filtered 1107520 hits and 5 records
2025-09-19 08:18:42,020 - INFO - Completed /viper/ptmp/arego/Red_T_7K_1_EN_100/9704.h5 in 14.64 seconds
2025-09-19 08:18:42,096 - INFO - Processing /viper/ptmp/arego/Red_T_7K_1/11674.h5
2025-09-19 08:18:42,336 - INFO - Completed /viper/ptmp/arego/Red_T_7K_1_EN_100/7706.h5 in 11.02 seconds
2025-09-19 08:18:42,397 - INFO - Processing /viper/ptmp/arego/Red_T_7K_1/22801.h5
2025-09-19 08:18:44,038 - INFO - File 11674: Filtered 187926 hits and 3 records
2025-09-19 08:18:44,694 - INFO - File 22801: Filtered 227549 hits and 5 records
2025-09-19 08:18:45,758 - INFO - Completed /viper/ptmp/arego/Red_T_7K_1_EN_100/12544.h5 in 14.22 seconds
2025-09-19 08:18:45,829 - INFO - Processing /viper/ptmp/arego/Red_T_7K_1/8472.h5
2025-09-19 08:18:46,267 - INFO - Completed /viper/ptmp/arego/Red_T_7K_1_EN_100/18699.h5 in 15.44 seconds
2025-09-19 08:18:46,334 - INFO - Processing /viper/ptmp/arego/Red_T_7K_1/7720.h5
2025-09-19 08:18:47,063 - INFO - File 8472: Filtered 2335361 hits and 5 records
2025-09-19 08:18:49,119 - INFO - Completed /viper/ptmp/arego/Red_T_7K_1_EN_100/1139.h5 in 26.73 seconds
2025-09-19 08:18:49,205 - INFO - Processing /viper/ptmp/arego/Red_T_7K_1/12090.h5
2025-09-19 08:18:49,527 - INFO - File 7720: Filtered 1707057 hits and 4 records
2025-09-19 08:18:49,910 - INFO - Completed /viper/ptmp/arego/Red_T_7K_1_EN_100/20357.h5 in 14.37 seconds
2025-09-19 08:18:50,032 - INFO - Processing /viper/ptmp/arego/Red_T_7K_1/8864.h5
2025-09-19 08:18:50,878 - INFO - File 12090: Filtered 3210856 hits and 5 records
2025-09-19 08:18:51,103 - INFO - Completed /viper/ptmp/arego/Red_T_7K_1_EN_100/1507.h5 in 34.28 seconds
2025-09-19 08:18:51,260 - INFO - Processing /viper/ptmp/arego/Red_T_7K_1/5806.h5
2025-09-19 08:18:51,619 - INFO - Completed /viper/ptmp/arego/Red_T_7K_1_EN_100/7729.h5 in 18.39 seconds
2025-09-19 08:18:51,695 - INFO - Processing /viper/ptmp/arego/Red_T_7K_1/18454.h5
2025-09-19 08:18:51,779 - INFO - File 8864: Filtered 1821485 hits and 2 records
2025-09-19 08:18:52,813 - INFO - File 5806: Filtered 3257756 hits and 5 records
2025-09-19 08:18:52,980 - INFO - File 18454: Filtered 2569429 hits and 5 records
2025-09-19 08:18:54,134 - INFO - Completed /viper/ptmp/arego/Red_T_7K_1_EN_100/11917.h5 in 15.40 seconds
2025-09-19 08:18:54,210 - INFO - Processing /viper/ptmp/arego/Red_T_7K_1/6460.h5
2025-09-19 08:18:54,541 - INFO - Completed /viper/ptmp/arego/Red_T_7K_1_EN_100/6073.h5 in 17.22 seconds
2025-09-19 08:18:54,635 - INFO - Processing /viper/ptmp/arego/Red_T_7K_1/18931.h5
2025-09-19 08:18:55,436 - INFO - File 6460: Filtered 1640785 hits and 5 records
2025-09-19 08:18:56,580 - INFO - File 18931: Filtered 42370 hits and 1 records
2025-09-19 08:18:56,822 - INFO - Completed /viper/ptmp/arego/Red_T_7K_1_EN_100/1314.h5 in 16.78 seconds
2025-09-19 08:18:56,896 - INFO - Processing /viper/ptmp/arego/Red_T_7K_1/19605.h5
2025-09-19 08:18:58,179 - INFO - File 19605: Filtered 2556755 hits and 4 records
2025-09-19 08:18:58,367 - INFO - Completed /viper/ptmp/arego/Red_T_7K_1_EN_100/15596.h5 in 18.05 seconds
2025-09-19 08:18:58,452 - INFO - Processing /viper/ptmp/arego/Red_T_7K_1/16450.h5
2025-09-19 08:18:59,707 - INFO - Completed /viper/ptmp/arego/Red_T_7K_1_EN_100/11079.h5 in 19.93 seconds
2025-09-19 08:18:59,768 - INFO - File 16450: Filtered 3014718 hits and 8 records
2025-09-19 08:18:59,787 - INFO - Processing /viper/ptmp/arego/Red_T_7K_1/21198.h5
2025-09-19 08:19:00,940 - INFO - Completed /viper/ptmp/arego/Red_T_7K_1_EN_100/8472.h5 in 15.11 seconds
2025-09-19 08:19:01,013 - INFO - Processing /viper/ptmp/arego/Red_T_7K_1/6114.h5
2025-09-19 08:19:01,254 - INFO - File 21198: Filtered 2119032 hits and 6 records
2025-09-19 08:19:02,308 - INFO - File 6114: Filtered 3772162 hits and 6 records
2025-09-19 08:19:03,322 - INFO - Completed /viper/ptmp/arego/Red_T_7K_1_EN_100/12090.h5 in 14.12 seconds
2025-09-19 08:19:03,361 - INFO - Processing /viper/ptmp/arego/Red_T_7K_1/7436.h5
2025-09-19 08:19:04,709 - INFO - Completed /viper/ptmp/arego/Red_T_7K_1_EN_100/5806.h5 in 13.45 seconds
2025-09-19 08:19:04,792 - INFO - Processing /viper/ptmp/arego/Red_T_7K_1/3486.h5
2025-09-19 08:19:06,782 - INFO - File 7436: Filtered 1496806 hits and 7 records
2025-09-19 08:19:07,250 - INFO - Completed /viper/ptmp/arego/Red_T_7K_1_EN_100/18454.h5 in 15.55 seconds
2025-09-19 08:19:07,289 - INFO - Processing /viper/ptmp/arego/Red_T_7K_1/20119.h5
2025-09-19 08:19:08,033 - INFO - File 3486: Filtered 625287 hits and 2 records
2025-09-19 08:19:08,718 - INFO - File 20119: Filtered 2465899 hits and 8 records
2025-09-19 08:19:10,039 - INFO - Completed /viper/ptmp/arego/Red_T_7K_1_EN_100/8864.h5 in 20.01 seconds
2025-09-19 08:19:10,114 - INFO - Processing /viper/ptmp/arego/Red_T_7K_1/21834.h5
2025-09-19 08:19:10,350 - INFO - Completed /viper/ptmp/arego/Red_T_7K_1_EN_100/17788.h5 in 33.26 seconds
2025-09-19 08:19:10,426 - INFO - Processing /viper/ptmp/arego/Red_T_7K_1/7255.h5
2025-09-19 08:19:11,167 - INFO - Completed /viper/ptmp/arego/Red_T_7K_1_EN_100/6460.h5 in 16.96 seconds
2025-09-19 08:19:11,232 - INFO - Processing /viper/ptmp/arego/Red_T_7K_1/18065.h5
2025-09-19 08:19:12,012 - INFO - File 7255: Filtered 412466 hits and 3 records
2025-09-19 08:19:12,867 - INFO - File 18065: Filtered 705231 hits and 3 records
2025-09-19 08:19:12,904 - INFO - Completed /viper/ptmp/arego/Red_T_7K_1_EN_100/19605.h5 in 16.01 seconds
2025-09-19 08:19:12,989 - INFO - Processing /viper/ptmp/arego/Red_T_7K_1/4697.h5
2025-09-19 08:19:13,541 - INFO - Completed /viper/ptmp/arego/Red_T_7K_1_EN_100/6114.h5 in 12.53 seconds
2025-09-19 08:19:13,615 - INFO - Processing /viper/ptmp/arego/Red_T_7K_1/22311.h5
2025-09-19 08:19:13,730 - INFO - File 21834: Filtered 4436686 hits and 6 records
2025-09-19 08:19:13,939 - INFO - Completed /viper/ptmp/arego/Red_T_7K_1_EN_100/16450.h5 in 15.49 seconds
2025-09-19 08:19:14,002 - INFO - Processing /viper/ptmp/arego/Red_T_7K_1/13424.h5
2025-09-19 08:19:14,985 - INFO - File 4697: Filtered 992264 hits and 5 records
2025-09-19 08:19:15,435 - INFO - File 22311: Filtered 3361284 hits and 6 records
2025-09-19 08:19:15,717 - INFO - Completed /viper/ptmp/arego/Red_T_7K_1_EN_100/11674.h5 in 33.62 seconds
2025-09-19 08:19:15,786 - INFO - Processing /viper/ptmp/arego/Red_T_7K_1/18667.h5
2025-09-19 08:19:15,923 - INFO - File 13424: Filtered 1791580 hits and 4 records
2025-09-19 08:19:17,333 - INFO - File 18667: Filtered 3048694 hits and 5 records
2025-09-19 08:19:17,395 - INFO - Completed /viper/ptmp/arego/Red_T_7K_1_EN_100/21198.h5 in 17.61 seconds
2025-09-19 08:19:17,436 - INFO - Processing /viper/ptmp/arego/Red_T_7K_1/21606.h5
2025-09-19 08:19:19,110 - INFO - File 21606: Filtered 4371536 hits and 5 records
2025-09-19 08:19:19,598 - INFO - Completed /viper/ptmp/arego/Red_T_7K_1_EN_100/5725.h5 in 61.39 seconds
2025-09-19 08:19:19,680 - INFO - Processing /viper/ptmp/arego/Red_T_7K_1/17784.h5
2025-09-19 08:19:21,251 - INFO - File 17784: Filtered 2204307 hits and 5 records
2025-09-19 08:19:21,815 - INFO - Completed /viper/ptmp/arego/Red_T_7K_1_EN_100/21834.h5 in 11.70 seconds
2025-09-19 08:19:21,881 - INFO - Processing /viper/ptmp/arego/Red_T_7K_1/21984.h5
2025-09-19 08:19:23,378 - INFO - File 21984: Filtered 2516598 hits and 5 records
2025-09-19 08:19:24,291 - INFO - Completed /viper/ptmp/arego/Red_T_7K_1_EN_100/22801.h5 in 41.89 seconds
2025-09-19 08:19:24,359 - INFO - Processing /viper/ptmp/arego/Red_T_7K_1/11458.h5
2025-09-19 08:19:25,773 - INFO - Completed /viper/ptmp/arego/Red_T_7K_1_EN_100/20119.h5 in 18.48 seconds
2025-09-19 08:19:25,861 - INFO - Processing /viper/ptmp/arego/Red_T_7K_1/3596.h5
2025-09-19 08:19:26,713 - INFO - File 11458: Filtered 192390 hits and 4 records
2025-09-19 08:19:28,826 - INFO - File 3596: Filtered 1015381 hits and 5 records
2025-09-19 08:19:30,399 - INFO - Completed /viper/ptmp/arego/Red_T_7K_1_EN_100/18931.h5 in 35.76 seconds
2025-09-19 08:19:30,465 - INFO - Processing /viper/ptmp/arego/Red_T_7K_1/3366.h5
2025-09-19 08:19:30,613 - INFO - Completed /viper/ptmp/arego/Red_T_7K_1_EN_100/21606.h5 in 13.18 seconds
2025-09-19 08:19:30,744 - INFO - Processing /viper/ptmp/arego/Red_T_7K_1/6675.h5
2025-09-19 08:19:30,865 - INFO - Completed /viper/ptmp/arego/Red_T_7K_1_EN_100/18667.h5 in 15.08 seconds
2025-09-19 08:19:31,074 - INFO - Processing /viper/ptmp/arego/Red_T_7K_1/16575.h5
2025-09-19 08:19:31,829 - INFO - Completed /viper/ptmp/arego/Red_T_7K_1_EN_100/22311.h5 in 18.21 seconds
2025-09-19 08:19:31,894 - INFO - Processing /viper/ptmp/arego/Red_T_7K_1/1525.h5
2025-09-19 08:19:32,206 - INFO - File 3366: Filtered 3808047 hits and 6 records
2025-09-19 08:19:32,667 - INFO - File 6675: Filtered 2964962 hits and 6 records
2025-09-19 08:19:33,021 - INFO - File 16575: Filtered 1754941 hits and 4 records
2025-09-19 08:19:33,728 - INFO - File 1525: Filtered 4963023 hits and 9 records
2025-09-19 08:19:36,155 - INFO - Completed /viper/ptmp/arego/Red_T_7K_1_EN_100/7255.h5 in 25.73 seconds
2025-09-19 08:19:36,224 - INFO - Processing /viper/ptmp/arego/Red_T_7K_1/20641.h5
2025-09-19 08:19:37,141 - INFO - Completed /viper/ptmp/arego/Red_T_7K_1_EN_100/18065.h5 in 25.91 seconds
2025-09-19 08:19:37,209 - INFO - Processing /viper/ptmp/arego/Red_T_7K_1/2242.h5
2025-09-19 08:19:38,511 - INFO - Completed /viper/ptmp/arego/Red_T_7K_1_EN_100/13424.h5 in 24.51 seconds
2025-09-19 08:19:38,572 - INFO - File 20641: Filtered 480918 hits and 4 records
2025-09-19 08:19:38,623 - INFO - Processing /viper/ptmp/arego/Red_T_7K_1/8152.h5
2025-09-19 08:19:39,043 - INFO - Completed /viper/ptmp/arego/Red_T_7K_1_EN_100/7720.h5 in 52.71 seconds
2025-09-19 08:19:39,123 - INFO - Processing /viper/ptmp/arego/Red_T_7K_1/22161.h5
2025-09-19 08:19:39,163 - INFO - File 2242: Filtered 2828414 hits and 4 records
2025-09-19 08:19:40,710 - INFO - File 22161: Filtered 2760026 hits and 6 records
2025-09-19 08:19:40,907 - INFO - File 8152: Filtered 3554618 hits and 4 records
2025-09-19 08:19:43,027 - INFO - Completed /viper/ptmp/arego/Red_T_7K_1_EN_100/17784.h5 in 23.35 seconds
2025-09-19 08:19:43,072 - INFO - Processing /viper/ptmp/arego/Red_T_7K_1/4164.h5
2025-09-19 08:19:43,093 - INFO - Completed /viper/ptmp/arego/Red_T_7K_1_EN_100/21984.h5 in 21.21 seconds
2025-09-19 08:19:43,173 - INFO - Processing /viper/ptmp/arego/Red_T_7K_1/22802.h5
2025-09-19 08:19:46,161 - INFO - Completed /viper/ptmp/arego/Red_T_7K_1_EN_100/3366.h5 in 15.70 seconds
2025-09-19 08:19:46,242 - INFO - Processing /viper/ptmp/arego/Red_T_7K_1/7220.h5
2025-09-19 08:19:46,412 - INFO - Completed /viper/ptmp/arego/Red_T_7K_1_EN_100/4697.h5 in 33.42 seconds
2025-09-19 08:19:46,479 - INFO - Processing /viper/ptmp/arego/Red_T_7K_1/4905.h5
2025-09-19 08:19:46,973 - INFO - File 22802: Filtered 384335 hits and 5 records
2025-09-19 08:19:47,187 - INFO - Completed /viper/ptmp/arego/Red_T_7K_1_EN_100/3486.h5 in 42.40 seconds
2025-09-19 08:19:47,224 - INFO - Processing /viper/ptmp/arego/Red_T_7K_1/9547.h5
2025-09-19 08:19:48,552 - INFO - File 4905: Filtered 4464729 hits and 7 records
2025-09-19 08:19:49,517 - INFO - File 9547: Filtered 2396262 hits and 7 records
2025-09-19 08:19:50,251 - INFO - File 7220: Filtered 1235211 hits and 5 records
2025-09-19 08:19:50,442 - INFO - Completed /viper/ptmp/arego/Red_T_7K_1_EN_100/1525.h5 in 18.55 seconds
2025-09-19 08:19:50,528 - INFO - Processing /viper/ptmp/arego/Red_T_7K_1/21483.h5
2025-09-19 08:19:50,959 - INFO - Completed /viper/ptmp/arego/Red_T_7K_1_EN_100/6675.h5 in 20.22 seconds
2025-09-19 08:19:51,066 - INFO - Processing /viper/ptmp/arego/Red_T_7K_1/12677.h5
2025-09-19 08:19:52,078 - INFO - Completed /viper/ptmp/arego/Red_T_7K_1_EN_100/16575.h5 in 21.00 seconds
2025-09-19 08:19:52,090 - INFO - Completed /viper/ptmp/arego/Red_T_7K_1_EN_100/7436.h5 in 48.73 seconds
2025-09-19 08:19:52,114 - INFO - Processing /viper/ptmp/arego/Red_T_7K_1/21136.h5
2025-09-19 08:19:52,456 - INFO - Processing /viper/ptmp/arego/Red_T_7K_1/17604.h5
2025-09-19 08:19:52,940 - INFO - File 21483: Filtered 5578457 hits and 5 records
2025-09-19 08:19:52,950 - INFO - File 4164: Filtered 208522 hits and 3 records
2025-09-19 08:19:53,074 - INFO - File 12677: Filtered 530240 hits and 7 records
2025-09-19 08:19:54,411 - INFO - File 21136: Filtered 8078239 hits and 5 records
2025-09-19 08:19:54,905 - INFO - File 17604: Filtered 7480182 hits and 4 records
2025-09-19 08:19:58,140 - INFO - Completed /viper/ptmp/arego/Red_T_7K_1_EN_100/21136.h5 in 6.03 seconds
2025-09-19 08:19:58,206 - INFO - Processing /viper/ptmp/arego/Red_T_7K_1/22883.h5
2025-09-19 08:20:00,047 - INFO - File 22883: Filtered 4874094 hits and 8 records
2025-09-19 08:20:00,360 - INFO - Completed /viper/ptmp/arego/Red_T_7K_1_EN_100/22161.h5 in 21.24 seconds
2025-09-19 08:20:00,441 - INFO - Processing /viper/ptmp/arego/Red_T_7K_1/19385.h5
2025-09-19 08:20:02,332 - INFO - File 19385: Filtered 4920989 hits and 6 records
2025-09-19 08:20:02,490 - INFO - Completed /viper/ptmp/arego/Red_T_7K_1_EN_100/2242.h5 in 25.28 seconds
2025-09-19 08:20:02,529 - INFO - Processing /viper/ptmp/arego/Red_T_7K_1/7932.h5
2025-09-19 08:20:03,367 - INFO - Completed /viper/ptmp/arego/Red_T_7K_1_EN_100/17604.h5 in 10.91 seconds
2025-09-19 08:20:03,432 - INFO - Processing /viper/ptmp/arego/Red_T_7K_1/8258.h5
2025-09-19 08:20:05,012 - INFO - File 7932: Filtered 6458661 hits and 8 records
2025-09-19 08:20:05,475 - INFO - File 8258: Filtered 3352667 hits and 6 records
2025-09-19 08:20:05,542 - INFO - Completed /viper/ptmp/arego/Red_T_7K_1_EN_100/6736.h5 in 97.92 seconds
2025-09-19 08:20:05,626 - INFO - Processing /viper/ptmp/arego/Red_T_7K_1/11598.h5
2025-09-19 08:20:07,505 - INFO - File 11598: Filtered 2884898 hits and 7 records
2025-09-19 08:20:08,000 - INFO - Completed /viper/ptmp/arego/Red_T_7K_1_EN_100/11458.h5 in 43.64 seconds
2025-09-19 08:20:08,079 - INFO - Processing /viper/ptmp/arego/Red_T_7K_1/2609.h5
2025-09-19 08:20:09,174 - INFO - Completed /viper/ptmp/arego/Red_T_7K_1_EN_100/8152.h5 in 30.55 seconds
2025-09-19 08:20:09,252 - INFO - Processing /viper/ptmp/arego/Red_T_7K_1/8354.h5
2025-09-19 08:20:10,451 - INFO - File 2609: Filtered 11923386 hits and 7 records
2025-09-19 08:20:10,765 - INFO - Completed /viper/ptmp/arego/Red_T_7K_1_EN_100/9547.h5 in 23.54 seconds
2025-09-19 08:20:10,830 - INFO - Processing /viper/ptmp/arego/Red_T_7K_1/22999.h5
2025-09-19 08:20:11,652 - INFO - File 8354: Filtered 12441089 hits and 5 records
2025-09-19 08:20:12,623 - INFO - File 22999: Filtered 7616054 hits and 6 records
2025-09-19 08:20:12,865 - INFO - Completed /viper/ptmp/arego/Red_T_7K_1_EN_100/2609.h5 in 4.79 seconds
2025-09-19 08:20:12,961 - INFO - Processing /viper/ptmp/arego/Red_T_7K_1/18274.h5
2025-09-19 08:20:13,121 - INFO - Completed /viper/ptmp/arego/Red_T_7K_1_EN_100/4905.h5 in 26.64 seconds
2025-09-19 08:20:13,234 - INFO - Processing /viper/ptmp/arego/Red_T_7K_1/20437.h5
2025-09-19 08:20:13,547 - INFO - Completed /viper/ptmp/arego/Red_T_7K_1_EN_100/8354.h5 in 4.29 seconds
2025-09-19 08:20:13,616 - INFO - Processing /viper/ptmp/arego/Red_T_7K_1/18935.h5
2025-09-19 08:20:15,537 - INFO - Completed /viper/ptmp/arego/Red_T_7K_1_EN_100/22883.h5 in 17.33 seconds
2025-09-19 08:20:15,600 - INFO - Processing /viper/ptmp/arego/Red_T_7K_1/3698.h5
2025-09-19 08:20:16,296 - INFO - File 20437: Filtered 3635144 hits and 5 records
2025-09-19 08:20:16,309 - INFO - File 18274: Filtered 3696722 hits and 3 records
2025-09-19 08:20:16,563 - INFO - Completed /viper/ptmp/arego/Red_T_7K_1_EN_100/21483.h5 in 26.04 seconds
2025-09-19 08:20:16,614 - INFO - Processing /viper/ptmp/arego/Red_T_7K_1/11709.h5
2025-09-19 08:20:17,556 - INFO - File 3698: Filtered 1591460 hits and 4 records
2025-09-19 08:20:18,376 - INFO - Completed /viper/ptmp/arego/Red_T_7K_1_EN_100/19385.h5 in 17.93 seconds
2025-09-19 08:20:18,456 - INFO - Processing /viper/ptmp/arego/Red_T_7K_1/6172.h5
2025-09-19 08:20:19,028 - INFO - Completed /viper/ptmp/arego/Red_T_7K_1_EN_100/20641.h5 in 42.80 seconds
2025-09-19 08:20:19,101 - INFO - Processing /viper/ptmp/arego/Red_T_7K_1/91.h5
2025-09-19 08:20:20,324 - INFO - Completed /viper/ptmp/arego/Red_T_7K_1_EN_100/22999.h5 in 9.49 seconds
2025-09-19 08:20:20,400 - INFO - Processing /viper/ptmp/arego/Red_T_7K_1/721.h5
2025-09-19 08:20:20,647 - INFO - File 6172: Filtered 175103 hits and 2 records
2025-09-19 08:20:20,664 - INFO - File 11709: Filtered 5711411 hits and 5 records
2025-09-19 08:20:20,931 - INFO - Completed /viper/ptmp/arego/Red_T_7K_1_EN_100/3596.h5 in 55.07 seconds
2025-09-19 08:20:21,002 - INFO - Processing /viper/ptmp/arego/Red_T_7K_1/11541.h5
2025-09-19 08:20:22,297 - INFO - Completed /viper/ptmp/arego/Red_T_7K_1_EN_100/12677.h5 in 31.23 seconds
2025-09-19 08:20:22,374 - INFO - Processing /viper/ptmp/arego/Red_T_7K_1/60.h5
2025-09-19 08:20:22,632 - INFO - File 721: Filtered 3350151 hits and 3 records
2025-09-19 08:20:24,881 - INFO - File 60: Filtered 5554858 hits and 6 records
2025-09-19 08:20:26,152 - INFO - File 11541: Filtered 3871404 hits and 3 records
2025-09-19 08:20:27,026 - INFO - File 91: Filtered 6210841 hits and 5 records
2025-09-19 08:20:30,108 - INFO - Completed /viper/ptmp/arego/Red_T_7K_1_EN_100/8258.h5 in 26.68 seconds
2025-09-19 08:20:30,183 - INFO - Processing /viper/ptmp/arego/Red_T_7K_1/13709.h5
2025-09-19 08:20:31,375 - INFO - Completed /viper/ptmp/arego/Red_T_7K_1_EN_100/7932.h5 in 28.85 seconds
2025-09-19 08:20:31,458 - INFO - Processing /viper/ptmp/arego/Red_T_7K_1/10781.h5
2025-09-19 08:20:31,911 - INFO - File 18935: Filtered 1491904 hits and 3 records
2025-09-19 08:20:33,357 - INFO - Completed /viper/ptmp/arego/Red_T_7K_1_EN_100/11598.h5 in 27.73 seconds
2025-09-19 08:20:33,442 - INFO - Processing /viper/ptmp/arego/Red_T_7K_1/12981.h5
2025-09-19 08:20:33,914 - INFO - File 13709: Filtered 1261161 hits and 5 records
2025-09-19 08:20:35,029 - INFO - File 10781: Filtered 11907708 hits and 9 records
2025-09-19 08:20:35,975 - INFO - File 12981: Filtered 4531428 hits and 6 records
2025-09-19 08:20:45,044 - INFO - Completed /viper/ptmp/arego/Red_T_7K_1_EN_100/60.h5 in 22.67 seconds
2025-09-19 08:20:45,111 - INFO - Processing /viper/ptmp/arego/Red_T_7K_1/2399.h5
2025-09-19 08:20:46,886 - INFO - Completed /viper/ptmp/arego/Red_T_7K_1_EN_100/7220.h5 in 60.64 seconds
2025-09-19 08:20:46,970 - INFO - Processing /viper/ptmp/arego/Red_T_7K_1/22515.h5
2025-09-19 08:20:47,618 - INFO - File 2399: Filtered 4094871 hits and 4 records
2025-09-19 08:20:48,957 - INFO - Completed /viper/ptmp/arego/Red_T_7K_1_EN_100/3698.h5 in 33.36 seconds
2025-09-19 08:20:49,024 - INFO - Processing /viper/ptmp/arego/Red_T_7K_1/7318.h5
2025-09-19 08:20:50,175 - INFO - Completed /viper/ptmp/arego/Red_T_7K_1_EN_100/721.h5 in 29.78 seconds
2025-09-19 08:20:50,241 - INFO - Processing /viper/ptmp/arego/Red_T_7K_1/9044.h5
2025-09-19 08:20:50,384 - INFO - Completed /viper/ptmp/arego/Red_T_7K_1_EN_100/22802.h5 in 67.21 seconds
2025-09-19 08:20:50,422 - INFO - Processing /viper/ptmp/arego/Red_T_7K_1/8636.h5
2025-09-19 08:20:51,336 - INFO - File 7318: Filtered 5946246 hits and 4 records
2025-09-19 08:20:54,166 - INFO - File 22515: Filtered 2979893 hits and 4 records
2025-09-19 08:20:54,395 - INFO - File 8636: Filtered 7464620 hits and 6 records
2025-09-19 08:20:54,958 - INFO - Completed /viper/ptmp/arego/Red_T_7K_1_EN_100/20437.h5 in 41.72 seconds
2025-09-19 08:20:54,998 - INFO - Processing /viper/ptmp/arego/Red_T_7K_1/15606.h5
2025-09-19 08:20:55,171 - INFO - Completed /viper/ptmp/arego/Red_T_7K_1_EN_100/18274.h5 in 42.21 seconds
2025-09-19 08:20:55,310 - INFO - Processing /viper/ptmp/arego/Red_T_7K_1/16546.h5
2025-09-19 08:20:56,819 - INFO - Completed /viper/ptmp/arego/Red_T_7K_1_EN_100/10781.h5 in 25.36 seconds
2025-09-19 08:20:56,892 - INFO - Processing /viper/ptmp/arego/Red_T_7K_1/16118.h5
2025-09-19 08:20:56,973 - INFO - Completed /viper/ptmp/arego/Red_T_7K_1_EN_100/6172.h5 in 38.52 seconds
2025-09-19 08:20:57,047 - INFO - Processing /viper/ptmp/arego/Red_T_7K_1/17294.h5
2025-09-19 08:21:01,470 - INFO - File 9044: Filtered 472168 hits and 5 records
2025-09-19 08:21:01,653 - INFO - File 15606: Filtered 805921 hits and 6 records
2025-09-19 08:21:03,488 - INFO - Completed /viper/ptmp/arego/Red_T_7K_1_EN_100/12981.h5 in 30.05 seconds
2025-09-19 08:21:03,539 - INFO - Processing /viper/ptmp/arego/Red_T_7K_1/7855.h5
2025-09-19 08:21:05,385 - INFO - File 16546: Filtered 12090378 hits and 5 records
2025-09-19 08:21:07,406 - INFO - File 7855: Filtered 4987860 hits and 3 records
2025-09-19 08:21:08,251 - INFO - File 17294: Filtered 1038557 hits and 4 records
2025-09-19 08:21:16,073 - INFO - Completed /viper/ptmp/arego/Red_T_7K_1_EN_100/7318.h5 in 27.05 seconds
2025-09-19 08:21:16,142 - INFO - Processing /viper/ptmp/arego/Red_T_7K_1/12155.h5
2025-09-19 08:21:16,191 - INFO - Completed /viper/ptmp/arego/Red_T_7K_1_EN_100/2399.h5 in 31.08 seconds
2025-09-19 08:21:16,434 - INFO - Processing /viper/ptmp/arego/Red_T_7K_1/1555.h5
2025-09-19 08:21:17,354 - INFO - File 16118: Filtered 480097 hits and 5 records
2025-09-19 08:21:18,041 - INFO - Completed /viper/ptmp/arego/Red_T_7K_1_EN_100/11709.h5 in 61.43 seconds
2025-09-19 08:21:18,113 - INFO - Processing /viper/ptmp/arego/Red_T_7K_1/352.h5
2025-09-19 08:21:19,645 - INFO - Completed /viper/ptmp/arego/Red_T_7K_1_EN_100/11541.h5 in 58.64 seconds
2025-09-19 08:21:19,719 - INFO - Processing /viper/ptmp/arego/Red_T_7K_1/6712.h5
2025-09-19 08:21:20,221 - INFO - File 12155: Filtered 7992254 hits and 8 records
2025-09-19 08:21:21,965 - INFO - Completed /viper/ptmp/arego/Red_T_7K_1_EN_100/8636.h5 in 31.54 seconds
2025-09-19 08:21:22,042 - INFO - Processing /viper/ptmp/arego/Red_T_7K_1/11075.h5
2025-09-19 08:21:25,117 - INFO - File 1555: Filtered 3723213 hits and 3 records
2025-09-19 08:21:27,999 - INFO - Completed /viper/ptmp/arego/Red_T_7K_1_EN_100/22515.h5 in 41.03 seconds
2025-09-19 08:21:28,040 - INFO - Processing /viper/ptmp/arego/Red_T_7K_1/7159.h5
2025-09-19 08:21:33,414 - INFO - File 7159: Filtered 6642569 hits and 5 records
2025-09-19 08:21:33,808 - INFO - File 352: Filtered 934844 hits and 6 records
2025-09-19 08:21:35,339 - INFO - File 11075: Filtered 5735241 hits and 6 records
2025-09-19 08:21:35,595 - INFO - File 6712: Filtered 64523957 hits and 6 records
2025-09-19 08:21:35,859 - INFO - Completed /viper/ptmp/arego/Red_T_7K_1_EN_100/13709.h5 in 65.68 seconds
2025-09-19 08:21:35,943 - INFO - Processing /viper/ptmp/arego/Red_T_7K_1/9648.h5
2025-09-19 08:21:37,530 - INFO - Completed /viper/ptmp/arego/Red_T_7K_1_EN_100/6712.h5 in 17.81 seconds
2025-09-19 08:21:37,623 - INFO - Processing /viper/ptmp/arego/Red_T_7K_1/1848.h5
2025-09-19 08:21:41,408 - INFO - File 9648: Filtered 8214168 hits and 2 records
2025-09-19 08:21:47,086 - INFO - Completed /viper/ptmp/arego/Red_T_7K_1_EN_100/7855.h5 in 43.55 seconds
2025-09-19 08:21:47,158 - INFO - Processing /viper/ptmp/arego/Red_T_7K_1/14797.h5
2025-09-19 08:21:51,677 - INFO - Completed /viper/ptmp/arego/Red_T_7K_1_EN_100/12155.h5 in 35.53 seconds
2025-09-19 08:21:51,762 - INFO - Processing /viper/ptmp/arego/Red_T_7K_1/2238.h5
2025-09-19 08:21:52,884 - INFO - File 14797: Filtered 2194763 hits and 4 records
2025-09-19 08:21:58,550 - INFO - File 1848: Filtered 47910034 hits and 6 records
2025-09-19 08:21:58,690 - INFO - File 2238: Filtered 17115298 hits and 7 records
2025-09-19 08:22:12,346 - INFO - Completed /viper/ptmp/arego/Red_T_7K_1_EN_100/9044.h5 in 82.11 seconds
2025-09-19 08:22:12,453 - INFO - Processing /viper/ptmp/arego/Red_T_7K_1/4450.h5
2025-09-19 08:22:13,988 - INFO - Completed /viper/ptmp/arego/Red_T_7K_1_EN_100/91.h5 in 114.89 seconds
2025-09-19 08:22:14,038 - INFO - Processing /viper/ptmp/arego/Red_T_7K_1/22829.h5
2025-09-19 08:22:17,590 - INFO - Completed /viper/ptmp/arego/Red_T_7K_1_EN_100/1555.h5 in 61.16 seconds
2025-09-19 08:22:17,637 - INFO - Processing /viper/ptmp/arego/Red_T_7K_1/20303.h5
2025-09-19 08:22:20,873 - INFO - File 4450: Filtered 4809791 hits and 2 records
2025-09-19 08:22:21,735 - INFO - Completed /viper/ptmp/arego/Red_T_7K_1_EN_100/7159.h5 in 53.70 seconds
2025-09-19 08:22:21,819 - INFO - Processing /viper/ptmp/arego/Red_T_7K_1/3027.h5
2025-09-19 08:22:26,655 - INFO - File 20303: Filtered 561317 hits and 6 records
2025-09-19 08:22:31,446 - INFO - Completed /viper/ptmp/arego/Red_T_7K_1_EN_100/9648.h5 in 55.50 seconds
2025-09-19 08:22:31,483 - INFO - File 3027: Filtered 20977632 hits and 6 records
2025-09-19 08:22:31,528 - INFO - Processing /viper/ptmp/arego/Red_T_7K_1/18756.h5
2025-09-19 08:22:39,198 - INFO - Completed /viper/ptmp/arego/Red_T_7K_1_EN_100/2238.h5 in 47.44 seconds
2025-09-19 08:22:39,241 - INFO - Processing /viper/ptmp/arego/Red_T_7K_1/3108.h5
2025-09-19 08:22:42,006 - INFO - File 18756: Filtered 14772041 hits and 6 records
2025-09-19 08:22:51,050 - INFO - File 22829: Filtered 69774261 hits and 2 records
2025-09-19 08:22:55,966 - INFO - Completed /viper/ptmp/arego/Red_T_7K_1_EN_100/16546.h5 in 120.66 seconds
2025-09-19 08:22:56,055 - INFO - Processing /viper/ptmp/arego/Red_T_7K_1/4614.h5
2025-09-19 08:23:00,263 - INFO - Completed /viper/ptmp/arego/Red_T_7K_1_EN_100/4164.h5 in 197.19 seconds
2025-09-19 08:23:00,346 - INFO - Processing /viper/ptmp/arego/Red_T_7K_1/19031.h5
2025-09-19 08:23:00,846 - INFO - File 3108: Filtered 2364641 hits and 3 records
2025-09-19 08:23:14,150 - INFO - Completed /viper/ptmp/arego/Red_T_7K_1_EN_100/14797.h5 in 86.99 seconds
2025-09-19 08:23:14,230 - INFO - Processing /viper/ptmp/arego/Red_T_7K_1/11400.h5
2025-09-19 08:23:16,427 - INFO - Completed /viper/ptmp/arego/Red_T_7K_1_EN_100/15606.h5 in 141.43 seconds
2025-09-19 08:23:25,053 - INFO - Completed /viper/ptmp/arego/Red_T_7K_1_EN_100/3027.h5 in 63.23 seconds
2025-09-19 08:23:25,116 - INFO - Processing /viper/ptmp/arego/Red_T_7K_1/16796.h5
2025-09-19 08:23:47,573 - INFO - Completed /viper/ptmp/arego/Red_T_7K_1_EN_100/17294.h5 in 170.53 seconds
2025-09-19 08:23:47,625 - INFO - Processing /viper/ptmp/arego/Red_T_7K_1/18002.h5
2025-09-19 08:23:54,812 - INFO - File 11400: Filtered 39450703 hits and 7 records
2025-09-19 08:24:01,157 - INFO - File 19031: Filtered 3828493 hits and 2 records
2025-09-19 08:24:02,364 - INFO - Completed /viper/ptmp/arego/Red_T_7K_1_EN_100/4450.h5 in 109.91 seconds
2025-09-19 08:24:07,895 - INFO - File 4614: Filtered 349047 hits and 3 records
2025-09-19 08:24:16,061 - INFO - Completed /viper/ptmp/arego/Red_T_7K_1_EN_100/18756.h5 in 104.53 seconds
2025-09-19 08:24:16,351 - INFO - File 16796: Filtered 58995614 hits and 8 records
2025-09-19 08:24:31,298 - INFO - Completed /viper/ptmp/arego/Red_T_7K_1_EN_100/11075.h5 in 189.26 seconds
2025-09-19 08:24:41,701 - INFO - Completed /viper/ptmp/arego/Red_T_7K_1_EN_100/20303.h5 in 144.06 seconds
2025-09-19 08:25:21,379 - INFO - Completed /viper/ptmp/arego/Red_T_7K_1_EN_100/1848.h5 in 223.76 seconds
2025-09-19 08:25:45,459 - INFO - Completed /viper/ptmp/arego/Red_T_7K_1_EN_100/18935.h5 in 331.84 seconds
2025-09-19 08:26:01,071 - INFO - Completed /viper/ptmp/arego/Red_T_7K_1_EN_100/352.h5 in 282.96 seconds
2025-09-19 08:26:34,933 - INFO - File 18002: Filtered 147356304 hits and 4 records
2025-09-19 08:27:53,931 - INFO - Completed /viper/ptmp/arego/Red_T_7K_1_EN_100/16118.h5 in 417.04 seconds
2025-09-19 08:28:27,693 - INFO - Completed /viper/ptmp/arego/Red_T_7K_1_EN_100/3108.h5 in 348.45 seconds
2025-09-19 08:30:10,417 - INFO - Completed /viper/ptmp/arego/Red_T_7K_1_EN_100/22829.h5 in 476.38 seconds
2025-09-19 08:31:27,358 - INFO - Completed /viper/ptmp/arego/Red_T_7K_1_EN_100/11400.h5 in 493.13 seconds
2025-09-19 08:32:37,879 - INFO - Completed /viper/ptmp/arego/Red_T_7K_1_EN_100/16796.h5 in 552.76 seconds
2025-09-19 08:39:44,068 - INFO - Completed /viper/ptmp/arego/Red_T_7K_1_EN_100/19031.h5 in 1003.72 seconds
2025-09-19 08:42:33,456 - INFO - Completed /viper/ptmp/arego/Red_T_7K_1_EN_100/4614.h5 in 1177.40 seconds
2025-09-19 08:56:26,421 - INFO - Completed /viper/ptmp/arego/Red_T_7K_1_EN_100/18002.h5 in 1958.80 seconds
