2025-09-19 05:39:32,891 - INFO - Loaded skip configuration: 0 files to skip entirely, 21186 files with partial record skips
2025-09-19 05:39:33,012 - INFO - Loaded skip configuration: 0 files to skip entirely, 21186 files with partial record skips
2025-09-19 05:39:33,397 - INFO - Processing /viper/ptmp/arego/Red_T_7K_1/1747.h5
2025-09-19 05:39:33,473 - INFO - Processing /viper/ptmp/arego/Red_T_7K_1/4538.h5
2025-09-19 05:39:33,642 - INFO - Processing /viper/ptmp/arego/Red_T_7K_1/2146.h5
2025-09-19 05:39:33,676 - INFO - Processing /viper/ptmp/arego/Red_T_7K_1/4824.h5
2025-09-19 05:39:33,685 - INFO - File 1747: Filtered 152710 hits and 4 records
2025-09-19 05:39:33,720 - INFO - File 4538: Filtered 31941 hits and 1 records
2025-09-19 05:39:33,810 - INFO - Processing /viper/ptmp/arego/Red_T_7K_1/450.h5
2025-09-19 05:39:33,912 - INFO - File 2146: Filtered 38312 hits and 1 records
2025-09-19 05:39:33,928 - INFO - File 4824: Filtered 90836 hits and 2 records
2025-09-19 05:39:33,982 - INFO - Processing /viper/ptmp/arego/Red_T_7K_1/8415.h5
2025-09-19 05:39:33,997 - INFO - Processing /viper/ptmp/arego/Red_T_7K_1/5577.h5
2025-09-19 05:39:34,061 - INFO - File 450: Filtered 216718 hits and 6 records
2025-09-19 05:39:34,171 - INFO - Processing /viper/ptmp/arego/Red_T_7K_1/13932.h5
2025-09-19 05:39:34,224 - INFO - File 8415: Filtered 156326 hits and 5 records
2025-09-19 05:39:34,311 - INFO - File 5577: Filtered 155743 hits and 4 records
2025-09-19 05:39:34,354 - INFO - Processing /viper/ptmp/arego/Red_T_7K_1/22891.h5
2025-09-19 05:39:34,375 - INFO - Processing /viper/ptmp/arego/Red_T_7K_1/21118.h5
2025-09-19 05:39:34,440 - INFO - File 13932: Filtered 99639 hits and 3 records
2025-09-19 05:39:34,539 - INFO - Completed /viper/ptmp/arego/Red_T_7K_1_EN_100/4538.h5 in 1.07 seconds
2025-09-19 05:39:34,570 - INFO - Processing /viper/ptmp/arego/Red_T_7K_1/10217.h5
2025-09-19 05:39:34,575 - INFO - Completed /viper/ptmp/arego/Red_T_7K_1_EN_100/4824.h5 in 0.90 seconds
2025-09-19 05:39:34,618 - INFO - File 22891: Filtered 289277 hits and 5 records
2025-09-19 05:39:34,622 - INFO - Completed /viper/ptmp/arego/Red_T_7K_1_EN_100/450.h5 in 0.81 seconds
2025-09-19 05:39:34,636 - INFO - File 21118: Filtered 103683 hits and 3 records
2025-09-19 05:39:34,659 - INFO - Completed /viper/ptmp/arego/Red_T_7K_1_EN_100/1747.h5 in 1.26 seconds
2025-09-19 05:39:34,680 - INFO - Processing /viper/ptmp/arego/Red_T_7K_1/15179.h5
2025-09-19 05:39:34,778 - INFO - Processing /viper/ptmp/arego/Red_T_7K_1/7672.h5
2025-09-19 05:39:34,841 - INFO - File 10217: Filtered 134587 hits and 3 records
2025-09-19 05:39:34,922 - INFO - Processing /viper/ptmp/arego/Red_T_7K_1/4870.h5
2025-09-19 05:39:34,923 - INFO - File 15179: Filtered 359020 hits and 6 records
2025-09-19 05:39:34,926 - INFO - Completed /viper/ptmp/arego/Red_T_7K_1_EN_100/8415.h5 in 0.94 seconds
2025-09-19 05:39:34,949 - INFO - Completed /viper/ptmp/arego/Red_T_7K_1_EN_100/2146.h5 in 1.31 seconds
2025-09-19 05:39:34,958 - INFO - Processing /viper/ptmp/arego/Red_T_7K_1/16395.h5
2025-09-19 05:39:34,981 - INFO - Completed /viper/ptmp/arego/Red_T_7K_1_EN_100/5577.h5 in 0.98 seconds
2025-09-19 05:39:35,056 - INFO - File 7672: Filtered 38164 hits and 1 records
2025-09-19 05:39:35,153 - INFO - Completed /viper/ptmp/arego/Red_T_7K_1_EN_100/22891.h5 in 0.80 seconds
2025-09-19 05:39:35,161 - INFO - Processing /viper/ptmp/arego/Red_T_7K_1/5278.h5
2025-09-19 05:39:35,181 - INFO - Processing /viper/ptmp/arego/Red_T_7K_1/4682.h5
2025-09-19 05:39:35,182 - INFO - File 16395: Filtered 268409 hits and 4 records
2025-09-19 05:39:35,186 - INFO - File 4870: Filtered 168996 hits and 4 records
2025-09-19 05:39:35,315 - INFO - Completed /viper/ptmp/arego/Red_T_7K_1_EN_100/13932.h5 in 1.14 seconds
2025-09-19 05:39:35,386 - INFO - Processing /viper/ptmp/arego/Red_T_7K_1/4272.h5
2025-09-19 05:39:35,405 - INFO - File 4682: Filtered 258120 hits and 4 records
2025-09-19 05:39:35,413 - INFO - File 5278: Filtered 158769 hits and 3 records
2025-09-19 05:39:35,430 - INFO - Processing /viper/ptmp/arego/Red_T_7K_1/7961.h5
2025-09-19 05:39:35,477 - INFO - Completed /viper/ptmp/arego/Red_T_7K_1_EN_100/15179.h5 in 0.80 seconds
2025-09-19 05:39:35,592 - INFO - Processing /viper/ptmp/arego/Red_T_7K_1/4828.h5
2025-09-19 05:39:35,666 - INFO - File 4272: Filtered 169963 hits and 3 records
2025-09-19 05:39:35,668 - INFO - File 7961: Filtered 323761 hits and 5 records
2025-09-19 05:39:35,729 - INFO - Processing /viper/ptmp/arego/Red_T_7K_1/20905.h5
2025-09-19 05:39:35,880 - INFO - Processing /viper/ptmp/arego/Red_T_7K_1/12520.h5
2025-09-19 05:39:35,899 - INFO - File 4828: Filtered 0 hits and 0 records
2025-09-19 05:39:35,903 - INFO - Completed /viper/ptmp/arego/Red_T_7K_1_EN_100/16395.h5 in 0.95 seconds
2025-09-19 05:39:35,906 - INFO - Completed /viper/ptmp/arego/Red_T_7K_1_EN_100/4870.h5 in 0.98 seconds
2025-09-19 05:39:36,006 - INFO - File 20905: Filtered 102546 hits and 3 records
2025-09-19 05:39:36,016 - INFO - Processing /viper/ptmp/arego/Red_T_7K_1/15748.h5
2025-09-19 05:39:36,020 - INFO - Completed /viper/ptmp/arego/Red_T_7K_1_EN_100/4682.h5 in 0.84 seconds
2025-09-19 05:39:36,025 - INFO - Processing /viper/ptmp/arego/Red_T_7K_1/13367.h5
2025-09-19 05:39:36,121 - INFO - File 12520: Filtered 461247 hits and 9 records
2025-09-19 05:39:36,195 - INFO - Processing /viper/ptmp/arego/Red_T_7K_1/20098.h5
2025-09-19 05:39:36,216 - INFO - Processing /viper/ptmp/arego/Red_T_7K_1/4146.h5
2025-09-19 05:39:36,234 - INFO - File 13367: Filtered 131098 hits and 3 records
2025-09-19 05:39:36,258 - INFO - Completed /viper/ptmp/arego/Red_T_7K_1_EN_100/21118.h5 in 1.88 seconds
2025-09-19 05:39:36,276 - INFO - File 15748: Filtered 205375 hits and 4 records
2025-09-19 05:39:36,320 - INFO - Completed /viper/ptmp/arego/Red_T_7K_1_EN_100/7961.h5 in 0.89 seconds
2025-09-19 05:39:36,382 - INFO - Processing /viper/ptmp/arego/Red_T_7K_1/22803.h5
2025-09-19 05:39:36,420 - INFO - Processing /viper/ptmp/arego/Red_T_7K_1/4594.h5
2025-09-19 05:39:36,422 - INFO - Completed /viper/ptmp/arego/Red_T_7K_1_EN_100/12520.h5 in 0.54 seconds
2025-09-19 05:39:36,425 - INFO - File 20098: Filtered 300280 hits and 5 records
2025-09-19 05:39:36,440 - INFO - File 4146: Filtered 125115 hits and 4 records
2025-09-19 05:39:36,540 - INFO - Completed /viper/ptmp/arego/Red_T_7K_1_EN_100/10217.h5 in 1.97 seconds
2025-09-19 05:39:36,586 - INFO - Processing /viper/ptmp/arego/Red_T_7K_1/284.h5
2025-09-19 05:39:36,601 - INFO - File 22803: Filtered 278128 hits and 5 records
2025-09-19 05:39:36,618 - INFO - Completed /viper/ptmp/arego/Red_T_7K_1_EN_100/5278.h5 in 1.46 seconds
2025-09-19 05:39:36,642 - INFO - File 4594: Filtered 229371 hits and 5 records
2025-09-19 05:39:36,653 - INFO - Processing /viper/ptmp/arego/Red_T_7K_1/10075.h5
2025-09-19 05:39:36,705 - INFO - Completed /viper/ptmp/arego/Red_T_7K_1_EN_100/7672.h5 in 1.93 seconds
2025-09-19 05:39:36,737 - INFO - Completed /viper/ptmp/arego/Red_T_7K_1_EN_100/4828.h5 in 1.15 seconds
2025-09-19 05:39:36,771 - INFO - Processing /viper/ptmp/arego/Red_T_7K_1/12959.h5
2025-09-19 05:39:36,803 - INFO - File 284: Filtered 272528 hits and 6 records
2025-09-19 05:39:36,823 - INFO - Processing /viper/ptmp/arego/Red_T_7K_1/10877.h5
2025-09-19 05:39:36,870 - INFO - File 10075: Filtered 255096 hits and 5 records
2025-09-19 05:39:36,873 - INFO - Completed /viper/ptmp/arego/Red_T_7K_1_EN_100/4272.h5 in 1.49 seconds
2025-09-19 05:39:36,982 - INFO - Processing /viper/ptmp/arego/Red_T_7K_1/380.h5
2025-09-19 05:39:36,986 - INFO - File 12959: Filtered 112944 hits and 3 records
2025-09-19 05:39:37,029 - INFO - Completed /viper/ptmp/arego/Red_T_7K_1_EN_100/20098.h5 in 0.83 seconds
2025-09-19 05:39:37,048 - INFO - Processing /viper/ptmp/arego/Red_T_7K_1/15035.h5
2025-09-19 05:39:37,061 - INFO - File 10877: Filtered 309587 hits and 6 records
2025-09-19 05:39:37,170 - INFO - Processing /viper/ptmp/arego/Red_T_7K_1/19796.h5
2025-09-19 05:39:37,206 - INFO - File 380: Filtered 133243 hits and 4 records
2025-09-19 05:39:37,253 - INFO - Completed /viper/ptmp/arego/Red_T_7K_1_EN_100/4146.h5 in 1.04 seconds
2025-09-19 05:39:37,263 - INFO - Processing /viper/ptmp/arego/Red_T_7K_1/15992.h5
2025-09-19 05:39:37,313 - INFO - File 15035: Filtered 17490 hits and 1 records
2025-09-19 05:39:37,374 - INFO - Processing /viper/ptmp/arego/Red_T_7K_1/22333.h5
2025-09-19 05:39:37,420 - INFO - File 19796: Filtered 299305 hits and 6 records
2025-09-19 05:39:37,461 - INFO - Processing /viper/ptmp/arego/Red_T_7K_1/9516.h5
2025-09-19 05:39:37,463 - INFO - Completed /viper/ptmp/arego/Red_T_7K_1_EN_100/13367.h5 in 1.44 seconds
2025-09-19 05:39:37,520 - INFO - File 15992: Filtered 181588 hits and 4 records
2025-09-19 05:39:37,590 - INFO - File 22333: Filtered 319283 hits and 7 records
2025-09-19 05:39:37,646 - INFO - Completed /viper/ptmp/arego/Red_T_7K_1_EN_100/10075.h5 in 0.99 seconds
2025-09-19 05:39:37,688 - INFO - Processing /viper/ptmp/arego/Red_T_7K_1/8108.h5
2025-09-19 05:39:37,712 - INFO - File 9516: Filtered 269371 hits and 5 records
2025-09-19 05:39:37,740 - INFO - Completed /viper/ptmp/arego/Red_T_7K_1_EN_100/22803.h5 in 1.36 seconds
2025-09-19 05:39:37,811 - INFO - Processing /viper/ptmp/arego/Red_T_7K_1/22036.h5
2025-09-19 05:39:37,830 - INFO - Completed /viper/ptmp/arego/Red_T_7K_1_EN_100/4594.h5 in 1.41 seconds
2025-09-19 05:39:37,887 - INFO - Processing /viper/ptmp/arego/Red_T_7K_1/20913.h5
2025-09-19 05:39:37,928 - INFO - File 8108: Filtered 70754 hits and 2 records
2025-09-19 05:39:37,939 - INFO - Completed /viper/ptmp/arego/Red_T_7K_1_EN_100/284.h5 in 1.35 seconds
2025-09-19 05:39:38,012 - INFO - Processing /viper/ptmp/arego/Red_T_7K_1/2859.h5
2025-09-19 05:39:38,037 - INFO - Completed /viper/ptmp/arego/Red_T_7K_1_EN_100/10877.h5 in 1.21 seconds
2025-09-19 05:39:38,071 - INFO - File 22036: Filtered 42002 hits and 1 records
2025-09-19 05:39:38,086 - INFO - Processing /viper/ptmp/arego/Red_T_7K_1/19766.h5
2025-09-19 05:39:38,139 - INFO - File 20913: Filtered 220793 hits and 4 records
2025-09-19 05:39:38,225 - INFO - Completed /viper/ptmp/arego/Red_T_7K_1_EN_100/15748.h5 in 2.21 seconds
2025-09-19 05:39:38,267 - INFO - File 2859: Filtered 172201 hits and 3 records
2025-09-19 05:39:38,287 - INFO - Processing /viper/ptmp/arego/Red_T_7K_1/16181.h5
2025-09-19 05:39:38,302 - INFO - File 19766: Filtered 271993 hits and 5 records
2025-09-19 05:39:38,302 - INFO - Completed /viper/ptmp/arego/Red_T_7K_1_EN_100/15992.h5 in 1.04 seconds
2025-09-19 05:39:38,330 - INFO - Processing /viper/ptmp/arego/Red_T_7K_1/22018.h5
2025-09-19 05:39:38,333 - INFO - Completed /viper/ptmp/arego/Red_T_7K_1_EN_100/20905.h5 in 2.60 seconds
2025-09-19 05:39:38,494 - INFO - Processing /viper/ptmp/arego/Red_T_7K_1/2798.h5
2025-09-19 05:39:38,510 - INFO - File 16181: Filtered 471983 hits and 5 records
2025-09-19 05:39:38,544 - INFO - Completed /viper/ptmp/arego/Red_T_7K_1_EN_100/9516.h5 in 1.08 seconds
2025-09-19 05:39:38,597 - INFO - Processing /viper/ptmp/arego/Red_T_7K_1/6749.h5
2025-09-19 05:39:38,641 - INFO - File 22018: Filtered 51981 hits and 1 records
2025-09-19 05:39:38,650 - INFO - Completed /viper/ptmp/arego/Red_T_7K_1_EN_100/12959.h5 in 1.88 seconds
2025-09-19 05:39:38,694 - INFO - Completed /viper/ptmp/arego/Red_T_7K_1_EN_100/19796.h5 in 1.52 seconds
2025-09-19 05:39:38,769 - INFO - Processing /viper/ptmp/arego/Red_T_7K_1/22935.h5
2025-09-19 05:39:38,773 - INFO - File 2798: Filtered 399381 hits and 7 records
2025-09-19 05:39:38,852 - INFO - Completed /viper/ptmp/arego/Red_T_7K_1_EN_100/22333.h5 in 1.48 seconds
2025-09-19 05:39:38,887 - INFO - File 6749: Filtered 121646 hits and 2 records
2025-09-19 05:39:38,922 - INFO - Processing /viper/ptmp/arego/Red_T_7K_1/3828.h5
2025-09-19 05:39:38,956 - INFO - Processing /viper/ptmp/arego/Red_T_7K_1/8315.h5
2025-09-19 05:39:38,978 - INFO - Completed /viper/ptmp/arego/Red_T_7K_1_EN_100/19766.h5 in 0.89 seconds
2025-09-19 05:39:39,067 - INFO - File 22935: Filtered 41086 hits and 1 records
2025-09-19 05:39:39,118 - INFO - Processing /viper/ptmp/arego/Red_T_7K_1/18261.h5
2025-09-19 05:39:39,124 - INFO - Processing /viper/ptmp/arego/Red_T_7K_1/4649.h5
2025-09-19 05:39:39,196 - INFO - Completed /viper/ptmp/arego/Red_T_7K_1_EN_100/16181.h5 in 0.91 seconds
2025-09-19 05:39:39,227 - INFO - File 8315: Filtered 168968 hits and 3 records
2025-09-19 05:39:39,228 - INFO - File 3828: Filtered 115385 hits and 2 records
2025-09-19 05:39:39,265 - INFO - Completed /viper/ptmp/arego/Red_T_7K_1_EN_100/380.h5 in 2.28 seconds
2025-09-19 05:39:39,333 - INFO - Processing /viper/ptmp/arego/Red_T_7K_1/4127.h5
2025-09-19 05:39:39,364 - INFO - Processing /viper/ptmp/arego/Red_T_7K_1/4955.h5
2025-09-19 05:39:39,383 - INFO - Completed /viper/ptmp/arego/Red_T_7K_1_EN_100/15035.h5 in 2.33 seconds
2025-09-19 05:39:39,386 - INFO - File 4649: Filtered 236122 hits and 4 records
2025-09-19 05:39:39,386 - INFO - File 18261: Filtered 182186 hits and 3 records
2025-09-19 05:39:39,552 - INFO - Processing /viper/ptmp/arego/Red_T_7K_1/8741.h5
2025-09-19 05:39:39,554 - INFO - Processing /viper/ptmp/arego/Red_T_7K_1/18425.h5
2025-09-19 05:39:39,581 - INFO - File 4127: Filtered 393380 hits and 4 records
2025-09-19 05:39:39,614 - INFO - File 4955: Filtered 83516 hits and 1 records
2025-09-19 05:39:39,674 - INFO - Completed /viper/ptmp/arego/Red_T_7K_1_EN_100/2798.h5 in 1.18 seconds
2025-09-19 05:39:39,785 - INFO - File 8741: Filtered 116929 hits and 2 records
2025-09-19 05:39:39,805 - INFO - Processing /viper/ptmp/arego/Red_T_7K_1/9763.h5
2025-09-19 05:39:39,840 - INFO - File 18425: Filtered 67817 hits and 2 records
2025-09-19 05:39:39,966 - INFO - Completed /viper/ptmp/arego/Red_T_7K_1_EN_100/22036.h5 in 2.15 seconds
2025-09-19 05:39:40,021 - INFO - Completed /viper/ptmp/arego/Red_T_7K_1_EN_100/2859.h5 in 2.01 seconds
2025-09-19 05:39:40,032 - INFO - Processing /viper/ptmp/arego/Red_T_7K_1/7165.h5
2025-09-19 05:39:40,132 - INFO - File 9763: Filtered 289852 hits and 4 records
2025-09-19 05:39:40,165 - INFO - Completed /viper/ptmp/arego/Red_T_7K_1_EN_100/20913.h5 in 2.28 seconds
2025-09-19 05:39:40,245 - INFO - File 7165: Filtered 203462 hits and 4 records
2025-09-19 05:39:40,251 - INFO - Completed /viper/ptmp/arego/Red_T_7K_1_EN_100/8108.h5 in 2.56 seconds
2025-09-19 05:39:40,255 - INFO - Processing /viper/ptmp/arego/Red_T_7K_1/13737.h5
2025-09-19 05:39:40,282 - INFO - Processing /viper/ptmp/arego/Red_T_7K_1/2414.h5
2025-09-19 05:39:40,469 - INFO - Processing /viper/ptmp/arego/Red_T_7K_1/6478.h5
2025-09-19 05:39:40,493 - INFO - File 13737: Filtered 218157 hits and 4 records
2025-09-19 05:39:40,553 - INFO - File 2414: Filtered 372140 hits and 6 records
2025-09-19 05:39:40,624 - INFO - Completed /viper/ptmp/arego/Red_T_7K_1_EN_100/3828.h5 in 1.70 seconds
2025-09-19 05:39:40,657 - INFO - Completed /viper/ptmp/arego/Red_T_7K_1_EN_100/6749.h5 in 2.06 seconds
2025-09-19 05:39:40,710 - INFO - Processing /viper/ptmp/arego/Red_T_7K_1/12717.h5
2025-09-19 05:39:40,754 - INFO - File 6478: Filtered 106467 hits and 2 records
2025-09-19 05:39:40,927 - INFO - Completed /viper/ptmp/arego/Red_T_7K_1_EN_100/22018.h5 in 2.60 seconds
2025-09-19 05:39:40,970 - INFO - File 12717: Filtered 248655 hits and 5 records
2025-09-19 05:39:40,981 - INFO - Processing /viper/ptmp/arego/Red_T_7K_1/4779.h5
2025-09-19 05:39:41,091 - INFO - Completed /viper/ptmp/arego/Red_T_7K_1_EN_100/7165.h5 in 1.06 seconds
2025-09-19 05:39:41,132 - INFO - Completed /viper/ptmp/arego/Red_T_7K_1_EN_100/4127.h5 in 1.80 seconds
2025-09-19 05:39:41,149 - INFO - Processing /viper/ptmp/arego/Red_T_7K_1/18506.h5
2025-09-19 05:39:41,200 - INFO - Processing /viper/ptmp/arego/Red_T_7K_1/8050.h5
2025-09-19 05:39:41,203 - INFO - Completed /viper/ptmp/arego/Red_T_7K_1_EN_100/8315.h5 in 2.25 seconds
2025-09-19 05:39:41,244 - INFO - Completed /viper/ptmp/arego/Red_T_7K_1_EN_100/4649.h5 in 2.12 seconds
2025-09-19 05:39:41,280 - INFO - File 4779: Filtered 213987 hits and 3 records
2025-09-19 05:39:41,337 - INFO - Processing /viper/ptmp/arego/Red_T_7K_1/15710.h5
2025-09-19 05:39:41,391 - INFO - Processing /viper/ptmp/arego/Red_T_7K_1/22498.h5
2025-09-19 05:39:41,417 - INFO - File 18506: Filtered 409822 hits and 7 records
2025-09-19 05:39:41,442 - INFO - File 8050: Filtered 166315 hits and 3 records
2025-09-19 05:39:41,472 - INFO - Completed /viper/ptmp/arego/Red_T_7K_1_EN_100/22935.h5 in 2.70 seconds
2025-09-19 05:39:41,480 - INFO - Completed /viper/ptmp/arego/Red_T_7K_1_EN_100/18261.h5 in 2.36 seconds
2025-09-19 05:39:41,551 - INFO - Processing /viper/ptmp/arego/Red_T_7K_1/22508.h5
2025-09-19 05:39:41,620 - INFO - Processing /viper/ptmp/arego/Red_T_7K_1/9292.h5
2025-09-19 05:39:41,637 - INFO - File 22498: Filtered 183175 hits and 4 records
2025-09-19 05:39:41,638 - INFO - File 15710: Filtered 308740 hits and 2 records
2025-09-19 05:39:41,718 - INFO - Completed /viper/ptmp/arego/Red_T_7K_1_EN_100/9763.h5 in 1.91 seconds
2025-09-19 05:39:41,726 - INFO - Completed /viper/ptmp/arego/Red_T_7K_1_EN_100/8741.h5 in 2.17 seconds
2025-09-19 05:39:41,761 - INFO - Completed /viper/ptmp/arego/Red_T_7K_1_EN_100/4955.h5 in 2.40 seconds
2025-09-19 05:39:41,799 - INFO - Processing /viper/ptmp/arego/Red_T_7K_1/494.h5
2025-09-19 05:39:41,805 - INFO - File 22508: Filtered 205946 hits and 3 records
2025-09-19 05:39:41,847 - INFO - Processing /viper/ptmp/arego/Red_T_7K_1/19112.h5
2025-09-19 05:39:41,847 - INFO - File 9292: Filtered 262041 hits and 4 records
2025-09-19 05:39:42,049 - INFO - Completed /viper/ptmp/arego/Red_T_7K_1_EN_100/18425.h5 in 2.50 seconds
2025-09-19 05:39:42,083 - INFO - File 19112: Filtered 314600 hits and 5 records
2025-09-19 05:39:42,112 - INFO - Completed /viper/ptmp/arego/Red_T_7K_1_EN_100/2414.h5 in 1.83 seconds
2025-09-19 05:39:42,112 - INFO - Processing /viper/ptmp/arego/Red_T_7K_1/12529.h5
2025-09-19 05:39:42,133 - INFO - Processing /viper/ptmp/arego/Red_T_7K_1/6010.h5
2025-09-19 05:39:42,191 - INFO - File 494: Filtered 161099 hits and 3 records
2025-09-19 05:39:42,336 - INFO - Processing /viper/ptmp/arego/Red_T_7K_1/12451.h5
2025-09-19 05:39:42,356 - INFO - Processing /viper/ptmp/arego/Red_T_7K_1/17292.h5
2025-09-19 05:39:42,372 - INFO - File 6010: Filtered 136921 hits and 4 records
2025-09-19 05:39:42,389 - INFO - Completed /viper/ptmp/arego/Red_T_7K_1_EN_100/13737.h5 in 2.13 seconds
2025-09-19 05:39:42,429 - INFO - File 12529: Filtered 287756 hits and 4 records
2025-09-19 05:39:42,545 - INFO - Processing /viper/ptmp/arego/Red_T_7K_1/6960.h5
2025-09-19 05:39:42,617 - INFO - File 12451: Filtered 423860 hits and 7 records
2025-09-19 05:39:42,634 - INFO - File 17292: Filtered 39936 hits and 1 records
2025-09-19 05:39:42,694 - INFO - Completed /viper/ptmp/arego/Red_T_7K_1_EN_100/18506.h5 in 1.54 seconds
2025-09-19 05:39:42,775 - INFO - Processing /viper/ptmp/arego/Red_T_7K_1/6790.h5
2025-09-19 05:39:42,848 - INFO - Completed /viper/ptmp/arego/Red_T_7K_1_EN_100/6478.h5 in 2.38 seconds
2025-09-19 05:39:42,856 - INFO - File 6960: Filtered 257012 hits and 4 records
2025-09-19 05:39:42,962 - INFO - Processing /viper/ptmp/arego/Red_T_7K_1/14912.h5
2025-09-19 05:39:43,016 - INFO - Completed /viper/ptmp/arego/Red_T_7K_1_EN_100/22498.h5 in 1.63 seconds
2025-09-19 05:39:43,052 - INFO - File 6790: Filtered 107169 hits and 1 records
2025-09-19 05:39:43,063 - INFO - Completed /viper/ptmp/arego/Red_T_7K_1_EN_100/15710.h5 in 1.73 seconds
2025-09-19 05:39:43,145 - INFO - Processing /viper/ptmp/arego/Red_T_7K_1/23111.h5
2025-09-19 05:39:43,191 - INFO - Processing /viper/ptmp/arego/Red_T_7K_1/423.h5
2025-09-19 05:39:43,254 - INFO - File 14912: Filtered 205102 hits and 4 records
2025-09-19 05:39:43,329 - INFO - Completed /viper/ptmp/arego/Red_T_7K_1_EN_100/8050.h5 in 2.13 seconds
2025-09-19 05:39:43,402 - INFO - Completed /viper/ptmp/arego/Red_T_7K_1_EN_100/12717.h5 in 2.69 seconds
2025-09-19 05:39:43,417 - INFO - File 23111: Filtered 349851 hits and 5 records
2025-09-19 05:39:43,458 - INFO - File 423: Filtered 237972 hits and 4 records
2025-09-19 05:39:43,462 - INFO - Completed /viper/ptmp/arego/Red_T_7K_1_EN_100/12529.h5 in 1.35 seconds
2025-09-19 05:39:43,497 - INFO - Processing /viper/ptmp/arego/Red_T_7K_1/19931.h5
2025-09-19 05:39:43,520 - INFO - Completed /viper/ptmp/arego/Red_T_7K_1_EN_100/9292.h5 in 1.90 seconds
2025-09-19 05:39:43,532 - INFO - Processing /viper/ptmp/arego/Red_T_7K_1/15487.h5
2025-09-19 05:39:43,759 - INFO - Completed /viper/ptmp/arego/Red_T_7K_1_EN_100/22508.h5 in 2.21 seconds
2025-09-19 05:39:43,770 - INFO - File 19931: Filtered 291139 hits and 4 records
2025-09-19 05:39:43,811 - INFO - Processing /viper/ptmp/arego/Red_T_7K_1/10391.h5
2025-09-19 05:39:43,818 - INFO - File 15487: Filtered 281883 hits and 3 records
2025-09-19 05:39:43,848 - INFO - Processing /viper/ptmp/arego/Red_T_7K_1/20891.h5
2025-09-19 05:39:43,880 - INFO - Completed /viper/ptmp/arego/Red_T_7K_1_EN_100/19112.h5 in 2.03 seconds
2025-09-19 05:39:44,085 - INFO - Processing /viper/ptmp/arego/Red_T_7K_1/3370.h5
2025-09-19 05:39:44,105 - INFO - File 10391: Filtered 486483 hits and 5 records
2025-09-19 05:39:44,109 - INFO - Processing /viper/ptmp/arego/Red_T_7K_1/15215.h5
2025-09-19 05:39:44,117 - INFO - File 20891: Filtered 336128 hits and 4 records
2025-09-19 05:39:44,144 - INFO - Completed /viper/ptmp/arego/Red_T_7K_1_EN_100/4779.h5 in 3.16 seconds
2025-09-19 05:39:44,315 - INFO - Processing /viper/ptmp/arego/Red_T_7K_1/18078.h5
2025-09-19 05:39:44,400 - INFO - File 3370: Filtered 205796 hits and 3 records
2025-09-19 05:39:44,432 - INFO - File 15215: Filtered 322838 hits and 5 records
2025-09-19 05:39:44,551 - INFO - Completed /viper/ptmp/arego/Red_T_7K_1_EN_100/12451.h5 in 2.22 seconds
2025-09-19 05:39:44,612 - INFO - Completed /viper/ptmp/arego/Red_T_7K_1_EN_100/17292.h5 in 2.26 seconds
2025-09-19 05:39:44,623 - INFO - File 18078: Filtered 768382 hits and 8 records
2025-09-19 05:39:44,631 - INFO - Processing /viper/ptmp/arego/Red_T_7K_1/21528.h5
2025-09-19 05:39:44,676 - INFO - Processing /viper/ptmp/arego/Red_T_7K_1/8121.h5
2025-09-19 05:39:44,696 - INFO - Completed /viper/ptmp/arego/Red_T_7K_1_EN_100/494.h5 in 2.90 seconds
2025-09-19 05:39:44,778 - INFO - Completed /viper/ptmp/arego/Red_T_7K_1_EN_100/23111.h5 in 1.63 seconds
2025-09-19 05:39:44,824 - INFO - Completed /viper/ptmp/arego/Red_T_7K_1_EN_100/6010.h5 in 2.69 seconds
2025-09-19 05:39:44,916 - INFO - Processing /viper/ptmp/arego/Red_T_7K_1/7631.h5
2025-09-19 05:39:44,918 - INFO - File 21528: Filtered 425011 hits and 6 records
2025-09-19 05:39:44,937 - INFO - Processing /viper/ptmp/arego/Red_T_7K_1/19955.h5
2025-09-19 05:39:44,962 - INFO - Completed /viper/ptmp/arego/Red_T_7K_1_EN_100/6960.h5 in 2.42 seconds
2025-09-19 05:39:45,004 - INFO - File 8121: Filtered 216283 hits and 3 records
2025-09-19 05:39:45,069 - INFO - Processing /viper/ptmp/arego/Red_T_7K_1/9101.h5
2025-09-19 05:39:45,126 - INFO - Processing /viper/ptmp/arego/Red_T_7K_1/21216.h5
2025-09-19 05:39:45,138 - INFO - Completed /viper/ptmp/arego/Red_T_7K_1_EN_100/14912.h5 in 2.18 seconds
2025-09-19 05:39:45,234 - INFO - File 19955: Filtered 184486 hits and 3 records
2025-09-19 05:39:45,253 - INFO - File 7631: Filtered 387834 hits and 4 records
2025-09-19 05:39:45,255 - INFO - Processing /viper/ptmp/arego/Red_T_7K_1/9168.h5
2025-09-19 05:39:45,276 - INFO - Completed /viper/ptmp/arego/Red_T_7K_1_EN_100/18078.h5 in 0.96 seconds
2025-09-19 05:39:45,369 - INFO - Processing /viper/ptmp/arego/Red_T_7K_1/15678.h5
2025-09-19 05:39:45,375 - INFO - File 9101: Filtered 487797 hits and 6 records
2025-09-19 05:39:45,424 - INFO - Completed /viper/ptmp/arego/Red_T_7K_1_EN_100/6790.h5 in 2.65 seconds
2025-09-19 05:39:45,425 - INFO - File 21216: Filtered 628014 hits and 8 records
2025-09-19 05:39:45,452 - INFO - Completed /viper/ptmp/arego/Red_T_7K_1_EN_100/423.h5 in 2.26 seconds
2025-09-19 05:39:45,540 - INFO - Processing /viper/ptmp/arego/Red_T_7K_1/9053.h5
2025-09-19 05:39:45,558 - INFO - File 9168: Filtered 345402 hits and 4 records
2025-09-19 05:39:45,566 - INFO - Processing /viper/ptmp/arego/Red_T_7K_1/21074.h5
2025-09-19 05:39:45,653 - INFO - File 15678: Filtered 543488 hits and 5 records
2025-09-19 05:39:45,817 - INFO - Completed /viper/ptmp/arego/Red_T_7K_1_EN_100/15215.h5 in 1.71 seconds
2025-09-19 05:39:45,870 - INFO - File 21074: Filtered 215558 hits and 2 records
2025-09-19 05:39:45,874 - INFO - File 9053: Filtered 327978 hits and 4 records
2025-09-19 05:39:45,892 - INFO - Processing /viper/ptmp/arego/Red_T_7K_1/19287.h5
2025-09-19 05:39:45,982 - INFO - Completed /viper/ptmp/arego/Red_T_7K_1_EN_100/15487.h5 in 2.45 seconds
2025-09-19 05:39:46,014 - INFO - Completed /viper/ptmp/arego/Red_T_7K_1_EN_100/20891.h5 in 2.17 seconds
2025-09-19 05:39:46,059 - INFO - Processing /viper/ptmp/arego/Red_T_7K_1/5404.h5
2025-09-19 05:39:46,097 - INFO - Completed /viper/ptmp/arego/Red_T_7K_1_EN_100/19931.h5 in 2.60 seconds
2025-09-19 05:39:46,147 - INFO - Processing /viper/ptmp/arego/Red_T_7K_1/20692.h5
2025-09-19 05:39:46,210 - INFO - File 19287: Filtered 292635 hits and 5 records
2025-09-19 05:39:46,261 - INFO - Completed /viper/ptmp/arego/Red_T_7K_1_EN_100/9101.h5 in 1.19 seconds
2025-09-19 05:39:46,334 - INFO - File 5404: Filtered 124699 hits and 2 records
2025-09-19 05:39:46,348 - INFO - Completed /viper/ptmp/arego/Red_T_7K_1_EN_100/10391.h5 in 2.54 seconds
2025-09-19 05:39:46,371 - INFO - Processing /viper/ptmp/arego/Red_T_7K_1/8823.h5
2025-09-19 05:39:46,383 - INFO - Processing /viper/ptmp/arego/Red_T_7K_1/16595.h5
2025-09-19 05:39:46,517 - INFO - File 20692: Filtered 107195 hits and 2 records
2025-09-19 05:39:46,623 - INFO - File 8823: Filtered 696709 hits and 8 records
2025-09-19 05:39:46,674 - INFO - Processing /viper/ptmp/arego/Red_T_7K_1/22193.h5
2025-09-19 05:39:46,675 - INFO - Completed /viper/ptmp/arego/Red_T_7K_1_EN_100/3370.h5 in 2.59 seconds
2025-09-19 05:39:46,707 - INFO - File 16595: Filtered 96985 hits and 2 records
2025-09-19 05:39:46,714 - INFO - Completed /viper/ptmp/arego/Red_T_7K_1_EN_100/21216.h5 in 1.59 seconds
2025-09-19 05:39:46,791 - INFO - Processing /viper/ptmp/arego/Red_T_7K_1/20153.h5
2025-09-19 05:39:46,815 - INFO - Processing /viper/ptmp/arego/Red_T_7K_1/14199.h5
2025-09-19 05:39:47,050 - INFO - File 20153: Filtered 241326 hits and 5 records
2025-09-19 05:39:47,055 - INFO - Completed /viper/ptmp/arego/Red_T_7K_1_EN_100/7631.h5 in 2.14 seconds
2025-09-19 05:39:47,059 - INFO - File 22193: Filtered 104551 hits and 2 records
2025-09-19 05:39:47,116 - INFO - File 14199: Filtered 520193 hits and 6 records
2025-09-19 05:39:47,154 - INFO - Processing /viper/ptmp/arego/Red_T_7K_1/10513.h5
2025-09-19 05:39:47,220 - INFO - Completed /viper/ptmp/arego/Red_T_7K_1_EN_100/21528.h5 in 2.59 seconds
2025-09-19 05:39:47,295 - INFO - Processing /viper/ptmp/arego/Red_T_7K_1/2630.h5
2025-09-19 05:39:47,325 - INFO - Completed /viper/ptmp/arego/Red_T_7K_1_EN_100/8823.h5 in 0.95 seconds
2025-09-19 05:39:47,326 - INFO - Completed /viper/ptmp/arego/Red_T_7K_1_EN_100/8121.h5 in 2.65 seconds
2025-09-19 05:39:47,398 - INFO - Processing /viper/ptmp/arego/Red_T_7K_1/17433.h5
2025-09-19 05:39:47,422 - INFO - File 10513: Filtered 228322 hits and 5 records
2025-09-19 05:39:47,432 - INFO - Completed /viper/ptmp/arego/Red_T_7K_1_EN_100/15678.h5 in 2.06 seconds
2025-09-19 05:39:47,567 - INFO - File 2630: Filtered 552370 hits and 6 records
2025-09-19 05:39:47,602 - INFO - Processing /viper/ptmp/arego/Red_T_7K_1/4851.h5
2025-09-19 05:39:47,618 - INFO - Processing /viper/ptmp/arego/Red_T_7K_1/322.h5
2025-09-19 05:39:47,720 - INFO - File 17433: Filtered 149751 hits and 3 records
2025-09-19 05:39:47,757 - INFO - Completed /viper/ptmp/arego/Red_T_7K_1_EN_100/9168.h5 in 2.50 seconds
2025-09-19 05:39:47,834 - INFO - Processing /viper/ptmp/arego/Red_T_7K_1/7822.h5
2025-09-19 05:39:47,916 - INFO - File 4851: Filtered 527354 hits and 3 records
2025-09-19 05:39:47,975 - INFO - File 322: Filtered 679084 hits and 5 records
2025-09-19 05:39:48,094 - INFO - Completed /viper/ptmp/arego/Red_T_7K_1_EN_100/9053.h5 in 2.55 seconds
2025-09-19 05:39:48,117 - INFO - File 7822: Filtered 584884 hits and 7 records
2025-09-19 05:39:48,185 - INFO - Processing /viper/ptmp/arego/Red_T_7K_1/5865.h5
2025-09-19 05:39:48,444 - INFO - Completed /viper/ptmp/arego/Red_T_7K_1_EN_100/19287.h5 in 2.55 seconds
2025-09-19 05:39:48,490 - INFO - Processing /viper/ptmp/arego/Red_T_7K_1/2412.h5
2025-09-19 05:39:48,499 - INFO - Completed /viper/ptmp/arego/Red_T_7K_1_EN_100/19955.h5 in 3.56 seconds
2025-09-19 05:39:48,503 - INFO - File 5865: Filtered 586203 hits and 4 records
2025-09-19 05:39:48,714 - INFO - Completed /viper/ptmp/arego/Red_T_7K_1_EN_100/5404.h5 in 2.65 seconds
2025-09-19 05:39:48,760 - INFO - Processing /viper/ptmp/arego/Red_T_7K_1/5774.h5
2025-09-19 05:39:48,773 - INFO - Completed /viper/ptmp/arego/Red_T_7K_1_EN_100/322.h5 in 1.16 seconds
2025-09-19 05:39:48,797 - INFO - File 2412: Filtered 114548 hits and 3 records
2025-09-19 05:39:48,820 - INFO - Processing /viper/ptmp/arego/Red_T_7K_1/17375.h5
2025-09-19 05:39:48,961 - INFO - Completed /viper/ptmp/arego/Red_T_7K_1_EN_100/2630.h5 in 1.67 seconds
2025-09-19 05:39:48,985 - INFO - Completed /viper/ptmp/arego/Red_T_7K_1_EN_100/14199.h5 in 2.17 seconds
2025-09-19 05:39:49,052 - INFO - Processing /viper/ptmp/arego/Red_T_7K_1/18430.h5
2025-09-19 05:39:49,072 - INFO - Processing /viper/ptmp/arego/Red_T_7K_1/1634.h5
2025-09-19 05:39:49,091 - INFO - File 5774: Filtered 528679 hits and 4 records
2025-09-19 05:39:49,113 - INFO - File 17375: Filtered 300245 hits and 4 records
2025-09-19 05:39:49,156 - INFO - Completed /viper/ptmp/arego/Red_T_7K_1_EN_100/16595.h5 in 2.77 seconds
2025-09-19 05:39:49,315 - INFO - Processing /viper/ptmp/arego/Red_T_7K_1/6122.h5
2025-09-19 05:39:49,352 - INFO - File 18430: Filtered 507409 hits and 4 records
2025-09-19 05:39:49,376 - INFO - File 1634: Filtered 437033 hits and 6 records
2025-09-19 05:39:49,389 - INFO - Processing /viper/ptmp/arego/Red_T_7K_1/6725.h5
2025-09-19 05:39:49,490 - INFO - Completed /viper/ptmp/arego/Red_T_7K_1_EN_100/21074.h5 in 3.92 seconds
2025-09-19 05:39:49,550 - INFO - Completed /viper/ptmp/arego/Red_T_7K_1_EN_100/4851.h5 in 1.95 seconds
2025-09-19 05:39:49,602 - INFO - Processing /viper/ptmp/arego/Red_T_7K_1/22190.h5
2025-09-19 05:39:49,691 - INFO - File 6122: Filtered 484411 hits and 3 records
2025-09-19 05:39:49,710 - INFO - File 6725: Filtered 457969 hits and 5 records
2025-09-19 05:39:49,779 - INFO - Processing /viper/ptmp/arego/Red_T_7K_1/198.h5
2025-09-19 05:39:49,916 - INFO - Completed /viper/ptmp/arego/Red_T_7K_1_EN_100/5865.h5 in 1.73 seconds
2025-09-19 05:39:49,949 - INFO - File 22190: Filtered 277207 hits and 4 records
2025-09-19 05:39:49,993 - INFO - Processing /viper/ptmp/arego/Red_T_7K_1/4938.h5
2025-09-19 05:39:50,111 - INFO - Completed /viper/ptmp/arego/Red_T_7K_1_EN_100/17433.h5 in 2.71 seconds
2025-09-19 05:39:50,138 - INFO - File 198: Filtered 154290 hits and 3 records
2025-09-19 05:39:50,154 - INFO - Processing /viper/ptmp/arego/Red_T_7K_1/3365.h5
2025-09-19 05:39:50,286 - INFO - File 4938: Filtered 392249 hits and 3 records
2025-09-19 05:39:50,321 - INFO - Completed /viper/ptmp/arego/Red_T_7K_1_EN_100/7822.h5 in 2.49 seconds
2025-09-19 05:39:50,384 - INFO - Completed /viper/ptmp/arego/Red_T_7K_1_EN_100/20692.h5 in 4.24 seconds
2025-09-19 05:39:50,413 - INFO - Processing /viper/ptmp/arego/Red_T_7K_1/5469.h5
2025-09-19 05:39:50,455 - INFO - Processing /viper/ptmp/arego/Red_T_7K_1/14974.h5
2025-09-19 05:39:50,476 - INFO - Completed /viper/ptmp/arego/Red_T_7K_1_EN_100/20153.h5 in 3.69 seconds
2025-09-19 05:39:50,488 - INFO - File 3365: Filtered 212081 hits and 3 records
2025-09-19 05:39:50,714 - INFO - Completed /viper/ptmp/arego/Red_T_7K_1_EN_100/22193.h5 in 4.04 seconds
2025-09-19 05:39:50,737 - INFO - Completed /viper/ptmp/arego/Red_T_7K_1_EN_100/5774.h5 in 1.98 seconds
2025-09-19 05:39:50,743 - INFO - File 5469: Filtered 543318 hits and 5 records
2025-09-19 05:39:50,749 - INFO - Processing /viper/ptmp/arego/Red_T_7K_1/4721.h5
2025-09-19 05:39:50,768 - INFO - File 14974: Filtered 309190 hits and 2 records
2025-09-19 05:39:50,796 - INFO - Processing /viper/ptmp/arego/Red_T_7K_1/8102.h5
2025-09-19 05:39:50,875 - INFO - Completed /viper/ptmp/arego/Red_T_7K_1_EN_100/10513.h5 in 3.72 seconds
2025-09-19 05:39:50,942 - INFO - Processing /viper/ptmp/arego/Red_T_7K_1/14685.h5
2025-09-19 05:39:51,035 - INFO - Processing /viper/ptmp/arego/Red_T_7K_1/6858.h5
2025-09-19 05:39:51,082 - INFO - File 4721: Filtered 247824 hits and 3 records
2025-09-19 05:39:51,157 - INFO - File 8102: Filtered 463726 hits and 5 records
2025-09-19 05:39:51,247 - INFO - Completed /viper/ptmp/arego/Red_T_7K_1_EN_100/18430.h5 in 2.20 seconds
2025-09-19 05:39:51,269 - INFO - File 14685: Filtered 656459 hits and 7 records
2025-09-19 05:39:51,321 - INFO - Processing /viper/ptmp/arego/Red_T_7K_1/1199.h5
2025-09-19 05:39:51,370 - INFO - File 6858: Filtered 521780 hits and 6 records
2025-09-19 05:39:51,458 - INFO - Completed /viper/ptmp/arego/Red_T_7K_1_EN_100/17375.h5 in 2.64 seconds
2025-09-19 05:39:51,501 - INFO - Processing /viper/ptmp/arego/Red_T_7K_1/16467.h5
2025-09-19 05:39:51,645 - INFO - File 1199: Filtered 274026 hits and 4 records
2025-09-19 05:39:51,654 - INFO - Completed /viper/ptmp/arego/Red_T_7K_1_EN_100/1634.h5 in 2.58 seconds
2025-09-19 05:39:51,761 - INFO - Processing /viper/ptmp/arego/Red_T_7K_1/1505.h5
2025-09-19 05:39:51,802 - INFO - File 16467: Filtered 530914 hits and 5 records
2025-09-19 05:39:51,895 - INFO - Completed /viper/ptmp/arego/Red_T_7K_1_EN_100/6725.h5 in 2.51 seconds
2025-09-19 05:39:51,966 - INFO - Processing /viper/ptmp/arego/Red_T_7K_1/10978.h5
2025-09-19 05:39:52,035 - INFO - File 1505: Filtered 334281 hits and 4 records
2025-09-19 05:39:52,169 - INFO - Completed /viper/ptmp/arego/Red_T_7K_1_EN_100/6122.h5 in 2.85 seconds
2025-09-19 05:39:52,216 - INFO - Processing /viper/ptmp/arego/Red_T_7K_1/7140.h5
2025-09-19 05:39:52,367 - INFO - File 10978: Filtered 652732 hits and 4 records
2025-09-19 05:39:52,411 - INFO - Completed /viper/ptmp/arego/Red_T_7K_1_EN_100/2412.h5 in 3.92 seconds
2025-09-19 05:39:52,489 - INFO - Processing /viper/ptmp/arego/Red_T_7K_1/7352.h5
2025-09-19 05:39:52,534 - INFO - File 7140: Filtered 429596 hits and 6 records
2025-09-19 05:39:52,822 - INFO - File 7352: Filtered 393191 hits and 5 records
2025-09-19 05:39:52,847 - INFO - Completed /viper/ptmp/arego/Red_T_7K_1_EN_100/14685.h5 in 1.91 seconds
2025-09-19 05:39:52,859 - INFO - Completed /viper/ptmp/arego/Red_T_7K_1_EN_100/4938.h5 in 2.87 seconds
2025-09-19 05:39:52,926 - INFO - Processing /viper/ptmp/arego/Red_T_7K_1/2046.h5
2025-09-19 05:39:52,932 - INFO - Processing /viper/ptmp/arego/Red_T_7K_1/17073.h5
2025-09-19 05:39:53,137 - INFO - Completed /viper/ptmp/arego/Red_T_7K_1_EN_100/14974.h5 in 2.68 seconds
2025-09-19 05:39:53,233 - INFO - Processing /viper/ptmp/arego/Red_T_7K_1/13391.h5
2025-09-19 05:39:53,245 - INFO - File 2046: Filtered 297763 hits and 4 records
2025-09-19 05:39:53,292 - INFO - File 17073: Filtered 395163 hits and 5 records
2025-09-19 05:39:53,549 - INFO - Completed /viper/ptmp/arego/Red_T_7K_1_EN_100/8102.h5 in 2.75 seconds
2025-09-19 05:39:53,566 - INFO - File 13391: Filtered 582765 hits and 3 records
2025-09-19 05:39:53,630 - INFO - Processing /viper/ptmp/arego/Red_T_7K_1/19709.h5
2025-09-19 05:39:53,644 - INFO - Completed /viper/ptmp/arego/Red_T_7K_1_EN_100/22190.h5 in 4.04 seconds
2025-09-19 05:39:53,748 - INFO - Processing /viper/ptmp/arego/Red_T_7K_1/2191.h5
2025-09-19 05:39:53,825 - INFO - Completed /viper/ptmp/arego/Red_T_7K_1_EN_100/198.h5 in 4.05 seconds
2025-09-19 05:39:53,977 - INFO - File 19709: Filtered 587523 hits and 6 records
2025-09-19 05:39:53,981 - INFO - Processing /viper/ptmp/arego/Red_T_7K_1/17776.h5
2025-09-19 05:39:53,986 - INFO - Completed /viper/ptmp/arego/Red_T_7K_1_EN_100/16467.h5 in 2.49 seconds
2025-09-19 05:39:54,047 - INFO - Completed /viper/ptmp/arego/Red_T_7K_1_EN_100/5469.h5 in 3.63 seconds
2025-09-19 05:39:54,076 - INFO - File 2191: Filtered 671435 hits and 5 records
2025-09-19 05:39:54,084 - INFO - Completed /viper/ptmp/arego/Red_T_7K_1_EN_100/3365.h5 in 3.93 seconds
2025-09-19 05:39:54,085 - INFO - Processing /viper/ptmp/arego/Red_T_7K_1/5057.h5
2025-09-19 05:39:54,180 - INFO - Completed /viper/ptmp/arego/Red_T_7K_1_EN_100/1505.h5 in 2.42 seconds
2025-09-19 05:39:54,201 - INFO - Completed /viper/ptmp/arego/Red_T_7K_1_EN_100/10978.h5 in 2.24 seconds
2025-09-19 05:39:54,318 - INFO - Processing /viper/ptmp/arego/Red_T_7K_1/15672.h5
2025-09-19 05:39:54,336 - INFO - Processing /viper/ptmp/arego/Red_T_7K_1/3148.h5
2025-09-19 05:39:54,348 - INFO - File 17776: Filtered 387447 hits and 4 records
2025-09-19 05:39:54,535 - INFO - File 5057: Filtered 484427 hits and 4 records
2025-09-19 05:39:54,615 - INFO - Processing /viper/ptmp/arego/Red_T_7K_1/2041.h5
2025-09-19 05:39:54,678 - INFO - File 3148: Filtered 281744 hits and 1 records
2025-09-19 05:39:54,757 - INFO - File 15672: Filtered 563016 hits and 4 records
2025-09-19 05:39:54,850 - INFO - Completed /viper/ptmp/arego/Red_T_7K_1_EN_100/4721.h5 in 4.10 seconds
2025-09-19 05:39:54,868 - INFO - Completed /viper/ptmp/arego/Red_T_7K_1_EN_100/13391.h5 in 1.64 seconds
2025-09-19 05:39:54,869 - INFO - Completed /viper/ptmp/arego/Red_T_7K_1_EN_100/6858.h5 in 3.83 seconds
2025-09-19 05:39:54,875 - INFO - Processing /viper/ptmp/arego/Red_T_7K_1/18373.h5
2025-09-19 05:39:54,878 - INFO - Completed /viper/ptmp/arego/Red_T_7K_1_EN_100/2191.h5 in 1.13 seconds
2025-09-19 05:39:54,921 - INFO - Processing /viper/ptmp/arego/Red_T_7K_1/3776.h5
2025-09-19 05:39:54,959 - INFO - File 2041: Filtered 131099 hits and 2 records
2025-09-19 05:39:55,065 - INFO - Completed /viper/ptmp/arego/Red_T_7K_1_EN_100/1199.h5 in 3.74 seconds
2025-09-19 05:39:55,104 - INFO - Processing /viper/ptmp/arego/Red_T_7K_1/6415.h5
2025-09-19 05:39:55,171 - INFO - Completed /viper/ptmp/arego/Red_T_7K_1_EN_100/7352.h5 in 2.68 seconds
2025-09-19 05:39:55,195 - INFO - Processing /viper/ptmp/arego/Red_T_7K_1/1673.h5
2025-09-19 05:39:55,196 - INFO - Completed /viper/ptmp/arego/Red_T_7K_1_EN_100/2046.h5 in 2.27 seconds
2025-09-19 05:39:55,207 - INFO - File 3776: Filtered 382558 hits and 6 records
2025-09-19 05:39:55,231 - INFO - File 18373: Filtered 415263 hits and 6 records
2025-09-19 05:39:55,330 - INFO - Processing /viper/ptmp/arego/Red_T_7K_1/13088.h5
2025-09-19 05:39:55,443 - INFO - File 6415: Filtered 292177 hits and 3 records
2025-09-19 05:39:55,547 - INFO - Processing /viper/ptmp/arego/Red_T_7K_1/15709.h5
2025-09-19 05:39:55,651 - INFO - File 1673: Filtered 467561 hits and 4 records
2025-09-19 05:39:55,675 - INFO - File 13088: Filtered 460519 hits and 3 records
2025-09-19 05:39:55,762 - INFO - Processing /viper/ptmp/arego/Red_T_7K_1/21408.h5
2025-09-19 05:39:55,880 - INFO - File 15709: Filtered 435639 hits and 3 records
2025-09-19 05:39:55,997 - INFO - Processing /viper/ptmp/arego/Red_T_7K_1/18192.h5
2025-09-19 05:39:56,122 - INFO - File 21408: Filtered 456275 hits and 5 records
2025-09-19 05:39:56,131 - INFO - Completed /viper/ptmp/arego/Red_T_7K_1_EN_100/7140.h5 in 3.91 seconds
2025-09-19 05:39:56,208 - INFO - Processing /viper/ptmp/arego/Red_T_7K_1/12577.h5
2025-09-19 05:39:56,353 - INFO - File 18192: Filtered 416324 hits and 2 records
2025-09-19 05:39:56,489 - INFO - Completed /viper/ptmp/arego/Red_T_7K_1_EN_100/17776.h5 in 2.51 seconds
2025-09-19 05:39:56,569 - INFO - Processing /viper/ptmp/arego/Red_T_7K_1/12377.h5
2025-09-19 05:39:56,598 - INFO - File 12577: Filtered 254879 hits and 3 records
2025-09-19 05:39:56,816 - INFO - Completed /viper/ptmp/arego/Red_T_7K_1_EN_100/17073.h5 in 3.88 seconds
2025-09-19 05:39:56,896 - INFO - File 12377: Filtered 545121 hits and 5 records
2025-09-19 05:39:56,908 - INFO - Processing /viper/ptmp/arego/Red_T_7K_1/590.h5
2025-09-19 05:39:56,917 - INFO - Completed /viper/ptmp/arego/Red_T_7K_1_EN_100/5057.h5 in 2.83 seconds
2025-09-19 05:39:57,129 - INFO - Processing /viper/ptmp/arego/Red_T_7K_1/21815.h5
2025-09-19 05:39:57,267 - INFO - Completed /viper/ptmp/arego/Red_T_7K_1_EN_100/15672.h5 in 2.95 seconds
2025-09-19 05:39:57,280 - INFO - File 590: Filtered 313919 hits and 3 records
2025-09-19 05:39:57,300 - INFO - Completed /viper/ptmp/arego/Red_T_7K_1_EN_100/19709.h5 in 3.67 seconds
2025-09-19 05:39:57,371 - INFO - Processing /viper/ptmp/arego/Red_T_7K_1/4368.h5
2025-09-19 05:39:57,450 - INFO - Completed /viper/ptmp/arego/Red_T_7K_1_EN_100/3776.h5 in 2.53 seconds
2025-09-19 05:39:57,501 - INFO - Processing /viper/ptmp/arego/Red_T_7K_1/4910.h5
2025-09-19 05:39:57,562 - INFO - File 21815: Filtered 536355 hits and 3 records
2025-09-19 05:39:57,609 - INFO - Completed /viper/ptmp/arego/Red_T_7K_1_EN_100/18373.h5 in 2.73 seconds
2025-09-19 05:39:57,612 - INFO - Processing /viper/ptmp/arego/Red_T_7K_1/194.h5
2025-09-19 05:39:57,736 - INFO - File 4368: Filtered 550338 hits and 7 records
2025-09-19 05:39:57,799 - INFO - File 4910: Filtered 346523 hits and 5 records
2025-09-19 05:39:57,821 - INFO - Processing /viper/ptmp/arego/Red_T_7K_1/10853.h5
2025-09-19 05:39:57,939 - INFO - File 194: Filtered 867680 hits and 10 records
2025-09-19 05:39:57,994 - INFO - Completed /viper/ptmp/arego/Red_T_7K_1_EN_100/13088.h5 in 2.66 seconds
2025-09-19 05:39:58,067 - INFO - Processing /viper/ptmp/arego/Red_T_7K_1/6598.h5
2025-09-19 05:39:58,238 - INFO - File 10853: Filtered 265099 hits and 3 records
2025-09-19 05:39:58,268 - INFO - Completed /viper/ptmp/arego/Red_T_7K_1_EN_100/3148.h5 in 3.93 seconds
2025-09-19 05:39:58,389 - INFO - File 6598: Filtered 749358 hits and 5 records
2025-09-19 05:39:58,392 - INFO - Completed /viper/ptmp/arego/Red_T_7K_1_EN_100/2041.h5 in 3.78 seconds
2025-09-19 05:39:58,397 - INFO - Processing /viper/ptmp/arego/Red_T_7K_1/8718.h5
2025-09-19 05:39:58,476 - INFO - Processing /viper/ptmp/arego/Red_T_7K_1/17755.h5
2025-09-19 05:39:58,487 - INFO - Completed /viper/ptmp/arego/Red_T_7K_1_EN_100/6415.h5 in 3.38 seconds
2025-09-19 05:39:58,655 - INFO - Completed /viper/ptmp/arego/Red_T_7K_1_EN_100/194.h5 in 1.04 seconds
2025-09-19 05:39:58,700 - INFO - Processing /viper/ptmp/arego/Red_T_7K_1/15935.h5
2025-09-19 05:39:58,736 - INFO - File 8718: Filtered 603030 hits and 5 records
2025-09-19 05:39:58,763 - INFO - Processing /viper/ptmp/arego/Red_T_7K_1/3126.h5
2025-09-19 05:39:58,766 - INFO - Completed /viper/ptmp/arego/Red_T_7K_1_EN_100/18192.h5 in 2.77 seconds
2025-09-19 05:39:58,828 - INFO - File 17755: Filtered 157222 hits and 2 records
2025-09-19 05:39:58,931 - INFO - Processing /viper/ptmp/arego/Red_T_7K_1/17789.h5
2025-09-19 05:39:59,081 - INFO - Completed /viper/ptmp/arego/Red_T_7K_1_EN_100/15709.h5 in 3.53 seconds
2025-09-19 05:39:59,102 - INFO - File 15935: Filtered 784206 hits and 6 records
2025-09-19 05:39:59,145 - INFO - File 3126: Filtered 127724 hits and 3 records
2025-09-19 05:39:59,257 - INFO - Completed /viper/ptmp/arego/Red_T_7K_1_EN_100/1673.h5 in 4.06 seconds
2025-09-19 05:39:59,269 - INFO - File 17789: Filtered 916946 hits and 3 records
2025-09-19 05:39:59,277 - INFO - Processing /viper/ptmp/arego/Red_T_7K_1/18966.h5
2025-09-19 05:39:59,371 - INFO - Completed /viper/ptmp/arego/Red_T_7K_1_EN_100/21408.h5 in 3.61 seconds
2025-09-19 05:39:59,387 - INFO - Processing /viper/ptmp/arego/Red_T_7K_1/13857.h5
2025-09-19 05:39:59,548 - INFO - Processing /viper/ptmp/arego/Red_T_7K_1/18744.h5
2025-09-19 05:39:59,595 - INFO - File 18966: Filtered 21958 hits and 1 records
2025-09-19 05:39:59,826 - INFO - File 13857: Filtered 511384 hits and 4 records
2025-09-19 05:40:00,006 - INFO - File 18744: Filtered 474311 hits and 5 records
2025-09-19 05:40:00,411 - INFO - Completed /viper/ptmp/arego/Red_T_7K_1_EN_100/6598.h5 in 2.34 seconds
2025-09-19 05:40:00,459 - INFO - Completed /viper/ptmp/arego/Red_T_7K_1_EN_100/12577.h5 in 4.25 seconds
2025-09-19 05:40:00,469 - INFO - Completed /viper/ptmp/arego/Red_T_7K_1_EN_100/12377.h5 in 3.90 seconds
2025-09-19 05:40:00,479 - INFO - Processing /viper/ptmp/arego/Red_T_7K_1/6034.h5
2025-09-19 05:40:00,534 - INFO - Processing /viper/ptmp/arego/Red_T_7K_1/8048.h5
2025-09-19 05:40:00,661 - INFO - Processing /viper/ptmp/arego/Red_T_7K_1/3518.h5
2025-09-19 05:40:00,803 - INFO - File 6034: Filtered 414198 hits and 4 records
2025-09-19 05:40:00,891 - INFO - File 8048: Filtered 463387 hits and 5 records
2025-09-19 05:40:00,970 - INFO - Completed /viper/ptmp/arego/Red_T_7K_1_EN_100/4368.h5 in 3.60 seconds
2025-09-19 05:40:01,008 - INFO - File 3518: Filtered 459482 hits and 4 records
2025-09-19 05:40:01,061 - INFO - Completed /viper/ptmp/arego/Red_T_7K_1_EN_100/17789.h5 in 2.13 seconds
2025-09-19 05:40:01,087 - INFO - Processing /viper/ptmp/arego/Red_T_7K_1/14918.h5
2025-09-19 05:40:01,117 - INFO - Completed /viper/ptmp/arego/Red_T_7K_1_EN_100/4910.h5 in 3.62 seconds
2025-09-19 05:40:01,132 - INFO - Processing /viper/ptmp/arego/Red_T_7K_1/22896.h5
2025-09-19 05:40:01,159 - INFO - Completed /viper/ptmp/arego/Red_T_7K_1_EN_100/8718.h5 in 2.76 seconds
2025-09-19 05:40:01,285 - INFO - Completed /viper/ptmp/arego/Red_T_7K_1_EN_100/21815.h5 in 4.16 seconds
2025-09-19 05:40:01,306 - INFO - Processing /viper/ptmp/arego/Red_T_7K_1/16254.h5
2025-09-19 05:40:01,318 - INFO - Completed /viper/ptmp/arego/Red_T_7K_1_EN_100/15935.h5 in 2.62 seconds
2025-09-19 05:40:01,374 - INFO - Processing /viper/ptmp/arego/Red_T_7K_1/15717.h5
2025-09-19 05:40:01,426 - INFO - File 14918: Filtered 476257 hits and 8 records
2025-09-19 05:40:01,482 - INFO - File 22896: Filtered 534097 hits and 6 records
2025-09-19 05:40:01,493 - INFO - Completed /viper/ptmp/arego/Red_T_7K_1_EN_100/590.h5 in 4.59 seconds
2025-09-19 05:40:01,505 - INFO - Processing /viper/ptmp/arego/Red_T_7K_1/5245.h5
2025-09-19 05:40:01,590 - INFO - Processing /viper/ptmp/arego/Red_T_7K_1/11816.h5
2025-09-19 05:40:01,626 - INFO - File 16254: Filtered 651019 hits and 9 records
2025-09-19 05:40:01,733 - INFO - File 15717: Filtered 477164 hits and 5 records
2025-09-19 05:40:01,760 - INFO - Processing /viper/ptmp/arego/Red_T_7K_1/16673.h5
2025-09-19 05:40:01,907 - INFO - File 5245: Filtered 213358 hits and 1 records
2025-09-19 05:40:02,003 - INFO - File 11816: Filtered 66621 hits and 2 records
2025-09-19 05:40:02,084 - INFO - Completed /viper/ptmp/arego/Red_T_7K_1_EN_100/10853.h5 in 4.26 seconds
2025-09-19 05:40:02,159 - INFO - File 16673: Filtered 558761 hits and 3 records
2025-09-19 05:40:02,163 - INFO - Processing /viper/ptmp/arego/Red_T_7K_1/10904.h5
2025-09-19 05:40:02,186 - INFO - Completed /viper/ptmp/arego/Red_T_7K_1_EN_100/3126.h5 in 3.42 seconds
2025-09-19 05:40:02,372 - INFO - Completed /viper/ptmp/arego/Red_T_7K_1_EN_100/17755.h5 in 3.90 seconds
2025-09-19 05:40:02,442 - INFO - Processing /viper/ptmp/arego/Red_T_7K_1/1425.h5
2025-09-19 05:40:02,543 - INFO - File 10904: Filtered 220046 hits and 4 records
2025-09-19 05:40:02,626 - INFO - Processing /viper/ptmp/arego/Red_T_7K_1/4416.h5
2025-09-19 05:40:02,645 - INFO - Completed /viper/ptmp/arego/Red_T_7K_1_EN_100/13857.h5 in 3.26 seconds
2025-09-19 05:40:02,849 - INFO - File 1425: Filtered 885531 hits and 7 records
2025-09-19 05:40:02,905 - INFO - Processing /viper/ptmp/arego/Red_T_7K_1/18579.h5
2025-09-19 05:40:03,008 - INFO - File 4416: Filtered 143140 hits and 4 records
2025-09-19 05:40:03,230 - INFO - Completed /viper/ptmp/arego/Red_T_7K_1_EN_100/8048.h5 in 2.70 seconds
2025-09-19 05:40:03,309 - INFO - Processing /viper/ptmp/arego/Red_T_7K_1/1815.h5
2025-09-19 05:40:03,352 - INFO - File 18579: Filtered 222821 hits and 4 records
2025-09-19 05:40:03,626 - INFO - Completed /viper/ptmp/arego/Red_T_7K_1_EN_100/16254.h5 in 2.32 seconds
2025-09-19 05:40:03,694 - INFO - File 1815: Filtered 170402 hits and 6 records
2025-09-19 05:40:03,696 - INFO - Processing /viper/ptmp/arego/Red_T_7K_1/10087.h5
2025-09-19 05:40:03,832 - INFO - Completed /viper/ptmp/arego/Red_T_7K_1_EN_100/22896.h5 in 2.70 seconds
2025-09-19 05:40:03,899 - INFO - Completed /viper/ptmp/arego/Red_T_7K_1_EN_100/18744.h5 in 4.35 seconds
2025-09-19 05:40:03,989 - INFO - Processing /viper/ptmp/arego/Red_T_7K_1/1076.h5
2025-09-19 05:40:04,043 - INFO - File 10087: Filtered 512932 hits and 6 records
2025-09-19 05:40:04,206 - INFO - Processing /viper/ptmp/arego/Red_T_7K_1/15656.h5
2025-09-19 05:40:04,396 - INFO - Completed /viper/ptmp/arego/Red_T_7K_1_EN_100/18966.h5 in 5.12 seconds
2025-09-19 05:40:04,422 - INFO - File 1076: Filtered 204364 hits and 3 records
2025-09-19 05:40:04,453 - INFO - Completed /viper/ptmp/arego/Red_T_7K_1_EN_100/6034.h5 in 3.97 seconds
2025-09-19 05:40:04,470 - INFO - Processing /viper/ptmp/arego/Red_T_7K_1/1098.h5
2025-09-19 05:40:04,560 - INFO - Completed /viper/ptmp/arego/Red_T_7K_1_EN_100/3518.h5 in 3.90 seconds
2025-09-19 05:40:04,672 - INFO - Completed /viper/ptmp/arego/Red_T_7K_1_EN_100/1425.h5 in 2.23 seconds
2025-09-19 05:40:04,684 - INFO - File 15656: Filtered 0 hits and 0 records
2025-09-19 05:40:04,730 - INFO - Processing /viper/ptmp/arego/Red_T_7K_1/5275.h5
2025-09-19 05:40:04,755 - INFO - Processing /viper/ptmp/arego/Red_T_7K_1/1792.h5
2025-09-19 05:40:04,914 - INFO - File 1098: Filtered 1116943 hits and 6 records
2025-09-19 05:40:04,965 - INFO - Processing /viper/ptmp/arego/Red_T_7K_1/12833.h5
2025-09-19 05:40:05,104 - INFO - File 1792: Filtered 312767 hits and 5 records
2025-09-19 05:40:05,169 - INFO - File 5275: Filtered 514894 hits and 5 records
2025-09-19 05:40:05,367 - INFO - File 12833: Filtered 888392 hits and 4 records
2025-09-19 05:40:05,438 - INFO - Completed /viper/ptmp/arego/Red_T_7K_1_EN_100/14918.h5 in 4.35 seconds
2025-09-19 05:40:05,512 - INFO - Processing /viper/ptmp/arego/Red_T_7K_1/21474.h5
2025-09-19 05:40:05,546 - INFO - Completed /viper/ptmp/arego/Red_T_7K_1_EN_100/4416.h5 in 2.92 seconds
2025-09-19 05:40:05,720 - INFO - Processing /viper/ptmp/arego/Red_T_7K_1/3170.h5
2025-09-19 05:40:05,725 - INFO - Completed /viper/ptmp/arego/Red_T_7K_1_EN_100/16673.h5 in 3.96 seconds
2025-09-19 05:40:05,795 - INFO - Processing /viper/ptmp/arego/Red_T_7K_1/4927.h5
2025-09-19 05:40:05,886 - INFO - Completed /viper/ptmp/arego/Red_T_7K_1_EN_100/11816.h5 in 4.30 seconds
2025-09-19 05:40:05,939 - INFO - File 21474: Filtered 1000516 hits and 5 records
2025-09-19 05:40:05,970 - INFO - Processing /viper/ptmp/arego/Red_T_7K_1/13786.h5
2025-09-19 05:40:06,093 - INFO - File 3170: Filtered 792186 hits and 2 records
2025-09-19 05:40:06,142 - INFO - Completed /viper/ptmp/arego/Red_T_7K_1_EN_100/15717.h5 in 4.77 seconds
2025-09-19 05:40:06,168 - INFO - File 4927: Filtered 593435 hits and 5 records
2025-09-19 05:40:06,187 - INFO - Completed /viper/ptmp/arego/Red_T_7K_1_EN_100/1098.h5 in 1.72 seconds
2025-09-19 05:40:06,236 - INFO - Processing /viper/ptmp/arego/Red_T_7K_1/4177.h5
2025-09-19 05:40:06,262 - INFO - Processing /viper/ptmp/arego/Red_T_7K_1/21284.h5
2025-09-19 05:40:06,329 - INFO - Completed /viper/ptmp/arego/Red_T_7K_1_EN_100/10087.h5 in 2.63 seconds
2025-09-19 05:40:06,420 - INFO - File 13786: Filtered 344021 hits and 2 records
2025-09-19 05:40:06,478 - INFO - Processing /viper/ptmp/arego/Red_T_7K_1/5383.h5
2025-09-19 05:40:06,597 - INFO - Completed /viper/ptmp/arego/Red_T_7K_1_EN_100/5245.h5 in 5.09 seconds
2025-09-19 05:40:06,603 - INFO - File 21284: Filtered 462842 hits and 3 records
2025-09-19 05:40:06,612 - INFO - File 4177: Filtered 222517 hits and 5 records
2025-09-19 05:40:06,683 - INFO - Processing /viper/ptmp/arego/Red_T_7K_1/17519.h5
2025-09-19 05:40:06,788 - INFO - Completed /viper/ptmp/arego/Red_T_7K_1_EN_100/10904.h5 in 4.63 seconds
2025-09-19 05:40:06,873 - INFO - File 5383: Filtered 1260027 hits and 6 records
2025-09-19 05:40:06,894 - INFO - Processing /viper/ptmp/arego/Red_T_7K_1/7019.h5
2025-09-19 05:40:06,971 - INFO - Completed /viper/ptmp/arego/Red_T_7K_1_EN_100/18579.h5 in 4.07 seconds
2025-09-19 05:40:07,106 - INFO - File 17519: Filtered 1160480 hits and 6 records
2025-09-19 05:40:07,144 - INFO - Completed /viper/ptmp/arego/Red_T_7K_1_EN_100/12833.h5 in 2.18 seconds
2025-09-19 05:40:07,173 - INFO - Processing /viper/ptmp/arego/Red_T_7K_1/17286.h5
2025-09-19 05:40:07,225 - INFO - Processing /viper/ptmp/arego/Red_T_7K_1/22897.h5
2025-09-19 05:40:07,277 - INFO - File 7019: Filtered 589367 hits and 5 records
2025-09-19 05:40:07,294 - INFO - Completed /viper/ptmp/arego/Red_T_7K_1_EN_100/21474.h5 in 1.78 seconds
2025-09-19 05:40:07,386 - INFO - Processing /viper/ptmp/arego/Red_T_7K_1/5444.h5
2025-09-19 05:40:07,460 - INFO - Completed /viper/ptmp/arego/Red_T_7K_1_EN_100/1815.h5 in 4.15 seconds
2025-09-19 05:40:07,551 - INFO - File 17286: Filtered 947611 hits and 5 records
2025-09-19 05:40:07,582 - INFO - Completed /viper/ptmp/arego/Red_T_7K_1_EN_100/5383.h5 in 1.10 seconds
2025-09-19 05:40:07,586 - INFO - Processing /viper/ptmp/arego/Red_T_7K_1/15342.h5
2025-09-19 05:40:07,670 - INFO - File 22897: Filtered 393952 hits and 4 records
2025-09-19 05:40:07,691 - INFO - Processing /viper/ptmp/arego/Red_T_7K_1/8826.h5
2025-09-19 05:40:07,841 - INFO - File 5444: Filtered 977780 hits and 4 records
2025-09-19 05:40:08,018 - INFO - File 15342: Filtered 808755 hits and 7 records
2025-09-19 05:40:08,097 - INFO - File 8826: Filtered 1466537 hits and 5 records
2025-09-19 05:40:08,118 - INFO - Completed /viper/ptmp/arego/Red_T_7K_1_EN_100/3170.h5 in 2.40 seconds
2025-09-19 05:40:08,189 - INFO - Processing /viper/ptmp/arego/Red_T_7K_1/21647.h5
2025-09-19 05:40:08,189 - INFO - Completed /viper/ptmp/arego/Red_T_7K_1_EN_100/1076.h5 in 4.20 seconds
2025-09-19 05:40:08,264 - INFO - Processing /viper/ptmp/arego/Red_T_7K_1/14482.h5
2025-09-19 05:40:08,300 - INFO - Completed /viper/ptmp/arego/Red_T_7K_1_EN_100/15656.h5 in 4.09 seconds
2025-09-19 05:40:08,562 - INFO - Processing /viper/ptmp/arego/Red_T_7K_1/9146.h5
2025-09-19 05:40:08,598 - INFO - File 21647: Filtered 538926 hits and 4 records
2025-09-19 05:40:08,660 - INFO - File 14482: Filtered 522419 hits and 5 records
2025-09-19 05:40:08,676 - INFO - Completed /viper/ptmp/arego/Red_T_7K_1_EN_100/5275.h5 in 3.95 seconds
2025-09-19 05:40:08,677 - INFO - Completed /viper/ptmp/arego/Red_T_7K_1_EN_100/8826.h5 in 0.99 seconds
2025-09-19 05:40:08,736 - INFO - Completed /viper/ptmp/arego/Red_T_7K_1_EN_100/1792.h5 in 3.98 seconds
2025-09-19 05:40:08,779 - INFO - Processing /viper/ptmp/arego/Red_T_7K_1/19552.h5
2025-09-19 05:40:08,818 - INFO - Processing /viper/ptmp/arego/Red_T_7K_1/22225.h5
2025-09-19 05:40:08,952 - INFO - Completed /viper/ptmp/arego/Red_T_7K_1_EN_100/17519.h5 in 2.27 seconds
2025-09-19 05:40:09,005 - INFO - Processing /viper/ptmp/arego/Red_T_7K_1/2303.h5
2025-09-19 05:40:09,008 - INFO - File 9146: Filtered 729366 hits and 4 records
2025-09-19 05:40:09,170 - INFO - Completed /viper/ptmp/arego/Red_T_7K_1_EN_100/17286.h5 in 2.00 seconds
2025-09-19 05:40:09,224 - INFO - Processing /viper/ptmp/arego/Red_T_7K_1/13435.h5
2025-09-19 05:40:09,234 - INFO - File 19552: Filtered 665138 hits and 4 records
2025-09-19 05:40:09,264 - INFO - File 22225: Filtered 455366 hits and 2 records
2025-09-19 05:40:09,268 - INFO - Processing /viper/ptmp/arego/Red_T_7K_1/20538.h5
2025-09-19 05:40:09,452 - INFO - File 2303: Filtered 830290 hits and 4 records
2025-09-19 05:40:09,673 - INFO - File 13435: Filtered 491964 hits and 3 records
2025-09-19 05:40:09,694 - INFO - File 20538: Filtered 982719 hits and 6 records
2025-09-19 05:40:09,740 - INFO - Completed /viper/ptmp/arego/Red_T_7K_1_EN_100/7019.h5 in 2.85 seconds
2025-09-19 05:40:09,741 - INFO - Completed /viper/ptmp/arego/Red_T_7K_1_EN_100/5444.h5 in 2.35 seconds
2025-09-19 05:40:09,816 - INFO - Processing /viper/ptmp/arego/Red_T_7K_1/14415.h5
2025-09-19 05:40:10,051 - INFO - Processing /viper/ptmp/arego/Red_T_7K_1/19579.h5
2025-09-19 05:40:10,131 - INFO - Completed /viper/ptmp/arego/Red_T_7K_1_EN_100/4927.h5 in 4.34 seconds
2025-09-19 05:40:10,197 - INFO - Processing /viper/ptmp/arego/Red_T_7K_1/16399.h5
2025-09-19 05:40:10,235 - INFO - File 14415: Filtered 1038374 hits and 2 records
2025-09-19 05:40:10,275 - INFO - Completed /viper/ptmp/arego/Red_T_7K_1_EN_100/21284.h5 in 4.01 seconds
2025-09-19 05:40:10,456 - INFO - File 19579: Filtered 632906 hits and 6 records
2025-09-19 05:40:10,459 - INFO - Processing /viper/ptmp/arego/Red_T_7K_1/2763.h5
2025-09-19 05:40:10,536 - INFO - Completed /viper/ptmp/arego/Red_T_7K_1_EN_100/13786.h5 in 4.57 seconds
2025-09-19 05:40:10,597 - INFO - File 16399: Filtered 609451 hits and 3 records
2025-09-19 05:40:10,619 - INFO - Processing /viper/ptmp/arego/Red_T_7K_1/21995.h5
2025-09-19 05:40:10,755 - INFO - Completed /viper/ptmp/arego/Red_T_7K_1_EN_100/4177.h5 in 4.52 seconds
2025-09-19 05:40:10,920 - INFO - File 2763: Filtered 472328 hits and 4 records
2025-09-19 05:40:10,943 - INFO - Processing /viper/ptmp/arego/Red_T_7K_1/10722.h5
2025-09-19 05:40:11,001 - INFO - File 21995: Filtered 140793 hits and 3 records
2025-09-19 05:40:11,220 - INFO - Completed /viper/ptmp/arego/Red_T_7K_1_EN_100/15342.h5 in 3.63 seconds
2025-09-19 05:40:11,317 - INFO - Processing /viper/ptmp/arego/Red_T_7K_1/16103.h5
2025-09-19 05:40:11,359 - INFO - File 10722: Filtered 599937 hits and 6 records
2025-09-19 05:40:11,568 - INFO - Completed /viper/ptmp/arego/Red_T_7K_1_EN_100/22897.h5 in 4.34 seconds
2025-09-19 05:40:11,597 - INFO - Completed /viper/ptmp/arego/Red_T_7K_1_EN_100/20538.h5 in 2.33 seconds
2025-09-19 05:40:11,636 - INFO - Processing /viper/ptmp/arego/Red_T_7K_1/20755.h5
2025-09-19 05:40:11,691 - INFO - Processing /viper/ptmp/arego/Red_T_7K_1/21240.h5
2025-09-19 05:40:11,706 - INFO - File 16103: Filtered 642506 hits and 2 records
2025-09-19 05:40:11,964 - INFO - Completed /viper/ptmp/arego/Red_T_7K_1_EN_100/21647.h5 in 3.77 seconds
2025-09-19 05:40:11,982 - INFO - File 20755: Filtered 376395 hits and 4 records
2025-09-19 05:40:12,036 - INFO - Processing /viper/ptmp/arego/Red_T_7K_1/15112.h5
2025-09-19 05:40:12,141 - INFO - File 21240: Filtered 521343 hits and 5 records
2025-09-19 05:40:12,164 - INFO - Completed /viper/ptmp/arego/Red_T_7K_1_EN_100/14415.h5 in 2.35 seconds
2025-09-19 05:40:12,332 - INFO - Processing /viper/ptmp/arego/Red_T_7K_1/4746.h5
2025-09-19 05:40:12,478 - INFO - File 15112: Filtered 399870 hits and 4 records
2025-09-19 05:40:12,588 - INFO - Completed /viper/ptmp/arego/Red_T_7K_1_EN_100/14482.h5 in 4.32 seconds
2025-09-19 05:40:12,659 - INFO - Processing /viper/ptmp/arego/Red_T_7K_1/13332.h5
2025-09-19 05:40:12,732 - INFO - Completed /viper/ptmp/arego/Red_T_7K_1_EN_100/2303.h5 in 3.73 seconds
2025-09-19 05:40:12,792 - INFO - File 4746: Filtered 539580 hits and 3 records
2025-09-19 05:40:12,820 - INFO - Completed /viper/ptmp/arego/Red_T_7K_1_EN_100/22225.h5 in 4.00 seconds
2025-09-19 05:40:12,848 - INFO - Processing /viper/ptmp/arego/Red_T_7K_1/12109.h5
2025-09-19 05:40:12,908 - INFO - Processing /viper/ptmp/arego/Red_T_7K_1/13687.h5
2025-09-19 05:40:12,926 - INFO - Completed /viper/ptmp/arego/Red_T_7K_1_EN_100/9146.h5 in 4.36 seconds
2025-09-19 05:40:13,060 - INFO - Processing /viper/ptmp/arego/Red_T_7K_1/5888.h5
2025-09-19 05:40:13,114 - INFO - File 13332: Filtered 212937 hits and 2 records
2025-09-19 05:40:13,124 - INFO - Completed /viper/ptmp/arego/Red_T_7K_1_EN_100/19579.h5 in 3.07 seconds
2025-09-19 05:40:13,199 - INFO - Processing /viper/ptmp/arego/Red_T_7K_1/10645.h5
2025-09-19 05:40:13,222 - INFO - File 12109: Filtered 665530 hits and 7 records
2025-09-19 05:40:13,373 - INFO - File 13687: Filtered 184852 hits and 4 records
2025-09-19 05:40:13,504 - INFO - File 5888: Filtered 1059066 hits and 4 records
2025-09-19 05:40:13,653 - INFO - File 10645: Filtered 465976 hits and 4 records
2025-09-19 05:40:13,825 - INFO - Completed /viper/ptmp/arego/Red_T_7K_1_EN_100/19552.h5 in 5.05 seconds
2025-09-19 05:40:14,009 - INFO - Processing /viper/ptmp/arego/Red_T_7K_1/3619.h5
2025-09-19 05:40:14,047 - INFO - Completed /viper/ptmp/arego/Red_T_7K_1_EN_100/10722.h5 in 3.10 seconds
2025-09-19 05:40:14,079 - INFO - Completed /viper/ptmp/arego/Red_T_7K_1_EN_100/13435.h5 in 4.85 seconds
2025-09-19 05:40:14,160 - INFO - Processing /viper/ptmp/arego/Red_T_7K_1/20195.h5
2025-09-19 05:40:14,217 - INFO - Processing /viper/ptmp/arego/Red_T_7K_1/15396.h5
2025-09-19 05:40:14,225 - INFO - Completed /viper/ptmp/arego/Red_T_7K_1_EN_100/2763.h5 in 3.77 seconds
2025-09-19 05:40:14,414 - INFO - Processing /viper/ptmp/arego/Red_T_7K_1/17217.h5
2025-09-19 05:40:14,447 - INFO - File 3619: Filtered 1161454 hits and 5 records
2025-09-19 05:40:14,506 - INFO - Completed /viper/ptmp/arego/Red_T_7K_1_EN_100/16399.h5 in 4.31 seconds
2025-09-19 05:40:14,603 - INFO - Processing /viper/ptmp/arego/Red_T_7K_1/7753.h5
2025-09-19 05:40:14,660 - INFO - File 20195: Filtered 530895 hits and 4 records
2025-09-19 05:40:14,735 - INFO - File 15396: Filtered 145157 hits and 2 records
2025-09-19 05:40:14,853 - INFO - File 17217: Filtered 1409494 hits and 7 records
2025-09-19 05:40:14,914 - INFO - Completed /viper/ptmp/arego/Red_T_7K_1_EN_100/5888.h5 in 1.85 seconds
2025-09-19 05:40:14,966 - INFO - Completed /viper/ptmp/arego/Red_T_7K_1_EN_100/21995.h5 in 4.35 seconds
2025-09-19 05:40:14,999 - INFO - File 7753: Filtered 268432 hits and 3 records
2025-09-19 05:40:15,006 - INFO - Processing /viper/ptmp/arego/Red_T_7K_1/7785.h5
2025-09-19 05:40:15,032 - INFO - Processing /viper/ptmp/arego/Red_T_7K_1/17289.h5
2025-09-19 05:40:15,047 - INFO - Completed /viper/ptmp/arego/Red_T_7K_1_EN_100/16103.h5 in 3.73 seconds
2025-09-19 05:40:15,236 - INFO - Processing /viper/ptmp/arego/Red_T_7K_1/7186.h5
2025-09-19 05:40:15,370 - INFO - Completed /viper/ptmp/arego/Red_T_7K_1_EN_100/21240.h5 in 3.68 seconds
2025-09-19 05:40:15,444 - INFO - File 7785: Filtered 730581 hits and 4 records
2025-09-19 05:40:15,460 - INFO - File 17289: Filtered 556798 hits and 6 records
2025-09-19 05:40:15,473 - INFO - Processing /viper/ptmp/arego/Red_T_7K_1/9732.h5
2025-09-19 05:40:15,658 - INFO - Completed /viper/ptmp/arego/Red_T_7K_1_EN_100/17217.h5 in 1.24 seconds
2025-09-19 05:40:15,709 - INFO - File 7186: Filtered 117919 hits and 2 records
2025-09-19 05:40:15,726 - INFO - Processing /viper/ptmp/arego/Red_T_7K_1/17696.h5
2025-09-19 05:40:15,729 - INFO - Completed /viper/ptmp/arego/Red_T_7K_1_EN_100/15112.h5 in 3.69 seconds
2025-09-19 05:40:15,809 - INFO - Processing /viper/ptmp/arego/Red_T_7K_1/8830.h5
2025-09-19 05:40:15,846 - INFO - Completed /viper/ptmp/arego/Red_T_7K_1_EN_100/20755.h5 in 4.21 seconds
2025-09-19 05:40:15,928 - INFO - Processing /viper/ptmp/arego/Red_T_7K_1/22335.h5
2025-09-19 05:40:15,954 - INFO - File 9732: Filtered 71067 hits and 1 records
2025-09-19 05:40:16,009 - INFO - Completed /viper/ptmp/arego/Red_T_7K_1_EN_100/4746.h5 in 3.68 seconds
2025-09-19 05:40:16,098 - INFO - Completed /viper/ptmp/arego/Red_T_7K_1_EN_100/3619.h5 in 2.09 seconds
2025-09-19 05:40:16,132 - INFO - Processing /viper/ptmp/arego/Red_T_7K_1/12395.h5
2025-09-19 05:40:16,141 - INFO - File 17696: Filtered 564865 hits and 4 records
2025-09-19 05:40:16,185 - INFO - File 8830: Filtered 477467 hits and 2 records
2025-09-19 05:40:16,245 - INFO - Processing /viper/ptmp/arego/Red_T_7K_1/20968.h5
2025-09-19 05:40:16,392 - INFO - File 22335: Filtered 542224 hits and 6 records
2025-09-19 05:40:16,592 - INFO - File 12395: Filtered 104760 hits and 2 records
2025-09-19 05:40:16,713 - INFO - File 20968: Filtered 844466 hits and 7 records
2025-09-19 05:40:16,858 - INFO - Completed /viper/ptmp/arego/Red_T_7K_1_EN_100/10645.h5 in 3.66 seconds
2025-09-19 05:40:16,868 - INFO - Completed /viper/ptmp/arego/Red_T_7K_1_EN_100/12109.h5 in 4.02 seconds
2025-09-19 05:40:16,883 - INFO - Completed /viper/ptmp/arego/Red_T_7K_1_EN_100/13332.h5 in 4.22 seconds
2025-09-19 05:40:16,937 - INFO - Processing /viper/ptmp/arego/Red_T_7K_1/10441.h5
2025-09-19 05:40:16,939 - INFO - Processing /viper/ptmp/arego/Red_T_7K_1/4705.h5
2025-09-19 05:40:17,108 - INFO - Processing /viper/ptmp/arego/Red_T_7K_1/18217.h5
2025-09-19 05:40:17,130 - INFO - Completed /viper/ptmp/arego/Red_T_7K_1_EN_100/20195.h5 in 2.97 seconds
2025-09-19 05:40:17,213 - INFO - Processing /viper/ptmp/arego/Red_T_7K_1/14105.h5
2025-09-19 05:40:17,383 - INFO - File 10441: Filtered 639775 hits and 4 records
2025-09-19 05:40:17,496 - INFO - File 4705: Filtered 271689 hits and 5 records
2025-09-19 05:40:17,595 - INFO - File 18217: Filtered 706944 hits and 5 records
2025-09-19 05:40:17,701 - INFO - File 14105: Filtered 422688 hits and 2 records
2025-09-19 05:40:18,437 - INFO - Completed /viper/ptmp/arego/Red_T_7K_1_EN_100/13687.h5 in 5.53 seconds
2025-09-19 05:40:18,516 - INFO - Processing /viper/ptmp/arego/Red_T_7K_1/15752.h5
2025-09-19 05:40:18,578 - INFO - Completed /viper/ptmp/arego/Red_T_7K_1_EN_100/7753.h5 in 3.98 seconds
2025-09-19 05:40:18,652 - INFO - Processing /viper/ptmp/arego/Red_T_7K_1/10969.h5
2025-09-19 05:40:18,933 - INFO - File 15752: Filtered 329599 hits and 3 records
2025-09-19 05:40:18,979 - INFO - Completed /viper/ptmp/arego/Red_T_7K_1_EN_100/17289.h5 in 3.95 seconds
2025-09-19 05:40:19,028 - INFO - Completed /viper/ptmp/arego/Red_T_7K_1_EN_100/7785.h5 in 4.02 seconds
2025-09-19 05:40:19,058 - INFO - Processing /viper/ptmp/arego/Red_T_7K_1/7367.h5
2025-09-19 05:40:19,083 - INFO - File 10969: Filtered 420384 hits and 5 records
2025-09-19 05:40:19,112 - INFO - Processing /viper/ptmp/arego/Red_T_7K_1/18564.h5
2025-09-19 05:40:19,469 - INFO - File 7367: Filtered 203567 hits and 3 records
2025-09-19 05:40:19,538 - INFO - File 18564: Filtered 344515 hits and 5 records
2025-09-19 05:40:19,581 - INFO - Completed /viper/ptmp/arego/Red_T_7K_1_EN_100/17696.h5 in 3.86 seconds
2025-09-19 05:40:19,663 - INFO - Processing /viper/ptmp/arego/Red_T_7K_1/13097.h5
2025-09-19 05:40:19,760 - INFO - Completed /viper/ptmp/arego/Red_T_7K_1_EN_100/8830.h5 in 3.95 seconds
2025-09-19 05:40:19,839 - INFO - Processing /viper/ptmp/arego/Red_T_7K_1/1384.h5
2025-09-19 05:40:19,846 - INFO - Completed /viper/ptmp/arego/Red_T_7K_1_EN_100/18217.h5 in 2.74 seconds
2025-09-19 05:40:19,915 - INFO - Processing /viper/ptmp/arego/Red_T_7K_1/18916.h5
2025-09-19 05:40:19,971 - INFO - Completed /viper/ptmp/arego/Red_T_7K_1_EN_100/22335.h5 in 4.04 seconds
2025-09-19 05:40:20,123 - INFO - File 13097: Filtered 383359 hits and 3 records
2025-09-19 05:40:20,209 - INFO - Processing /viper/ptmp/arego/Red_T_7K_1/10511.h5
2025-09-19 05:40:20,272 - INFO - File 1384: Filtered 488331 hits and 5 records
2025-09-19 05:40:20,420 - INFO - File 18916: Filtered 545330 hits and 2 records
2025-09-19 05:40:20,704 - INFO - File 10511: Filtered 994672 hits and 5 records
2025-09-19 05:40:20,727 - INFO - Completed /viper/ptmp/arego/Red_T_7K_1_EN_100/15396.h5 in 6.51 seconds
2025-09-19 05:40:20,820 - INFO - Processing /viper/ptmp/arego/Red_T_7K_1/16827.h5
2025-09-19 05:40:20,961 - INFO - Completed /viper/ptmp/arego/Red_T_7K_1_EN_100/10441.h5 in 4.02 seconds
2025-09-19 05:40:20,988 - INFO - Completed /viper/ptmp/arego/Red_T_7K_1_EN_100/20968.h5 in 4.74 seconds
2025-09-19 05:40:21,099 - INFO - Processing /viper/ptmp/arego/Red_T_7K_1/22940.h5
2025-09-19 05:40:21,350 - INFO - Completed /viper/ptmp/arego/Red_T_7K_1_EN_100/7186.h5 in 6.11 seconds
2025-09-19 05:40:21,362 - INFO - Completed /viper/ptmp/arego/Red_T_7K_1_EN_100/4705.h5 in 4.42 seconds
2025-09-19 05:40:21,393 - INFO - File 16827: Filtered 822215 hits and 3 records
2025-09-19 05:40:21,426 - INFO - Processing /viper/ptmp/arego/Red_T_7K_1/15933.h5
2025-09-19 05:40:21,479 - INFO - Processing /viper/ptmp/arego/Red_T_7K_1/3383.h5
2025-09-19 05:40:21,514 - INFO - Completed /viper/ptmp/arego/Red_T_7K_1_EN_100/14105.h5 in 4.30 seconds
2025-09-19 05:40:21,557 - INFO - Completed /viper/ptmp/arego/Red_T_7K_1_EN_100/9732.h5 in 6.08 seconds
2025-09-19 05:40:21,569 - INFO - File 22940: Filtered 525646 hits and 2 records
2025-09-19 05:40:21,633 - INFO - Processing /viper/ptmp/arego/Red_T_7K_1/16163.h5
2025-09-19 05:40:21,833 - INFO - File 15933: Filtered 567296 hits and 5 records
2025-09-19 05:40:21,865 - INFO - Processing /viper/ptmp/arego/Red_T_7K_1/22913.h5
2025-09-19 05:40:21,987 - INFO - File 3383: Filtered 225202 hits and 5 records
2025-09-19 05:40:22,104 - INFO - File 16163: Filtered 168170 hits and 3 records
2025-09-19 05:40:22,171 - INFO - Processing /viper/ptmp/arego/Red_T_7K_1/15224.h5
2025-09-19 05:40:22,225 - INFO - File 22913: Filtered 848483 hits and 8 records
2025-09-19 05:40:22,431 - INFO - Completed /viper/ptmp/arego/Red_T_7K_1_EN_100/12395.h5 in 6.30 seconds
2025-09-19 05:40:22,528 - INFO - Processing /viper/ptmp/arego/Red_T_7K_1/657.h5
2025-09-19 05:40:22,570 - INFO - File 15224: Filtered 164785 hits and 3 records
2025-09-19 05:40:22,765 - INFO - Completed /viper/ptmp/arego/Red_T_7K_1_EN_100/13097.h5 in 3.10 seconds
2025-09-19 05:40:22,807 - INFO - Processing /viper/ptmp/arego/Red_T_7K_1/5571.h5
2025-09-19 05:40:22,911 - INFO - Completed /viper/ptmp/arego/Red_T_7K_1_EN_100/15752.h5 in 4.39 seconds
2025-09-19 05:40:22,957 - INFO - File 657: Filtered 696959 hits and 4 records
2025-09-19 05:40:22,961 - INFO - Processing /viper/ptmp/arego/Red_T_7K_1/20506.h5
2025-09-19 05:40:23,246 - INFO - File 5571: Filtered 1081607 hits and 7 records
2025-09-19 05:40:23,408 - INFO - File 20506: Filtered 814537 hits and 5 records
2025-09-19 05:40:24,035 - INFO - Completed /viper/ptmp/arego/Red_T_7K_1_EN_100/10969.h5 in 5.38 seconds
2025-09-19 05:40:24,081 - INFO - Completed /viper/ptmp/arego/Red_T_7K_1_EN_100/22913.h5 in 2.22 seconds
2025-09-19 05:40:24,108 - INFO - Processing /viper/ptmp/arego/Red_T_7K_1/17022.h5
2025-09-19 05:40:24,124 - INFO - Processing /viper/ptmp/arego/Red_T_7K_1/14714.h5
2025-09-19 05:40:24,449 - INFO - Completed /viper/ptmp/arego/Red_T_7K_1_EN_100/10511.h5 in 4.24 seconds
2025-09-19 05:40:24,480 - INFO - File 17022: Filtered 504014 hits and 8 records
2025-09-19 05:40:24,524 - INFO - Processing /viper/ptmp/arego/Red_T_7K_1/22947.h5
2025-09-19 05:40:24,571 - INFO - File 14714: Filtered 1518071 hits and 4 records
2025-09-19 05:40:24,589 - INFO - Completed /viper/ptmp/arego/Red_T_7K_1_EN_100/18916.h5 in 4.67 seconds
2025-09-19 05:40:24,636 - INFO - Completed /viper/ptmp/arego/Red_T_7K_1_EN_100/18564.h5 in 5.52 seconds
2025-09-19 05:40:24,797 - INFO - Processing /viper/ptmp/arego/Red_T_7K_1/12270.h5
2025-09-19 05:40:24,960 - INFO - Processing /viper/ptmp/arego/Red_T_7K_1/10695.h5
2025-09-19 05:40:25,010 - INFO - File 22947: Filtered 913375 hits and 6 records
2025-09-19 05:40:25,138 - INFO - Completed /viper/ptmp/arego/Red_T_7K_1_EN_100/1384.h5 in 5.30 seconds
2025-09-19 05:40:25,180 - INFO - Processing /viper/ptmp/arego/Red_T_7K_1/22985.h5
2025-09-19 05:40:25,294 - INFO - Completed /viper/ptmp/arego/Red_T_7K_1_EN_100/7367.h5 in 6.24 seconds
2025-09-19 05:40:25,338 - INFO - File 12270: Filtered 216212 hits and 5 records
2025-09-19 05:40:25,359 - INFO - Completed /viper/ptmp/arego/Red_T_7K_1_EN_100/22940.h5 in 4.26 seconds
2025-09-19 05:40:25,395 - INFO - Completed /viper/ptmp/arego/Red_T_7K_1_EN_100/16827.h5 in 4.58 seconds
2025-09-19 05:40:25,447 - INFO - Processing /viper/ptmp/arego/Red_T_7K_1/20193.h5
2025-09-19 05:40:25,459 - INFO - Processing /viper/ptmp/arego/Red_T_7K_1/1734.h5
2025-09-19 05:40:25,496 - INFO - File 10695: Filtered 1098254 hits and 4 records
2025-09-19 05:40:25,507 - INFO - Completed /viper/ptmp/arego/Red_T_7K_1_EN_100/15933.h5 in 4.08 seconds
2025-09-19 05:40:25,629 - INFO - Completed /viper/ptmp/arego/Red_T_7K_1_EN_100/20506.h5 in 2.67 seconds
2025-09-19 05:40:25,668 - INFO - File 22985: Filtered 970478 hits and 4 records
2025-09-19 05:40:25,673 - INFO - Processing /viper/ptmp/arego/Red_T_7K_1/19868.h5
2025-09-19 05:40:25,729 - INFO - Processing /viper/ptmp/arego/Red_T_7K_1/17325.h5
2025-09-19 05:40:25,804 - INFO - Completed /viper/ptmp/arego/Red_T_7K_1_EN_100/3383.h5 in 4.32 seconds
2025-09-19 05:40:25,863 - INFO - Completed /viper/ptmp/arego/Red_T_7K_1_EN_100/14714.h5 in 1.74 seconds
2025-09-19 05:40:25,897 - INFO - Processing /viper/ptmp/arego/Red_T_7K_1/14659.h5
2025-09-19 05:40:25,910 - INFO - File 20193: Filtered 736586 hits and 6 records
2025-09-19 05:40:25,930 - INFO - Processing /viper/ptmp/arego/Red_T_7K_1/5465.h5
2025-09-19 05:40:25,985 - INFO - File 1734: Filtered 1072600 hits and 5 records
2025-09-19 05:40:26,092 - INFO - File 19868: Filtered 837676 hits and 6 records
2025-09-19 05:40:26,202 - INFO - Processing /viper/ptmp/arego/Red_T_7K_1/19741.h5
2025-09-19 05:40:26,349 - INFO - File 17325: Filtered 297462 hits and 4 records
2025-09-19 05:40:26,371 - INFO - File 14659: Filtered 358731 hits and 2 records
2025-09-19 05:40:26,378 - INFO - Completed /viper/ptmp/arego/Red_T_7K_1_EN_100/16163.h5 in 4.74 seconds
2025-09-19 05:40:26,407 - INFO - File 5465: Filtered 692826 hits and 5 records
2025-09-19 05:40:26,428 - INFO - Processing /viper/ptmp/arego/Red_T_7K_1/12798.h5
2025-09-19 05:40:26,769 - INFO - File 19741: Filtered 85693 hits and 2 records
2025-09-19 05:40:26,884 - INFO - Completed /viper/ptmp/arego/Red_T_7K_1_EN_100/5571.h5 in 4.08 seconds
2025-09-19 05:40:26,933 - INFO - Completed /viper/ptmp/arego/Red_T_7K_1_EN_100/657.h5 in 4.40 seconds
2025-09-19 05:40:26,949 - INFO - Processing /viper/ptmp/arego/Red_T_7K_1/3230.h5
2025-09-19 05:40:26,955 - INFO - File 12798: Filtered 432841 hits and 2 records
2025-09-19 05:40:27,030 - INFO - Processing /viper/ptmp/arego/Red_T_7K_1/8272.h5
2025-09-19 05:40:27,419 - INFO - File 3230: Filtered 881408 hits and 6 records
2025-09-19 05:40:27,453 - INFO - Completed /viper/ptmp/arego/Red_T_7K_1_EN_100/15224.h5 in 5.28 seconds
2025-09-19 05:40:27,494 - INFO - File 8272: Filtered 576060 hits and 6 records
2025-09-19 05:40:27,558 - INFO - Processing /viper/ptmp/arego/Red_T_7K_1/19577.h5
2025-09-19 05:40:28,020 - INFO - File 19577: Filtered 435354 hits and 2 records
2025-09-19 05:40:28,124 - INFO - Completed /viper/ptmp/arego/Red_T_7K_1_EN_100/17022.h5 in 4.02 seconds
2025-09-19 05:40:28,199 - INFO - Processing /viper/ptmp/arego/Red_T_7K_1/6509.h5
2025-09-19 05:40:28,570 - INFO - Completed /viper/ptmp/arego/Red_T_7K_1_EN_100/19868.h5 in 2.90 seconds
2025-09-19 05:40:28,620 - INFO - Processing /viper/ptmp/arego/Red_T_7K_1/15481.h5
2025-09-19 05:40:28,639 - INFO - Completed /viper/ptmp/arego/Red_T_7K_1_EN_100/22947.h5 in 4.12 seconds
2025-09-19 05:40:28,683 - INFO - Processing /viper/ptmp/arego/Red_T_7K_1/16149.h5
2025-09-19 05:40:28,696 - INFO - File 6509: Filtered 457453 hits and 3 records
2025-09-19 05:40:29,075 - INFO - File 15481: Filtered 692132 hits and 6 records
2025-09-19 05:40:29,171 - INFO - Completed /viper/ptmp/arego/Red_T_7K_1_EN_100/10695.h5 in 4.21 seconds
2025-09-19 05:40:29,207 - INFO - File 16149: Filtered 1086748 hits and 3 records
2025-09-19 05:40:29,247 - INFO - Processing /viper/ptmp/arego/Red_T_7K_1/15177.h5
2025-09-19 05:40:29,476 - INFO - Completed /viper/ptmp/arego/Red_T_7K_1_EN_100/20193.h5 in 4.03 seconds
2025-09-19 05:40:29,542 - INFO - Processing /viper/ptmp/arego/Red_T_7K_1/15062.h5
2025-09-19 05:40:29,705 - INFO - File 15177: Filtered 798143 hits and 5 records
2025-09-19 05:40:29,777 - INFO - Completed /viper/ptmp/arego/Red_T_7K_1_EN_100/22985.h5 in 4.60 seconds
2025-09-19 05:40:29,860 - INFO - Processing /viper/ptmp/arego/Red_T_7K_1/14790.h5
2025-09-19 05:40:30,005 - INFO - File 15062: Filtered 1341120 hits and 7 records
2025-09-19 05:40:30,013 - INFO - Completed /viper/ptmp/arego/Red_T_7K_1_EN_100/1734.h5 in 4.55 seconds
2025-09-19 05:40:30,019 - INFO - Completed /viper/ptmp/arego/Red_T_7K_1_EN_100/5465.h5 in 4.09 seconds
2025-09-19 05:40:30,114 - INFO - Processing /viper/ptmp/arego/Red_T_7K_1/6519.h5
2025-09-19 05:40:30,163 - INFO - Processing /viper/ptmp/arego/Red_T_7K_1/3463.h5
2025-09-19 05:40:30,284 - INFO - File 14790: Filtered 719283 hits and 7 records
2025-09-19 05:40:30,678 - INFO - File 6519: Filtered 846671 hits and 5 records
2025-09-19 05:40:30,689 - INFO - File 3463: Filtered 76682 hits and 2 records
2025-09-19 05:40:31,000 - INFO - Completed /viper/ptmp/arego/Red_T_7K_1_EN_100/3230.h5 in 4.05 seconds
2025-09-19 05:40:31,064 - INFO - Processing /viper/ptmp/arego/Red_T_7K_1/16734.h5
2025-09-19 05:40:31,285 - INFO - Completed /viper/ptmp/arego/Red_T_7K_1_EN_100/15062.h5 in 1.74 seconds
2025-09-19 05:40:31,327 - INFO - Processing /viper/ptmp/arego/Red_T_7K_1/18946.h5
2025-09-19 05:40:31,483 - INFO - Completed /viper/ptmp/arego/Red_T_7K_1_EN_100/8272.h5 in 4.45 seconds
2025-09-19 05:40:31,538 - INFO - File 16734: Filtered 1176318 hits and 5 records
2025-09-19 05:40:31,593 - INFO - Completed /viper/ptmp/arego/Red_T_7K_1_EN_100/12270.h5 in 6.80 seconds
2025-09-19 05:40:31,663 - INFO - Processing /viper/ptmp/arego/Red_T_7K_1/12116.h5
2025-09-19 05:40:31,667 - INFO - Processing /viper/ptmp/arego/Red_T_7K_1/16504.h5
2025-09-19 05:40:31,711 - INFO - File 18946: Filtered 510536 hits and 4 records
2025-09-19 05:40:31,943 - INFO - Completed /viper/ptmp/arego/Red_T_7K_1_EN_100/12798.h5 in 5.51 seconds
2025-09-19 05:40:32,018 - INFO - Processing /viper/ptmp/arego/Red_T_7K_1/7425.h5
2025-09-19 05:40:32,172 - INFO - File 12116: Filtered 897702 hits and 4 records
2025-09-19 05:40:32,177 - INFO - File 16504: Filtered 1136384 hits and 5 records
2025-09-19 05:40:32,323 - INFO - Completed /viper/ptmp/arego/Red_T_7K_1_EN_100/16149.h5 in 3.64 seconds
2025-09-19 05:40:32,395 - INFO - Processing /viper/ptmp/arego/Red_T_7K_1/17282.h5
2025-09-19 05:40:32,511 - INFO - File 7425: Filtered 842691 hits and 3 records
2025-09-19 05:40:32,748 - INFO - Completed /viper/ptmp/arego/Red_T_7K_1_EN_100/17325.h5 in 7.02 seconds
2025-09-19 05:40:32,803 - INFO - Processing /viper/ptmp/arego/Red_T_7K_1/18739.h5
2025-09-19 05:40:32,901 - INFO - File 17282: Filtered 753197 hits and 4 records
2025-09-19 05:40:33,062 - INFO - Completed /viper/ptmp/arego/Red_T_7K_1_EN_100/15481.h5 in 4.44 seconds
2025-09-19 05:40:33,073 - INFO - Completed /viper/ptmp/arego/Red_T_7K_1_EN_100/19741.h5 in 6.87 seconds
2025-09-19 05:40:33,130 - INFO - Processing /viper/ptmp/arego/Red_T_7K_1/5565.h5
2025-09-19 05:40:33,221 - INFO - File 18739: Filtered 975481 hits and 7 records
2025-09-19 05:40:33,373 - INFO - Processing /viper/ptmp/arego/Red_T_7K_1/7680.h5
2025-09-19 05:40:33,411 - INFO - Completed /viper/ptmp/arego/Red_T_7K_1_EN_100/19577.h5 in 5.85 seconds
2025-09-19 05:40:33,568 - INFO - File 5565: Filtered 967014 hits and 8 records
2025-09-19 05:40:33,622 - INFO - Processing /viper/ptmp/arego/Red_T_7K_1/10787.h5
2025-09-19 05:40:33,674 - INFO - Completed /viper/ptmp/arego/Red_T_7K_1_EN_100/14659.h5 in 7.78 seconds
2025-09-19 05:40:33,844 - INFO - Processing /viper/ptmp/arego/Red_T_7K_1/17036.h5
2025-09-19 05:40:33,881 - INFO - File 7680: Filtered 463160 hits and 4 records
2025-09-19 05:40:34,099 - INFO - File 10787: Filtered 247227 hits and 2 records
2025-09-19 05:40:34,150 - INFO - Completed /viper/ptmp/arego/Red_T_7K_1_EN_100/6519.h5 in 4.04 seconds
2025-09-19 05:40:34,211 - INFO - Completed /viper/ptmp/arego/Red_T_7K_1_EN_100/14790.h5 in 4.35 seconds
2025-09-19 05:40:34,224 - INFO - Processing /viper/ptmp/arego/Red_T_7K_1/6569.h5
2025-09-19 05:40:34,296 - INFO - Processing /viper/ptmp/arego/Red_T_7K_1/23357.h5
2025-09-19 05:40:34,424 - INFO - File 17036: Filtered 930021 hits and 6 records
2025-09-19 05:40:34,584 - INFO - Completed /viper/ptmp/arego/Red_T_7K_1_EN_100/3463.h5 in 4.42 seconds
2025-09-19 05:40:34,652 - INFO - Processing /viper/ptmp/arego/Red_T_7K_1/21671.h5
2025-09-19 05:40:34,761 - INFO - File 6569: Filtered 1011718 hits and 5 records
2025-09-19 05:40:34,775 - INFO - File 23357: Filtered 1106943 hits and 8 records
2025-09-19 05:40:34,835 - INFO - Completed /viper/ptmp/arego/Red_T_7K_1_EN_100/6509.h5 in 6.64 seconds
2025-09-19 05:40:34,922 - INFO - Processing /viper/ptmp/arego/Red_T_7K_1/11354.h5
2025-09-19 05:40:35,138 - INFO - Completed /viper/ptmp/arego/Red_T_7K_1_EN_100/18739.h5 in 2.34 seconds
2025-09-19 05:40:35,184 - INFO - Completed /viper/ptmp/arego/Red_T_7K_1_EN_100/15177.h5 in 5.94 seconds
2025-09-19 05:40:35,205 - INFO - Processing /viper/ptmp/arego/Red_T_7K_1/3347.h5
2025-09-19 05:40:35,216 - INFO - File 21671: Filtered 1417150 hits and 6 records
2025-09-19 05:40:35,360 - INFO - Completed /viper/ptmp/arego/Red_T_7K_1_EN_100/16734.h5 in 4.30 seconds
2025-09-19 05:40:35,449 - INFO - Processing /viper/ptmp/arego/Red_T_7K_1/5074.h5
2025-09-19 05:40:35,486 - INFO - File 11354: Filtered 657634 hits and 5 records
2025-09-19 05:40:35,682 - INFO - Processing /viper/ptmp/arego/Red_T_7K_1/730.h5
2025-09-19 05:40:35,818 - INFO - File 3347: Filtered 719436 hits and 4 records
2025-09-19 05:40:35,845 - INFO - Completed /viper/ptmp/arego/Red_T_7K_1_EN_100/18946.h5 in 4.52 seconds
2025-09-19 05:40:35,944 - INFO - Processing /viper/ptmp/arego/Red_T_7K_1/21683.h5
2025-09-19 05:40:35,966 - INFO - Completed /viper/ptmp/arego/Red_T_7K_1_EN_100/12116.h5 in 4.30 seconds
2025-09-19 05:40:36,058 - INFO - Processing /viper/ptmp/arego/Red_T_7K_1/1785.h5
2025-09-19 05:40:36,062 - INFO - Completed /viper/ptmp/arego/Red_T_7K_1_EN_100/16504.h5 in 4.40 seconds
2025-09-19 05:40:36,087 - INFO - File 5074: Filtered 1401855 hits and 6 records
2025-09-19 05:40:36,195 - INFO - Processing /viper/ptmp/arego/Red_T_7K_1/21293.h5
2025-09-19 05:40:36,280 - INFO - File 730: Filtered 283407 hits and 4 records
2025-09-19 05:40:36,420 - INFO - Completed /viper/ptmp/arego/Red_T_7K_1_EN_100/7425.h5 in 4.40 seconds
2025-09-19 05:40:36,528 - INFO - File 21683: Filtered 939320 hits and 5 records
2025-09-19 05:40:36,541 - INFO - Processing /viper/ptmp/arego/Red_T_7K_1/14816.h5
2025-09-19 05:40:36,587 - INFO - File 1785: Filtered 1517909 hits and 7 records
2025-09-19 05:40:36,724 - INFO - File 21293: Filtered 916121 hits and 8 records
2025-09-19 05:40:37,114 - INFO - File 14816: Filtered 1255481 hits and 7 records
2025-09-19 05:40:37,184 - INFO - Completed /viper/ptmp/arego/Red_T_7K_1_EN_100/5565.h5 in 4.05 seconds
2025-09-19 05:40:37,247 - INFO - Processing /viper/ptmp/arego/Red_T_7K_1/9236.h5
2025-09-19 05:40:37,748 - INFO - File 9236: Filtered 723214 hits and 3 records
2025-09-19 05:40:37,940 - INFO - Completed /viper/ptmp/arego/Red_T_7K_1_EN_100/1785.h5 in 1.88 seconds
2025-09-19 05:40:38,009 - INFO - Processing /viper/ptmp/arego/Red_T_7K_1/15822.h5
2025-09-19 05:40:38,411 - INFO - Completed /viper/ptmp/arego/Red_T_7K_1_EN_100/21671.h5 in 3.76 seconds
2025-09-19 05:40:38,477 - INFO - Processing /viper/ptmp/arego/Red_T_7K_1/2743.h5
2025-09-19 05:40:38,548 - INFO - Completed /viper/ptmp/arego/Red_T_7K_1_EN_100/6569.h5 in 4.32 seconds
2025-09-19 05:40:38,582 - INFO - File 15822: Filtered 1120908 hits and 5 records
2025-09-19 05:40:38,629 - INFO - Processing /viper/ptmp/arego/Red_T_7K_1/4328.h5
2025-09-19 05:40:38,711 - INFO - Completed /viper/ptmp/arego/Red_T_7K_1_EN_100/23357.h5 in 4.41 seconds
2025-09-19 05:40:38,777 - INFO - Processing /viper/ptmp/arego/Red_T_7K_1/19021.h5
2025-09-19 05:40:38,995 - INFO - File 2743: Filtered 1340422 hits and 7 records
2025-09-19 05:40:39,061 - INFO - Completed /viper/ptmp/arego/Red_T_7K_1_EN_100/17282.h5 in 6.67 seconds
2025-09-19 05:40:39,142 - INFO - Processing /viper/ptmp/arego/Red_T_7K_1/398.h5
2025-09-19 05:40:39,203 - INFO - File 4328: Filtered 901998 hits and 4 records
2025-09-19 05:40:39,310 - INFO - File 19021: Filtered 1426790 hits and 7 records
2025-09-19 05:40:39,699 - INFO - Completed /viper/ptmp/arego/Red_T_7K_1_EN_100/7680.h5 in 6.33 seconds
2025-09-19 05:40:39,716 - INFO - Completed /viper/ptmp/arego/Red_T_7K_1_EN_100/3347.h5 in 4.51 seconds
2025-09-19 05:40:39,760 - INFO - File 398: Filtered 1792747 hits and 6 records
2025-09-19 05:40:39,767 - INFO - Processing /viper/ptmp/arego/Red_T_7K_1/22165.h5
2025-09-19 05:40:39,788 - INFO - Processing /viper/ptmp/arego/Red_T_7K_1/3954.h5
2025-09-19 05:40:39,927 - INFO - Completed /viper/ptmp/arego/Red_T_7K_1_EN_100/17036.h5 in 6.08 seconds
2025-09-19 05:40:40,031 - INFO - Completed /viper/ptmp/arego/Red_T_7K_1_EN_100/5074.h5 in 4.58 seconds
2025-09-19 05:40:40,048 - INFO - Processing /viper/ptmp/arego/Red_T_7K_1/21295.h5
2025-09-19 05:40:40,275 - INFO - File 22165: Filtered 321620 hits and 4 records
2025-09-19 05:40:40,278 - INFO - Processing /viper/ptmp/arego/Red_T_7K_1/16678.h5
2025-09-19 05:40:40,379 - INFO - File 3954: Filtered 1359009 hits and 6 records
2025-09-19 05:40:40,406 - INFO - Completed /viper/ptmp/arego/Red_T_7K_1_EN_100/21293.h5 in 4.21 seconds
2025-09-19 05:40:40,518 - INFO - Processing /viper/ptmp/arego/Red_T_7K_1/8696.h5
2025-09-19 05:40:40,682 - INFO - File 21295: Filtered 994430 hits and 8 records
2025-09-19 05:40:40,831 - INFO - Completed /viper/ptmp/arego/Red_T_7K_1_EN_100/10787.h5 in 7.21 seconds
2025-09-19 05:40:40,905 - INFO - File 16678: Filtered 1065133 hits and 6 records
2025-09-19 05:40:40,926 - INFO - Processing /viper/ptmp/arego/Red_T_7K_1/15184.h5
2025-09-19 05:40:40,959 - INFO - Completed /viper/ptmp/arego/Red_T_7K_1_EN_100/21683.h5 in 5.02 seconds
2025-09-19 05:40:41,076 - INFO - Completed /viper/ptmp/arego/Red_T_7K_1_EN_100/14816.h5 in 4.54 seconds
2025-09-19 05:40:41,082 - INFO - File 8696: Filtered 851097 hits and 3 records
2025-09-19 05:40:41,142 - INFO - Processing /viper/ptmp/arego/Red_T_7K_1/15745.h5
2025-09-19 05:40:41,379 - INFO - Processing /viper/ptmp/arego/Red_T_7K_1/2968.h5
2025-09-19 05:40:41,455 - INFO - File 15184: Filtered 695935 hits and 6 records
2025-09-19 05:40:41,577 - INFO - Completed /viper/ptmp/arego/Red_T_7K_1_EN_100/11354.h5 in 6.65 seconds
2025-09-19 05:40:41,661 - INFO - Processing /viper/ptmp/arego/Red_T_7K_1/6441.h5
2025-09-19 05:40:41,707 - INFO - File 15745: Filtered 1050218 hits and 6 records
2025-09-19 05:40:41,971 - INFO - File 2968: Filtered 1211661 hits and 7 records
2025-09-19 05:40:42,203 - INFO - File 6441: Filtered 851333 hits and 6 records
2025-09-19 05:40:42,454 - INFO - Completed /viper/ptmp/arego/Red_T_7K_1_EN_100/2743.h5 in 3.98 seconds
2025-09-19 05:40:42,527 - INFO - Processing /viper/ptmp/arego/Red_T_7K_1/4010.h5
2025-09-19 05:40:43,012 - INFO - Completed /viper/ptmp/arego/Red_T_7K_1_EN_100/4328.h5 in 4.38 seconds
2025-09-19 05:40:43,070 - INFO - File 4010: Filtered 930057 hits and 6 records
2025-09-19 05:40:43,084 - INFO - Processing /viper/ptmp/arego/Red_T_7K_1/19994.h5
2025-09-19 05:40:43,109 - INFO - Completed /viper/ptmp/arego/Red_T_7K_1_EN_100/19021.h5 in 4.33 seconds
2025-09-19 05:40:43,187 - INFO - Processing /viper/ptmp/arego/Red_T_7K_1/4157.h5
2025-09-19 05:40:43,376 - INFO - Completed /viper/ptmp/arego/Red_T_7K_1_EN_100/15822.h5 in 5.37 seconds
2025-09-19 05:40:43,447 - INFO - Processing /viper/ptmp/arego/Red_T_7K_1/12845.h5
2025-09-19 05:40:43,450 - INFO - Completed /viper/ptmp/arego/Red_T_7K_1_EN_100/398.h5 in 4.31 seconds
2025-09-19 05:40:43,602 - INFO - Completed /viper/ptmp/arego/Red_T_7K_1_EN_100/9236.h5 in 6.36 seconds
2025-09-19 05:40:43,634 - INFO - File 19994: Filtered 753759 hits and 5 records
2025-09-19 05:40:43,664 - INFO - Processing /viper/ptmp/arego/Red_T_7K_1/13005.h5
2025-09-19 05:40:43,701 - INFO - Processing /viper/ptmp/arego/Red_T_7K_1/7250.h5
2025-09-19 05:40:43,765 - INFO - File 4157: Filtered 555771 hits and 3 records
2025-09-19 05:40:43,876 - INFO - Completed /viper/ptmp/arego/Red_T_7K_1_EN_100/730.h5 in 8.19 seconds
2025-09-19 05:40:43,982 - INFO - Processing /viper/ptmp/arego/Red_T_7K_1/6091.h5
2025-09-19 05:40:44,054 - INFO - File 12845: Filtered 1398661 hits and 5 records
2025-09-19 05:40:44,283 - INFO - File 7250: Filtered 1688077 hits and 5 records
2025-09-19 05:40:44,297 - INFO - File 13005: Filtered 1137821 hits and 7 records
2025-09-19 05:40:44,394 - INFO - Completed /viper/ptmp/arego/Red_T_7K_1_EN_100/3954.h5 in 4.61 seconds
2025-09-19 05:40:44,494 - INFO - Processing /viper/ptmp/arego/Red_T_7K_1/696.h5
2025-09-19 05:40:44,627 - INFO - File 6091: Filtered 1443623 hits and 4 records
2025-09-19 05:40:45,090 - INFO - File 696: Filtered 543558 hits and 3 records
2025-09-19 05:40:45,288 - INFO - Completed /viper/ptmp/arego/Red_T_7K_1_EN_100/15745.h5 in 4.15 seconds
2025-09-19 05:40:45,309 - INFO - Completed /viper/ptmp/arego/Red_T_7K_1_EN_100/8696.h5 in 4.79 seconds
2025-09-19 05:40:45,353 - INFO - Processing /viper/ptmp/arego/Red_T_7K_1/15742.h5
2025-09-19 05:40:45,603 - INFO - Processing /viper/ptmp/arego/Red_T_7K_1/18397.h5
2025-09-19 05:40:45,606 - INFO - Completed /viper/ptmp/arego/Red_T_7K_1_EN_100/2968.h5 in 4.23 seconds
2025-09-19 05:40:45,822 - INFO - Processing /viper/ptmp/arego/Red_T_7K_1/7909.h5
2025-09-19 05:40:45,822 - INFO - Completed /viper/ptmp/arego/Red_T_7K_1_EN_100/16678.h5 in 5.54 seconds
2025-09-19 05:40:45,888 - INFO - Processing /viper/ptmp/arego/Red_T_7K_1/10384.h5
2025-09-19 05:40:45,906 - INFO - File 15742: Filtered 733673 hits and 6 records
2025-09-19 05:40:46,238 - INFO - File 18397: Filtered 1616519 hits and 7 records
2025-09-19 05:40:46,451 - INFO - File 7909: Filtered 1298697 hits and 5 records
2025-09-19 05:40:46,514 - INFO - File 10384: Filtered 832834 hits and 2 records
2025-09-19 05:40:46,782 - INFO - Completed /viper/ptmp/arego/Red_T_7K_1_EN_100/7250.h5 in 3.08 seconds
2025-09-19 05:40:46,846 - INFO - Processing /viper/ptmp/arego/Red_T_7K_1/3224.h5
2025-09-19 05:40:47,307 - INFO - Completed /viper/ptmp/arego/Red_T_7K_1_EN_100/15184.h5 in 6.38 seconds
2025-09-19 05:40:47,393 - INFO - File 3224: Filtered 611621 hits and 4 records
2025-09-19 05:40:47,402 - INFO - Processing /viper/ptmp/arego/Red_T_7K_1/9186.h5
2025-09-19 05:40:47,818 - INFO - Completed /viper/ptmp/arego/Red_T_7K_1_EN_100/22165.h5 in 8.05 seconds
2025-09-19 05:40:47,824 - INFO - Completed /viper/ptmp/arego/Red_T_7K_1_EN_100/21295.h5 in 7.78 seconds
2025-09-19 05:40:47,889 - INFO - Processing /viper/ptmp/arego/Red_T_7K_1/5854.h5
2025-09-19 05:40:47,967 - INFO - File 9186: Filtered 1003335 hits and 4 records
2025-09-19 05:40:47,971 - INFO - Processing /viper/ptmp/arego/Red_T_7K_1/363.h5
2025-09-19 05:40:48,168 - INFO - Completed /viper/ptmp/arego/Red_T_7K_1_EN_100/4010.h5 in 5.64 seconds
2025-09-19 05:40:48,202 - INFO - Completed /viper/ptmp/arego/Red_T_7K_1_EN_100/6091.h5 in 4.22 seconds
2025-09-19 05:40:48,252 - INFO - Processing /viper/ptmp/arego/Red_T_7K_1/15746.h5
2025-09-19 05:40:48,272 - INFO - Processing /viper/ptmp/arego/Red_T_7K_1/3611.h5
2025-09-19 05:40:48,481 - INFO - File 5854: Filtered 2310363 hits and 7 records
2025-09-19 05:40:48,557 - INFO - File 363: Filtered 752765 hits and 5 records
2025-09-19 05:40:48,794 - INFO - Completed /viper/ptmp/arego/Red_T_7K_1_EN_100/12845.h5 in 5.35 seconds
2025-09-19 05:40:48,831 - INFO - File 15746: Filtered 1361665 hits and 4 records
2025-09-19 05:40:48,838 - INFO - Processing /viper/ptmp/arego/Red_T_7K_1/5614.h5
2025-09-19 05:40:48,948 - INFO - File 3611: Filtered 1008888 hits and 5 records
2025-09-19 05:40:49,127 - INFO - Completed /viper/ptmp/arego/Red_T_7K_1_EN_100/5854.h5 in 1.24 seconds
2025-09-19 05:40:49,193 - INFO - Processing /viper/ptmp/arego/Red_T_7K_1/1512.h5
2025-09-19 05:40:49,405 - INFO - File 5614: Filtered 1020872 hits and 5 records
2025-09-19 05:40:49,545 - INFO - Completed /viper/ptmp/arego/Red_T_7K_1_EN_100/7909.h5 in 3.72 seconds
2025-09-19 05:40:49,605 - INFO - Completed /viper/ptmp/arego/Red_T_7K_1_EN_100/6441.h5 in 7.94 seconds
2025-09-19 05:40:49,623 - INFO - Processing /viper/ptmp/arego/Red_T_7K_1/14689.h5
2025-09-19 05:40:49,712 - INFO - Completed /viper/ptmp/arego/Red_T_7K_1_EN_100/18397.h5 in 4.11 seconds
2025-09-19 05:40:49,754 - INFO - Processing /viper/ptmp/arego/Red_T_7K_1/22881.h5
2025-09-19 05:40:49,789 - INFO - Completed /viper/ptmp/arego/Red_T_7K_1_EN_100/19994.h5 in 6.71 seconds
2025-09-19 05:40:49,797 - INFO - File 1512: Filtered 1533759 hits and 9 records
2025-09-19 05:40:49,923 - INFO - Processing /viper/ptmp/arego/Red_T_7K_1/21923.h5
2025-09-19 05:40:50,019 - INFO - Processing /viper/ptmp/arego/Red_T_7K_1/12545.h5
2025-09-19 05:40:50,240 - INFO - File 14689: Filtered 2258488 hits and 8 records
2025-09-19 05:40:50,243 - INFO - Completed /viper/ptmp/arego/Red_T_7K_1_EN_100/696.h5 in 5.75 seconds
2025-09-19 05:40:50,261 - INFO - Completed /viper/ptmp/arego/Red_T_7K_1_EN_100/13005.h5 in 6.60 seconds
2025-09-19 05:40:50,289 - INFO - Completed /viper/ptmp/arego/Red_T_7K_1_EN_100/4157.h5 in 7.10 seconds
2025-09-19 05:40:50,310 - INFO - Processing /viper/ptmp/arego/Red_T_7K_1/18888.h5
2025-09-19 05:40:50,381 - INFO - Processing /viper/ptmp/arego/Red_T_7K_1/12814.h5
2025-09-19 05:40:50,480 - INFO - File 21923: Filtered 624034 hits and 4 records
2025-09-19 05:40:50,545 - INFO - Processing /viper/ptmp/arego/Red_T_7K_1/8238.h5
2025-09-19 05:40:50,615 - INFO - File 12545: Filtered 1480212 hits and 7 records
2025-09-19 05:40:50,942 - INFO - File 22881: Filtered 283920 hits and 4 records
2025-09-19 05:40:50,982 - INFO - File 18888: Filtered 471857 hits and 3 records
2025-09-19 05:40:51,079 - INFO - File 12814: Filtered 1681568 hits and 6 records
2025-09-19 05:40:51,278 - INFO - File 8238: Filtered 1443631 hits and 5 records
2025-09-19 05:40:51,872 - INFO - Completed /viper/ptmp/arego/Red_T_7K_1_EN_100/9186.h5 in 4.47 seconds
2025-09-19 05:40:51,942 - INFO - Processing /viper/ptmp/arego/Red_T_7K_1/7258.h5
2025-09-19 05:40:52,108 - INFO - Completed /viper/ptmp/arego/Red_T_7K_1_EN_100/14689.h5 in 2.48 seconds
2025-09-19 05:40:52,257 - INFO - Processing /viper/ptmp/arego/Red_T_7K_1/9056.h5
2025-09-19 05:40:52,274 - INFO - Completed /viper/ptmp/arego/Red_T_7K_1_EN_100/15742.h5 in 6.92 seconds
2025-09-19 05:40:52,496 - INFO - Processing /viper/ptmp/arego/Red_T_7K_1/13690.h5
2025-09-19 05:40:52,506 - INFO - File 7258: Filtered 986772 hits and 3 records
2025-09-19 05:40:52,767 - INFO - Completed /viper/ptmp/arego/Red_T_7K_1_EN_100/3224.h5 in 5.92 seconds
2025-09-19 05:40:52,784 - INFO - Completed /viper/ptmp/arego/Red_T_7K_1_EN_100/15746.h5 in 4.53 seconds
2025-09-19 05:40:52,885 - INFO - Processing /viper/ptmp/arego/Red_T_7K_1/22407.h5
2025-09-19 05:40:52,900 - INFO - File 9056: Filtered 649246 hits and 5 records
2025-09-19 05:40:53,132 - INFO - Processing /viper/ptmp/arego/Red_T_7K_1/21427.h5
2025-09-19 05:40:53,274 - INFO - File 13690: Filtered 31158 hits and 1 records
2025-09-19 05:40:53,554 - INFO - File 22407: Filtered 1496053 hits and 7 records
2025-09-19 05:40:53,850 - INFO - Completed /viper/ptmp/arego/Red_T_7K_1_EN_100/10384.h5 in 7.96 seconds
2025-09-19 05:40:53,914 - INFO - File 21427: Filtered 571210 hits and 6 records
2025-09-19 05:40:53,918 - INFO - Processing /viper/ptmp/arego/Red_T_7K_1/6806.h5
2025-09-19 05:40:54,256 - INFO - Completed /viper/ptmp/arego/Red_T_7K_1_EN_100/12545.h5 in 4.24 seconds
2025-09-19 05:40:54,320 - INFO - Processing /viper/ptmp/arego/Red_T_7K_1/2712.h5
2025-09-19 05:40:54,622 - INFO - File 6806: Filtered 804708 hits and 5 records
2025-09-19 05:40:54,689 - INFO - Completed /viper/ptmp/arego/Red_T_7K_1_EN_100/3611.h5 in 6.42 seconds
2025-09-19 05:40:54,818 - INFO - Processing /viper/ptmp/arego/Red_T_7K_1/10931.h5
2025-09-19 05:40:54,902 - INFO - Completed /viper/ptmp/arego/Red_T_7K_1_EN_100/1512.h5 in 5.71 seconds
2025-09-19 05:40:54,940 - INFO - File 2712: Filtered 1206371 hits and 4 records
2025-09-19 05:40:54,996 - INFO - Processing /viper/ptmp/arego/Red_T_7K_1/23313.h5
2025-09-19 05:40:55,040 - INFO - Completed /viper/ptmp/arego/Red_T_7K_1_EN_100/12814.h5 in 4.66 seconds
2025-09-19 05:40:55,191 - INFO - Processing /viper/ptmp/arego/Red_T_7K_1/2215.h5
2025-09-19 05:40:55,416 - INFO - Completed /viper/ptmp/arego/Red_T_7K_1_EN_100/5614.h5 in 6.58 seconds
2025-09-19 05:40:55,445 - INFO - Completed /viper/ptmp/arego/Red_T_7K_1_EN_100/21923.h5 in 5.52 seconds
2025-09-19 05:40:55,459 - INFO - File 10931: Filtered 1749574 hits and 6 records
2025-09-19 05:40:55,488 - INFO - Completed /viper/ptmp/arego/Red_T_7K_1_EN_100/8238.h5 in 4.94 seconds
2025-09-19 05:40:55,489 - INFO - Processing /viper/ptmp/arego/Red_T_7K_1/9589.h5
2025-09-19 05:40:55,551 - INFO - Processing /viper/ptmp/arego/Red_T_7K_1/8890.h5
2025-09-19 05:40:55,711 - INFO - Processing /viper/ptmp/arego/Red_T_7K_1/4273.h5
2025-09-19 05:40:55,726 - INFO - File 23313: Filtered 676885 hits and 5 records
2025-09-19 05:40:55,829 - INFO - File 2215: Filtered 317585 hits and 5 records
2025-09-19 05:40:56,194 - INFO - File 9589: Filtered 1193001 hits and 2 records
2025-09-19 05:40:56,235 - INFO - File 4273: Filtered 491625 hits and 5 records
2025-09-19 05:40:56,329 - INFO - File 8890: Filtered 140448 hits and 4 records
2025-09-19 05:40:56,516 - INFO - Completed /viper/ptmp/arego/Red_T_7K_1_EN_100/363.h5 in 8.55 seconds
2025-09-19 05:40:56,607 - INFO - Processing /viper/ptmp/arego/Red_T_7K_1/13345.h5
2025-09-19 05:40:57,230 - INFO - File 13345: Filtered 852872 hits and 3 records
2025-09-19 05:40:57,266 - INFO - Completed /viper/ptmp/arego/Red_T_7K_1_EN_100/22407.h5 in 4.38 seconds
2025-09-19 05:40:57,344 - INFO - Processing /viper/ptmp/arego/Red_T_7K_1/11753.h5
2025-09-19 05:40:58,158 - INFO - File 11753: Filtered 784319 hits and 5 records
2025-09-19 05:40:58,488 - INFO - Completed /viper/ptmp/arego/Red_T_7K_1_EN_100/7258.h5 in 6.55 seconds
2025-09-19 05:40:58,587 - INFO - Processing /viper/ptmp/arego/Red_T_7K_1/18863.h5
2025-09-19 05:40:59,174 - INFO - Completed /viper/ptmp/arego/Red_T_7K_1_EN_100/10931.h5 in 4.36 seconds
2025-09-19 05:40:59,214 - INFO - Processing /viper/ptmp/arego/Red_T_7K_1/8794.h5
2025-09-19 05:40:59,398 - INFO - File 18863: Filtered 1051575 hits and 4 records
2025-09-19 05:40:59,474 - INFO - Completed /viper/ptmp/arego/Red_T_7K_1_EN_100/9056.h5 in 7.22 seconds
2025-09-19 05:40:59,531 - INFO - Processing /viper/ptmp/arego/Red_T_7K_1/17106.h5
2025-09-19 05:40:59,581 - INFO - Completed /viper/ptmp/arego/Red_T_7K_1_EN_100/18888.h5 in 9.27 seconds
2025-09-19 05:40:59,672 - INFO - Processing /viper/ptmp/arego/Red_T_7K_1/22262.h5
2025-09-19 05:40:59,757 - INFO - File 8794: Filtered 677149 hits and 6 records
2025-09-19 05:41:00,031 - INFO - Completed /viper/ptmp/arego/Red_T_7K_1_EN_100/6806.h5 in 6.11 seconds
2025-09-19 05:41:00,106 - INFO - Processing /viper/ptmp/arego/Red_T_7K_1/16491.h5
2025-09-19 05:41:00,186 - INFO - File 17106: Filtered 1517375 hits and 4 records
2025-09-19 05:41:00,353 - INFO - Completed /viper/ptmp/arego/Red_T_7K_1_EN_100/2712.h5 in 6.03 seconds
2025-09-19 05:41:00,406 - INFO - File 22262: Filtered 679704 hits and 5 records
2025-09-19 05:41:00,482 - INFO - Processing /viper/ptmp/arego/Red_T_7K_1/1535.h5
2025-09-19 05:41:00,827 - INFO - File 16491: Filtered 1462573 hits and 7 records
2025-09-19 05:41:01,169 - INFO - File 1535: Filtered 1420118 hits and 5 records
2025-09-19 05:41:01,552 - INFO - Completed /viper/ptmp/arego/Red_T_7K_1_EN_100/4273.h5 in 5.84 seconds
2025-09-19 05:41:01,618 - INFO - Processing /viper/ptmp/arego/Red_T_7K_1/1537.h5
2025-09-19 05:41:02,080 - INFO - Completed /viper/ptmp/arego/Red_T_7K_1_EN_100/9589.h5 in 6.59 seconds
2025-09-19 05:41:02,168 - INFO - Processing /viper/ptmp/arego/Red_T_7K_1/4172.h5
2025-09-19 05:41:02,250 - INFO - File 1537: Filtered 2224798 hits and 4 records
2025-09-19 05:41:02,771 - INFO - File 4172: Filtered 90483 hits and 2 records
2025-09-19 05:41:03,743 - INFO - Completed /viper/ptmp/arego/Red_T_7K_1_EN_100/21427.h5 in 10.61 seconds
2025-09-19 05:41:03,809 - INFO - Processing /viper/ptmp/arego/Red_T_7K_1/5298.h5
2025-09-19 05:41:03,997 - INFO - Completed /viper/ptmp/arego/Red_T_7K_1_EN_100/23313.h5 in 9.00 seconds
2025-09-19 05:41:04,027 - INFO - Completed /viper/ptmp/arego/Red_T_7K_1_EN_100/17106.h5 in 4.50 seconds
2025-09-19 05:41:04,159 - INFO - Processing /viper/ptmp/arego/Red_T_7K_1/11608.h5
2025-09-19 05:41:04,193 - INFO - Completed /viper/ptmp/arego/Red_T_7K_1_EN_100/13690.h5 in 11.70 seconds
2025-09-19 05:41:04,247 - INFO - Completed /viper/ptmp/arego/Red_T_7K_1_EN_100/13345.h5 in 7.64 seconds
2025-09-19 05:41:04,400 - INFO - File 5298: Filtered 1492099 hits and 6 records
2025-09-19 05:41:04,408 - INFO - Processing /viper/ptmp/arego/Red_T_7K_1/16508.h5
2025-09-19 05:41:04,441 - INFO - Processing /viper/ptmp/arego/Red_T_7K_1/22019.h5
2025-09-19 05:41:04,695 - INFO - Processing /viper/ptmp/arego/Red_T_7K_1/15970.h5
2025-09-19 05:41:04,996 - INFO - Completed /viper/ptmp/arego/Red_T_7K_1_EN_100/2215.h5 in 9.81 seconds
2025-09-19 05:41:05,001 - INFO - File 11608: Filtered 1266554 hits and 9 records
2025-09-19 05:41:05,045 - INFO - Processing /viper/ptmp/arego/Red_T_7K_1/15785.h5
2025-09-19 05:41:05,161 - INFO - File 22019: Filtered 1076680 hits and 8 records
2025-09-19 05:41:05,464 - INFO - File 16508: Filtered 307042 hits and 2 records
2025-09-19 05:41:05,542 - INFO - File 15970: Filtered 1714254 hits and 6 records
2025-09-19 05:41:05,924 - INFO - File 15785: Filtered 846414 hits and 4 records
2025-09-19 05:41:05,948 - INFO - Completed /viper/ptmp/arego/Red_T_7K_1_EN_100/1537.h5 in 4.33 seconds
2025-09-19 05:41:05,985 - INFO - Processing /viper/ptmp/arego/Red_T_7K_1/18561.h5
2025-09-19 05:41:06,670 - INFO - File 18561: Filtered 1508935 hits and 7 records
2025-09-19 05:41:06,766 - INFO - Completed /viper/ptmp/arego/Red_T_7K_1_EN_100/22881.h5 in 17.01 seconds
2025-09-19 05:41:06,852 - INFO - Processing /viper/ptmp/arego/Red_T_7K_1/22553.h5
2025-09-19 05:41:06,853 - INFO - Completed /viper/ptmp/arego/Red_T_7K_1_EN_100/16491.h5 in 6.75 seconds
2025-09-19 05:41:07,000 - INFO - Processing /viper/ptmp/arego/Red_T_7K_1/12881.h5
2025-09-19 05:41:07,317 - INFO - Completed /viper/ptmp/arego/Red_T_7K_1_EN_100/18863.h5 in 8.73 seconds
2025-09-19 05:41:07,353 - INFO - Completed /viper/ptmp/arego/Red_T_7K_1_EN_100/8794.h5 in 8.14 seconds
2025-09-19 05:41:07,391 - INFO - Processing /viper/ptmp/arego/Red_T_7K_1/12385.h5
2025-09-19 05:41:07,459 - INFO - Processing /viper/ptmp/arego/Red_T_7K_1/13247.h5
2025-09-19 05:41:07,596 - INFO - File 22553: Filtered 406405 hits and 5 records
2025-09-19 05:41:07,652 - INFO - File 12881: Filtered 1285329 hits and 8 records
2025-09-19 05:41:07,811 - INFO - Completed /viper/ptmp/arego/Red_T_7K_1_EN_100/8890.h5 in 12.26 seconds
2025-09-19 05:41:07,917 - INFO - Processing /viper/ptmp/arego/Red_T_7K_1/15740.h5
2025-09-19 05:41:08,137 - INFO - File 12385: Filtered 1019281 hits and 3 records
2025-09-19 05:41:08,199 - INFO - File 13247: Filtered 1167417 hits and 4 records
2025-09-19 05:41:08,648 - INFO - Completed /viper/ptmp/arego/Red_T_7K_1_EN_100/1535.h5 in 8.17 seconds
2025-09-19 05:41:08,688 - INFO - File 15740: Filtered 833135 hits and 4 records
2025-09-19 05:41:08,762 - INFO - Processing /viper/ptmp/arego/Red_T_7K_1/746.h5
2025-09-19 05:41:09,169 - INFO - Completed /viper/ptmp/arego/Red_T_7K_1_EN_100/5298.h5 in 5.36 seconds
2025-09-19 05:41:09,235 - INFO - Processing /viper/ptmp/arego/Red_T_7K_1/9251.h5
2025-09-19 05:41:09,357 - INFO - Completed /viper/ptmp/arego/Red_T_7K_1_EN_100/11753.h5 in 12.01 seconds
2025-09-19 05:41:09,426 - INFO - File 746: Filtered 1593006 hits and 9 records
2025-09-19 05:41:09,518 - INFO - Processing /viper/ptmp/arego/Red_T_7K_1/2180.h5
2025-09-19 05:41:09,963 - INFO - File 9251: Filtered 1642061 hits and 8 records
2025-09-19 05:41:10,219 - INFO - Completed /viper/ptmp/arego/Red_T_7K_1_EN_100/22262.h5 in 10.55 seconds
2025-09-19 05:41:10,296 - INFO - Processing /viper/ptmp/arego/Red_T_7K_1/3296.h5
2025-09-19 05:41:10,421 - INFO - File 2180: Filtered 1433650 hits and 6 records
2025-09-19 05:41:10,981 - INFO - File 3296: Filtered 978597 hits and 7 records
2025-09-19 05:41:11,793 - INFO - Completed /viper/ptmp/arego/Red_T_7K_1_EN_100/15970.h5 in 7.10 seconds
2025-09-19 05:41:11,866 - INFO - Processing /viper/ptmp/arego/Red_T_7K_1/15977.h5
2025-09-19 05:41:12,310 - INFO - Completed /viper/ptmp/arego/Red_T_7K_1_EN_100/4172.h5 in 10.14 seconds
2025-09-19 05:41:12,440 - INFO - Processing /viper/ptmp/arego/Red_T_7K_1/15875.h5
2025-09-19 05:41:12,697 - INFO - File 15977: Filtered 1625878 hits and 5 records
2025-09-19 05:41:12,943 - INFO - Completed /viper/ptmp/arego/Red_T_7K_1_EN_100/11608.h5 in 8.78 seconds
2025-09-19 05:41:13,026 - INFO - Processing /viper/ptmp/arego/Red_T_7K_1/7120.h5
2025-09-19 05:41:13,244 - INFO - Completed /viper/ptmp/arego/Red_T_7K_1_EN_100/18561.h5 in 7.26 seconds
2025-09-19 05:41:13,247 - INFO - File 15875: Filtered 342402 hits and 4 records
2025-09-19 05:41:13,264 - INFO - Completed /viper/ptmp/arego/Red_T_7K_1_EN_100/22019.h5 in 8.82 seconds
2025-09-19 05:41:13,321 - INFO - Processing /viper/ptmp/arego/Red_T_7K_1/5786.h5
2025-09-19 05:41:13,361 - INFO - Processing /viper/ptmp/arego/Red_T_7K_1/11245.h5
2025-09-19 05:41:13,628 - INFO - Completed /viper/ptmp/arego/Red_T_7K_1_EN_100/12881.h5 in 6.63 seconds
2025-09-19 05:41:13,728 - INFO - Processing /viper/ptmp/arego/Red_T_7K_1/15277.h5
2025-09-19 05:41:13,907 - INFO - File 7120: Filtered 1085205 hits and 5 records
2025-09-19 05:41:13,928 - INFO - File 5786: Filtered 2098241 hits and 5 records
2025-09-19 05:41:14,228 - INFO - File 11245: Filtered 686270 hits and 4 records
2025-09-19 05:41:14,296 - INFO - Completed /viper/ptmp/arego/Red_T_7K_1_EN_100/13247.h5 in 6.84 seconds
2025-09-19 05:41:14,371 - INFO - Processing /viper/ptmp/arego/Red_T_7K_1/12762.h5
2025-09-19 05:41:14,479 - INFO - File 15277: Filtered 1963918 hits and 7 records
2025-09-19 05:41:14,558 - INFO - Completed /viper/ptmp/arego/Red_T_7K_1_EN_100/746.h5 in 5.80 seconds
2025-09-19 05:41:14,741 - INFO - Processing /viper/ptmp/arego/Red_T_7K_1/4742.h5
2025-09-19 05:41:15,086 - INFO - File 12762: Filtered 2644468 hits and 5 records
2025-09-19 05:41:15,515 - INFO - File 4742: Filtered 1373578 hits and 5 records
2025-09-19 05:41:15,700 - INFO - Completed /viper/ptmp/arego/Red_T_7K_1_EN_100/15785.h5 in 10.65 seconds
2025-09-19 05:41:15,765 - INFO - Processing /viper/ptmp/arego/Red_T_7K_1/7411.h5
2025-09-19 05:41:16,629 - INFO - File 7411: Filtered 2175959 hits and 6 records
2025-09-19 05:41:17,191 - INFO - Completed /viper/ptmp/arego/Red_T_7K_1_EN_100/12385.h5 in 9.80 seconds
2025-09-19 05:41:17,290 - INFO - Completed /viper/ptmp/arego/Red_T_7K_1_EN_100/5786.h5 in 3.97 seconds
2025-09-19 05:41:17,290 - INFO - Processing /viper/ptmp/arego/Red_T_7K_1/13867.h5
2025-09-19 05:41:17,357 - INFO - Processing /viper/ptmp/arego/Red_T_7K_1/15920.h5
2025-09-19 05:41:17,418 - INFO - Completed /viper/ptmp/arego/Red_T_7K_1_EN_100/3296.h5 in 7.12 seconds
2025-09-19 05:41:17,420 - INFO - Completed /viper/ptmp/arego/Red_T_7K_1_EN_100/12762.h5 in 3.05 seconds
2025-09-19 05:41:17,435 - INFO - Completed /viper/ptmp/arego/Red_T_7K_1_EN_100/9251.h5 in 8.20 seconds
2025-09-19 05:41:17,511 - INFO - Completed /viper/ptmp/arego/Red_T_7K_1_EN_100/22553.h5 in 10.66 seconds
2025-09-19 05:41:17,514 - INFO - Processing /viper/ptmp/arego/Red_T_7K_1/19324.h5
2025-09-19 05:41:17,561 - INFO - Processing /viper/ptmp/arego/Red_T_7K_1/22705.h5
2025-09-19 05:41:17,726 - INFO - Processing /viper/ptmp/arego/Red_T_7K_1/7849.h5
2025-09-19 05:41:17,949 - INFO - Processing /viper/ptmp/arego/Red_T_7K_1/13228.h5
2025-09-19 05:41:18,079 - INFO - File 15920: Filtered 951641 hits and 6 records
2025-09-19 05:41:18,163 - INFO - File 13867: Filtered 1399559 hits and 3 records
2025-09-19 05:41:18,358 - INFO - File 22705: Filtered 2226330 hits and 6 records
2025-09-19 05:41:18,407 - INFO - File 19324: Filtered 848556 hits and 5 records
2025-09-19 05:41:18,496 - INFO - Completed /viper/ptmp/arego/Red_T_7K_1_EN_100/15740.h5 in 10.58 seconds
2025-09-19 05:41:18,543 - INFO - Processing /viper/ptmp/arego/Red_T_7K_1/7914.h5
2025-09-19 05:41:18,607 - INFO - File 7849: Filtered 1462810 hits and 5 records
2025-09-19 05:41:18,903 - INFO - File 13228: Filtered 2099486 hits and 4 records
2025-09-19 05:41:19,236 - INFO - Completed /viper/ptmp/arego/Red_T_7K_1_EN_100/15875.h5 in 6.80 seconds
2025-09-19 05:41:19,366 - INFO - Processing /viper/ptmp/arego/Red_T_7K_1/21255.h5
2025-09-19 05:41:19,460 - INFO - File 7914: Filtered 1459344 hits and 5 records
2025-09-19 05:41:19,672 - INFO - Completed /viper/ptmp/arego/Red_T_7K_1_EN_100/2180.h5 in 10.15 seconds
2025-09-19 05:41:19,740 - INFO - Processing /viper/ptmp/arego/Red_T_7K_1/21825.h5
2025-09-19 05:41:20,000 - INFO - Completed /viper/ptmp/arego/Red_T_7K_1_EN_100/15277.h5 in 6.27 seconds
2025-09-19 05:41:20,073 - INFO - Processing /viper/ptmp/arego/Red_T_7K_1/11409.h5
2025-09-19 05:41:20,229 - INFO - File 21255: Filtered 272878 hits and 4 records
2025-09-19 05:41:20,542 - INFO - Completed /viper/ptmp/arego/Red_T_7K_1_EN_100/16508.h5 in 16.13 seconds
2025-09-19 05:41:20,640 - INFO - Processing /viper/ptmp/arego/Red_T_7K_1/7391.h5
2025-09-19 05:41:20,796 - INFO - File 11409: Filtered 1834179 hits and 7 records
2025-09-19 05:41:21,272 - INFO - File 21825: Filtered 97028 hits and 2 records
2025-09-19 05:41:21,336 - INFO - Completed /viper/ptmp/arego/Red_T_7K_1_EN_100/15977.h5 in 9.47 seconds
2025-09-19 05:41:21,383 - INFO - Processing /viper/ptmp/arego/Red_T_7K_1/5598.h5
2025-09-19 05:41:21,397 - INFO - File 7391: Filtered 269544 hits and 4 records
2025-09-19 05:41:22,341 - INFO - File 5598: Filtered 3366752 hits and 5 records
2025-09-19 05:41:23,097 - INFO - Completed /viper/ptmp/arego/Red_T_7K_1_EN_100/7411.h5 in 7.33 seconds
2025-09-19 05:41:23,162 - INFO - Processing /viper/ptmp/arego/Red_T_7K_1/13354.h5
2025-09-19 05:41:23,794 - INFO - Completed /viper/ptmp/arego/Red_T_7K_1_EN_100/13228.h5 in 5.85 seconds
2025-09-19 05:41:23,868 - INFO - Processing /viper/ptmp/arego/Red_T_7K_1/7507.h5
2025-09-19 05:41:24,031 - INFO - File 13354: Filtered 1775529 hits and 6 records
2025-09-19 05:41:24,410 - INFO - Completed /viper/ptmp/arego/Red_T_7K_1_EN_100/22705.h5 in 6.85 seconds
2025-09-19 05:41:24,471 - INFO - Processing /viper/ptmp/arego/Red_T_7K_1/19635.h5
2025-09-19 05:41:24,587 - INFO - File 7507: Filtered 1718951 hits and 6 records
2025-09-19 05:41:24,710 - INFO - Completed /viper/ptmp/arego/Red_T_7K_1_EN_100/7120.h5 in 11.68 seconds
2025-09-19 05:41:24,782 - INFO - Processing /viper/ptmp/arego/Red_T_7K_1/10855.h5
2025-09-19 05:41:24,803 - INFO - Completed /viper/ptmp/arego/Red_T_7K_1_EN_100/5598.h5 in 3.42 seconds
2025-09-19 05:41:24,991 - INFO - Processing /viper/ptmp/arego/Red_T_7K_1/17188.h5
2025-09-19 05:41:25,009 - INFO - Completed /viper/ptmp/arego/Red_T_7K_1_EN_100/7849.h5 in 7.28 seconds
2025-09-19 05:41:25,078 - INFO - Processing /viper/ptmp/arego/Red_T_7K_1/17651.h5
2025-09-19 05:41:25,384 - INFO - File 19635: Filtered 1359255 hits and 4 records
2025-09-19 05:41:25,620 - INFO - Completed /viper/ptmp/arego/Red_T_7K_1_EN_100/11245.h5 in 12.26 seconds
2025-09-19 05:41:25,734 - INFO - Processing /viper/ptmp/arego/Red_T_7K_1/4089.h5
2025-09-19 05:41:25,831 - INFO - File 17651: Filtered 1705814 hits and 5 records
2025-09-19 05:41:25,909 - INFO - Completed /viper/ptmp/arego/Red_T_7K_1_EN_100/4742.h5 in 11.17 seconds
2025-09-19 05:41:25,911 - INFO - File 10855: Filtered 1504745 hits and 4 records
2025-09-19 05:41:26,050 - INFO - Processing /viper/ptmp/arego/Red_T_7K_1/14069.h5
2025-09-19 05:41:26,101 - INFO - File 17188: Filtered 1349579 hits and 4 records
2025-09-19 05:41:26,508 - INFO - Completed /viper/ptmp/arego/Red_T_7K_1_EN_100/15920.h5 in 9.15 seconds
2025-09-19 05:41:26,543 - INFO - Completed /viper/ptmp/arego/Red_T_7K_1_EN_100/11409.h5 in 6.47 seconds
2025-09-19 05:41:26,572 - INFO - Processing /viper/ptmp/arego/Red_T_7K_1/21855.h5
2025-09-19 05:41:26,709 - INFO - File 4089: Filtered 1156541 hits and 5 records
2025-09-19 05:41:26,753 - INFO - Processing /viper/ptmp/arego/Red_T_7K_1/2424.h5
2025-09-19 05:41:26,986 - INFO - File 14069: Filtered 1894252 hits and 7 records
2025-09-19 05:41:27,346 - INFO - File 21855: Filtered 1114794 hits and 4 records
2025-09-19 05:41:27,587 - INFO - Completed /viper/ptmp/arego/Red_T_7K_1_EN_100/13867.h5 in 10.30 seconds
2025-09-19 05:41:27,633 - INFO - Processing /viper/ptmp/arego/Red_T_7K_1/3081.h5
2025-09-19 05:41:27,686 - INFO - File 2424: Filtered 1406446 hits and 5 records
2025-09-19 05:41:28,336 - INFO - Completed /viper/ptmp/arego/Red_T_7K_1_EN_100/19324.h5 in 10.82 seconds
2025-09-19 05:41:28,397 - INFO - Processing /viper/ptmp/arego/Red_T_7K_1/5036.h5
2025-09-19 05:41:28,506 - INFO - File 3081: Filtered 2359847 hits and 4 records
2025-09-19 05:41:29,030 - INFO - Completed /viper/ptmp/arego/Red_T_7K_1_EN_100/7914.h5 in 10.49 seconds
2025-09-19 05:41:29,094 - INFO - Processing /viper/ptmp/arego/Red_T_7K_1/3488.h5
2025-09-19 05:41:29,268 - INFO - File 5036: Filtered 524293 hits and 2 records
2025-09-19 05:41:29,953 - INFO - File 3488: Filtered 1447698 hits and 4 records
2025-09-19 05:41:30,374 - INFO - Completed /viper/ptmp/arego/Red_T_7K_1_EN_100/7507.h5 in 6.51 seconds
2025-09-19 05:41:30,442 - INFO - Processing /viper/ptmp/arego/Red_T_7K_1/13463.h5
2025-09-19 05:41:31,211 - INFO - File 13463: Filtered 2239324 hits and 5 records
2025-09-19 05:41:32,846 - INFO - Completed /viper/ptmp/arego/Red_T_7K_1_EN_100/17651.h5 in 7.77 seconds
2025-09-19 05:41:32,910 - INFO - Processing /viper/ptmp/arego/Red_T_7K_1/12803.h5
2025-09-19 05:41:33,334 - INFO - Completed /viper/ptmp/arego/Red_T_7K_1_EN_100/13354.h5 in 10.17 seconds
2025-09-19 05:41:33,396 - INFO - Processing /viper/ptmp/arego/Red_T_7K_1/15203.h5
2025-09-19 05:41:34,193 - INFO - Completed /viper/ptmp/arego/Red_T_7K_1_EN_100/7391.h5 in 13.55 seconds
2025-09-19 05:41:34,237 - INFO - Processing /viper/ptmp/arego/Red_T_7K_1/11324.h5
2025-09-19 05:41:34,361 - INFO - File 15203: Filtered 1609380 hits and 5 records
2025-09-19 05:41:34,618 - INFO - File 12803: Filtered 291217 hits and 4 records
2025-09-19 05:41:34,950 - INFO - Completed /viper/ptmp/arego/Red_T_7K_1_EN_100/14069.h5 in 8.90 seconds
2025-09-19 05:41:35,084 - INFO - Processing /viper/ptmp/arego/Red_T_7K_1/1559.h5
2025-09-19 05:41:35,127 - INFO - File 11324: Filtered 1774263 hits and 5 records
2025-09-19 05:41:35,208 - INFO - Completed /viper/ptmp/arego/Red_T_7K_1_EN_100/21255.h5 in 15.84 seconds
2025-09-19 05:41:35,375 - INFO - Processing /viper/ptmp/arego/Red_T_7K_1/9077.h5
2025-09-19 05:41:35,518 - INFO - Completed /viper/ptmp/arego/Red_T_7K_1_EN_100/19635.h5 in 11.05 seconds
2025-09-19 05:41:35,596 - INFO - Processing /viper/ptmp/arego/Red_T_7K_1/4814.h5
2025-09-19 05:41:36,077 - INFO - File 1559: Filtered 1937158 hits and 4 records
2025-09-19 05:41:36,259 - INFO - File 9077: Filtered 2088513 hits and 6 records
2025-09-19 05:41:36,462 - INFO - Completed /viper/ptmp/arego/Red_T_7K_1_EN_100/3081.h5 in 8.83 seconds
2025-09-19 05:41:36,519 - INFO - Completed /viper/ptmp/arego/Red_T_7K_1_EN_100/2424.h5 in 9.77 seconds
2025-09-19 05:41:36,527 - INFO - Processing /viper/ptmp/arego/Red_T_7K_1/8701.h5
2025-09-19 05:41:36,575 - INFO - File 4814: Filtered 978846 hits and 4 records
2025-09-19 05:41:36,586 - INFO - Processing /viper/ptmp/arego/Red_T_7K_1/23194.h5
2025-09-19 05:41:36,761 - INFO - Completed /viper/ptmp/arego/Red_T_7K_1_EN_100/10855.h5 in 11.98 seconds
2025-09-19 05:41:36,866 - INFO - Processing /viper/ptmp/arego/Red_T_7K_1/670.h5
2025-09-19 05:41:36,955 - INFO - Completed /viper/ptmp/arego/Red_T_7K_1_EN_100/21855.h5 in 10.38 seconds
2025-09-19 05:41:37,018 - INFO - Processing /viper/ptmp/arego/Red_T_7K_1/22428.h5
2025-09-19 05:41:37,447 - INFO - File 8701: Filtered 1573966 hits and 6 records
2025-09-19 05:41:37,456 - INFO - Completed /viper/ptmp/arego/Red_T_7K_1_EN_100/17188.h5 in 12.47 seconds
2025-09-19 05:41:37,551 - INFO - Processing /viper/ptmp/arego/Red_T_7K_1/12980.h5
2025-09-19 05:41:37,619 - INFO - Completed /viper/ptmp/arego/Red_T_7K_1_EN_100/13463.h5 in 7.18 seconds
2025-09-19 05:41:37,643 - INFO - File 23194: Filtered 1074856 hits and 5 records
2025-09-19 05:41:37,665 - INFO - Processing /viper/ptmp/arego/Red_T_7K_1/6014.h5
2025-09-19 05:41:37,899 - INFO - File 670: Filtered 1341999 hits and 5 records
2025-09-19 05:41:38,023 - INFO - File 22428: Filtered 263435 hits and 3 records
2025-09-19 05:41:38,614 - INFO - File 6014: Filtered 1842696 hits and 7 records
2025-09-19 05:41:38,617 - INFO - File 12980: Filtered 1951104 hits and 5 records
2025-09-19 05:41:38,958 - INFO - Completed /viper/ptmp/arego/Red_T_7K_1_EN_100/4089.h5 in 13.22 seconds
2025-09-19 05:41:39,052 - INFO - Processing /viper/ptmp/arego/Red_T_7K_1/18903.h5
2025-09-19 05:41:40,015 - INFO - Completed /viper/ptmp/arego/Red_T_7K_1_EN_100/3488.h5 in 10.92 seconds
2025-09-19 05:41:40,066 - INFO - File 18903: Filtered 258317 hits and 2 records
2025-09-19 05:41:40,090 - INFO - Processing /viper/ptmp/arego/Red_T_7K_1/21097.h5
2025-09-19 05:41:41,128 - INFO - File 21097: Filtered 1384524 hits and 6 records
2025-09-19 05:41:41,551 - INFO - Completed /viper/ptmp/arego/Red_T_7K_1_EN_100/11324.h5 in 7.31 seconds
2025-09-19 05:41:41,624 - INFO - Processing /viper/ptmp/arego/Red_T_7K_1/10083.h5
2025-09-19 05:41:42,522 - INFO - File 10083: Filtered 1436619 hits and 6 records
2025-09-19 05:41:42,928 - INFO - Completed /viper/ptmp/arego/Red_T_7K_1_EN_100/5036.h5 in 14.53 seconds
2025-09-19 05:41:42,995 - INFO - Processing /viper/ptmp/arego/Red_T_7K_1/16440.h5
2025-09-19 05:41:43,430 - INFO - Completed /viper/ptmp/arego/Red_T_7K_1_EN_100/9077.h5 in 8.06 seconds
2025-09-19 05:41:43,553 - INFO - Processing /viper/ptmp/arego/Red_T_7K_1/5860.h5
2025-09-19 05:41:43,958 - INFO - File 16440: Filtered 2866919 hits and 3 records
2025-09-19 05:41:44,428 - INFO - Completed /viper/ptmp/arego/Red_T_7K_1_EN_100/1559.h5 in 9.34 seconds
2025-09-19 05:41:44,514 - INFO - Processing /viper/ptmp/arego/Red_T_7K_1/18569.h5
2025-09-19 05:41:44,806 - INFO - Completed /viper/ptmp/arego/Red_T_7K_1_EN_100/15203.h5 in 11.41 seconds
2025-09-19 05:41:44,827 - INFO - File 5860: Filtered 1399501 hits and 4 records
2025-09-19 05:41:44,877 - INFO - Processing /viper/ptmp/arego/Red_T_7K_1/20326.h5
2025-09-19 05:41:45,587 - INFO - File 18569: Filtered 1051614 hits and 7 records
2025-09-19 05:41:45,904 - INFO - File 20326: Filtered 2494339 hits and 4 records
2025-09-19 05:41:46,784 - INFO - Completed /viper/ptmp/arego/Red_T_7K_1_EN_100/8701.h5 in 10.26 seconds
2025-09-19 05:41:46,895 - INFO - Processing /viper/ptmp/arego/Red_T_7K_1/20796.h5
2025-09-19 05:41:47,132 - INFO - Completed /viper/ptmp/arego/Red_T_7K_1_EN_100/6014.h5 in 9.47 seconds
2025-09-19 05:41:47,160 - INFO - Completed /viper/ptmp/arego/Red_T_7K_1_EN_100/12980.h5 in 9.61 seconds
2025-09-19 05:41:47,208 - INFO - Processing /viper/ptmp/arego/Red_T_7K_1/4599.h5
2025-09-19 05:41:47,256 - INFO - Processing /viper/ptmp/arego/Red_T_7K_1/16300.h5
2025-09-19 05:41:47,926 - INFO - File 20796: Filtered 2561453 hits and 7 records
2025-09-19 05:41:48,170 - INFO - File 4599: Filtered 1400558 hits and 4 records
2025-09-19 05:41:48,277 - INFO - File 16300: Filtered 2372366 hits and 8 records
2025-09-19 05:41:50,144 - INFO - Completed /viper/ptmp/arego/Red_T_7K_1_EN_100/670.h5 in 13.28 seconds
2025-09-19 05:41:50,238 - INFO - Processing /viper/ptmp/arego/Red_T_7K_1/21685.h5
2025-09-19 05:41:50,344 - INFO - Completed /viper/ptmp/arego/Red_T_7K_1_EN_100/16440.h5 in 7.35 seconds
2025-09-19 05:41:50,384 - INFO - Completed /viper/ptmp/arego/Red_T_7K_1_EN_100/21825.h5 in 30.64 seconds
2025-09-19 05:41:50,411 - INFO - Processing /viper/ptmp/arego/Red_T_7K_1/14647.h5
2025-09-19 05:41:50,491 - INFO - Completed /viper/ptmp/arego/Red_T_7K_1_EN_100/4814.h5 in 14.90 seconds
2025-09-19 05:41:50,523 - INFO - Processing /viper/ptmp/arego/Red_T_7K_1/2028.h5
2025-09-19 05:41:50,789 - INFO - Processing /viper/ptmp/arego/Red_T_7K_1/4296.h5
2025-09-19 05:41:51,339 - INFO - File 14647: Filtered 572714 hits and 3 records
2025-09-19 05:41:51,485 - INFO - Completed /viper/ptmp/arego/Red_T_7K_1_EN_100/23194.h5 in 14.90 seconds
2025-09-19 05:41:51,597 - INFO - Processing /viper/ptmp/arego/Red_T_7K_1/16617.h5
2025-09-19 05:41:51,696 - INFO - File 2028: Filtered 292635 hits and 4 records
2025-09-19 05:41:52,182 - INFO - Completed /viper/ptmp/arego/Red_T_7K_1_EN_100/22428.h5 in 15.16 seconds
2025-09-19 05:41:52,217 - INFO - File 4296: Filtered 1193710 hits and 5 records
2025-09-19 05:41:52,253 - INFO - Processing /viper/ptmp/arego/Red_T_7K_1/17257.h5
2025-09-19 05:41:52,596 - INFO - File 16617: Filtered 4459296 hits and 5 records
2025-09-19 05:41:53,175 - INFO - File 17257: Filtered 1047225 hits and 4 records
2025-09-19 05:41:53,917 - INFO - Completed /viper/ptmp/arego/Red_T_7K_1_EN_100/10083.h5 in 12.29 seconds
2025-09-19 05:41:53,975 - INFO - Processing /viper/ptmp/arego/Red_T_7K_1/12352.h5
2025-09-19 05:41:54,334 - INFO - Completed /viper/ptmp/arego/Red_T_7K_1_EN_100/16617.h5 in 2.74 seconds
2025-09-19 05:41:54,396 - INFO - Completed /viper/ptmp/arego/Red_T_7K_1_EN_100/20326.h5 in 9.52 seconds
2025-09-19 05:41:54,404 - INFO - Processing /viper/ptmp/arego/Red_T_7K_1/8808.h5
2025-09-19 05:41:54,479 - INFO - Processing /viper/ptmp/arego/Red_T_7K_1/16210.h5
2025-09-19 05:41:54,858 - INFO - Completed /viper/ptmp/arego/Red_T_7K_1_EN_100/21097.h5 in 14.77 seconds
2025-09-19 05:41:54,962 - INFO - Processing /viper/ptmp/arego/Red_T_7K_1/6622.h5
2025-09-19 05:41:55,386 - INFO - File 8808: Filtered 3985439 hits and 7 records
2025-09-19 05:41:55,622 - INFO - File 16210: Filtered 3589876 hits and 5 records
2025-09-19 05:41:56,053 - INFO - File 21685: Filtered 306866 hits and 4 records
2025-09-19 05:41:56,085 - INFO - File 6622: Filtered 2604161 hits and 3 records
2025-09-19 05:41:56,497 - INFO - Completed /viper/ptmp/arego/Red_T_7K_1_EN_100/18903.h5 in 17.44 seconds
2025-09-19 05:41:56,580 - INFO - Processing /viper/ptmp/arego/Red_T_7K_1/7178.h5
2025-09-19 05:41:57,020 - INFO - Completed /viper/ptmp/arego/Red_T_7K_1_EN_100/20796.h5 in 10.13 seconds
2025-09-19 05:41:57,123 - INFO - Processing /viper/ptmp/arego/Red_T_7K_1/16870.h5
2025-09-19 05:41:57,637 - INFO - File 12352: Filtered 247409 hits and 4 records
2025-09-19 05:41:57,707 - INFO - Completed /viper/ptmp/arego/Red_T_7K_1_EN_100/8808.h5 in 3.30 seconds
2025-09-19 05:41:57,764 - INFO - Processing /viper/ptmp/arego/Red_T_7K_1/12805.h5
2025-09-19 05:41:57,785 - INFO - File 7178: Filtered 1788366 hits and 6 records
2025-09-19 05:41:58,035 - INFO - Completed /viper/ptmp/arego/Red_T_7K_1_EN_100/16300.h5 in 10.78 seconds
2025-09-19 05:41:58,122 - INFO - Processing /viper/ptmp/arego/Red_T_7K_1/3451.h5
2025-09-19 05:41:58,229 - INFO - File 16870: Filtered 2958556 hits and 6 records
2025-09-19 05:41:58,930 - INFO - File 12805: Filtered 4138525 hits and 6 records
2025-09-19 05:41:59,282 - INFO - File 3451: Filtered 2623746 hits and 5 records
2025-09-19 05:41:59,805 - INFO - Completed /viper/ptmp/arego/Red_T_7K_1_EN_100/18569.h5 in 15.29 seconds
2025-09-19 05:41:59,876 - INFO - Processing /viper/ptmp/arego/Red_T_7K_1/10013.h5
2025-09-19 05:42:00,253 - INFO - Completed /viper/ptmp/arego/Red_T_7K_1_EN_100/4599.h5 in 13.05 seconds
2025-09-19 05:42:00,323 - INFO - Processing /viper/ptmp/arego/Red_T_7K_1/4321.h5
2025-09-19 05:42:00,943 - INFO - File 10013: Filtered 1252227 hits and 4 records
2025-09-19 05:42:01,501 - INFO - File 4321: Filtered 3654300 hits and 5 records
2025-09-19 05:42:02,049 - INFO - Completed /viper/ptmp/arego/Red_T_7K_1_EN_100/16210.h5 in 7.57 seconds
2025-09-19 05:42:02,145 - INFO - Processing /viper/ptmp/arego/Red_T_7K_1/5362.h5
2025-09-19 05:42:02,219 - INFO - Completed /viper/ptmp/arego/Red_T_7K_1_EN_100/5860.h5 in 18.67 seconds
2025-09-19 05:42:02,257 - INFO - Processing /viper/ptmp/arego/Red_T_7K_1/15024.h5
2025-09-19 05:42:02,690 - INFO - Completed /viper/ptmp/arego/Red_T_7K_1_EN_100/12805.h5 in 4.93 seconds
2025-09-19 05:42:02,748 - INFO - Processing /viper/ptmp/arego/Red_T_7K_1/3404.h5
2025-09-19 05:42:03,209 - INFO - File 5362: Filtered 2294583 hits and 5 records
2025-09-19 05:42:03,974 - INFO - File 15024: Filtered 546898 hits and 5 records
2025-09-19 05:42:04,007 - INFO - File 3404: Filtered 2989128 hits and 4 records
2025-09-19 05:42:04,828 - INFO - Completed /viper/ptmp/arego/Red_T_7K_1_EN_100/6622.h5 in 9.87 seconds
2025-09-19 05:42:04,898 - INFO - Processing /viper/ptmp/arego/Red_T_7K_1/4888.h5
2025-09-19 05:42:05,439 - INFO - Completed /viper/ptmp/arego/Red_T_7K_1_EN_100/17257.h5 in 13.19 seconds
2025-09-19 05:42:05,504 - INFO - Processing /viper/ptmp/arego/Red_T_7K_1/16370.h5
2025-09-19 05:42:06,038 - INFO - File 4888: Filtered 1410364 hits and 7 records
2025-09-19 05:42:06,575 - INFO - File 16370: Filtered 4513533 hits and 4 records
2025-09-19 05:42:06,586 - INFO - Completed /viper/ptmp/arego/Red_T_7K_1_EN_100/14647.h5 in 16.18 seconds
2025-09-19 05:42:06,661 - INFO - Processing /viper/ptmp/arego/Red_T_7K_1/17475.h5
2025-09-19 05:42:07,416 - INFO - Completed /viper/ptmp/arego/Red_T_7K_1_EN_100/4321.h5 in 7.09 seconds
2025-09-19 05:42:07,501 - INFO - Processing /viper/ptmp/arego/Red_T_7K_1/10221.h5
2025-09-19 05:42:07,774 - INFO - File 17475: Filtered 2865672 hits and 6 records
2025-09-19 05:42:07,777 - INFO - Completed /viper/ptmp/arego/Red_T_7K_1_EN_100/12803.h5 in 34.87 seconds
2025-09-19 05:42:07,903 - INFO - Processing /viper/ptmp/arego/Red_T_7K_1/21352.h5
2025-09-19 05:42:07,969 - INFO - Completed /viper/ptmp/arego/Red_T_7K_1_EN_100/16870.h5 in 10.85 seconds
2025-09-19 05:42:08,068 - INFO - Processing /viper/ptmp/arego/Red_T_7K_1/10654.h5
2025-09-19 05:42:08,652 - INFO - File 10221: Filtered 3001045 hits and 7 records
2025-09-19 05:42:09,108 - INFO - File 21352: Filtered 2486026 hits and 2 records
2025-09-19 05:42:09,178 - INFO - File 10654: Filtered 3218732 hits and 5 records
2025-09-19 05:42:10,366 - INFO - Completed /viper/ptmp/arego/Red_T_7K_1_EN_100/16370.h5 in 4.86 seconds
2025-09-19 05:42:10,396 - INFO - Completed /viper/ptmp/arego/Red_T_7K_1_EN_100/2028.h5 in 19.87 seconds
2025-09-19 05:42:10,405 - INFO - Processing /viper/ptmp/arego/Red_T_7K_1/22252.h5
2025-09-19 05:42:10,465 - INFO - Processing /viper/ptmp/arego/Red_T_7K_1/8485.h5
2025-09-19 05:42:10,521 - INFO - Completed /viper/ptmp/arego/Red_T_7K_1_EN_100/3451.h5 in 12.40 seconds
2025-09-19 05:42:10,639 - INFO - Completed /viper/ptmp/arego/Red_T_7K_1_EN_100/7178.h5 in 14.06 seconds
2025-09-19 05:42:10,774 - INFO - Processing /viper/ptmp/arego/Red_T_7K_1/20124.h5
2025-09-19 05:42:10,987 - INFO - Processing /viper/ptmp/arego/Red_T_7K_1/12010.h5
2025-09-19 05:42:11,623 - INFO - File 8485: Filtered 4044342 hits and 5 records
2025-09-19 05:42:11,837 - INFO - File 22252: Filtered 884476 hits and 1 records
2025-09-19 05:42:12,118 - INFO - File 20124: Filtered 4279288 hits and 3 records
2025-09-19 05:42:12,284 - INFO - File 12010: Filtered 3238824 hits and 4 records
2025-09-19 05:42:12,368 - INFO - Completed /viper/ptmp/arego/Red_T_7K_1_EN_100/4296.h5 in 21.58 seconds
2025-09-19 05:42:12,438 - INFO - Processing /viper/ptmp/arego/Red_T_7K_1/14926.h5
2025-09-19 05:42:13,661 - INFO - File 14926: Filtered 2450089 hits and 9 records
2025-09-19 05:42:13,706 - INFO - Completed /viper/ptmp/arego/Red_T_7K_1_EN_100/5362.h5 in 11.56 seconds
2025-09-19 05:42:13,744 - INFO - Processing /viper/ptmp/arego/Red_T_7K_1/1588.h5
2025-09-19 05:42:14,069 - INFO - Completed /viper/ptmp/arego/Red_T_7K_1_EN_100/3404.h5 in 11.32 seconds
2025-09-19 05:42:14,135 - INFO - Processing /viper/ptmp/arego/Red_T_7K_1/4559.h5
2025-09-19 05:42:15,335 - INFO - Completed /viper/ptmp/arego/Red_T_7K_1_EN_100/10013.h5 in 15.46 seconds
2025-09-19 05:42:15,337 - INFO - File 4559: Filtered 883077 hits and 3 records
2025-09-19 05:42:15,412 - INFO - Processing /viper/ptmp/arego/Red_T_7K_1/21959.h5
2025-09-19 05:42:15,716 - INFO - Completed /viper/ptmp/arego/Red_T_7K_1_EN_100/20124.h5 in 4.94 seconds
2025-09-19 05:42:15,792 - INFO - Processing /viper/ptmp/arego/Red_T_7K_1/16060.h5
2025-09-19 05:42:16,544 - INFO - File 21959: Filtered 4720928 hits and 6 records
2025-09-19 05:42:17,477 - INFO - File 1588: Filtered 1319606 hits and 7 records
2025-09-19 05:42:17,593 - INFO - Completed /viper/ptmp/arego/Red_T_7K_1_EN_100/17475.h5 in 10.93 seconds
2025-09-19 05:42:17,657 - INFO - Processing /viper/ptmp/arego/Red_T_7K_1/16820.h5
2025-09-19 05:42:17,941 - INFO - Completed /viper/ptmp/arego/Red_T_7K_1_EN_100/8485.h5 in 7.48 seconds
2025-09-19 05:42:18,056 - INFO - Processing /viper/ptmp/arego/Red_T_7K_1/1490.h5
2025-09-19 05:42:18,439 - INFO - Completed /viper/ptmp/arego/Red_T_7K_1_EN_100/10654.h5 in 10.37 seconds
2025-09-19 05:42:18,537 - INFO - Processing /viper/ptmp/arego/Red_T_7K_1/3507.h5
2025-09-19 05:42:18,870 - INFO - File 16820: Filtered 1934734 hits and 3 records
2025-09-19 05:42:19,321 - INFO - Completed /viper/ptmp/arego/Red_T_7K_1_EN_100/21352.h5 in 11.42 seconds
2025-09-19 05:42:19,362 - INFO - Processing /viper/ptmp/arego/Red_T_7K_1/8220.h5
2025-09-19 05:42:19,454 - INFO - File 1490: Filtered 2328188 hits and 7 records
2025-09-19 05:42:19,518 - INFO - File 16060: Filtered 1214190 hits and 4 records
2025-09-19 05:42:19,637 - INFO - File 3507: Filtered 2677345 hits and 6 records
2025-09-19 05:42:20,027 - INFO - Completed /viper/ptmp/arego/Red_T_7K_1_EN_100/10221.h5 in 12.53 seconds
2025-09-19 05:42:20,091 - INFO - Processing /viper/ptmp/arego/Red_T_7K_1/1901.h5
2025-09-19 05:42:20,300 - INFO - Completed /viper/ptmp/arego/Red_T_7K_1_EN_100/21959.h5 in 4.89 seconds
2025-09-19 05:42:20,342 - INFO - Processing /viper/ptmp/arego/Red_T_7K_1/20418.h5
2025-09-19 05:42:20,843 - INFO - File 8220: Filtered 713990 hits and 6 records
2025-09-19 05:42:21,553 - INFO - File 1901: Filtered 2048359 hits and 4 records
2025-09-19 05:42:21,744 - INFO - File 20418: Filtered 5625762 hits and 6 records
2025-09-19 05:42:22,321 - INFO - Completed /viper/ptmp/arego/Red_T_7K_1_EN_100/12010.h5 in 11.33 seconds
2025-09-19 05:42:22,379 - INFO - Completed /viper/ptmp/arego/Red_T_7K_1_EN_100/4888.h5 in 17.48 seconds
2025-09-19 05:42:22,386 - INFO - Processing /viper/ptmp/arego/Red_T_7K_1/2870.h5
2025-09-19 05:42:22,663 - INFO - Processing /viper/ptmp/arego/Red_T_7K_1/11032.h5
2025-09-19 05:42:23,644 - INFO - File 2870: Filtered 4179853 hits and 6 records
2025-09-19 05:42:23,889 - INFO - Completed /viper/ptmp/arego/Red_T_7K_1_EN_100/20418.h5 in 3.55 seconds
2025-09-19 05:42:23,948 - INFO - Processing /viper/ptmp/arego/Red_T_7K_1/12781.h5
2025-09-19 05:42:23,996 - INFO - File 11032: Filtered 5618825 hits and 10 records
2025-09-19 05:42:25,194 - INFO - File 12781: Filtered 1996346 hits and 3 records
2025-09-19 05:42:26,456 - INFO - Completed /viper/ptmp/arego/Red_T_7K_1_EN_100/14926.h5 in 14.02 seconds
2025-09-19 05:42:26,522 - INFO - Processing /viper/ptmp/arego/Red_T_7K_1/9051.h5
2025-09-19 05:42:27,019 - INFO - Completed /viper/ptmp/arego/Red_T_7K_1_EN_100/11032.h5 in 4.36 seconds
2025-09-19 05:42:27,088 - INFO - Processing /viper/ptmp/arego/Red_T_7K_1/9125.h5
2025-09-19 05:42:27,852 - INFO - File 9051: Filtered 3309014 hits and 4 records
2025-09-19 05:42:29,246 - INFO - File 9125: Filtered 307076 hits and 3 records
2025-09-19 05:42:30,266 - INFO - Completed /viper/ptmp/arego/Red_T_7K_1_EN_100/3507.h5 in 11.73 seconds
2025-09-19 05:42:30,338 - INFO - Processing /viper/ptmp/arego/Red_T_7K_1/19785.h5
2025-09-19 05:42:31,174 - INFO - Completed /viper/ptmp/arego/Red_T_7K_1_EN_100/15024.h5 in 28.92 seconds
2025-09-19 05:42:31,249 - INFO - Processing /viper/ptmp/arego/Red_T_7K_1/6795.h5
2025-09-19 05:42:31,540 - INFO - File 19785: Filtered 5958071 hits and 3 records
2025-09-19 05:42:32,012 - INFO - Completed /viper/ptmp/arego/Red_T_7K_1_EN_100/2870.h5 in 9.63 seconds
2025-09-19 05:42:32,079 - INFO - Processing /viper/ptmp/arego/Red_T_7K_1/13176.h5
2025-09-19 05:42:32,577 - INFO - File 6795: Filtered 2800864 hits and 3 records
2025-09-19 05:42:33,431 - INFO - File 13176: Filtered 1173864 hits and 5 records
2025-09-19 05:42:33,509 - INFO - Completed /viper/ptmp/arego/Red_T_7K_1_EN_100/1490.h5 in 15.45 seconds
2025-09-19 05:42:33,604 - INFO - Processing /viper/ptmp/arego/Red_T_7K_1/15825.h5
2025-09-19 05:42:34,379 - INFO - Completed /viper/ptmp/arego/Red_T_7K_1_EN_100/16820.h5 in 16.72 seconds
2025-09-19 05:42:34,459 - INFO - Processing /viper/ptmp/arego/Red_T_7K_1/21877.h5
2025-09-19 05:42:34,462 - INFO - Completed /viper/ptmp/arego/Red_T_7K_1_EN_100/4559.h5 in 20.33 seconds
2025-09-19 05:42:34,637 - INFO - Processing /viper/ptmp/arego/Red_T_7K_1/13639.h5
2025-09-19 05:42:34,927 - INFO - Completed /viper/ptmp/arego/Red_T_7K_1_EN_100/19785.h5 in 4.59 seconds
2025-09-19 05:42:34,969 - INFO - Processing /viper/ptmp/arego/Red_T_7K_1/10040.h5
2025-09-19 05:42:35,047 - INFO - File 15825: Filtered 1724759 hits and 4 records
2025-09-19 05:42:35,957 - INFO - File 21877: Filtered 2174565 hits and 5 records
2025-09-19 05:42:36,070 - INFO - File 13639: Filtered 4313242 hits and 8 records
2025-09-19 05:42:36,410 - INFO - File 10040: Filtered 2017412 hits and 6 records
2025-09-19 05:42:37,066 - INFO - Completed /viper/ptmp/arego/Red_T_7K_1_EN_100/1901.h5 in 16.97 seconds
2025-09-19 05:42:37,130 - INFO - Processing /viper/ptmp/arego/Red_T_7K_1/8126.h5
2025-09-19 05:42:38,563 - INFO - File 8126: Filtered 1481834 hits and 5 records
2025-09-19 05:42:39,704 - INFO - Completed /viper/ptmp/arego/Red_T_7K_1_EN_100/22252.h5 in 29.30 seconds
2025-09-19 05:42:39,830 - INFO - Processing /viper/ptmp/arego/Red_T_7K_1/5789.h5
2025-09-19 05:42:40,342 - INFO - Completed /viper/ptmp/arego/Red_T_7K_1_EN_100/9051.h5 in 13.82 seconds
2025-09-19 05:42:40,445 - INFO - Processing /viper/ptmp/arego/Red_T_7K_1/16955.h5
2025-09-19 05:42:41,262 - INFO - File 5789: Filtered 3459132 hits and 4 records
2025-09-19 05:42:41,298 - INFO - Completed /viper/ptmp/arego/Red_T_7K_1_EN_100/12781.h5 in 17.35 seconds
2025-09-19 05:42:41,376 - INFO - Processing /viper/ptmp/arego/Red_T_7K_1/10269.h5
2025-09-19 05:42:41,905 - INFO - File 16955: Filtered 3746961 hits and 7 records
2025-09-19 05:42:42,749 - INFO - File 10269: Filtered 2233743 hits and 3 records
2025-09-19 05:42:46,232 - INFO - Completed /viper/ptmp/arego/Red_T_7K_1_EN_100/13639.h5 in 11.59 seconds
2025-09-19 05:42:46,253 - INFO - Completed /viper/ptmp/arego/Red_T_7K_1_EN_100/8220.h5 in 26.89 seconds
2025-09-19 05:42:46,316 - INFO - Processing /viper/ptmp/arego/Red_T_7K_1/20754.h5
2025-09-19 05:42:46,533 - INFO - Processing /viper/ptmp/arego/Red_T_7K_1/5791.h5
2025-09-19 05:42:47,929 - INFO - File 20754: Filtered 3602129 hits and 7 records
2025-09-19 05:42:48,217 - INFO - File 5791: Filtered 3822243 hits and 8 records
2025-09-19 05:42:48,433 - INFO - Completed /viper/ptmp/arego/Red_T_7K_1_EN_100/6795.h5 in 17.18 seconds
2025-09-19 05:42:48,516 - INFO - Processing /viper/ptmp/arego/Red_T_7K_1/11781.h5
2025-09-19 05:42:50,073 - INFO - File 11781: Filtered 3301310 hits and 3 records
2025-09-19 05:42:54,144 - INFO - Completed /viper/ptmp/arego/Red_T_7K_1_EN_100/13176.h5 in 22.07 seconds
2025-09-19 05:42:54,218 - INFO - Processing /viper/ptmp/arego/Red_T_7K_1/8409.h5
2025-09-19 05:42:54,375 - INFO - Completed /viper/ptmp/arego/Red_T_7K_1_EN_100/21877.h5 in 19.92 seconds
2025-09-19 05:42:54,413 - INFO - Processing /viper/ptmp/arego/Red_T_7K_1/17361.h5
2025-09-19 05:42:55,088 - INFO - Completed /viper/ptmp/arego/Red_T_7K_1_EN_100/15825.h5 in 21.48 seconds
2025-09-19 05:42:55,207 - INFO - Processing /viper/ptmp/arego/Red_T_7K_1/3339.h5
2025-09-19 05:42:55,524 - INFO - Completed /viper/ptmp/arego/Red_T_7K_1_EN_100/16955.h5 in 15.08 seconds
2025-09-19 05:42:55,601 - INFO - Processing /viper/ptmp/arego/Red_T_7K_1/220.h5
2025-09-19 05:42:55,698 - INFO - File 8409: Filtered 1800317 hits and 4 records
2025-09-19 05:42:56,090 - INFO - File 17361: Filtered 4075076 hits and 6 records
2025-09-19 05:42:56,197 - INFO - Completed /viper/ptmp/arego/Red_T_7K_1_EN_100/5789.h5 in 16.37 seconds
2025-09-19 05:42:56,304 - INFO - Processing /viper/ptmp/arego/Red_T_7K_1/21816.h5
2025-09-19 05:42:57,115 - INFO - File 3339: Filtered 2962527 hits and 5 records
2025-09-19 05:42:57,353 - INFO - File 220: Filtered 4559265 hits and 6 records
2025-09-19 05:42:57,704 - INFO - Completed /viper/ptmp/arego/Red_T_7K_1_EN_100/10040.h5 in 22.73 seconds
2025-09-19 05:42:57,775 - INFO - Processing /viper/ptmp/arego/Red_T_7K_1/392.h5
2025-09-19 05:42:59,246 - INFO - File 392: Filtered 6361243 hits and 6 records
2025-09-19 05:42:59,992 - INFO - Completed /viper/ptmp/arego/Red_T_7K_1_EN_100/8126.h5 in 22.86 seconds
2025-09-19 05:43:00,075 - INFO - Processing /viper/ptmp/arego/Red_T_7K_1/11382.h5
2025-09-19 05:43:00,310 - INFO - File 21816: Filtered 4089714 hits and 4 records
2025-09-19 05:43:00,965 - INFO - Completed /viper/ptmp/arego/Red_T_7K_1_EN_100/10269.h5 in 19.59 seconds
2025-09-19 05:43:01,036 - INFO - Processing /viper/ptmp/arego/Red_T_7K_1/18978.h5
2025-09-19 05:43:02,919 - INFO - Completed /viper/ptmp/arego/Red_T_7K_1_EN_100/392.h5 in 5.14 seconds
2025-09-19 05:43:03,022 - INFO - Processing /viper/ptmp/arego/Red_T_7K_1/7949.h5
2025-09-19 05:43:03,089 - INFO - File 11382: Filtered 690039 hits and 5 records
2025-09-19 05:43:03,224 - INFO - File 18978: Filtered 23879 hits and 1 records
2025-09-19 05:43:03,632 - INFO - Completed /viper/ptmp/arego/Red_T_7K_1_EN_100/5791.h5 in 17.10 seconds
2025-09-19 05:43:03,715 - INFO - Processing /viper/ptmp/arego/Red_T_7K_1/14618.h5
2025-09-19 05:43:03,842 - INFO - Completed /viper/ptmp/arego/Red_T_7K_1_EN_100/20754.h5 in 17.53 seconds
2025-09-19 05:43:04,006 - INFO - Processing /viper/ptmp/arego/Red_T_7K_1/6781.h5
2025-09-19 05:43:05,677 - INFO - File 14618: Filtered 2105173 hits and 5 records
2025-09-19 05:43:05,812 - INFO - Completed /viper/ptmp/arego/Red_T_7K_1_EN_100/9125.h5 in 38.72 seconds
2025-09-19 05:43:05,864 - INFO - Processing /viper/ptmp/arego/Red_T_7K_1/9126.h5
2025-09-19 05:43:05,980 - INFO - File 6781: Filtered 3984342 hits and 6 records
2025-09-19 05:43:06,117 - INFO - Completed /viper/ptmp/arego/Red_T_7K_1_EN_100/11781.h5 in 17.60 seconds
2025-09-19 05:43:06,213 - INFO - Processing /viper/ptmp/arego/Red_T_7K_1/7096.h5
2025-09-19 05:43:06,621 - INFO - File 7949: Filtered 1005756 hits and 6 records
2025-09-19 05:43:07,478 - INFO - File 9126: Filtered 3055962 hits and 4 records
2025-09-19 05:43:08,203 - INFO - File 7096: Filtered 1126569 hits and 3 records
2025-09-19 05:43:08,656 - INFO - Completed /viper/ptmp/arego/Red_T_7K_1_EN_100/220.h5 in 13.06 seconds
2025-09-19 05:43:08,732 - INFO - Processing /viper/ptmp/arego/Red_T_7K_1/15761.h5
2025-09-19 05:43:10,175 - INFO - File 15761: Filtered 1323410 hits and 6 records
2025-09-19 05:43:11,112 - INFO - Completed /viper/ptmp/arego/Red_T_7K_1_EN_100/12352.h5 in 77.14 seconds
2025-09-19 05:43:11,199 - INFO - Processing /viper/ptmp/arego/Red_T_7K_1/20362.h5
2025-09-19 05:43:13,052 - INFO - Completed /viper/ptmp/arego/Red_T_7K_1_EN_100/17361.h5 in 18.64 seconds
2025-09-19 05:43:13,117 - INFO - Processing /viper/ptmp/arego/Red_T_7K_1/19777.h5
2025-09-19 05:43:15,133 - INFO - Completed /viper/ptmp/arego/Red_T_7K_1_EN_100/3339.h5 in 19.93 seconds
2025-09-19 05:43:15,171 - INFO - Processing /viper/ptmp/arego/Red_T_7K_1/22976.h5
2025-09-19 05:43:15,795 - INFO - File 19777: Filtered 4946776 hits and 5 records
2025-09-19 05:43:16,144 - INFO - Completed /viper/ptmp/arego/Red_T_7K_1_EN_100/16060.h5 in 60.35 seconds
2025-09-19 05:43:16,212 - INFO - Processing /viper/ptmp/arego/Red_T_7K_1/14585.h5
2025-09-19 05:43:16,255 - INFO - Completed /viper/ptmp/arego/Red_T_7K_1_EN_100/8409.h5 in 22.04 seconds
2025-09-19 05:43:16,542 - INFO - Processing /viper/ptmp/arego/Red_T_7K_1/13376.h5
2025-09-19 05:43:17,168 - INFO - File 22976: Filtered 3395465 hits and 3 records
2025-09-19 05:43:18,472 - INFO - File 14585: Filtered 3163735 hits and 4 records
2025-09-19 05:43:19,898 - INFO - File 20362: Filtered 364971 hits and 2 records
2025-09-19 05:43:21,482 - INFO - File 13376: Filtered 193272 hits and 4 records
2025-09-19 05:43:21,989 - INFO - Completed /viper/ptmp/arego/Red_T_7K_1_EN_100/1588.h5 in 68.25 seconds
2025-09-19 05:43:22,089 - INFO - Processing /viper/ptmp/arego/Red_T_7K_1/20435.h5
2025-09-19 05:43:23,921 - INFO - File 20435: Filtered 684302 hits and 4 records
2025-09-19 05:43:25,432 - INFO - Completed /viper/ptmp/arego/Red_T_7K_1_EN_100/9126.h5 in 19.57 seconds
2025-09-19 05:43:25,502 - INFO - Processing /viper/ptmp/arego/Red_T_7K_1/15988.h5
2025-09-19 05:43:26,562 - INFO - Completed /viper/ptmp/arego/Red_T_7K_1_EN_100/6781.h5 in 22.56 seconds
2025-09-19 05:43:26,600 - INFO - Processing /viper/ptmp/arego/Red_T_7K_1/8681.h5
2025-09-19 05:43:27,122 - INFO - File 15988: Filtered 2389898 hits and 7 records
2025-09-19 05:43:28,692 - INFO - File 8681: Filtered 5347926 hits and 6 records
2025-09-19 05:43:31,106 - INFO - Completed /viper/ptmp/arego/Red_T_7K_1_EN_100/15761.h5 in 22.37 seconds
2025-09-19 05:43:31,171 - INFO - Processing /viper/ptmp/arego/Red_T_7K_1/1365.h5
2025-09-19 05:43:32,810 - INFO - File 1365: Filtered 4529869 hits and 7 records
2025-09-19 05:43:33,432 - INFO - Completed /viper/ptmp/arego/Red_T_7K_1_EN_100/14618.h5 in 29.72 seconds
2025-09-19 05:43:33,532 - INFO - Processing /viper/ptmp/arego/Red_T_7K_1/12888.h5
2025-09-19 05:43:35,753 - INFO - File 12888: Filtered 7189123 hits and 8 records
2025-09-19 05:43:42,238 - INFO - Completed /viper/ptmp/arego/Red_T_7K_1_EN_100/18978.h5 in 41.20 seconds
2025-09-19 05:43:42,306 - INFO - Processing /viper/ptmp/arego/Red_T_7K_1/21945.h5
2025-09-19 05:43:42,931 - INFO - Completed /viper/ptmp/arego/Red_T_7K_1_EN_100/22976.h5 in 27.76 seconds
2025-09-19 05:43:43,004 - INFO - Processing /viper/ptmp/arego/Red_T_7K_1/19224.h5
2025-09-19 05:43:43,092 - INFO - Completed /viper/ptmp/arego/Red_T_7K_1_EN_100/7096.h5 in 36.88 seconds
2025-09-19 05:43:43,190 - INFO - Processing /viper/ptmp/arego/Red_T_7K_1/13378.h5
2025-09-19 05:43:43,813 - INFO - Completed /viper/ptmp/arego/Red_T_7K_1_EN_100/21685.h5 in 113.58 seconds
2025-09-19 05:43:43,898 - INFO - Processing /viper/ptmp/arego/Red_T_7K_1/3777.h5
2025-09-19 05:43:44,820 - INFO - File 21945: Filtered 1570713 hits and 2 records
2025-09-19 05:43:45,882 - INFO - File 3777: Filtered 3064973 hits and 6 records
2025-09-19 05:43:46,056 - INFO - File 13378: Filtered 4612784 hits and 4 records
2025-09-19 05:43:47,049 - INFO - File 19224: Filtered 6469378 hits and 3 records
2025-09-19 05:43:48,551 - INFO - Completed /viper/ptmp/arego/Red_T_7K_1_EN_100/1365.h5 in 17.38 seconds
2025-09-19 05:43:48,600 - INFO - Processing /viper/ptmp/arego/Red_T_7K_1/18789.h5
2025-09-19 05:43:49,378 - INFO - Completed /viper/ptmp/arego/Red_T_7K_1_EN_100/11382.h5 in 49.30 seconds
2025-09-19 05:43:49,418 - INFO - Processing /viper/ptmp/arego/Red_T_7K_1/19899.h5
2025-09-19 05:43:49,993 - INFO - Completed /viper/ptmp/arego/Red_T_7K_1_EN_100/15988.h5 in 24.49 seconds
2025-09-19 05:43:50,059 - INFO - Processing /viper/ptmp/arego/Red_T_7K_1/7052.h5
2025-09-19 05:43:50,187 - INFO - Completed /viper/ptmp/arego/Red_T_7K_1_EN_100/14585.h5 in 33.97 seconds
2025-09-19 05:43:50,400 - INFO - Processing /viper/ptmp/arego/Red_T_7K_1/21551.h5
2025-09-19 05:43:51,098 - INFO - Completed /viper/ptmp/arego/Red_T_7K_1_EN_100/8681.h5 in 24.50 seconds
2025-09-19 05:43:51,186 - INFO - Processing /viper/ptmp/arego/Red_T_7K_1/14284.h5
2025-09-19 05:43:51,831 - INFO - Completed /viper/ptmp/arego/Red_T_7K_1_EN_100/19777.h5 in 38.71 seconds
2025-09-19 05:43:51,912 - INFO - Processing /viper/ptmp/arego/Red_T_7K_1/17937.h5
2025-09-19 05:43:51,969 - INFO - File 18789: Filtered 463521 hits and 5 records
2025-09-19 05:43:52,039 - INFO - File 19899: Filtered 4236719 hits and 6 records
2025-09-19 05:43:52,261 - INFO - File 7052: Filtered 5600474 hits and 4 records
2025-09-19 05:43:52,604 - INFO - File 21551: Filtered 3511338 hits and 4 records
2025-09-19 05:43:53,128 - INFO - Completed /viper/ptmp/arego/Red_T_7K_1_EN_100/20435.h5 in 31.04 seconds
2025-09-19 05:43:53,214 - INFO - Processing /viper/ptmp/arego/Red_T_7K_1/4403.h5
2025-09-19 05:43:53,310 - INFO - Completed /viper/ptmp/arego/Red_T_7K_1_EN_100/12888.h5 in 19.78 seconds
2025-09-19 05:43:53,411 - INFO - Processing /viper/ptmp/arego/Red_T_7K_1/17583.h5
2025-09-19 05:43:55,148 - INFO - File 17937: Filtered 433092 hits and 5 records
2025-09-19 05:43:55,355 - INFO - File 4403: Filtered 680813 hits and 4 records
2025-09-19 05:43:58,105 - INFO - File 14284: Filtered 922687 hits and 2 records
2025-09-19 05:43:59,810 - INFO - File 17583: Filtered 560747 hits and 4 records
2025-09-19 05:44:04,506 - INFO - Completed /viper/ptmp/arego/Red_T_7K_1_EN_100/21816.h5 in 68.20 seconds
2025-09-19 05:44:04,655 - INFO - Processing /viper/ptmp/arego/Red_T_7K_1/12817.h5
2025-09-19 05:44:06,407 - INFO - Completed /viper/ptmp/arego/Red_T_7K_1_EN_100/7052.h5 in 16.35 seconds
2025-09-19 05:44:06,499 - INFO - Processing /viper/ptmp/arego/Red_T_7K_1/2356.h5
2025-09-19 05:44:07,376 - INFO - File 12817: Filtered 3429826 hits and 6 records
2025-09-19 05:44:08,837 - INFO - Completed /viper/ptmp/arego/Red_T_7K_1_EN_100/7949.h5 in 65.82 seconds
2025-09-19 05:44:08,943 - INFO - Processing /viper/ptmp/arego/Red_T_7K_1/5073.h5
2025-09-19 05:44:09,760 - INFO - Completed /viper/ptmp/arego/Red_T_7K_1_EN_100/3777.h5 in 25.86 seconds
2025-09-19 05:44:09,839 - INFO - Processing /viper/ptmp/arego/Red_T_7K_1/22945.h5
2025-09-19 05:44:10,886 - INFO - File 5073: Filtered 1866996 hits and 3 records
2025-09-19 05:44:12,297 - INFO - File 22945: Filtered 3893285 hits and 4 records
2025-09-19 05:44:14,926 - INFO - File 2356: Filtered 374342 hits and 5 records
2025-09-19 05:44:16,000 - INFO - Completed /viper/ptmp/arego/Red_T_7K_1_EN_100/21551.h5 in 25.60 seconds
2025-09-19 05:44:16,087 - INFO - Processing /viper/ptmp/arego/Red_T_7K_1/11671.h5
2025-09-19 05:44:18,484 - INFO - File 11671: Filtered 7546307 hits and 5 records
2025-09-19 05:44:20,986 - INFO - Completed /viper/ptmp/arego/Red_T_7K_1_EN_100/13378.h5 in 37.80 seconds
2025-09-19 05:44:21,167 - INFO - Processing /viper/ptmp/arego/Red_T_7K_1/13531.h5
2025-09-19 05:44:23,982 - INFO - File 13531: Filtered 3322453 hits and 5 records
2025-09-19 05:44:25,128 - INFO - Completed /viper/ptmp/arego/Red_T_7K_1_EN_100/19899.h5 in 35.71 seconds
2025-09-19 05:44:25,225 - INFO - Processing /viper/ptmp/arego/Red_T_7K_1/13752.h5
2025-09-19 05:44:30,215 - INFO - Completed /viper/ptmp/arego/Red_T_7K_1_EN_100/21945.h5 in 47.91 seconds
2025-09-19 05:44:30,294 - INFO - Processing /viper/ptmp/arego/Red_T_7K_1/18145.h5
2025-09-19 05:44:30,763 - INFO - Completed /viper/ptmp/arego/Red_T_7K_1_EN_100/11671.h5 in 14.68 seconds
2025-09-19 05:44:30,827 - INFO - Processing /viper/ptmp/arego/Red_T_7K_1/16488.h5
2025-09-19 05:44:32,270 - INFO - Completed /viper/ptmp/arego/Red_T_7K_1_EN_100/4403.h5 in 39.06 seconds
2025-09-19 05:44:32,339 - INFO - Processing /viper/ptmp/arego/Red_T_7K_1/17578.h5
2025-09-19 05:44:34,846 - INFO - File 13752: Filtered 1011392 hits and 6 records
2025-09-19 05:44:35,266 - INFO - File 18145: Filtered 3129341 hits and 6 records
2025-09-19 05:44:35,961 - INFO - Completed /viper/ptmp/arego/Red_T_7K_1_EN_100/19224.h5 in 52.96 seconds
2025-09-19 05:44:36,073 - INFO - Processing /viper/ptmp/arego/Red_T_7K_1/15873.h5
2025-09-19 05:44:36,330 - INFO - File 17578: Filtered 49370 hits and 1 records
2025-09-19 05:44:37,118 - INFO - File 16488: Filtered 222401 hits and 4 records
2025-09-19 05:44:38,734 - INFO - Completed /viper/ptmp/arego/Red_T_7K_1_EN_100/22945.h5 in 28.89 seconds
2025-09-19 05:44:38,818 - INFO - Processing /viper/ptmp/arego/Red_T_7K_1/112.h5
2025-09-19 05:44:39,139 - INFO - File 15873: Filtered 7372794 hits and 6 records
2025-09-19 05:44:41,456 - INFO - File 112: Filtered 4566463 hits and 6 records
2025-09-19 05:44:42,627 - INFO - Completed /viper/ptmp/arego/Red_T_7K_1_EN_100/5073.h5 in 33.68 seconds
2025-09-19 05:44:42,714 - INFO - Processing /viper/ptmp/arego/Red_T_7K_1/6258.h5
2025-09-19 05:44:47,046 - INFO - File 6258: Filtered 276758 hits and 3 records
2025-09-19 05:44:50,423 - INFO - Completed /viper/ptmp/arego/Red_T_7K_1_EN_100/12817.h5 in 45.77 seconds
2025-09-19 05:44:50,504 - INFO - Processing /viper/ptmp/arego/Red_T_7K_1/4062.h5
2025-09-19 05:44:53,488 - INFO - Completed /viper/ptmp/arego/Red_T_7K_1_EN_100/18789.h5 in 64.89 seconds
2025-09-19 05:44:53,551 - INFO - Processing /viper/ptmp/arego/Red_T_7K_1/9753.h5
2025-09-19 05:44:53,584 - INFO - File 4062: Filtered 7541587 hits and 4 records
2025-09-19 05:44:55,749 - INFO - Completed /viper/ptmp/arego/Red_T_7K_1_EN_100/13376.h5 in 99.21 seconds
2025-09-19 05:44:55,846 - INFO - Processing /viper/ptmp/arego/Red_T_7K_1/11069.h5
2025-09-19 05:44:56,125 - INFO - File 9753: Filtered 100304 hits and 2 records
2025-09-19 05:44:56,307 - INFO - Completed /viper/ptmp/arego/Red_T_7K_1_EN_100/15873.h5 in 20.23 seconds
2025-09-19 05:44:56,390 - INFO - Processing /viper/ptmp/arego/Red_T_7K_1/16706.h5
2025-09-19 05:44:58,619 - INFO - File 11069: Filtered 7618860 hits and 6 records
2025-09-19 05:45:01,210 - INFO - File 16706: Filtered 808502 hits and 3 records
2025-09-19 05:45:05,017 - INFO - Completed /viper/ptmp/arego/Red_T_7K_1_EN_100/17937.h5 in 73.11 seconds
2025-09-19 05:45:05,143 - INFO - Processing /viper/ptmp/arego/Red_T_7K_1/19746.h5
2025-09-19 05:45:08,511 - INFO - File 19746: Filtered 3757084 hits and 2 records
2025-09-19 05:45:09,086 - INFO - Completed /viper/ptmp/arego/Red_T_7K_1_EN_100/13531.h5 in 47.92 seconds
2025-09-19 05:45:09,126 - INFO - Processing /viper/ptmp/arego/Red_T_7K_1/14290.h5
2025-09-19 05:45:12,294 - INFO - Completed /viper/ptmp/arego/Red_T_7K_1_EN_100/112.h5 in 33.48 seconds
2025-09-19 05:45:12,381 - INFO - Processing /viper/ptmp/arego/Red_T_7K_1/12219.h5
2025-09-19 05:45:15,205 - INFO - File 12219: Filtered 5332069 hits and 7 records
2025-09-19 05:45:22,095 - INFO - Completed /viper/ptmp/arego/Red_T_7K_1_EN_100/11069.h5 in 26.25 seconds
2025-09-19 05:45:22,177 - INFO - Processing /viper/ptmp/arego/Red_T_7K_1/6436.h5
2025-09-19 05:45:25,092 - INFO - File 6436: Filtered 5405826 hits and 6 records
2025-09-19 05:45:28,241 - INFO - Completed /viper/ptmp/arego/Red_T_7K_1_EN_100/4062.h5 in 37.74 seconds
2025-09-19 05:45:28,322 - INFO - Processing /viper/ptmp/arego/Red_T_7K_1/9000.h5
2025-09-19 05:45:28,821 - INFO - File 14290: Filtered 15272622 hits and 4 records
2025-09-19 05:45:36,973 - INFO - File 9000: Filtered 65988 hits and 1 records
2025-09-19 05:45:40,497 - INFO - Completed /viper/ptmp/arego/Red_T_7K_1_EN_100/17578.h5 in 68.16 seconds
2025-09-19 05:45:40,578 - INFO - Processing /viper/ptmp/arego/Red_T_7K_1/12464.h5
2025-09-19 05:45:43,642 - INFO - File 12464: Filtered 6964716 hits and 4 records
2025-09-19 05:45:46,368 - INFO - Completed /viper/ptmp/arego/Red_T_7K_1_EN_100/9753.h5 in 52.82 seconds
2025-09-19 05:45:46,431 - INFO - Processing /viper/ptmp/arego/Red_T_7K_1/1692.h5
2025-09-19 05:45:49,838 - INFO - File 1692: Filtered 8425900 hits and 4 records
2025-09-19 05:45:50,387 - INFO - Completed /viper/ptmp/arego/Red_T_7K_1_EN_100/17583.h5 in 116.98 seconds
2025-09-19 05:45:50,462 - INFO - Processing /viper/ptmp/arego/Red_T_7K_1/19259.h5
2025-09-19 05:45:51,984 - INFO - Completed /viper/ptmp/arego/Red_T_7K_1_EN_100/12219.h5 in 39.60 seconds
2025-09-19 05:45:52,077 - INFO - Processing /viper/ptmp/arego/Red_T_7K_1/3520.h5
2025-09-19 05:45:54,087 - INFO - Completed /viper/ptmp/arego/Red_T_7K_1_EN_100/14284.h5 in 122.90 seconds
2025-09-19 05:45:54,169 - INFO - Processing /viper/ptmp/arego/Red_T_7K_1/20588.h5
2025-09-19 05:45:54,701 - INFO - File 19259: Filtered 17689488 hits and 6 records
2025-09-19 05:45:55,269 - INFO - File 3520: Filtered 6176246 hits and 6 records
2025-09-19 05:45:59,396 - INFO - File 20588: Filtered 4383957 hits and 6 records
2025-09-19 05:46:01,740 - INFO - Completed /viper/ptmp/arego/Red_T_7K_1_EN_100/18145.h5 in 91.45 seconds
2025-09-19 05:46:01,781 - INFO - Processing /viper/ptmp/arego/Red_T_7K_1/7263.h5
2025-09-19 05:46:05,470 - INFO - Completed /viper/ptmp/arego/Red_T_7K_1_EN_100/19746.h5 in 60.33 seconds
2025-09-19 05:46:05,565 - INFO - Processing /viper/ptmp/arego/Red_T_7K_1/9814.h5
2025-09-19 05:46:06,126 - INFO - File 7263: Filtered 12262401 hits and 6 records
2025-09-19 05:46:06,324 - INFO - Completed /viper/ptmp/arego/Red_T_7K_1_EN_100/6436.h5 in 44.15 seconds
2025-09-19 05:46:06,373 - INFO - Processing /viper/ptmp/arego/Red_T_7K_1/816.h5
2025-09-19 05:46:10,396 - INFO - Completed /viper/ptmp/arego/Red_T_7K_1_EN_100/19259.h5 in 19.93 seconds
2025-09-19 05:46:10,433 - INFO - Completed /viper/ptmp/arego/Red_T_7K_1_EN_100/6258.h5 in 87.72 seconds
2025-09-19 05:46:10,436 - INFO - Processing /viper/ptmp/arego/Red_T_7K_1/2496.h5
2025-09-19 05:46:10,506 - INFO - Processing /viper/ptmp/arego/Red_T_7K_1/11182.h5
2025-09-19 05:46:11,014 - INFO - File 9814: Filtered 9215040 hits and 5 records
2025-09-19 05:46:11,299 - INFO - File 816: Filtered 364257 hits and 2 records
2025-09-19 05:46:15,160 - INFO - File 11182: Filtered 10820321 hits and 5 records
2025-09-19 05:46:16,308 - INFO - File 2496: Filtered 9411581 hits and 5 records
2025-09-19 05:46:19,875 - INFO - Completed /viper/ptmp/arego/Red_T_7K_1_EN_100/12464.h5 in 39.30 seconds
2025-09-19 05:46:19,935 - INFO - Completed /viper/ptmp/arego/Red_T_7K_1_EN_100/20362.h5 in 188.74 seconds
2025-09-19 05:46:19,980 - INFO - Processing /viper/ptmp/arego/Red_T_7K_1/16217.h5
2025-09-19 05:46:20,034 - INFO - Processing /viper/ptmp/arego/Red_T_7K_1/16994.h5
2025-09-19 05:46:24,174 - INFO - Completed /viper/ptmp/arego/Red_T_7K_1_EN_100/1692.h5 in 37.74 seconds
2025-09-19 05:46:24,254 - INFO - Processing /viper/ptmp/arego/Red_T_7K_1/6181.h5
2025-09-19 05:46:26,175 - INFO - File 16994: Filtered 15878308 hits and 6 records
2025-09-19 05:46:26,209 - INFO - Completed /viper/ptmp/arego/Red_T_7K_1_EN_100/16488.h5 in 115.38 seconds
2025-09-19 05:46:26,292 - INFO - Processing /viper/ptmp/arego/Red_T_7K_1/21772.h5
2025-09-19 05:46:27,408 - INFO - Completed /viper/ptmp/arego/Red_T_7K_1_EN_100/16706.h5 in 91.02 seconds
2025-09-19 05:46:27,488 - INFO - Processing /viper/ptmp/arego/Red_T_7K_1/5666.h5
2025-09-19 05:46:31,685 - INFO - File 21772: Filtered 6067031 hits and 6 records
2025-09-19 05:46:32,235 - INFO - File 6181: Filtered 959605 hits and 4 records
2025-09-19 05:46:34,439 - INFO - Completed /viper/ptmp/arego/Red_T_7K_1_EN_100/3520.h5 in 42.36 seconds
2025-09-19 05:46:34,594 - INFO - Processing /viper/ptmp/arego/Red_T_7K_1/20918.h5
2025-09-19 05:46:40,979 - INFO - File 16217: Filtered 32277234 hits and 6 records
2025-09-19 05:46:44,851 - INFO - Completed /viper/ptmp/arego/Red_T_7K_1_EN_100/7263.h5 in 43.07 seconds
2025-09-19 05:46:44,923 - INFO - Processing /viper/ptmp/arego/Red_T_7K_1/6914.h5
2025-09-19 05:46:46,425 - INFO - File 5666: Filtered 476065 hits and 5 records
2025-09-19 05:46:48,442 - INFO - Completed /viper/ptmp/arego/Red_T_7K_1_EN_100/2356.h5 in 161.94 seconds
2025-09-19 05:46:48,519 - INFO - Processing /viper/ptmp/arego/Red_T_7K_1/12876.h5
2025-09-19 05:46:50,749 - INFO - File 20918: Filtered 82352458 hits and 8 records
2025-09-19 05:46:51,473 - INFO - File 6914: Filtered 7979110 hits and 4 records
2025-09-19 05:46:53,197 - INFO - Completed /viper/ptmp/arego/Red_T_7K_1_EN_100/20918.h5 in 18.60 seconds
2025-09-19 05:46:53,301 - INFO - Processing /viper/ptmp/arego/Red_T_7K_1/22004.h5
2025-09-19 05:46:59,918 - INFO - File 12876: Filtered 54891629 hits and 7 records
2025-09-19 05:47:05,917 - INFO - Completed /viper/ptmp/arego/Red_T_7K_1_EN_100/12876.h5 in 17.40 seconds
2025-09-19 05:47:05,984 - INFO - Processing /viper/ptmp/arego/Red_T_7K_1/14363.h5
2025-09-19 05:47:07,655 - INFO - Completed /viper/ptmp/arego/Red_T_7K_1_EN_100/11182.h5 in 57.15 seconds
2025-09-19 05:47:07,707 - INFO - Processing /viper/ptmp/arego/Red_T_7K_1/7459.h5
2025-09-19 05:47:19,553 - INFO - File 22004: Filtered 41049014 hits and 3 records
2025-09-19 05:47:26,265 - INFO - Completed /viper/ptmp/arego/Red_T_7K_1_EN_100/20588.h5 in 92.10 seconds
2025-09-19 05:47:26,341 - INFO - Processing /viper/ptmp/arego/Red_T_7K_1/7056.h5
2025-09-19 05:47:28,151 - INFO - Completed /viper/ptmp/arego/Red_T_7K_1_EN_100/9814.h5 in 82.59 seconds
2025-09-19 05:47:28,261 - INFO - Processing /viper/ptmp/arego/Red_T_7K_1/13453.h5
2025-09-19 05:47:30,750 - INFO - Completed /viper/ptmp/arego/Red_T_7K_1_EN_100/16994.h5 in 70.72 seconds
2025-09-19 05:47:30,860 - INFO - Processing /viper/ptmp/arego/Red_T_7K_1/1630.h5
2025-09-19 05:47:33,215 - INFO - Completed /viper/ptmp/arego/Red_T_7K_1_EN_100/13752.h5 in 187.99 seconds
2025-09-19 05:47:33,316 - INFO - Processing /viper/ptmp/arego/Red_T_7K_1/4723.h5
2025-09-19 05:47:41,044 - INFO - Completed /viper/ptmp/arego/Red_T_7K_1_EN_100/2496.h5 in 90.61 seconds
2025-09-19 05:47:41,226 - INFO - Processing /viper/ptmp/arego/Red_T_7K_1/13735.h5
2025-09-19 05:47:41,787 - INFO - File 7459: Filtered 27985700 hits and 4 records
2025-09-19 05:47:42,522 - INFO - File 4723: Filtered 23459999 hits and 6 records
2025-09-19 05:47:43,033 - INFO - File 13453: Filtered 16041143 hits and 4 records
2025-09-19 05:47:47,299 - INFO - Completed /viper/ptmp/arego/Red_T_7K_1_EN_100/816.h5 in 100.93 seconds
2025-09-19 05:47:47,367 - INFO - File 7056: Filtered 96502 hits and 2 records
2025-09-19 05:47:47,403 - INFO - Processing /viper/ptmp/arego/Red_T_7K_1/10273.h5
2025-09-19 05:47:47,716 - INFO - Completed /viper/ptmp/arego/Red_T_7K_1_EN_100/21772.h5 in 81.42 seconds
2025-09-19 05:47:48,657 - INFO - File 1630: Filtered 5184963 hits and 6 records
2025-09-19 05:47:55,378 - INFO - File 13735: Filtered 14329876 hits and 7 records
2025-09-19 05:48:11,728 - INFO - Completed /viper/ptmp/arego/Red_T_7K_1_EN_100/9000.h5 in 163.41 seconds
2025-09-19 05:48:11,776 - INFO - Processing /viper/ptmp/arego/Red_T_7K_1/17412.h5
2025-09-19 05:48:17,693 - INFO - File 14363: Filtered 8970375 hits and 5 records
2025-09-19 05:48:21,698 - INFO - File 17412: Filtered 11811226 hits and 6 records
2025-09-19 05:48:34,842 - INFO - File 10273: Filtered 100751408 hits and 7 records
2025-09-19 05:48:40,552 - INFO - Completed /viper/ptmp/arego/Red_T_7K_1_EN_100/6914.h5 in 115.63 seconds
2025-09-19 05:48:40,629 - INFO - Processing /viper/ptmp/arego/Red_T_7K_1/6831.h5
2025-09-19 05:48:55,114 - INFO - Completed /viper/ptmp/arego/Red_T_7K_1_EN_100/6181.h5 in 150.86 seconds
2025-09-19 05:49:13,048 - INFO - Completed /viper/ptmp/arego/Red_T_7K_1_EN_100/4723.h5 in 99.73 seconds
2025-09-19 05:49:13,155 - INFO - Processing /viper/ptmp/arego/Red_T_7K_1/19273.h5
2025-09-19 05:49:25,601 - INFO - File 6831: Filtered 1775080 hits and 3 records
2025-09-19 05:49:49,173 - INFO - File 19273: Filtered 33029953 hits and 2 records
2025-09-19 05:50:31,382 - INFO - Completed /viper/ptmp/arego/Red_T_7K_1_EN_100/13735.h5 in 170.16 seconds
2025-09-19 05:50:31,458 - INFO - Processing /viper/ptmp/arego/Red_T_7K_1/13045.h5
2025-09-19 05:50:38,789 - INFO - Completed /viper/ptmp/arego/Red_T_7K_1_EN_100/13453.h5 in 190.53 seconds
2025-09-19 05:50:38,839 - INFO - Processing /viper/ptmp/arego/Red_T_7K_1/22355.h5
2025-09-19 05:50:54,127 - INFO - Completed /viper/ptmp/arego/Red_T_7K_1_EN_100/16217.h5 in 274.15 seconds
2025-09-19 05:51:02,745 - INFO - Completed /viper/ptmp/arego/Red_T_7K_1_EN_100/17412.h5 in 170.97 seconds
2025-09-19 05:51:06,267 - INFO - File 22355: Filtered 353561 hits and 2 records
2025-09-19 05:51:07,056 - INFO - File 13045: Filtered 26934468 hits and 6 records
2025-09-19 05:51:32,066 - INFO - Completed /viper/ptmp/arego/Red_T_7K_1_EN_100/14290.h5 in 382.94 seconds
2025-09-19 05:51:55,580 - INFO - Completed /viper/ptmp/arego/Red_T_7K_1_EN_100/5666.h5 in 328.09 seconds
2025-09-19 05:51:56,143 - INFO - Completed /viper/ptmp/arego/Red_T_7K_1_EN_100/1630.h5 in 265.28 seconds
2025-09-19 05:53:17,781 - INFO - Completed /viper/ptmp/arego/Red_T_7K_1_EN_100/7056.h5 in 351.44 seconds
2025-09-19 05:53:53,116 - INFO - Completed /viper/ptmp/arego/Red_T_7K_1_EN_100/22004.h5 in 419.82 seconds
2025-09-19 05:55:46,794 - INFO - Completed /viper/ptmp/arego/Red_T_7K_1_EN_100/10273.h5 in 479.39 seconds
2025-09-19 05:57:45,136 - INFO - Completed /viper/ptmp/arego/Red_T_7K_1_EN_100/7459.h5 in 637.43 seconds
2025-09-19 05:58:19,853 - INFO - Completed /viper/ptmp/arego/Red_T_7K_1_EN_100/19273.h5 in 546.70 seconds
2025-09-19 05:58:37,767 - INFO - Completed /viper/ptmp/arego/Red_T_7K_1_EN_100/22355.h5 in 478.93 seconds
2025-09-19 05:59:23,371 - INFO - Completed /viper/ptmp/arego/Red_T_7K_1_EN_100/13045.h5 in 531.91 seconds
2025-09-19 06:01:21,804 - INFO - Completed /viper/ptmp/arego/Red_T_7K_1_EN_100/6831.h5 in 761.17 seconds
2025-09-19 06:06:23,524 - INFO - Completed /viper/ptmp/arego/Red_T_7K_1_EN_100/14363.h5 in 1157.54 seconds
