2025-09-18 23:45:31,062 - INFO - Loaded skip configuration: 0 files to skip entirely, 35364 files with partial record skips
2025-09-18 23:45:31,081 - INFO - Loaded skip configuration: 0 files to skip entirely, 35364 files with partial record skips
2025-09-18 23:45:31,844 - INFO - Processing /viper/ptmp/arego/RC4K1/19536.h5
2025-09-18 23:45:31,873 - INFO - Processing /viper/ptmp/arego/RC4K1/6518.h5
2025-09-18 23:45:32,369 - INFO - Processing /viper/ptmp/arego/RC4K1/12607.h5
2025-09-18 23:45:32,372 - INFO - Processing /viper/ptmp/arego/RC4K1/25023.h5
2025-09-18 23:45:32,417 - INFO - File 19536: Filtered 323557 hits and 4 records
2025-09-18 23:45:32,570 - INFO - File 6518: Filtered 393443 hits and 3 records
2025-09-18 23:45:32,984 - INFO - File 12607: Filtered 471858 hits and 5 records
2025-09-18 23:45:33,006 - INFO - File 25023: Filtered 688217 hits and 3 records
2025-09-18 23:45:33,033 - INFO - Processing /viper/ptmp/arego/RC4K1/7453.h5
2025-09-18 23:45:33,034 - INFO - Processing /viper/ptmp/arego/RC4K1/12951.h5
2025-09-18 23:45:33,645 - INFO - File 12951: Filtered 945832 hits and 7 records
2025-09-18 23:45:33,664 - INFO - Processing /viper/ptmp/arego/RC4K1/20113.h5
2025-09-18 23:45:33,676 - INFO - Processing /viper/ptmp/arego/RC4K1/5816.h5
2025-09-18 23:45:33,871 - INFO - File 7453: Filtered 2340525 hits and 7 records
2025-09-18 23:45:34,284 - INFO - Processing /viper/ptmp/arego/RC4K1/24740.h5
2025-09-18 23:45:34,351 - INFO - File 5816: Filtered 239533 hits and 2 records
2025-09-18 23:45:34,351 - INFO - Processing /viper/ptmp/arego/RC4K1/27889.h5
2025-09-18 23:45:34,553 - INFO - File 20113: Filtered 1907051 hits and 9 records
2025-09-18 23:45:35,029 - INFO - Processing /viper/ptmp/arego/RC4K1/11682.h5
2025-09-18 23:45:35,060 - INFO - File 27889: Filtered 2295605 hits and 7 records
2025-09-18 23:45:35,114 - INFO - Processing /viper/ptmp/arego/RC4K1/28991.h5
2025-09-18 23:45:35,222 - INFO - File 24740: Filtered 2740479 hits and 6 records
2025-09-18 23:45:35,690 - INFO - Processing /viper/ptmp/arego/RC4K1/21342.h5
2025-09-18 23:45:35,784 - INFO - Processing /viper/ptmp/arego/RC4K1/23144.h5
2025-09-18 23:45:35,853 - INFO - File 28991: Filtered 1573252 hits and 7 records
2025-09-18 23:45:35,956 - INFO - File 11682: Filtered 1843222 hits and 6 records
2025-09-18 23:45:36,165 - INFO - Completed /viper/ptmp/arego/RC4K1_EN_100/19536.h5 in 4.32 seconds
2025-09-18 23:45:36,451 - INFO - Processing /viper/ptmp/arego/RC4K1/10819.h5
2025-09-18 23:45:36,552 - INFO - Processing /viper/ptmp/arego/RC4K1/24587.h5
2025-09-18 23:45:36,629 - INFO - File 23144: Filtered 2122315 hits and 7 records
2025-09-18 23:45:36,702 - INFO - File 21342: Filtered 1705837 hits and 9 records
2025-09-18 23:45:37,206 - INFO - Completed /viper/ptmp/arego/RC4K1_EN_100/27889.h5 in 2.86 seconds
2025-09-18 23:45:37,297 - INFO - Processing /viper/ptmp/arego/RC4K1/6084.h5
2025-09-18 23:45:37,467 - INFO - File 24587: Filtered 1127213 hits and 4 records
2025-09-18 23:45:37,537 - INFO - File 10819: Filtered 2130192 hits and 6 records
2025-09-18 23:45:37,975 - INFO - Processing /viper/ptmp/arego/RC4K1/16018.h5
2025-09-18 23:45:38,270 - INFO - File 6084: Filtered 1127802 hits and 5 records
2025-09-18 23:45:38,849 - INFO - File 16018: Filtered 2729170 hits and 11 records
2025-09-18 23:45:39,571 - INFO - Completed /viper/ptmp/arego/RC4K1_EN_100/7453.h5 in 6.54 seconds
2025-09-18 23:45:39,756 - INFO - Processing /viper/ptmp/arego/RC4K1/16825.h5
2025-09-18 23:45:40,230 - INFO - Completed /viper/ptmp/arego/RC4K1_EN_100/25023.h5 in 7.86 seconds
2025-09-18 23:45:40,448 - INFO - Completed /viper/ptmp/arego/RC4K1_EN_100/24740.h5 in 6.16 seconds
2025-09-18 23:45:40,628 - INFO - Completed /viper/ptmp/arego/RC4K1_EN_100/12951.h5 in 7.59 seconds
2025-09-18 23:45:40,662 - INFO - Processing /viper/ptmp/arego/RC4K1/16472.h5
2025-09-18 23:45:40,669 - INFO - Completed /viper/ptmp/arego/RC4K1_EN_100/6518.h5 in 8.80 seconds
2025-09-18 23:45:40,676 - INFO - File 16825: Filtered 1489538 hits and 5 records
2025-09-18 23:45:40,819 - INFO - Processing /viper/ptmp/arego/RC4K1/20948.h5
2025-09-18 23:45:41,150 - INFO - Completed /viper/ptmp/arego/RC4K1_EN_100/12607.h5 in 8.78 seconds
2025-09-18 23:45:41,327 - INFO - Processing /viper/ptmp/arego/RC4K1/924.h5
2025-09-18 23:45:41,605 - INFO - Completed /viper/ptmp/arego/RC4K1_EN_100/23144.h5 in 5.82 seconds
2025-09-18 23:45:41,665 - INFO - File 16472: Filtered 2405130 hits and 4 records
2025-09-18 23:45:41,706 - INFO - Processing /viper/ptmp/arego/RC4K1/18503.h5
2025-09-18 23:45:41,857 - INFO - File 20948: Filtered 1779153 hits and 5 records
2025-09-18 23:45:41,956 - INFO - Completed /viper/ptmp/arego/RC4K1_EN_100/28991.h5 in 6.84 seconds
2025-09-18 23:45:42,134 - INFO - Processing /viper/ptmp/arego/RC4K1/14922.h5
2025-09-18 23:45:42,486 - INFO - Processing /viper/ptmp/arego/RC4K1/27392.h5
2025-09-18 23:45:42,627 - INFO - Completed /viper/ptmp/arego/RC4K1_EN_100/16018.h5 in 4.65 seconds
2025-09-18 23:45:42,680 - INFO - Completed /viper/ptmp/arego/RC4K1_EN_100/20113.h5 in 9.02 seconds
2025-09-18 23:45:42,698 - INFO - File 924: Filtered 3304734 hits and 8 records
2025-09-18 23:45:42,702 - INFO - File 18503: Filtered 2869674 hits and 6 records
2025-09-18 23:45:42,900 - INFO - Processing /viper/ptmp/arego/RC4K1/25227.h5
2025-09-18 23:45:43,247 - INFO - Processing /viper/ptmp/arego/RC4K1/22428.h5
2025-09-18 23:45:43,556 - INFO - File 27392: Filtered 1631974 hits and 5 records
2025-09-18 23:45:43,614 - INFO - File 14922: Filtered 4316560 hits and 10 records
2025-09-18 23:45:44,162 - INFO - Processing /viper/ptmp/arego/RC4K1/16768.h5
2025-09-18 23:45:44,168 - INFO - Completed /viper/ptmp/arego/RC4K1_EN_100/5816.h5 in 10.49 seconds
2025-09-18 23:45:44,371 - INFO - File 22428: Filtered 3268474 hits and 6 records
2025-09-18 23:45:44,460 - INFO - File 25227: Filtered 2907355 hits and 7 records
2025-09-18 23:45:44,895 - INFO - Processing /viper/ptmp/arego/RC4K1/8886.h5
2025-09-18 23:45:45,076 - INFO - Completed /viper/ptmp/arego/RC4K1_EN_100/11682.h5 in 10.05 seconds
2025-09-18 23:45:45,185 - INFO - File 16768: Filtered 3938371 hits and 5 records
2025-09-18 23:45:45,268 - INFO - Processing /viper/ptmp/arego/RC4K1/23441.h5
2025-09-18 23:45:45,900 - INFO - File 8886: Filtered 2491662 hits and 8 records
2025-09-18 23:45:45,985 - INFO - Completed /viper/ptmp/arego/RC4K1_EN_100/10819.h5 in 9.53 seconds
2025-09-18 23:45:46,232 - INFO - Processing /viper/ptmp/arego/RC4K1/9790.h5
2025-09-18 23:45:46,471 - INFO - Completed /viper/ptmp/arego/RC4K1_EN_100/24587.h5 in 9.92 seconds
2025-09-18 23:45:46,647 - INFO - File 23441: Filtered 3191734 hits and 7 records
2025-09-18 23:45:46,673 - INFO - Processing /viper/ptmp/arego/RC4K1/2731.h5
2025-09-18 23:45:46,958 - INFO - Completed /viper/ptmp/arego/RC4K1_EN_100/21342.h5 in 11.27 seconds
2025-09-18 23:45:47,274 - INFO - Processing /viper/ptmp/arego/RC4K1/4451.h5
2025-09-18 23:45:47,529 - INFO - Completed /viper/ptmp/arego/RC4K1_EN_100/16768.h5 in 3.37 seconds
2025-09-18 23:45:47,791 - INFO - File 2731: Filtered 3358867 hits and 7 records
2025-09-18 23:45:47,798 - INFO - File 9790: Filtered 3334245 hits and 7 records
2025-09-18 23:45:47,998 - INFO - Processing /viper/ptmp/arego/RC4K1/7216.h5
2025-09-18 23:45:48,202 - INFO - Completed /viper/ptmp/arego/RC4K1_EN_100/22428.h5 in 4.96 seconds
2025-09-18 23:45:48,436 - INFO - Completed /viper/ptmp/arego/RC4K1_EN_100/18503.h5 in 6.73 seconds
2025-09-18 23:45:48,578 - INFO - Processing /viper/ptmp/arego/RC4K1/25040.h5
2025-09-18 23:45:48,796 - INFO - Completed /viper/ptmp/arego/RC4K1_EN_100/6084.h5 in 11.50 seconds
2025-09-18 23:45:48,858 - INFO - File 4451: Filtered 3523292 hits and 5 records
2025-09-18 23:45:48,908 - INFO - Completed /viper/ptmp/arego/RC4K1_EN_100/14922.h5 in 6.77 seconds
2025-09-18 23:45:49,180 - INFO - File 7216: Filtered 3301764 hits and 7 records
2025-09-18 23:45:49,211 - INFO - Processing /viper/ptmp/arego/RC4K1/11731.h5
2025-09-18 23:45:49,399 - INFO - Processing /viper/ptmp/arego/RC4K1/1801.h5
2025-09-18 23:45:49,764 - INFO - File 25040: Filtered 2876321 hits and 8 records
2025-09-18 23:45:50,203 - INFO - Processing /viper/ptmp/arego/RC4K1/13353.h5
2025-09-18 23:45:50,611 - INFO - Completed /viper/ptmp/arego/RC4K1_EN_100/16472.h5 in 9.95 seconds
2025-09-18 23:45:50,689 - INFO - File 1801: Filtered 1144472 hits and 6 records
2025-09-18 23:45:50,842 - INFO - Processing /viper/ptmp/arego/RC4K1/9116.h5
2025-09-18 23:45:50,915 - INFO - File 11731: Filtered 3750582 hits and 4 records
2025-09-18 23:45:51,372 - INFO - Completed /viper/ptmp/arego/RC4K1_EN_100/20948.h5 in 10.55 seconds
2025-09-18 23:45:51,617 - INFO - Processing /viper/ptmp/arego/RC4K1/4341.h5
2025-09-18 23:45:51,776 - INFO - File 13353: Filtered 3082634 hits and 7 records
2025-09-18 23:45:52,358 - INFO - Completed /viper/ptmp/arego/RC4K1_EN_100/924.h5 in 11.03 seconds
2025-09-18 23:45:52,488 - INFO - File 9116: Filtered 2344308 hits and 5 records
2025-09-18 23:45:52,583 - INFO - Processing /viper/ptmp/arego/RC4K1/25666.h5
2025-09-18 23:45:52,604 - INFO - Completed /viper/ptmp/arego/RC4K1_EN_100/16825.h5 in 12.85 seconds
2025-09-18 23:45:52,916 - INFO - File 4341: Filtered 2929479 hits and 7 records
2025-09-18 23:45:53,346 - INFO - Completed /viper/ptmp/arego/RC4K1_EN_100/2731.h5 in 6.67 seconds
2025-09-18 23:45:53,483 - INFO - Processing /viper/ptmp/arego/RC4K1/28685.h5
2025-09-18 23:45:53,531 - INFO - Processing /viper/ptmp/arego/RC4K1/10980.h5
2025-09-18 23:45:54,188 - INFO - File 25666: Filtered 2726012 hits and 7 records
2025-09-18 23:45:54,227 - INFO - Completed /viper/ptmp/arego/RC4K1_EN_100/27392.h5 in 11.74 seconds
2025-09-18 23:45:54,555 - INFO - Completed /viper/ptmp/arego/RC4K1_EN_100/8886.h5 in 9.66 seconds
2025-09-18 23:45:54,626 - INFO - Processing /viper/ptmp/arego/RC4K1/712.h5
2025-09-18 23:45:54,965 - INFO - File 10980: Filtered 2787303 hits and 6 records
2025-09-18 23:45:55,459 - INFO - File 28685: Filtered 3800353 hits and 6 records
2025-09-18 23:45:55,625 - INFO - Processing /viper/ptmp/arego/RC4K1/7324.h5
2025-09-18 23:45:56,000 - INFO - File 712: Filtered 3557185 hits and 6 records
2025-09-18 23:45:56,263 - INFO - Completed /viper/ptmp/arego/RC4K1_EN_100/7216.h5 in 8.26 seconds
2025-09-18 23:45:56,447 - INFO - Processing /viper/ptmp/arego/RC4K1/10155.h5
2025-09-18 23:45:56,890 - INFO - Completed /viper/ptmp/arego/RC4K1_EN_100/25227.h5 in 13.99 seconds
2025-09-18 23:45:56,944 - INFO - File 7324: Filtered 3178483 hits and 9 records
2025-09-18 23:45:57,072 - INFO - Processing /viper/ptmp/arego/RC4K1/23883.h5
2025-09-18 23:45:57,780 - INFO - File 10155: Filtered 3920823 hits and 4 records
2025-09-18 23:45:58,741 - INFO - File 23883: Filtered 4214644 hits and 9 records
2025-09-18 23:45:58,850 - INFO - Completed /viper/ptmp/arego/RC4K1_EN_100/25040.h5 in 10.27 seconds
2025-09-18 23:45:59,115 - INFO - Processing /viper/ptmp/arego/RC4K1/17186.h5
2025-09-18 23:45:59,537 - INFO - Completed /viper/ptmp/arego/RC4K1_EN_100/23441.h5 in 14.27 seconds
2025-09-18 23:45:59,719 - INFO - Processing /viper/ptmp/arego/RC4K1/2045.h5
2025-09-18 23:46:00,464 - INFO - File 17186: Filtered 3421680 hits and 6 records
2025-09-18 23:46:00,834 - INFO - Completed /viper/ptmp/arego/RC4K1_EN_100/9790.h5 in 14.60 seconds
2025-09-18 23:46:01,062 - INFO - Processing /viper/ptmp/arego/RC4K1/28272.h5
2025-09-18 23:46:01,288 - INFO - File 2045: Filtered 6472330 hits and 4 records
2025-09-18 23:46:01,693 - INFO - Completed /viper/ptmp/arego/RC4K1_EN_100/4451.h5 in 14.42 seconds
2025-09-18 23:46:02,038 - INFO - Processing /viper/ptmp/arego/RC4K1/29485.h5
2025-09-18 23:46:02,207 - INFO - Completed /viper/ptmp/arego/RC4K1_EN_100/13353.h5 in 12.00 seconds
2025-09-18 23:46:02,496 - INFO - Processing /viper/ptmp/arego/RC4K1/3043.h5
2025-09-18 23:46:02,760 - INFO - File 28272: Filtered 4057487 hits and 7 records
2025-09-18 23:46:04,016 - INFO - File 3043: Filtered 4570580 hits and 7 records
2025-09-18 23:46:04,055 - INFO - Completed /viper/ptmp/arego/RC4K1_EN_100/4341.h5 in 12.44 seconds
2025-09-18 23:46:04,085 - INFO - File 29485: Filtered 1229215 hits and 7 records
2025-09-18 23:46:04,355 - INFO - Processing /viper/ptmp/arego/RC4K1/18279.h5
2025-09-18 23:46:05,059 - INFO - Completed /viper/ptmp/arego/RC4K1_EN_100/712.h5 in 10.43 seconds
2025-09-18 23:46:05,216 - INFO - Completed /viper/ptmp/arego/RC4K1_EN_100/11731.h5 in 16.00 seconds
2025-09-18 23:46:05,428 - INFO - Processing /viper/ptmp/arego/RC4K1/19198.h5
2025-09-18 23:46:05,495 - INFO - Processing /viper/ptmp/arego/RC4K1/24771.h5
2025-09-18 23:46:05,505 - INFO - Completed /viper/ptmp/arego/RC4K1_EN_100/2045.h5 in 5.79 seconds
2025-09-18 23:46:05,837 - INFO - File 18279: Filtered 1261763 hits and 4 records
2025-09-18 23:46:06,159 - INFO - Completed /viper/ptmp/arego/RC4K1_EN_100/10155.h5 in 9.71 seconds
2025-09-18 23:46:06,340 - INFO - Processing /viper/ptmp/arego/RC4K1/27637.h5
2025-09-18 23:46:06,461 - INFO - Processing /viper/ptmp/arego/RC4K1/17565.h5
2025-09-18 23:46:07,321 - INFO - File 19198: Filtered 2387877 hits and 4 records
2025-09-18 23:46:07,449 - INFO - File 24771: Filtered 6180732 hits and 10 records
2025-09-18 23:46:07,462 - INFO - Completed /viper/ptmp/arego/RC4K1_EN_100/1801.h5 in 18.06 seconds
2025-09-18 23:46:07,577 - INFO - Completed /viper/ptmp/arego/RC4K1_EN_100/10980.h5 in 14.05 seconds
2025-09-18 23:46:07,835 - INFO - Completed /viper/ptmp/arego/RC4K1_EN_100/7324.h5 in 12.21 seconds
2025-09-18 23:46:07,841 - INFO - Processing /viper/ptmp/arego/RC4K1/1744.h5
2025-09-18 23:46:08,456 - INFO - File 17565: Filtered 4793337 hits and 10 records
2025-09-18 23:46:08,572 - INFO - File 27637: Filtered 5481833 hits and 8 records
2025-09-18 23:46:08,771 - INFO - Processing /viper/ptmp/arego/RC4K1/18473.h5
2025-09-18 23:46:09,479 - INFO - File 1744: Filtered 3069320 hits and 4 records
2025-09-18 23:46:09,608 - INFO - Processing /viper/ptmp/arego/RC4K1/5333.h5
2025-09-18 23:46:10,562 - INFO - File 18473: Filtered 1428552 hits and 4 records
2025-09-18 23:46:10,994 - INFO - Completed /viper/ptmp/arego/RC4K1_EN_100/28685.h5 in 17.51 seconds
2025-09-18 23:46:11,293 - INFO - Processing /viper/ptmp/arego/RC4K1/22589.h5
2025-09-18 23:46:11,331 - INFO - Completed /viper/ptmp/arego/RC4K1_EN_100/3043.h5 in 8.83 seconds
2025-09-18 23:46:11,482 - INFO - File 5333: Filtered 4397226 hits and 9 records
2025-09-18 23:46:11,548 - INFO - Processing /viper/ptmp/arego/RC4K1/16751.h5
2025-09-18 23:46:12,720 - INFO - Completed /viper/ptmp/arego/RC4K1_EN_100/17186.h5 in 13.60 seconds
2025-09-18 23:46:12,840 - INFO - Completed /viper/ptmp/arego/RC4K1_EN_100/9116.h5 in 22.00 seconds
2025-09-18 23:46:12,967 - INFO - Processing /viper/ptmp/arego/RC4K1/2415.h5
2025-09-18 23:46:13,142 - INFO - Processing /viper/ptmp/arego/RC4K1/15000.h5
2025-09-18 23:46:13,188 - INFO - File 16751: Filtered 6099678 hits and 7 records
2025-09-18 23:46:13,352 - INFO - Completed /viper/ptmp/arego/RC4K1_EN_100/23883.h5 in 16.28 seconds
2025-09-18 23:46:13,411 - INFO - File 22589: Filtered 3863257 hits and 6 records
2025-09-18 23:46:13,520 - INFO - Completed /viper/ptmp/arego/RC4K1_EN_100/25666.h5 in 20.94 seconds
2025-09-18 23:46:14,060 - INFO - Processing /viper/ptmp/arego/RC4K1/2514.h5
2025-09-18 23:46:14,569 - INFO - File 2415: Filtered 6989336 hits and 4 records
2025-09-18 23:46:14,911 - INFO - Processing /viper/ptmp/arego/RC4K1/22970.h5
2025-09-18 23:46:15,023 - INFO - File 15000: Filtered 3518286 hits and 4 records
2025-09-18 23:46:16,095 - INFO - File 2514: Filtered 1475327 hits and 4 records
2025-09-18 23:46:16,286 - INFO - Completed /viper/ptmp/arego/RC4K1_EN_100/2415.h5 in 3.32 seconds
2025-09-18 23:46:16,497 - INFO - Processing /viper/ptmp/arego/RC4K1/7821.h5
2025-09-18 23:46:16,587 - INFO - Completed /viper/ptmp/arego/RC4K1_EN_100/24771.h5 in 11.09 seconds
2025-09-18 23:46:16,830 - INFO - Processing /viper/ptmp/arego/RC4K1/24795.h5
2025-09-18 23:46:17,014 - INFO - File 22970: Filtered 7219925 hits and 7 records
2025-09-18 23:46:18,195 - INFO - File 7821: Filtered 6656037 hits and 10 records
2025-09-18 23:46:18,380 - INFO - Completed /viper/ptmp/arego/RC4K1_EN_100/28272.h5 in 17.32 seconds
2025-09-18 23:46:18,468 - INFO - Completed /viper/ptmp/arego/RC4K1_EN_100/16751.h5 in 6.92 seconds
2025-09-18 23:46:18,630 - INFO - Completed /viper/ptmp/arego/RC4K1_EN_100/17565.h5 in 12.17 seconds
2025-09-18 23:46:18,673 - INFO - Processing /viper/ptmp/arego/RC4K1/15496.h5
2025-09-18 23:46:18,683 - INFO - Processing /viper/ptmp/arego/RC4K1/23535.h5
2025-09-18 23:46:18,900 - INFO - File 24795: Filtered 2266488 hits and 5 records
2025-09-18 23:46:19,499 - INFO - Processing /viper/ptmp/arego/RC4K1/2047.h5
2025-09-18 23:46:20,497 - INFO - File 23535: Filtered 4092854 hits and 5 records
2025-09-18 23:46:20,906 - INFO - File 15496: Filtered 7034744 hits and 9 records
2025-09-18 23:46:21,393 - INFO - Completed /viper/ptmp/arego/RC4K1_EN_100/27637.h5 in 15.05 seconds
2025-09-18 23:46:21,533 - INFO - File 2047: Filtered 2628083 hits and 4 records
2025-09-18 23:46:21,585 - INFO - Processing /viper/ptmp/arego/RC4K1/3001.h5
2025-09-18 23:46:22,282 - INFO - Completed /viper/ptmp/arego/RC4K1_EN_100/7821.h5 in 5.79 seconds
2025-09-18 23:46:22,469 - INFO - Processing /viper/ptmp/arego/RC4K1/9145.h5
2025-09-18 23:46:23,669 - INFO - File 3001: Filtered 3450987 hits and 7 records
2025-09-18 23:46:23,816 - INFO - Completed /viper/ptmp/arego/RC4K1_EN_100/22970.h5 in 8.91 seconds
2025-09-18 23:46:24,054 - INFO - Processing /viper/ptmp/arego/RC4K1/23435.h5
2025-09-18 23:46:24,102 - INFO - Completed /viper/ptmp/arego/RC4K1_EN_100/5333.h5 in 14.49 seconds
2025-09-18 23:46:24,318 - INFO - Processing /viper/ptmp/arego/RC4K1/25295.h5
2025-09-18 23:46:24,341 - INFO - File 9145: Filtered 4210095 hits and 5 records
2025-09-18 23:46:26,229 - INFO - Completed /viper/ptmp/arego/RC4K1_EN_100/19198.h5 in 20.80 seconds
2025-09-18 23:46:26,278 - INFO - File 25295: Filtered 1342772 hits and 4 records
2025-09-18 23:46:26,285 - INFO - File 23435: Filtered 4313179 hits and 6 records
2025-09-18 23:46:26,448 - INFO - Processing /viper/ptmp/arego/RC4K1/5390.h5
2025-09-18 23:46:27,028 - INFO - Completed /viper/ptmp/arego/RC4K1_EN_100/1744.h5 in 19.19 seconds
2025-09-18 23:46:27,250 - INFO - Processing /viper/ptmp/arego/RC4K1/11599.h5
2025-09-18 23:46:28,191 - INFO - File 5390: Filtered 2932316 hits and 7 records
2025-09-18 23:46:29,190 - INFO - File 11599: Filtered 2819927 hits and 5 records
2025-09-18 23:46:29,417 - INFO - Completed /viper/ptmp/arego/RC4K1_EN_100/18279.h5 in 25.06 seconds
2025-09-18 23:46:29,620 - INFO - Processing /viper/ptmp/arego/RC4K1/4529.h5
2025-09-18 23:46:30,181 - INFO - Completed /viper/ptmp/arego/RC4K1_EN_100/15496.h5 in 11.51 seconds
2025-09-18 23:46:30,352 - INFO - Processing /viper/ptmp/arego/RC4K1/4066.h5
2025-09-18 23:46:31,288 - INFO - File 4529: Filtered 4012578 hits and 9 records
2025-09-18 23:46:31,850 - INFO - Completed /viper/ptmp/arego/RC4K1_EN_100/29485.h5 in 29.81 seconds
2025-09-18 23:46:32,138 - INFO - Processing /viper/ptmp/arego/RC4K1/11507.h5
2025-09-18 23:46:32,406 - INFO - File 4066: Filtered 5987701 hits and 10 records
2025-09-18 23:46:33,116 - INFO - Completed /viper/ptmp/arego/RC4K1_EN_100/22589.h5 in 21.82 seconds
2025-09-18 23:46:33,299 - INFO - Processing /viper/ptmp/arego/RC4K1/11200.h5
2025-09-18 23:46:34,868 - INFO - File 11507: Filtered 2592172 hits and 6 records
2025-09-18 23:46:35,625 - INFO - File 11200: Filtered 8559681 hits and 9 records
2025-09-18 23:46:35,843 - INFO - Completed /viper/ptmp/arego/RC4K1_EN_100/23535.h5 in 17.16 seconds
2025-09-18 23:46:35,854 - INFO - Completed /viper/ptmp/arego/RC4K1_EN_100/18473.h5 in 27.08 seconds
2025-09-18 23:46:36,031 - INFO - Processing /viper/ptmp/arego/RC4K1/12952.h5
2025-09-18 23:46:36,630 - INFO - Completed /viper/ptmp/arego/RC4K1_EN_100/15000.h5 in 23.49 seconds
2025-09-18 23:46:36,729 - INFO - Processing /viper/ptmp/arego/RC4K1/18987.h5
2025-09-18 23:46:36,818 - INFO - Processing /viper/ptmp/arego/RC4K1/12257.h5
2025-09-18 23:46:37,700 - INFO - File 12952: Filtered 4110918 hits and 7 records
2025-09-18 23:46:38,800 - INFO - File 18987: Filtered 5212717 hits and 6 records
2025-09-18 23:46:39,134 - INFO - File 12257: Filtered 4790065 hits and 7 records
2025-09-18 23:46:39,349 - INFO - Completed /viper/ptmp/arego/RC4K1_EN_100/9145.h5 in 16.88 seconds
2025-09-18 23:46:39,617 - INFO - Processing /viper/ptmp/arego/RC4K1/16051.h5
2025-09-18 23:46:40,690 - INFO - Completed /viper/ptmp/arego/RC4K1_EN_100/11200.h5 in 7.39 seconds
2025-09-18 23:46:40,899 - INFO - Processing /viper/ptmp/arego/RC4K1/2383.h5
2025-09-18 23:46:41,440 - INFO - File 16051: Filtered 3734622 hits and 6 records
2025-09-18 23:46:42,928 - INFO - Completed /viper/ptmp/arego/RC4K1_EN_100/2047.h5 in 23.43 seconds
2025-09-18 23:46:43,131 - INFO - File 2383: Filtered 8619302 hits and 7 records
2025-09-18 23:46:43,134 - INFO - Processing /viper/ptmp/arego/RC4K1/29624.h5
2025-09-18 23:46:45,007 - INFO - File 29624: Filtered 6481564 hits and 10 records
2025-09-18 23:46:46,366 - INFO - Completed /viper/ptmp/arego/RC4K1_EN_100/2514.h5 in 32.31 seconds
2025-09-18 23:46:46,554 - INFO - Processing /viper/ptmp/arego/RC4K1/21371.h5
2025-09-18 23:46:47,388 - INFO - Completed /viper/ptmp/arego/RC4K1_EN_100/4066.h5 in 17.04 seconds
2025-09-18 23:46:47,526 - INFO - Completed /viper/ptmp/arego/RC4K1_EN_100/4529.h5 in 17.91 seconds
2025-09-18 23:46:47,574 - INFO - Processing /viper/ptmp/arego/RC4K1/7468.h5
2025-09-18 23:46:47,709 - INFO - Processing /viper/ptmp/arego/RC4K1/2866.h5
2025-09-18 23:46:48,042 - INFO - Completed /viper/ptmp/arego/RC4K1_EN_100/24795.h5 in 31.21 seconds
2025-09-18 23:46:48,071 - INFO - Completed /viper/ptmp/arego/RC4K1_EN_100/23435.h5 in 24.02 seconds
2025-09-18 23:46:48,351 - INFO - Completed /viper/ptmp/arego/RC4K1_EN_100/3001.h5 in 26.77 seconds
2025-09-18 23:46:48,537 - INFO - Processing /viper/ptmp/arego/RC4K1/9086.h5
2025-09-18 23:46:48,711 - INFO - File 21371: Filtered 4538427 hits and 6 records
2025-09-18 23:46:48,871 - INFO - Completed /viper/ptmp/arego/RC4K1_EN_100/5390.h5 in 22.42 seconds
2025-09-18 23:46:49,162 - INFO - Processing /viper/ptmp/arego/RC4K1/11740.h5
2025-09-18 23:46:49,393 - INFO - Processing /viper/ptmp/arego/RC4K1/19506.h5
2025-09-18 23:46:49,694 - INFO - Completed /viper/ptmp/arego/RC4K1_EN_100/2383.h5 in 8.79 seconds
2025-09-18 23:46:49,765 - INFO - File 2866: Filtered 5577193 hits and 9 records
2025-09-18 23:46:50,297 - INFO - File 7468: Filtered 6445752 hits and 7 records
2025-09-18 23:46:50,344 - INFO - Processing /viper/ptmp/arego/RC4K1/23990.h5
2025-09-18 23:46:50,660 - INFO - Completed /viper/ptmp/arego/RC4K1_EN_100/11599.h5 in 23.41 seconds
2025-09-18 23:46:50,934 - INFO - Processing /viper/ptmp/arego/RC4K1/18403.h5
2025-09-18 23:46:51,389 - INFO - Processing /viper/ptmp/arego/RC4K1/379.h5
2025-09-18 23:46:51,459 - INFO - File 9086: Filtered 7246874 hits and 8 records
2025-09-18 23:46:51,475 - INFO - File 11740: Filtered 4457455 hits and 8 records
2025-09-18 23:46:51,633 - INFO - Completed /viper/ptmp/arego/RC4K1_EN_100/18987.h5 in 14.90 seconds
2025-09-18 23:46:52,137 - INFO - Processing /viper/ptmp/arego/RC4K1/16162.h5
2025-09-18 23:46:52,619 - INFO - File 19506: Filtered 6920052 hits and 10 records
2025-09-18 23:46:53,399 - INFO - File 18403: Filtered 5732860 hits and 8 records
2025-09-18 23:46:53,459 - INFO - File 23990: Filtered 7027080 hits and 7 records
2025-09-18 23:46:53,511 - INFO - Completed /viper/ptmp/arego/RC4K1_EN_100/25295.h5 in 29.19 seconds
2025-09-18 23:46:53,828 - INFO - Processing /viper/ptmp/arego/RC4K1/3082.h5
2025-09-18 23:46:54,086 - INFO - Completed /viper/ptmp/arego/RC4K1_EN_100/29624.h5 in 10.95 seconds
2025-09-18 23:46:54,481 - INFO - File 379: Filtered 9165382 hits and 9 records
2025-09-18 23:46:54,553 - INFO - Completed /viper/ptmp/arego/RC4K1_EN_100/12952.h5 in 18.52 seconds
2025-09-18 23:46:54,659 - INFO - File 16162: Filtered 4494327 hits and 7 records
2025-09-18 23:46:54,748 - INFO - Processing /viper/ptmp/arego/RC4K1/1788.h5
2025-09-18 23:46:55,712 - INFO - Processing /viper/ptmp/arego/RC4K1/18137.h5
2025-09-18 23:46:55,906 - INFO - File 3082: Filtered 5695931 hits and 9 records
2025-09-18 23:46:56,907 - INFO - File 1788: Filtered 5629942 hits and 7 records
2025-09-18 23:46:57,836 - INFO - File 18137: Filtered 4426231 hits and 6 records
2025-09-18 23:47:00,779 - INFO - Completed /viper/ptmp/arego/RC4K1_EN_100/379.h5 in 9.39 seconds
2025-09-18 23:47:01,000 - INFO - Processing /viper/ptmp/arego/RC4K1/9156.h5
2025-09-18 23:47:01,250 - INFO - Completed /viper/ptmp/arego/RC4K1_EN_100/16051.h5 in 21.63 seconds
2025-09-18 23:47:01,444 - INFO - Processing /viper/ptmp/arego/RC4K1/358.h5
2025-09-18 23:47:01,500 - INFO - Completed /viper/ptmp/arego/RC4K1_EN_100/12257.h5 in 24.68 seconds
2025-09-18 23:47:01,749 - INFO - Processing /viper/ptmp/arego/RC4K1/11273.h5
2025-09-18 23:47:02,394 - INFO - Completed /viper/ptmp/arego/RC4K1_EN_100/2866.h5 in 14.69 seconds
2025-09-18 23:47:02,601 - INFO - Processing /viper/ptmp/arego/RC4K1/5609.h5
2025-09-18 23:47:03,672 - INFO - File 358: Filtered 5645208 hits and 9 records
2025-09-18 23:47:03,780 - INFO - File 9156: Filtered 5768096 hits and 6 records
2025-09-18 23:47:04,468 - INFO - Completed /viper/ptmp/arego/RC4K1_EN_100/9086.h5 in 15.93 seconds
2025-09-18 23:47:04,741 - INFO - Processing /viper/ptmp/arego/RC4K1/17182.h5
2025-09-18 23:47:04,779 - INFO - File 11273: Filtered 9373030 hits and 11 records
2025-09-18 23:47:05,165 - INFO - File 5609: Filtered 5403504 hits and 6 records
2025-09-18 23:47:06,627 - INFO - Completed /viper/ptmp/arego/RC4K1_EN_100/18403.h5 in 15.69 seconds
2025-09-18 23:47:06,830 - INFO - Processing /viper/ptmp/arego/RC4K1/28617.h5
2025-09-18 23:47:06,983 - INFO - Completed /viper/ptmp/arego/RC4K1_EN_100/7468.h5 in 19.41 seconds
2025-09-18 23:47:07,089 - INFO - File 17182: Filtered 5887159 hits and 8 records
2025-09-18 23:47:07,184 - INFO - Processing /viper/ptmp/arego/RC4K1/507.h5
2025-09-18 23:47:08,275 - INFO - Completed /viper/ptmp/arego/RC4K1_EN_100/19506.h5 in 18.88 seconds
2025-09-18 23:47:08,496 - INFO - Processing /viper/ptmp/arego/RC4K1/29071.h5
2025-09-18 23:47:08,528 - INFO - Completed /viper/ptmp/arego/RC4K1_EN_100/23990.h5 in 18.18 seconds
2025-09-18 23:47:08,894 - INFO - File 28617: Filtered 6774929 hits and 10 records
2025-09-18 23:47:09,457 - INFO - Processing /viper/ptmp/arego/RC4K1/8170.h5
2025-09-18 23:47:09,675 - INFO - File 507: Filtered 10194549 hits and 6 records
2025-09-18 23:47:09,797 - INFO - Completed /viper/ptmp/arego/RC4K1_EN_100/3082.h5 in 15.97 seconds
2025-09-18 23:47:09,972 - INFO - Processing /viper/ptmp/arego/RC4K1/22831.h5
2025-09-18 23:47:10,165 - INFO - Completed /viper/ptmp/arego/RC4K1_EN_100/11740.h5 in 21.00 seconds
2025-09-18 23:47:10,812 - INFO - Processing /viper/ptmp/arego/RC4K1/5288.h5
2025-09-18 23:47:10,936 - INFO - File 29071: Filtered 4856052 hits and 7 records
2025-09-18 23:47:11,404 - INFO - Completed /viper/ptmp/arego/RC4K1_EN_100/11273.h5 in 9.65 seconds
2025-09-18 23:47:11,690 - INFO - Processing /viper/ptmp/arego/RC4K1/2702.h5
2025-09-18 23:47:12,347 - INFO - Completed /viper/ptmp/arego/RC4K1_EN_100/1788.h5 in 17.60 seconds
2025-09-18 23:47:12,445 - INFO - File 8170: Filtered 7602205 hits and 9 records
2025-09-18 23:47:12,448 - INFO - File 22831: Filtered 5492954 hits and 5 records
2025-09-18 23:47:12,472 - INFO - Completed /viper/ptmp/arego/RC4K1_EN_100/507.h5 in 5.29 seconds
2025-09-18 23:47:12,761 - INFO - Processing /viper/ptmp/arego/RC4K1/14147.h5
2025-09-18 23:47:12,838 - INFO - Processing /viper/ptmp/arego/RC4K1/4858.h5
2025-09-18 23:47:13,421 - INFO - Completed /viper/ptmp/arego/RC4K1_EN_100/16162.h5 in 21.28 seconds
2025-09-18 23:47:13,581 - INFO - File 5288: Filtered 7586308 hits and 8 records
2025-09-18 23:47:13,996 - INFO - Processing /viper/ptmp/arego/RC4K1/109.h5
2025-09-18 23:47:14,295 - INFO - File 2702: Filtered 7197617 hits and 8 records
2025-09-18 23:47:14,739 - INFO - Completed /viper/ptmp/arego/RC4K1_EN_100/21371.h5 in 28.19 seconds
2025-09-18 23:47:15,044 - INFO - Processing /viper/ptmp/arego/RC4K1/12354.h5
2025-09-18 23:47:15,486 - INFO - File 14147: Filtered 3861294 hits and 8 records
2025-09-18 23:47:15,804 - INFO - File 4858: Filtered 6220700 hits and 8 records
2025-09-18 23:47:16,770 - INFO - Completed /viper/ptmp/arego/RC4K1_EN_100/11507.h5 in 44.63 seconds
2025-09-18 23:47:16,815 - INFO - File 109: Filtered 8802186 hits and 7 records
2025-09-18 23:47:17,046 - INFO - Processing /viper/ptmp/arego/RC4K1/9498.h5
2025-09-18 23:47:17,812 - INFO - File 12354: Filtered 5670919 hits and 9 records
2025-09-18 23:47:18,462 - INFO - Completed /viper/ptmp/arego/RC4K1_EN_100/18137.h5 in 22.75 seconds
2025-09-18 23:47:18,678 - INFO - Processing /viper/ptmp/arego/RC4K1/15648.h5
2025-09-18 23:47:19,456 - INFO - File 9498: Filtered 10413531 hits and 9 records
2025-09-18 23:47:19,634 - INFO - Completed /viper/ptmp/arego/RC4K1_EN_100/358.h5 in 18.19 seconds
2025-09-18 23:47:19,807 - INFO - Processing /viper/ptmp/arego/RC4K1/21656.h5
2025-09-18 23:47:20,351 - INFO - Completed /viper/ptmp/arego/RC4K1_EN_100/28617.h5 in 13.52 seconds
2025-09-18 23:47:20,886 - INFO - File 15648: Filtered 6503665 hits and 4 records
2025-09-18 23:47:20,956 - INFO - Processing /viper/ptmp/arego/RC4K1/17185.h5
2025-09-18 23:47:22,191 - INFO - Completed /viper/ptmp/arego/RC4K1_EN_100/5609.h5 in 19.59 seconds
2025-09-18 23:47:22,301 - INFO - File 21656: Filtered 5035375 hits and 10 records
2025-09-18 23:47:22,507 - INFO - Processing /viper/ptmp/arego/RC4K1/12837.h5
2025-09-18 23:47:23,103 - INFO - Completed /viper/ptmp/arego/RC4K1_EN_100/9498.h5 in 6.06 seconds
2025-09-18 23:47:23,317 - INFO - Processing /viper/ptmp/arego/RC4K1/23243.h5
2025-09-18 23:47:23,567 - INFO - File 17185: Filtered 4190434 hits and 7 records
2025-09-18 23:47:24,573 - INFO - Completed /viper/ptmp/arego/RC4K1_EN_100/109.h5 in 10.58 seconds
2025-09-18 23:47:24,914 - INFO - Processing /viper/ptmp/arego/RC4K1/6505.h5
2025-09-18 23:47:25,280 - INFO - File 12837: Filtered 1784525 hits and 5 records
2025-09-18 23:47:25,323 - INFO - Completed /viper/ptmp/arego/RC4K1_EN_100/9156.h5 in 24.32 seconds
2025-09-18 23:47:25,544 - INFO - Processing /viper/ptmp/arego/RC4K1/25940.h5
2025-09-18 23:47:25,868 - INFO - File 23243: Filtered 7751825 hits and 10 records
2025-09-18 23:47:26,493 - INFO - Completed /viper/ptmp/arego/RC4K1_EN_100/5288.h5 in 15.68 seconds
2025-09-18 23:47:26,846 - INFO - Processing /viper/ptmp/arego/RC4K1/5648.h5
2025-09-18 23:47:27,426 - INFO - Completed /viper/ptmp/arego/RC4K1_EN_100/8170.h5 in 17.97 seconds
2025-09-18 23:47:27,545 - INFO - File 6505: Filtered 5841057 hits and 6 records
2025-09-18 23:47:27,751 - INFO - Processing /viper/ptmp/arego/RC4K1/18814.h5
2025-09-18 23:47:28,174 - INFO - File 25940: Filtered 4071323 hits and 8 records
2025-09-18 23:47:28,836 - INFO - Completed /viper/ptmp/arego/RC4K1_EN_100/17182.h5 in 24.10 seconds
2025-09-18 23:47:29,121 - INFO - Processing /viper/ptmp/arego/RC4K1/16595.h5
2025-09-18 23:47:29,484 - INFO - File 5648: Filtered 8454878 hits and 8 records
2025-09-18 23:47:30,650 - INFO - File 18814: Filtered 9179666 hits and 7 records
2025-09-18 23:47:30,986 - INFO - Completed /viper/ptmp/arego/RC4K1_EN_100/2702.h5 in 19.30 seconds
2025-09-18 23:47:31,301 - INFO - Processing /viper/ptmp/arego/RC4K1/21851.h5
2025-09-18 23:47:31,757 - INFO - File 16595: Filtered 7540763 hits and 7 records
2025-09-18 23:47:31,793 - INFO - Completed /viper/ptmp/arego/RC4K1_EN_100/22831.h5 in 21.82 seconds
2025-09-18 23:47:32,034 - INFO - Processing /viper/ptmp/arego/RC4K1/25921.h5
2025-09-18 23:47:34,169 - INFO - File 21851: Filtered 5155919 hits and 8 records
2025-09-18 23:47:34,591 - INFO - File 25921: Filtered 2690138 hits and 5 records
2025-09-18 23:47:37,044 - INFO - Completed /viper/ptmp/arego/RC4K1_EN_100/29071.h5 in 28.55 seconds
2025-09-18 23:47:37,328 - INFO - Processing /viper/ptmp/arego/RC4K1/29763.h5
2025-09-18 23:47:37,505 - INFO - Completed /viper/ptmp/arego/RC4K1_EN_100/4858.h5 in 24.67 seconds
2025-09-18 23:47:38,009 - INFO - Processing /viper/ptmp/arego/RC4K1/24884.h5
2025-09-18 23:47:38,662 - INFO - Completed /viper/ptmp/arego/RC4K1_EN_100/15648.h5 in 19.98 seconds
2025-09-18 23:47:38,848 - INFO - Processing /viper/ptmp/arego/RC4K1/20145.h5
2025-09-18 23:47:40,118 - INFO - File 29763: Filtered 7554979 hits and 7 records
2025-09-18 23:47:40,229 - INFO - Completed /viper/ptmp/arego/RC4K1_EN_100/5648.h5 in 13.38 seconds
2025-09-18 23:47:40,487 - INFO - Processing /viper/ptmp/arego/RC4K1/6490.h5
2025-09-18 23:47:40,624 - INFO - Completed /viper/ptmp/arego/RC4K1_EN_100/23243.h5 in 17.31 seconds
2025-09-18 23:47:40,788 - INFO - Completed /viper/ptmp/arego/RC4K1_EN_100/12354.h5 in 25.74 seconds
2025-09-18 23:47:40,890 - INFO - Processing /viper/ptmp/arego/RC4K1/16007.h5
2025-09-18 23:47:40,977 - INFO - File 24884: Filtered 9228855 hits and 5 records
2025-09-18 23:47:41,797 - INFO - Processing /viper/ptmp/arego/RC4K1/28598.h5
2025-09-18 23:47:41,817 - INFO - Completed /viper/ptmp/arego/RC4K1_EN_100/18814.h5 in 14.07 seconds
2025-09-18 23:47:41,847 - INFO - File 20145: Filtered 6564382 hits and 7 records
2025-09-18 23:47:42,465 - INFO - Processing /viper/ptmp/arego/RC4K1/20729.h5
2025-09-18 23:47:43,359 - INFO - File 6490: Filtered 7164284 hits and 8 records
2025-09-18 23:47:43,905 - INFO - File 16007: Filtered 8518263 hits and 8 records
2025-09-18 23:47:44,737 - INFO - Completed /viper/ptmp/arego/RC4K1_EN_100/14147.h5 in 31.98 seconds
2025-09-18 23:47:44,974 - INFO - Processing /viper/ptmp/arego/RC4K1/8065.h5
2025-09-18 23:47:45,281 - INFO - File 28598: Filtered 5406882 hits and 4 records
2025-09-18 23:47:45,802 - INFO - File 20729: Filtered 9848574 hits and 10 records
2025-09-18 23:47:46,982 - INFO - Completed /viper/ptmp/arego/RC4K1_EN_100/21656.h5 in 27.18 seconds
2025-09-18 23:47:47,188 - INFO - Processing /viper/ptmp/arego/RC4K1/24456.h5
2025-09-18 23:47:47,426 - INFO - File 8065: Filtered 6220982 hits and 8 records
2025-09-18 23:47:49,527 - INFO - File 24456: Filtered 8810793 hits and 7 records
2025-09-18 23:47:49,823 - INFO - Completed /viper/ptmp/arego/RC4K1_EN_100/6505.h5 in 24.91 seconds
2025-09-18 23:47:50,059 - INFO - Processing /viper/ptmp/arego/RC4K1/29206.h5
2025-09-18 23:47:50,064 - INFO - Completed /viper/ptmp/arego/RC4K1_EN_100/16595.h5 in 20.94 seconds
2025-09-18 23:47:50,244 - INFO - Processing /viper/ptmp/arego/RC4K1/18243.h5
2025-09-18 23:47:51,637 - INFO - Completed /viper/ptmp/arego/RC4K1_EN_100/17185.h5 in 30.68 seconds
2025-09-18 23:47:51,882 - INFO - Processing /viper/ptmp/arego/RC4K1/23111.h5
2025-09-18 23:47:52,675 - INFO - File 29206: Filtered 6814587 hits and 8 records
2025-09-18 23:47:53,459 - INFO - File 18243: Filtered 4653060 hits and 7 records
2025-09-18 23:47:54,562 - INFO - File 23111: Filtered 10334191 hits and 8 records
2025-09-18 23:47:55,393 - INFO - Completed /viper/ptmp/arego/RC4K1_EN_100/24884.h5 in 17.38 seconds
2025-09-18 23:47:55,574 - INFO - Processing /viper/ptmp/arego/RC4K1/12790.h5
2025-09-18 23:47:58,533 - INFO - File 12790: Filtered 6705449 hits and 9 records
2025-09-18 23:47:58,666 - INFO - Completed /viper/ptmp/arego/RC4K1_EN_100/25940.h5 in 33.12 seconds
2025-09-18 23:47:58,894 - INFO - Processing /viper/ptmp/arego/RC4K1/1598.h5
2025-09-18 23:47:59,687 - INFO - Completed /viper/ptmp/arego/RC4K1_EN_100/20729.h5 in 17.22 seconds
2025-09-18 23:47:59,845 - INFO - Completed /viper/ptmp/arego/RC4K1_EN_100/23111.h5 in 7.96 seconds
2025-09-18 23:47:59,932 - INFO - Processing /viper/ptmp/arego/RC4K1/29405.h5
2025-09-18 23:48:00,035 - INFO - Processing /viper/ptmp/arego/RC4K1/22274.h5
2025-09-18 23:48:00,535 - INFO - Completed /viper/ptmp/arego/RC4K1_EN_100/29763.h5 in 23.21 seconds
2025-09-18 23:48:00,780 - INFO - Processing /viper/ptmp/arego/RC4K1/21571.h5
2025-09-18 23:48:00,908 - INFO - Completed /viper/ptmp/arego/RC4K1_EN_100/16007.h5 in 20.02 seconds
2025-09-18 23:48:01,278 - INFO - Completed /viper/ptmp/arego/RC4K1_EN_100/24456.h5 in 14.09 seconds
2025-09-18 23:48:01,491 - INFO - Processing /viper/ptmp/arego/RC4K1/9802.h5
2025-09-18 23:48:01,694 - INFO - Processing /viper/ptmp/arego/RC4K1/24861.h5
2025-09-18 23:48:02,024 - INFO - File 1598: Filtered 4603474 hits and 6 records
2025-09-18 23:48:02,239 - INFO - Completed /viper/ptmp/arego/RC4K1_EN_100/20145.h5 in 23.39 seconds
2025-09-18 23:48:02,266 - INFO - Completed /viper/ptmp/arego/RC4K1_EN_100/6490.h5 in 21.78 seconds
2025-09-18 23:48:02,635 - INFO - Processing /viper/ptmp/arego/RC4K1/4558.h5
2025-09-18 23:48:03,132 - INFO - File 22274: Filtered 5242810 hits and 5 records
2025-09-18 23:48:03,732 - INFO - Processing /viper/ptmp/arego/RC4K1/12764.h5
2025-09-18 23:48:04,097 - INFO - File 29405: Filtered 7245902 hits and 9 records
2025-09-18 23:48:05,226 - INFO - File 9802: Filtered 8201158 hits and 8 records
2025-09-18 23:48:05,368 - INFO - Completed /viper/ptmp/arego/RC4K1_EN_100/21851.h5 in 34.07 seconds
2025-09-18 23:48:05,692 - INFO - Processing /viper/ptmp/arego/RC4K1/544.h5
2025-09-18 23:48:05,827 - INFO - Completed /viper/ptmp/arego/RC4K1_EN_100/12837.h5 in 43.32 seconds
2025-09-18 23:48:06,019 - INFO - File 21571: Filtered 4480690 hits and 5 records
2025-09-18 23:48:06,187 - INFO - Processing /viper/ptmp/arego/RC4K1/11996.h5
2025-09-18 23:48:06,763 - INFO - File 24861: Filtered 9145915 hits and 8 records
2025-09-18 23:48:07,040 - INFO - File 4558: Filtered 8665612 hits and 9 records
2025-09-18 23:48:07,764 - INFO - File 12764: Filtered 4611901 hits and 7 records
2025-09-18 23:48:09,505 - INFO - File 544: Filtered 5493576 hits and 6 records
2025-09-18 23:48:09,681 - INFO - File 11996: Filtered 5902487 hits and 7 records
2025-09-18 23:48:11,026 - INFO - Completed /viper/ptmp/arego/RC4K1_EN_100/25921.h5 in 38.99 seconds
2025-09-18 23:48:11,169 - INFO - Completed /viper/ptmp/arego/RC4K1_EN_100/8065.h5 in 26.20 seconds
2025-09-18 23:48:11,204 - INFO - Processing /viper/ptmp/arego/RC4K1/29971.h5
2025-09-18 23:48:11,890 - INFO - Processing /viper/ptmp/arego/RC4K1/5566.h5
2025-09-18 23:48:13,505 - INFO - Completed /viper/ptmp/arego/RC4K1_EN_100/29206.h5 in 23.45 seconds
2025-09-18 23:48:13,751 - INFO - Processing /viper/ptmp/arego/RC4K1/1499.h5
2025-09-18 23:48:14,109 - INFO - File 29971: Filtered 4722013 hits and 6 records
2025-09-18 23:48:14,989 - INFO - File 5566: Filtered 8309929 hits and 7 records
2025-09-18 23:48:16,763 - INFO - Completed /viper/ptmp/arego/RC4K1_EN_100/28598.h5 in 34.97 seconds
2025-09-18 23:48:16,842 - INFO - File 1499: Filtered 8696010 hits and 9 records
2025-09-18 23:48:16,996 - INFO - Processing /viper/ptmp/arego/RC4K1/5819.h5
2025-09-18 23:48:19,898 - INFO - File 5819: Filtered 6522129 hits and 4 records
2025-09-18 23:48:22,025 - INFO - Completed /viper/ptmp/arego/RC4K1_EN_100/4558.h5 in 19.39 seconds
2025-09-18 23:48:22,200 - INFO - Processing /viper/ptmp/arego/RC4K1/20136.h5
2025-09-18 23:48:22,347 - INFO - Completed /viper/ptmp/arego/RC4K1_EN_100/9802.h5 in 20.86 seconds
2025-09-18 23:48:22,937 - INFO - Processing /viper/ptmp/arego/RC4K1/13591.h5
2025-09-18 23:48:25,118 - INFO - File 20136: Filtered 8761626 hits and 6 records
2025-09-18 23:48:26,211 - INFO - File 13591: Filtered 7072062 hits and 6 records
2025-09-18 23:48:27,008 - INFO - Completed /viper/ptmp/arego/RC4K1_EN_100/24861.h5 in 25.31 seconds
2025-09-18 23:48:27,210 - INFO - Processing /viper/ptmp/arego/RC4K1/17036.h5
2025-09-18 23:48:29,129 - INFO - Completed /viper/ptmp/arego/RC4K1_EN_100/12790.h5 in 33.55 seconds
2025-09-18 23:48:29,366 - INFO - Processing /viper/ptmp/arego/RC4K1/21352.h5
2025-09-18 23:48:30,183 - INFO - File 17036: Filtered 5971509 hits and 7 records
2025-09-18 23:48:30,636 - INFO - Completed /viper/ptmp/arego/RC4K1_EN_100/18243.h5 in 40.39 seconds
2025-09-18 23:48:30,834 - INFO - Processing /viper/ptmp/arego/RC4K1/19921.h5
2025-09-18 23:48:31,846 - INFO - Completed /viper/ptmp/arego/RC4K1_EN_100/22274.h5 in 31.81 seconds
2025-09-18 23:48:32,052 - INFO - Processing /viper/ptmp/arego/RC4K1/21490.h5
2025-09-18 23:48:32,589 - INFO - File 21352: Filtered 5870823 hits and 6 records
2025-09-18 23:48:33,128 - INFO - Completed /viper/ptmp/arego/RC4K1_EN_100/29405.h5 in 33.20 seconds
2025-09-18 23:48:33,406 - INFO - Processing /viper/ptmp/arego/RC4K1/11218.h5
2025-09-18 23:48:34,589 - INFO - File 19921: Filtered 7578604 hits and 6 records
2025-09-18 23:48:35,303 - INFO - File 21490: Filtered 6333142 hits and 8 records
2025-09-18 23:48:35,996 - INFO - Completed /viper/ptmp/arego/RC4K1_EN_100/1499.h5 in 22.25 seconds
2025-09-18 23:48:36,225 - INFO - Processing /viper/ptmp/arego/RC4K1/15025.h5
2025-09-18 23:48:36,915 - INFO - Completed /viper/ptmp/arego/RC4K1_EN_100/5566.h5 in 25.03 seconds
2025-09-18 23:48:37,014 - INFO - File 11218: Filtered 8366648 hits and 6 records
2025-09-18 23:48:37,157 - INFO - Processing /viper/ptmp/arego/RC4K1/2442.h5
2025-09-18 23:48:39,274 - INFO - File 15025: Filtered 8438440 hits and 8 records
2025-09-18 23:48:39,717 - INFO - Completed /viper/ptmp/arego/RC4K1_EN_100/11996.h5 in 33.53 seconds
2025-09-18 23:48:39,960 - INFO - Processing /viper/ptmp/arego/RC4K1/8380.h5
2025-09-18 23:48:40,720 - INFO - File 2442: Filtered 4861267 hits and 6 records
2025-09-18 23:48:40,772 - INFO - Completed /viper/ptmp/arego/RC4K1_EN_100/12764.h5 in 37.04 seconds
2025-09-18 23:48:41,153 - INFO - Processing /viper/ptmp/arego/RC4K1/3164.h5
2025-09-18 23:48:41,700 - INFO - Completed /viper/ptmp/arego/RC4K1_EN_100/1598.h5 in 42.81 seconds
2025-09-18 23:48:41,921 - INFO - Processing /viper/ptmp/arego/RC4K1/2225.h5
2025-09-18 23:48:43,235 - INFO - File 8380: Filtered 8207636 hits and 11 records
2025-09-18 23:48:44,662 - INFO - File 3164: Filtered 3942961 hits and 6 records
2025-09-18 23:48:45,289 - INFO - File 2225: Filtered 8787768 hits and 7 records
2025-09-18 23:48:46,043 - INFO - Completed /viper/ptmp/arego/RC4K1_EN_100/544.h5 in 40.35 seconds
2025-09-18 23:48:46,256 - INFO - Processing /viper/ptmp/arego/RC4K1/13523.h5
2025-09-18 23:48:46,719 - INFO - Completed /viper/ptmp/arego/RC4K1_EN_100/20136.h5 in 24.52 seconds
2025-09-18 23:48:46,881 - INFO - Processing /viper/ptmp/arego/RC4K1/11438.h5
2025-09-18 23:48:47,724 - INFO - Completed /viper/ptmp/arego/RC4K1_EN_100/21571.h5 in 46.94 seconds
2025-09-18 23:48:47,904 - INFO - Processing /viper/ptmp/arego/RC4K1/24945.h5
2025-09-18 23:48:49,467 - INFO - File 13523: Filtered 11325558 hits and 7 records
2025-09-18 23:48:49,951 - INFO - File 11438: Filtered 13872081 hits and 11 records
2025-09-18 23:48:50,526 - INFO - Completed /viper/ptmp/arego/RC4K1_EN_100/29971.h5 in 39.32 seconds
2025-09-18 23:48:50,741 - INFO - Processing /viper/ptmp/arego/RC4K1/26796.h5
2025-09-18 23:48:51,090 - INFO - File 24945: Filtered 14742836 hits and 8 records
2025-09-18 23:48:51,276 - INFO - Completed /viper/ptmp/arego/RC4K1_EN_100/11438.h5 in 4.40 seconds
2025-09-18 23:48:51,523 - INFO - Processing /viper/ptmp/arego/RC4K1/12816.h5
2025-09-18 23:48:52,116 - INFO - Completed /viper/ptmp/arego/RC4K1_EN_100/5819.h5 in 35.12 seconds
2025-09-18 23:48:52,305 - INFO - Processing /viper/ptmp/arego/RC4K1/15216.h5
2025-09-18 23:48:53,004 - INFO - Completed /viper/ptmp/arego/RC4K1_EN_100/24945.h5 in 5.10 seconds
2025-09-18 23:48:53,211 - INFO - Processing /viper/ptmp/arego/RC4K1/26828.h5
2025-09-18 23:48:53,703 - INFO - Completed /viper/ptmp/arego/RC4K1_EN_100/13591.h5 in 30.77 seconds
2025-09-18 23:48:54,074 - INFO - Processing /viper/ptmp/arego/RC4K1/19753.h5
2025-09-18 23:48:54,116 - INFO - File 26796: Filtered 6408393 hits and 6 records
2025-09-18 23:48:54,948 - INFO - File 12816: Filtered 10061720 hits and 7 records
2025-09-18 23:48:56,240 - INFO - File 15216: Filtered 9465537 hits and 8 records
2025-09-18 23:48:57,350 - INFO - File 26828: Filtered 9764105 hits and 8 records
2025-09-18 23:48:57,569 - INFO - File 19753: Filtered 7139913 hits and 4 records
2025-09-18 23:49:03,440 - INFO - Completed /viper/ptmp/arego/RC4K1_EN_100/15025.h5 in 27.21 seconds
2025-09-18 23:49:03,620 - INFO - Processing /viper/ptmp/arego/RC4K1/24068.h5
2025-09-18 23:49:04,311 - INFO - Completed /viper/ptmp/arego/RC4K1_EN_100/13523.h5 in 18.05 seconds
2025-09-18 23:49:04,479 - INFO - Processing /viper/ptmp/arego/RC4K1/8205.h5
2025-09-18 23:49:04,644 - INFO - Completed /viper/ptmp/arego/RC4K1_EN_100/11218.h5 in 31.24 seconds
2025-09-18 23:49:04,914 - INFO - Completed /viper/ptmp/arego/RC4K1_EN_100/19921.h5 in 34.08 seconds
2025-09-18 23:49:05,190 - INFO - Processing /viper/ptmp/arego/RC4K1/259.h5
2025-09-18 23:49:05,447 - INFO - Completed /viper/ptmp/arego/RC4K1_EN_100/17036.h5 in 38.24 seconds
2025-09-18 23:49:05,871 - INFO - Processing /viper/ptmp/arego/RC4K1/17156.h5
2025-09-18 23:49:06,623 - INFO - Processing /viper/ptmp/arego/RC4K1/29306.h5
2025-09-18 23:49:06,685 - INFO - File 24068: Filtered 9449111 hits and 8 records
2025-09-18 23:49:06,810 - INFO - Completed /viper/ptmp/arego/RC4K1_EN_100/21490.h5 in 34.76 seconds
2025-09-18 23:49:07,062 - INFO - Processing /viper/ptmp/arego/RC4K1/10919.h5
2025-09-18 23:49:08,261 - INFO - Completed /viper/ptmp/arego/RC4K1_EN_100/8380.h5 in 28.30 seconds
2025-09-18 23:49:08,337 - INFO - File 8205: Filtered 6332471 hits and 5 records
2025-09-18 23:49:08,473 - INFO - Processing /viper/ptmp/arego/RC4K1/3343.h5
2025-09-18 23:49:09,511 - INFO - Completed /viper/ptmp/arego/RC4K1_EN_100/21352.h5 in 40.14 seconds
2025-09-18 23:49:09,528 - INFO - File 259: Filtered 11367798 hits and 10 records
2025-09-18 23:49:09,849 - INFO - Processing /viper/ptmp/arego/RC4K1/11126.h5
2025-09-18 23:49:10,771 - INFO - File 10919: Filtered 13643857 hits and 8 records
2025-09-18 23:49:11,979 - INFO - File 17156: Filtered 14760133 hits and 7 records
2025-09-18 23:49:12,361 - INFO - File 29306: Filtered 11715293 hits and 11 records
2025-09-18 23:49:12,680 - INFO - File 3343: Filtered 7168660 hits and 5 records
2025-09-18 23:49:12,811 - INFO - Completed /viper/ptmp/arego/RC4K1_EN_100/12816.h5 in 21.29 seconds
2025-09-18 23:49:13,079 - INFO - Processing /viper/ptmp/arego/RC4K1/15009.h5
2025-09-18 23:49:13,654 - INFO - Completed /viper/ptmp/arego/RC4K1_EN_100/2225.h5 in 31.73 seconds
2025-09-18 23:49:13,930 - INFO - Processing /viper/ptmp/arego/RC4K1/12618.h5
2025-09-18 23:49:14,116 - INFO - File 11126: Filtered 11565504 hits and 9 records
2025-09-18 23:49:16,309 - INFO - File 15009: Filtered 6588125 hits and 8 records
2025-09-18 23:49:17,276 - INFO - Completed /viper/ptmp/arego/RC4K1_EN_100/10919.h5 in 10.21 seconds
2025-09-18 23:49:17,490 - INFO - Processing /viper/ptmp/arego/RC4K1/5527.h5
2025-09-18 23:49:17,646 - INFO - File 12618: Filtered 11528859 hits and 7 records
2025-09-18 23:49:18,885 - INFO - Completed /viper/ptmp/arego/RC4K1_EN_100/2442.h5 in 41.73 seconds
2025-09-18 23:49:19,132 - INFO - Processing /viper/ptmp/arego/RC4K1/18668.h5
2025-09-18 23:49:19,500 - INFO - Completed /viper/ptmp/arego/RC4K1_EN_100/17156.h5 in 13.63 seconds
2025-09-18 23:49:19,682 - INFO - Processing /viper/ptmp/arego/RC4K1/27610.h5
2025-09-18 23:49:20,640 - INFO - File 5527: Filtered 13251222 hits and 7 records
2025-09-18 23:49:21,844 - INFO - Completed /viper/ptmp/arego/RC4K1_EN_100/15216.h5 in 29.54 seconds
2025-09-18 23:49:22,110 - INFO - Processing /viper/ptmp/arego/RC4K1/18130.h5
2025-09-18 23:49:22,826 - INFO - File 18668: Filtered 8985348 hits and 6 records
2025-09-18 23:49:23,232 - INFO - Completed /viper/ptmp/arego/RC4K1_EN_100/26828.h5 in 30.02 seconds
2025-09-18 23:49:23,326 - INFO - File 27610: Filtered 13358500 hits and 7 records
2025-09-18 23:49:23,463 - INFO - Processing /viper/ptmp/arego/RC4K1/8669.h5
2025-09-18 23:49:24,235 - INFO - Completed /viper/ptmp/arego/RC4K1_EN_100/3164.h5 in 43.08 seconds
2025-09-18 23:49:24,426 - INFO - Processing /viper/ptmp/arego/RC4K1/6086.h5
2025-09-18 23:49:25,790 - INFO - File 18130: Filtered 8003595 hits and 6 records
2025-09-18 23:49:27,431 - INFO - File 8669: Filtered 10351561 hits and 8 records
2025-09-18 23:49:27,492 - INFO - Completed /viper/ptmp/arego/RC4K1_EN_100/24068.h5 in 23.87 seconds
2025-09-18 23:49:27,712 - INFO - Processing /viper/ptmp/arego/RC4K1/6168.h5
2025-09-18 23:49:28,124 - INFO - Completed /viper/ptmp/arego/RC4K1_EN_100/26796.h5 in 37.38 seconds
2025-09-18 23:49:28,285 - INFO - File 6086: Filtered 8286979 hits and 6 records
2025-09-18 23:49:28,442 - INFO - Completed /viper/ptmp/arego/RC4K1_EN_100/19753.h5 in 34.37 seconds
2025-09-18 23:49:28,534 - INFO - Processing /viper/ptmp/arego/RC4K1/20940.h5
2025-09-18 23:49:28,760 - INFO - Completed /viper/ptmp/arego/RC4K1_EN_100/5527.h5 in 11.27 seconds
2025-09-18 23:49:29,250 - INFO - Processing /viper/ptmp/arego/RC4K1/23090.h5
2025-09-18 23:49:30,082 - INFO - Processing /viper/ptmp/arego/RC4K1/23400.h5
2025-09-18 23:49:31,379 - INFO - File 6168: Filtered 5608423 hits and 10 records
2025-09-18 23:49:31,658 - INFO - Completed /viper/ptmp/arego/RC4K1_EN_100/259.h5 in 26.47 seconds
2025-09-18 23:49:31,878 - INFO - Processing /viper/ptmp/arego/RC4K1/14699.h5
2025-09-18 23:49:32,440 - INFO - File 20940: Filtered 11485632 hits and 7 records
2025-09-18 23:49:32,674 - INFO - Completed /viper/ptmp/arego/RC4K1_EN_100/29306.h5 in 26.05 seconds
2025-09-18 23:49:33,131 - INFO - Processing /viper/ptmp/arego/RC4K1/12529.h5
2025-09-18 23:49:33,900 - INFO - File 23090: Filtered 10241636 hits and 8 records
2025-09-18 23:49:34,311 - INFO - Completed /viper/ptmp/arego/RC4K1_EN_100/11126.h5 in 24.46 seconds
2025-09-18 23:49:34,589 - INFO - Processing /viper/ptmp/arego/RC4K1/12977.h5
2025-09-18 23:49:34,903 - INFO - File 23400: Filtered 8352316 hits and 10 records
2025-09-18 23:49:36,052 - INFO - File 14699: Filtered 13259731 hits and 7 records
2025-09-18 23:49:37,410 - INFO - File 12529: Filtered 12413352 hits and 9 records
2025-09-18 23:49:38,138 - INFO - Completed /viper/ptmp/arego/RC4K1_EN_100/12618.h5 in 24.21 seconds
2025-09-18 23:49:38,334 - INFO - Completed /viper/ptmp/arego/RC4K1_EN_100/27610.h5 in 18.65 seconds
2025-09-18 23:49:38,356 - INFO - Processing /viper/ptmp/arego/RC4K1/11521.h5
2025-09-18 23:49:38,661 - INFO - File 12977: Filtered 11135655 hits and 6 records
2025-09-18 23:49:39,184 - INFO - Processing /viper/ptmp/arego/RC4K1/26261.h5
2025-09-18 23:49:42,294 - INFO - File 11521: Filtered 7486980 hits and 8 records
2025-09-18 23:49:43,017 - INFO - File 26261: Filtered 13979515 hits and 7 records
2025-09-18 23:49:47,496 - INFO - Completed /viper/ptmp/arego/RC4K1_EN_100/3343.h5 in 39.02 seconds
2025-09-18 23:49:47,675 - INFO - Processing /viper/ptmp/arego/RC4K1/29139.h5
2025-09-18 23:49:49,697 - INFO - Completed /viper/ptmp/arego/RC4K1_EN_100/20940.h5 in 21.16 seconds
2025-09-18 23:49:49,932 - INFO - Processing /viper/ptmp/arego/RC4K1/18624.h5
2025-09-18 23:49:51,119 - INFO - File 29139: Filtered 2844217 hits and 5 records
2025-09-18 23:49:51,209 - INFO - Completed /viper/ptmp/arego/RC4K1_EN_100/18668.h5 in 32.08 seconds
2025-09-18 23:49:51,455 - INFO - Processing /viper/ptmp/arego/RC4K1/16381.h5
2025-09-18 23:49:52,739 - INFO - Completed /viper/ptmp/arego/RC4K1_EN_100/14699.h5 in 20.86 seconds
2025-09-18 23:49:53,050 - INFO - Processing /viper/ptmp/arego/RC4K1/19886.h5
2025-09-18 23:49:53,319 - INFO - Completed /viper/ptmp/arego/RC4K1_EN_100/15009.h5 in 40.24 seconds
2025-09-18 23:49:53,561 - INFO - Processing /viper/ptmp/arego/RC4K1/24037.h5
2025-09-18 23:49:53,857 - INFO - File 18624: Filtered 9906431 hits and 7 records
2025-09-18 23:49:54,696 - INFO - Completed /viper/ptmp/arego/RC4K1_EN_100/8669.h5 in 31.23 seconds
2025-09-18 23:49:54,700 - INFO - Completed /viper/ptmp/arego/RC4K1_EN_100/8205.h5 in 50.22 seconds
2025-09-18 23:49:54,914 - INFO - Processing /viper/ptmp/arego/RC4K1/26602.h5
2025-09-18 23:49:55,425 - INFO - File 16381: Filtered 9606259 hits and 8 records
2025-09-18 23:49:55,749 - INFO - Processing /viper/ptmp/arego/RC4K1/28345.h5
2025-09-18 23:49:57,397 - INFO - File 19886: Filtered 16883284 hits and 7 records
2025-09-18 23:49:57,751 - INFO - File 24037: Filtered 15487226 hits and 8 records
2025-09-18 23:49:58,045 - INFO - Completed /viper/ptmp/arego/RC4K1_EN_100/23090.h5 in 28.80 seconds
2025-09-18 23:49:58,208 - INFO - Completed /viper/ptmp/arego/RC4K1_EN_100/26261.h5 in 19.02 seconds
2025-09-18 23:49:58,255 - INFO - Processing /viper/ptmp/arego/RC4K1/4797.h5
2025-09-18 23:49:58,614 - INFO - Processing /viper/ptmp/arego/RC4K1/23370.h5
2025-09-18 23:49:59,400 - INFO - Completed /viper/ptmp/arego/RC4K1_EN_100/12529.h5 in 26.27 seconds
2025-09-18 23:49:59,631 - INFO - File 26602: Filtered 2695314 hits and 7 records
2025-09-18 23:49:59,647 - INFO - Processing /viper/ptmp/arego/RC4K1/16911.h5
2025-09-18 23:50:00,189 - INFO - File 28345: Filtered 6056390 hits and 5 records
2025-09-18 23:50:00,893 - INFO - Completed /viper/ptmp/arego/RC4K1_EN_100/6086.h5 in 36.47 seconds
2025-09-18 23:50:01,183 - INFO - Processing /viper/ptmp/arego/RC4K1/4926.h5
2025-09-18 23:50:01,695 - INFO - Completed /viper/ptmp/arego/RC4K1_EN_100/19886.h5 in 8.65 seconds
2025-09-18 23:50:02,016 - INFO - Processing /viper/ptmp/arego/RC4K1/24427.h5
2025-09-18 23:50:02,583 - INFO - File 4797: Filtered 10939643 hits and 9 records
2025-09-18 23:50:03,269 - INFO - Completed /viper/ptmp/arego/RC4K1_EN_100/24037.h5 in 9.71 seconds
2025-09-18 23:50:03,509 - INFO - Processing /viper/ptmp/arego/RC4K1/19537.h5
2025-09-18 23:50:04,506 - INFO - File 23370: Filtered 14613262 hits and 6 records
2025-09-18 23:50:05,757 - INFO - File 16911: Filtered 8499837 hits and 5 records
2025-09-18 23:50:05,813 - INFO - File 4926: Filtered 10332928 hits and 9 records
2025-09-18 23:50:05,979 - INFO - Completed /viper/ptmp/arego/RC4K1_EN_100/18130.h5 in 43.87 seconds
2025-09-18 23:50:06,170 - INFO - Completed /viper/ptmp/arego/RC4K1_EN_100/12977.h5 in 31.58 seconds
2025-09-18 23:50:06,275 - INFO - Processing /viper/ptmp/arego/RC4K1/14659.h5
2025-09-18 23:50:07,466 - INFO - Processing /viper/ptmp/arego/RC4K1/23434.h5
2025-09-18 23:50:07,716 - INFO - File 24427: Filtered 11805264 hits and 13 records
2025-09-18 23:50:07,957 - INFO - File 19537: Filtered 10524040 hits and 8 records
2025-09-18 23:50:09,112 - INFO - Completed /viper/ptmp/arego/RC4K1_EN_100/23400.h5 in 39.03 seconds
2025-09-18 23:50:09,317 - INFO - Processing /viper/ptmp/arego/RC4K1/10608.h5
2025-09-18 23:50:10,955 - INFO - File 14659: Filtered 5740422 hits and 6 records
2025-09-18 23:50:12,136 - INFO - File 23434: Filtered 12700753 hits and 11 records
2025-09-18 23:50:13,439 - INFO - File 10608: Filtered 11319327 hits and 10 records
2025-09-18 23:50:15,433 - INFO - Completed /viper/ptmp/arego/RC4K1_EN_100/6168.h5 in 47.72 seconds
2025-09-18 23:50:15,657 - INFO - Processing /viper/ptmp/arego/RC4K1/1459.h5
2025-09-18 23:50:19,030 - INFO - File 1459: Filtered 12779272 hits and 8 records
2025-09-18 23:50:20,206 - INFO - Completed /viper/ptmp/arego/RC4K1_EN_100/23370.h5 in 21.59 seconds
2025-09-18 23:50:20,380 - INFO - Processing /viper/ptmp/arego/RC4K1/11192.h5
2025-09-18 23:50:20,558 - INFO - Completed /viper/ptmp/arego/RC4K1_EN_100/11521.h5 in 42.20 seconds
2025-09-18 23:50:21,027 - INFO - Completed /viper/ptmp/arego/RC4K1_EN_100/18624.h5 in 31.10 seconds
2025-09-18 23:50:21,137 - INFO - Processing /viper/ptmp/arego/RC4K1/3846.h5
2025-09-18 23:50:21,200 - INFO - Processing /viper/ptmp/arego/RC4K1/17962.h5
2025-09-18 23:50:24,497 - INFO - Completed /viper/ptmp/arego/RC4K1_EN_100/16381.h5 in 33.04 seconds
2025-09-18 23:50:24,759 - INFO - Processing /viper/ptmp/arego/RC4K1/10765.h5
2025-09-18 23:50:25,242 - INFO - File 17962: Filtered 5084729 hits and 5 records
2025-09-18 23:50:25,389 - INFO - File 11192: Filtered 6188976 hits and 5 records
2025-09-18 23:50:26,175 - INFO - File 3846: Filtered 10937176 hits and 10 records
2025-09-18 23:50:27,846 - INFO - Completed /viper/ptmp/arego/RC4K1_EN_100/4797.h5 in 29.59 seconds
2025-09-18 23:50:28,163 - INFO - Processing /viper/ptmp/arego/RC4K1/27358.h5
2025-09-18 23:50:28,790 - INFO - File 10765: Filtered 11878861 hits and 4 records
2025-09-18 23:50:31,757 - INFO - File 27358: Filtered 10114955 hits and 8 records
2025-09-18 23:50:33,648 - INFO - Completed /viper/ptmp/arego/RC4K1_EN_100/4926.h5 in 32.47 seconds
2025-09-18 23:50:33,869 - INFO - Processing /viper/ptmp/arego/RC4K1/72.h5
2025-09-18 23:50:34,429 - INFO - Completed /viper/ptmp/arego/RC4K1_EN_100/19537.h5 in 30.92 seconds
2025-09-18 23:50:34,835 - INFO - Processing /viper/ptmp/arego/RC4K1/21301.h5
2025-09-18 23:50:36,133 - INFO - Completed /viper/ptmp/arego/RC4K1_EN_100/1459.h5 in 20.48 seconds
2025-09-18 23:50:36,458 - INFO - Processing /viper/ptmp/arego/RC4K1/14264.h5
2025-09-18 23:50:36,902 - INFO - Completed /viper/ptmp/arego/RC4K1_EN_100/10608.h5 in 27.58 seconds
2025-09-18 23:50:37,496 - INFO - Processing /viper/ptmp/arego/RC4K1/9467.h5
2025-09-18 23:50:37,734 - INFO - File 72: Filtered 8269446 hits and 5 records
2025-09-18 23:50:38,239 - INFO - Completed /viper/ptmp/arego/RC4K1_EN_100/23434.h5 in 30.77 seconds
2025-09-18 23:50:38,419 - INFO - Completed /viper/ptmp/arego/RC4K1_EN_100/24427.h5 in 36.40 seconds
2025-09-18 23:50:38,466 - INFO - Processing /viper/ptmp/arego/RC4K1/1786.h5
2025-09-18 23:50:38,859 - INFO - File 21301: Filtered 10392460 hits and 5 records
2025-09-18 23:50:39,316 - INFO - Processing /viper/ptmp/arego/RC4K1/13967.h5
2025-09-18 23:50:41,311 - INFO - File 14264: Filtered 15887959 hits and 9 records
2025-09-18 23:50:42,331 - INFO - File 9467: Filtered 9868842 hits and 8 records
2025-09-18 23:50:43,500 - INFO - File 1786: Filtered 10574380 hits and 8 records
2025-09-18 23:50:44,703 - INFO - File 13967: Filtered 4436520 hits and 7 records
2025-09-18 23:50:46,773 - INFO - Completed /viper/ptmp/arego/RC4K1_EN_100/16911.h5 in 47.13 seconds
2025-09-18 23:50:46,955 - INFO - Processing /viper/ptmp/arego/RC4K1/1840.h5
2025-09-18 23:50:48,823 - INFO - Completed /viper/ptmp/arego/RC4K1_EN_100/29139.h5 in 61.15 seconds
2025-09-18 23:50:49,008 - INFO - Processing /viper/ptmp/arego/RC4K1/14021.h5
2025-09-18 23:50:49,504 - INFO - Completed /viper/ptmp/arego/RC4K1_EN_100/14264.h5 in 13.05 seconds
2025-09-18 23:50:49,738 - INFO - Processing /viper/ptmp/arego/RC4K1/29185.h5
2025-09-18 23:50:49,744 - INFO - Completed /viper/ptmp/arego/RC4K1_EN_100/10765.h5 in 24.99 seconds
2025-09-18 23:50:50,487 - INFO - Processing /viper/ptmp/arego/RC4K1/28925.h5
2025-09-18 23:50:51,208 - INFO - File 1840: Filtered 10527529 hits and 7 records
2025-09-18 23:50:53,095 - INFO - Completed /viper/ptmp/arego/RC4K1_EN_100/28345.h5 in 57.35 seconds
2025-09-18 23:50:53,332 - INFO - Processing /viper/ptmp/arego/RC4K1/6842.h5
2025-09-18 23:50:53,811 - INFO - File 14021: Filtered 12971376 hits and 9 records
2025-09-18 23:50:54,697 - INFO - File 29185: Filtered 12931963 hits and 8 records
2025-09-18 23:50:55,431 - INFO - File 28925: Filtered 6712438 hits and 5 records
2025-09-18 23:50:57,980 - INFO - File 6842: Filtered 10051889 hits and 7 records
2025-09-18 23:51:00,650 - INFO - Completed /viper/ptmp/arego/RC4K1_EN_100/3846.h5 in 39.51 seconds
2025-09-18 23:51:00,834 - INFO - Processing /viper/ptmp/arego/RC4K1/7680.h5
2025-09-18 23:51:01,792 - INFO - Completed /viper/ptmp/arego/RC4K1_EN_100/27358.h5 in 33.63 seconds
2025-09-18 23:51:01,951 - INFO - Processing /viper/ptmp/arego/RC4K1/5312.h5
2025-09-18 23:51:05,394 - INFO - File 7680: Filtered 12224458 hits and 7 records
2025-09-18 23:51:06,300 - INFO - File 5312: Filtered 5150332 hits and 9 records
2025-09-18 23:51:07,225 - INFO - Completed /viper/ptmp/arego/RC4K1_EN_100/14659.h5 in 60.95 seconds
2025-09-18 23:51:07,455 - INFO - Processing /viper/ptmp/arego/RC4K1/28835.h5
2025-09-18 23:51:08,646 - INFO - Completed /viper/ptmp/arego/RC4K1_EN_100/21301.h5 in 33.81 seconds
2025-09-18 23:51:08,814 - INFO - Processing /viper/ptmp/arego/RC4K1/22956.h5
2025-09-18 23:51:10,025 - INFO - Completed /viper/ptmp/arego/RC4K1_EN_100/17962.h5 in 48.83 seconds
2025-09-18 23:51:10,282 - INFO - Processing /viper/ptmp/arego/RC4K1/26036.h5
2025-09-18 23:51:11,027 - INFO - Completed /viper/ptmp/arego/RC4K1_EN_100/26602.h5 in 76.11 seconds
2025-09-18 23:51:11,324 - INFO - Processing /viper/ptmp/arego/RC4K1/10471.h5
2025-09-18 23:51:12,090 - INFO - File 28835: Filtered 7355708 hits and 4 records
2025-09-18 23:51:13,481 - INFO - File 22956: Filtered 9858645 hits and 8 records
2025-09-18 23:51:15,034 - INFO - File 26036: Filtered 8229133 hits and 7 records
2025-09-18 23:51:16,336 - INFO - Completed /viper/ptmp/arego/RC4K1_EN_100/72.h5 in 42.47 seconds
2025-09-18 23:51:16,540 - INFO - File 10471: Filtered 8327893 hits and 8 records
2025-09-18 23:51:16,556 - INFO - Processing /viper/ptmp/arego/RC4K1/22833.h5
2025-09-18 23:51:17,354 - INFO - Completed /viper/ptmp/arego/RC4K1_EN_100/9467.h5 in 39.86 seconds
2025-09-18 23:51:17,501 - INFO - Completed /viper/ptmp/arego/RC4K1_EN_100/14021.h5 in 28.49 seconds
2025-09-18 23:51:17,520 - INFO - Completed /viper/ptmp/arego/RC4K1_EN_100/29185.h5 in 27.78 seconds
2025-09-18 23:51:17,536 - INFO - Processing /viper/ptmp/arego/RC4K1/22640.h5
2025-09-18 23:51:18,241 - INFO - Processing /viper/ptmp/arego/RC4K1/14128.h5
2025-09-18 23:51:18,800 - INFO - Processing /viper/ptmp/arego/RC4K1/3054.h5
2025-09-18 23:51:20,642 - INFO - Completed /viper/ptmp/arego/RC4K1_EN_100/1786.h5 in 42.18 seconds
2025-09-18 23:51:20,847 - INFO - Processing /viper/ptmp/arego/RC4K1/26825.h5
2025-09-18 23:51:21,022 - INFO - File 22833: Filtered 8098535 hits and 9 records
2025-09-18 23:51:21,083 - INFO - Completed /viper/ptmp/arego/RC4K1_EN_100/11192.h5 in 60.70 seconds
2025-09-18 23:51:21,595 - INFO - Processing /viper/ptmp/arego/RC4K1/23522.h5
2025-09-18 23:51:22,757 - INFO - File 22640: Filtered 17101080 hits and 5 records
2025-09-18 23:51:24,103 - INFO - File 14128: Filtered 4882315 hits and 4 records
2025-09-18 23:51:24,778 - INFO - File 3054: Filtered 7216782 hits and 7 records
2025-09-18 23:51:26,834 - INFO - File 26825: Filtered 9703706 hits and 8 records
2025-09-18 23:51:27,557 - INFO - File 23522: Filtered 10365214 hits and 7 records
2025-09-18 23:51:29,515 - INFO - Completed /viper/ptmp/arego/RC4K1_EN_100/1840.h5 in 42.56 seconds
2025-09-18 23:51:29,729 - INFO - Processing /viper/ptmp/arego/RC4K1/12295.h5
2025-09-18 23:51:30,497 - INFO - Completed /viper/ptmp/arego/RC4K1_EN_100/22640.h5 in 12.96 seconds
2025-09-18 23:51:30,694 - INFO - Processing /viper/ptmp/arego/RC4K1/16402.h5
2025-09-18 23:51:34,343 - INFO - File 12295: Filtered 12765145 hits and 8 records
2025-09-18 23:51:34,952 - INFO - File 16402: Filtered 17839520 hits and 9 records
2025-09-18 23:51:38,216 - INFO - Completed /viper/ptmp/arego/RC4K1_EN_100/7680.h5 in 37.38 seconds
2025-09-18 23:51:38,395 - INFO - Processing /viper/ptmp/arego/RC4K1/6185.h5
2025-09-18 23:51:39,310 - INFO - Completed /viper/ptmp/arego/RC4K1_EN_100/28925.h5 in 48.82 seconds
2025-09-18 23:51:39,491 - INFO - Processing /viper/ptmp/arego/RC4K1/20326.h5
2025-09-18 23:51:41,068 - INFO - Completed /viper/ptmp/arego/RC4K1_EN_100/16402.h5 in 10.37 seconds
2025-09-18 23:51:41,253 - INFO - Processing /viper/ptmp/arego/RC4K1/9720.h5
2025-09-18 23:51:42,990 - INFO - File 6185: Filtered 12624687 hits and 7 records
2025-09-18 23:51:44,302 - INFO - File 20326: Filtered 10082357 hits and 8 records
2025-09-18 23:51:46,047 - INFO - File 9720: Filtered 6789618 hits and 6 records
2025-09-18 23:51:47,649 - INFO - Completed /viper/ptmp/arego/RC4K1_EN_100/6842.h5 in 54.32 seconds
2025-09-18 23:51:47,885 - INFO - Processing /viper/ptmp/arego/RC4K1/14062.h5
2025-09-18 23:51:50,615 - INFO - Completed /viper/ptmp/arego/RC4K1_EN_100/13967.h5 in 71.30 seconds
2025-09-18 23:51:50,920 - INFO - Processing /viper/ptmp/arego/RC4K1/15141.h5
2025-09-18 23:51:52,495 - INFO - File 14062: Filtered 16615698 hits and 6 records
2025-09-18 23:51:53,061 - INFO - Completed /viper/ptmp/arego/RC4K1_EN_100/26036.h5 in 42.78 seconds
2025-09-18 23:51:53,264 - INFO - Processing /viper/ptmp/arego/RC4K1/17428.h5
2025-09-18 23:51:55,902 - INFO - File 15141: Filtered 13845194 hits and 5 records
2025-09-18 23:51:57,833 - INFO - Completed /viper/ptmp/arego/RC4K1_EN_100/22956.h5 in 49.02 seconds
2025-09-18 23:51:57,985 - INFO - File 17428: Filtered 11696947 hits and 11 records
2025-09-18 23:51:58,036 - INFO - Processing /viper/ptmp/arego/RC4K1/9487.h5
2025-09-18 23:52:02,408 - INFO - File 9487: Filtered 13796137 hits and 11 records
2025-09-18 23:52:05,111 - INFO - Completed /viper/ptmp/arego/RC4K1_EN_100/5312.h5 in 63.16 seconds
2025-09-18 23:52:05,290 - INFO - Processing /viper/ptmp/arego/RC4K1/5044.h5
2025-09-18 23:52:05,395 - INFO - Completed /viper/ptmp/arego/RC4K1_EN_100/23522.h5 in 43.80 seconds
2025-09-18 23:52:05,580 - INFO - Processing /viper/ptmp/arego/RC4K1/20329.h5
2025-09-18 23:52:07,221 - INFO - Completed /viper/ptmp/arego/RC4K1_EN_100/28835.h5 in 59.77 seconds
2025-09-18 23:52:07,407 - INFO - Processing /viper/ptmp/arego/RC4K1/15209.h5
2025-09-18 23:52:07,965 - INFO - Completed /viper/ptmp/arego/RC4K1_EN_100/22833.h5 in 51.41 seconds
2025-09-18 23:52:08,218 - INFO - Processing /viper/ptmp/arego/RC4K1/7002.h5
2025-09-18 23:52:08,454 - INFO - Completed /viper/ptmp/arego/RC4K1_EN_100/26825.h5 in 47.61 seconds
2025-09-18 23:52:08,712 - INFO - Processing /viper/ptmp/arego/RC4K1/24299.h5
2025-09-18 23:52:09,219 - INFO - Completed /viper/ptmp/arego/RC4K1_EN_100/12295.h5 in 39.49 seconds
2025-09-18 23:52:09,561 - INFO - Processing /viper/ptmp/arego/RC4K1/7000.h5
2025-09-18 23:52:09,684 - INFO - File 5044: Filtered 11806242 hits and 8 records
2025-09-18 23:52:10,639 - INFO - File 20329: Filtered 9548034 hits and 8 records
2025-09-18 23:52:11,411 - INFO - Completed /viper/ptmp/arego/RC4K1_EN_100/3054.h5 in 52.61 seconds
2025-09-18 23:52:11,612 - INFO - Processing /viper/ptmp/arego/RC4K1/21563.h5
2025-09-18 23:52:12,575 - INFO - Completed /viper/ptmp/arego/RC4K1_EN_100/14062.h5 in 24.69 seconds
2025-09-18 23:52:12,973 - INFO - Processing /viper/ptmp/arego/RC4K1/25943.h5
2025-09-18 23:52:14,510 - INFO - File 24299: Filtered 16114319 hits and 8 records
2025-09-18 23:52:15,979 - INFO - File 7000: Filtered 13192388 hits and 7 records
2025-09-18 23:52:16,765 - INFO - File 7002: Filtered 15112107 hits and 7 records
2025-09-18 23:52:17,693 - INFO - File 21563: Filtered 19151909 hits and 7 records
2025-09-18 23:52:18,631 - INFO - File 15209: Filtered 11092468 hits and 6 records
2025-09-18 23:52:19,579 - INFO - Completed /viper/ptmp/arego/RC4K1_EN_100/10471.h5 in 68.25 seconds
2025-09-18 23:52:19,803 - INFO - Processing /viper/ptmp/arego/RC4K1/23422.h5
2025-09-18 23:52:19,995 - INFO - File 25943: Filtered 10058646 hits and 8 records
2025-09-18 23:52:20,589 - INFO - Completed /viper/ptmp/arego/RC4K1_EN_100/6185.h5 in 42.19 seconds
2025-09-18 23:52:20,783 - INFO - Processing /viper/ptmp/arego/RC4K1/7774.h5
2025-09-18 23:52:24,049 - INFO - Completed /viper/ptmp/arego/RC4K1_EN_100/20326.h5 in 44.56 seconds
2025-09-18 23:52:24,202 - INFO - Processing /viper/ptmp/arego/RC4K1/4785.h5
2025-09-18 23:52:24,726 - INFO - Completed /viper/ptmp/arego/RC4K1_EN_100/21563.h5 in 13.11 seconds
2025-09-18 23:52:24,884 - INFO - Processing /viper/ptmp/arego/RC4K1/20079.h5
2025-09-18 23:52:25,151 - INFO - Completed /viper/ptmp/arego/RC4K1_EN_100/14128.h5 in 66.91 seconds
2025-09-18 23:52:25,511 - INFO - Processing /viper/ptmp/arego/RC4K1/1477.h5
2025-09-18 23:52:29,845 - INFO - Completed /viper/ptmp/arego/RC4K1_EN_100/9487.h5 in 31.81 seconds
2025-09-18 23:52:30,166 - INFO - Processing /viper/ptmp/arego/RC4K1/16337.h5
2025-09-18 23:52:30,661 - INFO - File 23422: Filtered 10833355 hits and 5 records
2025-09-18 23:52:30,662 - INFO - Completed /viper/ptmp/arego/RC4K1_EN_100/15141.h5 in 39.74 seconds
2025-09-18 23:52:30,940 - INFO - Processing /viper/ptmp/arego/RC4K1/25310.h5
2025-09-18 23:52:30,959 - INFO - File 7774: Filtered 13398067 hits and 5 records
2025-09-18 23:52:31,014 - INFO - File 4785: Filtered 9716638 hits and 5 records
2025-09-18 23:52:31,918 - INFO - Completed /viper/ptmp/arego/RC4K1_EN_100/17428.h5 in 38.65 seconds
2025-09-18 23:52:32,231 - INFO - Processing /viper/ptmp/arego/RC4K1/19895.h5
2025-09-18 23:52:32,313 - INFO - File 20079: Filtered 8625168 hits and 6 records
2025-09-18 23:52:33,031 - INFO - File 1477: Filtered 16406580 hits and 9 records
2025-09-18 23:52:36,533 - INFO - File 16337: Filtered 15624589 hits and 7 records
2025-09-18 23:52:36,547 - INFO - File 25310: Filtered 19042736 hits and 7 records
2025-09-18 23:52:38,031 - INFO - File 19895: Filtered 12013917 hits and 6 records
2025-09-18 23:52:40,130 - INFO - Completed /viper/ptmp/arego/RC4K1_EN_100/7002.h5 in 31.91 seconds
2025-09-18 23:52:40,313 - INFO - Processing /viper/ptmp/arego/RC4K1/2129.h5
2025-09-18 23:52:41,268 - INFO - Completed /viper/ptmp/arego/RC4K1_EN_100/24299.h5 in 32.56 seconds
2025-09-18 23:52:41,439 - INFO - Processing /viper/ptmp/arego/RC4K1/26107.h5
2025-09-18 23:52:44,744 - INFO - Completed /viper/ptmp/arego/RC4K1_EN_100/9720.h5 in 63.49 seconds
2025-09-18 23:52:44,922 - INFO - Completed /viper/ptmp/arego/RC4K1_EN_100/5044.h5 in 39.63 seconds
2025-09-18 23:52:44,970 - INFO - Processing /viper/ptmp/arego/RC4K1/7653.h5
2025-09-18 23:52:45,209 - INFO - File 2129: Filtered 13193550 hits and 4 records
2025-09-18 23:52:45,975 - INFO - Processing /viper/ptmp/arego/RC4K1/16183.h5
2025-09-18 23:52:46,558 - INFO - File 26107: Filtered 11722208 hits and 7 records
2025-09-18 23:52:49,391 - INFO - Completed /viper/ptmp/arego/RC4K1_EN_100/25310.h5 in 18.45 seconds
2025-09-18 23:52:49,621 - INFO - Processing /viper/ptmp/arego/RC4K1/19981.h5
2025-09-18 23:52:50,269 - INFO - File 7653: Filtered 6886408 hits and 5 records
2025-09-18 23:52:51,261 - INFO - File 16183: Filtered 14407357 hits and 6 records
2025-09-18 23:52:54,548 - INFO - Completed /viper/ptmp/arego/RC4K1_EN_100/7000.h5 in 44.99 seconds
2025-09-18 23:52:54,714 - INFO - File 19981: Filtered 13460633 hits and 10 records
2025-09-18 23:52:54,751 - INFO - Processing /viper/ptmp/arego/RC4K1/22139.h5
2025-09-18 23:52:55,486 - INFO - Completed /viper/ptmp/arego/RC4K1_EN_100/1477.h5 in 29.97 seconds
2025-09-18 23:52:55,661 - INFO - Processing /viper/ptmp/arego/RC4K1/17979.h5
2025-09-18 23:52:58,951 - INFO - Completed /viper/ptmp/arego/RC4K1_EN_100/20329.h5 in 53.37 seconds
2025-09-18 23:52:59,386 - INFO - Processing /viper/ptmp/arego/RC4K1/4818.h5
2025-09-18 23:53:00,132 - INFO - File 22139: Filtered 13591390 hits and 9 records
2025-09-18 23:53:00,315 - INFO - Completed /viper/ptmp/arego/RC4K1_EN_100/15209.h5 in 52.91 seconds
2025-09-18 23:53:00,648 - INFO - Processing /viper/ptmp/arego/RC4K1/5762.h5
2025-09-18 23:53:00,974 - INFO - File 17979: Filtered 7711753 hits and 4 records
2025-09-18 23:53:01,741 - INFO - Completed /viper/ptmp/arego/RC4K1_EN_100/16337.h5 in 31.58 seconds
2025-09-18 23:53:02,030 - INFO - Processing /viper/ptmp/arego/RC4K1/8067.h5
2025-09-18 23:53:05,467 - INFO - File 4818: Filtered 13176185 hits and 10 records
2025-09-18 23:53:06,802 - INFO - File 5762: Filtered 9413834 hits and 7 records
2025-09-18 23:53:07,493 - INFO - File 8067: Filtered 16153584 hits and 10 records
2025-09-18 23:53:09,650 - INFO - Completed /viper/ptmp/arego/RC4K1_EN_100/7774.h5 in 48.87 seconds
2025-09-18 23:53:09,869 - INFO - Processing /viper/ptmp/arego/RC4K1/13761.h5
2025-09-18 23:53:12,654 - INFO - Completed /viper/ptmp/arego/RC4K1_EN_100/25943.h5 in 59.68 seconds
2025-09-18 23:53:12,835 - INFO - Processing /viper/ptmp/arego/RC4K1/10200.h5
2025-09-18 23:53:14,949 - INFO - File 13761: Filtered 12679813 hits and 5 records
2025-09-18 23:53:16,043 - INFO - Completed /viper/ptmp/arego/RC4K1_EN_100/23422.h5 in 56.24 seconds
2025-09-18 23:53:16,243 - INFO - Processing /viper/ptmp/arego/RC4K1/3918.h5
2025-09-18 23:53:17,577 - INFO - Completed /viper/ptmp/arego/RC4K1_EN_100/19895.h5 in 45.35 seconds
2025-09-18 23:53:17,768 - INFO - Processing /viper/ptmp/arego/RC4K1/982.h5
2025-09-18 23:53:18,357 - INFO - File 10200: Filtered 11177723 hits and 4 records
2025-09-18 23:53:21,003 - INFO - Completed /viper/ptmp/arego/RC4K1_EN_100/4785.h5 in 56.80 seconds
2025-09-18 23:53:21,276 - INFO - Processing /viper/ptmp/arego/RC4K1/19452.h5
2025-09-18 23:53:21,849 - INFO - File 3918: Filtered 12350473 hits and 8 records
2025-09-18 23:53:22,092 - INFO - Completed /viper/ptmp/arego/RC4K1_EN_100/2129.h5 in 41.78 seconds
2025-09-18 23:53:22,387 - INFO - Processing /viper/ptmp/arego/RC4K1/971.h5
2025-09-18 23:53:23,029 - INFO - File 982: Filtered 9182879 hits and 6 records
2025-09-18 23:53:24,047 - INFO - Completed /viper/ptmp/arego/RC4K1_EN_100/16183.h5 in 38.07 seconds
2025-09-18 23:53:24,234 - INFO - Processing /viper/ptmp/arego/RC4K1/24769.h5
2025-09-18 23:53:24,936 - INFO - Completed /viper/ptmp/arego/RC4K1_EN_100/20079.h5 in 60.05 seconds
2025-09-18 23:53:25,478 - INFO - Processing /viper/ptmp/arego/RC4K1/3213.h5
2025-09-18 23:53:27,010 - INFO - File 19452: Filtered 12042493 hits and 8 records
2025-09-18 23:53:28,692 - INFO - File 971: Filtered 4714093 hits and 5 records
2025-09-18 23:53:30,891 - INFO - File 24769: Filtered 8710438 hits and 7 records
2025-09-18 23:53:32,173 - INFO - File 3213: Filtered 7994284 hits and 7 records
2025-09-18 23:53:32,647 - INFO - Completed /viper/ptmp/arego/RC4K1_EN_100/26107.h5 in 51.21 seconds
2025-09-18 23:53:32,868 - INFO - Processing /viper/ptmp/arego/RC4K1/7852.h5
2025-09-18 23:53:34,086 - INFO - Completed /viper/ptmp/arego/RC4K1_EN_100/8067.h5 in 32.06 seconds
2025-09-18 23:53:34,172 - INFO - Completed /viper/ptmp/arego/RC4K1_EN_100/19981.h5 in 44.55 seconds
2025-09-18 23:53:34,271 - INFO - Processing /viper/ptmp/arego/RC4K1/2205.h5
2025-09-18 23:53:34,425 - INFO - Processing /viper/ptmp/arego/RC4K1/2498.h5
2025-09-18 23:53:38,333 - INFO - File 7852: Filtered 14209043 hits and 8 records
2025-09-18 23:53:39,734 - INFO - File 2205: Filtered 13949291 hits and 10 records
2025-09-18 23:53:40,097 - INFO - Completed /viper/ptmp/arego/RC4K1_EN_100/22139.h5 in 45.35 seconds
2025-09-18 23:53:40,407 - INFO - Processing /viper/ptmp/arego/RC4K1/26827.h5
2025-09-18 23:53:40,625 - INFO - File 2498: Filtered 13637844 hits and 10 records
2025-09-18 23:53:45,547 - INFO - Completed /viper/ptmp/arego/RC4K1_EN_100/4818.h5 in 46.16 seconds
2025-09-18 23:53:45,684 - INFO - File 26827: Filtered 16207629 hits and 12 records
2025-09-18 23:53:45,734 - INFO - Processing /viper/ptmp/arego/RC4K1/7370.h5
2025-09-18 23:53:51,302 - INFO - File 7370: Filtered 6790612 hits and 6 records
2025-09-18 23:53:56,924 - INFO - Completed /viper/ptmp/arego/RC4K1_EN_100/13761.h5 in 47.05 seconds
2025-09-18 23:53:57,108 - INFO - Processing /viper/ptmp/arego/RC4K1/8490.h5
2025-09-18 23:53:57,471 - INFO - Completed /viper/ptmp/arego/RC4K1_EN_100/7653.h5 in 72.50 seconds
2025-09-18 23:53:57,691 - INFO - Processing /viper/ptmp/arego/RC4K1/21839.h5
2025-09-18 23:54:03,113 - INFO - Completed /viper/ptmp/arego/RC4K1_EN_100/17979.h5 in 67.45 seconds
2025-09-18 23:54:03,285 - INFO - File 8490: Filtered 11404521 hits and 8 records
2025-09-18 23:54:03,383 - INFO - Processing /viper/ptmp/arego/RC4K1/15134.h5
2025-09-18 23:54:03,551 - INFO - File 21839: Filtered 8823680 hits and 6 records
2025-09-18 23:54:07,173 - INFO - Completed /viper/ptmp/arego/RC4K1_EN_100/10200.h5 in 54.34 seconds
2025-09-18 23:54:07,392 - INFO - Processing /viper/ptmp/arego/RC4K1/9854.h5
2025-09-18 23:54:07,682 - INFO - Completed /viper/ptmp/arego/RC4K1_EN_100/3918.h5 in 51.44 seconds
2025-09-18 23:54:08,383 - INFO - Processing /viper/ptmp/arego/RC4K1/28954.h5
2025-09-18 23:54:08,679 - INFO - File 15134: Filtered 10321628 hits and 3 records
2025-09-18 23:54:09,391 - INFO - Completed /viper/ptmp/arego/RC4K1_EN_100/19452.h5 in 48.11 seconds
2025-09-18 23:54:09,663 - INFO - Processing /viper/ptmp/arego/RC4K1/12275.h5
2025-09-18 23:54:12,350 - INFO - Completed /viper/ptmp/arego/RC4K1_EN_100/5762.h5 in 71.70 seconds
2025-09-18 23:54:12,647 - INFO - Processing /viper/ptmp/arego/RC4K1/22340.h5
2025-09-18 23:54:13,224 - INFO - File 9854: Filtered 20418112 hits and 6 records
2025-09-18 23:54:14,662 - INFO - Completed /viper/ptmp/arego/RC4K1_EN_100/982.h5 in 56.89 seconds
2025-09-18 23:54:14,996 - INFO - Processing /viper/ptmp/arego/RC4K1/2784.h5
2025-09-18 23:54:15,132 - INFO - File 28954: Filtered 15001470 hits and 9 records
2025-09-18 23:54:15,598 - INFO - File 12275: Filtered 8203899 hits and 9 records
2025-09-18 23:54:17,735 - INFO - Completed /viper/ptmp/arego/RC4K1_EN_100/2205.h5 in 43.46 seconds
2025-09-18 23:54:17,980 - INFO - Processing /viper/ptmp/arego/RC4K1/4052.h5
2025-09-18 23:54:18,515 - INFO - Completed /viper/ptmp/arego/RC4K1_EN_100/7852.h5 in 45.65 seconds
2025-09-18 23:54:18,911 - INFO - Processing /viper/ptmp/arego/RC4K1/17545.h5
2025-09-18 23:54:19,025 - INFO - Completed /viper/ptmp/arego/RC4K1_EN_100/26827.h5 in 38.62 seconds
2025-09-18 23:54:19,249 - INFO - File 22340: Filtered 13674951 hits and 8 records
2025-09-18 23:54:19,685 - INFO - Processing /viper/ptmp/arego/RC4K1/27927.h5
2025-09-18 23:54:20,278 - INFO - Completed /viper/ptmp/arego/RC4K1_EN_100/2498.h5 in 45.85 seconds
2025-09-18 23:54:20,631 - INFO - Processing /viper/ptmp/arego/RC4K1/6278.h5
2025-09-18 23:54:20,945 - INFO - File 2784: Filtered 8041367 hits and 8 records
2025-09-18 23:54:24,233 - INFO - File 4052: Filtered 16826988 hits and 9 records
2025-09-18 23:54:26,288 - INFO - File 17545: Filtered 16418883 hits and 10 records
2025-09-18 23:54:27,268 - INFO - File 27927: Filtered 16928884 hits and 10 records
2025-09-18 23:54:28,307 - INFO - File 6278: Filtered 7662626 hits and 7 records
2025-09-18 23:54:30,888 - INFO - Completed /viper/ptmp/arego/RC4K1_EN_100/24769.h5 in 66.65 seconds
2025-09-18 23:54:31,086 - INFO - Completed /viper/ptmp/arego/RC4K1_EN_100/9854.h5 in 23.69 seconds
2025-09-18 23:54:31,123 - INFO - Processing /viper/ptmp/arego/RC4K1/9431.h5
2025-09-18 23:54:31,316 - INFO - Processing /viper/ptmp/arego/RC4K1/5937.h5
2025-09-18 23:54:31,608 - INFO - Completed /viper/ptmp/arego/RC4K1_EN_100/3213.h5 in 66.13 seconds
2025-09-18 23:54:31,789 - INFO - Processing /viper/ptmp/arego/RC4K1/11788.h5
2025-09-18 23:54:37,520 - INFO - File 9431: Filtered 6527731 hits and 3 records
2025-09-18 23:54:37,577 - INFO - File 5937: Filtered 19624289 hits and 6 records
2025-09-18 23:54:38,004 - INFO - File 11788: Filtered 14555170 hits and 7 records
2025-09-18 23:54:49,144 - INFO - Completed /viper/ptmp/arego/RC4K1_EN_100/971.h5 in 86.76 seconds
2025-09-18 23:54:49,328 - INFO - Processing /viper/ptmp/arego/RC4K1/3325.h5
2025-09-18 23:54:53,424 - INFO - Completed /viper/ptmp/arego/RC4K1_EN_100/4052.h5 in 35.44 seconds
2025-09-18 23:54:53,682 - INFO - Processing /viper/ptmp/arego/RC4K1/23852.h5
2025-09-18 23:54:54,561 - INFO - File 3325: Filtered 16640717 hits and 8 records
2025-09-18 23:54:56,216 - INFO - Completed /viper/ptmp/arego/RC4K1_EN_100/15134.h5 in 52.83 seconds
2025-09-18 23:54:56,446 - INFO - Processing /viper/ptmp/arego/RC4K1/26073.h5
2025-09-18 23:54:57,952 - INFO - Completed /viper/ptmp/arego/RC4K1_EN_100/28954.h5 in 49.57 seconds
2025-09-18 23:54:58,160 - INFO - Processing /viper/ptmp/arego/RC4K1/1651.h5
2025-09-18 23:54:59,388 - INFO - File 23852: Filtered 16861394 hits and 9 records
2025-09-18 23:54:59,933 - INFO - Completed /viper/ptmp/arego/RC4K1_EN_100/8490.h5 in 62.83 seconds
2025-09-18 23:55:00,170 - INFO - Processing /viper/ptmp/arego/RC4K1/8722.h5
2025-09-18 23:55:02,549 - INFO - File 26073: Filtered 7782887 hits and 4 records
2025-09-18 23:55:03,891 - INFO - Completed /viper/ptmp/arego/RC4K1_EN_100/17545.h5 in 44.98 seconds
2025-09-18 23:55:04,163 - INFO - Processing /viper/ptmp/arego/RC4K1/11672.h5
2025-09-18 23:55:04,653 - INFO - File 1651: Filtered 17130386 hits and 9 records
2025-09-18 23:55:07,111 - INFO - Completed /viper/ptmp/arego/RC4K1_EN_100/5937.h5 in 35.80 seconds
2025-09-18 23:55:07,223 - INFO - File 8722: Filtered 13799487 hits and 8 records
2025-09-18 23:55:07,273 - INFO - Completed /viper/ptmp/arego/RC4K1_EN_100/27927.h5 in 47.59 seconds
2025-09-18 23:55:07,304 - INFO - Processing /viper/ptmp/arego/RC4K1/28441.h5
2025-09-18 23:55:08,088 - INFO - Processing /viper/ptmp/arego/RC4K1/7536.h5
2025-09-18 23:55:08,146 - INFO - Completed /viper/ptmp/arego/RC4K1_EN_100/21839.h5 in 70.46 seconds
2025-09-18 23:55:08,414 - INFO - Processing /viper/ptmp/arego/RC4K1/2698.h5
2025-09-18 23:55:10,145 - INFO - Completed /viper/ptmp/arego/RC4K1_EN_100/22340.h5 in 57.50 seconds
2025-09-18 23:55:10,349 - INFO - Processing /viper/ptmp/arego/RC4K1/24381.h5
2025-09-18 23:55:10,801 - INFO - File 11672: Filtered 13569009 hits and 7 records
2025-09-18 23:55:14,549 - INFO - File 2698: Filtered 13586085 hits and 8 records
2025-09-18 23:55:15,216 - INFO - Completed /viper/ptmp/arego/RC4K1_EN_100/7370.h5 in 89.48 seconds
2025-09-18 23:55:15,565 - INFO - Processing /viper/ptmp/arego/RC4K1/13380.h5
2025-09-18 23:55:16,238 - INFO - File 28441: Filtered 17439323 hits and 6 records
2025-09-18 23:55:17,160 - INFO - File 7536: Filtered 15478646 hits and 6 records
2025-09-18 23:55:17,446 - INFO - Completed /viper/ptmp/arego/RC4K1_EN_100/11788.h5 in 45.66 seconds
2025-09-18 23:55:17,696 - INFO - Processing /viper/ptmp/arego/RC4K1/12011.h5
2025-09-18 23:55:18,808 - INFO - File 24381: Filtered 23609403 hits and 10 records
2025-09-18 23:55:22,410 - INFO - File 13380: Filtered 23403727 hits and 10 records
2025-09-18 23:55:23,626 - INFO - File 12011: Filtered 14423740 hits and 10 records
2025-09-18 23:55:25,136 - INFO - Completed /viper/ptmp/arego/RC4K1_EN_100/12275.h5 in 75.47 seconds
2025-09-18 23:55:25,337 - INFO - Processing /viper/ptmp/arego/RC4K1/979.h5
2025-09-18 23:55:26,313 - INFO - Completed /viper/ptmp/arego/RC4K1_EN_100/3325.h5 in 36.99 seconds
2025-09-18 23:55:26,538 - INFO - Processing /viper/ptmp/arego/RC4K1/27632.h5
2025-09-18 23:55:31,244 - INFO - File 979: Filtered 10177311 hits and 9 records
2025-09-18 23:55:32,421 - INFO - File 27632: Filtered 14234988 hits and 11 records
2025-09-18 23:55:33,029 - INFO - Completed /viper/ptmp/arego/RC4K1_EN_100/2784.h5 in 78.03 seconds
2025-09-18 23:55:33,245 - INFO - Processing /viper/ptmp/arego/RC4K1/26164.h5
2025-09-18 23:55:34,133 - INFO - Completed /viper/ptmp/arego/RC4K1_EN_100/23852.h5 in 40.45 seconds
2025-09-18 23:55:34,379 - INFO - Processing /viper/ptmp/arego/RC4K1/1351.h5
2025-09-18 23:55:37,222 - INFO - Completed /viper/ptmp/arego/RC4K1_EN_100/24381.h5 in 26.87 seconds
2025-09-18 23:55:37,408 - INFO - Processing /viper/ptmp/arego/RC4K1/3720.h5
2025-09-18 23:55:38,767 - INFO - File 26164: Filtered 11198909 hits and 5 records
2025-09-18 23:55:40,490 - INFO - File 1351: Filtered 13547686 hits and 8 records
2025-09-18 23:55:43,086 - INFO - Completed /viper/ptmp/arego/RC4K1_EN_100/13380.h5 in 27.52 seconds
2025-09-18 23:55:43,305 - INFO - Processing /viper/ptmp/arego/RC4K1/7464.h5
2025-09-18 23:55:44,192 - INFO - File 3720: Filtered 10150232 hits and 6 records
2025-09-18 23:55:49,672 - INFO - Completed /viper/ptmp/arego/RC4K1_EN_100/1651.h5 in 51.51 seconds
2025-09-18 23:55:49,845 - INFO - File 7464: Filtered 18287694 hits and 6 records
2025-09-18 23:55:49,869 - INFO - Processing /viper/ptmp/arego/RC4K1/18991.h5
2025-09-18 23:55:55,986 - INFO - File 18991: Filtered 26105160 hits and 11 records
2025-09-18 23:55:58,333 - INFO - Completed /viper/ptmp/arego/RC4K1_EN_100/6278.h5 in 97.70 seconds
2025-09-18 23:55:58,525 - INFO - Processing /viper/ptmp/arego/RC4K1/5117.h5
2025-09-18 23:55:59,551 - INFO - Completed /viper/ptmp/arego/RC4K1_EN_100/9431.h5 in 88.43 seconds
2025-09-18 23:55:59,558 - INFO - Completed /viper/ptmp/arego/RC4K1_EN_100/28441.h5 in 52.25 seconds
2025-09-18 23:55:59,744 - INFO - Processing /viper/ptmp/arego/RC4K1/11857.h5
2025-09-18 23:55:59,747 - INFO - Processing /viper/ptmp/arego/RC4K1/19792.h5
2025-09-18 23:56:01,423 - INFO - Completed /viper/ptmp/arego/RC4K1_EN_100/12011.h5 in 43.73 seconds
2025-09-18 23:56:01,606 - INFO - Processing /viper/ptmp/arego/RC4K1/25274.h5
2025-09-18 23:56:01,644 - INFO - Completed /viper/ptmp/arego/RC4K1_EN_100/2698.h5 in 53.23 seconds
2025-09-18 23:56:02,369 - INFO - Processing /viper/ptmp/arego/RC4K1/14355.h5
2025-09-18 23:56:06,922 - INFO - Completed /viper/ptmp/arego/RC4K1_EN_100/18991.h5 in 17.05 seconds
2025-09-18 23:56:06,930 - INFO - Completed /viper/ptmp/arego/RC4K1_EN_100/8722.h5 in 66.76 seconds
2025-09-18 23:56:06,952 - INFO - File 5117: Filtered 8236026 hits and 5 records
2025-09-18 23:56:07,280 - INFO - File 19792: Filtered 19439654 hits and 9 records
2025-09-18 23:56:07,326 - INFO - Processing /viper/ptmp/arego/RC4K1/3478.h5
2025-09-18 23:56:08,286 - INFO - Processing /viper/ptmp/arego/RC4K1/20962.h5
2025-09-18 23:56:08,333 - INFO - Completed /viper/ptmp/arego/RC4K1_EN_100/7536.h5 in 60.25 seconds
2025-09-18 23:56:08,503 - INFO - File 11857: Filtered 16436764 hits and 9 records
2025-09-18 23:56:09,379 - INFO - Processing /viper/ptmp/arego/RC4K1/2085.h5
2025-09-18 23:56:10,825 - INFO - File 14355: Filtered 8688122 hits and 9 records
2025-09-18 23:56:11,827 - INFO - Completed /viper/ptmp/arego/RC4K1_EN_100/11672.h5 in 67.66 seconds
2025-09-18 23:56:12,150 - INFO - Processing /viper/ptmp/arego/RC4K1/8915.h5
2025-09-18 23:56:13,667 - INFO - Completed /viper/ptmp/arego/RC4K1_EN_100/27632.h5 in 47.13 seconds
2025-09-18 23:56:14,059 - INFO - Processing /viper/ptmp/arego/RC4K1/10259.h5
2025-09-18 23:56:17,784 - INFO - File 3478: Filtered 21588609 hits and 8 records
2025-09-18 23:56:19,048 - INFO - File 25274: Filtered 5244032 hits and 5 records
2025-09-18 23:56:19,412 - INFO - File 20962: Filtered 10804384 hits and 8 records
2025-09-18 23:56:20,071 - INFO - File 2085: Filtered 11395397 hits and 7 records
2025-09-18 23:56:22,179 - INFO - Completed /viper/ptmp/arego/RC4K1_EN_100/26073.h5 in 85.73 seconds
2025-09-18 23:56:22,484 - INFO - Processing /viper/ptmp/arego/RC4K1/29032.h5
2025-09-18 23:56:22,609 - INFO - File 10259: Filtered 16722840 hits and 9 records
2025-09-18 23:56:23,134 - INFO - File 8915: Filtered 26170226 hits and 9 records
2025-09-18 23:56:29,339 - INFO - File 29032: Filtered 11265931 hits and 9 records
2025-09-18 23:56:33,007 - INFO - Completed /viper/ptmp/arego/RC4K1_EN_100/7464.h5 in 49.70 seconds
2025-09-18 23:56:33,229 - INFO - Processing /viper/ptmp/arego/RC4K1/17053.h5
2025-09-18 23:56:34,054 - INFO - Completed /viper/ptmp/arego/RC4K1_EN_100/1351.h5 in 59.68 seconds
2025-09-18 23:56:34,224 - INFO - Processing /viper/ptmp/arego/RC4K1/6375.h5
2025-09-18 23:56:39,427 - INFO - Completed /viper/ptmp/arego/RC4K1_EN_100/19792.h5 in 39.68 seconds
2025-09-18 23:56:39,680 - INFO - Processing /viper/ptmp/arego/RC4K1/1405.h5
2025-09-18 23:56:40,619 - INFO - File 17053: Filtered 19056734 hits and 6 records
2025-09-18 23:56:40,642 - INFO - File 6375: Filtered 14932467 hits and 8 records
2025-09-18 23:56:41,270 - INFO - Completed /viper/ptmp/arego/RC4K1_EN_100/8915.h5 in 29.12 seconds
2025-09-18 23:56:41,508 - INFO - Processing /viper/ptmp/arego/RC4K1/2787.h5
2025-09-18 23:56:42,191 - INFO - Completed /viper/ptmp/arego/RC4K1_EN_100/979.h5 in 76.85 seconds
2025-09-18 23:56:42,410 - INFO - Processing /viper/ptmp/arego/RC4K1/29663.h5
2025-09-18 23:56:43,261 - INFO - Completed /viper/ptmp/arego/RC4K1_EN_100/26164.h5 in 70.02 seconds
2025-09-18 23:56:43,445 - INFO - Processing /viper/ptmp/arego/RC4K1/15918.h5
2025-09-18 23:56:45,847 - INFO - File 1405: Filtered 7851807 hits and 6 records
2025-09-18 23:56:48,839 - INFO - File 2787: Filtered 8365868 hits and 3 records
2025-09-18 23:56:50,805 - INFO - File 29663: Filtered 15997423 hits and 9 records
2025-09-18 23:56:51,656 - INFO - File 15918: Filtered 17334788 hits and 9 records
2025-09-18 23:56:52,384 - INFO - Completed /viper/ptmp/arego/RC4K1_EN_100/3478.h5 in 45.06 seconds
2025-09-18 23:56:52,621 - INFO - Processing /viper/ptmp/arego/RC4K1/8489.h5
2025-09-18 23:56:59,034 - INFO - File 8489: Filtered 13250844 hits and 6 records
2025-09-18 23:57:01,775 - INFO - Completed /viper/ptmp/arego/RC4K1_EN_100/11857.h5 in 62.03 seconds
2025-09-18 23:57:01,978 - INFO - Processing /viper/ptmp/arego/RC4K1/11929.h5
2025-09-18 23:57:05,114 - INFO - Completed /viper/ptmp/arego/RC4K1_EN_100/10259.h5 in 51.05 seconds
2025-09-18 23:57:05,347 - INFO - Processing /viper/ptmp/arego/RC4K1/2952.h5
2025-09-18 23:57:07,882 - INFO - Completed /viper/ptmp/arego/RC4K1_EN_100/3720.h5 in 90.47 seconds
2025-09-18 23:57:08,178 - INFO - Processing /viper/ptmp/arego/RC4K1/16504.h5
2025-09-18 23:57:08,924 - INFO - File 11929: Filtered 12780922 hits and 9 records
2025-09-18 23:57:12,210 - INFO - File 2952: Filtered 13091110 hits and 9 records
2025-09-18 23:57:16,004 - INFO - File 16504: Filtered 16739513 hits and 10 records
2025-09-18 23:57:27,764 - INFO - Completed /viper/ptmp/arego/RC4K1_EN_100/17053.h5 in 54.53 seconds
2025-09-18 23:57:27,954 - INFO - Processing /viper/ptmp/arego/RC4K1/18415.h5
2025-09-18 23:57:30,261 - INFO - Completed /viper/ptmp/arego/RC4K1_EN_100/15918.h5 in 46.82 seconds
2025-09-18 23:57:30,442 - INFO - Processing /viper/ptmp/arego/RC4K1/3211.h5
2025-09-18 23:57:31,211 - INFO - Completed /viper/ptmp/arego/RC4K1_EN_100/6375.h5 in 56.99 seconds
2025-09-18 23:57:31,440 - INFO - Processing /viper/ptmp/arego/RC4K1/19716.h5
2025-09-18 23:57:34,868 - INFO - File 18415: Filtered 18168859 hits and 7 records
2025-09-18 23:57:36,180 - INFO - Completed /viper/ptmp/arego/RC4K1_EN_100/14355.h5 in 93.81 seconds
2025-09-18 23:57:36,501 - INFO - Processing /viper/ptmp/arego/RC4K1/29508.h5
2025-09-18 23:57:37,992 - INFO - File 3211: Filtered 18424287 hits and 8 records
2025-09-18 23:57:38,515 - INFO - Completed /viper/ptmp/arego/RC4K1_EN_100/29663.h5 in 56.10 seconds
2025-09-18 23:57:38,535 - INFO - Completed /viper/ptmp/arego/RC4K1_EN_100/29032.h5 in 76.05 seconds
2025-09-18 23:57:38,750 - INFO - Processing /viper/ptmp/arego/RC4K1/25994.h5
2025-09-18 23:57:39,167 - INFO - File 19716: Filtered 15892164 hits and 8 records
2025-09-18 23:57:39,533 - INFO - Processing /viper/ptmp/arego/RC4K1/10982.h5
2025-09-18 23:57:43,743 - INFO - File 29508: Filtered 11847698 hits and 7 records
2025-09-18 23:57:46,717 - INFO - File 25994: Filtered 20327638 hits and 10 records
2025-09-18 23:57:47,500 - INFO - Completed /viper/ptmp/arego/RC4K1_EN_100/5117.h5 in 108.97 seconds
2025-09-18 23:57:47,748 - INFO - File 10982: Filtered 13953042 hits and 7 records
2025-09-18 23:57:47,760 - INFO - Processing /viper/ptmp/arego/RC4K1/29066.h5
2025-09-18 23:57:48,098 - INFO - Completed /viper/ptmp/arego/RC4K1_EN_100/2085.h5 in 98.72 seconds
2025-09-18 23:57:48,717 - INFO - Processing /viper/ptmp/arego/RC4K1/14045.h5
2025-09-18 23:57:53,728 - INFO - Completed /viper/ptmp/arego/RC4K1_EN_100/20962.h5 in 105.44 seconds
2025-09-18 23:57:54,196 - INFO - Processing /viper/ptmp/arego/RC4K1/4026.h5
2025-09-18 23:57:55,545 - INFO - File 29066: Filtered 16562223 hits and 10 records
2025-09-18 23:57:56,538 - INFO - File 14045: Filtered 21226012 hits and 8 records
2025-09-18 23:58:01,492 - INFO - File 4026: Filtered 17158991 hits and 8 records
2025-09-18 23:58:15,903 - INFO - Completed /viper/ptmp/arego/RC4K1_EN_100/8489.h5 in 83.28 seconds
2025-09-18 23:58:16,087 - INFO - Processing /viper/ptmp/arego/RC4K1/55.h5
2025-09-18 23:58:18,028 - INFO - Completed /viper/ptmp/arego/RC4K1_EN_100/1405.h5 in 98.35 seconds
2025-09-18 23:58:18,217 - INFO - Processing /viper/ptmp/arego/RC4K1/14767.h5
2025-09-18 23:58:20,763 - INFO - Completed /viper/ptmp/arego/RC4K1_EN_100/2952.h5 in 75.42 seconds
2025-09-18 23:58:20,794 - INFO - Completed /viper/ptmp/arego/RC4K1_EN_100/3211.h5 in 50.35 seconds
2025-09-18 23:58:20,984 - INFO - Processing /viper/ptmp/arego/RC4K1/3500.h5
2025-09-18 23:58:21,381 - INFO - Completed /viper/ptmp/arego/RC4K1_EN_100/16504.h5 in 73.20 seconds
2025-09-18 23:58:21,642 - INFO - Processing /viper/ptmp/arego/RC4K1/1453.h5
2025-09-18 23:58:21,862 - INFO - Processing /viper/ptmp/arego/RC4K1/7926.h5
2025-09-18 23:58:23,208 - INFO - File 55: Filtered 21436899 hits and 6 records
2025-09-18 23:58:23,846 - INFO - Completed /viper/ptmp/arego/RC4K1_EN_100/25994.h5 in 45.10 seconds
2025-09-18 23:58:24,116 - INFO - Processing /viper/ptmp/arego/RC4K1/3863.h5
2025-09-18 23:58:25,726 - INFO - File 14767: Filtered 11950359 hits and 3 records
2025-09-18 23:58:30,231 - INFO - File 1453: Filtered 22242401 hits and 7 records
2025-09-18 23:58:30,281 - INFO - File 3500: Filtered 19051878 hits and 8 records
2025-09-18 23:58:32,870 - INFO - Completed /viper/ptmp/arego/RC4K1_EN_100/18415.h5 in 64.92 seconds
2025-09-18 23:58:33,103 - INFO - File 7926: Filtered 7440471 hits and 5 records
2025-09-18 23:58:33,120 - INFO - Processing /viper/ptmp/arego/RC4K1/9160.h5
2025-09-18 23:58:34,384 - INFO - File 3863: Filtered 19602232 hits and 10 records
2025-09-18 23:58:34,971 - INFO - Completed /viper/ptmp/arego/RC4K1_EN_100/11929.h5 in 92.99 seconds
2025-09-18 23:58:35,276 - INFO - Processing /viper/ptmp/arego/RC4K1/1844.h5
2025-09-18 23:58:35,768 - INFO - Completed /viper/ptmp/arego/RC4K1_EN_100/2787.h5 in 114.26 seconds
2025-09-18 23:58:35,978 - INFO - Processing /viper/ptmp/arego/RC4K1/16656.h5
2025-09-18 23:58:40,505 - INFO - File 9160: Filtered 13632023 hits and 8 records
2025-09-18 23:58:41,522 - INFO - Completed /viper/ptmp/arego/RC4K1_EN_100/19716.h5 in 70.08 seconds
2025-09-18 23:58:41,761 - INFO - Processing /viper/ptmp/arego/RC4K1/10055.h5
2025-09-18 23:58:42,248 - INFO - Completed /viper/ptmp/arego/RC4K1_EN_100/14045.h5 in 53.53 seconds
2025-09-18 23:58:42,574 - INFO - Processing /viper/ptmp/arego/RC4K1/21555.h5
2025-09-18 23:58:44,870 - INFO - File 1844: Filtered 17704428 hits and 9 records
2025-09-18 23:58:45,407 - INFO - File 16656: Filtered 19526059 hits and 8 records
2025-09-18 23:58:49,241 - INFO - File 10055: Filtered 16874295 hits and 7 records
2025-09-18 23:58:51,530 - INFO - File 21555: Filtered 12056133 hits and 9 records
2025-09-18 23:58:55,611 - INFO - Completed /viper/ptmp/arego/RC4K1_EN_100/10982.h5 in 76.08 seconds
2025-09-18 23:58:55,800 - INFO - Processing /viper/ptmp/arego/RC4K1/26012.h5
2025-09-18 23:59:02,356 - INFO - File 26012: Filtered 17773605 hits and 11 records
2025-09-18 23:59:04,585 - INFO - Completed /viper/ptmp/arego/RC4K1_EN_100/4026.h5 in 70.39 seconds
2025-09-18 23:59:04,775 - INFO - Processing /viper/ptmp/arego/RC4K1/7613.h5
2025-09-18 23:59:05,001 - INFO - Completed /viper/ptmp/arego/RC4K1_EN_100/29508.h5 in 88.50 seconds
2025-09-18 23:59:05,068 - INFO - Completed /viper/ptmp/arego/RC4K1_EN_100/29066.h5 in 77.31 seconds
2025-09-18 23:59:05,175 - INFO - Processing /viper/ptmp/arego/RC4K1/10346.h5
2025-09-18 23:59:05,530 - INFO - Processing /viper/ptmp/arego/RC4K1/17411.h5
2025-09-18 23:59:07,624 - INFO - Completed /viper/ptmp/arego/RC4K1_EN_100/55.h5 in 51.54 seconds
2025-09-18 23:59:07,807 - INFO - Processing /viper/ptmp/arego/RC4K1/9372.h5
2025-09-18 23:59:09,708 - INFO - Completed /viper/ptmp/arego/RC4K1_EN_100/1453.h5 in 48.07 seconds
2025-09-18 23:59:10,003 - INFO - Processing /viper/ptmp/arego/RC4K1/19761.h5
2025-09-18 23:59:11,850 - INFO - Completed /viper/ptmp/arego/RC4K1_EN_100/3500.h5 in 50.87 seconds
2025-09-18 23:59:12,106 - INFO - Processing /viper/ptmp/arego/RC4K1/13853.h5
2025-09-18 23:59:12,784 - INFO - File 10346: Filtered 21124391 hits and 9 records
2025-09-18 23:59:13,784 - INFO - File 7613: Filtered 27330801 hits and 6 records
2025-09-18 23:59:15,262 - INFO - File 17411: Filtered 16786696 hits and 4 records
2025-09-18 23:59:16,070 - INFO - Completed /viper/ptmp/arego/RC4K1_EN_100/3863.h5 in 51.95 seconds
2025-09-18 23:59:16,385 - INFO - Processing /viper/ptmp/arego/RC4K1/20652.h5
2025-09-18 23:59:18,488 - INFO - File 9372: Filtered 19649887 hits and 8 records
2025-09-18 23:59:20,240 - INFO - File 19761: Filtered 20812890 hits and 8 records
2025-09-18 23:59:20,308 - INFO - File 13853: Filtered 12061932 hits and 8 records
2025-09-18 23:59:24,549 - INFO - File 20652: Filtered 8649859 hits and 5 records
2025-09-18 23:59:40,983 - INFO - Completed /viper/ptmp/arego/RC4K1_EN_100/7613.h5 in 36.21 seconds
2025-09-18 23:59:41,166 - INFO - Processing /viper/ptmp/arego/RC4K1/27160.h5
2025-09-18 23:59:42,472 - INFO - Completed /viper/ptmp/arego/RC4K1_EN_100/16656.h5 in 66.49 seconds
2025-09-18 23:59:42,650 - INFO - Processing /viper/ptmp/arego/RC4K1/1497.h5
2025-09-18 23:59:44,534 - INFO - Completed /viper/ptmp/arego/RC4K1_EN_100/25274.h5 in 222.93 seconds
2025-09-18 23:59:44,726 - INFO - Processing /viper/ptmp/arego/RC4K1/12007.h5
2025-09-18 23:59:49,209 - INFO - File 27160: Filtered 25862539 hits and 8 records
2025-09-18 23:59:50,518 - INFO - Completed /viper/ptmp/arego/RC4K1_EN_100/1844.h5 in 75.24 seconds
2025-09-18 23:59:50,768 - INFO - Completed /viper/ptmp/arego/RC4K1_EN_100/10055.h5 in 69.01 seconds
2025-09-18 23:59:50,820 - INFO - Processing /viper/ptmp/arego/RC4K1/9813.h5
2025-09-18 23:59:51,044 - INFO - Processing /viper/ptmp/arego/RC4K1/27613.h5
2025-09-18 23:59:51,736 - INFO - Completed /viper/ptmp/arego/RC4K1_EN_100/14767.h5 in 93.52 seconds
2025-09-18 23:59:51,751 - INFO - File 1497: Filtered 14430373 hits and 6 records
2025-09-18 23:59:52,046 - INFO - Processing /viper/ptmp/arego/RC4K1/14560.h5
2025-09-18 23:59:52,438 - INFO - Completed /viper/ptmp/arego/RC4K1_EN_100/26012.h5 in 56.64 seconds
2025-09-18 23:59:52,693 - INFO - File 12007: Filtered 11600087 hits and 9 records
2025-09-18 23:59:53,037 - INFO - Processing /viper/ptmp/arego/RC4K1/28684.h5
2025-09-18 23:59:55,599 - INFO - Completed /viper/ptmp/arego/RC4K1_EN_100/10346.h5 in 50.42 seconds
2025-09-18 23:59:55,904 - INFO - Processing /viper/ptmp/arego/RC4K1/7830.h5
2025-09-19 00:00:00,077 - INFO - File 9813: Filtered 14842167 hits and 9 records
2025-09-19 00:00:01,126 - INFO - File 27613: Filtered 16454632 hits and 10 records
2025-09-19 00:00:01,867 - INFO - File 14560: Filtered 28693545 hits and 8 records
2025-09-19 00:00:03,341 - INFO - File 28684: Filtered 19714343 hits and 11 records
2025-09-19 00:00:05,741 - INFO - File 7830: Filtered 13578099 hits and 7 records
2025-09-19 00:00:10,296 - INFO - Completed /viper/ptmp/arego/RC4K1_EN_100/9160.h5 in 97.18 seconds
2025-09-19 00:00:10,480 - INFO - Processing /viper/ptmp/arego/RC4K1/14092.h5
2025-09-19 00:00:12,706 - INFO - Completed /viper/ptmp/arego/RC4K1_EN_100/14560.h5 in 20.66 seconds
2025-09-19 00:00:12,895 - INFO - Processing /viper/ptmp/arego/RC4K1/10666.h5
2025-09-19 00:00:16,510 - INFO - Completed /viper/ptmp/arego/RC4K1_EN_100/7926.h5 in 114.65 seconds
2025-09-19 00:00:16,591 - INFO - Completed /viper/ptmp/arego/RC4K1_EN_100/19761.h5 in 66.59 seconds
2025-09-19 00:00:16,744 - INFO - Processing /viper/ptmp/arego/RC4K1/2704.h5
2025-09-19 00:00:16,816 - INFO - Processing /viper/ptmp/arego/RC4K1/17412.h5
2025-09-19 00:00:18,680 - INFO - Completed /viper/ptmp/arego/RC4K1_EN_100/9372.h5 in 70.87 seconds
2025-09-19 00:00:18,934 - INFO - Processing /viper/ptmp/arego/RC4K1/25595.h5
2025-09-19 00:00:19,122 - INFO - File 14092: Filtered 11101287 hits and 7 records
2025-09-19 00:00:20,588 - INFO - File 10666: Filtered 21321407 hits and 9 records
2025-09-19 00:00:25,141 - INFO - File 2704: Filtered 11825146 hits and 5 records
2025-09-19 00:00:25,582 - INFO - Completed /viper/ptmp/arego/RC4K1_EN_100/27160.h5 in 44.42 seconds
2025-09-19 00:00:25,865 - INFO - Processing /viper/ptmp/arego/RC4K1/24450.h5
2025-09-19 00:00:27,049 - INFO - File 17412: Filtered 11031048 hits and 5 records
2025-09-19 00:00:28,596 - INFO - File 25595: Filtered 21676352 hits and 11 records
2025-09-19 00:00:34,096 - INFO - File 24450: Filtered 14590515 hits and 7 records
2025-09-19 00:00:34,523 - INFO - Completed /viper/ptmp/arego/RC4K1_EN_100/21555.h5 in 111.95 seconds
2025-09-19 00:00:34,724 - INFO - Processing /viper/ptmp/arego/RC4K1/22535.h5
2025-09-19 00:00:35,556 - INFO - Completed /viper/ptmp/arego/RC4K1_EN_100/17411.h5 in 90.03 seconds
2025-09-19 00:00:35,737 - INFO - Processing /viper/ptmp/arego/RC4K1/18447.h5
2025-09-19 00:00:43,985 - INFO - File 22535: Filtered 18280332 hits and 10 records
2025-09-19 00:00:44,535 - INFO - File 18447: Filtered 20670454 hits and 7 records
2025-09-19 00:00:47,622 - INFO - Completed /viper/ptmp/arego/RC4K1_EN_100/28684.h5 in 54.58 seconds
2025-09-19 00:00:47,806 - INFO - Processing /viper/ptmp/arego/RC4K1/13575.h5
2025-09-19 00:00:50,587 - INFO - Completed /viper/ptmp/arego/RC4K1_EN_100/13853.h5 in 98.48 seconds
2025-09-19 00:00:50,773 - INFO - Processing /viper/ptmp/arego/RC4K1/16311.h5
2025-09-19 00:00:54,980 - INFO - File 13575: Filtered 13733091 hits and 8 records
2025-09-19 00:00:58,976 - INFO - File 16311: Filtered 11125562 hits and 6 records
2025-09-19 00:01:02,310 - INFO - Completed /viper/ptmp/arego/RC4K1_EN_100/10666.h5 in 49.42 seconds
2025-09-19 00:01:02,499 - INFO - Processing /viper/ptmp/arego/RC4K1/2162.h5
2025-09-19 00:01:04,602 - INFO - Completed /viper/ptmp/arego/RC4K1_EN_100/27613.h5 in 73.56 seconds
2025-09-19 00:01:04,760 - INFO - Processing /viper/ptmp/arego/RC4K1/25832.h5
2025-09-19 00:01:07,973 - INFO - Completed /viper/ptmp/arego/RC4K1_EN_100/20652.h5 in 111.59 seconds
2025-09-19 00:01:08,214 - INFO - Processing /viper/ptmp/arego/RC4K1/6539.h5
2025-09-19 00:01:09,483 - INFO - File 2162: Filtered 13711082 hits and 5 records
2025-09-19 00:01:12,870 - INFO - File 25832: Filtered 19115205 hits and 6 records
2025-09-19 00:01:16,387 - INFO - File 6539: Filtered 17714095 hits and 7 records
2025-09-19 00:01:20,915 - INFO - Completed /viper/ptmp/arego/RC4K1_EN_100/1497.h5 in 98.27 seconds
2025-09-19 00:01:21,146 - INFO - Processing /viper/ptmp/arego/RC4K1/4844.h5
2025-09-19 00:01:24,586 - INFO - Completed /viper/ptmp/arego/RC4K1_EN_100/12007.h5 in 99.86 seconds
2025-09-19 00:01:24,844 - INFO - Processing /viper/ptmp/arego/RC4K1/4908.h5
2025-09-19 00:01:28,890 - INFO - Completed /viper/ptmp/arego/RC4K1_EN_100/7830.h5 in 92.99 seconds
2025-09-19 00:01:29,124 - INFO - Processing /viper/ptmp/arego/RC4K1/10807.h5
2025-09-19 00:01:29,316 - INFO - File 4844: Filtered 18883748 hits and 8 records
2025-09-19 00:01:29,816 - INFO - Completed /viper/ptmp/arego/RC4K1_EN_100/25595.h5 in 70.88 seconds
2025-09-19 00:01:30,134 - INFO - Processing /viper/ptmp/arego/RC4K1/8857.h5
2025-09-19 00:01:32,745 - INFO - File 4908: Filtered 20026289 hits and 10 records
2025-09-19 00:01:32,855 - INFO - Completed /viper/ptmp/arego/RC4K1_EN_100/9813.h5 in 102.03 seconds
2025-09-19 00:01:33,045 - INFO - Processing /viper/ptmp/arego/RC4K1/9445.h5
2025-09-19 00:01:37,346 - INFO - File 10807: Filtered 13705224 hits and 6 records
2025-09-19 00:01:39,421 - INFO - File 8857: Filtered 21398384 hits and 10 records
2025-09-19 00:01:42,365 - INFO - File 9445: Filtered 26365518 hits and 9 records
2025-09-19 00:01:51,225 - INFO - Completed /viper/ptmp/arego/RC4K1_EN_100/18447.h5 in 75.49 seconds
2025-09-19 00:01:51,461 - INFO - Processing /viper/ptmp/arego/RC4K1/29744.h5
2025-09-19 00:01:55,617 - INFO - Completed /viper/ptmp/arego/RC4K1_EN_100/2704.h5 in 98.87 seconds
2025-09-19 00:01:55,812 - INFO - Processing /viper/ptmp/arego/RC4K1/1516.h5
2025-09-19 00:01:59,656 - INFO - File 29744: Filtered 18268018 hits and 9 records
2025-09-19 00:02:00,440 - INFO - Completed /viper/ptmp/arego/RC4K1_EN_100/22535.h5 in 85.72 seconds
2025-09-19 00:02:00,701 - INFO - Processing /viper/ptmp/arego/RC4K1/13041.h5
2025-09-19 00:02:04,048 - INFO - File 1516: Filtered 18111251 hits and 11 records
2025-09-19 00:02:08,747 - INFO - File 13041: Filtered 33094264 hits and 9 records
2025-09-19 00:02:08,928 - INFO - Completed /viper/ptmp/arego/RC4K1_EN_100/24450.h5 in 103.06 seconds
2025-09-19 00:02:09,142 - INFO - Processing /viper/ptmp/arego/RC4K1/1362.h5
2025-09-19 00:02:11,601 - INFO - Completed /viper/ptmp/arego/RC4K1_EN_100/14092.h5 in 121.12 seconds
2025-09-19 00:02:11,792 - INFO - Processing /viper/ptmp/arego/RC4K1/12426.h5
2025-09-19 00:02:12,134 - INFO - Completed /viper/ptmp/arego/RC4K1_EN_100/25832.h5 in 67.37 seconds
2025-09-19 00:02:12,363 - INFO - Processing /viper/ptmp/arego/RC4K1/29570.h5
2025-09-19 00:02:15,772 - INFO - Completed /viper/ptmp/arego/RC4K1_EN_100/17412.h5 in 118.96 seconds
2025-09-19 00:02:16,198 - INFO - Processing /viper/ptmp/arego/RC4K1/3524.h5
2025-09-19 00:02:17,892 - INFO - File 1362: Filtered 24061995 hits and 7 records
2025-09-19 00:02:20,281 - INFO - Completed /viper/ptmp/arego/RC4K1_EN_100/13575.h5 in 92.47 seconds
2025-09-19 00:02:20,538 - INFO - Processing /viper/ptmp/arego/RC4K1/21219.h5
2025-09-19 00:02:21,651 - INFO - File 29570: Filtered 13325224 hits and 8 records
2025-09-19 00:02:21,782 - INFO - Completed /viper/ptmp/arego/RC4K1_EN_100/13041.h5 in 21.08 seconds
2025-09-19 00:02:22,011 - INFO - Processing /viper/ptmp/arego/RC4K1/28249.h5
2025-09-19 00:02:22,314 - INFO - File 12426: Filtered 15214530 hits and 6 records
2025-09-19 00:02:22,626 - INFO - Completed /viper/ptmp/arego/RC4K1_EN_100/9445.h5 in 49.58 seconds
2025-09-19 00:02:23,169 - INFO - Processing /viper/ptmp/arego/RC4K1/27777.h5
2025-09-19 00:02:26,981 - INFO - Completed /viper/ptmp/arego/RC4K1_EN_100/6539.h5 in 78.77 seconds
2025-09-19 00:02:27,111 - INFO - File 3524: Filtered 20726114 hits and 6 records
2025-09-19 00:02:27,274 - INFO - Processing /viper/ptmp/arego/RC4K1/23343.h5
2025-09-19 00:02:29,113 - INFO - Completed /viper/ptmp/arego/RC4K1_EN_100/4908.h5 in 64.27 seconds
2025-09-19 00:02:29,502 - INFO - Processing /viper/ptmp/arego/RC4K1/6457.h5
2025-09-19 00:02:29,955 - INFO - File 21219: Filtered 16172463 hits and 5 records
2025-09-19 00:02:34,942 - INFO - File 28249: Filtered 15054905 hits and 5 records
2025-09-19 00:02:35,547 - INFO - File 27777: Filtered 12030105 hits and 6 records
2025-09-19 00:02:37,143 - INFO - File 23343: Filtered 22108434 hits and 8 records
2025-09-19 00:02:38,848 - INFO - Completed /viper/ptmp/arego/RC4K1_EN_100/4844.h5 in 77.70 seconds
2025-09-19 00:02:39,108 - INFO - Completed /viper/ptmp/arego/RC4K1_EN_100/2162.h5 in 96.61 seconds
2025-09-19 00:02:39,160 - INFO - Processing /viper/ptmp/arego/RC4K1/23617.h5
2025-09-19 00:02:39,404 - INFO - Processing /viper/ptmp/arego/RC4K1/22007.h5
2025-09-19 00:02:39,615 - INFO - Completed /viper/ptmp/arego/RC4K1_EN_100/16311.h5 in 108.84 seconds
2025-09-19 00:02:40,008 - INFO - File 6457: Filtered 14090092 hits and 7 records
2025-09-19 00:02:40,476 - INFO - Processing /viper/ptmp/arego/RC4K1/13121.h5
2025-09-19 00:02:42,208 - INFO - Completed /viper/ptmp/arego/RC4K1_EN_100/8857.h5 in 72.07 seconds
2025-09-19 00:02:42,490 - INFO - Processing /viper/ptmp/arego/RC4K1/24860.h5
2025-09-19 00:02:48,890 - INFO - File 23617: Filtered 20329630 hits and 8 records
2025-09-19 00:02:49,650 - INFO - File 22007: Filtered 14054655 hits and 7 records
2025-09-19 00:02:50,594 - INFO - File 13121: Filtered 23856998 hits and 8 records
2025-09-19 00:02:53,163 - INFO - File 24860: Filtered 14396596 hits and 9 records
2025-09-19 00:03:09,913 - INFO - Completed /viper/ptmp/arego/RC4K1_EN_100/10807.h5 in 100.79 seconds
2025-09-19 00:03:10,126 - INFO - Processing /viper/ptmp/arego/RC4K1/13166.h5
2025-09-19 00:03:14,963 - INFO - Completed /viper/ptmp/arego/RC4K1_EN_100/1362.h5 in 65.82 seconds
2025-09-19 00:03:15,181 - INFO - Processing /viper/ptmp/arego/RC4K1/21065.h5
2025-09-19 00:03:15,607 - INFO - Completed /viper/ptmp/arego/RC4K1_EN_100/1516.h5 in 79.79 seconds
2025-09-19 00:03:15,828 - INFO - Processing /viper/ptmp/arego/RC4K1/9132.h5
2025-09-19 00:03:18,131 - INFO - File 13166: Filtered 19555921 hits and 7 records
2025-09-19 00:03:24,115 - INFO - File 21065: Filtered 23506750 hits and 7 records
2025-09-19 00:03:24,439 - INFO - File 9132: Filtered 27503463 hits and 11 records
2025-09-19 00:03:25,044 - INFO - Completed /viper/ptmp/arego/RC4K1_EN_100/29744.h5 in 93.58 seconds
2025-09-19 00:03:25,266 - INFO - Processing /viper/ptmp/arego/RC4K1/7492.h5
2025-09-19 00:03:29,619 - INFO - Completed /viper/ptmp/arego/RC4K1_EN_100/23343.h5 in 62.34 seconds
2025-09-19 00:03:29,810 - INFO - Processing /viper/ptmp/arego/RC4K1/19151.h5
2025-09-19 00:03:33,578 - INFO - File 7492: Filtered 23338195 hits and 7 records
2025-09-19 00:03:36,185 - INFO - Completed /viper/ptmp/arego/RC4K1_EN_100/13121.h5 in 55.71 seconds
2025-09-19 00:03:36,438 - INFO - Processing /viper/ptmp/arego/RC4K1/826.h5
2025-09-19 00:03:38,055 - INFO - File 19151: Filtered 21995138 hits and 7 records
2025-09-19 00:03:42,451 - INFO - Completed /viper/ptmp/arego/RC4K1_EN_100/3524.h5 in 86.25 seconds
2025-09-19 00:03:42,685 - INFO - Processing /viper/ptmp/arego/RC4K1/20780.h5
2025-09-19 00:03:44,937 - INFO - File 826: Filtered 17986439 hits and 4 records
2025-09-19 00:03:51,462 - INFO - File 20780: Filtered 22899804 hits and 9 records
2025-09-19 00:03:55,939 - INFO - Completed /viper/ptmp/arego/RC4K1_EN_100/21219.h5 in 95.40 seconds
2025-09-19 00:03:56,123 - INFO - Processing /viper/ptmp/arego/RC4K1/10365.h5
2025-09-19 00:03:59,104 - INFO - Completed /viper/ptmp/arego/RC4K1_EN_100/29570.h5 in 106.74 seconds
2025-09-19 00:03:59,287 - INFO - Processing /viper/ptmp/arego/RC4K1/8094.h5
2025-09-19 00:04:03,612 - INFO - Completed /viper/ptmp/arego/RC4K1_EN_100/9132.h5 in 47.78 seconds
2025-09-19 00:04:03,824 - INFO - Processing /viper/ptmp/arego/RC4K1/5106.h5
2025-09-19 00:04:04,692 - INFO - File 10365: Filtered 17571589 hits and 10 records
2025-09-19 00:04:09,185 - INFO - Completed /viper/ptmp/arego/RC4K1_EN_100/12426.h5 in 117.39 seconds
2025-09-19 00:04:09,410 - INFO - Processing /viper/ptmp/arego/RC4K1/18545.h5
2025-09-19 00:04:09,602 - INFO - Completed /viper/ptmp/arego/RC4K1_EN_100/23617.h5 in 90.44 seconds
2025-09-19 00:04:10,166 - INFO - File 8094: Filtered 24665000 hits and 7 records
2025-09-19 00:04:10,293 - INFO - Processing /viper/ptmp/arego/RC4K1/17846.h5
2025-09-19 00:04:13,384 - INFO - File 5106: Filtered 22166534 hits and 6 records
2025-09-19 00:04:17,305 - INFO - Completed /viper/ptmp/arego/RC4K1_EN_100/6457.h5 in 107.80 seconds
2025-09-19 00:04:17,601 - INFO - Processing /viper/ptmp/arego/RC4K1/18132.h5
2025-09-19 00:04:19,324 - INFO - File 18545: Filtered 26718935 hits and 5 records
2025-09-19 00:04:20,547 - INFO - File 17846: Filtered 14417932 hits and 8 records
2025-09-19 00:04:21,016 - INFO - Completed /viper/ptmp/arego/RC4K1_EN_100/28249.h5 in 119.00 seconds
2025-09-19 00:04:21,310 - INFO - Processing /viper/ptmp/arego/RC4K1/5275.h5
2025-09-19 00:04:25,658 - INFO - Completed /viper/ptmp/arego/RC4K1_EN_100/21065.h5 in 70.48 seconds
2025-09-19 00:04:25,720 - INFO - Completed /viper/ptmp/arego/RC4K1_EN_100/13166.h5 in 75.59 seconds
2025-09-19 00:04:25,934 - INFO - Processing /viper/ptmp/arego/RC4K1/15610.h5
2025-09-19 00:04:25,934 - INFO - Processing /viper/ptmp/arego/RC4K1/9513.h5
2025-09-19 00:04:26,478 - INFO - File 18132: Filtered 23316493 hits and 10 records
2025-09-19 00:04:29,219 - INFO - Completed /viper/ptmp/arego/RC4K1_EN_100/22007.h5 in 109.81 seconds
2025-09-19 00:04:29,448 - INFO - Processing /viper/ptmp/arego/RC4K1/23776.h5
2025-09-19 00:04:30,708 - INFO - File 5275: Filtered 23030986 hits and 8 records
2025-09-19 00:04:35,403 - INFO - Completed /viper/ptmp/arego/RC4K1_EN_100/27777.h5 in 132.23 seconds
2025-09-19 00:04:35,645 - INFO - Processing /viper/ptmp/arego/RC4K1/1005.h5
2025-09-19 00:04:36,160 - INFO - File 9513: Filtered 13087212 hits and 8 records
2025-09-19 00:04:36,651 - INFO - File 15610: Filtered 18873098 hits and 10 records
2025-09-19 00:04:40,184 - INFO - File 23776: Filtered 15946936 hits and 10 records
2025-09-19 00:04:40,371 - INFO - Completed /viper/ptmp/arego/RC4K1_EN_100/24860.h5 in 117.88 seconds
2025-09-19 00:04:40,609 - INFO - Processing /viper/ptmp/arego/RC4K1/28313.h5
2025-09-19 00:04:42,048 - INFO - Completed /viper/ptmp/arego/RC4K1_EN_100/7492.h5 in 76.78 seconds
2025-09-19 00:04:42,336 - INFO - Processing /viper/ptmp/arego/RC4K1/6741.h5
2025-09-19 00:04:44,734 - INFO - Completed /viper/ptmp/arego/RC4K1_EN_100/19151.h5 in 74.92 seconds
2025-09-19 00:04:44,948 - INFO - Processing /viper/ptmp/arego/RC4K1/4116.h5
2025-09-19 00:04:45,167 - INFO - File 1005: Filtered 28894471 hits and 10 records
2025-09-19 00:04:50,556 - INFO - File 28313: Filtered 16872508 hits and 5 records
2025-09-19 00:04:52,337 - INFO - File 6741: Filtered 31235595 hits and 9 records
2025-09-19 00:04:54,934 - INFO - File 4116: Filtered 20052881 hits and 9 records
2025-09-19 00:05:04,500 - INFO - Completed /viper/ptmp/arego/RC4K1_EN_100/20780.h5 in 81.82 seconds
2025-09-19 00:05:04,674 - INFO - Processing /viper/ptmp/arego/RC4K1/4581.h5
2025-09-19 00:05:04,967 - INFO - Completed /viper/ptmp/arego/RC4K1_EN_100/8094.h5 in 65.68 seconds
2025-09-19 00:05:05,139 - INFO - Processing /viper/ptmp/arego/RC4K1/29930.h5
2025-09-19 00:05:10,772 - INFO - Completed /viper/ptmp/arego/RC4K1_EN_100/18545.h5 in 61.36 seconds
2025-09-19 00:05:11,162 - INFO - Processing /viper/ptmp/arego/RC4K1/7528.h5
2025-09-19 00:05:14,338 - INFO - File 4581: Filtered 19527295 hits and 4 records
2025-09-19 00:05:14,367 - INFO - File 29930: Filtered 31518060 hits and 7 records
2025-09-19 00:05:19,912 - INFO - Completed /viper/ptmp/arego/RC4K1_EN_100/826.h5 in 103.47 seconds
2025-09-19 00:05:20,131 - INFO - Processing /viper/ptmp/arego/RC4K1/1527.h5
2025-09-19 00:05:20,828 - INFO - File 7528: Filtered 15109070 hits and 5 records
2025-09-19 00:05:25,544 - INFO - Completed /viper/ptmp/arego/RC4K1_EN_100/5106.h5 in 81.72 seconds
2025-09-19 00:05:25,732 - INFO - Processing /viper/ptmp/arego/RC4K1/24850.h5
2025-09-19 00:05:28,901 - INFO - File 1527: Filtered 21731837 hits and 10 records
2025-09-19 00:05:29,037 - INFO - Completed /viper/ptmp/arego/RC4K1_EN_100/1005.h5 in 53.39 seconds
2025-09-19 00:05:29,258 - INFO - Processing /viper/ptmp/arego/RC4K1/21176.h5
2025-09-19 00:05:32,417 - INFO - Completed /viper/ptmp/arego/RC4K1_EN_100/6741.h5 in 50.08 seconds
2025-09-19 00:05:32,620 - INFO - Processing /viper/ptmp/arego/RC4K1/4162.h5
2025-09-19 00:05:34,994 - INFO - File 24850: Filtered 21595079 hits and 9 records
2025-09-19 00:05:36,789 - INFO - Completed /viper/ptmp/arego/RC4K1_EN_100/18132.h5 in 79.19 seconds
2025-09-19 00:05:37,087 - INFO - Processing /viper/ptmp/arego/RC4K1/16965.h5
2025-09-19 00:05:39,989 - INFO - File 21176: Filtered 22071697 hits and 9 records
2025-09-19 00:05:42,879 - INFO - Completed /viper/ptmp/arego/RC4K1_EN_100/10365.h5 in 106.76 seconds
2025-09-19 00:05:42,922 - INFO - File 4162: Filtered 26940942 hits and 6 records
2025-09-19 00:05:43,149 - INFO - Processing /viper/ptmp/arego/RC4K1/26806.h5
2025-09-19 00:05:46,786 - INFO - File 16965: Filtered 27434368 hits and 10 records
2025-09-19 00:05:48,430 - INFO - Completed /viper/ptmp/arego/RC4K1_EN_100/29930.h5 in 43.29 seconds
2025-09-19 00:05:48,624 - INFO - Processing /viper/ptmp/arego/RC4K1/15110.h5
2025-09-19 00:05:50,989 - INFO - Completed /viper/ptmp/arego/RC4K1_EN_100/5275.h5 in 89.68 seconds
2025-09-19 00:05:51,199 - INFO - Processing /viper/ptmp/arego/RC4K1/10674.h5
2025-09-19 00:05:52,673 - INFO - File 26806: Filtered 22353646 hits and 10 records
2025-09-19 00:05:59,017 - INFO - File 15110: Filtered 21123216 hits and 6 records
2025-09-19 00:06:01,258 - INFO - File 10674: Filtered 19603432 hits and 7 records
2025-09-19 00:06:15,108 - INFO - Completed /viper/ptmp/arego/RC4K1_EN_100/15610.h5 in 109.17 seconds
2025-09-19 00:06:15,289 - INFO - Processing /viper/ptmp/arego/RC4K1/19173.h5
2025-09-19 00:06:18,775 - INFO - Completed /viper/ptmp/arego/RC4K1_EN_100/17846.h5 in 128.48 seconds
2025-09-19 00:06:18,959 - INFO - Processing /viper/ptmp/arego/RC4K1/156.h5
2025-09-19 00:06:24,724 - INFO - Completed /viper/ptmp/arego/RC4K1_EN_100/4116.h5 in 99.78 seconds
2025-09-19 00:06:24,945 - INFO - File 19173: Filtered 11073724 hits and 5 records
2025-09-19 00:06:24,950 - INFO - Processing /viper/ptmp/arego/RC4K1/1037.h5
2025-09-19 00:06:29,903 - INFO - File 156: Filtered 25771647 hits and 7 records
2025-09-19 00:06:30,440 - INFO - Completed /viper/ptmp/arego/RC4K1_EN_100/23776.h5 in 120.99 seconds
2025-09-19 00:06:30,687 - INFO - Processing /viper/ptmp/arego/RC4K1/17930.h5
2025-09-19 00:06:35,011 - INFO - File 1037: Filtered 30621417 hits and 9 records
2025-09-19 00:06:38,032 - INFO - Completed /viper/ptmp/arego/RC4K1_EN_100/9513.h5 in 132.10 seconds
2025-09-19 00:06:38,278 - INFO - Processing /viper/ptmp/arego/RC4K1/7371.h5
2025-09-19 00:06:40,263 - INFO - File 17930: Filtered 16234555 hits and 8 records
2025-09-19 00:06:42,162 - INFO - Completed /viper/ptmp/arego/RC4K1_EN_100/16965.h5 in 65.07 seconds
2025-09-19 00:06:42,363 - INFO - Processing /viper/ptmp/arego/RC4K1/28779.h5
2025-09-19 00:06:47,675 - INFO - Completed /viper/ptmp/arego/RC4K1_EN_100/28313.h5 in 127.07 seconds
2025-09-19 00:06:47,899 - INFO - Processing /viper/ptmp/arego/RC4K1/18232.h5
2025-09-19 00:06:48,584 - INFO - File 7371: Filtered 32856100 hits and 10 records
2025-09-19 00:06:49,855 - INFO - Completed /viper/ptmp/arego/RC4K1_EN_100/4162.h5 in 77.23 seconds
2025-09-19 00:06:50,082 - INFO - Processing /viper/ptmp/arego/RC4K1/25598.h5
2025-09-19 00:06:52,539 - INFO - File 28779: Filtered 19341272 hits and 6 records
2025-09-19 00:06:54,845 - INFO - Completed /viper/ptmp/arego/RC4K1_EN_100/1527.h5 in 94.71 seconds
2025-09-19 00:06:55,106 - INFO - Processing /viper/ptmp/arego/RC4K1/20496.h5
2025-09-19 00:06:59,013 - INFO - File 18232: Filtered 24229172 hits and 7 records
2025-09-19 00:07:01,349 - INFO - Completed /viper/ptmp/arego/RC4K1_EN_100/4581.h5 in 116.68 seconds
2025-09-19 00:07:01,547 - INFO - File 25598: Filtered 26614648 hits and 10 records
2025-09-19 00:07:01,631 - INFO - Processing /viper/ptmp/arego/RC4K1/5690.h5
2025-09-19 00:07:05,730 - INFO - File 20496: Filtered 34463512 hits and 11 records
2025-09-19 00:07:06,450 - INFO - Completed /viper/ptmp/arego/RC4K1_EN_100/24850.h5 in 100.72 seconds
2025-09-19 00:07:06,698 - INFO - Processing /viper/ptmp/arego/RC4K1/13597.h5
2025-09-19 00:07:11,548 - INFO - File 5690: Filtered 21574512 hits and 8 records
2025-09-19 00:07:16,383 - INFO - Completed /viper/ptmp/arego/RC4K1_EN_100/21176.h5 in 107.12 seconds
2025-09-19 00:07:16,645 - INFO - Processing /viper/ptmp/arego/RC4K1/26826.h5
2025-09-19 00:07:17,023 - INFO - File 13597: Filtered 28908959 hits and 11 records
2025-09-19 00:07:23,456 - INFO - Completed /viper/ptmp/arego/RC4K1_EN_100/26806.h5 in 100.31 seconds
2025-09-19 00:07:23,653 - INFO - Processing /viper/ptmp/arego/RC4K1/4879.h5
2025-09-19 00:07:23,660 - INFO - Completed /viper/ptmp/arego/RC4K1_EN_100/1037.h5 in 58.71 seconds
2025-09-19 00:07:24,407 - INFO - Processing /viper/ptmp/arego/RC4K1/6743.h5
2025-09-19 00:07:26,245 - INFO - File 26826: Filtered 7715709 hits and 4 records
2025-09-19 00:07:30,010 - INFO - Completed /viper/ptmp/arego/RC4K1_EN_100/7371.h5 in 51.73 seconds
2025-09-19 00:07:30,250 - INFO - Processing /viper/ptmp/arego/RC4K1/16658.h5
2025-09-19 00:07:31,621 - INFO - Completed /viper/ptmp/arego/RC4K1_EN_100/7528.h5 in 140.46 seconds
2025-09-19 00:07:31,962 - INFO - Processing /viper/ptmp/arego/RC4K1/14602.h5
2025-09-19 00:07:35,909 - INFO - File 4879: Filtered 23007331 hits and 6 records
2025-09-19 00:07:36,244 - INFO - File 6743: Filtered 29371369 hits and 9 records
2025-09-19 00:07:41,630 - INFO - Completed /viper/ptmp/arego/RC4K1_EN_100/15110.h5 in 113.01 seconds
2025-09-19 00:07:41,887 - INFO - Processing /viper/ptmp/arego/RC4K1/14202.h5
2025-09-19 00:07:43,179 - INFO - File 16658: Filtered 22673370 hits and 6 records
2025-09-19 00:07:43,202 - INFO - Completed /viper/ptmp/arego/RC4K1_EN_100/20496.h5 in 48.10 seconds
2025-09-19 00:07:43,415 - INFO - Processing /viper/ptmp/arego/RC4K1/11302.h5
2025-09-19 00:07:43,676 - INFO - File 14602: Filtered 23653902 hits and 7 records
2025-09-19 00:07:49,526 - INFO - Completed /viper/ptmp/arego/RC4K1_EN_100/156.h5 in 90.57 seconds
2025-09-19 00:07:49,740 - INFO - Processing /viper/ptmp/arego/RC4K1/17037.h5
2025-09-19 00:07:52,131 - INFO - Completed /viper/ptmp/arego/RC4K1_EN_100/10674.h5 in 120.93 seconds
2025-09-19 00:07:52,375 - INFO - Processing /viper/ptmp/arego/RC4K1/19366.h5
2025-09-19 00:07:52,733 - INFO - File 14202: Filtered 21562572 hits and 6 records
2025-09-19 00:07:55,055 - INFO - File 11302: Filtered 12785659 hits and 5 records
2025-09-19 00:08:02,271 - INFO - File 17037: Filtered 26331912 hits and 9 records
2025-09-19 00:08:04,755 - INFO - File 19366: Filtered 20373867 hits and 6 records
2025-09-19 00:08:16,028 - INFO - Completed /viper/ptmp/arego/RC4K1_EN_100/25598.h5 in 85.95 seconds
2025-09-19 00:08:16,213 - INFO - Processing /viper/ptmp/arego/RC4K1/14613.h5
2025-09-19 00:08:25,014 - INFO - Completed /viper/ptmp/arego/RC4K1_EN_100/13597.h5 in 78.32 seconds
2025-09-19 00:08:25,247 - INFO - Processing /viper/ptmp/arego/RC4K1/25361.h5
2025-09-19 00:08:26,018 - INFO - Completed /viper/ptmp/arego/RC4K1_EN_100/18232.h5 in 98.12 seconds
2025-09-19 00:08:26,230 - INFO - Processing /viper/ptmp/arego/RC4K1/24640.h5
2025-09-19 00:08:26,816 - INFO - File 14613: Filtered 11534016 hits and 6 records
2025-09-19 00:08:36,790 - INFO - File 25361: Filtered 19321631 hits and 6 records
2025-09-19 00:08:38,212 - INFO - File 24640: Filtered 27685955 hits and 11 records
2025-09-19 00:08:41,940 - INFO - Completed /viper/ptmp/arego/RC4K1_EN_100/17930.h5 in 131.25 seconds
2025-09-19 00:08:42,177 - INFO - Processing /viper/ptmp/arego/RC4K1/9466.h5
2025-09-19 00:08:43,015 - INFO - Completed /viper/ptmp/arego/RC4K1_EN_100/28779.h5 in 120.65 seconds
2025-09-19 00:08:43,196 - INFO - Processing /viper/ptmp/arego/RC4K1/20557.h5
2025-09-19 00:08:45,590 - INFO - Completed /viper/ptmp/arego/RC4K1_EN_100/6743.h5 in 81.18 seconds
2025-09-19 00:08:45,822 - INFO - Processing /viper/ptmp/arego/RC4K1/14961.h5
2025-09-19 00:08:55,176 - INFO - File 9466: Filtered 16206392 hits and 7 records
2025-09-19 00:08:55,883 - INFO - File 20557: Filtered 32597579 hits and 7 records
2025-09-19 00:08:57,215 - INFO - Completed /viper/ptmp/arego/RC4K1_EN_100/5690.h5 in 115.58 seconds
2025-09-19 00:08:57,534 - INFO - Processing /viper/ptmp/arego/RC4K1/18853.h5
2025-09-19 00:08:59,409 - INFO - File 14961: Filtered 29832791 hits and 5 records
2025-09-19 00:09:02,791 - INFO - Completed /viper/ptmp/arego/RC4K1_EN_100/19173.h5 in 167.50 seconds
2025-09-19 00:09:02,974 - INFO - Processing /viper/ptmp/arego/RC4K1/2742.h5
2025-09-19 00:09:08,078 - INFO - File 18853: Filtered 27738269 hits and 8 records
2025-09-19 00:09:14,049 - INFO - File 2742: Filtered 27338587 hits and 9 records
2025-09-19 00:09:15,794 - INFO - Completed /viper/ptmp/arego/RC4K1_EN_100/4879.h5 in 112.14 seconds
2025-09-19 00:09:16,057 - INFO - Processing /viper/ptmp/arego/RC4K1/29081.h5
2025-09-19 00:09:19,982 - INFO - Completed /viper/ptmp/arego/RC4K1_EN_100/14602.h5 in 108.02 seconds
2025-09-19 00:09:20,168 - INFO - Processing /viper/ptmp/arego/RC4K1/19289.h5
2025-09-19 00:09:26,548 - INFO - File 29081: Filtered 15037252 hits and 6 records
2025-09-19 00:09:26,832 - INFO - Completed /viper/ptmp/arego/RC4K1_EN_100/16658.h5 in 116.58 seconds
2025-09-19 00:09:27,182 - INFO - Processing /viper/ptmp/arego/RC4K1/21871.h5
2025-09-19 00:09:27,969 - INFO - Completed /viper/ptmp/arego/RC4K1_EN_100/17037.h5 in 98.23 seconds
2025-09-19 00:09:28,213 - INFO - Processing /viper/ptmp/arego/RC4K1/18376.h5
2025-09-19 00:09:31,778 - INFO - File 19289: Filtered 26718717 hits and 11 records
2025-09-19 00:09:38,826 - INFO - File 21871: Filtered 20076294 hits and 10 records
2025-09-19 00:09:39,981 - INFO - File 18376: Filtered 14903944 hits and 4 records
2025-09-19 00:09:43,956 - INFO - Completed /viper/ptmp/arego/RC4K1_EN_100/14202.h5 in 122.07 seconds
2025-09-19 00:09:44,152 - INFO - Processing /viper/ptmp/arego/RC4K1/15359.h5
2025-09-19 00:09:54,826 - INFO - Completed /viper/ptmp/arego/RC4K1_EN_100/20557.h5 in 71.63 seconds
2025-09-19 00:09:54,932 - INFO - File 15359: Filtered 17973779 hits and 10 records
2025-09-19 00:09:55,025 - INFO - Processing /viper/ptmp/arego/RC4K1/28755.h5
2025-09-19 00:10:02,911 - INFO - Completed /viper/ptmp/arego/RC4K1_EN_100/24640.h5 in 96.68 seconds
2025-09-19 00:10:03,133 - INFO - Processing /viper/ptmp/arego/RC4K1/28757.h5
2025-09-19 00:10:03,812 - INFO - Completed /viper/ptmp/arego/RC4K1_EN_100/19366.h5 in 131.44 seconds
2025-09-19 00:10:04,022 - INFO - Processing /viper/ptmp/arego/RC4K1/27379.h5
2025-09-19 00:10:05,832 - INFO - File 28755: Filtered 17809306 hits and 6 records
2025-09-19 00:10:15,408 - INFO - Completed /viper/ptmp/arego/RC4K1_EN_100/14961.h5 in 89.59 seconds
2025-09-19 00:10:15,655 - INFO - Processing /viper/ptmp/arego/RC4K1/942.h5
2025-09-19 00:10:15,886 - INFO - File 28757: Filtered 20002389 hits and 9 records
2025-09-19 00:10:16,869 - INFO - File 27379: Filtered 15759123 hits and 6 records
2025-09-19 00:10:24,342 - INFO - Completed /viper/ptmp/arego/RC4K1_EN_100/26826.h5 in 187.70 seconds
2025-09-19 00:10:24,552 - INFO - Processing /viper/ptmp/arego/RC4K1/12980.h5
2025-09-19 00:10:26,367 - INFO - Completed /viper/ptmp/arego/RC4K1_EN_100/11302.h5 in 162.95 seconds
2025-09-19 00:10:26,564 - INFO - Processing /viper/ptmp/arego/RC4K1/25924.h5
2025-09-19 00:10:26,721 - INFO - File 942: Filtered 22886541 hits and 8 records
2025-09-19 00:10:35,629 - INFO - File 12980: Filtered 31018496 hits and 8 records
2025-09-19 00:10:38,010 - INFO - File 25924: Filtered 20385873 hits and 8 records
2025-09-19 00:10:39,138 - INFO - Completed /viper/ptmp/arego/RC4K1_EN_100/25361.h5 in 133.89 seconds
2025-09-19 00:10:39,147 - INFO - Completed /viper/ptmp/arego/RC4K1_EN_100/18853.h5 in 101.61 seconds
2025-09-19 00:10:39,344 - INFO - Processing /viper/ptmp/arego/RC4K1/9098.h5
2025-09-19 00:10:39,346 - INFO - Processing /viper/ptmp/arego/RC4K1/699.h5
2025-09-19 00:10:49,729 - INFO - Completed /viper/ptmp/arego/RC4K1_EN_100/2742.h5 in 106.75 seconds
2025-09-19 00:10:49,952 - INFO - Processing /viper/ptmp/arego/RC4K1/9937.h5
2025-09-19 00:10:51,333 - INFO - File 699: Filtered 38139225 hits and 10 records
2025-09-19 00:10:51,558 - INFO - File 9098: Filtered 21323502 hits and 7 records
2025-09-19 00:11:04,687 - INFO - File 9937: Filtered 14235123 hits and 5 records
2025-09-19 00:11:11,647 - INFO - Completed /viper/ptmp/arego/RC4K1_EN_100/19289.h5 in 111.48 seconds
2025-09-19 00:11:11,877 - INFO - Processing /viper/ptmp/arego/RC4K1/10164.h5
2025-09-19 00:11:20,530 - INFO - Completed /viper/ptmp/arego/RC4K1_EN_100/9466.h5 in 158.35 seconds
2025-09-19 00:11:20,744 - INFO - Processing /viper/ptmp/arego/RC4K1/26820.h5
2025-09-19 00:11:22,631 - INFO - File 10164: Filtered 31326043 hits and 11 records
2025-09-19 00:11:24,092 - INFO - Completed /viper/ptmp/arego/RC4K1_EN_100/14613.h5 in 187.88 seconds
2025-09-19 00:11:24,350 - INFO - Processing /viper/ptmp/arego/RC4K1/29676.h5
2025-09-19 00:11:31,858 - INFO - File 26820: Filtered 24280591 hits and 6 records
2025-09-19 00:11:32,712 - INFO - Completed /viper/ptmp/arego/RC4K1_EN_100/699.h5 in 53.37 seconds
2025-09-19 00:11:33,149 - INFO - Processing /viper/ptmp/arego/RC4K1/12316.h5
2025-09-19 00:11:36,368 - INFO - File 29676: Filtered 22216153 hits and 6 records
2025-09-19 00:11:45,196 - INFO - File 12316: Filtered 26660987 hits and 9 records
2025-09-19 00:11:46,601 - INFO - Completed /viper/ptmp/arego/RC4K1_EN_100/21871.h5 in 139.42 seconds
2025-09-19 00:11:46,832 - INFO - Processing /viper/ptmp/arego/RC4K1/18328.h5
2025-09-19 00:11:58,265 - INFO - Completed /viper/ptmp/arego/RC4K1_EN_100/12980.h5 in 93.71 seconds
2025-09-19 00:11:58,482 - INFO - Processing /viper/ptmp/arego/RC4K1/28291.h5
2025-09-19 00:11:58,491 - INFO - File 18328: Filtered 26333586 hits and 7 records
2025-09-19 00:12:04,764 - INFO - Completed /viper/ptmp/arego/RC4K1_EN_100/29081.h5 in 168.71 seconds
2025-09-19 00:12:04,961 - INFO - Processing /viper/ptmp/arego/RC4K1/12400.h5
2025-09-19 00:12:09,814 - INFO - File 28291: Filtered 25997438 hits and 8 records
2025-09-19 00:12:13,036 - INFO - Completed /viper/ptmp/arego/RC4K1_EN_100/15359.h5 in 148.88 seconds
2025-09-19 00:12:13,284 - INFO - Processing /viper/ptmp/arego/RC4K1/3267.h5
2025-09-19 00:12:16,877 - INFO - File 12400: Filtered 24276412 hits and 6 records
2025-09-19 00:12:19,643 - INFO - Completed /viper/ptmp/arego/RC4K1_EN_100/18376.h5 in 171.43 seconds
2025-09-19 00:12:19,915 - INFO - Processing /viper/ptmp/arego/RC4K1/6825.h5
2025-09-19 00:12:24,973 - INFO - File 3267: Filtered 33777643 hits and 8 records
2025-09-19 00:12:29,245 - INFO - Completed /viper/ptmp/arego/RC4K1_EN_100/942.h5 in 133.59 seconds
2025-09-19 00:12:29,505 - INFO - Processing /viper/ptmp/arego/RC4K1/9198.h5
2025-09-19 00:12:30,101 - INFO - Completed /viper/ptmp/arego/RC4K1_EN_100/28755.h5 in 155.08 seconds
2025-09-19 00:12:30,375 - INFO - Processing /viper/ptmp/arego/RC4K1/25868.h5
2025-09-19 00:12:31,201 - INFO - File 6825: Filtered 27084140 hits and 7 records
2025-09-19 00:12:32,899 - INFO - Completed /viper/ptmp/arego/RC4K1_EN_100/28757.h5 in 149.77 seconds
2025-09-19 00:12:33,089 - INFO - Processing /viper/ptmp/arego/RC4K1/2783.h5
2025-09-19 00:12:45,632 - INFO - File 9198: Filtered 14944546 hits and 8 records
2025-09-19 00:12:46,472 - INFO - File 25868: Filtered 11807465 hits and 7 records
2025-09-19 00:12:46,725 - INFO - File 2783: Filtered 26092322 hits and 9 records
2025-09-19 00:12:50,683 - INFO - Completed /viper/ptmp/arego/RC4K1_EN_100/10164.h5 in 98.81 seconds
2025-09-19 00:12:51,021 - INFO - Processing /viper/ptmp/arego/RC4K1/968.h5
2025-09-19 00:12:53,934 - INFO - Completed /viper/ptmp/arego/RC4K1_EN_100/27379.h5 in 169.91 seconds
2025-09-19 00:12:54,141 - INFO - Processing /viper/ptmp/arego/RC4K1/9569.h5
2025-09-19 00:12:57,704 - INFO - Completed /viper/ptmp/arego/RC4K1_EN_100/25924.h5 in 151.14 seconds
2025-09-19 00:12:57,931 - INFO - Processing /viper/ptmp/arego/RC4K1/12651.h5
2025-09-19 00:13:03,169 - INFO - File 968: Filtered 11719016 hits and 6 records
2025-09-19 00:13:03,347 - INFO - Completed /viper/ptmp/arego/RC4K1_EN_100/9098.h5 in 144.00 seconds
2025-09-19 00:13:03,571 - INFO - Processing /viper/ptmp/arego/RC4K1/24882.h5
2025-09-19 00:13:08,414 - INFO - File 9569: Filtered 22851904 hits and 8 records
2025-09-19 00:13:11,997 - INFO - File 12651: Filtered 28462258 hits and 9 records
2025-09-19 00:13:18,603 - INFO - File 24882: Filtered 34957311 hits and 11 records
2025-09-19 00:13:27,011 - INFO - Completed /viper/ptmp/arego/RC4K1_EN_100/26820.h5 in 126.27 seconds
2025-09-19 00:13:27,198 - INFO - Processing /viper/ptmp/arego/RC4K1/10774.h5
2025-09-19 00:13:38,612 - INFO - Completed /viper/ptmp/arego/RC4K1_EN_100/12316.h5 in 125.46 seconds
2025-09-19 00:13:38,807 - INFO - Processing /viper/ptmp/arego/RC4K1/13435.h5
2025-09-19 00:13:49,759 - INFO - Completed /viper/ptmp/arego/RC4K1_EN_100/29676.h5 in 145.41 seconds
2025-09-19 00:13:49,992 - INFO - Processing /viper/ptmp/arego/RC4K1/11690.h5
2025-09-19 00:13:52,909 - INFO - File 13435: Filtered 33100379 hits and 10 records
2025-09-19 00:13:54,035 - INFO - File 10774: Filtered 69647707 hits and 7 records
2025-09-19 00:13:56,449 - INFO - Completed /viper/ptmp/arego/RC4K1_EN_100/18328.h5 in 129.62 seconds
2025-09-19 00:13:56,647 - INFO - Processing /viper/ptmp/arego/RC4K1/20319.h5
2025-09-19 00:13:57,243 - INFO - Completed /viper/ptmp/arego/RC4K1_EN_100/3267.h5 in 103.96 seconds
2025-09-19 00:13:57,446 - INFO - Processing /viper/ptmp/arego/RC4K1/7328.h5
2025-09-19 00:14:02,196 - INFO - File 11690: Filtered 29967610 hits and 9 records
2025-09-19 00:14:10,920 - INFO - Completed /viper/ptmp/arego/RC4K1_EN_100/28291.h5 in 132.44 seconds
2025-09-19 00:14:11,111 - INFO - Processing /viper/ptmp/arego/RC4K1/17671.h5
2025-09-19 00:14:11,618 - INFO - File 20319: Filtered 29685679 hits and 8 records
2025-09-19 00:14:12,315 - INFO - File 7328: Filtered 30800279 hits and 8 records
2025-09-19 00:14:22,522 - INFO - File 17671: Filtered 43693780 hits and 9 records
2025-09-19 00:14:23,005 - INFO - Completed /viper/ptmp/arego/RC4K1_EN_100/6825.h5 in 123.09 seconds
2025-09-19 00:14:23,209 - INFO - Processing /viper/ptmp/arego/RC4K1/23748.h5
2025-09-19 00:14:32,801 - INFO - Completed /viper/ptmp/arego/RC4K1_EN_100/12400.h5 in 147.84 seconds
2025-09-19 00:14:33,024 - INFO - Processing /viper/ptmp/arego/RC4K1/23954.h5
2025-09-19 00:14:34,230 - INFO - File 23748: Filtered 29113103 hits and 8 records
2025-09-19 00:14:46,799 - INFO - File 23954: Filtered 24312171 hits and 7 records
2025-09-19 00:14:49,827 - INFO - Completed /viper/ptmp/arego/RC4K1_EN_100/2783.h5 in 136.74 seconds
2025-09-19 00:14:50,067 - INFO - Processing /viper/ptmp/arego/RC4K1/27274.h5
2025-09-19 00:14:59,729 - INFO - Completed /viper/ptmp/arego/RC4K1_EN_100/17671.h5 in 48.62 seconds
2025-09-19 00:15:00,034 - INFO - Processing /viper/ptmp/arego/RC4K1/6781.h5
2025-09-19 00:15:01,810 - INFO - File 27274: Filtered 34256863 hits and 11 records
2025-09-19 00:15:09,306 - INFO - Completed /viper/ptmp/arego/RC4K1_EN_100/24882.h5 in 125.73 seconds
2025-09-19 00:15:09,601 - INFO - Processing /viper/ptmp/arego/RC4K1/442.h5
2025-09-19 00:15:11,793 - INFO - File 6781: Filtered 28002826 hits and 10 records
2025-09-19 00:15:12,271 - INFO - Completed /viper/ptmp/arego/RC4K1_EN_100/9937.h5 in 262.32 seconds
2025-09-19 00:15:12,536 - INFO - Processing /viper/ptmp/arego/RC4K1/653.h5
2025-09-19 00:15:20,264 - INFO - Completed /viper/ptmp/arego/RC4K1_EN_100/13435.h5 in 101.46 seconds
2025-09-19 00:15:20,625 - INFO - Processing /viper/ptmp/arego/RC4K1/11174.h5
2025-09-19 00:15:25,036 - INFO - File 442: Filtered 27079643 hits and 8 records
2025-09-19 00:15:25,070 - INFO - File 653: Filtered 35541947 hits and 7 records
2025-09-19 00:15:26,591 - INFO - Completed /viper/ptmp/arego/RC4K1_EN_100/12651.h5 in 148.66 seconds
2025-09-19 00:15:26,825 - INFO - Processing /viper/ptmp/arego/RC4K1/20882.h5
2025-09-19 00:15:34,337 - INFO - File 11174: Filtered 28314039 hits and 10 records
2025-09-19 00:15:35,132 - INFO - Completed /viper/ptmp/arego/RC4K1_EN_100/9569.h5 in 160.99 seconds
2025-09-19 00:15:35,425 - INFO - Processing /viper/ptmp/arego/RC4K1/14525.h5
2025-09-19 00:15:41,925 - INFO - File 20882: Filtered 26740459 hits and 6 records
2025-09-19 00:15:48,564 - INFO - File 14525: Filtered 25619273 hits and 9 records
2025-09-19 00:15:48,997 - INFO - Completed /viper/ptmp/arego/RC4K1_EN_100/11690.h5 in 119.01 seconds
2025-09-19 00:15:49,191 - INFO - Processing /viper/ptmp/arego/RC4K1/17325.h5
2025-09-19 00:16:00,890 - INFO - Completed /viper/ptmp/arego/RC4K1_EN_100/9198.h5 in 211.38 seconds
2025-09-19 00:16:01,025 - INFO - File 17325: Filtered 32568984 hits and 9 records
2025-09-19 00:16:01,090 - INFO - Processing /viper/ptmp/arego/RC4K1/21286.h5
2025-09-19 00:16:15,294 - INFO - File 21286: Filtered 33626434 hits and 7 records
2025-09-19 00:16:19,318 - INFO - Completed /viper/ptmp/arego/RC4K1_EN_100/27274.h5 in 89.25 seconds
2025-09-19 00:16:19,543 - INFO - Processing /viper/ptmp/arego/RC4K1/5459.h5
2025-09-19 00:16:20,606 - INFO - Completed /viper/ptmp/arego/RC4K1_EN_100/25868.h5 in 230.23 seconds
2025-09-19 00:16:20,856 - INFO - Processing /viper/ptmp/arego/RC4K1/25453.h5
2025-09-19 00:16:21,936 - INFO - Completed /viper/ptmp/arego/RC4K1_EN_100/968.h5 in 210.91 seconds
2025-09-19 00:16:22,184 - INFO - Processing /viper/ptmp/arego/RC4K1/7817.h5
2025-09-19 00:16:22,623 - INFO - Completed /viper/ptmp/arego/RC4K1_EN_100/23748.h5 in 119.41 seconds
2025-09-19 00:16:22,956 - INFO - Processing /viper/ptmp/arego/RC4K1/18431.h5
2025-09-19 00:16:34,911 - INFO - File 5459: Filtered 12588541 hits and 6 records
2025-09-19 00:16:36,584 - INFO - File 25453: Filtered 41783816 hits and 11 records
2025-09-19 00:16:39,359 - INFO - File 7817: Filtered 34766682 hits and 10 records
2025-09-19 00:16:40,897 - INFO - File 18431: Filtered 26784775 hits and 9 records
2025-09-19 00:16:45,354 - INFO - Completed /viper/ptmp/arego/RC4K1_EN_100/653.h5 in 92.82 seconds
2025-09-19 00:16:45,375 - INFO - Completed /viper/ptmp/arego/RC4K1_EN_100/7328.h5 in 167.93 seconds
2025-09-19 00:16:45,546 - INFO - Processing /viper/ptmp/arego/RC4K1/7541.h5
2025-09-19 00:16:45,562 - INFO - Processing /viper/ptmp/arego/RC4K1/19734.h5
2025-09-19 00:16:47,786 - INFO - Completed /viper/ptmp/arego/RC4K1_EN_100/20319.h5 in 171.14 seconds
2025-09-19 00:16:47,965 - INFO - Processing /viper/ptmp/arego/RC4K1/3184.h5
2025-09-19 00:16:58,759 - INFO - File 7541: Filtered 42062915 hits and 10 records
2025-09-19 00:17:02,588 - INFO - File 19734: Filtered 26752259 hits and 7 records
2025-09-19 00:17:05,406 - INFO - File 3184: Filtered 25840029 hits and 8 records
2025-09-19 00:17:09,235 - INFO - Completed /viper/ptmp/arego/RC4K1_EN_100/10774.h5 in 222.04 seconds
2025-09-19 00:17:09,472 - INFO - Processing /viper/ptmp/arego/RC4K1/25656.h5
2025-09-19 00:17:11,962 - INFO - Completed /viper/ptmp/arego/RC4K1_EN_100/6781.h5 in 131.93 seconds
2025-09-19 00:17:12,207 - INFO - Processing /viper/ptmp/arego/RC4K1/25909.h5
2025-09-19 00:17:24,867 - INFO - File 25656: Filtered 21431802 hits and 7 records
2025-09-19 00:17:25,377 - INFO - File 25909: Filtered 20039025 hits and 7 records
2025-09-19 00:17:38,791 - INFO - Completed /viper/ptmp/arego/RC4K1_EN_100/11174.h5 in 138.17 seconds
2025-09-19 00:17:38,974 - INFO - Processing /viper/ptmp/arego/RC4K1/14655.h5
2025-09-19 00:17:40,595 - INFO - Completed /viper/ptmp/arego/RC4K1_EN_100/17325.h5 in 111.40 seconds
2025-09-19 00:17:40,783 - INFO - Processing /viper/ptmp/arego/RC4K1/27026.h5
2025-09-19 00:17:49,685 - INFO - Completed /viper/ptmp/arego/RC4K1_EN_100/23954.h5 in 196.66 seconds
2025-09-19 00:17:49,911 - INFO - Processing /viper/ptmp/arego/RC4K1/5228.h5
2025-09-19 00:17:52,895 - INFO - File 14655: Filtered 32238561 hits and 9 records
2025-09-19 00:17:54,845 - INFO - File 27026: Filtered 43088502 hits and 9 records
2025-09-19 00:18:00,787 - INFO - Completed /viper/ptmp/arego/RC4K1_EN_100/7541.h5 in 75.24 seconds
2025-09-19 00:18:01,021 - INFO - Processing /viper/ptmp/arego/RC4K1/15950.h5
2025-09-19 00:18:05,318 - INFO - File 5228: Filtered 35017126 hits and 9 records
2025-09-19 00:18:08,113 - INFO - Completed /viper/ptmp/arego/RC4K1_EN_100/14525.h5 in 152.69 seconds
2025-09-19 00:18:08,442 - INFO - Processing /viper/ptmp/arego/RC4K1/13453.h5
2025-09-19 00:18:14,299 - INFO - File 15950: Filtered 37332135 hits and 10 records
2025-09-19 00:18:16,214 - INFO - Completed /viper/ptmp/arego/RC4K1_EN_100/7817.h5 in 114.03 seconds
2025-09-19 00:18:16,407 - INFO - Processing /viper/ptmp/arego/RC4K1/18405.h5
2025-09-19 00:18:18,527 - INFO - Completed /viper/ptmp/arego/RC4K1_EN_100/442.h5 in 188.93 seconds
2025-09-19 00:18:18,763 - INFO - Processing /viper/ptmp/arego/RC4K1/25730.h5
2025-09-19 00:18:18,943 - INFO - Completed /viper/ptmp/arego/RC4K1_EN_100/25453.h5 in 118.09 seconds
2025-09-19 00:18:19,485 - INFO - Processing /viper/ptmp/arego/RC4K1/24035.h5
2025-09-19 00:18:21,722 - INFO - File 13453: Filtered 29052384 hits and 9 records
2025-09-19 00:18:35,565 - INFO - Completed /viper/ptmp/arego/RC4K1_EN_100/21286.h5 in 154.47 seconds
2025-09-19 00:18:35,827 - INFO - Processing /viper/ptmp/arego/RC4K1/29462.h5
2025-09-19 00:18:40,146 - INFO - File 25730: Filtered 27105859 hits and 9 records
2025-09-19 00:18:40,309 - INFO - File 18405: Filtered 16112323 hits and 7 records
2025-09-19 00:18:40,861 - INFO - File 24035: Filtered 33789739 hits and 10 records
2025-09-19 00:18:46,762 - INFO - Completed /viper/ptmp/arego/RC4K1_EN_100/20882.h5 in 199.94 seconds
2025-09-19 00:18:47,153 - INFO - Processing /viper/ptmp/arego/RC4K1/5809.h5
2025-09-19 00:18:54,209 - INFO - File 29462: Filtered 34873137 hits and 9 records
2025-09-19 00:18:55,578 - INFO - Completed /viper/ptmp/arego/RC4K1_EN_100/18431.h5 in 152.62 seconds
2025-09-19 00:18:55,778 - INFO - Processing /viper/ptmp/arego/RC4K1/2258.h5
2025-09-19 00:19:03,422 - INFO - File 5809: Filtered 32256035 hits and 8 records
2025-09-19 00:19:03,437 - INFO - Completed /viper/ptmp/arego/RC4K1_EN_100/27026.h5 in 82.65 seconds
2025-09-19 00:19:03,602 - INFO - Processing /viper/ptmp/arego/RC4K1/25507.h5
2025-09-19 00:19:20,416 - INFO - File 25507: Filtered 39284154 hits and 10 records
2025-09-19 00:19:24,882 - INFO - File 2258: Filtered 30995163 hits and 6 records
2025-09-19 00:19:48,000 - INFO - Completed /viper/ptmp/arego/RC4K1_EN_100/14655.h5 in 129.03 seconds
2025-09-19 00:19:48,220 - INFO - Processing /viper/ptmp/arego/RC4K1/2074.h5
2025-09-19 00:20:01,711 - INFO - File 2074: Filtered 20412318 hits and 9 records
2025-09-19 00:20:06,359 - INFO - Completed /viper/ptmp/arego/RC4K1_EN_100/15950.h5 in 125.34 seconds
2025-09-19 00:20:06,550 - INFO - Processing /viper/ptmp/arego/RC4K1/7164.h5
2025-09-19 00:20:09,137 - INFO - Completed /viper/ptmp/arego/RC4K1_EN_100/5459.h5 in 229.59 seconds
2025-09-19 00:20:09,319 - INFO - Processing /viper/ptmp/arego/RC4K1/10076.h5
2025-09-19 00:20:18,640 - INFO - Completed /viper/ptmp/arego/RC4K1_EN_100/19734.h5 in 213.08 seconds
2025-09-19 00:20:18,890 - INFO - Processing /viper/ptmp/arego/RC4K1/7651.h5
2025-09-19 00:20:21,093 - INFO - File 7164: Filtered 28007278 hits and 9 records
2025-09-19 00:20:23,684 - INFO - Completed /viper/ptmp/arego/RC4K1_EN_100/3184.h5 in 215.72 seconds
2025-09-19 00:20:23,989 - INFO - Processing /viper/ptmp/arego/RC4K1/13926.h5
2025-09-19 00:20:24,528 - INFO - File 10076: Filtered 22439579 hits and 7 records
2025-09-19 00:20:26,417 - INFO - Completed /viper/ptmp/arego/RC4K1_EN_100/25909.h5 in 194.21 seconds
2025-09-19 00:20:26,666 - INFO - Processing /viper/ptmp/arego/RC4K1/14339.h5
2025-09-19 00:20:37,228 - INFO - File 7651: Filtered 39953715 hits and 9 records
2025-09-19 00:20:43,513 - INFO - File 14339: Filtered 33754209 hits and 10 records
2025-09-19 00:20:44,880 - INFO - File 13926: Filtered 55111696 hits and 10 records
2025-09-19 00:20:48,150 - INFO - Completed /viper/ptmp/arego/RC4K1_EN_100/5228.h5 in 178.24 seconds
2025-09-19 00:20:48,457 - INFO - Processing /viper/ptmp/arego/RC4K1/20680.h5
2025-09-19 00:20:55,943 - INFO - Completed /viper/ptmp/arego/RC4K1_EN_100/25656.h5 in 226.47 seconds
2025-09-19 00:20:56,139 - INFO - Processing /viper/ptmp/arego/RC4K1/18942.h5
2025-09-19 00:20:57,986 - INFO - Completed /viper/ptmp/arego/RC4K1_EN_100/13453.h5 in 169.54 seconds
2025-09-19 00:20:58,209 - INFO - Processing /viper/ptmp/arego/RC4K1/20320.h5
2025-09-19 00:21:00,172 - INFO - Completed /viper/ptmp/arego/RC4K1_EN_100/25507.h5 in 116.57 seconds
2025-09-19 00:21:00,392 - INFO - Processing /viper/ptmp/arego/RC4K1/18043.h5
2025-09-19 00:21:05,123 - INFO - File 20680: Filtered 39920136 hits and 8 records
2025-09-19 00:21:17,754 - INFO - File 20320: Filtered 15744242 hits and 8 records
2025-09-19 00:21:18,143 - INFO - File 18942: Filtered 34776534 hits and 7 records
2025-09-19 00:21:18,658 - INFO - File 18043: Filtered 42606483 hits and 8 records
2025-09-19 00:21:37,653 - INFO - Completed /viper/ptmp/arego/RC4K1_EN_100/2258.h5 in 161.88 seconds
2025-09-19 00:21:37,847 - INFO - Processing /viper/ptmp/arego/RC4K1/12621.h5
2025-09-19 00:21:46,290 - INFO - Completed /viper/ptmp/arego/RC4K1_EN_100/24035.h5 in 206.81 seconds
2025-09-19 00:21:46,482 - INFO - Processing /viper/ptmp/arego/RC4K1/19292.h5
2025-09-19 00:21:52,671 - INFO - File 12621: Filtered 40976645 hits and 11 records
2025-09-19 00:21:55,309 - INFO - Completed /viper/ptmp/arego/RC4K1_EN_100/29462.h5 in 199.48 seconds
2025-09-19 00:21:55,532 - INFO - Processing /viper/ptmp/arego/RC4K1/7218.h5
2025-09-19 00:21:59,842 - INFO - Completed /viper/ptmp/arego/RC4K1_EN_100/25730.h5 in 221.08 seconds
2025-09-19 00:22:00,091 - INFO - Processing /viper/ptmp/arego/RC4K1/22190.h5
2025-09-19 00:22:04,197 - INFO - File 19292: Filtered 46862448 hits and 10 records
2025-09-19 00:22:06,628 - INFO - Completed /viper/ptmp/arego/RC4K1_EN_100/13926.h5 in 102.64 seconds
2025-09-19 00:22:06,926 - INFO - Processing /viper/ptmp/arego/RC4K1/27608.h5
2025-09-19 00:22:12,459 - INFO - Completed /viper/ptmp/arego/RC4K1_EN_100/5809.h5 in 205.31 seconds
2025-09-19 00:22:12,822 - INFO - Processing /viper/ptmp/arego/RC4K1/10576.h5
2025-09-19 00:22:16,068 - INFO - File 7218: Filtered 30132710 hits and 5 records
2025-09-19 00:22:22,096 - INFO - File 22190: Filtered 35616999 hits and 9 records
2025-09-19 00:22:32,279 - INFO - File 27608: Filtered 49693079 hits and 6 records
2025-09-19 00:22:37,241 - INFO - File 10576: Filtered 51138186 hits and 8 records
2025-09-19 00:22:54,619 - INFO - Completed /viper/ptmp/arego/RC4K1_EN_100/7164.h5 in 168.07 seconds
2025-09-19 00:22:54,842 - INFO - Processing /viper/ptmp/arego/RC4K1/10918.h5
2025-09-19 00:23:03,247 - INFO - Completed /viper/ptmp/arego/RC4K1_EN_100/18043.h5 in 122.86 seconds
2025-09-19 00:23:03,526 - INFO - Processing /viper/ptmp/arego/RC4K1/7040.h5
2025-09-19 00:23:08,354 - INFO - Completed /viper/ptmp/arego/RC4K1_EN_100/14339.h5 in 161.69 seconds
2025-09-19 00:23:08,558 - INFO - Processing /viper/ptmp/arego/RC4K1/770.h5
2025-09-19 00:23:09,369 - INFO - File 10918: Filtered 48356392 hits and 11 records
2025-09-19 00:23:16,265 - INFO - Completed /viper/ptmp/arego/RC4K1_EN_100/7651.h5 in 177.37 seconds
2025-09-19 00:23:16,534 - INFO - Processing /viper/ptmp/arego/RC4K1/7019.h5
2025-09-19 00:23:18,565 - INFO - File 7040: Filtered 49787564 hits and 10 records
2025-09-19 00:23:23,466 - INFO - Completed /viper/ptmp/arego/RC4K1_EN_100/2074.h5 in 215.25 seconds
2025-09-19 00:23:23,692 - INFO - Processing /viper/ptmp/arego/RC4K1/29380.h5
2025-09-19 00:23:24,447 - INFO - File 770: Filtered 43394330 hits and 10 records
2025-09-19 00:23:33,792 - INFO - Completed /viper/ptmp/arego/RC4K1_EN_100/10076.h5 in 204.47 seconds
2025-09-19 00:23:34,092 - INFO - Processing /viper/ptmp/arego/RC4K1/11135.h5
2025-09-19 00:23:35,319 - INFO - File 7019: Filtered 34697381 hits and 8 records
2025-09-19 00:23:39,790 - INFO - File 29380: Filtered 32632165 hits and 5 records
2025-09-19 00:23:50,130 - INFO - File 11135: Filtered 39904256 hits and 7 records
2025-09-19 00:23:52,814 - INFO - Completed /viper/ptmp/arego/RC4K1_EN_100/18405.h5 in 336.41 seconds
2025-09-19 00:23:53,001 - INFO - Processing /viper/ptmp/arego/RC4K1/18112.h5
2025-09-19 00:23:57,085 - INFO - Completed /viper/ptmp/arego/RC4K1_EN_100/12621.h5 in 139.24 seconds
2025-09-19 00:23:57,265 - INFO - Processing /viper/ptmp/arego/RC4K1/13875.h5
2025-09-19 00:23:57,419 - INFO - Completed /viper/ptmp/arego/RC4K1_EN_100/20680.h5 in 188.96 seconds
2025-09-19 00:23:57,611 - INFO - Processing /viper/ptmp/arego/RC4K1/3734.h5
2025-09-19 00:24:09,510 - INFO - File 18112: Filtered 27531187 hits and 9 records
2025-09-19 00:24:17,463 - INFO - File 13875: Filtered 25597024 hits and 7 records
2025-09-19 00:24:20,503 - INFO - File 3734: Filtered 46430593 hits and 9 records
2025-09-19 00:24:30,424 - INFO - Completed /viper/ptmp/arego/RC4K1_EN_100/10918.h5 in 95.58 seconds
2025-09-19 00:24:30,612 - INFO - Processing /viper/ptmp/arego/RC4K1/11303.h5
2025-09-19 00:24:33,071 - INFO - Completed /viper/ptmp/arego/RC4K1_EN_100/7040.h5 in 89.54 seconds
2025-09-19 00:24:33,253 - INFO - Processing /viper/ptmp/arego/RC4K1/14229.h5
2025-09-19 00:24:33,390 - INFO - Completed /viper/ptmp/arego/RC4K1_EN_100/19292.h5 in 166.91 seconds
2025-09-19 00:24:33,579 - INFO - Processing /viper/ptmp/arego/RC4K1/26431.h5
2025-09-19 00:24:48,129 - INFO - File 11303: Filtered 45300015 hits and 10 records
2025-09-19 00:24:49,704 - INFO - Completed /viper/ptmp/arego/RC4K1_EN_100/18942.h5 in 233.56 seconds
2025-09-19 00:24:50,008 - INFO - Processing /viper/ptmp/arego/RC4K1/26757.h5
2025-09-19 00:24:52,231 - INFO - File 14229: Filtered 42617689 hits and 8 records
2025-09-19 00:24:56,679 - INFO - File 26431: Filtered 44205873 hits and 8 records
2025-09-19 00:25:05,816 - INFO - Completed /viper/ptmp/arego/RC4K1_EN_100/27608.h5 in 178.89 seconds
2025-09-19 00:25:06,056 - INFO - Processing /viper/ptmp/arego/RC4K1/11871.h5
2025-09-19 00:25:10,907 - INFO - File 26757: Filtered 39361021 hits and 6 records
2025-09-19 00:25:13,201 - INFO - Completed /viper/ptmp/arego/RC4K1_EN_100/10576.h5 in 180.38 seconds
2025-09-19 00:25:13,428 - INFO - Processing /viper/ptmp/arego/RC4K1/24624.h5
2025-09-19 00:25:13,752 - INFO - Completed /viper/ptmp/arego/RC4K1_EN_100/770.h5 in 125.19 seconds
2025-09-19 00:25:14,044 - INFO - Processing /viper/ptmp/arego/RC4K1/18398.h5
2025-09-19 00:25:16,380 - INFO - Completed /viper/ptmp/arego/RC4K1_EN_100/20320.h5 in 258.17 seconds
2025-09-19 00:25:16,578 - INFO - Processing /viper/ptmp/arego/RC4K1/16201.h5
2025-09-19 00:25:26,982 - INFO - File 11871: Filtered 69665633 hits and 10 records
2025-09-19 00:25:34,277 - INFO - File 18398: Filtered 37910599 hits and 9 records
2025-09-19 00:25:38,703 - INFO - File 16201: Filtered 38853740 hits and 9 records
2025-09-19 00:25:38,752 - INFO - File 24624: Filtered 42554460 hits and 8 records
2025-09-19 00:26:02,616 - INFO - Completed /viper/ptmp/arego/RC4K1_EN_100/11135.h5 in 148.52 seconds
2025-09-19 00:26:02,817 - INFO - Processing /viper/ptmp/arego/RC4K1/27341.h5
2025-09-19 00:26:05,851 - INFO - Completed /viper/ptmp/arego/RC4K1_EN_100/22190.h5 in 245.76 seconds
2025-09-19 00:26:06,041 - INFO - Completed /viper/ptmp/arego/RC4K1_EN_100/7218.h5 in 250.51 seconds
2025-09-19 00:26:06,055 - INFO - Processing /viper/ptmp/arego/RC4K1/29677.h5
2025-09-19 00:26:06,859 - INFO - Processing /viper/ptmp/arego/RC4K1/12944.h5
2025-09-19 00:26:31,656 - INFO - Completed /viper/ptmp/arego/RC4K1_EN_100/29380.h5 in 187.96 seconds
2025-09-19 00:26:31,934 - INFO - Processing /viper/ptmp/arego/RC4K1/7139.h5
2025-09-19 00:26:35,338 - INFO - File 12944: Filtered 48810602 hits and 8 records
2025-09-19 00:26:39,392 - INFO - File 27341: Filtered 16368837 hits and 7 records
2025-09-19 00:26:51,602 - INFO - Completed /viper/ptmp/arego/RC4K1_EN_100/11303.h5 in 140.99 seconds
2025-09-19 00:26:51,884 - INFO - Completed /viper/ptmp/arego/RC4K1_EN_100/11871.h5 in 105.83 seconds
2025-09-19 00:26:51,894 - INFO - Processing /viper/ptmp/arego/RC4K1/2360.h5
2025-09-19 00:26:52,164 - INFO - Processing /viper/ptmp/arego/RC4K1/5807.h5
2025-09-19 00:26:58,840 - INFO - File 7139: Filtered 33777099 hits and 11 records
2025-09-19 00:27:11,990 - INFO - File 29677: Filtered 44963473 hits and 6 records
2025-09-19 00:27:16,027 - INFO - Completed /viper/ptmp/arego/RC4K1_EN_100/14229.h5 in 162.77 seconds
2025-09-19 00:27:16,324 - INFO - Processing /viper/ptmp/arego/RC4K1/28728.h5
2025-09-19 00:27:21,978 - INFO - File 2360: Filtered 39051945 hits and 10 records
2025-09-19 00:27:30,648 - INFO - File 5807: Filtered 20636205 hits and 7 records
2025-09-19 00:27:34,093 - INFO - Completed /viper/ptmp/arego/RC4K1_EN_100/3734.h5 in 216.48 seconds
2025-09-19 00:27:34,388 - INFO - Processing /viper/ptmp/arego/RC4K1/13728.h5
2025-09-19 00:27:37,470 - INFO - Completed /viper/ptmp/arego/RC4K1_EN_100/18112.h5 in 224.47 seconds
2025-09-19 00:27:37,921 - INFO - Processing /viper/ptmp/arego/RC4K1/24072.h5
2025-09-19 00:27:41,899 - INFO - File 28728: Filtered 49421090 hits and 11 records
2025-09-19 00:27:50,683 - INFO - Completed /viper/ptmp/arego/RC4K1_EN_100/7019.h5 in 274.15 seconds
2025-09-19 00:27:51,036 - INFO - Processing /viper/ptmp/arego/RC4K1/27347.h5
2025-09-19 00:27:59,527 - INFO - File 24072: Filtered 44637388 hits and 9 records
2025-09-19 00:28:04,414 - INFO - File 13728: Filtered 26848254 hits and 6 records
2025-09-19 00:28:07,606 - INFO - Completed /viper/ptmp/arego/RC4K1_EN_100/13875.h5 in 250.34 seconds
2025-09-19 00:28:07,966 - INFO - Processing /viper/ptmp/arego/RC4K1/7269.h5
2025-09-19 00:28:21,583 - INFO - File 27347: Filtered 31432185 hits and 8 records
2025-09-19 00:28:27,090 - INFO - File 7269: Filtered 58531317 hits and 7 records
2025-09-19 00:28:32,705 - INFO - Completed /viper/ptmp/arego/RC4K1_EN_100/18398.h5 in 198.66 seconds
2025-09-19 00:28:32,910 - INFO - Processing /viper/ptmp/arego/RC4K1/3410.h5
2025-09-19 00:28:35,250 - INFO - Completed /viper/ptmp/arego/RC4K1_EN_100/26431.h5 in 241.67 seconds
2025-09-19 00:28:35,422 - INFO - Processing /viper/ptmp/arego/RC4K1/9855.h5
2025-09-19 00:28:41,735 - INFO - Completed /viper/ptmp/arego/RC4K1_EN_100/16201.h5 in 205.16 seconds
2025-09-19 00:28:41,918 - INFO - Processing /viper/ptmp/arego/RC4K1/29428.h5
2025-09-19 00:28:50,442 - INFO - File 3410: Filtered 36479754 hits and 9 records
2025-09-19 00:29:01,774 - INFO - File 9855: Filtered 45734796 hits and 10 records
2025-09-19 00:29:10,108 - INFO - File 29428: Filtered 3359919 hits and 6 records
2025-09-19 00:29:15,329 - INFO - Completed /viper/ptmp/arego/RC4K1_EN_100/26757.h5 in 265.32 seconds
2025-09-19 00:29:27,348 - INFO - Completed /viper/ptmp/arego/RC4K1_EN_100/24624.h5 in 253.92 seconds
2025-09-19 00:29:59,211 - INFO - Completed /viper/ptmp/arego/RC4K1_EN_100/28728.h5 in 162.89 seconds
2025-09-19 00:29:59,414 - INFO - Processing /viper/ptmp/arego/RC4K1/17304.h5
2025-09-19 00:30:06,553 - INFO - Completed /viper/ptmp/arego/RC4K1_EN_100/7269.h5 in 118.59 seconds
2025-09-19 00:30:06,820 - INFO - Processing /viper/ptmp/arego/RC4K1/27700.h5
2025-09-19 00:30:20,886 - INFO - File 17304: Filtered 37095251 hits and 9 records
2025-09-19 00:30:30,004 - INFO - File 27700: Filtered 30815699 hits and 10 records
2025-09-19 00:30:30,921 - INFO - Completed /viper/ptmp/arego/RC4K1_EN_100/2360.h5 in 219.03 seconds
2025-09-19 00:30:31,185 - INFO - Processing /viper/ptmp/arego/RC4K1/19034.h5
2025-09-19 00:30:37,678 - INFO - Completed /viper/ptmp/arego/RC4K1_EN_100/12944.h5 in 270.82 seconds
2025-09-19 00:30:39,951 - INFO - Completed /viper/ptmp/arego/RC4K1_EN_100/24072.h5 in 182.03 seconds
2025-09-19 00:30:40,134 - INFO - Processing /viper/ptmp/arego/RC4K1/9233.h5
2025-09-19 00:30:52,343 - INFO - File 19034: Filtered 44236073 hits and 9 records
2025-09-19 00:31:01,474 - INFO - Completed /viper/ptmp/arego/RC4K1_EN_100/7139.h5 in 269.54 seconds
2025-09-19 00:31:01,726 - INFO - Processing /viper/ptmp/arego/RC4K1/17765.h5
2025-09-19 00:31:03,487 - INFO - File 9233: Filtered 53667092 hits and 9 records
2025-09-19 00:31:24,084 - INFO - File 17765: Filtered 66618456 hits and 7 records
2025-09-19 00:32:25,888 - INFO - Completed /viper/ptmp/arego/RC4K1_EN_100/3410.h5 in 232.98 seconds
2025-09-19 00:32:26,069 - INFO - Processing /viper/ptmp/arego/RC4K1/23580.h5
2025-09-19 00:32:57,472 - INFO - File 23580: Filtered 105022110 hits and 12 records
2025-09-19 00:33:56,532 - INFO - Completed /viper/ptmp/arego/RC4K1_EN_100/9855.h5 in 321.11 seconds
2025-09-19 00:34:03,161 - INFO - Completed /viper/ptmp/arego/RC4K1_EN_100/5807.h5 in 431.00 seconds
2025-09-19 00:34:07,880 - INFO - Completed /viper/ptmp/arego/RC4K1_EN_100/13728.h5 in 393.49 seconds
2025-09-19 00:34:08,411 - INFO - Completed /viper/ptmp/arego/RC4K1_EN_100/27347.h5 in 377.37 seconds
2025-09-19 00:34:14,241 - INFO - Completed /viper/ptmp/arego/RC4K1_EN_100/17304.h5 in 254.83 seconds
2025-09-19 00:34:32,237 - INFO - Completed /viper/ptmp/arego/RC4K1_EN_100/17765.h5 in 210.51 seconds
2025-09-19 00:34:32,587 - INFO - Completed /viper/ptmp/arego/RC4K1_EN_100/27341.h5 in 509.77 seconds
2025-09-19 00:34:39,717 - INFO - Completed /viper/ptmp/arego/RC4K1_EN_100/19034.h5 in 248.53 seconds
2025-09-19 00:34:51,202 - INFO - Completed /viper/ptmp/arego/RC4K1_EN_100/9233.h5 in 251.07 seconds
2025-09-19 00:34:52,211 - INFO - Completed /viper/ptmp/arego/RC4K1_EN_100/27700.h5 in 285.39 seconds
2025-09-19 00:35:10,246 - INFO - Completed /viper/ptmp/arego/RC4K1_EN_100/23580.h5 in 164.18 seconds
2025-09-19 00:36:56,150 - INFO - Completed /viper/ptmp/arego/RC4K1_EN_100/29428.h5 in 494.23 seconds
2025-09-19 00:38:23,341 - INFO - Completed /viper/ptmp/arego/RC4K1_EN_100/29677.h5 in 737.29 seconds
