2025-09-19 03:28:54,184 - INFO - Loaded skip configuration: 0 files to skip entirely, 35364 files with partial record skips
2025-09-19 03:28:54,195 - INFO - Loaded skip configuration: 0 files to skip entirely, 35364 files with partial record skips
2025-09-19 03:28:54,999 - INFO - Processing /viper/ptmp/arego/RC4K1/2586.h5
2025-09-19 03:28:55,036 - INFO - Processing /viper/ptmp/arego/RC4K1/20481.h5
2025-09-19 03:28:55,499 - INFO - Processing /viper/ptmp/arego/RC4K1/10299.h5
2025-09-19 03:28:55,499 - INFO - File 2586: Filtered 502651 hits and 6 records
2025-09-19 03:28:55,533 - INFO - File 20481: Filtered 628774 hits and 4 records
2025-09-19 03:28:55,591 - INFO - Processing /viper/ptmp/arego/RC4K1/8901.h5
2025-09-19 03:28:55,899 - INFO - Completed /viper/ptmp/arego/RC4K1_1/2586.h5 in 0.90 seconds
2025-09-19 03:28:56,035 - INFO - File 10299: Filtered 815251 hits and 5 records
2025-09-19 03:28:56,064 - INFO - Processing /viper/ptmp/arego/RC4K1/14334.h5
2025-09-19 03:28:56,078 - INFO - File 8901: Filtered 853111 hits and 5 records
2025-09-19 03:28:56,084 - INFO - Completed /viper/ptmp/arego/RC4K1_1/20481.h5 in 1.05 seconds
2025-09-19 03:28:56,200 - INFO - Processing /viper/ptmp/arego/RC4K1/26124.h5
2025-09-19 03:28:56,618 - INFO - File 14334: Filtered 1510009 hits and 8 records
2025-09-19 03:28:56,632 - INFO - Processing /viper/ptmp/arego/RC4K1/13827.h5
2025-09-19 03:28:56,697 - INFO - File 26124: Filtered 827524 hits and 4 records
2025-09-19 03:28:56,738 - INFO - Completed /viper/ptmp/arego/RC4K1_1/10299.h5 in 1.24 seconds
2025-09-19 03:28:56,752 - INFO - Completed /viper/ptmp/arego/RC4K1_1/8901.h5 in 1.16 seconds
2025-09-19 03:28:56,868 - INFO - Processing /viper/ptmp/arego/RC4K1/29698.h5
2025-09-19 03:28:57,131 - INFO - Completed /viper/ptmp/arego/RC4K1_1/14334.h5 in 1.07 seconds
2025-09-19 03:28:57,209 - INFO - Processing /viper/ptmp/arego/RC4K1/13107.h5
2025-09-19 03:28:57,274 - INFO - Completed /viper/ptmp/arego/RC4K1_1/26124.h5 in 1.07 seconds
2025-09-19 03:28:57,281 - INFO - File 13827: Filtered 1130289 hits and 8 records
2025-09-19 03:28:57,365 - INFO - File 29698: Filtered 1141928 hits and 6 records
2025-09-19 03:28:57,412 - INFO - Processing /viper/ptmp/arego/RC4K1/25117.h5
2025-09-19 03:28:57,759 - INFO - Processing /viper/ptmp/arego/RC4K1/27681.h5
2025-09-19 03:28:57,854 - INFO - Completed /viper/ptmp/arego/RC4K1_1/29698.h5 in 0.99 seconds
2025-09-19 03:28:57,878 - INFO - File 13107: Filtered 1910409 hits and 5 records
2025-09-19 03:28:57,954 - INFO - File 25117: Filtered 816682 hits and 7 records
2025-09-19 03:28:57,976 - INFO - Completed /viper/ptmp/arego/RC4K1_1/13827.h5 in 1.34 seconds
2025-09-19 03:28:58,062 - INFO - Processing /viper/ptmp/arego/RC4K1/6238.h5
2025-09-19 03:28:58,331 - INFO - Processing /viper/ptmp/arego/RC4K1/1605.h5
2025-09-19 03:28:58,454 - INFO - Completed /viper/ptmp/arego/RC4K1_1/13107.h5 in 1.24 seconds
2025-09-19 03:28:58,529 - INFO - File 27681: Filtered 1005701 hits and 5 records
2025-09-19 03:28:58,573 - INFO - Completed /viper/ptmp/arego/RC4K1_1/25117.h5 in 1.16 seconds
2025-09-19 03:28:58,616 - INFO - Processing /viper/ptmp/arego/RC4K1/6833.h5
2025-09-19 03:28:58,665 - INFO - File 6238: Filtered 1310389 hits and 7 records
2025-09-19 03:28:58,905 - INFO - Processing /viper/ptmp/arego/RC4K1/19302.h5
2025-09-19 03:28:59,079 - INFO - File 1605: Filtered 2255601 hits and 6 records
2025-09-19 03:28:59,215 - INFO - File 6833: Filtered 1634318 hits and 7 records
2025-09-19 03:28:59,280 - INFO - Completed /viper/ptmp/arego/RC4K1_1/6238.h5 in 1.22 seconds
2025-09-19 03:28:59,312 - INFO - Processing /viper/ptmp/arego/RC4K1/28200.h5
2025-09-19 03:28:59,430 - INFO - Processing /viper/ptmp/arego/RC4K1/8143.h5
2025-09-19 03:28:59,660 - INFO - Completed /viper/ptmp/arego/RC4K1_1/1605.h5 in 1.33 seconds
2025-09-19 03:28:59,727 - INFO - Completed /viper/ptmp/arego/RC4K1_1/6833.h5 in 1.11 seconds
2025-09-19 03:28:59,734 - INFO - File 19302: Filtered 684171 hits and 7 records
2025-09-19 03:28:59,879 - INFO - Processing /viper/ptmp/arego/RC4K1/15658.h5
2025-09-19 03:28:59,911 - INFO - File 28200: Filtered 1621910 hits and 6 records
2025-09-19 03:29:00,030 - INFO - Processing /viper/ptmp/arego/RC4K1/29314.h5
2025-09-19 03:29:00,109 - INFO - Completed /viper/ptmp/arego/RC4K1_1/27681.h5 in 2.35 seconds
2025-09-19 03:29:00,226 - INFO - File 8143: Filtered 1823515 hits and 5 records
2025-09-19 03:29:00,478 - INFO - Processing /viper/ptmp/arego/RC4K1/18106.h5
2025-09-19 03:29:00,493 - INFO - Completed /viper/ptmp/arego/RC4K1_1/28200.h5 in 1.18 seconds
2025-09-19 03:29:00,505 - INFO - File 15658: Filtered 1182117 hits and 4 records
2025-09-19 03:29:00,646 - INFO - Processing /viper/ptmp/arego/RC4K1/4185.h5
2025-09-19 03:29:00,822 - INFO - Completed /viper/ptmp/arego/RC4K1_1/19302.h5 in 1.92 seconds
2025-09-19 03:29:00,855 - INFO - File 29314: Filtered 1648175 hits and 6 records
2025-09-19 03:29:01,011 - INFO - Completed /viper/ptmp/arego/RC4K1_1/8143.h5 in 1.58 seconds
2025-09-19 03:29:01,053 - INFO - Processing /viper/ptmp/arego/RC4K1/21177.h5
2025-09-19 03:29:01,163 - INFO - File 18106: Filtered 609068 hits and 5 records
2025-09-19 03:29:01,217 - INFO - Completed /viper/ptmp/arego/RC4K1_1/15658.h5 in 1.34 seconds
2025-09-19 03:29:01,225 - INFO - Processing /viper/ptmp/arego/RC4K1/25022.h5
2025-09-19 03:29:01,488 - INFO - File 4185: Filtered 2083715 hits and 7 records
2025-09-19 03:29:01,681 - INFO - Processing /viper/ptmp/arego/RC4K1/22249.h5
2025-09-19 03:29:01,712 - INFO - File 21177: Filtered 1355593 hits and 5 records
2025-09-19 03:29:01,719 - INFO - Completed /viper/ptmp/arego/RC4K1_1/29314.h5 in 1.69 seconds
2025-09-19 03:29:01,773 - INFO - Processing /viper/ptmp/arego/RC4K1/25213.h5
2025-09-19 03:29:02,056 - INFO - File 25022: Filtered 2696260 hits and 7 records
2025-09-19 03:29:02,218 - INFO - Processing /viper/ptmp/arego/RC4K1/27928.h5
2025-09-19 03:29:02,263 - INFO - Completed /viper/ptmp/arego/RC4K1_1/4185.h5 in 1.62 seconds
2025-09-19 03:29:02,347 - INFO - Processing /viper/ptmp/arego/RC4K1/27361.h5
2025-09-19 03:29:02,404 - INFO - File 22249: Filtered 2278593 hits and 9 records
2025-09-19 03:29:02,426 - INFO - Completed /viper/ptmp/arego/RC4K1_1/18106.h5 in 1.95 seconds
2025-09-19 03:29:02,532 - INFO - Completed /viper/ptmp/arego/RC4K1_1/21177.h5 in 1.48 seconds
2025-09-19 03:29:02,598 - INFO - File 25213: Filtered 1957202 hits and 6 records
2025-09-19 03:29:02,646 - INFO - Completed /viper/ptmp/arego/RC4K1_1/25022.h5 in 1.42 seconds
2025-09-19 03:29:02,880 - INFO - Completed /viper/ptmp/arego/RC4K1_1/22249.h5 in 1.20 seconds
2025-09-19 03:29:02,881 - INFO - Processing /viper/ptmp/arego/RC4K1/15502.h5
2025-09-19 03:29:02,924 - INFO - Processing /viper/ptmp/arego/RC4K1/27566.h5
2025-09-19 03:29:02,942 - INFO - File 27928: Filtered 1554677 hits and 7 records
2025-09-19 03:29:03,193 - INFO - File 27361: Filtered 3153423 hits and 9 records
2025-09-19 03:29:03,409 - INFO - Completed /viper/ptmp/arego/RC4K1_1/25213.h5 in 1.64 seconds
2025-09-19 03:29:03,501 - INFO - Processing /viper/ptmp/arego/RC4K1/21658.h5
2025-09-19 03:29:03,627 - INFO - Processing /viper/ptmp/arego/RC4K1/15151.h5
2025-09-19 03:29:03,642 - INFO - Completed /viper/ptmp/arego/RC4K1_1/27928.h5 in 1.42 seconds
2025-09-19 03:29:03,647 - INFO - File 15502: Filtered 1615508 hits and 6 records
2025-09-19 03:29:03,726 - INFO - Completed /viper/ptmp/arego/RC4K1_1/27361.h5 in 1.38 seconds
2025-09-19 03:29:03,769 - INFO - File 27566: Filtered 2081345 hits and 5 records
2025-09-19 03:29:04,076 - INFO - Processing /viper/ptmp/arego/RC4K1/25511.h5
2025-09-19 03:29:04,130 - INFO - Processing /viper/ptmp/arego/RC4K1/12376.h5
2025-09-19 03:29:04,394 - INFO - File 15151: Filtered 1541324 hits and 5 records
2025-09-19 03:29:04,399 - INFO - File 21658: Filtered 2287175 hits and 5 records
2025-09-19 03:29:04,433 - INFO - Completed /viper/ptmp/arego/RC4K1_1/15502.h5 in 1.55 seconds
2025-09-19 03:29:04,590 - INFO - Completed /viper/ptmp/arego/RC4K1_1/27566.h5 in 1.67 seconds
2025-09-19 03:29:04,654 - INFO - Processing /viper/ptmp/arego/RC4K1/21912.h5
2025-09-19 03:29:04,891 - INFO - File 12376: Filtered 2174545 hits and 10 records
2025-09-19 03:29:04,942 - INFO - File 25511: Filtered 3657882 hits and 8 records
2025-09-19 03:29:04,973 - INFO - Processing /viper/ptmp/arego/RC4K1/18753.h5
2025-09-19 03:29:05,217 - INFO - Processing /viper/ptmp/arego/RC4K1/16771.h5
2025-09-19 03:29:05,284 - INFO - Completed /viper/ptmp/arego/RC4K1_1/15151.h5 in 1.66 seconds
2025-09-19 03:29:05,425 - INFO - Completed /viper/ptmp/arego/RC4K1_1/25511.h5 in 1.35 seconds
2025-09-19 03:29:05,633 - INFO - File 21912: Filtered 1192704 hits and 5 records
2025-09-19 03:29:05,652 - INFO - Completed /viper/ptmp/arego/RC4K1_1/12376.h5 in 1.52 seconds
2025-09-19 03:29:05,688 - INFO - Processing /viper/ptmp/arego/RC4K1/26893.h5
2025-09-19 03:29:05,717 - INFO - File 18753: Filtered 3097896 hits and 8 records
2025-09-19 03:29:05,777 - INFO - Completed /viper/ptmp/arego/RC4K1_1/21658.h5 in 2.28 seconds
2025-09-19 03:29:05,801 - INFO - Processing /viper/ptmp/arego/RC4K1/25871.h5
2025-09-19 03:29:06,110 - INFO - Completed /viper/ptmp/arego/RC4K1_1/18753.h5 in 1.14 seconds
2025-09-19 03:29:06,231 - INFO - File 16771: Filtered 2764204 hits and 7 records
2025-09-19 03:29:06,336 - INFO - Processing /viper/ptmp/arego/RC4K1/25898.h5
2025-09-19 03:29:06,403 - INFO - File 26893: Filtered 1700218 hits and 6 records
2025-09-19 03:29:06,426 - INFO - Processing /viper/ptmp/arego/RC4K1/9564.h5
2025-09-19 03:29:06,889 - INFO - Completed /viper/ptmp/arego/RC4K1_1/21912.h5 in 2.24 seconds
2025-09-19 03:29:06,902 - INFO - File 25871: Filtered 1854273 hits and 5 records
2025-09-19 03:29:06,974 - INFO - Processing /viper/ptmp/arego/RC4K1/21908.h5
2025-09-19 03:29:07,027 - INFO - Processing /viper/ptmp/arego/RC4K1/22392.h5
2025-09-19 03:29:07,051 - INFO - Completed /viper/ptmp/arego/RC4K1_1/16771.h5 in 1.83 seconds
2025-09-19 03:29:07,060 - INFO - File 25898: Filtered 2013818 hits and 6 records
2025-09-19 03:29:07,352 - INFO - Completed /viper/ptmp/arego/RC4K1_1/26893.h5 in 1.66 seconds
2025-09-19 03:29:07,536 - INFO - Processing /viper/ptmp/arego/RC4K1/11275.h5
2025-09-19 03:29:07,550 - INFO - File 9564: Filtered 3038574 hits and 8 records
2025-09-19 03:29:07,618 - INFO - Processing /viper/ptmp/arego/RC4K1/4753.h5
2025-09-19 03:29:07,845 - INFO - File 21908: Filtered 2267330 hits and 7 records
2025-09-19 03:29:07,846 - INFO - Completed /viper/ptmp/arego/RC4K1_1/25898.h5 in 1.51 seconds
2025-09-19 03:29:08,055 - INFO - Processing /viper/ptmp/arego/RC4K1/9867.h5
2025-09-19 03:29:08,095 - INFO - Completed /viper/ptmp/arego/RC4K1_1/25871.h5 in 2.29 seconds
2025-09-19 03:29:08,232 - INFO - File 22392: Filtered 2058903 hits and 6 records
2025-09-19 03:29:08,261 - INFO - Processing /viper/ptmp/arego/RC4K1/9622.h5
2025-09-19 03:29:08,418 - INFO - File 11275: Filtered 1459599 hits and 6 records
2025-09-19 03:29:08,525 - INFO - Completed /viper/ptmp/arego/RC4K1_1/9564.h5 in 2.10 seconds
2025-09-19 03:29:08,805 - INFO - File 4753: Filtered 4085548 hits and 5 records
2025-09-19 03:29:08,827 - INFO - Completed /viper/ptmp/arego/RC4K1_1/21908.h5 in 1.85 seconds
2025-09-19 03:29:08,855 - INFO - Processing /viper/ptmp/arego/RC4K1/7080.h5
2025-09-19 03:29:08,916 - INFO - File 9867: Filtered 1835598 hits and 8 records
2025-09-19 03:29:09,039 - INFO - Processing /viper/ptmp/arego/RC4K1/24217.h5
2025-09-19 03:29:09,337 - INFO - Completed /viper/ptmp/arego/RC4K1_1/11275.h5 in 1.80 seconds
2025-09-19 03:29:09,462 - INFO - File 9622: Filtered 3743378 hits and 6 records
2025-09-19 03:29:09,493 - INFO - Processing /viper/ptmp/arego/RC4K1/684.h5
2025-09-19 03:29:09,521 - INFO - Completed /viper/ptmp/arego/RC4K1_1/4753.h5 in 1.90 seconds
2025-09-19 03:29:09,561 - INFO - Processing /viper/ptmp/arego/RC4K1/18333.h5
2025-09-19 03:29:09,661 - INFO - Completed /viper/ptmp/arego/RC4K1_1/22392.h5 in 2.63 seconds
2025-09-19 03:29:10,029 - INFO - File 24217: Filtered 1813728 hits and 6 records
2025-09-19 03:29:10,101 - INFO - File 7080: Filtered 2006751 hits and 4 records
2025-09-19 03:29:10,119 - INFO - Processing /viper/ptmp/arego/RC4K1/3407.h5
2025-09-19 03:29:10,212 - INFO - Completed /viper/ptmp/arego/RC4K1_1/9867.h5 in 2.16 seconds
2025-09-19 03:29:10,245 - INFO - Processing /viper/ptmp/arego/RC4K1/19723.h5
2025-09-19 03:29:10,294 - INFO - Completed /viper/ptmp/arego/RC4K1_1/9622.h5 in 2.03 seconds
2025-09-19 03:29:10,615 - INFO - File 18333: Filtered 1673256 hits and 7 records
2025-09-19 03:29:10,751 - INFO - Processing /viper/ptmp/arego/RC4K1/10341.h5
2025-09-19 03:29:10,867 - INFO - File 684: Filtered 3842947 hits and 6 records
2025-09-19 03:29:11,112 - INFO - Processing /viper/ptmp/arego/RC4K1/11834.h5
2025-09-19 03:29:11,223 - INFO - File 19723: Filtered 3478209 hits and 8 records
2025-09-19 03:29:11,381 - INFO - Processing /viper/ptmp/arego/RC4K1/4184.h5
2025-09-19 03:29:11,393 - INFO - Completed /viper/ptmp/arego/RC4K1_1/24217.h5 in 2.35 seconds
2025-09-19 03:29:11,462 - INFO - File 3407: Filtered 5236761 hits and 4 records
2025-09-19 03:29:11,626 - INFO - Completed /viper/ptmp/arego/RC4K1_1/7080.h5 in 2.77 seconds
2025-09-19 03:29:11,711 - INFO - Completed /viper/ptmp/arego/RC4K1_1/19723.h5 in 1.47 seconds
2025-09-19 03:29:11,989 - INFO - Processing /viper/ptmp/arego/RC4K1/2430.h5
2025-09-19 03:29:11,997 - INFO - Processing /viper/ptmp/arego/RC4K1/8935.h5
2025-09-19 03:29:12,004 - INFO - Completed /viper/ptmp/arego/RC4K1_1/684.h5 in 2.51 seconds
2025-09-19 03:29:12,137 - INFO - File 11834: Filtered 1849550 hits and 6 records
2025-09-19 03:29:12,186 - INFO - Completed /viper/ptmp/arego/RC4K1_1/3407.h5 in 2.07 seconds
2025-09-19 03:29:12,231 - INFO - File 10341: Filtered 3489866 hits and 3 records
2025-09-19 03:29:12,309 - INFO - Completed /viper/ptmp/arego/RC4K1_1/18333.h5 in 2.75 seconds
2025-09-19 03:29:12,680 - INFO - Processing /viper/ptmp/arego/RC4K1/184.h5
2025-09-19 03:29:12,785 - INFO - Processing /viper/ptmp/arego/RC4K1/17294.h5
2025-09-19 03:29:12,862 - INFO - File 4184: Filtered 4638283 hits and 5 records
2025-09-19 03:29:12,979 - INFO - File 2430: Filtered 2665345 hits and 6 records
2025-09-19 03:29:13,263 - INFO - Processing /viper/ptmp/arego/RC4K1/1707.h5
2025-09-19 03:29:13,489 - INFO - File 8935: Filtered 6465291 hits and 7 records
2025-09-19 03:29:13,521 - INFO - Processing /viper/ptmp/arego/RC4K1/9433.h5
2025-09-19 03:29:13,531 - INFO - Completed /viper/ptmp/arego/RC4K1_1/10341.h5 in 2.78 seconds
2025-09-19 03:29:13,562 - INFO - Completed /viper/ptmp/arego/RC4K1_1/11834.h5 in 2.45 seconds
2025-09-19 03:29:13,892 - INFO - Completed /viper/ptmp/arego/RC4K1_1/2430.h5 in 1.90 seconds
2025-09-19 03:29:13,910 - INFO - File 17294: Filtered 3892090 hits and 6 records
2025-09-19 03:29:13,929 - INFO - Completed /viper/ptmp/arego/RC4K1_1/4184.h5 in 2.55 seconds
2025-09-19 03:29:13,946 - INFO - Processing /viper/ptmp/arego/RC4K1/19928.h5
2025-09-19 03:29:14,081 - INFO - Completed /viper/ptmp/arego/RC4K1_1/8935.h5 in 2.08 seconds
2025-09-19 03:29:14,224 - INFO - File 184: Filtered 6469238 hits and 7 records
2025-09-19 03:29:14,284 - INFO - Processing /viper/ptmp/arego/RC4K1/19231.h5
2025-09-19 03:29:14,533 - INFO - Processing /viper/ptmp/arego/RC4K1/18697.h5
2025-09-19 03:29:14,641 - INFO - Completed /viper/ptmp/arego/RC4K1_1/17294.h5 in 1.86 seconds
2025-09-19 03:29:14,749 - INFO - File 9433: Filtered 4022665 hits and 6 records
2025-09-19 03:29:14,819 - INFO - File 1707: Filtered 5613363 hits and 9 records
2025-09-19 03:29:14,940 - INFO - Completed /viper/ptmp/arego/RC4K1_1/184.h5 in 2.26 seconds
2025-09-19 03:29:15,177 - INFO - Processing /viper/ptmp/arego/RC4K1/20447.h5
2025-09-19 03:29:15,191 - INFO - Processing /viper/ptmp/arego/RC4K1/29238.h5
2025-09-19 03:29:15,447 - INFO - Completed /viper/ptmp/arego/RC4K1_1/9433.h5 in 1.93 seconds
2025-09-19 03:29:15,459 - INFO - File 19231: Filtered 2296581 hits and 7 records
2025-09-19 03:29:15,545 - INFO - File 19928: Filtered 4231404 hits and 6 records
2025-09-19 03:29:15,711 - INFO - Processing /viper/ptmp/arego/RC4K1/10944.h5
2025-09-19 03:29:15,747 - INFO - Completed /viper/ptmp/arego/RC4K1_1/1707.h5 in 2.48 seconds
2025-09-19 03:29:15,871 - INFO - Processing /viper/ptmp/arego/RC4K1/19689.h5
2025-09-19 03:29:16,248 - INFO - File 18697: Filtered 5472914 hits and 7 records
2025-09-19 03:29:16,324 - INFO - File 20447: Filtered 3065800 hits and 8 records
2025-09-19 03:29:16,517 - INFO - Processing /viper/ptmp/arego/RC4K1/880.h5
2025-09-19 03:29:16,692 - INFO - Processing /viper/ptmp/arego/RC4K1/14007.h5
2025-09-19 03:29:16,796 - INFO - Completed /viper/ptmp/arego/RC4K1_1/19231.h5 in 2.51 seconds
2025-09-19 03:29:16,974 - INFO - File 29238: Filtered 5476343 hits and 6 records
2025-09-19 03:29:17,063 - INFO - File 10944: Filtered 2680441 hits and 5 records
2025-09-19 03:29:17,187 - INFO - Processing /viper/ptmp/arego/RC4K1/18336.h5
2025-09-19 03:29:17,251 - INFO - Completed /viper/ptmp/arego/RC4K1_1/19928.h5 in 3.30 seconds
2025-09-19 03:29:17,508 - INFO - Completed /viper/ptmp/arego/RC4K1_1/18697.h5 in 2.98 seconds
2025-09-19 03:29:17,515 - INFO - Completed /viper/ptmp/arego/RC4K1_1/20447.h5 in 2.34 seconds
2025-09-19 03:29:17,573 - INFO - Processing /viper/ptmp/arego/RC4K1/1086.h5
2025-09-19 03:29:17,655 - INFO - File 19689: Filtered 8174619 hits and 4 records
2025-09-19 03:29:17,852 - INFO - Processing /viper/ptmp/arego/RC4K1/3556.h5
2025-09-19 03:29:17,991 - INFO - File 14007: Filtered 3525777 hits and 8 records
2025-09-19 03:29:18,177 - INFO - Completed /viper/ptmp/arego/RC4K1_1/19689.h5 in 2.31 seconds
2025-09-19 03:29:18,245 - INFO - Completed /viper/ptmp/arego/RC4K1_1/29238.h5 in 3.05 seconds
2025-09-19 03:29:18,290 - INFO - Completed /viper/ptmp/arego/RC4K1_1/10944.h5 in 2.58 seconds
2025-09-19 03:29:18,430 - INFO - File 880: Filtered 3498382 hits and 7 records
2025-09-19 03:29:18,498 - INFO - Processing /viper/ptmp/arego/RC4K1/245.h5
2025-09-19 03:29:18,554 - INFO - Processing /viper/ptmp/arego/RC4K1/6559.h5
2025-09-19 03:29:18,802 - INFO - File 1086: Filtered 2700544 hits and 6 records
2025-09-19 03:29:19,059 - INFO - File 18336: Filtered 8401581 hits and 5 records
2025-09-19 03:29:19,215 - INFO - Processing /viper/ptmp/arego/RC4K1/5811.h5
2025-09-19 03:29:19,269 - INFO - Processing /viper/ptmp/arego/RC4K1/25531.h5
2025-09-19 03:29:19,356 - INFO - Completed /viper/ptmp/arego/RC4K1_1/14007.h5 in 2.66 seconds
2025-09-19 03:29:19,594 - INFO - Completed /viper/ptmp/arego/RC4K1_1/18336.h5 in 2.41 seconds
2025-09-19 03:29:19,736 - INFO - File 3556: Filtered 6556655 hits and 5 records
2025-09-19 03:29:19,822 - INFO - Processing /viper/ptmp/arego/RC4K1/3984.h5
2025-09-19 03:29:19,847 - INFO - Processing /viper/ptmp/arego/RC4K1/11241.h5
2025-09-19 03:29:19,920 - INFO - File 6559: Filtered 2018329 hits and 7 records
2025-09-19 03:29:20,485 - INFO - Completed /viper/ptmp/arego/RC4K1_1/1086.h5 in 2.91 seconds
2025-09-19 03:29:20,487 - INFO - File 245: Filtered 3910815 hits and 4 records
2025-09-19 03:29:20,520 - INFO - Processing /viper/ptmp/arego/RC4K1/26158.h5
2025-09-19 03:29:20,552 - INFO - Processing /viper/ptmp/arego/RC4K1/23191.h5
2025-09-19 03:29:20,634 - INFO - Completed /viper/ptmp/arego/RC4K1_1/880.h5 in 4.12 seconds
2025-09-19 03:29:20,679 - INFO - File 25531: Filtered 2909601 hits and 8 records
2025-09-19 03:29:20,958 - INFO - Completed /viper/ptmp/arego/RC4K1_1/3556.h5 in 3.11 seconds
2025-09-19 03:29:21,236 - INFO - File 11241: Filtered 4277415 hits and 8 records
2025-09-19 03:29:21,312 - INFO - File 5811: Filtered 5424487 hits and 8 records
2025-09-19 03:29:21,318 - INFO - Processing /viper/ptmp/arego/RC4K1/29057.h5
2025-09-19 03:29:21,524 - INFO - Processing /viper/ptmp/arego/RC4K1/7189.h5
2025-09-19 03:29:21,868 - INFO - File 3984: Filtered 6012921 hits and 8 records
2025-09-19 03:29:22,018 - INFO - Completed /viper/ptmp/arego/RC4K1_1/6559.h5 in 3.46 seconds
2025-09-19 03:29:22,035 - INFO - Processing /viper/ptmp/arego/RC4K1/4243.h5
2025-09-19 03:29:22,076 - INFO - Completed /viper/ptmp/arego/RC4K1_1/25531.h5 in 2.81 seconds
2025-09-19 03:29:22,082 - INFO - File 23191: Filtered 4157547 hits and 6 records
2025-09-19 03:29:22,355 - INFO - Completed /viper/ptmp/arego/RC4K1_1/11241.h5 in 2.51 seconds
2025-09-19 03:29:22,429 - INFO - Processing /viper/ptmp/arego/RC4K1/12004.h5
2025-09-19 03:29:22,640 - INFO - File 26158: Filtered 3497625 hits and 7 records
2025-09-19 03:29:22,733 - INFO - Processing /viper/ptmp/arego/RC4K1/7698.h5
2025-09-19 03:29:22,754 - INFO - Completed /viper/ptmp/arego/RC4K1_1/245.h5 in 4.26 seconds
2025-09-19 03:29:22,779 - INFO - Completed /viper/ptmp/arego/RC4K1_1/5811.h5 in 3.56 seconds
2025-09-19 03:29:22,879 - INFO - File 7189: Filtered 3779743 hits and 8 records
2025-09-19 03:29:23,140 - INFO - Processing /viper/ptmp/arego/RC4K1/27767.h5
2025-09-19 03:29:23,243 - INFO - Completed /viper/ptmp/arego/RC4K1_1/3984.h5 in 3.42 seconds
2025-09-19 03:29:23,378 - INFO - Completed /viper/ptmp/arego/RC4K1_1/23191.h5 in 2.83 seconds
2025-09-19 03:29:23,549 - INFO - Processing /viper/ptmp/arego/RC4K1/18411.h5
2025-09-19 03:29:23,551 - INFO - File 29057: Filtered 6378257 hits and 6 records
2025-09-19 03:29:23,711 - INFO - Processing /viper/ptmp/arego/RC4K1/9540.h5
2025-09-19 03:29:23,861 - INFO - File 12004: Filtered 2253953 hits and 5 records
2025-09-19 03:29:24,171 - INFO - File 4243: Filtered 7532360 hits and 10 records
2025-09-19 03:29:24,251 - INFO - Processing /viper/ptmp/arego/RC4K1/13039.h5
2025-09-19 03:29:24,360 - INFO - Completed /viper/ptmp/arego/RC4K1_1/7189.h5 in 2.84 seconds
2025-09-19 03:29:24,481 - INFO - Processing /viper/ptmp/arego/RC4K1/27133.h5
2025-09-19 03:29:24,632 - INFO - File 27767: Filtered 2461446 hits and 4 records
2025-09-19 03:29:24,865 - INFO - Completed /viper/ptmp/arego/RC4K1_1/26158.h5 in 4.35 seconds
2025-09-19 03:29:24,900 - INFO - Completed /viper/ptmp/arego/RC4K1_1/29057.h5 in 3.58 seconds
2025-09-19 03:29:24,902 - INFO - Processing /viper/ptmp/arego/RC4K1/2493.h5
2025-09-19 03:29:24,944 - INFO - File 7698: Filtered 5509165 hits and 6 records
2025-09-19 03:29:25,299 - INFO - File 9540: Filtered 4610669 hits and 7 records
2025-09-19 03:29:25,331 - INFO - Completed /viper/ptmp/arego/RC4K1_1/4243.h5 in 3.30 seconds
2025-09-19 03:29:25,443 - INFO - Processing /viper/ptmp/arego/RC4K1/18487.h5
2025-09-19 03:29:25,626 - INFO - Processing /viper/ptmp/arego/RC4K1/10895.h5
2025-09-19 03:29:25,754 - INFO - File 18411: Filtered 7425804 hits and 6 records
2025-09-19 03:29:26,055 - INFO - File 27133: Filtered 4353918 hits and 4 records
2025-09-19 03:29:26,321 - INFO - Processing /viper/ptmp/arego/RC4K1/4532.h5
2025-09-19 03:29:26,394 - INFO - Processing /viper/ptmp/arego/RC4K1/4450.h5
2025-09-19 03:29:26,437 - INFO - Completed /viper/ptmp/arego/RC4K1_1/9540.h5 in 2.73 seconds
2025-09-19 03:29:26,539 - INFO - File 13039: Filtered 8140605 hits and 4 records
2025-09-19 03:29:26,575 - INFO - Completed /viper/ptmp/arego/RC4K1_1/27767.h5 in 3.44 seconds
2025-09-19 03:29:26,770 - INFO - Completed /viper/ptmp/arego/RC4K1_1/12004.h5 in 4.34 seconds
2025-09-19 03:29:26,788 - INFO - Completed /viper/ptmp/arego/RC4K1_1/7698.h5 in 4.05 seconds
2025-09-19 03:29:26,972 - INFO - Completed /viper/ptmp/arego/RC4K1_1/18411.h5 in 3.42 seconds
2025-09-19 03:29:27,002 - INFO - File 18487: Filtered 3614634 hits and 8 records
2025-09-19 03:29:27,078 - INFO - Processing /viper/ptmp/arego/RC4K1/20256.h5
2025-09-19 03:29:27,141 - INFO - Processing /viper/ptmp/arego/RC4K1/25370.h5
2025-09-19 03:29:27,330 - INFO - File 2493: Filtered 6764548 hits and 8 records
2025-09-19 03:29:27,590 - INFO - Completed /viper/ptmp/arego/RC4K1_1/27133.h5 in 3.11 seconds
2025-09-19 03:29:27,811 - INFO - Completed /viper/ptmp/arego/RC4K1_1/13039.h5 in 3.56 seconds
2025-09-19 03:29:27,910 - INFO - Processing /viper/ptmp/arego/RC4K1/12169.h5
2025-09-19 03:29:27,975 - INFO - File 4450: Filtered 3783967 hits and 8 records
2025-09-19 03:29:28,089 - INFO - File 10895: Filtered 5829388 hits and 7 records
2025-09-19 03:29:28,241 - INFO - Processing /viper/ptmp/arego/RC4K1/25942.h5
2025-09-19 03:29:28,299 - INFO - Completed /viper/ptmp/arego/RC4K1_1/18487.h5 in 2.86 seconds
2025-09-19 03:29:28,689 - INFO - Processing /viper/ptmp/arego/RC4K1/120.h5
2025-09-19 03:29:28,817 - INFO - File 4532: Filtered 5195378 hits and 6 records
2025-09-19 03:29:28,830 - INFO - File 25370: Filtered 3403549 hits and 4 records
2025-09-19 03:29:28,921 - INFO - Completed /viper/ptmp/arego/RC4K1_1/2493.h5 in 4.02 seconds
2025-09-19 03:29:29,116 - INFO - Completed /viper/ptmp/arego/RC4K1_1/4450.h5 in 2.72 seconds
2025-09-19 03:29:29,286 - INFO - Processing /viper/ptmp/arego/RC4K1/15662.h5
2025-09-19 03:29:29,450 - INFO - Processing /viper/ptmp/arego/RC4K1/24536.h5
2025-09-19 03:29:29,622 - INFO - File 25942: Filtered 4582998 hits and 7 records
2025-09-19 03:29:29,646 - INFO - File 20256: Filtered 5076358 hits and 5 records
2025-09-19 03:29:29,914 - INFO - Processing /viper/ptmp/arego/RC4K1/23722.h5
2025-09-19 03:29:30,034 - INFO - Completed /viper/ptmp/arego/RC4K1_1/10895.h5 in 4.41 seconds
2025-09-19 03:29:30,172 - INFO - Processing /viper/ptmp/arego/RC4K1/17061.h5
2025-09-19 03:29:30,425 - INFO - File 12169: Filtered 9219481 hits and 10 records
2025-09-19 03:29:30,465 - INFO - Processing /viper/ptmp/arego/RC4K1/9598.h5
2025-09-19 03:29:30,756 - INFO - Completed /viper/ptmp/arego/RC4K1_1/25370.h5 in 3.62 seconds
2025-09-19 03:29:30,769 - INFO - File 15662: Filtered 5578080 hits and 8 records
2025-09-19 03:29:30,855 - INFO - Completed /viper/ptmp/arego/RC4K1_1/25942.h5 in 2.61 seconds
2025-09-19 03:29:30,965 - INFO - Processing /viper/ptmp/arego/RC4K1/25013.h5
2025-09-19 03:29:31,150 - INFO - Completed /viper/ptmp/arego/RC4K1_1/4532.h5 in 4.83 seconds
2025-09-19 03:29:31,214 - INFO - File 120: Filtered 6517634 hits and 9 records
2025-09-19 03:29:31,319 - INFO - Completed /viper/ptmp/arego/RC4K1_1/12169.h5 in 3.41 seconds
2025-09-19 03:29:31,475 - INFO - Processing /viper/ptmp/arego/RC4K1/20390.h5
2025-09-19 03:29:31,486 - INFO - File 23722: Filtered 2824591 hits and 3 records
2025-09-19 03:29:31,574 - INFO - Completed /viper/ptmp/arego/RC4K1_1/15662.h5 in 2.29 seconds
2025-09-19 03:29:31,744 - INFO - Processing /viper/ptmp/arego/RC4K1/21509.h5
2025-09-19 03:29:31,996 - INFO - Completed /viper/ptmp/arego/RC4K1_1/20256.h5 in 4.92 seconds
2025-09-19 03:29:32,089 - INFO - File 24536: Filtered 3248833 hits and 6 records
2025-09-19 03:29:32,171 - INFO - File 9598: Filtered 4148807 hits and 9 records
2025-09-19 03:29:32,413 - INFO - Processing /viper/ptmp/arego/RC4K1/2826.h5
2025-09-19 03:29:32,468 - INFO - Processing /viper/ptmp/arego/RC4K1/18562.h5
2025-09-19 03:29:32,941 - INFO - File 20390: Filtered 1054625 hits and 2 records
2025-09-19 03:29:33,061 - INFO - File 17061: Filtered 5414459 hits and 6 records
2025-09-19 03:29:33,091 - INFO - Completed /viper/ptmp/arego/RC4K1_1/120.h5 in 4.40 seconds
2025-09-19 03:29:33,292 - INFO - Processing /viper/ptmp/arego/RC4K1/23204.h5
2025-09-19 03:29:33,316 - INFO - Processing /viper/ptmp/arego/RC4K1/2038.h5
2025-09-19 03:29:33,556 - INFO - Completed /viper/ptmp/arego/RC4K1_1/23722.h5 in 3.64 seconds
2025-09-19 03:29:33,820 - INFO - Completed /viper/ptmp/arego/RC4K1_1/9598.h5 in 3.36 seconds
2025-09-19 03:29:33,840 - INFO - File 25013: Filtered 10473806 hits and 8 records
2025-09-19 03:29:33,990 - INFO - File 2826: Filtered 7021849 hits and 6 records
2025-09-19 03:29:34,174 - INFO - Processing /viper/ptmp/arego/RC4K1/15441.h5
2025-09-19 03:29:34,206 - INFO - Processing /viper/ptmp/arego/RC4K1/25411.h5
2025-09-19 03:29:34,492 - INFO - Completed /viper/ptmp/arego/RC4K1_1/2826.h5 in 2.08 seconds
2025-09-19 03:29:34,684 - INFO - File 21509: Filtered 6514917 hits and 7 records
2025-09-19 03:29:34,713 - INFO - Completed /viper/ptmp/arego/RC4K1_1/25013.h5 in 3.75 seconds
2025-09-19 03:29:34,953 - INFO - File 23204: Filtered 1436549 hits and 4 records
2025-09-19 03:29:34,989 - INFO - Processing /viper/ptmp/arego/RC4K1/13451.h5
2025-09-19 03:29:35,162 - INFO - Processing /viper/ptmp/arego/RC4K1/28847.h5
2025-09-19 03:29:35,367 - INFO - Completed /viper/ptmp/arego/RC4K1_1/24536.h5 in 5.92 seconds
2025-09-19 03:29:35,569 - INFO - File 18562: Filtered 1471325 hits and 3 records
2025-09-19 03:29:35,736 - INFO - Completed /viper/ptmp/arego/RC4K1_1/17061.h5 in 5.56 seconds
2025-09-19 03:29:35,770 - INFO - Completed /viper/ptmp/arego/RC4K1_1/20390.h5 in 4.29 seconds
2025-09-19 03:29:35,849 - INFO - Processing /viper/ptmp/arego/RC4K1/26872.h5
2025-09-19 03:29:35,970 - INFO - File 25411: Filtered 3514944 hits and 5 records
2025-09-19 03:29:36,086 - INFO - Processing /viper/ptmp/arego/RC4K1/157.h5
2025-09-19 03:29:36,638 - INFO - File 2038: Filtered 5179376 hits and 6 records
2025-09-19 03:29:36,782 - INFO - Processing /viper/ptmp/arego/RC4K1/4411.h5
2025-09-19 03:29:36,914 - INFO - File 28847: Filtered 3885403 hits and 7 records
2025-09-19 03:29:37,129 - INFO - Processing /viper/ptmp/arego/RC4K1/12673.h5
2025-09-19 03:29:37,163 - INFO - Completed /viper/ptmp/arego/RC4K1_1/21509.h5 in 5.42 seconds
2025-09-19 03:29:37,588 - INFO - File 15441: Filtered 4733110 hits and 5 records
2025-09-19 03:29:37,625 - INFO - Completed /viper/ptmp/arego/RC4K1_1/23204.h5 in 4.33 seconds
2025-09-19 03:29:37,766 - INFO - Processing /viper/ptmp/arego/RC4K1/22788.h5
2025-09-19 03:29:38,053 - INFO - File 157: Filtered 5708853 hits and 5 records
2025-09-19 03:29:38,127 - INFO - Processing /viper/ptmp/arego/RC4K1/27993.h5
2025-09-19 03:29:38,181 - INFO - Completed /viper/ptmp/arego/RC4K1_1/25411.h5 in 3.97 seconds
2025-09-19 03:29:38,435 - INFO - File 13451: Filtered 5611001 hits and 7 records
2025-09-19 03:29:38,717 - INFO - Processing /viper/ptmp/arego/RC4K1/19178.h5
2025-09-19 03:29:38,885 - INFO - Processing /viper/ptmp/arego/RC4K1/9722.h5
2025-09-19 03:29:38,910 - INFO - File 12673: Filtered 6273784 hits and 5 records
2025-09-19 03:29:39,020 - INFO - Completed /viper/ptmp/arego/RC4K1_1/28847.h5 in 3.86 seconds
2025-09-19 03:29:39,334 - INFO - File 26872: Filtered 6629008 hits and 9 records
2025-09-19 03:29:39,554 - INFO - Completed /viper/ptmp/arego/RC4K1_1/157.h5 in 3.47 seconds
2025-09-19 03:29:39,788 - INFO - Processing /viper/ptmp/arego/RC4K1/17284.h5
2025-09-19 03:29:39,852 - INFO - Completed /viper/ptmp/arego/RC4K1_1/12673.h5 in 2.72 seconds
2025-09-19 03:29:39,952 - INFO - File 27993: Filtered 4855095 hits and 9 records
2025-09-19 03:29:39,994 - INFO - Completed /viper/ptmp/arego/RC4K1_1/18562.h5 in 7.53 seconds
2025-09-19 03:29:40,159 - INFO - Completed /viper/ptmp/arego/RC4K1_1/2038.h5 in 6.84 seconds
2025-09-19 03:29:40,190 - INFO - File 4411: Filtered 7214854 hits and 10 records
2025-09-19 03:29:40,389 - INFO - Processing /viper/ptmp/arego/RC4K1/20816.h5
2025-09-19 03:29:40,623 - INFO - Processing /viper/ptmp/arego/RC4K1/6768.h5
2025-09-19 03:29:40,734 - INFO - Completed /viper/ptmp/arego/RC4K1_1/15441.h5 in 6.56 seconds
2025-09-19 03:29:40,897 - INFO - Processing /viper/ptmp/arego/RC4K1/2465.h5
2025-09-19 03:29:41,108 - INFO - File 22788: Filtered 5247240 hits and 5 records
2025-09-19 03:29:41,275 - INFO - Processing /viper/ptmp/arego/RC4K1/19220.h5
2025-09-19 03:29:41,357 - INFO - File 17284: Filtered 6566388 hits and 8 records
2025-09-19 03:29:41,484 - INFO - Completed /viper/ptmp/arego/RC4K1_1/13451.h5 in 6.50 seconds
2025-09-19 03:29:41,708 - INFO - Completed /viper/ptmp/arego/RC4K1_1/27993.h5 in 3.58 seconds
2025-09-19 03:29:41,794 - INFO - Completed /viper/ptmp/arego/RC4K1_1/26872.h5 in 5.95 seconds
2025-09-19 03:29:41,866 - INFO - Processing /viper/ptmp/arego/RC4K1/24466.h5
2025-09-19 03:29:41,911 - INFO - Processing /viper/ptmp/arego/RC4K1/27246.h5
2025-09-19 03:29:42,215 - INFO - File 20816: Filtered 5590076 hits and 8 records
2025-09-19 03:29:42,341 - INFO - Completed /viper/ptmp/arego/RC4K1_1/4411.h5 in 5.56 seconds
2025-09-19 03:29:42,353 - INFO - Completed /viper/ptmp/arego/RC4K1_1/17284.h5 in 2.56 seconds
2025-09-19 03:29:42,548 - INFO - Processing /viper/ptmp/arego/RC4K1/26734.h5
2025-09-19 03:29:42,955 - INFO - Processing /viper/ptmp/arego/RC4K1/19005.h5
2025-09-19 03:29:42,959 - INFO - File 2465: Filtered 3547485 hits and 6 records
2025-09-19 03:29:43,322 - INFO - Processing /viper/ptmp/arego/RC4K1/27355.h5
2025-09-19 03:29:43,440 - INFO - File 9722: Filtered 4282796 hits and 5 records
2025-09-19 03:29:43,780 - INFO - Completed /viper/ptmp/arego/RC4K1_1/20816.h5 in 3.39 seconds
2025-09-19 03:29:43,882 - INFO - Processing /viper/ptmp/arego/RC4K1/9819.h5
2025-09-19 03:29:43,947 - INFO - File 24466: Filtered 4138410 hits and 6 records
2025-09-19 03:29:43,973 - INFO - File 6768: Filtered 8225357 hits and 7 records
2025-09-19 03:29:44,033 - INFO - Completed /viper/ptmp/arego/RC4K1_1/22788.h5 in 6.27 seconds
2025-09-19 03:29:44,448 - INFO - Processing /viper/ptmp/arego/RC4K1/10810.h5
2025-09-19 03:29:44,717 - INFO - Processing /viper/ptmp/arego/RC4K1/8446.h5
2025-09-19 03:29:45,041 - INFO - File 19005: Filtered 4128209 hits and 7 records
2025-09-19 03:29:45,178 - INFO - File 19178: Filtered 4808744 hits and 5 records
2025-09-19 03:29:45,290 - INFO - Processing /viper/ptmp/arego/RC4K1/6499.h5
2025-09-19 03:29:45,548 - INFO - Completed /viper/ptmp/arego/RC4K1_1/2465.h5 in 4.65 seconds
2025-09-19 03:29:45,651 - INFO - Processing /viper/ptmp/arego/RC4K1/26608.h5
2025-09-19 03:29:45,678 - INFO - File 19220: Filtered 6776186 hits and 8 records
2025-09-19 03:29:45,774 - INFO - Completed /viper/ptmp/arego/RC4K1_1/9722.h5 in 6.89 seconds
2025-09-19 03:29:45,868 - INFO - File 9819: Filtered 5026119 hits and 8 records
2025-09-19 03:29:45,920 - INFO - Processing /viper/ptmp/arego/RC4K1/14623.h5
2025-09-19 03:29:46,296 - INFO - File 27246: Filtered 13709976 hits and 8 records
2025-09-19 03:29:46,418 - INFO - Completed /viper/ptmp/arego/RC4K1_1/24466.h5 in 4.55 seconds
2025-09-19 03:29:46,456 - INFO - Processing /viper/ptmp/arego/RC4K1/3422.h5
2025-09-19 03:29:46,819 - INFO - File 8446: Filtered 5918175 hits and 4 records
2025-09-19 03:29:46,972 - INFO - Processing /viper/ptmp/arego/RC4K1/20021.h5
2025-09-19 03:29:47,122 - ERROR - Error processing /viper/ptmp/arego/RC4K1/19005.h5: low >= high
2025-09-19 03:29:47,234 - INFO - File 26734: Filtered 7611550 hits and 5 records
2025-09-19 03:29:47,370 - INFO - Completed /viper/ptmp/arego/RC4K1_1/27246.h5 in 5.46 seconds
2025-09-19 03:29:47,632 - INFO - Completed /viper/ptmp/arego/RC4K1_1/6768.h5 in 7.01 seconds
2025-09-19 03:29:47,695 - INFO - Processing /viper/ptmp/arego/RC4K1/24997.h5
2025-09-19 03:29:47,888 - INFO - File 27355: Filtered 5176025 hits and 4 records
2025-09-19 03:29:47,968 - INFO - Completed /viper/ptmp/arego/RC4K1_1/9819.h5 in 4.09 seconds
2025-09-19 03:29:47,991 - INFO - Processing /viper/ptmp/arego/RC4K1/1555.h5
2025-09-19 03:29:48,195 - INFO - File 14623: Filtered 2507562 hits and 6 records
2025-09-19 03:29:48,742 - INFO - Completed /viper/ptmp/arego/RC4K1_1/8446.h5 in 4.02 seconds
2025-09-19 03:29:48,845 - INFO - File 3422: Filtered 7174161 hits and 10 records
2025-09-19 03:29:48,938 - INFO - Processing /viper/ptmp/arego/RC4K1/7308.h5
2025-09-19 03:29:48,964 - INFO - File 10810: Filtered 6771476 hits and 7 records
2025-09-19 03:29:49,040 - INFO - Processing /viper/ptmp/arego/RC4K1/27028.h5
2025-09-19 03:29:49,249 - INFO - Completed /viper/ptmp/arego/RC4K1_1/19220.h5 in 7.97 seconds
2025-09-19 03:29:49,281 - INFO - Completed /viper/ptmp/arego/RC4K1_1/19178.h5 in 10.56 seconds
2025-09-19 03:29:49,525 - INFO - File 20021: Filtered 7483675 hits and 5 records
2025-09-19 03:29:49,530 - INFO - File 6499: Filtered 3819455 hits and 7 records
2025-09-19 03:29:49,566 - INFO - Processing /viper/ptmp/arego/RC4K1/29053.h5
2025-09-19 03:29:49,701 - INFO - Processing /viper/ptmp/arego/RC4K1/141.h5
2025-09-19 03:29:49,776 - INFO - File 26608: Filtered 5977419 hits and 6 records
2025-09-19 03:29:50,110 - INFO - Completed /viper/ptmp/arego/RC4K1_1/26734.h5 in 7.56 seconds
2025-09-19 03:29:50,334 - INFO - Completed /viper/ptmp/arego/RC4K1_1/3422.h5 in 3.88 seconds
2025-09-19 03:29:50,543 - INFO - Processing /viper/ptmp/arego/RC4K1/23173.h5
2025-09-19 03:29:50,628 - INFO - Processing /viper/ptmp/arego/RC4K1/4711.h5
2025-09-19 03:29:51,028 - INFO - Completed /viper/ptmp/arego/RC4K1_1/20021.h5 in 4.06 seconds
2025-09-19 03:29:51,343 - INFO - Processing /viper/ptmp/arego/RC4K1/6124.h5
2025-09-19 03:29:51,365 - INFO - File 24997: Filtered 7712143 hits and 8 records
2025-09-19 03:29:51,424 - INFO - File 27028: Filtered 4229589 hits and 3 records
2025-09-19 03:29:51,612 - INFO - Processing /viper/ptmp/arego/RC4K1/15204.h5
2025-09-19 03:29:51,833 - INFO - Completed /viper/ptmp/arego/RC4K1_1/27355.h5 in 8.51 seconds
2025-09-19 03:29:51,931 - INFO - Completed /viper/ptmp/arego/RC4K1_1/14623.h5 in 6.01 seconds
2025-09-19 03:29:52,064 - INFO - File 29053: Filtered 3160416 hits and 6 records
2025-09-19 03:29:52,129 - INFO - Completed /viper/ptmp/arego/RC4K1_1/10810.h5 in 7.68 seconds
2025-09-19 03:29:52,281 - INFO - Completed /viper/ptmp/arego/RC4K1_1/6499.h5 in 6.99 seconds
2025-09-19 03:29:52,551 - INFO - Processing /viper/ptmp/arego/RC4K1/9952.h5
2025-09-19 03:29:52,779 - INFO - Processing /viper/ptmp/arego/RC4K1/2133.h5
2025-09-19 03:29:52,859 - INFO - File 4711: Filtered 5625015 hits and 9 records
2025-09-19 03:29:53,150 - INFO - Completed /viper/ptmp/arego/RC4K1_1/26608.h5 in 7.50 seconds
2025-09-19 03:29:53,218 - INFO - File 7308: Filtered 5585298 hits and 5 records
2025-09-19 03:29:53,561 - INFO - Processing /viper/ptmp/arego/RC4K1/9619.h5
2025-09-19 03:29:53,653 - INFO - Processing /viper/ptmp/arego/RC4K1/21400.h5
2025-09-19 03:29:53,798 - INFO - File 141: Filtered 13419732 hits and 9 records
2025-09-19 03:29:53,940 - INFO - File 15204: Filtered 6563243 hits and 9 records
2025-09-19 03:29:54,561 - INFO - Completed /viper/ptmp/arego/RC4K1_1/27028.h5 in 5.52 seconds
2025-09-19 03:29:54,626 - INFO - Processing /viper/ptmp/arego/RC4K1/25534.h5
2025-09-19 03:29:54,680 - INFO - Processing /viper/ptmp/arego/RC4K1/25588.h5
2025-09-19 03:29:54,685 - INFO - Completed /viper/ptmp/arego/RC4K1_1/24997.h5 in 6.99 seconds
2025-09-19 03:29:55,209 - INFO - File 23173: Filtered 3367635 hits and 2 records
2025-09-19 03:29:55,363 - INFO - Completed /viper/ptmp/arego/RC4K1_1/4711.h5 in 4.73 seconds
2025-09-19 03:29:55,419 - INFO - Completed /viper/ptmp/arego/RC4K1_1/29053.h5 in 5.85 seconds
2025-09-19 03:29:55,422 - INFO - Processing /viper/ptmp/arego/RC4K1/973.h5
2025-09-19 03:29:55,454 - INFO - File 6124: Filtered 14728023 hits and 8 records
2025-09-19 03:29:55,498 - INFO - Processing /viper/ptmp/arego/RC4K1/15121.h5
2025-09-19 03:29:55,548 - INFO - Completed /viper/ptmp/arego/RC4K1_1/141.h5 in 5.85 seconds
2025-09-19 03:29:55,844 - INFO - Completed /viper/ptmp/arego/RC4K1_1/15204.h5 in 4.23 seconds
2025-09-19 03:29:56,113 - INFO - File 1555: Filtered 4075304 hits and 8 records
2025-09-19 03:29:56,318 - INFO - File 21400: Filtered 6345132 hits and 9 records
2025-09-19 03:29:56,365 - INFO - Processing /viper/ptmp/arego/RC4K1/11696.h5
2025-09-19 03:29:56,441 - INFO - Completed /viper/ptmp/arego/RC4K1_1/6124.h5 in 5.10 seconds
2025-09-19 03:29:56,473 - INFO - Processing /viper/ptmp/arego/RC4K1/29421.h5
2025-09-19 03:29:57,115 - INFO - File 2133: Filtered 8298677 hits and 8 records
2025-09-19 03:29:57,363 - INFO - Processing /viper/ptmp/arego/RC4K1/17389.h5
2025-09-19 03:29:57,555 - INFO - Completed /viper/ptmp/arego/RC4K1_1/7308.h5 in 8.62 seconds
2025-09-19 03:29:57,555 - INFO - File 25534: Filtered 9704796 hits and 8 records
2025-09-19 03:29:57,693 - INFO - Processing /viper/ptmp/arego/RC4K1/4804.h5
2025-09-19 03:29:57,917 - INFO - File 973: Filtered 10404686 hits and 7 records
2025-09-19 03:29:57,938 - INFO - File 9619: Filtered 15459737 hits and 10 records
2025-09-19 03:29:58,431 - INFO - Completed /viper/ptmp/arego/RC4K1_1/973.h5 in 3.01 seconds
2025-09-19 03:29:58,448 - INFO - Processing /viper/ptmp/arego/RC4K1/842.h5
2025-09-19 03:29:58,578 - INFO - Completed /viper/ptmp/arego/RC4K1_1/25534.h5 in 3.95 seconds
2025-09-19 03:29:58,592 - INFO - Completed /viper/ptmp/arego/RC4K1_1/2133.h5 in 5.81 seconds
2025-09-19 03:29:58,696 - INFO - Completed /viper/ptmp/arego/RC4K1_1/21400.h5 in 5.04 seconds
2025-09-19 03:29:58,733 - INFO - File 9952: Filtered 5460322 hits and 6 records
2025-09-19 03:29:58,914 - INFO - Processing /viper/ptmp/arego/RC4K1/9309.h5
2025-09-19 03:29:59,194 - INFO - Completed /viper/ptmp/arego/RC4K1_1/9619.h5 in 5.63 seconds
2025-09-19 03:29:59,270 - INFO - File 29421: Filtered 7215898 hits and 9 records
2025-09-19 03:29:59,523 - INFO - Completed /viper/ptmp/arego/RC4K1_1/1555.h5 in 11.53 seconds
2025-09-19 03:29:59,634 - INFO - Processing /viper/ptmp/arego/RC4K1/7029.h5
2025-09-19 03:29:59,704 - INFO - File 25588: Filtered 4014556 hits and 8 records
2025-09-19 03:30:00,001 - INFO - Processing /viper/ptmp/arego/RC4K1/19324.h5
2025-09-19 03:30:00,505 - INFO - File 4804: Filtered 7931340 hits and 9 records
2025-09-19 03:30:00,667 - INFO - File 15121: Filtered 7939265 hits and 8 records
2025-09-19 03:30:00,856 - INFO - Completed /viper/ptmp/arego/RC4K1_1/29421.h5 in 4.38 seconds
2025-09-19 03:30:00,973 - INFO - Completed /viper/ptmp/arego/RC4K1_1/23173.h5 in 10.43 seconds
2025-09-19 03:30:01,080 - INFO - Processing /viper/ptmp/arego/RC4K1/27479.h5
2025-09-19 03:30:01,105 - INFO - File 9309: Filtered 8184279 hits and 10 records
2025-09-19 03:30:01,752 - INFO - Processing /viper/ptmp/arego/RC4K1/8365.h5
2025-09-19 03:30:01,947 - INFO - File 11696: Filtered 8523933 hits and 7 records
2025-09-19 03:30:01,984 - INFO - Processing /viper/ptmp/arego/RC4K1/29491.h5
2025-09-19 03:30:02,087 - INFO - Completed /viper/ptmp/arego/RC4K1_1/4804.h5 in 4.39 seconds
2025-09-19 03:30:02,387 - INFO - File 19324: Filtered 4913729 hits and 7 records
2025-09-19 03:30:02,586 - INFO - Completed /viper/ptmp/arego/RC4K1_1/9309.h5 in 3.67 seconds
2025-09-19 03:30:02,734 - INFO - Processing /viper/ptmp/arego/RC4K1/9172.h5
2025-09-19 03:30:02,857 - INFO - File 17389: Filtered 9336570 hits and 9 records
2025-09-19 03:30:03,413 - INFO - File 27479: Filtered 5659308 hits and 6 records
2025-09-19 03:30:03,825 - INFO - Processing /viper/ptmp/arego/RC4K1/14282.h5
2025-09-19 03:30:03,907 - INFO - Completed /viper/ptmp/arego/RC4K1_1/9952.h5 in 11.36 seconds
2025-09-19 03:30:04,301 - INFO - File 8365: Filtered 6698088 hits and 8 records
2025-09-19 03:30:04,376 - INFO - File 842: Filtered 7104997 hits and 5 records
2025-09-19 03:30:04,509 - INFO - Completed /viper/ptmp/arego/RC4K1_1/15121.h5 in 9.01 seconds
2025-09-19 03:30:04,586 - INFO - Processing /viper/ptmp/arego/RC4K1/8937.h5
2025-09-19 03:30:04,819 - INFO - Processing /viper/ptmp/arego/RC4K1/26506.h5
2025-09-19 03:30:04,992 - INFO - File 7029: Filtered 6093081 hits and 8 records
2025-09-19 03:30:05,028 - INFO - Completed /viper/ptmp/arego/RC4K1_1/25588.h5 in 10.35 seconds
2025-09-19 03:30:05,249 - INFO - File 9172: Filtered 4803440 hits and 4 records
2025-09-19 03:30:05,460 - INFO - Completed /viper/ptmp/arego/RC4K1_1/19324.h5 in 5.46 seconds
2025-09-19 03:30:05,572 - INFO - Processing /viper/ptmp/arego/RC4K1/17076.h5
2025-09-19 03:30:05,699 - INFO - Completed /viper/ptmp/arego/RC4K1_1/11696.h5 in 9.33 seconds
2025-09-19 03:30:05,724 - INFO - Processing /viper/ptmp/arego/RC4K1/28933.h5
2025-09-19 03:30:06,098 - INFO - Completed /viper/ptmp/arego/RC4K1_1/27479.h5 in 5.02 seconds
2025-09-19 03:30:06,332 - INFO - Completed /viper/ptmp/arego/RC4K1_1/17389.h5 in 8.97 seconds
2025-09-19 03:30:06,356 - INFO - Processing /viper/ptmp/arego/RC4K1/23818.h5
2025-09-19 03:30:06,749 - INFO - Processing /viper/ptmp/arego/RC4K1/7512.h5
2025-09-19 03:30:06,760 - INFO - Completed /viper/ptmp/arego/RC4K1_1/8365.h5 in 5.01 seconds
2025-09-19 03:30:06,796 - INFO - File 29491: Filtered 12127335 hits and 9 records
2025-09-19 03:30:06,997 - INFO - Processing /viper/ptmp/arego/RC4K1/7149.h5
2025-09-19 03:30:07,440 - INFO - File 26506: Filtered 4292632 hits and 5 records
2025-09-19 03:30:07,651 - INFO - Processing /viper/ptmp/arego/RC4K1/17177.h5
2025-09-19 03:30:08,010 - INFO - Processing /viper/ptmp/arego/RC4K1/6128.h5
2025-09-19 03:30:08,291 - INFO - Completed /viper/ptmp/arego/RC4K1_1/842.h5 in 9.84 seconds
2025-09-19 03:30:08,480 - INFO - Completed /viper/ptmp/arego/RC4K1_1/9172.h5 in 5.75 seconds
2025-09-19 03:30:08,703 - INFO - File 28933: Filtered 10972489 hits and 9 records
2025-09-19 03:30:08,826 - INFO - File 14282: Filtered 5368842 hits and 10 records
2025-09-19 03:30:08,832 - INFO - Processing /viper/ptmp/arego/RC4K1/5722.h5
2025-09-19 03:30:09,126 - INFO - Processing /viper/ptmp/arego/RC4K1/24879.h5
2025-09-19 03:30:09,319 - INFO - Completed /viper/ptmp/arego/RC4K1_1/29491.h5 in 7.34 seconds
2025-09-19 03:30:09,374 - INFO - Completed /viper/ptmp/arego/RC4K1_1/7029.h5 in 9.74 seconds
2025-09-19 03:30:09,595 - INFO - Completed /viper/ptmp/arego/RC4K1_1/28933.h5 in 3.87 seconds
2025-09-19 03:30:09,665 - INFO - File 7512: Filtered 10415254 hits and 6 records
2025-09-19 03:30:09,985 - INFO - Processing /viper/ptmp/arego/RC4K1/19848.h5
2025-09-19 03:30:10,118 - INFO - Processing /viper/ptmp/arego/RC4K1/22105.h5
2025-09-19 03:30:10,536 - INFO - Completed /viper/ptmp/arego/RC4K1_1/7512.h5 in 3.79 seconds
2025-09-19 03:30:10,574 - INFO - File 17076: Filtered 12056503 hits and 7 records
2025-09-19 03:30:10,974 - INFO - Processing /viper/ptmp/arego/RC4K1/15580.h5
2025-09-19 03:30:11,097 - INFO - Processing /viper/ptmp/arego/RC4K1/9204.h5
2025-09-19 03:30:11,182 - INFO - Completed /viper/ptmp/arego/RC4K1_1/26506.h5 in 6.36 seconds
2025-09-19 03:30:11,608 - INFO - File 23818: Filtered 16387761 hits and 6 records
2025-09-19 03:30:11,688 - INFO - File 8937: Filtered 14593643 hits and 7 records
2025-09-19 03:30:11,697 - INFO - File 24879: Filtered 5612262 hits and 6 records
2025-09-19 03:30:11,850 - INFO - Completed /viper/ptmp/arego/RC4K1_1/14282.h5 in 8.03 seconds
2025-09-19 03:30:11,866 - INFO - Processing /viper/ptmp/arego/RC4K1/12416.h5
2025-09-19 03:30:12,143 - INFO - File 7149: Filtered 14225864 hits and 7 records
2025-09-19 03:30:12,656 - INFO - Processing /viper/ptmp/arego/RC4K1/21742.h5
2025-09-19 03:30:12,745 - INFO - File 22105: Filtered 10190891 hits and 8 records
2025-09-19 03:30:12,883 - INFO - Completed /viper/ptmp/arego/RC4K1_1/23818.h5 in 6.53 seconds
2025-09-19 03:30:13,254 - INFO - Processing /viper/ptmp/arego/RC4K1/6405.h5
2025-09-19 03:30:13,411 - INFO - Completed /viper/ptmp/arego/RC4K1_1/8937.h5 in 8.82 seconds
2025-09-19 03:30:13,631 - INFO - Completed /viper/ptmp/arego/RC4K1_1/17076.h5 in 8.06 seconds
2025-09-19 03:30:13,866 - INFO - Processing /viper/ptmp/arego/RC4K1/20531.h5
2025-09-19 03:30:14,108 - INFO - File 9204: Filtered 4903717 hits and 8 records
2025-09-19 03:30:14,128 - INFO - Completed /viper/ptmp/arego/RC4K1_1/7149.h5 in 7.13 seconds
2025-09-19 03:30:14,142 - INFO - Completed /viper/ptmp/arego/RC4K1_1/22105.h5 in 4.02 seconds
2025-09-19 03:30:14,152 - INFO - Processing /viper/ptmp/arego/RC4K1/15786.h5
2025-09-19 03:30:14,726 - INFO - File 19848: Filtered 16713377 hits and 11 records
2025-09-19 03:30:15,092 - INFO - Processing /viper/ptmp/arego/RC4K1/29223.h5
2025-09-19 03:30:15,255 - INFO - File 12416: Filtered 4068708 hits and 6 records
2025-09-19 03:30:15,256 - INFO - Processing /viper/ptmp/arego/RC4K1/13556.h5
2025-09-19 03:30:15,349 - INFO - Completed /viper/ptmp/arego/RC4K1_1/24879.h5 in 6.22 seconds
2025-09-19 03:30:15,560 - INFO - File 6128: Filtered 7104382 hits and 5 records
2025-09-19 03:30:15,959 - INFO - Processing /viper/ptmp/arego/RC4K1/13370.h5
2025-09-19 03:30:16,052 - INFO - File 15580: Filtered 10314639 hits and 8 records
2025-09-19 03:30:16,103 - INFO - File 21742: Filtered 10780424 hits and 7 records
2025-09-19 03:30:16,140 - INFO - Processing /viper/ptmp/arego/RC4K1/18555.h5
2025-09-19 03:30:16,185 - INFO - Completed /viper/ptmp/arego/RC4K1_1/19848.h5 in 6.20 seconds
2025-09-19 03:30:16,878 - INFO - Processing /viper/ptmp/arego/RC4K1/29598.h5
2025-09-19 03:30:16,912 - INFO - Processing /viper/ptmp/arego/RC4K1/2691.h5
2025-09-19 03:30:17,122 - INFO - File 17177: Filtered 12107171 hits and 6 records
2025-09-19 03:30:17,296 - INFO - Completed /viper/ptmp/arego/RC4K1_1/21742.h5 in 4.64 seconds
2025-09-19 03:30:17,299 - INFO - File 20531: Filtered 6828418 hits and 9 records
2025-09-19 03:30:17,489 - INFO - Processing /viper/ptmp/arego/RC4K1/2681.h5
2025-09-19 03:30:17,607 - INFO - File 5722: Filtered 9751520 hits and 6 records
2025-09-19 03:30:18,216 - INFO - Completed /viper/ptmp/arego/RC4K1_1/9204.h5 in 7.12 seconds
2025-09-19 03:30:18,277 - INFO - Completed /viper/ptmp/arego/RC4K1_1/6128.h5 in 10.27 seconds
2025-09-19 03:30:18,608 - INFO - File 13556: Filtered 8166578 hits and 4 records
2025-09-19 03:30:18,732 - INFO - Processing /viper/ptmp/arego/RC4K1/26664.h5
2025-09-19 03:30:19,316 - INFO - Processing /viper/ptmp/arego/RC4K1/27997.h5
2025-09-19 03:30:19,461 - INFO - File 15786: Filtered 8854809 hits and 7 records
2025-09-19 03:30:19,701 - INFO - Completed /viper/ptmp/arego/RC4K1_1/15580.h5 in 8.73 seconds
2025-09-19 03:30:20,047 - INFO - File 2691: Filtered 5571446 hits and 6 records
2025-09-19 03:30:20,056 - INFO - Completed /viper/ptmp/arego/RC4K1_1/17177.h5 in 12.41 seconds
2025-09-19 03:30:20,326 - INFO - File 29223: Filtered 11162338 hits and 8 records
2025-09-19 03:30:20,327 - INFO - Processing /viper/ptmp/arego/RC4K1/4900.h5
2025-09-19 03:30:20,792 - INFO - File 2681: Filtered 5978362 hits and 9 records
2025-09-19 03:30:20,812 - INFO - Completed /viper/ptmp/arego/RC4K1_1/20531.h5 in 6.95 seconds
2025-09-19 03:30:20,890 - INFO - Completed /viper/ptmp/arego/RC4K1_1/12416.h5 in 9.02 seconds
2025-09-19 03:30:21,240 - INFO - File 18555: Filtered 8150536 hits and 5 records
2025-09-19 03:30:21,258 - INFO - Completed /viper/ptmp/arego/RC4K1_1/13556.h5 in 6.00 seconds
2025-09-19 03:30:21,332 - INFO - Processing /viper/ptmp/arego/RC4K1/29561.h5
2025-09-19 03:30:21,530 - INFO - Processing /viper/ptmp/arego/RC4K1/8157.h5
2025-09-19 03:30:21,568 - INFO - Completed /viper/ptmp/arego/RC4K1_1/5722.h5 in 12.74 seconds
2025-09-19 03:30:21,923 - INFO - File 26664: Filtered 7721036 hits and 7 records
2025-09-19 03:30:22,318 - INFO - Processing /viper/ptmp/arego/RC4K1/28506.h5
2025-09-19 03:30:22,602 - INFO - File 29598: Filtered 14616770 hits and 6 records
2025-09-19 03:30:22,637 - INFO - Processing /viper/ptmp/arego/RC4K1/8296.h5
2025-09-19 03:30:22,860 - INFO - File 27997: Filtered 7291756 hits and 8 records
2025-09-19 03:30:23,122 - INFO - Processing /viper/ptmp/arego/RC4K1/18211.h5
2025-09-19 03:30:23,938 - INFO - Completed /viper/ptmp/arego/RC4K1_1/2691.h5 in 7.03 seconds
2025-09-19 03:30:24,212 - INFO - Completed /viper/ptmp/arego/RC4K1_1/29223.h5 in 9.12 seconds
2025-09-19 03:30:24,282 - INFO - Completed /viper/ptmp/arego/RC4K1_1/2681.h5 in 6.79 seconds
2025-09-19 03:30:24,376 - INFO - Completed /viper/ptmp/arego/RC4K1_1/15786.h5 in 10.22 seconds
2025-09-19 03:30:24,439 - INFO - Completed /viper/ptmp/arego/RC4K1_1/18555.h5 in 8.30 seconds
2025-09-19 03:30:24,474 - INFO - File 6405: Filtered 9361892 hits and 9 records
2025-09-19 03:30:24,478 - INFO - File 13370: Filtered 18592539 hits and 10 records
2025-09-19 03:30:24,490 - INFO - Completed /viper/ptmp/arego/RC4K1_1/26664.h5 in 5.76 seconds
2025-09-19 03:30:24,728 - INFO - File 8157: Filtered 7065148 hits and 8 records
2025-09-19 03:30:24,733 - INFO - Processing /viper/ptmp/arego/RC4K1/15938.h5
2025-09-19 03:30:24,884 - INFO - Processing /viper/ptmp/arego/RC4K1/6669.h5
2025-09-19 03:30:25,477 - INFO - Completed /viper/ptmp/arego/RC4K1_1/29598.h5 in 8.60 seconds
2025-09-19 03:30:25,719 - INFO - Processing /viper/ptmp/arego/RC4K1/21678.h5
2025-09-19 03:30:25,785 - INFO - Completed /viper/ptmp/arego/RC4K1_1/13370.h5 in 9.83 seconds
2025-09-19 03:30:26,127 - INFO - Processing /viper/ptmp/arego/RC4K1/15352.h5
2025-09-19 03:30:26,183 - INFO - File 4900: Filtered 17980336 hits and 9 records
2025-09-19 03:30:26,235 - INFO - Completed /viper/ptmp/arego/RC4K1_1/27997.h5 in 6.92 seconds
2025-09-19 03:30:26,460 - INFO - File 8296: Filtered 10135309 hits and 8 records
2025-09-19 03:30:26,660 - INFO - File 18211: Filtered 9682393 hits and 9 records
2025-09-19 03:30:26,940 - INFO - Processing /viper/ptmp/arego/RC4K1/6445.h5
2025-09-19 03:30:26,951 - INFO - Processing /viper/ptmp/arego/RC4K1/14920.h5
2025-09-19 03:30:27,146 - INFO - File 29561: Filtered 19114381 hits and 9 records
2025-09-19 03:30:27,510 - INFO - Completed /viper/ptmp/arego/RC4K1_1/4900.h5 in 7.18 seconds
2025-09-19 03:30:27,529 - INFO - Completed /viper/ptmp/arego/RC4K1_1/8157.h5 in 6.00 seconds
2025-09-19 03:30:27,735 - INFO - Processing /viper/ptmp/arego/RC4K1/4607.h5
2025-09-19 03:30:27,849 - INFO - Processing /viper/ptmp/arego/RC4K1/2238.h5
2025-09-19 03:30:27,872 - INFO - File 28506: Filtered 11539948 hits and 9 records
2025-09-19 03:30:28,018 - INFO - Completed /viper/ptmp/arego/RC4K1_1/29561.h5 in 6.69 seconds
2025-09-19 03:30:28,282 - INFO - Completed /viper/ptmp/arego/RC4K1_1/8296.h5 in 5.65 seconds
2025-09-19 03:30:28,361 - INFO - Processing /viper/ptmp/arego/RC4K1/28490.h5
2025-09-19 03:30:28,445 - INFO - Completed /viper/ptmp/arego/RC4K1_1/18211.h5 in 5.32 seconds
2025-09-19 03:30:28,712 - INFO - Completed /viper/ptmp/arego/RC4K1_1/6405.h5 in 15.46 seconds
2025-09-19 03:30:28,729 - INFO - File 21678: Filtered 12888136 hits and 4 records
2025-09-19 03:30:28,917 - INFO - Processing /viper/ptmp/arego/RC4K1/5985.h5
2025-09-19 03:30:29,166 - INFO - Processing /viper/ptmp/arego/RC4K1/3188.h5
2025-09-19 03:30:29,372 - INFO - Completed /viper/ptmp/arego/RC4K1_1/21678.h5 in 3.65 seconds
2025-09-19 03:30:29,727 - INFO - File 14920: Filtered 6211579 hits and 9 records
2025-09-19 03:30:29,825 - INFO - Processing /viper/ptmp/arego/RC4K1/5180.h5
2025-09-19 03:30:29,953 - INFO - Processing /viper/ptmp/arego/RC4K1/10188.h5
2025-09-19 03:30:29,977 - INFO - File 6669: Filtered 14683159 hits and 9 records
2025-09-19 03:30:30,845 - INFO - Processing /viper/ptmp/arego/RC4K1/25147.h5
2025-09-19 03:30:30,913 - INFO - File 2238: Filtered 11155700 hits and 6 records
2025-09-19 03:30:31,419 - INFO - Completed /viper/ptmp/arego/RC4K1_1/28506.h5 in 9.10 seconds
2025-09-19 03:30:31,425 - INFO - File 15352: Filtered 15389055 hits and 11 records
2025-09-19 03:30:31,692 - INFO - File 15938: Filtered 5575554 hits and 7 records
2025-09-19 03:30:31,895 - INFO - Processing /viper/ptmp/arego/RC4K1/10869.h5
2025-09-19 03:30:31,977 - INFO - Processing /viper/ptmp/arego/RC4K1/15165.h5
2025-09-19 03:30:32,063 - INFO - File 6445: Filtered 12062593 hits and 5 records
2025-09-19 03:30:32,327 - INFO - Completed /viper/ptmp/arego/RC4K1_1/2238.h5 in 4.48 seconds
2025-09-19 03:30:32,454 - INFO - File 5985: Filtered 10935739 hits and 8 records
2025-09-19 03:30:32,565 - INFO - Processing /viper/ptmp/arego/RC4K1/15563.h5
2025-09-19 03:30:32,899 - INFO - Completed /viper/ptmp/arego/RC4K1_1/6669.h5 in 8.02 seconds
2025-09-19 03:30:32,996 - INFO - File 5180: Filtered 12131299 hits and 8 records
2025-09-19 03:30:33,261 - INFO - Processing /viper/ptmp/arego/RC4K1/23311.h5
2025-09-19 03:30:33,406 - INFO - Completed /viper/ptmp/arego/RC4K1_1/14920.h5 in 6.45 seconds
2025-09-19 03:30:33,420 - INFO - Completed /viper/ptmp/arego/RC4K1_1/5985.h5 in 4.50 seconds
2025-09-19 03:30:33,450 - INFO - Processing /viper/ptmp/arego/RC4K1/8546.h5
2025-09-19 03:30:33,918 - INFO - Completed /viper/ptmp/arego/RC4K1_1/15352.h5 in 7.79 seconds
2025-09-19 03:30:34,014 - INFO - Completed /viper/ptmp/arego/RC4K1_1/5180.h5 in 4.19 seconds
2025-09-19 03:30:34,142 - INFO - Processing /viper/ptmp/arego/RC4K1/6778.h5
2025-09-19 03:30:34,247 - INFO - File 25147: Filtered 11946787 hits and 5 records
2025-09-19 03:30:34,383 - INFO - Processing /viper/ptmp/arego/RC4K1/6510.h5
2025-09-19 03:30:34,513 - INFO - File 4607: Filtered 14176625 hits and 6 records
2025-09-19 03:30:35,021 - INFO - File 3188: Filtered 12409537 hits and 9 records
2025-09-19 03:30:35,346 - INFO - Processing /viper/ptmp/arego/RC4K1/27493.h5
2025-09-19 03:30:35,699 - INFO - File 15165: Filtered 7172417 hits and 9 records
2025-09-19 03:30:35,757 - INFO - Completed /viper/ptmp/arego/RC4K1_1/25147.h5 in 4.91 seconds
2025-09-19 03:30:35,899 - INFO - Completed /viper/ptmp/arego/RC4K1_1/15938.h5 in 11.17 seconds
2025-09-19 03:30:35,956 - INFO - Processing /viper/ptmp/arego/RC4K1/16179.h5
2025-09-19 03:30:36,071 - INFO - Completed /viper/ptmp/arego/RC4K1_1/6445.h5 in 9.13 seconds
2025-09-19 03:30:36,161 - INFO - File 15563: Filtered 13386835 hits and 7 records
2025-09-19 03:30:36,503 - INFO - File 28490: Filtered 8987393 hits and 5 records
2025-09-19 03:30:36,590 - INFO - Processing /viper/ptmp/arego/RC4K1/10940.h5
2025-09-19 03:30:36,598 - INFO - File 23311: Filtered 3211148 hits and 6 records
2025-09-19 03:30:36,620 - INFO - Processing /viper/ptmp/arego/RC4K1/11796.h5
2025-09-19 03:30:37,031 - INFO - Completed /viper/ptmp/arego/RC4K1_1/15563.h5 in 4.47 seconds
2025-09-19 03:30:37,325 - INFO - File 10869: Filtered 19145341 hits and 6 records
2025-09-19 03:30:37,379 - INFO - Completed /viper/ptmp/arego/RC4K1_1/4607.h5 in 9.64 seconds
2025-09-19 03:30:37,487 - INFO - Processing /viper/ptmp/arego/RC4K1/11959.h5
2025-09-19 03:30:37,749 - INFO - Processing /viper/ptmp/arego/RC4K1/2406.h5
2025-09-19 03:30:38,357 - INFO - Processing /viper/ptmp/arego/RC4K1/22109.h5
2025-09-19 03:30:38,650 - INFO - Completed /viper/ptmp/arego/RC4K1_1/3188.h5 in 9.48 seconds
2025-09-19 03:30:38,682 - INFO - Completed /viper/ptmp/arego/RC4K1_1/10869.h5 in 6.79 seconds
2025-09-19 03:30:38,928 - INFO - Completed /viper/ptmp/arego/RC4K1_1/15165.h5 in 6.95 seconds
2025-09-19 03:30:39,002 - INFO - Processing /viper/ptmp/arego/RC4K1/11110.h5
2025-09-19 03:30:39,251 - INFO - File 6778: Filtered 12760442 hits and 7 records
2025-09-19 03:30:39,504 - INFO - File 27493: Filtered 7269690 hits and 7 records
2025-09-19 03:30:39,551 - INFO - Processing /viper/ptmp/arego/RC4K1/9267.h5
2025-09-19 03:30:39,677 - INFO - File 16179: Filtered 12208600 hits and 10 records
2025-09-19 03:30:40,003 - INFO - Completed /viper/ptmp/arego/RC4K1_1/6778.h5 in 5.86 seconds
2025-09-19 03:30:40,102 - INFO - Processing /viper/ptmp/arego/RC4K1/25848.h5
2025-09-19 03:30:40,467 - INFO - Processing /viper/ptmp/arego/RC4K1/1768.h5
2025-09-19 03:30:40,989 - INFO - Completed /viper/ptmp/arego/RC4K1_1/23311.h5 in 7.73 seconds
2025-09-19 03:30:41,251 - INFO - Completed /viper/ptmp/arego/RC4K1_1/16179.h5 in 5.29 seconds
2025-09-19 03:30:41,438 - INFO - Processing /viper/ptmp/arego/RC4K1/10771.h5
2025-09-19 03:30:41,819 - INFO - File 10188: Filtered 6738150 hits and 8 records
2025-09-19 03:30:41,888 - INFO - File 22109: Filtered 9709228 hits and 9 records
2025-09-19 03:30:42,162 - INFO - File 8546: Filtered 19341317 hits and 9 records
2025-09-19 03:30:42,252 - INFO - Completed /viper/ptmp/arego/RC4K1_1/28490.h5 in 13.89 seconds
2025-09-19 03:30:42,519 - INFO - Processing /viper/ptmp/arego/RC4K1/687.h5
2025-09-19 03:30:43,051 - INFO - Processing /viper/ptmp/arego/RC4K1/21674.h5
2025-09-19 03:30:43,155 - INFO - File 9267: Filtered 11739812 hits and 7 records
2025-09-19 03:30:43,387 - INFO - File 10940: Filtered 6206039 hits and 7 records
2025-09-19 03:30:43,388 - INFO - Completed /viper/ptmp/arego/RC4K1_1/27493.h5 in 8.04 seconds
2025-09-19 03:30:43,445 - INFO - File 1768: Filtered 9179879 hits and 9 records
2025-09-19 03:30:43,516 - INFO - File 6510: Filtered 15108817 hits and 5 records
2025-09-19 03:30:43,949 - INFO - Processing /viper/ptmp/arego/RC4K1/1254.h5
2025-09-19 03:30:43,958 - INFO - Completed /viper/ptmp/arego/RC4K1_1/8546.h5 in 10.51 seconds
2025-09-19 03:30:44,534 - INFO - Processing /viper/ptmp/arego/RC4K1/25877.h5
2025-09-19 03:30:44,560 - INFO - Completed /viper/ptmp/arego/RC4K1_1/22109.h5 in 6.20 seconds
2025-09-19 03:30:45,157 - INFO - File 11796: Filtered 3498859 hits and 6 records
2025-09-19 03:30:45,250 - INFO - Processing /viper/ptmp/arego/RC4K1/434.h5
2025-09-19 03:30:45,316 - INFO - File 11959: Filtered 11115770 hits and 8 records
2025-09-19 03:30:45,532 - INFO - Completed /viper/ptmp/arego/RC4K1_1/9267.h5 in 5.98 seconds
2025-09-19 03:30:45,746 - INFO - Completed /viper/ptmp/arego/RC4K1_1/1768.h5 in 5.28 seconds
2025-09-19 03:30:46,043 - INFO - Processing /viper/ptmp/arego/RC4K1/12677.h5
2025-09-19 03:30:46,179 - INFO - File 11110: Filtered 12343712 hits and 8 records
2025-09-19 03:30:46,265 - INFO - File 2406: Filtered 18211462 hits and 12 records
2025-09-19 03:30:47,078 - INFO - Completed /viper/ptmp/arego/RC4K1_1/6510.h5 in 12.70 seconds
2025-09-19 03:30:47,336 - INFO - Processing /viper/ptmp/arego/RC4K1/1271.h5
2025-09-19 03:30:47,596 - INFO - Processing /viper/ptmp/arego/RC4K1/429.h5
2025-09-19 03:30:47,909 - INFO - Completed /viper/ptmp/arego/RC4K1_1/10188.h5 in 17.96 seconds
2025-09-19 03:30:48,312 - INFO - Completed /viper/ptmp/arego/RC4K1_1/11959.h5 in 10.82 seconds
2025-09-19 03:30:48,414 - INFO - File 10771: Filtered 13432840 hits and 7 records
2025-09-19 03:30:48,636 - INFO - Completed /viper/ptmp/arego/RC4K1_1/2406.h5 in 10.89 seconds
2025-09-19 03:30:48,899 - INFO - File 687: Filtered 9072343 hits and 9 records
2025-09-19 03:30:48,911 - INFO - File 434: Filtered 8341414 hits and 5 records
2025-09-19 03:30:48,955 - INFO - Processing /viper/ptmp/arego/RC4K1/20718.h5
2025-09-19 03:30:49,182 - INFO - Processing /viper/ptmp/arego/RC4K1/21457.h5
2025-09-19 03:30:49,214 - INFO - File 1254: Filtered 9565798 hits and 6 records
2025-09-19 03:30:49,432 - INFO - File 12677: Filtered 9629176 hits and 8 records
2025-09-19 03:30:49,861 - INFO - File 21674: Filtered 6338468 hits and 5 records
2025-09-19 03:30:49,872 - INFO - Completed /viper/ptmp/arego/RC4K1_1/10940.h5 in 13.28 seconds
2025-09-19 03:30:50,243 - INFO - Processing /viper/ptmp/arego/RC4K1/2123.h5
2025-09-19 03:30:50,324 - INFO - Completed /viper/ptmp/arego/RC4K1_1/11110.h5 in 11.32 seconds
2025-09-19 03:30:50,498 - INFO - Completed /viper/ptmp/arego/RC4K1_1/10771.h5 in 9.06 seconds
2025-09-19 03:30:50,587 - INFO - File 25877: Filtered 18409835 hits and 5 records
2025-09-19 03:30:50,618 - INFO - File 25848: Filtered 8553997 hits and 4 records
2025-09-19 03:30:50,925 - INFO - Processing /viper/ptmp/arego/RC4K1/13220.h5
2025-09-19 03:30:51,135 - INFO - Processing /viper/ptmp/arego/RC4K1/22186.h5
2025-09-19 03:30:51,543 - INFO - Completed /viper/ptmp/arego/RC4K1_1/11796.h5 in 14.92 seconds
2025-09-19 03:30:51,926 - INFO - File 1271: Filtered 8095057 hits and 10 records
2025-09-19 03:30:52,144 - INFO - Processing /viper/ptmp/arego/RC4K1/7600.h5
2025-09-19 03:30:52,572 - INFO - Completed /viper/ptmp/arego/RC4K1_1/25877.h5 in 8.04 seconds
2025-09-19 03:30:52,836 - INFO - Completed /viper/ptmp/arego/RC4K1_1/12677.h5 in 6.79 seconds
2025-09-19 03:30:52,871 - INFO - Processing /viper/ptmp/arego/RC4K1/15552.h5
2025-09-19 03:30:52,959 - INFO - Processing /viper/ptmp/arego/RC4K1/16016.h5
2025-09-19 03:30:53,430 - INFO - File 20718: Filtered 14019457 hits and 7 records
2025-09-19 03:30:53,453 - INFO - Completed /viper/ptmp/arego/RC4K1_1/687.h5 in 10.93 seconds
2025-09-19 03:30:53,617 - INFO - File 429: Filtered 13167346 hits and 4 records
2025-09-19 03:30:53,798 - INFO - Completed /viper/ptmp/arego/RC4K1_1/434.h5 in 8.55 seconds
2025-09-19 03:30:53,854 - INFO - Completed /viper/ptmp/arego/RC4K1_1/1254.h5 in 9.91 seconds
2025-09-19 03:30:53,914 - INFO - Processing /viper/ptmp/arego/RC4K1/2176.h5
2025-09-19 03:30:54,883 - INFO - Processing /viper/ptmp/arego/RC4K1/29666.h5
2025-09-19 03:30:55,106 - INFO - File 13220: Filtered 10433404 hits and 6 records
2025-09-19 03:30:55,250 - INFO - Completed /viper/ptmp/arego/RC4K1_1/20718.h5 in 6.30 seconds
2025-09-19 03:30:55,674 - INFO - File 21457: Filtered 15949160 hits and 10 records
2025-09-19 03:30:55,859 - INFO - Processing /viper/ptmp/arego/RC4K1/8953.h5
2025-09-19 03:30:56,462 - INFO - Completed /viper/ptmp/arego/RC4K1_1/1271.h5 in 9.13 seconds
2025-09-19 03:30:56,523 - INFO - Completed /viper/ptmp/arego/RC4K1_1/25848.h5 in 16.42 seconds
2025-09-19 03:30:56,763 - INFO - File 15552: Filtered 16650256 hits and 5 records
2025-09-19 03:30:56,896 - INFO - Completed /viper/ptmp/arego/RC4K1_1/21674.h5 in 13.85 seconds
2025-09-19 03:30:57,082 - INFO - Processing /viper/ptmp/arego/RC4K1/16955.h5
2025-09-19 03:30:57,450 - INFO - File 2123: Filtered 14882034 hits and 8 records
2025-09-19 03:30:57,544 - INFO - Processing /viper/ptmp/arego/RC4K1/16914.h5
2025-09-19 03:30:57,770 - INFO - Completed /viper/ptmp/arego/RC4K1_1/15552.h5 in 4.90 seconds
2025-09-19 03:30:57,951 - INFO - Completed /viper/ptmp/arego/RC4K1_1/13220.h5 in 7.03 seconds
2025-09-19 03:30:57,994 - INFO - Processing /viper/ptmp/arego/RC4K1/5434.h5
2025-09-19 03:30:58,173 - INFO - File 2176: Filtered 10842172 hits and 12 records
2025-09-19 03:30:58,178 - INFO - Completed /viper/ptmp/arego/RC4K1_1/429.h5 in 10.58 seconds
2025-09-19 03:30:58,385 - INFO - Processing /viper/ptmp/arego/RC4K1/13065.h5
2025-09-19 03:30:58,640 - INFO - File 22186: Filtered 7556924 hits and 7 records
2025-09-19 03:30:58,970 - INFO - Processing /viper/ptmp/arego/RC4K1/12824.h5
2025-09-19 03:30:59,166 - INFO - File 29666: Filtered 8847992 hits and 6 records
2025-09-19 03:30:59,450 - INFO - Completed /viper/ptmp/arego/RC4K1_1/21457.h5 in 10.27 seconds
2025-09-19 03:30:59,457 - INFO - Processing /viper/ptmp/arego/RC4K1/12907.h5
2025-09-19 03:30:59,607 - INFO - File 7600: Filtered 14229475 hits and 7 records
2025-09-19 03:30:59,898 - INFO - Processing /viper/ptmp/arego/RC4K1/8058.h5
2025-09-19 03:31:00,237 - INFO - File 16016: Filtered 11283749 hits and 8 records
2025-09-19 03:31:00,393 - INFO - File 8953: Filtered 8889395 hits and 6 records
2025-09-19 03:31:00,442 - INFO - Completed /viper/ptmp/arego/RC4K1_1/2176.h5 in 6.53 seconds
2025-09-19 03:31:00,639 - INFO - Processing /viper/ptmp/arego/RC4K1/6224.h5
2025-09-19 03:31:00,682 - INFO - Processing /viper/ptmp/arego/RC4K1/11067.h5
2025-09-19 03:31:01,385 - INFO - Completed /viper/ptmp/arego/RC4K1_1/2123.h5 in 11.14 seconds
2025-09-19 03:31:01,581 - INFO - File 16955: Filtered 11703069 hits and 7 records
2025-09-19 03:31:01,601 - INFO - Processing /viper/ptmp/arego/RC4K1/16953.h5
2025-09-19 03:31:01,979 - INFO - Processing /viper/ptmp/arego/RC4K1/25899.h5
2025-09-19 03:31:02,115 - INFO - File 13065: Filtered 10800670 hits and 8 records
2025-09-19 03:31:02,530 - INFO - File 5434: Filtered 6727743 hits and 5 records
2025-09-19 03:31:03,216 - INFO - Completed /viper/ptmp/arego/RC4K1_1/7600.h5 in 11.07 seconds
2025-09-19 03:31:03,783 - INFO - Completed /viper/ptmp/arego/RC4K1_1/16955.h5 in 6.70 seconds
2025-09-19 03:31:03,807 - INFO - Completed /viper/ptmp/arego/RC4K1_1/29666.h5 in 8.92 seconds
2025-09-19 03:31:03,838 - INFO - File 16914: Filtered 15473525 hits and 10 records
2025-09-19 03:31:04,001 - INFO - Processing /viper/ptmp/arego/RC4K1/4256.h5
2025-09-19 03:31:04,063 - INFO - File 12907: Filtered 12169800 hits and 9 records
2025-09-19 03:31:04,209 - INFO - Processing /viper/ptmp/arego/RC4K1/8325.h5
2025-09-19 03:31:04,280 - INFO - Completed /viper/ptmp/arego/RC4K1_1/22186.h5 in 13.14 seconds
2025-09-19 03:31:04,651 - INFO - Completed /viper/ptmp/arego/RC4K1_1/13065.h5 in 6.27 seconds
2025-09-19 03:31:04,846 - INFO - File 11067: Filtered 13345747 hits and 10 records
2025-09-19 03:31:04,938 - INFO - Completed /viper/ptmp/arego/RC4K1_1/16016.h5 in 11.98 seconds
2025-09-19 03:31:05,277 - INFO - Completed /viper/ptmp/arego/RC4K1_1/8953.h5 in 9.42 seconds
2025-09-19 03:31:05,354 - INFO - Processing /viper/ptmp/arego/RC4K1/11193.h5
2025-09-19 03:31:05,640 - INFO - Processing /viper/ptmp/arego/RC4K1/21019.h5
2025-09-19 03:31:05,847 - INFO - File 12824: Filtered 12120873 hits and 9 records
2025-09-19 03:31:06,086 - INFO - File 16953: Filtered 6189813 hits and 6 records
2025-09-19 03:31:06,251 - INFO - Processing /viper/ptmp/arego/RC4K1/28510.h5
2025-09-19 03:31:06,746 - INFO - Processing /viper/ptmp/arego/RC4K1/26156.h5
2025-09-19 03:31:07,209 - INFO - File 8058: Filtered 12745580 hits and 7 records
2025-09-19 03:31:07,225 - INFO - Processing /viper/ptmp/arego/RC4K1/22286.h5
2025-09-19 03:31:07,492 - INFO - Completed /viper/ptmp/arego/RC4K1_1/11067.h5 in 6.81 seconds
2025-09-19 03:31:07,760 - INFO - Completed /viper/ptmp/arego/RC4K1_1/5434.h5 in 9.77 seconds
2025-09-19 03:31:07,785 - INFO - Completed /viper/ptmp/arego/RC4K1_1/12907.h5 in 8.33 seconds
2025-09-19 03:31:07,882 - INFO - Completed /viper/ptmp/arego/RC4K1_1/16914.h5 in 10.34 seconds
2025-09-19 03:31:08,003 - INFO - File 6224: Filtered 19130142 hits and 4 records
2025-09-19 03:31:08,227 - INFO - Processing /viper/ptmp/arego/RC4K1/26960.h5
2025-09-19 03:31:08,476 - INFO - File 8325: Filtered 16555523 hits and 8 records
2025-09-19 03:31:08,677 - INFO - Processing /viper/ptmp/arego/RC4K1/9275.h5
2025-09-19 03:31:09,265 - INFO - Processing /viper/ptmp/arego/RC4K1/7052.h5
2025-09-19 03:31:09,494 - INFO - File 25899: Filtered 8798439 hits and 6 records
2025-09-19 03:31:09,616 - INFO - Completed /viper/ptmp/arego/RC4K1_1/8325.h5 in 5.41 seconds
2025-09-19 03:31:09,617 - INFO - File 11193: Filtered 11297363 hits and 8 records
2025-09-19 03:31:10,094 - INFO - File 28510: Filtered 9315200 hits and 6 records
2025-09-19 03:31:10,176 - INFO - Processing /viper/ptmp/arego/RC4K1/18700.h5
2025-09-19 03:31:10,553 - INFO - Completed /viper/ptmp/arego/RC4K1_1/6224.h5 in 9.91 seconds
2025-09-19 03:31:11,048 - INFO - Completed /viper/ptmp/arego/RC4K1_1/12824.h5 in 12.08 seconds
2025-09-19 03:31:11,163 - INFO - File 4256: Filtered 19974103 hits and 9 records
2025-09-19 03:31:11,204 - INFO - Processing /viper/ptmp/arego/RC4K1/18266.h5
2025-09-19 03:31:11,471 - INFO - Processing /viper/ptmp/arego/RC4K1/3007.h5
2025-09-19 03:31:11,898 - INFO - Completed /viper/ptmp/arego/RC4K1_1/16953.h5 in 10.30 seconds
2025-09-19 03:31:12,163 - INFO - File 22286: Filtered 9490987 hits and 8 records
2025-09-19 03:31:12,302 - INFO - Processing /viper/ptmp/arego/RC4K1/20538.h5
2025-09-19 03:31:12,653 - INFO - Completed /viper/ptmp/arego/RC4K1_1/8058.h5 in 12.75 seconds
2025-09-19 03:31:13,172 - INFO - File 21019: Filtered 12172937 hits and 5 records
2025-09-19 03:31:13,186 - INFO - Completed /viper/ptmp/arego/RC4K1_1/28510.h5 in 6.93 seconds
2025-09-19 03:31:13,278 - INFO - Processing /viper/ptmp/arego/RC4K1/20552.h5
2025-09-19 03:31:13,323 - INFO - Processing /viper/ptmp/arego/RC4K1/24712.h5
2025-09-19 03:31:13,526 - INFO - Completed /viper/ptmp/arego/RC4K1_1/4256.h5 in 9.53 seconds
2025-09-19 03:31:13,792 - INFO - File 26960: Filtered 11420127 hits and 8 records
2025-09-19 03:31:13,894 - INFO - File 26156: Filtered 17829300 hits and 8 records
2025-09-19 03:31:13,940 - INFO - Completed /viper/ptmp/arego/RC4K1_1/11193.h5 in 8.59 seconds
2025-09-19 03:31:14,401 - INFO - Processing /viper/ptmp/arego/RC4K1/13003.h5
2025-09-19 03:31:14,616 - INFO - Processing /viper/ptmp/arego/RC4K1/24537.h5
2025-09-19 03:31:14,826 - INFO - File 7052: Filtered 13920886 hits and 9 records
2025-09-19 03:31:15,391 - INFO - File 9275: Filtered 17978788 hits and 8 records
2025-09-19 03:31:15,746 - INFO - Processing /viper/ptmp/arego/RC4K1/28432.h5
2025-09-19 03:31:15,968 - INFO - File 3007: Filtered 15845845 hits and 6 records
2025-09-19 03:31:16,030 - INFO - File 18700: Filtered 10774939 hits and 9 records
2025-09-19 03:31:16,373 - INFO - Completed /viper/ptmp/arego/RC4K1_1/25899.h5 in 14.39 seconds
2025-09-19 03:31:16,825 - INFO - Completed /viper/ptmp/arego/RC4K1_1/26156.h5 in 10.08 seconds
2025-09-19 03:31:17,298 - INFO - Processing /viper/ptmp/arego/RC4K1/20277.h5
2025-09-19 03:31:17,345 - INFO - Completed /viper/ptmp/arego/RC4K1_1/3007.h5 in 5.87 seconds
2025-09-19 03:31:17,526 - INFO - Completed /viper/ptmp/arego/RC4K1_1/22286.h5 in 10.30 seconds
2025-09-19 03:31:17,643 - INFO - Processing /viper/ptmp/arego/RC4K1/13042.h5
2025-09-19 03:31:17,982 - INFO - Completed /viper/ptmp/arego/RC4K1_1/21019.h5 in 12.34 seconds
2025-09-19 03:31:18,174 - INFO - Completed /viper/ptmp/arego/RC4K1_1/9275.h5 in 9.50 seconds
2025-09-19 03:31:18,213 - INFO - File 20552: Filtered 13064946 hits and 5 records
2025-09-19 03:31:18,266 - INFO - File 18266: Filtered 15206723 hits and 7 records
2025-09-19 03:31:18,329 - INFO - Completed /viper/ptmp/arego/RC4K1_1/26960.h5 in 10.10 seconds
2025-09-19 03:31:18,576 - INFO - Processing /viper/ptmp/arego/RC4K1/17163.h5
2025-09-19 03:31:18,633 - INFO - File 13003: Filtered 10047724 hits and 8 records
2025-09-19 03:31:18,706 - INFO - Completed /viper/ptmp/arego/RC4K1_1/7052.h5 in 9.44 seconds
2025-09-19 03:31:18,711 - INFO - Processing /viper/ptmp/arego/RC4K1/11598.h5
2025-09-19 03:31:19,543 - INFO - Processing /viper/ptmp/arego/RC4K1/19743.h5
2025-09-19 03:31:19,669 - INFO - Processing /viper/ptmp/arego/RC4K1/19307.h5
2025-09-19 03:31:19,809 - INFO - File 20538: Filtered 12258008 hits and 8 records
2025-09-19 03:31:20,518 - INFO - Processing /viper/ptmp/arego/RC4K1/5604.h5
2025-09-19 03:31:20,696 - INFO - File 24712: Filtered 16167508 hits and 10 records
2025-09-19 03:31:20,733 - INFO - Processing /viper/ptmp/arego/RC4K1/8626.h5
2025-09-19 03:31:20,837 - INFO - Completed /viper/ptmp/arego/RC4K1_1/18700.h5 in 10.66 seconds
2025-09-19 03:31:21,156 - INFO - File 28432: Filtered 4686362 hits and 6 records
2025-09-19 03:31:21,699 - INFO - File 24537: Filtered 22595974 hits and 10 records
2025-09-19 03:31:21,731 - INFO - Processing /viper/ptmp/arego/RC4K1/10125.h5
2025-09-19 03:31:21,750 - INFO - File 13042: Filtered 11301341 hits and 8 records
2025-09-19 03:31:21,986 - INFO - Completed /viper/ptmp/arego/RC4K1_1/20552.h5 in 8.71 seconds
2025-09-19 03:31:22,150 - INFO - Completed /viper/ptmp/arego/RC4K1_1/13003.h5 in 7.75 seconds
2025-09-19 03:31:22,533 - INFO - Completed /viper/ptmp/arego/RC4K1_1/18266.h5 in 11.33 seconds
2025-09-19 03:31:22,836 - INFO - Processing /viper/ptmp/arego/RC4K1/13602.h5
2025-09-19 03:31:23,109 - INFO - Processing /viper/ptmp/arego/RC4K1/21733.h5
2025-09-19 03:31:23,201 - INFO - Completed /viper/ptmp/arego/RC4K1_1/24537.h5 in 8.59 seconds
2025-09-19 03:31:23,809 - INFO - File 11598: Filtered 11367966 hits and 8 records
2025-09-19 03:31:24,148 - INFO - Processing /viper/ptmp/arego/RC4K1/742.h5
2025-09-19 03:31:24,380 - INFO - Processing /viper/ptmp/arego/RC4K1/12856.h5
2025-09-19 03:31:24,634 - INFO - File 20277: Filtered 9981160 hits and 6 records
2025-09-19 03:31:24,688 - INFO - Completed /viper/ptmp/arego/RC4K1_1/20538.h5 in 12.39 seconds
2025-09-19 03:31:24,827 - INFO - Completed /viper/ptmp/arego/RC4K1_1/13042.h5 in 7.18 seconds
2025-09-19 03:31:24,966 - INFO - File 19307: Filtered 18672152 hits and 8 records
2025-09-19 03:31:25,189 - INFO - Processing /viper/ptmp/arego/RC4K1/18551.h5
2025-09-19 03:31:25,541 - INFO - Processing /viper/ptmp/arego/RC4K1/15584.h5
2025-09-19 03:31:26,038 - INFO - Completed /viper/ptmp/arego/RC4K1_1/19307.h5 in 6.37 seconds
2025-09-19 03:31:26,344 - INFO - File 8626: Filtered 9432116 hits and 8 records
2025-09-19 03:31:26,573 - INFO - Processing /viper/ptmp/arego/RC4K1/24563.h5
2025-09-19 03:31:26,590 - INFO - File 17163: Filtered 16349887 hits and 8 records
2025-09-19 03:31:26,999 - INFO - File 13602: Filtered 13753768 hits and 7 records
2025-09-19 03:31:27,139 - INFO - File 10125: Filtered 10794062 hits and 9 records
2025-09-19 03:31:27,181 - INFO - File 19743: Filtered 19888738 hits and 10 records
2025-09-19 03:31:27,213 - INFO - Completed /viper/ptmp/arego/RC4K1_1/24712.h5 in 13.89 seconds
2025-09-19 03:31:27,846 - INFO - Processing /viper/ptmp/arego/RC4K1/29878.h5
2025-09-19 03:31:28,531 - INFO - File 5604: Filtered 16591552 hits and 6 records
2025-09-19 03:31:29,004 - INFO - Completed /viper/ptmp/arego/RC4K1_1/11598.h5 in 10.29 seconds
2025-09-19 03:31:29,189 - INFO - File 742: Filtered 12645296 hits and 7 records
2025-09-19 03:31:29,415 - INFO - Completed /viper/ptmp/arego/RC4K1_1/13602.h5 in 6.58 seconds
2025-09-19 03:31:29,713 - INFO - Processing /viper/ptmp/arego/RC4K1/23897.h5
2025-09-19 03:31:29,754 - INFO - Completed /viper/ptmp/arego/RC4K1_1/28432.h5 in 14.01 seconds
2025-09-19 03:31:30,142 - INFO - Completed /viper/ptmp/arego/RC4K1_1/19743.h5 in 10.60 seconds
2025-09-19 03:31:30,700 - INFO - Processing /viper/ptmp/arego/RC4K1/10587.h5
2025-09-19 03:31:30,711 - INFO - Processing /viper/ptmp/arego/RC4K1/20794.h5
2025-09-19 03:31:30,801 - INFO - Completed /viper/ptmp/arego/RC4K1_1/17163.h5 in 12.23 seconds
2025-09-19 03:31:31,048 - INFO - File 21733: Filtered 19723330 hits and 11 records
2025-09-19 03:31:31,384 - INFO - Processing /viper/ptmp/arego/RC4K1/2828.h5
2025-09-19 03:31:31,668 - INFO - File 24563: Filtered 11134685 hits and 8 records
2025-09-19 03:31:31,668 - INFO - Completed /viper/ptmp/arego/RC4K1_1/20277.h5 in 14.37 seconds
2025-09-19 03:31:32,107 - INFO - Completed /viper/ptmp/arego/RC4K1_1/8626.h5 in 11.37 seconds
2025-09-19 03:31:32,122 - INFO - Processing /viper/ptmp/arego/RC4K1/8977.h5
2025-09-19 03:31:32,495 - INFO - Completed /viper/ptmp/arego/RC4K1_1/10125.h5 in 10.76 seconds
2025-09-19 03:31:32,526 - INFO - File 12856: Filtered 23039968 hits and 7 records
2025-09-19 03:31:32,992 - INFO - Processing /viper/ptmp/arego/RC4K1/20539.h5
2025-09-19 03:31:33,044 - INFO - Processing /viper/ptmp/arego/RC4K1/18553.h5
2025-09-19 03:31:33,063 - INFO - Completed /viper/ptmp/arego/RC4K1_1/5604.h5 in 12.54 seconds
2025-09-19 03:31:33,589 - INFO - File 15584: Filtered 13071718 hits and 9 records
2025-09-19 03:31:33,852 - INFO - Processing /viper/ptmp/arego/RC4K1/12449.h5
2025-09-19 03:31:33,891 - INFO - Processing /viper/ptmp/arego/RC4K1/22438.h5
2025-09-19 03:31:33,989 - INFO - Completed /viper/ptmp/arego/RC4K1_1/21733.h5 in 10.88 seconds
2025-09-19 03:31:34,036 - INFO - Completed /viper/ptmp/arego/RC4K1_1/742.h5 in 9.89 seconds
2025-09-19 03:31:34,519 - INFO - Completed /viper/ptmp/arego/RC4K1_1/12856.h5 in 10.14 seconds
2025-09-19 03:31:34,753 - INFO - Processing /viper/ptmp/arego/RC4K1/22604.h5
2025-09-19 03:31:34,770 - INFO - File 29878: Filtered 23917129 hits and 11 records
2025-09-19 03:31:34,858 - INFO - Processing /viper/ptmp/arego/RC4K1/19937.h5
2025-09-19 03:31:34,988 - INFO - File 18551: Filtered 23434833 hits and 9 records
2025-09-19 03:31:35,363 - INFO - File 23897: Filtered 12994872 hits and 8 records
2025-09-19 03:31:35,481 - INFO - File 10587: Filtered 14074524 hits and 8 records
2025-09-19 03:31:35,755 - INFO - Processing /viper/ptmp/arego/RC4K1/9932.h5
2025-09-19 03:31:36,311 - INFO - Completed /viper/ptmp/arego/RC4K1_1/29878.h5 in 8.47 seconds
2025-09-19 03:31:36,677 - INFO - Processing /viper/ptmp/arego/RC4K1/316.h5
2025-09-19 03:31:37,023 - INFO - Completed /viper/ptmp/arego/RC4K1_1/24563.h5 in 10.45 seconds
2025-09-19 03:31:37,237 - INFO - File 2828: Filtered 12187988 hits and 8 records
2025-09-19 03:31:37,703 - INFO - File 20794: Filtered 22904188 hits and 8 records
2025-09-19 03:31:37,806 - INFO - Processing /viper/ptmp/arego/RC4K1/19491.h5
2025-09-19 03:31:38,561 - INFO - Completed /viper/ptmp/arego/RC4K1_1/10587.h5 in 7.86 seconds
2025-09-19 03:31:38,632 - INFO - Completed /viper/ptmp/arego/RC4K1_1/15584.h5 in 13.09 seconds
2025-09-19 03:31:38,920 - INFO - Processing /viper/ptmp/arego/RC4K1/15407.h5
2025-09-19 03:31:39,500 - INFO - File 20539: Filtered 18766220 hits and 7 records
2025-09-19 03:31:39,501 - INFO - Processing /viper/ptmp/arego/RC4K1/4470.h5
2025-09-19 03:31:40,307 - INFO - File 8977: Filtered 19615929 hits and 7 records
2025-09-19 03:31:40,567 - INFO - Completed /viper/ptmp/arego/RC4K1_1/20794.h5 in 9.86 seconds
2025-09-19 03:31:40,617 - INFO - Completed /viper/ptmp/arego/RC4K1_1/23897.h5 in 10.90 seconds
2025-09-19 03:31:41,159 - INFO - Processing /viper/ptmp/arego/RC4K1/3120.h5
2025-09-19 03:31:41,332 - INFO - Processing /viper/ptmp/arego/RC4K1/14176.h5
2025-09-19 03:31:41,464 - INFO - File 22438: Filtered 7252624 hits and 5 records
2025-09-19 03:31:41,755 - INFO - File 19937: Filtered 17280925 hits and 8 records
2025-09-19 03:31:42,243 - INFO - Completed /viper/ptmp/arego/RC4K1_1/20539.h5 in 9.25 seconds
2025-09-19 03:31:42,434 - INFO - File 18553: Filtered 10240659 hits and 6 records
2025-09-19 03:31:42,566 - INFO - Completed /viper/ptmp/arego/RC4K1_1/18551.h5 in 17.38 seconds
2025-09-19 03:31:42,815 - INFO - Processing /viper/ptmp/arego/RC4K1/24497.h5
2025-09-19 03:31:43,155 - INFO - File 12449: Filtered 15236507 hits and 6 records
2025-09-19 03:31:43,327 - INFO - Completed /viper/ptmp/arego/RC4K1_1/2828.h5 in 11.94 seconds
2025-09-19 03:31:43,629 - INFO - File 15407: Filtered 16982428 hits and 8 records
2025-09-19 03:31:44,074 - INFO - Processing /viper/ptmp/arego/RC4K1/11410.h5
2025-09-19 03:31:44,386 - INFO - File 22604: Filtered 17969038 hits and 6 records
2025-09-19 03:31:44,434 - INFO - File 19491: Filtered 10847281 hits and 7 records
2025-09-19 03:31:44,928 - INFO - Completed /viper/ptmp/arego/RC4K1_1/8977.h5 in 12.81 seconds
2025-09-19 03:31:44,931 - INFO - Processing /viper/ptmp/arego/RC4K1/5696.h5
2025-09-19 03:31:45,650 - INFO - Completed /viper/ptmp/arego/RC4K1_1/19937.h5 in 10.79 seconds
2025-09-19 03:31:45,813 - INFO - Processing /viper/ptmp/arego/RC4K1/12057.h5
2025-09-19 03:31:45,987 - INFO - Completed /viper/ptmp/arego/RC4K1_1/15407.h5 in 7.07 seconds
2025-09-19 03:31:46,185 - INFO - Processing /viper/ptmp/arego/RC4K1/4336.h5
2025-09-19 03:31:46,211 - INFO - File 9932: Filtered 14179845 hits and 7 records
2025-09-19 03:31:46,669 - INFO - Processing /viper/ptmp/arego/RC4K1/28663.h5
2025-09-19 03:31:47,227 - INFO - File 316: Filtered 22069903 hits and 10 records
2025-09-19 03:31:48,063 - INFO - File 14176: Filtered 10488676 hits and 5 records
2025-09-19 03:31:48,962 - INFO - Completed /viper/ptmp/arego/RC4K1_1/12449.h5 in 15.11 seconds
2025-09-19 03:31:49,063 - INFO - File 24497: Filtered 17162737 hits and 10 records
2025-09-19 03:31:49,353 - INFO - Completed /viper/ptmp/arego/RC4K1_1/22604.h5 in 14.60 seconds
2025-09-19 03:31:49,382 - INFO - File 4470: Filtered 12559178 hits and 6 records
2025-09-19 03:31:49,491 - INFO - Processing /viper/ptmp/arego/RC4K1/23585.h5
2025-09-19 03:31:49,518 - INFO - File 11410: Filtered 13891268 hits and 4 records
2025-09-19 03:31:49,828 - INFO - Completed /viper/ptmp/arego/RC4K1_1/22438.h5 in 15.94 seconds
2025-09-19 03:31:49,920 - INFO - File 3120: Filtered 17773853 hits and 11 records
2025-09-19 03:31:50,382 - INFO - Completed /viper/ptmp/arego/RC4K1_1/316.h5 in 13.70 seconds
2025-09-19 03:31:50,446 - INFO - Processing /viper/ptmp/arego/RC4K1/4250.h5
2025-09-19 03:31:50,452 - INFO - Completed /viper/ptmp/arego/RC4K1_1/18553.h5 in 17.41 seconds
2025-09-19 03:31:50,836 - INFO - Completed /viper/ptmp/arego/RC4K1_1/19491.h5 in 13.03 seconds
2025-09-19 03:31:50,844 - INFO - Processing /viper/ptmp/arego/RC4K1/23177.h5
2025-09-19 03:31:51,448 - INFO - Processing /viper/ptmp/arego/RC4K1/21824.h5
2025-09-19 03:31:51,986 - INFO - File 28663: Filtered 14481954 hits and 9 records
2025-09-19 03:31:52,021 - INFO - Processing /viper/ptmp/arego/RC4K1/13848.h5
2025-09-19 03:31:52,198 - INFO - Processing /viper/ptmp/arego/RC4K1/9340.h5
2025-09-19 03:31:52,791 - INFO - Completed /viper/ptmp/arego/RC4K1_1/24497.h5 in 9.98 seconds
2025-09-19 03:31:52,954 - INFO - File 12057: Filtered 20174606 hits and 5 records
2025-09-19 03:31:53,149 - INFO - Completed /viper/ptmp/arego/RC4K1_1/11410.h5 in 9.07 seconds
2025-09-19 03:31:53,323 - INFO - Completed /viper/ptmp/arego/RC4K1_1/9932.h5 in 17.57 seconds
2025-09-19 03:31:53,395 - INFO - Processing /viper/ptmp/arego/RC4K1/25587.h5
2025-09-19 03:31:53,896 - INFO - File 4336: Filtered 17341687 hits and 8 records
2025-09-19 03:31:54,001 - INFO - Processing /viper/ptmp/arego/RC4K1/4977.h5
2025-09-19 03:31:54,305 - INFO - Completed /viper/ptmp/arego/RC4K1_1/3120.h5 in 13.15 seconds
2025-09-19 03:31:54,325 - INFO - Processing /viper/ptmp/arego/RC4K1/15487.h5
2025-09-19 03:31:54,460 - INFO - Completed /viper/ptmp/arego/RC4K1_1/14176.h5 in 13.13 seconds
2025-09-19 03:31:54,464 - INFO - File 5696: Filtered 14632257 hits and 5 records
2025-09-19 03:31:55,167 - INFO - Processing /viper/ptmp/arego/RC4K1/8426.h5
2025-09-19 03:31:55,287 - INFO - Processing /viper/ptmp/arego/RC4K1/25414.h5
2025-09-19 03:31:55,524 - INFO - Completed /viper/ptmp/arego/RC4K1_1/4470.h5 in 16.02 seconds
2025-09-19 03:31:55,611 - INFO - Completed /viper/ptmp/arego/RC4K1_1/28663.h5 in 8.94 seconds
2025-09-19 03:31:56,261 - INFO - Processing /viper/ptmp/arego/RC4K1/12353.h5
2025-09-19 03:31:56,493 - INFO - Processing /viper/ptmp/arego/RC4K1/28477.h5
2025-09-19 03:31:56,534 - INFO - Completed /viper/ptmp/arego/RC4K1_1/12057.h5 in 10.72 seconds
2025-09-19 03:31:57,632 - INFO - File 23585: Filtered 16182834 hits and 8 records
2025-09-19 03:31:57,773 - INFO - Completed /viper/ptmp/arego/RC4K1_1/4336.h5 in 11.59 seconds
2025-09-19 03:31:57,981 - INFO - Processing /viper/ptmp/arego/RC4K1/8708.h5
2025-09-19 03:31:58,596 - INFO - Processing /viper/ptmp/arego/RC4K1/11594.h5
2025-09-19 03:31:59,327 - INFO - File 23177: Filtered 18065327 hits and 9 records
2025-09-19 03:31:59,418 - INFO - File 4250: Filtered 9504582 hits and 4 records
2025-09-19 03:31:59,751 - INFO - File 13848: Filtered 25101322 hits and 9 records
2025-09-19 03:32:00,307 - INFO - File 15487: Filtered 7596429 hits and 8 records
2025-09-19 03:32:00,361 - INFO - File 21824: Filtered 16223687 hits and 7 records
2025-09-19 03:32:01,067 - INFO - File 25587: Filtered 13609335 hits and 9 records
2025-09-19 03:32:01,075 - INFO - Completed /viper/ptmp/arego/RC4K1_1/13848.h5 in 9.05 seconds
2025-09-19 03:32:01,470 - INFO - Processing /viper/ptmp/arego/RC4K1/20227.h5
2025-09-19 03:32:01,674 - INFO - File 9340: Filtered 21682918 hits and 11 records
2025-09-19 03:32:02,419 - INFO - File 25414: Filtered 24659773 hits and 7 records
2025-09-19 03:32:02,636 - INFO - File 12353: Filtered 10308889 hits and 6 records
2025-09-19 03:32:03,901 - INFO - Completed /viper/ptmp/arego/RC4K1_1/25414.h5 in 8.61 seconds
2025-09-19 03:32:04,013 - INFO - Completed /viper/ptmp/arego/RC4K1_1/23585.h5 in 14.52 seconds
2025-09-19 03:32:04,217 - INFO - Completed /viper/ptmp/arego/RC4K1_1/5696.h5 in 19.29 seconds
2025-09-19 03:32:04,219 - INFO - Completed /viper/ptmp/arego/RC4K1_1/23177.h5 in 13.37 seconds
2025-09-19 03:32:04,278 - INFO - Processing /viper/ptmp/arego/RC4K1/10105.h5
2025-09-19 03:32:04,728 - INFO - File 4977: Filtered 14076236 hits and 5 records
2025-09-19 03:32:04,931 - INFO - Processing /viper/ptmp/arego/RC4K1/27614.h5
2025-09-19 03:32:05,291 - INFO - Processing /viper/ptmp/arego/RC4K1/14017.h5
2025-09-19 03:32:05,637 - INFO - File 11594: Filtered 21200627 hits and 9 records
2025-09-19 03:32:05,697 - INFO - Completed /viper/ptmp/arego/RC4K1_1/9340.h5 in 13.50 seconds
2025-09-19 03:32:05,954 - INFO - File 8426: Filtered 14124470 hits and 7 records
2025-09-19 03:32:06,156 - INFO - Processing /viper/ptmp/arego/RC4K1/18448.h5
2025-09-19 03:32:06,457 - INFO - Processing /viper/ptmp/arego/RC4K1/22976.h5
2025-09-19 03:32:06,482 - INFO - Completed /viper/ptmp/arego/RC4K1_1/21824.h5 in 15.03 seconds
2025-09-19 03:32:06,585 - INFO - Completed /viper/ptmp/arego/RC4K1_1/15487.h5 in 12.26 seconds
2025-09-19 03:32:07,132 - INFO - Processing /viper/ptmp/arego/RC4K1/19225.h5
2025-09-19 03:32:07,335 - INFO - File 28477: Filtered 15155708 hits and 9 records
2025-09-19 03:32:07,618 - INFO - Completed /viper/ptmp/arego/RC4K1_1/12353.h5 in 11.36 seconds
2025-09-19 03:32:07,627 - INFO - Processing /viper/ptmp/arego/RC4K1/21686.h5
2025-09-19 03:32:07,924 - INFO - Completed /viper/ptmp/arego/RC4K1_1/25587.h5 in 14.53 seconds
2025-09-19 03:32:08,010 - INFO - File 20227: Filtered 13457181 hits and 6 records
2025-09-19 03:32:08,202 - INFO - Processing /viper/ptmp/arego/RC4K1/20516.h5
2025-09-19 03:32:08,337 - INFO - Completed /viper/ptmp/arego/RC4K1_1/4250.h5 in 17.89 seconds
2025-09-19 03:32:08,358 - INFO - File 8708: Filtered 11363901 hits and 8 records
2025-09-19 03:32:09,094 - INFO - Processing /viper/ptmp/arego/RC4K1/7799.h5
2025-09-19 03:32:09,419 - INFO - Processing /viper/ptmp/arego/RC4K1/19899.h5
2025-09-19 03:32:09,665 - INFO - Completed /viper/ptmp/arego/RC4K1_1/11594.h5 in 11.07 seconds
2025-09-19 03:32:10,665 - INFO - Processing /viper/ptmp/arego/RC4K1/15362.h5
2025-09-19 03:32:11,127 - INFO - Completed /viper/ptmp/arego/RC4K1_1/4977.h5 in 17.13 seconds
2025-09-19 03:32:11,847 - INFO - Completed /viper/ptmp/arego/RC4K1_1/8426.h5 in 16.68 seconds
2025-09-19 03:32:11,936 - INFO - Processing /viper/ptmp/arego/RC4K1/11250.h5
2025-09-19 03:32:12,871 - INFO - Completed /viper/ptmp/arego/RC4K1_1/28477.h5 in 16.38 seconds
2025-09-19 03:32:13,209 - INFO - Processing /viper/ptmp/arego/RC4K1/29052.h5
2025-09-19 03:32:13,308 - INFO - File 10105: Filtered 12284267 hits and 9 records
2025-09-19 03:32:13,311 - INFO - File 27614: Filtered 16326135 hits and 7 records
2025-09-19 03:32:13,392 - INFO - File 14017: Filtered 18087623 hits and 9 records
2025-09-19 03:32:14,007 - INFO - File 18448: Filtered 13938877 hits and 9 records
2025-09-19 03:32:14,039 - INFO - Completed /viper/ptmp/arego/RC4K1_1/20227.h5 in 12.57 seconds
2025-09-19 03:32:14,097 - INFO - Processing /viper/ptmp/arego/RC4K1/741.h5
2025-09-19 03:32:14,147 - INFO - File 19225: Filtered 17163288 hits and 8 records
2025-09-19 03:32:14,848 - INFO - Processing /viper/ptmp/arego/RC4K1/15279.h5
2025-09-19 03:32:14,960 - INFO - File 20516: Filtered 10585607 hits and 7 records
2025-09-19 03:32:15,090 - INFO - Completed /viper/ptmp/arego/RC4K1_1/8708.h5 in 17.11 seconds
2025-09-19 03:32:15,497 - INFO - File 22976: Filtered 18311725 hits and 7 records
2025-09-19 03:32:16,137 - INFO - Processing /viper/ptmp/arego/RC4K1/17762.h5
2025-09-19 03:32:16,609 - INFO - File 21686: Filtered 19419081 hits and 7 records
2025-09-19 03:32:17,809 - INFO - Completed /viper/ptmp/arego/RC4K1_1/19225.h5 in 10.68 seconds
2025-09-19 03:32:18,191 - INFO - Processing /viper/ptmp/arego/RC4K1/14869.h5
2025-09-19 03:32:18,282 - INFO - Completed /viper/ptmp/arego/RC4K1_1/14017.h5 in 12.99 seconds
2025-09-19 03:32:18,361 - INFO - File 7799: Filtered 14535554 hits and 6 records
2025-09-19 03:32:18,479 - INFO - File 19899: Filtered 15921552 hits and 9 records
2025-09-19 03:32:18,916 - INFO - Processing /viper/ptmp/arego/RC4K1/22629.h5
2025-09-19 03:32:19,586 - INFO - File 15362: Filtered 16180412 hits and 9 records
2025-09-19 03:32:20,016 - INFO - Completed /viper/ptmp/arego/RC4K1_1/27614.h5 in 15.08 seconds
2025-09-19 03:32:20,443 - INFO - Completed /viper/ptmp/arego/RC4K1_1/20516.h5 in 12.24 seconds
2025-09-19 03:32:20,778 - INFO - Completed /viper/ptmp/arego/RC4K1_1/22976.h5 in 14.32 seconds
2025-09-19 03:32:20,983 - INFO - Processing /viper/ptmp/arego/RC4K1/12453.h5
2025-09-19 03:32:21,022 - INFO - Processing /viper/ptmp/arego/RC4K1/1575.h5
2025-09-19 03:32:21,144 - INFO - Completed /viper/ptmp/arego/RC4K1_1/10105.h5 in 16.87 seconds
2025-09-19 03:32:21,167 - INFO - Completed /viper/ptmp/arego/RC4K1_1/18448.h5 in 15.01 seconds
2025-09-19 03:32:21,581 - INFO - Completed /viper/ptmp/arego/RC4K1_1/21686.h5 in 13.95 seconds
2025-09-19 03:32:21,928 - INFO - File 11250: Filtered 16662257 hits and 8 records
2025-09-19 03:32:22,031 - INFO - Processing /viper/ptmp/arego/RC4K1/4134.h5
2025-09-19 03:32:22,551 - INFO - Processing /viper/ptmp/arego/RC4K1/18187.h5
2025-09-19 03:32:22,934 - INFO - Processing /viper/ptmp/arego/RC4K1/27061.h5
2025-09-19 03:32:23,553 - INFO - Processing /viper/ptmp/arego/RC4K1/20583.h5
2025-09-19 03:32:23,556 - INFO - File 15279: Filtered 11490383 hits and 3 records
2025-09-19 03:32:23,684 - INFO - File 29052: Filtered 21413437 hits and 12 records
2025-09-19 03:32:24,559 - INFO - File 741: Filtered 19599897 hits and 7 records
2025-09-19 03:32:24,639 - INFO - Completed /viper/ptmp/arego/RC4K1_1/19899.h5 in 15.22 seconds
2025-09-19 03:32:25,332 - INFO - File 14869: Filtered 11283919 hits and 7 records
2025-09-19 03:32:25,443 - INFO - Processing /viper/ptmp/arego/RC4K1/25704.h5
2025-09-19 03:32:25,598 - INFO - Completed /viper/ptmp/arego/RC4K1_1/7799.h5 in 16.50 seconds
2025-09-19 03:32:25,636 - INFO - File 17762: Filtered 19587134 hits and 4 records
2025-09-19 03:32:26,257 - INFO - Processing /viper/ptmp/arego/RC4K1/8571.h5
2025-09-19 03:32:26,396 - INFO - Completed /viper/ptmp/arego/RC4K1_1/15362.h5 in 15.73 seconds
2025-09-19 03:32:27,113 - INFO - Processing /viper/ptmp/arego/RC4K1/26915.h5
2025-09-19 03:32:27,217 - INFO - File 22629: Filtered 17777650 hits and 6 records
2025-09-19 03:32:27,600 - ERROR - Error processing /viper/ptmp/arego/RC4K1/29052.h5: low >= high
2025-09-19 03:32:27,870 - INFO - Completed /viper/ptmp/arego/RC4K1_1/11250.h5 in 15.93 seconds
2025-09-19 03:32:28,265 - INFO - Processing /viper/ptmp/arego/RC4K1/7217.h5
2025-09-19 03:32:28,768 - INFO - File 12453: Filtered 19418195 hits and 10 records
2025-09-19 03:32:29,251 - INFO - Completed /viper/ptmp/arego/RC4K1_1/741.h5 in 15.15 seconds
2025-09-19 03:32:29,291 - INFO - Processing /viper/ptmp/arego/RC4K1/27407.h5
2025-09-19 03:32:30,437 - INFO - File 4134: Filtered 17780029 hits and 6 records
2025-09-19 03:32:30,459 - INFO - Processing /viper/ptmp/arego/RC4K1/18116.h5
2025-09-19 03:32:30,469 - INFO - File 1575: Filtered 13455737 hits and 6 records
2025-09-19 03:32:30,891 - INFO - Completed /viper/ptmp/arego/RC4K1_1/17762.h5 in 14.75 seconds
2025-09-19 03:32:31,256 - INFO - File 27061: Filtered 23638232 hits and 7 records
2025-09-19 03:32:31,911 - INFO - Processing /viper/ptmp/arego/RC4K1/6651.h5
2025-09-19 03:32:31,934 - INFO - File 18187: Filtered 12375870 hits and 9 records
2025-09-19 03:32:32,408 - INFO - Completed /viper/ptmp/arego/RC4K1_1/14869.h5 in 14.22 seconds
2025-09-19 03:32:32,947 - INFO - Processing /viper/ptmp/arego/RC4K1/21706.h5
2025-09-19 03:32:33,267 - INFO - Completed /viper/ptmp/arego/RC4K1_1/12453.h5 in 12.28 seconds
2025-09-19 03:32:33,281 - INFO - Completed /viper/ptmp/arego/RC4K1_1/15279.h5 in 18.43 seconds
2025-09-19 03:32:33,328 - INFO - File 20583: Filtered 17750504 hits and 6 records
2025-09-19 03:32:34,025 - INFO - File 25704: Filtered 18274121 hits and 8 records
2025-09-19 03:32:34,296 - INFO - Processing /viper/ptmp/arego/RC4K1/9785.h5
2025-09-19 03:32:34,473 - INFO - Completed /viper/ptmp/arego/RC4K1_1/22629.h5 in 15.56 seconds
2025-09-19 03:32:35,287 - INFO - Completed /viper/ptmp/arego/RC4K1_1/27061.h5 in 12.35 seconds
2025-09-19 03:32:35,427 - INFO - Processing /viper/ptmp/arego/RC4K1/22025.h5
2025-09-19 03:32:35,486 - INFO - File 26915: Filtered 10955433 hits and 6 records
2025-09-19 03:32:36,151 - INFO - Processing /viper/ptmp/arego/RC4K1/18079.h5
2025-09-19 03:32:36,352 - INFO - File 8571: Filtered 18670968 hits and 10 records
2025-09-19 03:32:36,969 - INFO - Processing /viper/ptmp/arego/RC4K1/21096.h5
2025-09-19 03:32:37,070 - INFO - Completed /viper/ptmp/arego/RC4K1_1/4134.h5 in 15.04 seconds
2025-09-19 03:32:37,966 - INFO - Processing /viper/ptmp/arego/RC4K1/16574.h5
2025-09-19 03:32:38,472 - INFO - Completed /viper/ptmp/arego/RC4K1_1/1575.h5 in 17.45 seconds
2025-09-19 03:32:39,854 - INFO - Processing /viper/ptmp/arego/RC4K1/19476.h5
2025-09-19 03:32:40,060 - ERROR - Error processing /viper/ptmp/arego/RC4K1/18187.h5: low >= high
2025-09-19 03:32:40,114 - INFO - File 7217: Filtered 13796606 hits and 5 records
2025-09-19 03:32:40,225 - INFO - Completed /viper/ptmp/arego/RC4K1_1/20583.h5 in 16.67 seconds
2025-09-19 03:32:40,436 - INFO - Completed /viper/ptmp/arego/RC4K1_1/25704.h5 in 14.99 seconds
2025-09-19 03:32:40,739 - INFO - File 21706: Filtered 14214138 hits and 8 records
2025-09-19 03:32:41,245 - INFO - Processing /viper/ptmp/arego/RC4K1/21697.h5
2025-09-19 03:32:41,346 - INFO - File 27407: Filtered 12703795 hits and 10 records
2025-09-19 03:32:41,836 - INFO - Processing /viper/ptmp/arego/RC4K1/26259.h5
2025-09-19 03:32:42,144 - INFO - Processing /viper/ptmp/arego/RC4K1/25713.h5
2025-09-19 03:32:42,206 - INFO - File 18116: Filtered 17042820 hits and 7 records
2025-09-19 03:32:42,413 - INFO - File 9785: Filtered 13868767 hits and 9 records
2025-09-19 03:32:43,081 - INFO - File 6651: Filtered 19425601 hits and 8 records
2025-09-19 03:32:43,248 - INFO - Completed /viper/ptmp/arego/RC4K1_1/8571.h5 in 16.99 seconds
2025-09-19 03:32:43,970 - INFO - Processing /viper/ptmp/arego/RC4K1/27828.h5
2025-09-19 03:32:45,402 - INFO - File 22025: Filtered 18418872 hits and 7 records
2025-09-19 03:32:45,796 - INFO - Completed /viper/ptmp/arego/RC4K1_1/26915.h5 in 18.68 seconds
2025-09-19 03:32:46,340 - INFO - File 18079: Filtered 20920191 hits and 6 records
2025-09-19 03:32:46,831 - INFO - Completed /viper/ptmp/arego/RC4K1_1/21706.h5 in 13.88 seconds
2025-09-19 03:32:47,166 - INFO - Processing /viper/ptmp/arego/RC4K1/22015.h5
2025-09-19 03:32:47,422 - INFO - File 21096: Filtered 16985350 hits and 8 records
2025-09-19 03:32:47,666 - INFO - Completed /viper/ptmp/arego/RC4K1_1/7217.h5 in 19.40 seconds
2025-09-19 03:32:48,151 - INFO - Processing /viper/ptmp/arego/RC4K1/5474.h5
2025-09-19 03:32:48,308 - INFO - Completed /viper/ptmp/arego/RC4K1_1/18116.h5 in 17.85 seconds
2025-09-19 03:32:48,367 - INFO - Completed /viper/ptmp/arego/RC4K1_1/6651.h5 in 16.46 seconds
2025-09-19 03:32:48,846 - INFO - File 16574: Filtered 23877023 hits and 9 records
2025-09-19 03:32:48,864 - INFO - Processing /viper/ptmp/arego/RC4K1/11985.h5
2025-09-19 03:32:49,200 - INFO - Completed /viper/ptmp/arego/RC4K1_1/9785.h5 in 14.90 seconds
2025-09-19 03:32:49,431 - INFO - File 19476: Filtered 14165294 hits and 7 records
2025-09-19 03:32:49,436 - INFO - Completed /viper/ptmp/arego/RC4K1_1/27407.h5 in 20.15 seconds
2025-09-19 03:32:49,778 - INFO - Processing /viper/ptmp/arego/RC4K1/10174.h5
2025-09-19 03:32:49,966 - INFO - Processing /viper/ptmp/arego/RC4K1/22529.h5
2025-09-19 03:32:51,083 - INFO - Processing /viper/ptmp/arego/RC4K1/25992.h5
2025-09-19 03:32:51,870 - INFO - File 21697: Filtered 18345116 hits and 8 records
2025-09-19 03:32:52,089 - INFO - File 26259: Filtered 14884802 hits and 9 records
2025-09-19 03:32:52,335 - INFO - Processing /viper/ptmp/arego/RC4K1/22996.h5
2025-09-19 03:32:52,747 - INFO - File 25713: Filtered 23193373 hits and 9 records
2025-09-19 03:32:53,210 - INFO - Completed /viper/ptmp/arego/RC4K1_1/18079.h5 in 17.06 seconds
2025-09-19 03:32:53,631 - INFO - Completed /viper/ptmp/arego/RC4K1_1/22025.h5 in 18.20 seconds
2025-09-19 03:32:53,998 - INFO - Processing /viper/ptmp/arego/RC4K1/17049.h5
2025-09-19 03:32:54,075 - INFO - File 27828: Filtered 14326452 hits and 7 records
2025-09-19 03:32:54,941 - INFO - Processing /viper/ptmp/arego/RC4K1/4949.h5
2025-09-19 03:32:55,828 - INFO - Completed /viper/ptmp/arego/RC4K1_1/16574.h5 in 17.86 seconds
2025-09-19 03:32:56,452 - INFO - Processing /viper/ptmp/arego/RC4K1/26631.h5
2025-09-19 03:32:56,538 - INFO - Completed /viper/ptmp/arego/RC4K1_1/21096.h5 in 19.57 seconds
2025-09-19 03:32:56,737 - INFO - File 22015: Filtered 20793713 hits and 7 records
2025-09-19 03:32:56,759 - INFO - File 5474: Filtered 18395037 hits and 5 records
2025-09-19 03:32:57,508 - INFO - Processing /viper/ptmp/arego/RC4K1/7953.h5
2025-09-19 03:32:57,647 - INFO - Completed /viper/ptmp/arego/RC4K1_1/25713.h5 in 15.50 seconds
2025-09-19 03:32:57,723 - INFO - Completed /viper/ptmp/arego/RC4K1_1/19476.h5 in 17.87 seconds
2025-09-19 03:32:58,187 - INFO - File 10174: Filtered 18738640 hits and 9 records
2025-09-19 03:32:58,520 - INFO - Processing /viper/ptmp/arego/RC4K1/18752.h5
2025-09-19 03:32:59,420 - INFO - Completed /viper/ptmp/arego/RC4K1_1/26259.h5 in 17.58 seconds
2025-09-19 03:33:00,004 - INFO - Completed /viper/ptmp/arego/RC4K1_1/21697.h5 in 18.76 seconds
2025-09-19 03:33:00,041 - INFO - Processing /viper/ptmp/arego/RC4K1/13643.h5
2025-09-19 03:33:00,332 - INFO - File 11985: Filtered 13945361 hits and 8 records
2025-09-19 03:33:00,941 - INFO - Processing /viper/ptmp/arego/RC4K1/497.h5
2025-09-19 03:33:00,981 - INFO - Processing /viper/ptmp/arego/RC4K1/9924.h5
2025-09-19 03:33:01,425 - INFO - File 22529: Filtered 19280153 hits and 10 records
2025-09-19 03:33:02,609 - INFO - Completed /viper/ptmp/arego/RC4K1_1/27828.h5 in 18.64 seconds
2025-09-19 03:33:02,635 - INFO - File 25992: Filtered 11189861 hits and 8 records
2025-09-19 03:33:02,851 - INFO - Completed /viper/ptmp/arego/RC4K1_1/5474.h5 in 14.70 seconds
2025-09-19 03:33:03,327 - INFO - Completed /viper/ptmp/arego/RC4K1_1/10174.h5 in 13.55 seconds
2025-09-19 03:33:03,361 - INFO - Processing /viper/ptmp/arego/RC4K1/3891.h5
2025-09-19 03:33:03,400 - INFO - File 22996: Filtered 28729006 hits and 8 records
2025-09-19 03:33:03,624 - INFO - Processing /viper/ptmp/arego/RC4K1/21343.h5
2025-09-19 03:33:04,294 - INFO - Completed /viper/ptmp/arego/RC4K1_1/22015.h5 in 17.13 seconds
2025-09-19 03:33:04,567 - INFO - Processing /viper/ptmp/arego/RC4K1/237.h5
2025-09-19 03:33:05,580 - INFO - File 4949: Filtered 23957298 hits and 9 records
2025-09-19 03:33:05,820 - INFO - File 17049: Filtered 19874595 hits and 7 records
2025-09-19 03:33:06,030 - INFO - Processing /viper/ptmp/arego/RC4K1/8988.h5
2025-09-19 03:33:06,565 - INFO - Completed /viper/ptmp/arego/RC4K1_1/22996.h5 in 14.23 seconds
2025-09-19 03:33:07,293 - INFO - Processing /viper/ptmp/arego/RC4K1/821.h5
2025-09-19 03:33:07,980 - INFO - Completed /viper/ptmp/arego/RC4K1_1/22529.h5 in 18.01 seconds
2025-09-19 03:33:08,140 - INFO - File 26631: Filtered 12195702 hits and 7 records
2025-09-19 03:33:08,682 - INFO - Completed /viper/ptmp/arego/RC4K1_1/11985.h5 in 19.82 seconds
2025-09-19 03:33:08,901 - INFO - Processing /viper/ptmp/arego/RC4K1/5746.h5
2025-09-19 03:33:09,001 - INFO - File 18752: Filtered 22103017 hits and 9 records
2025-09-19 03:33:09,737 - INFO - File 7953: Filtered 23796208 hits and 9 records
2025-09-19 03:33:10,218 - INFO - Processing /viper/ptmp/arego/RC4K1/1315.h5
2025-09-19 03:33:11,356 - INFO - File 13643: Filtered 21618396 hits and 9 records
2025-09-19 03:33:11,568 - INFO - Completed /viper/ptmp/arego/RC4K1_1/25992.h5 in 20.48 seconds
2025-09-19 03:33:12,153 - INFO - Completed /viper/ptmp/arego/RC4K1_1/4949.h5 in 17.21 seconds
2025-09-19 03:33:12,444 - INFO - File 497: Filtered 22624264 hits and 11 records
2025-09-19 03:33:12,502 - INFO - File 9924: Filtered 25919733 hits and 10 records
2025-09-19 03:33:12,640 - INFO - Processing /viper/ptmp/arego/RC4K1/3662.h5
2025-09-19 03:33:12,879 - INFO - Processing /viper/ptmp/arego/RC4K1/18127.h5
2025-09-19 03:33:13,064 - INFO - File 3891: Filtered 9593352 hits and 7 records
2025-09-19 03:33:13,647 - INFO - File 237: Filtered 18976797 hits and 8 records
2025-09-19 03:33:14,349 - INFO - File 21343: Filtered 20857507 hits and 5 records
2025-09-19 03:33:14,556 - INFO - Completed /viper/ptmp/arego/RC4K1_1/17049.h5 in 20.56 seconds
2025-09-19 03:33:15,397 - INFO - Completed /viper/ptmp/arego/RC4K1_1/18752.h5 in 16.88 seconds
2025-09-19 03:33:15,528 - INFO - Processing /viper/ptmp/arego/RC4K1/29656.h5
2025-09-19 03:33:16,376 - INFO - Processing /viper/ptmp/arego/RC4K1/28537.h5
2025-09-19 03:33:16,974 - ERROR - Error processing /viper/ptmp/arego/RC4K1/7953.h5: low >= high
2025-09-19 03:33:17,252 - INFO - Completed /viper/ptmp/arego/RC4K1_1/13643.h5 in 17.21 seconds
2025-09-19 03:33:17,393 - INFO - File 8988: Filtered 20000485 hits and 7 records
2025-09-19 03:33:18,020 - INFO - Completed /viper/ptmp/arego/RC4K1_1/9924.h5 in 17.04 seconds
2025-09-19 03:33:18,027 - ERROR - Error processing /viper/ptmp/arego/RC4K1/497.h5: low >= high
2025-09-19 03:33:18,113 - INFO - Processing /viper/ptmp/arego/RC4K1/28349.h5
2025-09-19 03:33:18,203 - INFO - Processing /viper/ptmp/arego/RC4K1/18101.h5
2025-09-19 03:33:18,602 - INFO - File 821: Filtered 27594012 hits and 10 records
2025-09-19 03:33:18,660 - INFO - Processing /viper/ptmp/arego/RC4K1/16738.h5
2025-09-19 03:33:19,702 - INFO - Completed /viper/ptmp/arego/RC4K1_1/237.h5 in 15.14 seconds
2025-09-19 03:33:20,195 - INFO - Processing /viper/ptmp/arego/RC4K1/15703.h5
2025-09-19 03:33:20,281 - INFO - Processing /viper/ptmp/arego/RC4K1/1858.h5
2025-09-19 03:33:20,716 - INFO - File 5746: Filtered 14046544 hits and 7 records
2025-09-19 03:33:20,942 - INFO - Completed /viper/ptmp/arego/RC4K1_1/26631.h5 in 24.49 seconds
2025-09-19 03:33:21,649 - INFO - Completed /viper/ptmp/arego/RC4K1_1/3891.h5 in 18.29 seconds
2025-09-19 03:33:21,744 - INFO - Processing /viper/ptmp/arego/RC4K1/11129.h5
2025-09-19 03:33:21,872 - INFO - Completed /viper/ptmp/arego/RC4K1_1/21343.h5 in 18.25 seconds
2025-09-19 03:33:21,899 - INFO - File 1315: Filtered 23005813 hits and 8 records
2025-09-19 03:33:22,613 - INFO - Processing /viper/ptmp/arego/RC4K1/8839.h5
2025-09-19 03:33:22,728 - INFO - Processing /viper/ptmp/arego/RC4K1/11159.h5
2025-09-19 03:33:23,098 - INFO - Completed /viper/ptmp/arego/RC4K1_1/821.h5 in 15.81 seconds
2025-09-19 03:33:24,171 - INFO - Processing /viper/ptmp/arego/RC4K1/8418.h5
2025-09-19 03:33:24,215 - INFO - File 3662: Filtered 20497231 hits and 8 records
2025-09-19 03:33:24,394 - INFO - File 18127: Filtered 16411034 hits and 8 records
2025-09-19 03:33:26,281 - INFO - Completed /viper/ptmp/arego/RC4K1_1/8988.h5 in 20.25 seconds
2025-09-19 03:33:27,377 - INFO - Processing /viper/ptmp/arego/RC4K1/9212.h5
2025-09-19 03:33:28,079 - INFO - File 28537: Filtered 24487672 hits and 9 records
2025-09-19 03:33:28,086 - INFO - Completed /viper/ptmp/arego/RC4K1_1/1315.h5 in 17.87 seconds
2025-09-19 03:33:28,976 - INFO - Processing /viper/ptmp/arego/RC4K1/22696.h5
2025-09-19 03:33:29,830 - INFO - Completed /viper/ptmp/arego/RC4K1_1/5746.h5 in 20.93 seconds
2025-09-19 03:33:30,149 - INFO - File 18101: Filtered 22711694 hits and 8 records
2025-09-19 03:33:30,595 - INFO - File 29656: Filtered 9803088 hits and 11 records
2025-09-19 03:33:30,926 - INFO - Processing /viper/ptmp/arego/RC4K1/17159.h5
2025-09-19 03:33:31,283 - INFO - Completed /viper/ptmp/arego/RC4K1_1/3662.h5 in 18.64 seconds
2025-09-19 03:33:31,768 - INFO - File 16738: Filtered 15855000 hits and 5 records
2025-09-19 03:33:31,863 - INFO - File 1858: Filtered 27936160 hits and 9 records
2025-09-19 03:33:31,938 - INFO - File 15703: Filtered 11497004 hits and 9 records
2025-09-19 03:33:32,200 - INFO - Processing /viper/ptmp/arego/RC4K1/7135.h5
2025-09-19 03:33:32,537 - INFO - File 28349: Filtered 7342736 hits and 7 records
2025-09-19 03:33:33,467 - INFO - File 8839: Filtered 17258509 hits and 6 records
2025-09-19 03:33:34,238 - INFO - File 11129: Filtered 26905151 hits and 11 records
2025-09-19 03:33:34,468 - INFO - Completed /viper/ptmp/arego/RC4K1_1/28537.h5 in 18.09 seconds
2025-09-19 03:33:34,968 - INFO - File 11159: Filtered 9088920 hits and 5 records
2025-09-19 03:33:35,210 - INFO - Processing /viper/ptmp/arego/RC4K1/8875.h5
2025-09-19 03:33:35,425 - INFO - File 8418: Filtered 23971565 hits and 3 records
2025-09-19 03:33:36,538 - INFO - Completed /viper/ptmp/arego/RC4K1_1/1858.h5 in 16.26 seconds
2025-09-19 03:33:36,818 - INFO - Completed /viper/ptmp/arego/RC4K1_1/18101.h5 in 18.62 seconds
2025-09-19 03:33:37,288 - INFO - Processing /viper/ptmp/arego/RC4K1/25222.h5
2025-09-19 03:33:37,400 - INFO - Completed /viper/ptmp/arego/RC4K1_1/18127.h5 in 24.52 seconds
2025-09-19 03:33:38,484 - INFO - Processing /viper/ptmp/arego/RC4K1/17370.h5
2025-09-19 03:33:38,577 - INFO - Processing /viper/ptmp/arego/RC4K1/12906.h5
2025-09-19 03:33:39,723 - INFO - File 9212: Filtered 21573990 hits and 9 records
2025-09-19 03:33:41,179 - INFO - Completed /viper/ptmp/arego/RC4K1_1/11129.h5 in 19.44 seconds
2025-09-19 03:33:41,426 - INFO - Completed /viper/ptmp/arego/RC4K1_1/8839.h5 in 18.81 seconds
2025-09-19 03:33:41,465 - INFO - File 22696: Filtered 17837213 hits and 9 records
2025-09-19 03:33:41,824 - INFO - Processing /viper/ptmp/arego/RC4K1/13973.h5
2025-09-19 03:33:42,186 - INFO - Completed /viper/ptmp/arego/RC4K1_1/15703.h5 in 21.99 seconds
2025-09-19 03:33:42,403 - INFO - Completed /viper/ptmp/arego/RC4K1_1/8418.h5 in 18.23 seconds
2025-09-19 03:33:42,736 - INFO - Processing /viper/ptmp/arego/RC4K1/14527.h5
2025-09-19 03:33:43,372 - INFO - File 17159: Filtered 26189361 hits and 9 records
2025-09-19 03:33:43,465 - INFO - Processing /viper/ptmp/arego/RC4K1/8018.h5
2025-09-19 03:33:43,676 - INFO - Processing /viper/ptmp/arego/RC4K1/3919.h5
2025-09-19 03:33:44,541 - INFO - Completed /viper/ptmp/arego/RC4K1_1/16738.h5 in 25.88 seconds
2025-09-19 03:33:44,682 - INFO - File 7135: Filtered 26211344 hits and 9 records
2025-09-19 03:33:45,452 - INFO - Processing /viper/ptmp/arego/RC4K1/15978.h5
2025-09-19 03:33:47,714 - INFO - Completed /viper/ptmp/arego/RC4K1_1/28349.h5 in 29.60 seconds
2025-09-19 03:33:47,814 - INFO - Completed /viper/ptmp/arego/RC4K1_1/11159.h5 in 25.09 seconds
2025-09-19 03:33:48,581 - INFO - Completed /viper/ptmp/arego/RC4K1_1/29656.h5 in 33.05 seconds
2025-09-19 03:33:48,748 - INFO - Completed /viper/ptmp/arego/RC4K1_1/9212.h5 in 21.37 seconds
2025-09-19 03:33:49,029 - INFO - File 8875: Filtered 11214434 hits and 7 records
2025-09-19 03:33:49,116 - INFO - Processing /viper/ptmp/arego/RC4K1/19843.h5
2025-09-19 03:33:49,222 - INFO - Processing /viper/ptmp/arego/RC4K1/14903.h5
2025-09-19 03:33:49,643 - INFO - Completed /viper/ptmp/arego/RC4K1_1/17159.h5 in 18.72 seconds
2025-09-19 03:33:49,866 - INFO - File 25222: Filtered 28691167 hits and 8 records
2025-09-19 03:33:50,213 - INFO - Processing /viper/ptmp/arego/RC4K1/1593.h5
2025-09-19 03:33:50,353 - INFO - File 17370: Filtered 21672693 hits and 9 records
2025-09-19 03:33:50,439 - INFO - Completed /viper/ptmp/arego/RC4K1_1/22696.h5 in 21.46 seconds
2025-09-19 03:33:50,525 - INFO - Processing /viper/ptmp/arego/RC4K1/12264.h5
2025-09-19 03:33:51,171 - INFO - Processing /viper/ptmp/arego/RC4K1/10513.h5
2025-09-19 03:33:51,357 - INFO - Completed /viper/ptmp/arego/RC4K1_1/7135.h5 in 19.16 seconds
2025-09-19 03:33:51,982 - INFO - File 12906: Filtered 17515184 hits and 3 records
2025-09-19 03:33:52,111 - INFO - Processing /viper/ptmp/arego/RC4K1/17043.h5
2025-09-19 03:33:53,010 - INFO - Processing /viper/ptmp/arego/RC4K1/21964.h5
2025-09-19 03:33:54,086 - INFO - File 14527: Filtered 14492951 hits and 9 records
2025-09-19 03:33:54,465 - INFO - File 13973: Filtered 19495465 hits and 9 records
2025-09-19 03:33:54,846 - INFO - File 8018: Filtered 21099292 hits and 8 records
2025-09-19 03:33:55,136 - INFO - File 3919: Filtered 16932955 hits and 7 records
2025-09-19 03:33:55,731 - INFO - Completed /viper/ptmp/arego/RC4K1_1/25222.h5 in 18.44 seconds
2025-09-19 03:33:56,387 - INFO - Processing /viper/ptmp/arego/RC4K1/20834.h5
2025-09-19 03:33:57,974 - INFO - File 15978: Filtered 18652939 hits and 6 records
2025-09-19 03:34:00,526 - INFO - Completed /viper/ptmp/arego/RC4K1_1/17370.h5 in 22.04 seconds
2025-09-19 03:34:00,953 - INFO - Completed /viper/ptmp/arego/RC4K1_1/12906.h5 in 22.38 seconds
2025-09-19 03:34:01,135 - INFO - Completed /viper/ptmp/arego/RC4K1_1/8875.h5 in 25.92 seconds
2025-09-19 03:34:01,627 - INFO - Processing /viper/ptmp/arego/RC4K1/20606.h5
2025-09-19 03:34:02,022 - INFO - File 19843: Filtered 23342599 hits and 12 records
2025-09-19 03:34:02,075 - INFO - Completed /viper/ptmp/arego/RC4K1_1/8018.h5 in 18.61 seconds
2025-09-19 03:34:02,532 - INFO - Processing /viper/ptmp/arego/RC4K1/13152.h5
2025-09-19 03:34:03,614 - INFO - File 14903: Filtered 26909953 hits and 9 records
2025-09-19 03:34:03,617 - INFO - Completed /viper/ptmp/arego/RC4K1_1/14527.h5 in 20.88 seconds
2025-09-19 03:34:03,618 - INFO - Processing /viper/ptmp/arego/RC4K1/2059.h5
2025-09-19 03:34:03,867 - INFO - Completed /viper/ptmp/arego/RC4K1_1/3919.h5 in 20.19 seconds
2025-09-19 03:34:04,036 - INFO - File 12264: Filtered 22409810 hits and 9 records
2025-09-19 03:34:04,592 - INFO - Processing /viper/ptmp/arego/RC4K1/20498.h5
2025-09-19 03:34:04,669 - INFO - Processing /viper/ptmp/arego/RC4K1/5447.h5
2025-09-19 03:34:04,710 - INFO - File 1593: Filtered 17719529 hits and 5 records
2025-09-19 03:34:04,831 - INFO - File 17043: Filtered 33251295 hits and 7 records
2025-09-19 03:34:04,932 - INFO - File 10513: Filtered 16552804 hits and 7 records
2025-09-19 03:34:05,513 - INFO - Processing /viper/ptmp/arego/RC4K1/19971.h5
2025-09-19 03:34:05,843 - INFO - File 21964: Filtered 27368020 hits and 9 records
2025-09-19 03:34:05,910 - INFO - Completed /viper/ptmp/arego/RC4K1_1/13973.h5 in 24.09 seconds
2025-09-19 03:34:07,078 - INFO - Processing /viper/ptmp/arego/RC4K1/20570.h5
2025-09-19 03:34:08,531 - INFO - File 20834: Filtered 21463042 hits and 9 records
2025-09-19 03:34:08,621 - INFO - Completed /viper/ptmp/arego/RC4K1_1/17043.h5 in 16.51 seconds
2025-09-19 03:34:09,016 - INFO - Processing /viper/ptmp/arego/RC4K1/16522.h5
2025-09-19 03:34:09,716 - INFO - Completed /viper/ptmp/arego/RC4K1_1/19843.h5 in 20.60 seconds
2025-09-19 03:34:09,741 - INFO - Completed /viper/ptmp/arego/RC4K1_1/15978.h5 in 24.29 seconds
2025-09-19 03:34:10,445 - INFO - Completed /viper/ptmp/arego/RC4K1_1/14903.h5 in 21.22 seconds
2025-09-19 03:34:10,644 - INFO - Processing /viper/ptmp/arego/RC4K1/5101.h5
2025-09-19 03:34:11,197 - INFO - Processing /viper/ptmp/arego/RC4K1/16796.h5
2025-09-19 03:34:11,774 - INFO - Completed /viper/ptmp/arego/RC4K1_1/12264.h5 in 21.25 seconds
2025-09-19 03:34:11,961 - INFO - Completed /viper/ptmp/arego/RC4K1_1/21964.h5 in 18.95 seconds
2025-09-19 03:34:12,068 - INFO - Processing /viper/ptmp/arego/RC4K1/17077.h5
2025-09-19 03:34:13,146 - INFO - Processing /viper/ptmp/arego/RC4K1/19604.h5
2025-09-19 03:34:14,024 - INFO - Processing /viper/ptmp/arego/RC4K1/10435.h5
2025-09-19 03:34:14,400 - INFO - File 20606: Filtered 23426436 hits and 8 records
2025-09-19 03:34:15,120 - INFO - File 13152: Filtered 23862393 hits and 9 records
2025-09-19 03:34:16,225 - INFO - File 2059: Filtered 27679893 hits and 10 records
2025-09-19 03:34:16,257 - INFO - File 20498: Filtered 17258257 hits and 8 records
2025-09-19 03:34:16,652 - INFO - Completed /viper/ptmp/arego/RC4K1_1/1593.h5 in 26.44 seconds
2025-09-19 03:34:16,751 - INFO - Completed /viper/ptmp/arego/RC4K1_1/20834.h5 in 20.36 seconds
2025-09-19 03:34:16,908 - INFO - File 5447: Filtered 35477357 hits and 10 records
2025-09-19 03:34:16,927 - INFO - File 19971: Filtered 22705434 hits and 6 records
2025-09-19 03:34:17,297 - INFO - Completed /viper/ptmp/arego/RC4K1_1/10513.h5 in 26.13 seconds
2025-09-19 03:34:17,852 - INFO - Processing /viper/ptmp/arego/RC4K1/5443.h5
2025-09-19 03:34:18,248 - INFO - Processing /viper/ptmp/arego/RC4K1/4104.h5
2025-09-19 03:34:18,854 - INFO - Processing /viper/ptmp/arego/RC4K1/25347.h5
2025-09-19 03:34:18,967 - INFO - File 20570: Filtered 19910785 hits and 7 records
2025-09-19 03:34:20,860 - INFO - Completed /viper/ptmp/arego/RC4K1_1/5447.h5 in 16.19 seconds
2025-09-19 03:34:21,509 - INFO - Processing /viper/ptmp/arego/RC4K1/11082.h5
2025-09-19 03:34:23,048 - INFO - Completed /viper/ptmp/arego/RC4K1_1/20606.h5 in 21.42 seconds
2025-09-19 03:34:23,067 - INFO - File 16522: Filtered 24995387 hits and 8 records
2025-09-19 03:34:23,579 - INFO - Completed /viper/ptmp/arego/RC4K1_1/2059.h5 in 19.96 seconds
2025-09-19 03:34:23,626 - INFO - Completed /viper/ptmp/arego/RC4K1_1/13152.h5 in 21.09 seconds
2025-09-19 03:34:23,723 - INFO - File 16796: Filtered 25924387 hits and 8 records
2025-09-19 03:34:23,866 - INFO - Completed /viper/ptmp/arego/RC4K1_1/19971.h5 in 18.35 seconds
2025-09-19 03:34:23,969 - INFO - Processing /viper/ptmp/arego/RC4K1/275.h5
2025-09-19 03:34:24,731 - INFO - Processing /viper/ptmp/arego/RC4K1/1072.h5
2025-09-19 03:34:24,792 - INFO - Completed /viper/ptmp/arego/RC4K1_1/20498.h5 in 20.20 seconds
2025-09-19 03:34:24,804 - INFO - File 5101: Filtered 19301863 hits and 11 records
2025-09-19 03:34:24,892 - INFO - Processing /viper/ptmp/arego/RC4K1/6793.h5
2025-09-19 03:34:25,135 - INFO - File 17077: Filtered 23933176 hits and 10 records
2025-09-19 03:34:25,825 - INFO - Processing /viper/ptmp/arego/RC4K1/10715.h5
2025-09-19 03:34:25,832 - INFO - Processing /viper/ptmp/arego/RC4K1/1979.h5
2025-09-19 03:34:27,306 - INFO - File 19604: Filtered 25923227 hits and 6 records
2025-09-19 03:34:28,157 - INFO - File 10435: Filtered 29733883 hits and 6 records
2025-09-19 03:34:31,310 - INFO - Completed /viper/ptmp/arego/RC4K1_1/16522.h5 in 22.29 seconds
2025-09-19 03:34:31,526 - INFO - Completed /viper/ptmp/arego/RC4K1_1/20570.h5 in 24.45 seconds
2025-09-19 03:34:31,952 - INFO - File 4104: Filtered 16930963 hits and 7 records
2025-09-19 03:34:32,073 - INFO - Processing /viper/ptmp/arego/RC4K1/23500.h5
2025-09-19 03:34:32,537 - INFO - Completed /viper/ptmp/arego/RC4K1_1/16796.h5 in 21.34 seconds
2025-09-19 03:34:32,743 - INFO - Processing /viper/ptmp/arego/RC4K1/17039.h5
2025-09-19 03:34:32,781 - INFO - File 5443: Filtered 10448409 hits and 6 records
2025-09-19 03:34:33,157 - INFO - File 25347: Filtered 21883265 hits and 8 records
2025-09-19 03:34:33,823 - INFO - Processing /viper/ptmp/arego/RC4K1/8212.h5
2025-09-19 03:34:34,599 - INFO - Completed /viper/ptmp/arego/RC4K1_1/10435.h5 in 20.57 seconds
2025-09-19 03:34:34,978 - ERROR - Error processing /viper/ptmp/arego/RC4K1/5101.h5: low >= high
2025-09-19 03:34:35,162 - INFO - Completed /viper/ptmp/arego/RC4K1_1/19604.h5 in 22.02 seconds
2025-09-19 03:34:35,172 - ERROR - Error processing /viper/ptmp/arego/RC4K1/17077.h5: low >= high
2025-09-19 03:34:35,562 - INFO - File 11082: Filtered 24272504 hits and 10 records
2025-09-19 03:34:36,470 - INFO - Processing /viper/ptmp/arego/RC4K1/15203.h5
2025-09-19 03:34:36,479 - INFO - Processing /viper/ptmp/arego/RC4K1/29567.h5
2025-09-19 03:34:36,537 - INFO - Processing /viper/ptmp/arego/RC4K1/23931.h5
2025-09-19 03:34:37,104 - INFO - File 6793: Filtered 17256886 hits and 5 records
2025-09-19 03:34:37,554 - INFO - Processing /viper/ptmp/arego/RC4K1/21450.h5
2025-09-19 03:34:38,333 - INFO - File 275: Filtered 25110073 hits and 8 records
2025-09-19 03:34:38,636 - INFO - File 1979: Filtered 13396431 hits and 7 records
2025-09-19 03:34:38,717 - INFO - File 1072: Filtered 22971582 hits and 8 records
2025-09-19 03:34:39,443 - INFO - File 10715: Filtered 15239797 hits and 6 records
2025-09-19 03:34:43,231 - INFO - Completed /viper/ptmp/arego/RC4K1_1/11082.h5 in 21.72 seconds
2025-09-19 03:34:43,255 - INFO - Completed /viper/ptmp/arego/RC4K1_1/4104.h5 in 25.01 seconds
2025-09-19 03:34:44,384 - INFO - Processing /viper/ptmp/arego/RC4K1/6098.h5
2025-09-19 03:34:45,312 - INFO - File 23500: Filtered 18925128 hits and 6 records
2025-09-19 03:34:45,351 - INFO - Completed /viper/ptmp/arego/RC4K1_1/25347.h5 in 26.50 seconds
2025-09-19 03:34:45,750 - INFO - Processing /viper/ptmp/arego/RC4K1/29623.h5
2025-09-19 03:34:45,814 - INFO - File 17039: Filtered 16931665 hits and 8 records
2025-09-19 03:34:46,784 - INFO - Processing /viper/ptmp/arego/RC4K1/25084.h5
2025-09-19 03:34:47,053 - INFO - Completed /viper/ptmp/arego/RC4K1_1/6793.h5 in 22.16 seconds
2025-09-19 03:34:47,242 - INFO - File 8212: Filtered 22053521 hits and 9 records
2025-09-19 03:34:47,557 - INFO - Completed /viper/ptmp/arego/RC4K1_1/275.h5 in 23.59 seconds
2025-09-19 03:34:47,561 - INFO - Completed /viper/ptmp/arego/RC4K1_1/1072.h5 in 22.83 seconds
2025-09-19 03:34:48,159 - INFO - Processing /viper/ptmp/arego/RC4K1/21966.h5
2025-09-19 03:34:48,813 - INFO - File 15203: Filtered 31662171 hits and 8 records
2025-09-19 03:34:48,922 - INFO - Processing /viper/ptmp/arego/RC4K1/5251.h5
2025-09-19 03:34:49,808 - INFO - Completed /viper/ptmp/arego/RC4K1_1/1979.h5 in 23.98 seconds
2025-09-19 03:34:49,830 - INFO - Completed /viper/ptmp/arego/RC4K1_1/5443.h5 in 31.98 seconds
2025-09-19 03:34:50,773 - INFO - Processing /viper/ptmp/arego/RC4K1/3352.h5
2025-09-19 03:34:51,174 - INFO - Completed /viper/ptmp/arego/RC4K1_1/10715.h5 in 25.35 seconds
2025-09-19 03:34:51,547 - INFO - Processing /viper/ptmp/arego/RC4K1/11.h5
2025-09-19 03:34:52,105 - INFO - Processing /viper/ptmp/arego/RC4K1/3427.h5
2025-09-19 03:34:52,119 - INFO - File 23931: Filtered 13946616 hits and 9 records
2025-09-19 03:34:52,170 - INFO - File 29567: Filtered 22999594 hits and 8 records
2025-09-19 03:34:52,298 - INFO - File 21450: Filtered 29186911 hits and 8 records
2025-09-19 03:34:52,429 - INFO - Processing /viper/ptmp/arego/RC4K1/16250.h5
2025-09-19 03:34:55,689 - INFO - Completed /viper/ptmp/arego/RC4K1_1/15203.h5 in 19.22 seconds
2025-09-19 03:34:57,218 - INFO - Processing /viper/ptmp/arego/RC4K1/8664.h5
2025-09-19 03:34:57,718 - INFO - Completed /viper/ptmp/arego/RC4K1_1/23500.h5 in 25.65 seconds
2025-09-19 03:34:59,122 - INFO - Processing /viper/ptmp/arego/RC4K1/3959.h5
2025-09-19 03:35:00,043 - INFO - File 25084: Filtered 23362214 hits and 10 records
2025-09-19 03:35:00,075 - INFO - File 6098: Filtered 17604126 hits and 9 records
2025-09-19 03:35:00,241 - INFO - Completed /viper/ptmp/arego/RC4K1_1/17039.h5 in 27.50 seconds
2025-09-19 03:35:00,350 - INFO - Completed /viper/ptmp/arego/RC4K1_1/21450.h5 in 22.80 seconds
2025-09-19 03:35:00,465 - INFO - Completed /viper/ptmp/arego/RC4K1_1/8212.h5 in 26.64 seconds
2025-09-19 03:35:00,994 - INFO - File 29623: Filtered 24361649 hits and 12 records
2025-09-19 03:35:01,058 - INFO - File 21966: Filtered 17956010 hits and 7 records
2025-09-19 03:35:01,327 - INFO - Processing /viper/ptmp/arego/RC4K1/2861.h5
2025-09-19 03:35:02,054 - INFO - Processing /viper/ptmp/arego/RC4K1/19334.h5
2025-09-19 03:35:03,000 - INFO - Processing /viper/ptmp/arego/RC4K1/13610.h5
2025-09-19 03:35:03,877 - INFO - File 5251: Filtered 20032239 hits and 5 records
2025-09-19 03:35:03,974 - INFO - Completed /viper/ptmp/arego/RC4K1_1/29567.h5 in 27.50 seconds
2025-09-19 03:35:04,282 - INFO - File 3352: Filtered 24399530 hits and 10 records
2025-09-19 03:35:04,318 - INFO - File 11: Filtered 25805119 hits and 8 records
2025-09-19 03:35:05,239 - INFO - Processing /viper/ptmp/arego/RC4K1/5705.h5
2025-09-19 03:35:05,410 - INFO - File 3427: Filtered 23797068 hits and 8 records
2025-09-19 03:35:05,551 - INFO - Completed /viper/ptmp/arego/RC4K1_1/23931.h5 in 29.01 seconds
2025-09-19 03:35:06,626 - INFO - Processing /viper/ptmp/arego/RC4K1/4271.h5
2025-09-19 03:35:06,927 - INFO - File 16250: Filtered 19861912 hits and 6 records
2025-09-19 03:35:10,020 - ERROR - Error processing /viper/ptmp/arego/RC4K1/29623.h5: low >= high
2025-09-19 03:35:11,328 - INFO - Completed /viper/ptmp/arego/RC4K1_1/11.h5 in 19.78 seconds
2025-09-19 03:35:11,508 - INFO - Processing /viper/ptmp/arego/RC4K1/4573.h5
2025-09-19 03:35:11,522 - INFO - Completed /viper/ptmp/arego/RC4K1_1/21966.h5 in 23.36 seconds
2025-09-19 03:35:11,723 - INFO - Completed /viper/ptmp/arego/RC4K1_1/25084.h5 in 24.94 seconds
2025-09-19 03:35:11,902 - INFO - File 8664: Filtered 27595987 hits and 4 records
2025-09-19 03:35:11,935 - INFO - Processing /viper/ptmp/arego/RC4K1/23471.h5
2025-09-19 03:35:12,586 - INFO - Completed /viper/ptmp/arego/RC4K1_1/6098.h5 in 28.20 seconds
2025-09-19 03:35:13,118 - INFO - File 3959: Filtered 19574131 hits and 7 records
2025-09-19 03:35:13,152 - INFO - Processing /viper/ptmp/arego/RC4K1/7664.h5
2025-09-19 03:35:13,678 - INFO - Completed /viper/ptmp/arego/RC4K1_1/5251.h5 in 24.76 seconds
2025-09-19 03:35:14,033 - INFO - Processing /viper/ptmp/arego/RC4K1/20030.h5
2025-09-19 03:35:14,216 - INFO - Processing /viper/ptmp/arego/RC4K1/473.h5
2025-09-19 03:35:14,973 - INFO - File 2861: Filtered 30154170 hits and 5 records
2025-09-19 03:35:15,860 - INFO - Processing /viper/ptmp/arego/RC4K1/6062.h5
2025-09-19 03:35:16,076 - INFO - Completed /viper/ptmp/arego/RC4K1_1/3352.h5 in 25.30 seconds
2025-09-19 03:35:17,195 - INFO - File 19334: Filtered 27390604 hits and 9 records
2025-09-19 03:35:17,272 - INFO - Processing /viper/ptmp/arego/RC4K1/25183.h5
2025-09-19 03:35:17,857 - INFO - File 13610: Filtered 21743238 hits and 9 records
2025-09-19 03:35:18,047 - INFO - Completed /viper/ptmp/arego/RC4K1_1/3427.h5 in 25.94 seconds
2025-09-19 03:35:18,105 - INFO - Completed /viper/ptmp/arego/RC4K1_1/16250.h5 in 25.68 seconds
2025-09-19 03:35:19,258 - INFO - File 5705: Filtered 46319822 hits and 8 records
2025-09-19 03:35:19,392 - INFO - Processing /viper/ptmp/arego/RC4K1/13828.h5
2025-09-19 03:35:19,607 - INFO - Processing /viper/ptmp/arego/RC4K1/10364.h5
2025-09-19 03:35:21,239 - INFO - Completed /viper/ptmp/arego/RC4K1_1/5705.h5 in 16.00 seconds
2025-09-19 03:35:21,243 - INFO - File 4271: Filtered 31155897 hits and 10 records
2025-09-19 03:35:21,670 - INFO - Processing /viper/ptmp/arego/RC4K1/1119.h5
2025-09-19 03:35:23,149 - INFO - Completed /viper/ptmp/arego/RC4K1_1/2861.h5 in 21.82 seconds
2025-09-19 03:35:23,777 - INFO - Completed /viper/ptmp/arego/RC4K1_1/8664.h5 in 26.56 seconds
2025-09-19 03:35:24,255 - INFO - Processing /viper/ptmp/arego/RC4K1/6005.h5
2025-09-19 03:35:24,919 - INFO - Processing /viper/ptmp/arego/RC4K1/5415.h5
2025-09-19 03:35:25,916 - INFO - Completed /viper/ptmp/arego/RC4K1_1/3959.h5 in 26.79 seconds
2025-09-19 03:35:26,096 - INFO - File 23471: Filtered 15851386 hits and 8 records
2025-09-19 03:35:26,170 - INFO - File 7664: Filtered 29928264 hits and 7 records
2025-09-19 03:35:26,229 - INFO - File 4573: Filtered 30222944 hits and 9 records
2025-09-19 03:35:26,970 - INFO - Completed /viper/ptmp/arego/RC4K1_1/19334.h5 in 24.92 seconds
2025-09-19 03:35:27,578 - INFO - Processing /viper/ptmp/arego/RC4K1/28427.h5
2025-09-19 03:35:28,049 - INFO - Processing /viper/ptmp/arego/RC4K1/17558.h5
2025-09-19 03:35:29,682 - INFO - File 473: Filtered 19100362 hits and 6 records
2025-09-19 03:35:29,754 - INFO - Completed /viper/ptmp/arego/RC4K1_1/4271.h5 in 23.13 seconds
2025-09-19 03:35:30,928 - INFO - Processing /viper/ptmp/arego/RC4K1/20659.h5
2025-09-19 03:35:31,591 - INFO - File 20030: Filtered 16373511 hits and 7 records
2025-09-19 03:35:32,282 - INFO - Completed /viper/ptmp/arego/RC4K1_1/13610.h5 in 29.28 seconds
2025-09-19 03:35:32,543 - INFO - File 6062: Filtered 49102019 hits and 12 records
2025-09-19 03:35:32,727 - INFO - File 25183: Filtered 13360420 hits and 6 records
2025-09-19 03:35:33,047 - INFO - Completed /viper/ptmp/arego/RC4K1_1/7664.h5 in 19.89 seconds
2025-09-19 03:35:33,630 - INFO - Processing /viper/ptmp/arego/RC4K1/20430.h5
2025-09-19 03:35:34,877 - INFO - Processing /viper/ptmp/arego/RC4K1/25268.h5
2025-09-19 03:35:35,770 - INFO - Completed /viper/ptmp/arego/RC4K1_1/6062.h5 in 19.91 seconds
2025-09-19 03:35:35,825 - INFO - Completed /viper/ptmp/arego/RC4K1_1/4573.h5 in 24.32 seconds
2025-09-19 03:35:35,872 - INFO - File 10364: Filtered 20460600 hits and 7 records
2025-09-19 03:35:36,387 - INFO - Processing /viper/ptmp/arego/RC4K1/2881.h5
2025-09-19 03:35:37,580 - INFO - File 13828: Filtered 26639094 hits and 9 records
2025-09-19 03:35:37,971 - INFO - Processing /viper/ptmp/arego/RC4K1/17811.h5
2025-09-19 03:35:38,164 - INFO - Completed /viper/ptmp/arego/RC4K1_1/23471.h5 in 26.23 seconds
2025-09-19 03:35:39,864 - INFO - File 1119: Filtered 39390510 hits and 8 records
2025-09-19 03:35:40,349 - INFO - Processing /viper/ptmp/arego/RC4K1/5199.h5
2025-09-19 03:35:41,007 - INFO - File 5415: Filtered 32140869 hits and 9 records
2025-09-19 03:35:43,097 - INFO - File 17558: Filtered 27272588 hits and 9 records
2025-09-19 03:35:43,558 - INFO - File 6005: Filtered 39872072 hits and 8 records
2025-09-19 03:35:44,976 - INFO - File 28427: Filtered 54171403 hits and 8 records
2025-09-19 03:35:46,400 - INFO - Completed /viper/ptmp/arego/RC4K1_1/28427.h5 in 18.82 seconds
2025-09-19 03:35:46,771 - INFO - Processing /viper/ptmp/arego/RC4K1/16877.h5
2025-09-19 03:35:47,296 - INFO - Completed /viper/ptmp/arego/RC4K1_1/473.h5 in 33.08 seconds
2025-09-19 03:35:47,319 - INFO - File 20430: Filtered 22600620 hits and 9 records
2025-09-19 03:35:47,445 - INFO - Completed /viper/ptmp/arego/RC4K1_1/1119.h5 in 25.77 seconds
2025-09-19 03:35:47,772 - INFO - File 20659: Filtered 27585700 hits and 9 records
2025-09-19 03:35:48,407 - INFO - Completed /viper/ptmp/arego/RC4K1_1/20030.h5 in 34.37 seconds
2025-09-19 03:35:48,481 - INFO - Processing /viper/ptmp/arego/RC4K1/26637.h5
2025-09-19 03:35:49,286 - INFO - Processing /viper/ptmp/arego/RC4K1/24459.h5
2025-09-19 03:35:49,722 - INFO - Completed /viper/ptmp/arego/RC4K1_1/6005.h5 in 25.47 seconds
2025-09-19 03:35:49,929 - INFO - Completed /viper/ptmp/arego/RC4K1_1/13828.h5 in 30.54 seconds
2025-09-19 03:35:49,975 - INFO - File 25268: Filtered 29732913 hits and 9 records
2025-09-19 03:35:50,341 - INFO - Processing /viper/ptmp/arego/RC4K1/11209.h5
2025-09-19 03:35:51,085 - INFO - Completed /viper/ptmp/arego/RC4K1_1/5415.h5 in 26.17 seconds
2025-09-19 03:35:51,373 - INFO - Processing /viper/ptmp/arego/RC4K1/16976.h5
2025-09-19 03:35:52,236 - INFO - Processing /viper/ptmp/arego/RC4K1/2539.h5
2025-09-19 03:35:52,247 - INFO - Processing /viper/ptmp/arego/RC4K1/13631.h5
2025-09-19 03:35:52,325 - INFO - Completed /viper/ptmp/arego/RC4K1_1/10364.h5 in 32.72 seconds
2025-09-19 03:35:52,659 - INFO - File 2881: Filtered 34485779 hits and 9 records
2025-09-19 03:35:53,294 - INFO - Completed /viper/ptmp/arego/RC4K1_1/25183.h5 in 36.02 seconds
2025-09-19 03:35:53,694 - INFO - Processing /viper/ptmp/arego/RC4K1/10434.h5
2025-09-19 03:35:54,474 - INFO - File 17811: Filtered 28121556 hits and 7 records
2025-09-19 03:35:55,034 - INFO - Processing /viper/ptmp/arego/RC4K1/23865.h5
2025-09-19 03:35:55,284 - INFO - File 5199: Filtered 24247877 hits and 8 records
2025-09-19 03:35:55,712 - INFO - Completed /viper/ptmp/arego/RC4K1_1/17558.h5 in 27.66 seconds
2025-09-19 03:35:57,041 - INFO - Processing /viper/ptmp/arego/RC4K1/23357.h5
2025-09-19 03:35:58,393 - INFO - Completed /viper/ptmp/arego/RC4K1_1/20659.h5 in 27.47 seconds
2025-09-19 03:35:59,475 - INFO - Completed /viper/ptmp/arego/RC4K1_1/20430.h5 in 25.85 seconds
2025-09-19 03:36:00,051 - INFO - Processing /viper/ptmp/arego/RC4K1/15351.h5
2025-09-19 03:36:00,411 - INFO - Processing /viper/ptmp/arego/RC4K1/16697.h5
2025-09-19 03:36:00,459 - INFO - Completed /viper/ptmp/arego/RC4K1_1/2881.h5 in 24.07 seconds
2025-09-19 03:36:01,865 - INFO - Processing /viper/ptmp/arego/RC4K1/22606.h5
2025-09-19 03:36:02,528 - INFO - Completed /viper/ptmp/arego/RC4K1_1/25268.h5 in 27.65 seconds
2025-09-19 03:36:03,899 - INFO - Processing /viper/ptmp/arego/RC4K1/17238.h5
2025-09-19 03:36:04,206 - INFO - File 16877: Filtered 34545797 hits and 7 records
2025-09-19 03:36:05,611 - INFO - Completed /viper/ptmp/arego/RC4K1_1/5199.h5 in 25.26 seconds
2025-09-19 03:36:06,678 - INFO - Completed /viper/ptmp/arego/RC4K1_1/17811.h5 in 28.71 seconds
2025-09-19 03:36:06,711 - INFO - Processing /viper/ptmp/arego/RC4K1/188.h5
2025-09-19 03:36:06,733 - INFO - File 24459: Filtered 38468329 hits and 10 records
2025-09-19 03:36:07,468 - INFO - File 26637: Filtered 23053938 hits and 7 records
2025-09-19 03:36:08,534 - INFO - Processing /viper/ptmp/arego/RC4K1/18724.h5
2025-09-19 03:36:09,367 - INFO - File 11209: Filtered 36962974 hits and 9 records
2025-09-19 03:36:10,700 - INFO - File 2539: Filtered 34780570 hits and 8 records
2025-09-19 03:36:11,090 - INFO - File 13631: Filtered 41499806 hits and 11 records
2025-09-19 03:36:12,856 - INFO - File 10434: Filtered 37704485 hits and 9 records
2025-09-19 03:36:14,364 - INFO - File 23865: Filtered 27867237 hits and 10 records
2025-09-19 03:36:15,168 - INFO - Completed /viper/ptmp/arego/RC4K1_1/16877.h5 in 28.40 seconds
2025-09-19 03:36:16,461 - INFO - Processing /viper/ptmp/arego/RC4K1/18664.h5
2025-09-19 03:36:16,581 - INFO - File 16697: Filtered 16759623 hits and 5 records
2025-09-19 03:36:17,171 - INFO - File 23357: Filtered 33466157 hits and 9 records
2025-09-19 03:36:17,818 - INFO - Completed /viper/ptmp/arego/RC4K1_1/24459.h5 in 28.53 seconds
2025-09-19 03:36:18,689 - INFO - Processing /viper/ptmp/arego/RC4K1/20129.h5
2025-09-19 03:36:19,416 - INFO - Completed /viper/ptmp/arego/RC4K1_1/13631.h5 in 27.17 seconds
2025-09-19 03:36:19,452 - INFO - Completed /viper/ptmp/arego/RC4K1_1/11209.h5 in 29.11 seconds
2025-09-19 03:36:20,645 - INFO - Processing /viper/ptmp/arego/RC4K1/29547.h5
2025-09-19 03:36:21,189 - INFO - File 15351: Filtered 22934667 hits and 7 records
2025-09-19 03:36:21,750 - INFO - Processing /viper/ptmp/arego/RC4K1/14213.h5
2025-09-19 03:36:21,906 - INFO - File 22606: Filtered 28776949 hits and 9 records
2025-09-19 03:36:22,209 - INFO - Completed /viper/ptmp/arego/RC4K1_1/2539.h5 in 29.97 seconds
2025-09-19 03:36:22,277 - INFO - File 17238: Filtered 17973217 hits and 8 records
2025-09-19 03:36:23,269 - INFO - Processing /viper/ptmp/arego/RC4K1/2562.h5
2025-09-19 03:36:23,324 - INFO - Completed /viper/ptmp/arego/RC4K1_1/10434.h5 in 29.63 seconds
2025-09-19 03:36:23,822 - INFO - File 16976: Filtered 1137249 hits and 4 records
2025-09-19 03:36:24,174 - INFO - Processing /viper/ptmp/arego/RC4K1/29471.h5
2025-09-19 03:36:24,329 - INFO - Completed /viper/ptmp/arego/RC4K1_1/26637.h5 in 35.85 seconds
2025-09-19 03:36:24,628 - INFO - File 188: Filtered 1750114 hits and 6 records
2025-09-19 03:36:26,128 - INFO - Processing /viper/ptmp/arego/RC4K1/23226.h5
2025-09-19 03:36:27,215 - INFO - File 18724: Filtered 18837664 hits and 6 records
2025-09-19 03:36:30,191 - INFO - Completed /viper/ptmp/arego/RC4K1_1/23357.h5 in 33.15 seconds
2025-09-19 03:36:30,792 - INFO - Completed /viper/ptmp/arego/RC4K1_1/23865.h5 in 35.76 seconds
2025-09-19 03:36:31,564 - INFO - Processing /viper/ptmp/arego/RC4K1/16031.h5
2025-09-19 03:36:32,221 - INFO - Completed /viper/ptmp/arego/RC4K1_1/16697.h5 in 31.81 seconds
2025-09-19 03:36:32,533 - INFO - Processing /viper/ptmp/arego/RC4K1/5322.h5
2025-09-19 03:36:33,484 - INFO - Processing /viper/ptmp/arego/RC4K1/5802.h5
2025-09-19 03:36:34,156 - INFO - Completed /viper/ptmp/arego/RC4K1_1/22606.h5 in 32.29 seconds
2025-09-19 03:36:35,649 - INFO - File 18664: Filtered 28053649 hits and 8 records
2025-09-19 03:36:35,812 - INFO - Processing /viper/ptmp/arego/RC4K1/19765.h5
2025-09-19 03:36:36,468 - INFO - Completed /viper/ptmp/arego/RC4K1_1/15351.h5 in 36.42 seconds
2025-09-19 03:36:36,483 - INFO - File 20129: Filtered 39660587 hits and 8 records
2025-09-19 03:36:38,754 - INFO - Processing /viper/ptmp/arego/RC4K1/21800.h5
2025-09-19 03:36:40,840 - INFO - File 29547: Filtered 33366669 hits and 11 records
2025-09-19 03:36:41,574 - INFO - File 14213: Filtered 36859070 hits and 12 records
2025-09-19 03:36:43,196 - INFO - File 2562: Filtered 36466388 hits and 7 records
2025-09-19 03:36:44,062 - INFO - File 29471: Filtered 33149995 hits and 7 records
2025-09-19 03:36:44,183 - INFO - Completed /viper/ptmp/arego/RC4K1_1/17238.h5 in 40.28 seconds
2025-09-19 03:36:44,256 - INFO - Completed /viper/ptmp/arego/RC4K1_1/18724.h5 in 35.72 seconds
2025-09-19 03:36:44,566 - INFO - File 23226: Filtered 11848030 hits and 5 records
2025-09-19 03:36:45,427 - INFO - Completed /viper/ptmp/arego/RC4K1_1/188.h5 in 38.72 seconds
2025-09-19 03:36:45,542 - INFO - Processing /viper/ptmp/arego/RC4K1/2431.h5
2025-09-19 03:36:46,469 - INFO - Processing /viper/ptmp/arego/RC4K1/26199.h5
2025-09-19 03:36:47,375 - INFO - Processing /viper/ptmp/arego/RC4K1/16269.h5
2025-09-19 03:36:48,205 - INFO - Completed /viper/ptmp/arego/RC4K1_1/20129.h5 in 29.52 seconds
2025-09-19 03:36:48,331 - INFO - Completed /viper/ptmp/arego/RC4K1_1/18664.h5 in 31.87 seconds
2025-09-19 03:36:49,400 - INFO - Processing /viper/ptmp/arego/RC4K1/12269.h5
2025-09-19 03:36:49,753 - INFO - Completed /viper/ptmp/arego/RC4K1_1/14213.h5 in 28.00 seconds
2025-09-19 03:36:49,935 - INFO - Processing /viper/ptmp/arego/RC4K1/17729.h5
2025-09-19 03:36:50,410 - INFO - Completed /viper/ptmp/arego/RC4K1_1/29547.h5 in 29.77 seconds
2025-09-19 03:36:50,533 - INFO - File 5802: Filtered 36948568 hits and 7 records
2025-09-19 03:36:50,784 - INFO - File 16031: Filtered 38435086 hits and 11 records
2025-09-19 03:36:51,047 - INFO - Processing /viper/ptmp/arego/RC4K1/28573.h5
2025-09-19 03:36:51,774 - INFO - File 5322: Filtered 44333039 hits and 9 records
2025-09-19 03:36:51,813 - INFO - Processing /viper/ptmp/arego/RC4K1/18481.h5
2025-09-19 03:36:52,728 - INFO - File 19765: Filtered 27388189 hits and 8 records
2025-09-19 03:36:54,178 - INFO - File 21800: Filtered 25048531 hits and 7 records
2025-09-19 03:36:59,472 - INFO - Completed /viper/ptmp/arego/RC4K1_1/2562.h5 in 36.20 seconds
2025-09-19 03:37:00,178 - INFO - Completed /viper/ptmp/arego/RC4K1_1/5802.h5 in 26.69 seconds
2025-09-19 03:37:00,709 - INFO - Completed /viper/ptmp/arego/RC4K1_1/16976.h5 in 69.34 seconds
2025-09-19 03:37:00,746 - INFO - Processing /viper/ptmp/arego/RC4K1/4625.h5
2025-09-19 03:37:01,525 - INFO - File 2431: Filtered 19508842 hits and 7 records
2025-09-19 03:37:01,672 - INFO - Processing /viper/ptmp/arego/RC4K1/10031.h5
2025-09-19 03:37:02,413 - INFO - Completed /viper/ptmp/arego/RC4K1_1/5322.h5 in 29.88 seconds
2025-09-19 03:37:02,659 - INFO - Completed /viper/ptmp/arego/RC4K1_1/23226.h5 in 36.53 seconds
2025-09-19 03:37:03,073 - INFO - Completed /viper/ptmp/arego/RC4K1_1/29471.h5 in 38.90 seconds
2025-09-19 03:37:03,526 - INFO - Processing /viper/ptmp/arego/RC4K1/25281.h5
2025-09-19 03:37:04,268 - INFO - File 16269: Filtered 26921322 hits and 8 records
2025-09-19 03:37:04,495 - INFO - Completed /viper/ptmp/arego/RC4K1_1/19765.h5 in 28.68 seconds
2025-09-19 03:37:04,676 - INFO - Completed /viper/ptmp/arego/RC4K1_1/16031.h5 in 33.11 seconds
2025-09-19 03:37:04,811 - INFO - File 26199: Filtered 39946836 hits and 11 records
2025-09-19 03:37:05,642 - INFO - Processing /viper/ptmp/arego/RC4K1/18019.h5
2025-09-19 03:37:06,223 - INFO - Processing /viper/ptmp/arego/RC4K1/7415.h5
2025-09-19 03:37:06,807 - INFO - Processing /viper/ptmp/arego/RC4K1/4941.h5
2025-09-19 03:37:07,028 - INFO - Processing /viper/ptmp/arego/RC4K1/11157.h5
2025-09-19 03:37:07,445 - INFO - Completed /viper/ptmp/arego/RC4K1_1/21800.h5 in 28.69 seconds
2025-09-19 03:37:08,005 - INFO - Processing /viper/ptmp/arego/RC4K1/1864.h5
2025-09-19 03:37:08,574 - INFO - File 12269: Filtered 32818428 hits and 8 records
2025-09-19 03:37:08,970 - INFO - File 17729: Filtered 19770077 hits and 7 records
2025-09-19 03:37:09,228 - INFO - Processing /viper/ptmp/arego/RC4K1/9476.h5
2025-09-19 03:37:10,938 - INFO - File 28573: Filtered 17058515 hits and 5 records
2025-09-19 03:37:11,690 - INFO - File 18481: Filtered 19054286 hits and 5 records
2025-09-19 03:37:16,264 - INFO - File 10031: Filtered 32466412 hits and 7 records
2025-09-19 03:37:18,834 - INFO - Completed /viper/ptmp/arego/RC4K1_1/16269.h5 in 31.46 seconds
2025-09-19 03:37:19,109 - ERROR - Error processing /viper/ptmp/arego/RC4K1/26199.h5: low >= high
2025-09-19 03:37:19,335 - INFO - Completed /viper/ptmp/arego/RC4K1_1/2431.h5 in 33.79 seconds
2025-09-19 03:37:20,663 - INFO - Processing /viper/ptmp/arego/RC4K1/2851.h5
2025-09-19 03:37:21,029 - INFO - Processing /viper/ptmp/arego/RC4K1/7629.h5
2025-09-19 03:37:21,872 - INFO - Processing /viper/ptmp/arego/RC4K1/14328.h5
2025-09-19 03:37:24,001 - INFO - Completed /viper/ptmp/arego/RC4K1_1/17729.h5 in 34.07 seconds
2025-09-19 03:37:24,477 - INFO - File 4625: Filtered 23704216 hits and 5 records
2025-09-19 03:37:25,449 - INFO - Processing /viper/ptmp/arego/RC4K1/21416.h5
2025-09-19 03:37:26,639 - INFO - File 25281: Filtered 41237240 hits and 7 records
2025-09-19 03:37:27,440 - INFO - Completed /viper/ptmp/arego/RC4K1_1/28573.h5 in 36.39 seconds
2025-09-19 03:37:27,829 - INFO - Completed /viper/ptmp/arego/RC4K1_1/12269.h5 in 38.43 seconds
2025-09-19 03:37:28,011 - INFO - Completed /viper/ptmp/arego/RC4K1_1/18481.h5 in 36.20 seconds
2025-09-19 03:37:28,162 - INFO - File 4941: Filtered 39522205 hits and 7 records
2025-09-19 03:37:28,248 - INFO - File 18019: Filtered 13077136 hits and 6 records
2025-09-19 03:37:28,626 - INFO - Completed /viper/ptmp/arego/RC4K1_1/10031.h5 in 26.95 seconds
2025-09-19 03:37:29,135 - INFO - File 11157: Filtered 59707210 hits and 8 records
2025-09-19 03:37:29,196 - INFO - File 7415: Filtered 30263790 hits and 7 records
2025-09-19 03:37:29,644 - INFO - Processing /viper/ptmp/arego/RC4K1/19584.h5
2025-09-19 03:37:29,695 - INFO - File 1864: Filtered 40201705 hits and 10 records
2025-09-19 03:37:30,152 - INFO - Processing /viper/ptmp/arego/RC4K1/25149.h5
2025-09-19 03:37:30,538 - INFO - Processing /viper/ptmp/arego/RC4K1/21603.h5
2025-09-19 03:37:31,104 - INFO - Processing /viper/ptmp/arego/RC4K1/24188.h5
2025-09-19 03:37:31,151 - INFO - File 9476: Filtered 50147764 hits and 9 records
2025-09-19 03:37:36,262 - INFO - Completed /viper/ptmp/arego/RC4K1_1/11157.h5 in 29.23 seconds
2025-09-19 03:37:37,020 - INFO - Processing /viper/ptmp/arego/RC4K1/215.h5
2025-09-19 03:37:38,931 - INFO - Completed /viper/ptmp/arego/RC4K1_1/9476.h5 in 29.70 seconds
2025-09-19 03:37:39,255 - INFO - Completed /viper/ptmp/arego/RC4K1_1/4941.h5 in 32.45 seconds
2025-09-19 03:37:39,825 - INFO - File 2851: Filtered 31447153 hits and 9 records
2025-09-19 03:37:40,028 - INFO - Processing /viper/ptmp/arego/RC4K1/12369.h5
2025-09-19 03:37:40,039 - INFO - Completed /viper/ptmp/arego/RC4K1_1/1864.h5 in 32.03 seconds
2025-09-19 03:37:40,868 - INFO - File 14328: Filtered 26402259 hits and 7 records
2025-09-19 03:37:41,361 - INFO - Processing /viper/ptmp/arego/RC4K1/20972.h5
2025-09-19 03:37:42,366 - INFO - Processing /viper/ptmp/arego/RC4K1/22982.h5
2025-09-19 03:37:42,448 - INFO - Completed /viper/ptmp/arego/RC4K1_1/25281.h5 in 38.92 seconds
2025-09-19 03:37:43,929 - INFO - Processing /viper/ptmp/arego/RC4K1/15125.h5
2025-09-19 03:37:44,257 - INFO - File 7629: Filtered 23148396 hits and 7 records
2025-09-19 03:37:46,964 - INFO - File 21416: Filtered 37454648 hits and 8 records
2025-09-19 03:37:48,396 - INFO - Completed /viper/ptmp/arego/RC4K1_1/4625.h5 in 47.65 seconds
2025-09-19 03:37:48,935 - INFO - Completed /viper/ptmp/arego/RC4K1_1/18019.h5 in 43.29 seconds
2025-09-19 03:37:50,288 - INFO - Completed /viper/ptmp/arego/RC4K1_1/7415.h5 in 44.07 seconds
2025-09-19 03:37:50,908 - INFO - File 19584: Filtered 54616340 hits and 12 records
2025-09-19 03:37:50,966 - INFO - Processing /viper/ptmp/arego/RC4K1/29501.h5
2025-09-19 03:37:51,015 - INFO - Processing /viper/ptmp/arego/RC4K1/8342.h5
2025-09-19 03:37:52,108 - INFO - File 21603: Filtered 54273047 hits and 10 records
2025-09-19 03:37:52,285 - INFO - File 24188: Filtered 49565560 hits and 11 records
2025-09-19 03:37:52,544 - INFO - Processing /viper/ptmp/arego/RC4K1/19542.h5
2025-09-19 03:37:54,308 - INFO - File 25149: Filtered 23773976 hits and 6 records
2025-09-19 03:37:56,220 - INFO - Completed /viper/ptmp/arego/RC4K1_1/2851.h5 in 35.56 seconds
2025-09-19 03:37:57,477 - INFO - Processing /viper/ptmp/arego/RC4K1/10440.h5
2025-09-19 03:37:58,642 - INFO - Completed /viper/ptmp/arego/RC4K1_1/19584.h5 in 29.00 seconds
2025-09-19 03:37:59,413 - INFO - Completed /viper/ptmp/arego/RC4K1_1/14328.h5 in 37.54 seconds
2025-09-19 03:37:59,798 - INFO - Processing /viper/ptmp/arego/RC4K1/28422.h5
2025-09-19 03:38:00,168 - INFO - File 215: Filtered 49340880 hits and 9 records
2025-09-19 03:38:00,587 - INFO - Completed /viper/ptmp/arego/RC4K1_1/21416.h5 in 35.14 seconds
2025-09-19 03:38:00,783 - INFO - Completed /viper/ptmp/arego/RC4K1_1/21603.h5 in 30.24 seconds
2025-09-19 03:38:00,784 - INFO - Completed /viper/ptmp/arego/RC4K1_1/24188.h5 in 29.68 seconds
2025-09-19 03:38:01,481 - INFO - Processing /viper/ptmp/arego/RC4K1/11960.h5
2025-09-19 03:38:01,717 - INFO - Processing /viper/ptmp/arego/RC4K1/23151.h5
2025-09-19 03:38:02,433 - INFO - Processing /viper/ptmp/arego/RC4K1/7303.h5
2025-09-19 03:38:02,920 - INFO - File 12369: Filtered 42039022 hits and 8 records
2025-09-19 03:38:03,457 - INFO - Processing /viper/ptmp/arego/RC4K1/1442.h5
2025-09-19 03:38:04,559 - INFO - File 20972: Filtered 28641872 hits and 5 records
2025-09-19 03:38:05,421 - INFO - File 15125: Filtered 42805566 hits and 9 records
2025-09-19 03:38:06,040 - INFO - File 22982: Filtered 29292773 hits and 8 records
2025-09-19 03:38:10,166 - INFO - Completed /viper/ptmp/arego/RC4K1_1/7629.h5 in 49.14 seconds
2025-09-19 03:38:12,767 - INFO - File 29501: Filtered 41608172 hits and 9 records
2025-09-19 03:38:13,884 - INFO - Processing /viper/ptmp/arego/RC4K1/29189.h5
2025-09-19 03:38:14,925 - INFO - Completed /viper/ptmp/arego/RC4K1_1/215.h5 in 37.90 seconds
2025-09-19 03:38:16,188 - INFO - Processing /viper/ptmp/arego/RC4K1/23058.h5
2025-09-19 03:38:16,725 - INFO - Completed /viper/ptmp/arego/RC4K1_1/12369.h5 in 36.70 seconds
2025-09-19 03:38:17,307 - INFO - File 8342: Filtered 31451893 hits and 8 records
2025-09-19 03:38:17,930 - INFO - File 19542: Filtered 25708232 hits and 8 records
2025-09-19 03:38:18,804 - INFO - Processing /viper/ptmp/arego/RC4K1/10190.h5
2025-09-19 03:38:21,480 - INFO - Completed /viper/ptmp/arego/RC4K1_1/25149.h5 in 51.33 seconds
2025-09-19 03:38:21,722 - INFO - File 10440: Filtered 93415980 hits and 7 records
2025-09-19 03:38:22,597 - INFO - Completed /viper/ptmp/arego/RC4K1_1/20972.h5 in 41.24 seconds
2025-09-19 03:38:22,858 - INFO - Completed /viper/ptmp/arego/RC4K1_1/10440.h5 in 25.38 seconds
2025-09-19 03:38:23,081 - INFO - Processing /viper/ptmp/arego/RC4K1/19905.h5
2025-09-19 03:38:23,213 - INFO - Completed /viper/ptmp/arego/RC4K1_1/15125.h5 in 39.28 seconds
2025-09-19 03:38:23,288 - INFO - Completed /viper/ptmp/arego/RC4K1_1/22982.h5 in 40.92 seconds
2025-09-19 03:38:24,519 - INFO - File 23151: Filtered 36044831 hits and 7 records
2025-09-19 03:38:24,720 - INFO - Processing /viper/ptmp/arego/RC4K1/14327.h5
2025-09-19 03:38:25,635 - INFO - Processing /viper/ptmp/arego/RC4K1/13722.h5
2025-09-19 03:38:25,738 - INFO - File 28422: Filtered 27684632 hits and 8 records
2025-09-19 03:38:27,222 - INFO - File 11960: Filtered 38602338 hits and 9 records
2025-09-19 03:38:29,134 - INFO - File 1442: Filtered 48709338 hits and 8 records
2025-09-19 03:38:29,226 - INFO - File 7303: Filtered 19932132 hits and 6 records
2025-09-19 03:38:29,445 - INFO - Completed /viper/ptmp/arego/RC4K1_1/29501.h5 in 38.48 seconds
2025-09-19 03:38:31,133 - INFO - Processing /viper/ptmp/arego/RC4K1/12586.h5
2025-09-19 03:38:36,125 - INFO - File 29189: Filtered 67300703 hits and 11 records
2025-09-19 03:38:36,930 - INFO - File 23058: Filtered 31678116 hits and 5 records
2025-09-19 03:38:37,405 - INFO - Completed /viper/ptmp/arego/RC4K1_1/19542.h5 in 44.86 seconds
2025-09-19 03:38:40,212 - INFO - Completed /viper/ptmp/arego/RC4K1_1/8342.h5 in 49.20 seconds
2025-09-19 03:38:41,037 - INFO - Completed /viper/ptmp/arego/RC4K1_1/1442.h5 in 37.58 seconds
2025-09-19 03:38:41,398 - INFO - File 10190: Filtered 38921944 hits and 8 records
2025-09-19 03:38:42,073 - INFO - Completed /viper/ptmp/arego/RC4K1_1/11960.h5 in 40.59 seconds
2025-09-19 03:38:42,478 - INFO - Completed /viper/ptmp/arego/RC4K1_1/23151.h5 in 40.76 seconds
2025-09-19 03:38:42,656 - INFO - Processing /viper/ptmp/arego/RC4K1/2713.h5
2025-09-19 03:38:43,979 - INFO - Completed /viper/ptmp/arego/RC4K1_1/29189.h5 in 30.10 seconds
2025-09-19 03:38:44,009 - INFO - Completed /viper/ptmp/arego/RC4K1_1/28422.h5 in 44.21 seconds
2025-09-19 03:38:44,155 - INFO - Processing /viper/ptmp/arego/RC4K1/130.h5
2025-09-19 03:38:46,210 - INFO - Processing /viper/ptmp/arego/RC4K1/815.h5
2025-09-19 03:38:49,381 - INFO - File 14327: Filtered 32525272 hits and 9 records
2025-09-19 03:38:50,475 - INFO - File 13722: Filtered 55525145 hits and 10 records
2025-09-19 03:38:50,738 - INFO - Completed /viper/ptmp/arego/RC4K1_1/7303.h5 in 48.31 seconds
2025-09-19 03:38:53,136 - INFO - Processing /viper/ptmp/arego/RC4K1/28679.h5
2025-09-19 03:38:54,219 - INFO - Completed /viper/ptmp/arego/RC4K1_1/23058.h5 in 38.03 seconds
2025-09-19 03:38:54,786 - INFO - File 12586: Filtered 47189869 hits and 6 records
2025-09-19 03:38:55,082 - INFO - File 19905: Filtered 81248918 hits and 9 records
2025-09-19 03:38:57,554 - INFO - Completed /viper/ptmp/arego/RC4K1_1/10190.h5 in 38.75 seconds
2025-09-19 03:38:59,833 - INFO - Processing /viper/ptmp/arego/RC4K1/6265.h5
2025-09-19 03:39:00,805 - INFO - Completed /viper/ptmp/arego/RC4K1_1/13722.h5 in 35.17 seconds
2025-09-19 03:39:02,358 - INFO - Processing /viper/ptmp/arego/RC4K1/183.h5
2025-09-19 03:39:06,725 - INFO - Completed /viper/ptmp/arego/RC4K1_1/14327.h5 in 42.01 seconds
2025-09-19 03:39:08,587 - INFO - Processing /viper/ptmp/arego/RC4K1/10673.h5
2025-09-19 03:39:08,793 - INFO - File 2713: Filtered 59906353 hits and 10 records
2025-09-19 03:39:09,894 - INFO - Completed /viper/ptmp/arego/RC4K1_1/19905.h5 in 46.81 seconds
2025-09-19 03:39:10,448 - INFO - Completed /viper/ptmp/arego/RC4K1_1/12586.h5 in 39.31 seconds
2025-09-19 03:39:10,710 - INFO - File 130: Filtered 32845675 hits and 6 records
2025-09-19 03:39:12,580 - INFO - File 815: Filtered 37284056 hits and 9 records
2025-09-19 03:39:12,657 - INFO - Processing /viper/ptmp/arego/RC4K1/25570.h5
2025-09-19 03:39:20,095 - INFO - Completed /viper/ptmp/arego/RC4K1_1/2713.h5 in 37.44 seconds
2025-09-19 03:39:21,314 - INFO - File 28679: Filtered 98089351 hits and 5 records
2025-09-19 03:39:21,630 - INFO - Processing /viper/ptmp/arego/RC4K1/18546.h5
2025-09-19 03:39:22,608 - INFO - Completed /viper/ptmp/arego/RC4K1_1/28679.h5 in 29.47 seconds
2025-09-19 03:39:22,916 - INFO - Processing /viper/ptmp/arego/RC4K1/6470.h5
2025-09-19 03:39:26,838 - INFO - File 6265: Filtered 58763136 hits and 11 records
2025-09-19 03:39:31,801 - INFO - Completed /viper/ptmp/arego/RC4K1_1/130.h5 in 47.65 seconds
2025-09-19 03:39:31,936 - INFO - File 183: Filtered 38417536 hits and 8 records
2025-09-19 03:39:32,616 - INFO - Completed /viper/ptmp/arego/RC4K1_1/815.h5 in 46.41 seconds
2025-09-19 03:39:34,312 - INFO - Processing /viper/ptmp/arego/RC4K1/16817.h5
2025-09-19 03:39:35,528 - INFO - Processing /viper/ptmp/arego/RC4K1/8485.h5
2025-09-19 03:39:37,761 - INFO - File 10673: Filtered 60457459 hits and 9 records
2025-09-19 03:39:40,879 - INFO - Completed /viper/ptmp/arego/RC4K1_1/6265.h5 in 41.05 seconds
2025-09-19 03:39:43,003 - INFO - Processing /viper/ptmp/arego/RC4K1/3837.h5
2025-09-19 03:39:43,358 - INFO - File 25570: Filtered 52686465 hits and 10 records
2025-09-19 03:39:53,600 - INFO - Completed /viper/ptmp/arego/RC4K1_1/10673.h5 in 45.01 seconds
2025-09-19 03:39:54,155 - INFO - Completed /viper/ptmp/arego/RC4K1_1/183.h5 in 51.80 seconds
2025-09-19 03:39:54,960 - INFO - File 18546: Filtered 29268006 hits and 5 records
2025-09-19 03:39:55,851 - INFO - Processing /viper/ptmp/arego/RC4K1/15849.h5
2025-09-19 03:39:56,221 - INFO - File 6470: Filtered 53305909 hits and 5 records
2025-09-19 03:39:57,157 - INFO - Processing /viper/ptmp/arego/RC4K1/28568.h5
2025-09-19 03:40:02,208 - INFO - Completed /viper/ptmp/arego/RC4K1_1/25570.h5 in 49.55 seconds
2025-09-19 03:40:04,426 - INFO - Processing /viper/ptmp/arego/RC4K1/3898.h5
2025-09-19 03:40:09,363 - INFO - File 16817: Filtered 60989242 hits and 9 records
2025-09-19 03:40:10,260 - INFO - File 8485: Filtered 54842545 hits and 7 records
2025-09-19 03:40:15,916 - INFO - File 3837: Filtered 67042270 hits and 11 records
2025-09-19 03:40:19,138 - INFO - Completed /viper/ptmp/arego/RC4K1_1/6470.h5 in 56.22 seconds
2025-09-19 03:40:25,381 - INFO - Completed /viper/ptmp/arego/RC4K1_1/18546.h5 in 63.75 seconds
2025-09-19 03:40:26,650 - INFO - Completed /viper/ptmp/arego/RC4K1_1/16817.h5 in 52.34 seconds
2025-09-19 03:40:31,234 - INFO - File 15849: Filtered 71168948 hits and 9 records
2025-09-19 03:40:31,235 - INFO - Completed /viper/ptmp/arego/RC4K1_1/8485.h5 in 55.71 seconds
2025-09-19 03:40:32,989 - INFO - Completed /viper/ptmp/arego/RC4K1_1/3837.h5 in 49.99 seconds
2025-09-19 03:40:33,567 - INFO - File 28568: Filtered 59386405 hits and 8 records
2025-09-19 03:40:37,670 - INFO - File 3898: Filtered 76911465 hits and 8 records
2025-09-19 03:40:45,438 - INFO - Completed /viper/ptmp/arego/RC4K1_1/15849.h5 in 49.59 seconds
2025-09-19 03:40:51,818 - INFO - Completed /viper/ptmp/arego/RC4K1_1/28568.h5 in 54.66 seconds
2025-09-19 03:40:53,866 - ERROR - Error processing /viper/ptmp/arego/RC4K1/3898.h5: low >= high
