2025-09-19 02:26:59,915 - INFO - Loaded skip configuration: 0 files to skip entirely, 35364 files with partial record skips
2025-09-19 02:26:59,957 - INFO - Loaded skip configuration: 0 files to skip entirely, 35364 files with partial record skips
2025-09-19 02:27:00,708 - INFO - Processing /viper/ptmp/arego/RC4K1/5412.h5
2025-09-19 02:27:00,825 - INFO - Processing /viper/ptmp/arego/RC4K1/15668.h5
2025-09-19 02:27:01,078 - INFO - File 5412: Filtered 689026 hits and 4 records
2025-09-19 02:27:01,225 - INFO - Processing /viper/ptmp/arego/RC4K1/23591.h5
2025-09-19 02:27:01,264 - INFO - File 15668: Filtered 454020 hits and 5 records
2025-09-19 02:27:01,409 - INFO - Processing /viper/ptmp/arego/RC4K1/13111.h5
2025-09-19 02:27:01,437 - INFO - Completed /viper/ptmp/arego/RC4K1_1/5412.h5 in 0.73 seconds
2025-09-19 02:27:01,635 - INFO - File 23591: Filtered 574999 hits and 5 records
2025-09-19 02:27:01,767 - INFO - Processing /viper/ptmp/arego/RC4K1/22886.h5
2025-09-19 02:27:01,833 - INFO - Completed /viper/ptmp/arego/RC4K1_1/15668.h5 in 1.01 seconds
2025-09-19 02:27:01,997 - INFO - File 13111: Filtered 540657 hits and 5 records
2025-09-19 02:27:02,043 - INFO - Processing /viper/ptmp/arego/RC4K1/9469.h5
2025-09-19 02:27:02,151 - INFO - Completed /viper/ptmp/arego/RC4K1_1/23591.h5 in 0.93 seconds
2025-09-19 02:27:02,291 - INFO - File 22886: Filtered 999435 hits and 6 records
2025-09-19 02:27:02,321 - INFO - Processing /viper/ptmp/arego/RC4K1/15992.h5
2025-09-19 02:27:02,682 - INFO - Completed /viper/ptmp/arego/RC4K1_1/13111.h5 in 1.27 seconds
2025-09-19 02:27:02,733 - INFO - Processing /viper/ptmp/arego/RC4K1/19165.h5
2025-09-19 02:27:02,740 - INFO - File 9469: Filtered 1565170 hits and 7 records
2025-09-19 02:27:02,860 - INFO - File 15992: Filtered 1061204 hits and 4 records
2025-09-19 02:27:02,869 - INFO - Processing /viper/ptmp/arego/RC4K1/20771.h5
2025-09-19 02:27:02,934 - INFO - Completed /viper/ptmp/arego/RC4K1_1/22886.h5 in 1.17 seconds
2025-09-19 02:27:03,231 - INFO - Completed /viper/ptmp/arego/RC4K1_1/9469.h5 in 1.19 seconds
2025-09-19 02:27:03,388 - INFO - Processing /viper/ptmp/arego/RC4K1/19063.h5
2025-09-19 02:27:03,446 - INFO - Processing /viper/ptmp/arego/RC4K1/6950.h5
2025-09-19 02:27:03,450 - INFO - File 20771: Filtered 1383553 hits and 6 records
2025-09-19 02:27:03,480 - INFO - Completed /viper/ptmp/arego/RC4K1_1/15992.h5 in 1.16 seconds
2025-09-19 02:27:03,548 - INFO - File 19165: Filtered 1713268 hits and 6 records
2025-09-19 02:27:04,002 - INFO - Completed /viper/ptmp/arego/RC4K1_1/20771.h5 in 1.13 seconds
2025-09-19 02:27:04,007 - INFO - Processing /viper/ptmp/arego/RC4K1/15464.h5
2025-09-19 02:27:04,028 - INFO - File 6950: Filtered 1900911 hits and 9 records
2025-09-19 02:27:04,114 - INFO - Processing /viper/ptmp/arego/RC4K1/21683.h5
2025-09-19 02:27:04,184 - INFO - Completed /viper/ptmp/arego/RC4K1_1/19165.h5 in 1.45 seconds
2025-09-19 02:27:04,246 - INFO - File 19063: Filtered 1735287 hits and 9 records
2025-09-19 02:27:04,427 - INFO - Completed /viper/ptmp/arego/RC4K1_1/6950.h5 in 0.98 seconds
2025-09-19 02:27:04,554 - INFO - Processing /viper/ptmp/arego/RC4K1/9451.h5
2025-09-19 02:27:04,596 - INFO - File 15464: Filtered 1792744 hits and 5 records
2025-09-19 02:27:04,811 - INFO - Processing /viper/ptmp/arego/RC4K1/3143.h5
2025-09-19 02:27:04,850 - INFO - Completed /viper/ptmp/arego/RC4K1_1/19063.h5 in 1.46 seconds
2025-09-19 02:27:04,996 - INFO - File 21683: Filtered 2041465 hits and 8 records
2025-09-19 02:27:05,068 - INFO - Processing /viper/ptmp/arego/RC4K1/20336.h5
2025-09-19 02:27:05,113 - INFO - Completed /viper/ptmp/arego/RC4K1_1/15464.h5 in 1.11 seconds
2025-09-19 02:27:05,170 - INFO - File 9451: Filtered 1911788 hits and 8 records
2025-09-19 02:27:05,532 - INFO - Processing /viper/ptmp/arego/RC4K1/5553.h5
2025-09-19 02:27:05,600 - INFO - Completed /viper/ptmp/arego/RC4K1_1/21683.h5 in 1.49 seconds
2025-09-19 02:27:05,613 - INFO - Completed /viper/ptmp/arego/RC4K1_1/9451.h5 in 1.06 seconds
2025-09-19 02:27:05,628 - INFO - Processing /viper/ptmp/arego/RC4K1/28055.h5
2025-09-19 02:27:05,676 - INFO - File 3143: Filtered 1076823 hits and 5 records
2025-09-19 02:27:05,686 - INFO - File 20336: Filtered 1198218 hits and 5 records
2025-09-19 02:27:06,147 - INFO - Processing /viper/ptmp/arego/RC4K1/16626.h5
2025-09-19 02:27:06,186 - INFO - Processing /viper/ptmp/arego/RC4K1/11958.h5
2025-09-19 02:27:06,311 - INFO - File 28055: Filtered 1804022 hits and 2 records
2025-09-19 02:27:06,387 - INFO - File 5553: Filtered 2838757 hits and 5 records
2025-09-19 02:27:06,393 - INFO - Completed /viper/ptmp/arego/RC4K1_1/20336.h5 in 1.32 seconds
2025-09-19 02:27:06,483 - INFO - Completed /viper/ptmp/arego/RC4K1_1/3143.h5 in 1.67 seconds
2025-09-19 02:27:06,769 - INFO - Processing /viper/ptmp/arego/RC4K1/16159.h5
2025-09-19 02:27:06,779 - INFO - Processing /viper/ptmp/arego/RC4K1/16064.h5
2025-09-19 02:27:06,884 - INFO - Completed /viper/ptmp/arego/RC4K1_1/5553.h5 in 1.35 seconds
2025-09-19 02:27:06,902 - INFO - File 11958: Filtered 1453392 hits and 5 records
2025-09-19 02:27:06,994 - INFO - Completed /viper/ptmp/arego/RC4K1_1/28055.h5 in 1.37 seconds
2025-09-19 02:27:07,083 - INFO - File 16626: Filtered 1576393 hits and 6 records
2025-09-19 02:27:07,331 - INFO - Processing /viper/ptmp/arego/RC4K1/29001.h5
2025-09-19 02:27:07,496 - INFO - Processing /viper/ptmp/arego/RC4K1/27203.h5
2025-09-19 02:27:07,502 - INFO - File 16159: Filtered 638377 hits and 3 records
2025-09-19 02:27:07,646 - INFO - Completed /viper/ptmp/arego/RC4K1_1/11958.h5 in 1.46 seconds
2025-09-19 02:27:07,759 - INFO - File 16064: Filtered 2784437 hits and 5 records
2025-09-19 02:27:07,933 - INFO - Processing /viper/ptmp/arego/RC4K1/8721.h5
2025-09-19 02:27:07,964 - INFO - Completed /viper/ptmp/arego/RC4K1_1/16626.h5 in 1.82 seconds
2025-09-19 02:27:08,094 - INFO - File 29001: Filtered 1848106 hits and 5 records
2025-09-19 02:27:08,203 - INFO - Processing /viper/ptmp/arego/RC4K1/17025.h5
2025-09-19 02:27:08,382 - INFO - Completed /viper/ptmp/arego/RC4K1_1/16064.h5 in 1.60 seconds
2025-09-19 02:27:08,475 - INFO - Processing /viper/ptmp/arego/RC4K1/28157.h5
2025-09-19 02:27:08,496 - INFO - Completed /viper/ptmp/arego/RC4K1_1/16159.h5 in 1.73 seconds
2025-09-19 02:27:08,497 - INFO - File 27203: Filtered 2361091 hits and 7 records
2025-09-19 02:27:08,749 - INFO - File 8721: Filtered 1438338 hits and 3 records
2025-09-19 02:27:08,804 - INFO - Completed /viper/ptmp/arego/RC4K1_1/29001.h5 in 1.47 seconds
2025-09-19 02:27:08,853 - INFO - Processing /viper/ptmp/arego/RC4K1/23265.h5
2025-09-19 02:27:09,099 - INFO - Processing /viper/ptmp/arego/RC4K1/21281.h5
2025-09-19 02:27:09,166 - INFO - File 17025: Filtered 3264724 hits and 4 records
2025-09-19 02:27:09,288 - INFO - File 28157: Filtered 2032342 hits and 6 records
2025-09-19 02:27:09,506 - INFO - Processing /viper/ptmp/arego/RC4K1/4969.h5
2025-09-19 02:27:09,638 - INFO - Processing /viper/ptmp/arego/RC4K1/23229.h5
2025-09-19 02:27:09,640 - INFO - Completed /viper/ptmp/arego/RC4K1_1/8721.h5 in 1.71 seconds
2025-09-19 02:27:09,743 - INFO - Completed /viper/ptmp/arego/RC4K1_1/27203.h5 in 2.25 seconds
2025-09-19 02:27:09,758 - INFO - Completed /viper/ptmp/arego/RC4K1_1/17025.h5 in 1.55 seconds
2025-09-19 02:27:09,874 - INFO - File 23265: Filtered 3287010 hits and 6 records
2025-09-19 02:27:09,921 - INFO - File 21281: Filtered 2812264 hits and 5 records
2025-09-19 02:27:10,057 - INFO - Completed /viper/ptmp/arego/RC4K1_1/28157.h5 in 1.58 seconds
2025-09-19 02:27:10,138 - INFO - Processing /viper/ptmp/arego/RC4K1/8707.h5
2025-09-19 02:27:10,204 - INFO - Processing /viper/ptmp/arego/RC4K1/21951.h5
2025-09-19 02:27:10,509 - INFO - Completed /viper/ptmp/arego/RC4K1_1/21281.h5 in 1.41 seconds
2025-09-19 02:27:10,527 - INFO - Completed /viper/ptmp/arego/RC4K1_1/23265.h5 in 1.67 seconds
2025-09-19 02:27:10,553 - INFO - File 23229: Filtered 4263552 hits and 6 records
2025-09-19 02:27:10,556 - INFO - File 4969: Filtered 1749548 hits and 7 records
2025-09-19 02:27:10,770 - INFO - Processing /viper/ptmp/arego/RC4K1/14274.h5
2025-09-19 02:27:10,848 - INFO - Processing /viper/ptmp/arego/RC4K1/17446.h5
2025-09-19 02:27:10,914 - INFO - Completed /viper/ptmp/arego/RC4K1_1/23229.h5 in 1.28 seconds
2025-09-19 02:27:11,120 - INFO - File 21951: Filtered 2996659 hits and 5 records
2025-09-19 02:27:11,248 - INFO - File 8707: Filtered 1843042 hits and 4 records
2025-09-19 02:27:11,324 - INFO - Processing /viper/ptmp/arego/RC4K1/19561.h5
2025-09-19 02:27:11,495 - INFO - Processing /viper/ptmp/arego/RC4K1/1023.h5
2025-09-19 02:27:11,709 - INFO - Completed /viper/ptmp/arego/RC4K1_1/4969.h5 in 2.20 seconds
2025-09-19 02:27:11,733 - INFO - File 14274: Filtered 4307794 hits and 9 records
2025-09-19 02:27:11,858 - INFO - Completed /viper/ptmp/arego/RC4K1_1/21951.h5 in 1.65 seconds
2025-09-19 02:27:11,918 - INFO - Processing /viper/ptmp/arego/RC4K1/8273.h5
2025-09-19 02:27:11,957 - INFO - File 17446: Filtered 2755600 hits and 7 records
2025-09-19 02:27:12,166 - INFO - Completed /viper/ptmp/arego/RC4K1_1/14274.h5 in 1.40 seconds
2025-09-19 02:27:12,220 - INFO - Processing /viper/ptmp/arego/RC4K1/16961.h5
2025-09-19 02:27:12,263 - INFO - File 19561: Filtered 4442803 hits and 6 records
2025-09-19 02:27:12,419 - INFO - Completed /viper/ptmp/arego/RC4K1_1/8707.h5 in 2.28 seconds
2025-09-19 02:27:12,451 - INFO - Processing /viper/ptmp/arego/RC4K1/20275.h5
2025-09-19 02:27:12,611 - INFO - Completed /viper/ptmp/arego/RC4K1_1/19561.h5 in 1.29 seconds
2025-09-19 02:27:12,707 - INFO - File 1023: Filtered 1655464 hits and 5 records
2025-09-19 02:27:12,812 - INFO - Completed /viper/ptmp/arego/RC4K1_1/17446.h5 in 1.96 seconds
2025-09-19 02:27:12,903 - INFO - File 8273: Filtered 1837022 hits and 5 records
2025-09-19 02:27:12,965 - INFO - Processing /viper/ptmp/arego/RC4K1/1259.h5
2025-09-19 02:27:13,013 - INFO - Processing /viper/ptmp/arego/RC4K1/5877.h5
2025-09-19 02:27:13,423 - INFO - File 16961: Filtered 3454216 hits and 3 records
2025-09-19 02:27:13,447 - INFO - File 20275: Filtered 3006670 hits and 6 records
2025-09-19 02:27:13,609 - INFO - Processing /viper/ptmp/arego/RC4K1/9036.h5
2025-09-19 02:27:13,661 - INFO - Processing /viper/ptmp/arego/RC4K1/24720.h5
2025-09-19 02:27:14,011 - INFO - Completed /viper/ptmp/arego/RC4K1_1/8273.h5 in 2.09 seconds
2025-09-19 02:27:14,033 - INFO - File 5877: Filtered 4454617 hits and 7 records
2025-09-19 02:27:14,081 - INFO - Completed /viper/ptmp/arego/RC4K1_1/1023.h5 in 2.59 seconds
2025-09-19 02:27:14,131 - INFO - File 1259: Filtered 3548137 hits and 5 records
2025-09-19 02:27:14,174 - INFO - Completed /viper/ptmp/arego/RC4K1_1/16961.h5 in 1.95 seconds
2025-09-19 02:27:14,191 - INFO - Completed /viper/ptmp/arego/RC4K1_1/20275.h5 in 1.74 seconds
2025-09-19 02:27:14,240 - INFO - Processing /viper/ptmp/arego/RC4K1/16541.h5
2025-09-19 02:27:14,370 - INFO - Processing /viper/ptmp/arego/RC4K1/7125.h5
2025-09-19 02:27:14,490 - INFO - Completed /viper/ptmp/arego/RC4K1_1/5877.h5 in 1.48 seconds
2025-09-19 02:27:14,608 - INFO - File 9036: Filtered 2737182 hits and 6 records
2025-09-19 02:27:14,819 - INFO - Processing /viper/ptmp/arego/RC4K1/898.h5
2025-09-19 02:27:14,878 - INFO - Completed /viper/ptmp/arego/RC4K1_1/1259.h5 in 1.91 seconds
2025-09-19 02:27:14,973 - INFO - File 24720: Filtered 3562004 hits and 11 records
2025-09-19 02:27:15,061 - INFO - Processing /viper/ptmp/arego/RC4K1/25960.h5
2025-09-19 02:27:15,228 - INFO - File 16541: Filtered 3366369 hits and 5 records
2025-09-19 02:27:15,403 - INFO - Processing /viper/ptmp/arego/RC4K1/1508.h5
2025-09-19 02:27:15,439 - INFO - Completed /viper/ptmp/arego/RC4K1_1/9036.h5 in 1.83 seconds
2025-09-19 02:27:15,673 - INFO - File 7125: Filtered 1859998 hits and 5 records
2025-09-19 02:27:15,700 - INFO - Processing /viper/ptmp/arego/RC4K1/10962.h5
2025-09-19 02:27:15,810 - INFO - Completed /viper/ptmp/arego/RC4K1_1/24720.h5 in 2.15 seconds
2025-09-19 02:27:15,849 - INFO - File 898: Filtered 1996466 hits and 6 records
2025-09-19 02:27:15,988 - INFO - Completed /viper/ptmp/arego/RC4K1_1/16541.h5 in 1.75 seconds
2025-09-19 02:27:16,030 - INFO - Processing /viper/ptmp/arego/RC4K1/13648.h5
2025-09-19 02:27:16,339 - INFO - File 25960: Filtered 5075394 hits and 7 records
2025-09-19 02:27:16,386 - INFO - Processing /viper/ptmp/arego/RC4K1/14600.h5
2025-09-19 02:27:16,420 - INFO - File 1508: Filtered 3055128 hits and 6 records
2025-09-19 02:27:16,617 - INFO - Processing /viper/ptmp/arego/RC4K1/19100.h5
2025-09-19 02:27:16,898 - INFO - Completed /viper/ptmp/arego/RC4K1_1/25960.h5 in 1.84 seconds
2025-09-19 02:27:16,923 - INFO - Completed /viper/ptmp/arego/RC4K1_1/898.h5 in 2.10 seconds
2025-09-19 02:27:16,958 - INFO - File 10962: Filtered 5816196 hits and 9 records
2025-09-19 02:27:17,012 - INFO - Processing /viper/ptmp/arego/RC4K1/15306.h5
2025-09-19 02:27:17,075 - INFO - File 13648: Filtered 2630776 hits and 6 records
2025-09-19 02:27:17,157 - INFO - Completed /viper/ptmp/arego/RC4K1_1/7125.h5 in 2.79 seconds
2025-09-19 02:27:17,222 - INFO - Processing /viper/ptmp/arego/RC4K1/23940.h5
2025-09-19 02:27:17,354 - INFO - Completed /viper/ptmp/arego/RC4K1_1/1508.h5 in 1.95 seconds
2025-09-19 02:27:17,406 - INFO - Completed /viper/ptmp/arego/RC4K1_1/10962.h5 in 1.71 seconds
2025-09-19 02:27:17,702 - INFO - Processing /viper/ptmp/arego/RC4K1/4531.h5
2025-09-19 02:27:17,738 - INFO - File 19100: Filtered 2485824 hits and 4 records
2025-09-19 02:27:17,811 - INFO - File 14600: Filtered 3545447 hits and 7 records
2025-09-19 02:27:17,844 - INFO - Processing /viper/ptmp/arego/RC4K1/5490.h5
2025-09-19 02:27:18,064 - INFO - Completed /viper/ptmp/arego/RC4K1_1/13648.h5 in 2.03 seconds
2025-09-19 02:27:18,321 - INFO - File 23940: Filtered 3986647 hits and 5 records
2025-09-19 02:27:18,452 - INFO - Processing /viper/ptmp/arego/RC4K1/1347.h5
2025-09-19 02:27:18,480 - INFO - Processing /viper/ptmp/arego/RC4K1/26777.h5
2025-09-19 02:27:18,555 - INFO - File 15306: Filtered 3381508 hits and 4 records
2025-09-19 02:27:18,873 - INFO - Completed /viper/ptmp/arego/RC4K1_1/19100.h5 in 2.26 seconds
2025-09-19 02:27:18,991 - INFO - File 5490: Filtered 5286470 hits and 8 records
2025-09-19 02:27:19,028 - INFO - Completed /viper/ptmp/arego/RC4K1_1/23940.h5 in 1.81 seconds
2025-09-19 02:27:19,039 - INFO - Completed /viper/ptmp/arego/RC4K1_1/14600.h5 in 2.65 seconds
2025-09-19 02:27:19,089 - INFO - Processing /viper/ptmp/arego/RC4K1/2126.h5
2025-09-19 02:27:19,179 - INFO - Processing /viper/ptmp/arego/RC4K1/18732.h5
2025-09-19 02:27:19,243 - INFO - File 4531: Filtered 3494460 hits and 7 records
2025-09-19 02:27:19,486 - INFO - Completed /viper/ptmp/arego/RC4K1_1/5490.h5 in 1.64 seconds
2025-09-19 02:27:19,642 - INFO - File 26777: Filtered 2862704 hits and 7 records
2025-09-19 02:27:19,687 - INFO - Processing /viper/ptmp/arego/RC4K1/21131.h5
2025-09-19 02:27:19,833 - INFO - Completed /viper/ptmp/arego/RC4K1_1/15306.h5 in 2.82 seconds
2025-09-19 02:27:19,941 - INFO - Processing /viper/ptmp/arego/RC4K1/14276.h5
2025-09-19 02:27:20,019 - INFO - File 1347: Filtered 4038937 hits and 8 records
2025-09-19 02:27:20,281 - INFO - Processing /viper/ptmp/arego/RC4K1/9799.h5
2025-09-19 02:27:20,287 - INFO - File 2126: Filtered 3057384 hits and 4 records
2025-09-19 02:27:20,555 - INFO - Completed /viper/ptmp/arego/RC4K1_1/4531.h5 in 2.85 seconds
2025-09-19 02:27:20,660 - INFO - Processing /viper/ptmp/arego/RC4K1/7713.h5
2025-09-19 02:27:20,761 - INFO - Completed /viper/ptmp/arego/RC4K1_1/26777.h5 in 2.28 seconds
2025-09-19 02:27:20,779 - INFO - File 18732: Filtered 4009547 hits and 7 records
2025-09-19 02:27:20,922 - INFO - File 21131: Filtered 4689943 hits and 7 records
2025-09-19 02:27:20,932 - INFO - Processing /viper/ptmp/arego/RC4K1/21681.h5
2025-09-19 02:27:21,197 - INFO - Completed /viper/ptmp/arego/RC4K1_1/1347.h5 in 2.74 seconds
2025-09-19 02:27:21,385 - INFO - Completed /viper/ptmp/arego/RC4K1_1/2126.h5 in 2.30 seconds
2025-09-19 02:27:21,442 - INFO - Processing /viper/ptmp/arego/RC4K1/6797.h5
2025-09-19 02:27:21,551 - INFO - File 9799: Filtered 3938142 hits and 8 records
2025-09-19 02:27:21,556 - INFO - Completed /viper/ptmp/arego/RC4K1_1/21131.h5 in 1.87 seconds
2025-09-19 02:27:21,561 - INFO - Processing /viper/ptmp/arego/RC4K1/23720.h5
2025-09-19 02:27:21,609 - INFO - File 14276: Filtered 2813670 hits and 8 records
2025-09-19 02:27:22,072 - INFO - Completed /viper/ptmp/arego/RC4K1_1/18732.h5 in 2.89 seconds
2025-09-19 02:27:22,160 - INFO - File 21681: Filtered 2846204 hits and 4 records
2025-09-19 02:27:22,200 - INFO - Processing /viper/ptmp/arego/RC4K1/24717.h5
2025-09-19 02:27:22,209 - INFO - Processing /viper/ptmp/arego/RC4K1/15253.h5
2025-09-19 02:27:22,447 - INFO - Completed /viper/ptmp/arego/RC4K1_1/9799.h5 in 2.17 seconds
2025-09-19 02:27:22,447 - INFO - File 7713: Filtered 2899175 hits and 5 records
2025-09-19 02:27:22,825 - INFO - Processing /viper/ptmp/arego/RC4K1/14244.h5
2025-09-19 02:27:22,833 - INFO - File 23720: Filtered 4032636 hits and 9 records
2025-09-19 02:27:22,884 - INFO - Processing /viper/ptmp/arego/RC4K1/2794.h5
2025-09-19 02:27:23,214 - INFO - File 6797: Filtered 2237316 hits and 5 records
2025-09-19 02:27:23,264 - INFO - Completed /viper/ptmp/arego/RC4K1_1/14276.h5 in 3.32 seconds
2025-09-19 02:27:23,370 - INFO - Completed /viper/ptmp/arego/RC4K1_1/21681.h5 in 2.44 seconds
2025-09-19 02:27:23,476 - INFO - Processing /viper/ptmp/arego/RC4K1/10473.h5
2025-09-19 02:27:23,534 - INFO - File 15253: Filtered 4888980 hits and 10 records
2025-09-19 02:27:23,715 - INFO - Processing /viper/ptmp/arego/RC4K1/18617.h5
2025-09-19 02:27:23,780 - INFO - Completed /viper/ptmp/arego/RC4K1_1/23720.h5 in 2.22 seconds
2025-09-19 02:27:24,096 - INFO - File 24717: Filtered 4611893 hits and 7 records
2025-09-19 02:27:24,104 - INFO - Processing /viper/ptmp/arego/RC4K1/4029.h5
2025-09-19 02:27:24,176 - INFO - File 14244: Filtered 3897934 hits and 5 records
2025-09-19 02:27:24,269 - INFO - Completed /viper/ptmp/arego/RC4K1_1/15253.h5 in 2.06 seconds
2025-09-19 02:27:24,276 - INFO - Completed /viper/ptmp/arego/RC4K1_1/7713.h5 in 3.62 seconds
2025-09-19 02:27:24,563 - INFO - Processing /viper/ptmp/arego/RC4K1/13090.h5
2025-09-19 02:27:24,729 - INFO - File 2794: Filtered 4866282 hits and 7 records
2025-09-19 02:27:24,740 - INFO - Processing /viper/ptmp/arego/RC4K1/16395.h5
2025-09-19 02:27:24,844 - INFO - File 10473: Filtered 4678362 hits and 10 records
2025-09-19 02:27:25,189 - INFO - Completed /viper/ptmp/arego/RC4K1_1/6797.h5 in 3.75 seconds
2025-09-19 02:27:25,367 - INFO - Completed /viper/ptmp/arego/RC4K1_1/24717.h5 in 3.17 seconds
2025-09-19 02:27:25,383 - INFO - Processing /viper/ptmp/arego/RC4K1/19132.h5
2025-09-19 02:27:25,402 - INFO - Processing /viper/ptmp/arego/RC4K1/10739.h5
2025-09-19 02:27:25,452 - INFO - Completed /viper/ptmp/arego/RC4K1_1/14244.h5 in 2.63 seconds
2025-09-19 02:27:25,546 - INFO - File 4029: Filtered 3778395 hits and 7 records
2025-09-19 02:27:25,635 - INFO - File 18617: Filtered 5078169 hits and 7 records
2025-09-19 02:27:25,645 - INFO - Completed /viper/ptmp/arego/RC4K1_1/10473.h5 in 2.17 seconds
2025-09-19 02:27:25,854 - INFO - Completed /viper/ptmp/arego/RC4K1_1/2794.h5 in 2.97 seconds
2025-09-19 02:27:26,080 - INFO - Processing /viper/ptmp/arego/RC4K1/3790.h5
2025-09-19 02:27:26,168 - INFO - Processing /viper/ptmp/arego/RC4K1/20863.h5
2025-09-19 02:27:26,172 - INFO - File 16395: Filtered 4263851 hits and 7 records
2025-09-19 02:27:26,407 - INFO - File 13090: Filtered 4631173 hits and 6 records
2025-09-19 02:27:26,735 - INFO - Processing /viper/ptmp/arego/RC4K1/28177.h5
2025-09-19 02:27:26,851 - INFO - Completed /viper/ptmp/arego/RC4K1_1/4029.h5 in 2.75 seconds
2025-09-19 02:27:26,888 - INFO - File 10739: Filtered 2688528 hits and 7 records
2025-09-19 02:27:26,914 - INFO - Completed /viper/ptmp/arego/RC4K1_1/18617.h5 in 3.20 seconds
2025-09-19 02:27:26,971 - INFO - Processing /viper/ptmp/arego/RC4K1/5667.h5
2025-09-19 02:27:27,245 - INFO - Completed /viper/ptmp/arego/RC4K1_1/16395.h5 in 2.50 seconds
2025-09-19 02:27:27,316 - INFO - File 19132: Filtered 3863017 hits and 6 records
2025-09-19 02:27:27,466 - INFO - Processing /viper/ptmp/arego/RC4K1/27108.h5
2025-09-19 02:27:27,624 - INFO - File 3790: Filtered 5367323 hits and 6 records
2025-09-19 02:27:27,790 - INFO - Processing /viper/ptmp/arego/RC4K1/10550.h5
2025-09-19 02:27:27,814 - INFO - Completed /viper/ptmp/arego/RC4K1_1/13090.h5 in 3.25 seconds
2025-09-19 02:27:28,095 - INFO - Processing /viper/ptmp/arego/RC4K1/4351.h5
2025-09-19 02:27:28,125 - INFO - File 20863: Filtered 4016206 hits and 6 records
2025-09-19 02:27:28,296 - INFO - File 28177: Filtered 6170308 hits and 5 records
2025-09-19 02:27:28,469 - INFO - Completed /viper/ptmp/arego/RC4K1_1/3790.h5 in 2.39 seconds
2025-09-19 02:27:28,593 - INFO - Completed /viper/ptmp/arego/RC4K1_1/10739.h5 in 3.19 seconds
2025-09-19 02:27:28,619 - INFO - Processing /viper/ptmp/arego/RC4K1/9416.h5
2025-09-19 02:27:28,794 - INFO - Processing /viper/ptmp/arego/RC4K1/11680.h5
2025-09-19 02:27:28,958 - INFO - File 5667: Filtered 4170113 hits and 8 records
2025-09-19 02:27:28,964 - INFO - Completed /viper/ptmp/arego/RC4K1_1/19132.h5 in 3.58 seconds
2025-09-19 02:27:29,022 - INFO - File 27108: Filtered 6707962 hits and 10 records
2025-09-19 02:27:29,116 - INFO - Completed /viper/ptmp/arego/RC4K1_1/28177.h5 in 2.38 seconds
2025-09-19 02:27:29,420 - INFO - Processing /viper/ptmp/arego/RC4K1/14526.h5
2025-09-19 02:27:29,493 - INFO - Processing /viper/ptmp/arego/RC4K1/12445.h5
2025-09-19 02:27:29,680 - INFO - Completed /viper/ptmp/arego/RC4K1_1/27108.h5 in 2.21 seconds
2025-09-19 02:27:29,694 - INFO - File 4351: Filtered 3639233 hits and 6 records
2025-09-19 02:27:29,714 - INFO - Completed /viper/ptmp/arego/RC4K1_1/20863.h5 in 3.55 seconds
2025-09-19 02:27:29,741 - INFO - File 10550: Filtered 6189090 hits and 5 records
2025-09-19 02:27:30,185 - INFO - Processing /viper/ptmp/arego/RC4K1/11720.h5
2025-09-19 02:27:30,219 - INFO - Processing /viper/ptmp/arego/RC4K1/17035.h5
2025-09-19 02:27:30,354 - INFO - File 11680: Filtered 6912903 hits and 5 records
2025-09-19 02:27:30,525 - INFO - Completed /viper/ptmp/arego/RC4K1_1/5667.h5 in 3.55 seconds
2025-09-19 02:27:30,652 - INFO - File 9416: Filtered 4496257 hits and 8 records
2025-09-19 02:27:30,657 - INFO - Completed /viper/ptmp/arego/RC4K1_1/10550.h5 in 2.87 seconds
2025-09-19 02:27:30,813 - INFO - Processing /viper/ptmp/arego/RC4K1/22021.h5
2025-09-19 02:27:30,931 - INFO - Completed /viper/ptmp/arego/RC4K1_1/11680.h5 in 2.14 seconds
2025-09-19 02:27:31,042 - INFO - Processing /viper/ptmp/arego/RC4K1/15332.h5
2025-09-19 02:27:31,091 - INFO - File 12445: Filtered 3768614 hits and 6 records
2025-09-19 02:27:31,291 - INFO - Completed /viper/ptmp/arego/RC4K1_1/4351.h5 in 3.20 seconds
2025-09-19 02:27:31,536 - INFO - Processing /viper/ptmp/arego/RC4K1/23651.h5
2025-09-19 02:27:31,577 - INFO - File 14526: Filtered 1856843 hits and 5 records
2025-09-19 02:27:31,801 - INFO - File 11720: Filtered 7406947 hits and 7 records
2025-09-19 02:27:31,840 - INFO - Processing /viper/ptmp/arego/RC4K1/25015.h5
2025-09-19 02:27:32,131 - INFO - Processing /viper/ptmp/arego/RC4K1/3471.h5
2025-09-19 02:27:32,233 - INFO - File 17035: Filtered 5848410 hits and 6 records
2025-09-19 02:27:32,298 - INFO - Completed /viper/ptmp/arego/RC4K1_1/9416.h5 in 3.68 seconds
2025-09-19 02:27:32,387 - INFO - Completed /viper/ptmp/arego/RC4K1_1/11720.h5 in 2.20 seconds
2025-09-19 02:27:32,476 - INFO - File 22021: Filtered 4955758 hits and 12 records
2025-09-19 02:27:32,734 - INFO - Processing /viper/ptmp/arego/RC4K1/5351.h5
2025-09-19 02:27:32,748 - INFO - Completed /viper/ptmp/arego/RC4K1_1/12445.h5 in 3.25 seconds
2025-09-19 02:27:32,890 - INFO - Processing /viper/ptmp/arego/RC4K1/29729.h5
2025-09-19 02:27:33,144 - INFO - File 23651: Filtered 6941895 hits and 6 records
2025-09-19 02:27:33,266 - INFO - File 15332: Filtered 3791577 hits and 5 records
2025-09-19 02:27:33,358 - INFO - Completed /viper/ptmp/arego/RC4K1_1/17035.h5 in 3.14 seconds
2025-09-19 02:27:33,517 - INFO - Processing /viper/ptmp/arego/RC4K1/22433.h5
2025-09-19 02:27:33,551 - INFO - Processing /viper/ptmp/arego/RC4K1/11681.h5
2025-09-19 02:27:33,611 - INFO - Completed /viper/ptmp/arego/RC4K1_1/22021.h5 in 2.80 seconds
2025-09-19 02:27:33,817 - INFO - File 3471: Filtered 3475099 hits and 5 records
2025-09-19 02:27:33,882 - INFO - Completed /viper/ptmp/arego/RC4K1_1/23651.h5 in 2.35 seconds
2025-09-19 02:27:34,079 - INFO - File 25015: Filtered 3542762 hits and 7 records
2025-09-19 02:27:34,263 - INFO - Processing /viper/ptmp/arego/RC4K1/3895.h5
2025-09-19 02:27:34,282 - INFO - Completed /viper/ptmp/arego/RC4K1_1/14526.h5 in 4.86 seconds
2025-09-19 02:27:34,384 - INFO - Processing /viper/ptmp/arego/RC4K1/570.h5
2025-09-19 02:27:34,633 - INFO - File 29729: Filtered 4971777 hits and 7 records
2025-09-19 02:27:34,858 - INFO - File 5351: Filtered 7494514 hits and 9 records
2025-09-19 02:27:34,908 - INFO - Processing /viper/ptmp/arego/RC4K1/24932.h5
2025-09-19 02:27:35,151 - INFO - Processing /viper/ptmp/arego/RC4K1/18643.h5
2025-09-19 02:27:35,321 - INFO - File 22433: Filtered 5029074 hits and 10 records
2025-09-19 02:27:35,359 - INFO - Completed /viper/ptmp/arego/RC4K1_1/15332.h5 in 4.32 seconds
2025-09-19 02:27:35,479 - INFO - File 11681: Filtered 7828943 hits and 7 records
2025-09-19 02:27:35,492 - INFO - Completed /viper/ptmp/arego/RC4K1_1/5351.h5 in 2.76 seconds
2025-09-19 02:27:35,619 - INFO - Completed /viper/ptmp/arego/RC4K1_1/3471.h5 in 3.49 seconds
2025-09-19 02:27:35,646 - INFO - Processing /viper/ptmp/arego/RC4K1/10908.h5
2025-09-19 02:27:35,897 - INFO - Processing /viper/ptmp/arego/RC4K1/4739.h5
2025-09-19 02:27:35,937 - INFO - Completed /viper/ptmp/arego/RC4K1_1/25015.h5 in 4.10 seconds
2025-09-19 02:27:35,992 - INFO - Completed /viper/ptmp/arego/RC4K1_1/29729.h5 in 3.10 seconds
2025-09-19 02:27:36,048 - INFO - Completed /viper/ptmp/arego/RC4K1_1/11681.h5 in 2.50 seconds
2025-09-19 02:27:36,166 - INFO - File 3895: Filtered 3415942 hits and 6 records
2025-09-19 02:27:36,369 - INFO - File 570: Filtered 6539543 hits and 6 records
2025-09-19 02:27:36,380 - INFO - Processing /viper/ptmp/arego/RC4K1/10030.h5
2025-09-19 02:27:36,740 - INFO - Processing /viper/ptmp/arego/RC4K1/6966.h5
2025-09-19 02:27:36,790 - INFO - Completed /viper/ptmp/arego/RC4K1_1/22433.h5 in 3.27 seconds
2025-09-19 02:27:36,864 - INFO - File 24932: Filtered 3698418 hits and 6 records
2025-09-19 02:27:37,147 - INFO - File 18643: Filtered 4765963 hits and 8 records
2025-09-19 02:27:37,153 - INFO - Processing /viper/ptmp/arego/RC4K1/22036.h5
2025-09-19 02:27:37,447 - INFO - Processing /viper/ptmp/arego/RC4K1/3098.h5
2025-09-19 02:27:37,461 - INFO - Completed /viper/ptmp/arego/RC4K1_1/570.h5 in 3.08 seconds
2025-09-19 02:27:37,633 - INFO - File 10908: Filtered 5951421 hits and 7 records
2025-09-19 02:27:37,949 - INFO - File 4739: Filtered 7612391 hits and 5 records
2025-09-19 02:27:37,954 - INFO - Processing /viper/ptmp/arego/RC4K1/27212.h5
2025-09-19 02:27:38,212 - INFO - Completed /viper/ptmp/arego/RC4K1_1/3895.h5 in 3.95 seconds
2025-09-19 02:27:38,303 - INFO - Processing /viper/ptmp/arego/RC4K1/11367.h5
2025-09-19 02:27:38,344 - INFO - File 10030: Filtered 6158300 hits and 5 records
2025-09-19 02:27:38,659 - INFO - Processing /viper/ptmp/arego/RC4K1/10597.h5
2025-09-19 02:27:38,805 - INFO - Completed /viper/ptmp/arego/RC4K1_1/24932.h5 in 3.90 seconds
2025-09-19 02:27:38,837 - INFO - Completed /viper/ptmp/arego/RC4K1_1/4739.h5 in 2.94 seconds
2025-09-19 02:27:38,840 - INFO - Completed /viper/ptmp/arego/RC4K1_1/18643.h5 in 3.69 seconds
2025-09-19 02:27:38,849 - INFO - File 6966: Filtered 4588490 hits and 7 records
2025-09-19 02:27:38,975 - INFO - Processing /viper/ptmp/arego/RC4K1/12458.h5
2025-09-19 02:27:39,022 - INFO - Completed /viper/ptmp/arego/RC4K1_1/10908.h5 in 3.38 seconds
2025-09-19 02:27:39,186 - INFO - File 22036: Filtered 7663278 hits and 6 records
2025-09-19 02:27:39,385 - INFO - Processing /viper/ptmp/arego/RC4K1/1548.h5
2025-09-19 02:27:39,627 - INFO - Completed /viper/ptmp/arego/RC4K1_1/10030.h5 in 3.25 seconds
2025-09-19 02:27:39,650 - INFO - File 3098: Filtered 3580975 hits and 6 records
2025-09-19 02:27:39,767 - INFO - Processing /viper/ptmp/arego/RC4K1/3328.h5
2025-09-19 02:27:39,924 - INFO - File 27212: Filtered 6838233 hits and 4 records
2025-09-19 02:27:40,094 - INFO - Processing /viper/ptmp/arego/RC4K1/4946.h5
2025-09-19 02:27:40,171 - INFO - Completed /viper/ptmp/arego/RC4K1_1/22036.h5 in 3.02 seconds
2025-09-19 02:27:40,525 - INFO - File 11367: Filtered 8088301 hits and 8 records
2025-09-19 02:27:40,643 - INFO - Processing /viper/ptmp/arego/RC4K1/23018.h5
2025-09-19 02:27:40,686 - INFO - File 10597: Filtered 5129697 hits and 6 records
2025-09-19 02:27:40,803 - INFO - Processing /viper/ptmp/arego/RC4K1/15548.h5
2025-09-19 02:27:40,830 - INFO - Completed /viper/ptmp/arego/RC4K1_1/6966.h5 in 4.09 seconds
2025-09-19 02:27:41,160 - INFO - Completed /viper/ptmp/arego/RC4K1_1/27212.h5 in 3.21 seconds
2025-09-19 02:27:41,206 - INFO - File 12458: Filtered 6406313 hits and 7 records
2025-09-19 02:27:41,263 - INFO - Completed /viper/ptmp/arego/RC4K1_1/11367.h5 in 2.96 seconds
2025-09-19 02:27:41,439 - INFO - Processing /viper/ptmp/arego/RC4K1/6726.h5
2025-09-19 02:27:41,479 - INFO - File 1548: Filtered 6419575 hits and 7 records
2025-09-19 02:27:41,564 - INFO - Processing /viper/ptmp/arego/RC4K1/27102.h5
2025-09-19 02:27:41,924 - INFO - File 3328: Filtered 5206587 hits and 11 records
2025-09-19 02:27:41,986 - INFO - Completed /viper/ptmp/arego/RC4K1_1/3098.h5 in 4.54 seconds
2025-09-19 02:27:42,268 - INFO - Processing /viper/ptmp/arego/RC4K1/17586.h5
2025-09-19 02:27:42,274 - INFO - File 4946: Filtered 3396732 hits and 5 records
2025-09-19 02:27:42,298 - INFO - Processing /viper/ptmp/arego/RC4K1/9707.h5
2025-09-19 02:27:42,491 - INFO - Completed /viper/ptmp/arego/RC4K1_1/12458.h5 in 3.52 seconds
2025-09-19 02:27:42,606 - INFO - Completed /viper/ptmp/arego/RC4K1_1/10597.h5 in 3.95 seconds
2025-09-19 02:27:42,813 - INFO - File 23018: Filtered 7871864 hits and 7 records
2025-09-19 02:27:42,837 - INFO - Completed /viper/ptmp/arego/RC4K1_1/1548.h5 in 3.45 seconds
2025-09-19 02:27:42,993 - INFO - Processing /viper/ptmp/arego/RC4K1/26766.h5
2025-09-19 02:27:43,005 - INFO - File 15548: Filtered 7280263 hits and 5 records
2025-09-19 02:27:43,066 - INFO - Processing /viper/ptmp/arego/RC4K1/16600.h5
2025-09-19 02:27:43,647 - INFO - Completed /viper/ptmp/arego/RC4K1_1/3328.h5 in 3.88 seconds
2025-09-19 02:27:43,689 - INFO - File 27102: Filtered 7669630 hits and 7 records
2025-09-19 02:27:43,749 - INFO - Processing /viper/ptmp/arego/RC4K1/3013.h5
2025-09-19 02:27:43,755 - INFO - File 6726: Filtered 3933049 hits and 6 records
2025-09-19 02:27:43,757 - INFO - Processing /viper/ptmp/arego/RC4K1/25635.h5
2025-09-19 02:27:43,813 - INFO - Completed /viper/ptmp/arego/RC4K1_1/23018.h5 in 3.17 seconds
2025-09-19 02:27:44,172 - INFO - Completed /viper/ptmp/arego/RC4K1_1/15548.h5 in 3.37 seconds
2025-09-19 02:27:44,444 - INFO - File 17586: Filtered 7557060 hits and 6 records
2025-09-19 02:27:44,480 - INFO - Processing /viper/ptmp/arego/RC4K1/14528.h5
2025-09-19 02:27:44,483 - INFO - Processing /viper/ptmp/arego/RC4K1/17770.h5
2025-09-19 02:27:44,492 - INFO - File 9707: Filtered 7357874 hits and 7 records
2025-09-19 02:27:44,752 - INFO - Completed /viper/ptmp/arego/RC4K1_1/4946.h5 in 4.66 seconds
2025-09-19 02:27:44,783 - INFO - Completed /viper/ptmp/arego/RC4K1_1/27102.h5 in 3.22 seconds
2025-09-19 02:27:45,179 - INFO - File 26766: Filtered 5331500 hits and 5 records
2025-09-19 02:27:45,237 - INFO - Processing /viper/ptmp/arego/RC4K1/15427.h5
2025-09-19 02:27:45,229 - INFO - Processing /viper/ptmp/arego/RC4K1/5587.h5
2025-09-19 02:27:45,245 - INFO - File 16600: Filtered 6176729 hits and 8 records
2025-09-19 02:27:45,567 - INFO - Completed /viper/ptmp/arego/RC4K1_1/9707.h5 in 3.27 seconds
2025-09-19 02:27:45,757 - INFO - Completed /viper/ptmp/arego/RC4K1_1/17586.h5 in 3.49 seconds
2025-09-19 02:27:45,858 - INFO - File 3013: Filtered 8990782 hits and 3 records
2025-09-19 02:27:45,872 - INFO - Processing /viper/ptmp/arego/RC4K1/19233.h5
2025-09-19 02:27:45,953 - INFO - Processing /viper/ptmp/arego/RC4K1/5842.h5
2025-09-19 02:27:45,971 - INFO - Completed /viper/ptmp/arego/RC4K1_1/6726.h5 in 4.53 seconds
2025-09-19 02:27:46,211 - INFO - File 25635: Filtered 6168968 hits and 9 records
2025-09-19 02:27:46,518 - INFO - Processing /viper/ptmp/arego/RC4K1/12072.h5
2025-09-19 02:27:46,558 - INFO - File 17770: Filtered 6748941 hits and 6 records
2025-09-19 02:27:46,731 - INFO - Processing /viper/ptmp/arego/RC4K1/29289.h5
2025-09-19 02:27:46,786 - INFO - Completed /viper/ptmp/arego/RC4K1_1/16600.h5 in 3.72 seconds
2025-09-19 02:27:46,891 - INFO - File 14528: Filtered 3253622 hits and 6 records
2025-09-19 02:27:47,017 - INFO - Completed /viper/ptmp/arego/RC4K1_1/3013.h5 in 3.27 seconds
2025-09-19 02:27:47,084 - INFO - Processing /viper/ptmp/arego/RC4K1/6280.h5
2025-09-19 02:27:47,202 - INFO - Completed /viper/ptmp/arego/RC4K1_1/26766.h5 in 4.21 seconds
2025-09-19 02:27:47,503 - INFO - Processing /viper/ptmp/arego/RC4K1/13741.h5
2025-09-19 02:27:47,621 - INFO - Processing /viper/ptmp/arego/RC4K1/6143.h5
2025-09-19 02:27:47,829 - INFO - Completed /viper/ptmp/arego/RC4K1_1/17770.h5 in 3.35 seconds
2025-09-19 02:27:48,069 - INFO - Completed /viper/ptmp/arego/RC4K1_1/25635.h5 in 4.31 seconds
2025-09-19 02:27:48,256 - INFO - Processing /viper/ptmp/arego/RC4K1/21705.h5
2025-09-19 02:27:48,293 - INFO - File 15427: Filtered 7677617 hits and 7 records
2025-09-19 02:27:48,302 - INFO - Processing /viper/ptmp/arego/RC4K1/11138.h5
2025-09-19 02:27:48,629 - INFO - File 5587: Filtered 1648146 hits and 4 records
2025-09-19 02:27:49,283 - INFO - Processing /viper/ptmp/arego/RC4K1/11779.h5
2025-09-19 02:27:49,426 - INFO - Processing /viper/ptmp/arego/RC4K1/16019.h5
2025-09-19 02:27:49,619 - INFO - Completed /viper/ptmp/arego/RC4K1_1/15427.h5 in 4.38 seconds
2025-09-19 02:27:49,746 - INFO - Completed /viper/ptmp/arego/RC4K1_1/14528.h5 in 5.27 seconds
2025-09-19 02:27:49,904 - INFO - File 5842: Filtered 9720792 hits and 7 records
2025-09-19 02:27:49,996 - INFO - File 29289: Filtered 7170924 hits and 11 records
2025-09-19 02:27:50,205 - INFO - File 12072: Filtered 8676621 hits and 8 records
2025-09-19 02:27:50,323 - INFO - Processing /viper/ptmp/arego/RC4K1/28746.h5
2025-09-19 02:27:50,415 - INFO - File 6280: Filtered 9448786 hits and 7 records
2025-09-19 02:27:50,430 - INFO - File 19233: Filtered 5591958 hits and 9 records
2025-09-19 02:27:50,544 - INFO - File 13741: Filtered 8765823 hits and 6 records
2025-09-19 02:27:50,588 - INFO - Completed /viper/ptmp/arego/RC4K1_1/5842.h5 in 4.64 seconds
2025-09-19 02:27:50,676 - INFO - Processing /viper/ptmp/arego/RC4K1/29493.h5
2025-09-19 02:27:51,165 - INFO - File 6143: Filtered 7925842 hits and 8 records
2025-09-19 02:27:51,254 - INFO - Processing /viper/ptmp/arego/RC4K1/4480.h5
2025-09-19 02:27:51,262 - INFO - File 21705: Filtered 7194666 hits and 7 records
2025-09-19 02:27:51,435 - INFO - Completed /viper/ptmp/arego/RC4K1_1/12072.h5 in 4.92 seconds
2025-09-19 02:27:51,464 - INFO - Completed /viper/ptmp/arego/RC4K1_1/29289.h5 in 4.73 seconds
2025-09-19 02:27:51,494 - INFO - Completed /viper/ptmp/arego/RC4K1_1/13741.h5 in 3.99 seconds
2025-09-19 02:27:51,722 - INFO - File 11138: Filtered 4142764 hits and 7 records
2025-09-19 02:27:51,774 - INFO - Processing /viper/ptmp/arego/RC4K1/13660.h5
2025-09-19 02:27:51,855 - INFO - Completed /viper/ptmp/arego/RC4K1_1/6280.h5 in 4.77 seconds
2025-09-19 02:27:52,081 - INFO - Processing /viper/ptmp/arego/RC4K1/15855.h5
2025-09-19 02:27:52,113 - INFO - File 11779: Filtered 7031449 hits and 9 records
2025-09-19 02:27:52,455 - INFO - File 16019: Filtered 3851218 hits and 6 records
2025-09-19 02:27:52,574 - INFO - Completed /viper/ptmp/arego/RC4K1_1/19233.h5 in 6.70 seconds
2025-09-19 02:27:52,651 - INFO - Completed /viper/ptmp/arego/RC4K1_1/5587.h5 in 7.42 seconds
2025-09-19 02:27:52,738 - INFO - Completed /viper/ptmp/arego/RC4K1_1/21705.h5 in 4.48 seconds
2025-09-19 02:27:52,748 - INFO - Completed /viper/ptmp/arego/RC4K1_1/6143.h5 in 5.13 seconds
2025-09-19 02:27:52,812 - INFO - Processing /viper/ptmp/arego/RC4K1/13894.h5
2025-09-19 02:27:52,914 - INFO - Processing /viper/ptmp/arego/RC4K1/26247.h5
2025-09-19 02:27:53,089 - INFO - File 28746: Filtered 2776708 hits and 5 records
2025-09-19 02:27:53,303 - INFO - File 29493: Filtered 9647321 hits and 6 records
2025-09-19 02:27:53,570 - INFO - Processing /viper/ptmp/arego/RC4K1/12588.h5
2025-09-19 02:27:53,645 - INFO - Completed /viper/ptmp/arego/RC4K1_1/11779.h5 in 4.36 seconds
2025-09-19 02:27:53,849 - INFO - Processing /viper/ptmp/arego/RC4K1/9679.h5
2025-09-19 02:27:54,098 - INFO - Completed /viper/ptmp/arego/RC4K1_1/29493.h5 in 3.42 seconds
2025-09-19 02:27:54,216 - INFO - Processing /viper/ptmp/arego/RC4K1/9465.h5
2025-09-19 02:27:54,219 - INFO - File 13660: Filtered 5795641 hits and 6 records
2025-09-19 02:27:54,366 - INFO - File 4480: Filtered 4512699 hits and 8 records
2025-09-19 02:27:54,367 - INFO - Completed /viper/ptmp/arego/RC4K1_1/11138.h5 in 6.07 seconds
2025-09-19 02:27:54,774 - INFO - Processing /viper/ptmp/arego/RC4K1/25050.h5
2025-09-19 02:27:55,017 - INFO - Processing /viper/ptmp/arego/RC4K1/21103.h5
2025-09-19 02:27:55,140 - INFO - Completed /viper/ptmp/arego/RC4K1_1/16019.h5 in 5.71 seconds
2025-09-19 02:27:55,477 - INFO - File 13894: Filtered 5561874 hits and 9 records
2025-09-19 02:27:55,520 - INFO - Processing /viper/ptmp/arego/RC4K1/21037.h5
2025-09-19 02:27:55,572 - INFO - File 15855: Filtered 6327809 hits and 7 records
2025-09-19 02:27:55,790 - INFO - Processing /viper/ptmp/arego/RC4K1/16804.h5
2025-09-19 02:27:56,317 - INFO - File 12588: Filtered 10973506 hits and 3 records
2025-09-19 02:27:56,381 - INFO - File 26247: Filtered 7625589 hits and 8 records
2025-09-19 02:27:56,385 - INFO - Completed /viper/ptmp/arego/RC4K1_1/28746.h5 in 6.06 seconds
2025-09-19 02:27:56,511 - INFO - Completed /viper/ptmp/arego/RC4K1_1/13660.h5 in 4.74 seconds
2025-09-19 02:27:56,552 - INFO - Processing /viper/ptmp/arego/RC4K1/18825.h5
2025-09-19 02:27:56,597 - INFO - Processing /viper/ptmp/arego/RC4K1/11229.h5
2025-09-19 02:27:57,079 - INFO - File 9465: Filtered 8458585 hits and 5 records
2025-09-19 02:27:57,146 - INFO - Completed /viper/ptmp/arego/RC4K1_1/12588.h5 in 3.58 seconds
2025-09-19 02:27:57,360 - INFO - File 9679: Filtered 4857233 hits and 10 records
2025-09-19 02:27:57,470 - INFO - Processing /viper/ptmp/arego/RC4K1/5129.h5
2025-09-19 02:27:57,563 - INFO - Processing /viper/ptmp/arego/RC4K1/17098.h5
2025-09-19 02:27:57,766 - INFO - Completed /viper/ptmp/arego/RC4K1_1/4480.h5 in 6.51 seconds
2025-09-19 02:27:57,896 - INFO - Completed /viper/ptmp/arego/RC4K1_1/15855.h5 in 5.81 seconds
2025-09-19 02:27:57,924 - INFO - Completed /viper/ptmp/arego/RC4K1_1/13894.h5 in 5.11 seconds
2025-09-19 02:27:57,999 - INFO - File 21103: Filtered 9078905 hits and 11 records
2025-09-19 02:27:58,177 - INFO - Processing /viper/ptmp/arego/RC4K1/8310.h5
2025-09-19 02:27:58,395 - INFO - File 25050: Filtered 4406960 hits and 9 records
2025-09-19 02:27:58,507 - INFO - Completed /viper/ptmp/arego/RC4K1_1/26247.h5 in 5.59 seconds
2025-09-19 02:27:58,509 - INFO - Processing /viper/ptmp/arego/RC4K1/14204.h5
2025-09-19 02:27:58,674 - INFO - File 16804: Filtered 9880402 hits and 7 records
2025-09-19 02:27:58,788 - INFO - Completed /viper/ptmp/arego/RC4K1_1/9465.h5 in 4.57 seconds
2025-09-19 02:27:58,965 - INFO - File 21037: Filtered 6759293 hits and 8 records
2025-09-19 02:27:59,050 - INFO - Processing /viper/ptmp/arego/RC4K1/3937.h5
2025-09-19 02:27:59,525 - INFO - Processing /viper/ptmp/arego/RC4K1/27970.h5
2025-09-19 02:27:59,632 - INFO - Completed /viper/ptmp/arego/RC4K1_1/21103.h5 in 4.62 seconds
2025-09-19 02:27:59,727 - INFO - Processing /viper/ptmp/arego/RC4K1/17939.h5
2025-09-19 02:27:59,764 - INFO - File 11229: Filtered 8088729 hits and 8 records
2025-09-19 02:28:00,023 - INFO - File 18825: Filtered 3056666 hits and 3 records
2025-09-19 02:28:00,065 - INFO - Completed /viper/ptmp/arego/RC4K1_1/16804.h5 in 4.27 seconds
2025-09-19 02:28:00,223 - INFO - Completed /viper/ptmp/arego/RC4K1_1/9679.h5 in 6.37 seconds
2025-09-19 02:28:00,517 - INFO - Processing /viper/ptmp/arego/RC4K1/23485.h5
2025-09-19 02:28:00,623 - INFO - Processing /viper/ptmp/arego/RC4K1/10054.h5
2025-09-19 02:28:00,729 - INFO - File 5129: Filtered 7998979 hits and 7 records
2025-09-19 02:28:01,072 - INFO - File 17098: Filtered 6655429 hits and 6 records
2025-09-19 02:28:01,332 - INFO - Completed /viper/ptmp/arego/RC4K1_1/25050.h5 in 6.56 seconds
2025-09-19 02:28:01,340 - INFO - Completed /viper/ptmp/arego/RC4K1_1/21037.h5 in 5.82 seconds
2025-09-19 02:28:01,470 - INFO - Processing /viper/ptmp/arego/RC4K1/20406.h5
2025-09-19 02:28:01,478 - INFO - Processing /viper/ptmp/arego/RC4K1/3983.h5
2025-09-19 02:28:01,523 - INFO - File 8310: Filtered 9341617 hits and 6 records
2025-09-19 02:28:02,062 - INFO - File 14204: Filtered 7172785 hits and 8 records
2025-09-19 02:28:02,244 - INFO - Completed /viper/ptmp/arego/RC4K1_1/11229.h5 in 5.65 seconds
2025-09-19 02:28:02,423 - INFO - Processing /viper/ptmp/arego/RC4K1/20839.h5
2025-09-19 02:28:02,512 - INFO - File 3937: Filtered 5379230 hits and 7 records
2025-09-19 02:28:02,569 - INFO - Processing /viper/ptmp/arego/RC4K1/15765.h5
2025-09-19 02:28:03,048 - INFO - File 27970: Filtered 7764080 hits and 8 records
2025-09-19 02:28:03,126 - INFO - Completed /viper/ptmp/arego/RC4K1_1/5129.h5 in 5.66 seconds
2025-09-19 02:28:03,347 - INFO - Completed /viper/ptmp/arego/RC4K1_1/17098.h5 in 5.78 seconds
2025-09-19 02:28:03,417 - INFO - Processing /viper/ptmp/arego/RC4K1/11540.h5
2025-09-19 02:28:03,459 - INFO - File 17939: Filtered 5693601 hits and 5 records
2025-09-19 02:28:03,576 - INFO - Completed /viper/ptmp/arego/RC4K1_1/18825.h5 in 7.02 seconds
2025-09-19 02:28:03,639 - INFO - Completed /viper/ptmp/arego/RC4K1_1/8310.h5 in 5.46 seconds
2025-09-19 02:28:03,640 - INFO - Processing /viper/ptmp/arego/RC4K1/29972.h5
2025-09-19 02:28:04,008 - INFO - File 23485: Filtered 6263297 hits and 7 records
2025-09-19 02:28:04,302 - INFO - Completed /viper/ptmp/arego/RC4K1_1/14204.h5 in 5.79 seconds
2025-09-19 02:28:04,335 - INFO - Processing /viper/ptmp/arego/RC4K1/18041.h5
2025-09-19 02:28:04,449 - INFO - File 10054: Filtered 9433823 hits and 9 records
2025-09-19 02:28:04,495 - INFO - Processing /viper/ptmp/arego/RC4K1/13658.h5
2025-09-19 02:28:05,073 - INFO - Completed /viper/ptmp/arego/RC4K1_1/27970.h5 in 5.55 seconds
2025-09-19 02:28:05,133 - INFO - File 3983: Filtered 3097129 hits and 7 records
2025-09-19 02:28:05,386 - INFO - File 20406: Filtered 7547070 hits and 7 records
2025-09-19 02:28:05,391 - INFO - Processing /viper/ptmp/arego/RC4K1/6116.h5
2025-09-19 02:28:05,415 - INFO - Processing /viper/ptmp/arego/RC4K1/9919.h5
2025-09-19 02:28:06,044 - INFO - Completed /viper/ptmp/arego/RC4K1_1/3937.h5 in 6.99 seconds
2025-09-19 02:28:06,064 - INFO - File 15765: Filtered 7871964 hits and 6 records
2025-09-19 02:28:06,251 - INFO - File 20839: Filtered 8123435 hits and 6 records
2025-09-19 02:28:06,297 - INFO - Processing /viper/ptmp/arego/RC4K1/22267.h5
2025-09-19 02:28:06,524 - INFO - Completed /viper/ptmp/arego/RC4K1_1/23485.h5 in 6.01 seconds
2025-09-19 02:28:06,706 - INFO - Processing /viper/ptmp/arego/RC4K1/16975.h5
2025-09-19 02:28:06,852 - INFO - Completed /viper/ptmp/arego/RC4K1_1/10054.h5 in 6.23 seconds
2025-09-19 02:28:06,905 - INFO - Completed /viper/ptmp/arego/RC4K1_1/17939.h5 in 7.18 seconds
2025-09-19 02:28:07,332 - INFO - Processing /viper/ptmp/arego/RC4K1/6403.h5
2025-09-19 02:28:07,389 - INFO - File 29972: Filtered 4705209 hits and 7 records
2025-09-19 02:28:07,455 - INFO - File 11540: Filtered 11396798 hits and 10 records
2025-09-19 02:28:07,748 - INFO - Processing /viper/ptmp/arego/RC4K1/16523.h5
2025-09-19 02:28:08,139 - INFO - File 13658: Filtered 9644408 hits and 6 records
2025-09-19 02:28:08,192 - INFO - File 18041: Filtered 9121831 hits and 8 records
2025-09-19 02:28:08,447 - INFO - Processing /viper/ptmp/arego/RC4K1/20830.h5
2025-09-19 02:28:08,578 - INFO - Processing /viper/ptmp/arego/RC4K1/1008.h5
2025-09-19 02:28:08,585 - INFO - Completed /viper/ptmp/arego/RC4K1_1/20406.h5 in 7.11 seconds
2025-09-19 02:28:08,587 - INFO - Completed /viper/ptmp/arego/RC4K1_1/15765.h5 in 6.02 seconds
2025-09-19 02:28:08,988 - INFO - Completed /viper/ptmp/arego/RC4K1_1/11540.h5 in 5.57 seconds
2025-09-19 02:28:09,051 - INFO - Completed /viper/ptmp/arego/RC4K1_1/3983.h5 in 7.57 seconds
2025-09-19 02:28:09,172 - INFO - Completed /viper/ptmp/arego/RC4K1_1/20839.h5 in 6.75 seconds
2025-09-19 02:28:09,176 - INFO - File 9919: Filtered 9656807 hits and 6 records
2025-09-19 02:28:09,250 - INFO - File 6116: Filtered 6365309 hits and 6 records
2025-09-19 02:28:09,341 - INFO - Processing /viper/ptmp/arego/RC4K1/18544.h5
2025-09-19 02:28:09,394 - INFO - Processing /viper/ptmp/arego/RC4K1/5360.h5
2025-09-19 02:28:09,676 - INFO - Completed /viper/ptmp/arego/RC4K1_1/13658.h5 in 5.18 seconds
2025-09-19 02:28:09,960 - INFO - File 22267: Filtered 5478911 hits and 5 records
2025-09-19 02:28:10,171 - INFO - Processing /viper/ptmp/arego/RC4K1/7345.h5
2025-09-19 02:28:10,258 - INFO - File 16975: Filtered 12295363 hits and 9 records
2025-09-19 02:28:10,272 - INFO - Processing /viper/ptmp/arego/RC4K1/8404.h5
2025-09-19 02:28:10,577 - INFO - Completed /viper/ptmp/arego/RC4K1_1/18041.h5 in 6.24 seconds
2025-09-19 02:28:10,727 - INFO - File 6403: Filtered 11521316 hits and 8 records
2025-09-19 02:28:10,936 - INFO - Completed /viper/ptmp/arego/RC4K1_1/29972.h5 in 7.30 seconds
2025-09-19 02:28:11,072 - INFO - Processing /viper/ptmp/arego/RC4K1/19763.h5
2025-09-19 02:28:11,115 - INFO - Processing /viper/ptmp/arego/RC4K1/26993.h5
2025-09-19 02:28:11,358 - INFO - File 16523: Filtered 10694699 hits and 8 records
2025-09-19 02:28:11,365 - INFO - Completed /viper/ptmp/arego/RC4K1_1/9919.h5 in 5.95 seconds
2025-09-19 02:28:11,473 - INFO - Completed /viper/ptmp/arego/RC4K1_1/16975.h5 in 4.77 seconds
2025-09-19 02:28:11,818 - INFO - File 20830: Filtered 11529566 hits and 8 records
2025-09-19 02:28:11,865 - INFO - Completed /viper/ptmp/arego/RC4K1_1/6403.h5 in 4.53 seconds
2025-09-19 02:28:11,872 - INFO - Processing /viper/ptmp/arego/RC4K1/26743.h5
2025-09-19 02:28:11,959 - INFO - Processing /viper/ptmp/arego/RC4K1/25039.h5
2025-09-19 02:28:11,988 - INFO - Completed /viper/ptmp/arego/RC4K1_1/6116.h5 in 6.60 seconds
2025-09-19 02:28:12,422 - INFO - File 1008: Filtered 2034530 hits and 3 records
2025-09-19 02:28:12,619 - INFO - Processing /viper/ptmp/arego/RC4K1/26573.h5
2025-09-19 02:28:12,642 - INFO - File 18544: Filtered 8399335 hits and 8 records
2025-09-19 02:28:12,764 - INFO - Processing /viper/ptmp/arego/RC4K1/14099.h5
2025-09-19 02:28:12,767 - INFO - Completed /viper/ptmp/arego/RC4K1_1/22267.h5 in 6.47 seconds
2025-09-19 02:28:12,796 - INFO - Completed /viper/ptmp/arego/RC4K1_1/20830.h5 in 4.35 seconds
2025-09-19 02:28:13,112 - INFO - File 5360: Filtered 11368726 hits and 7 records
2025-09-19 02:28:13,280 - INFO - Completed /viper/ptmp/arego/RC4K1_1/16523.h5 in 5.53 seconds
2025-09-19 02:28:13,418 - INFO - File 7345: Filtered 12834881 hits and 7 records
2025-09-19 02:28:13,576 - INFO - Processing /viper/ptmp/arego/RC4K1/19804.h5
2025-09-19 02:28:13,788 - INFO - Processing /viper/ptmp/arego/RC4K1/29934.h5
2025-09-19 02:28:14,090 - INFO - Completed /viper/ptmp/arego/RC4K1_1/7345.h5 in 3.92 seconds
2025-09-19 02:28:14,273 - INFO - Processing /viper/ptmp/arego/RC4K1/4870.h5
2025-09-19 02:28:14,499 - INFO - File 19763: Filtered 8296754 hits and 10 records
2025-09-19 02:28:14,503 - INFO - File 8404: Filtered 7416863 hits and 6 records
2025-09-19 02:28:14,866 - INFO - Processing /viper/ptmp/arego/RC4K1/27081.h5
2025-09-19 02:28:15,194 - INFO - Completed /viper/ptmp/arego/RC4K1_1/5360.h5 in 5.80 seconds
2025-09-19 02:28:15,255 - INFO - Processing /viper/ptmp/arego/RC4K1/18641.h5
2025-09-19 02:28:15,524 - INFO - File 26993: Filtered 7767674 hits and 9 records
2025-09-19 02:28:15,592 - INFO - File 26743: Filtered 5877064 hits and 7 records
2025-09-19 02:28:15,601 - INFO - Completed /viper/ptmp/arego/RC4K1_1/18544.h5 in 6.26 seconds
2025-09-19 02:28:16,065 - INFO - Processing /viper/ptmp/arego/RC4K1/5047.h5
2025-09-19 02:28:16,243 - INFO - Processing /viper/ptmp/arego/RC4K1/974.h5
2025-09-19 02:28:16,269 - INFO - File 25039: Filtered 9199969 hits and 7 records
2025-09-19 02:28:16,765 - INFO - File 26573: Filtered 6175358 hits and 6 records
2025-09-19 02:28:17,072 - INFO - Completed /viper/ptmp/arego/RC4K1_1/19763.h5 in 6.00 seconds
2025-09-19 02:28:17,201 - INFO - File 14099: Filtered 12095065 hits and 9 records
2025-09-19 02:28:17,249 - INFO - Processing /viper/ptmp/arego/RC4K1/18149.h5
2025-09-19 02:28:17,848 - INFO - Completed /viper/ptmp/arego/RC4K1_1/1008.h5 in 9.27 seconds
2025-09-19 02:28:17,963 - INFO - Completed /viper/ptmp/arego/RC4K1_1/8404.h5 in 7.69 seconds
2025-09-19 02:28:18,023 - INFO - File 19804: Filtered 8888891 hits and 9 records
2025-09-19 02:28:18,294 - INFO - File 29934: Filtered 6192949 hits and 6 records
2025-09-19 02:28:18,453 - INFO - Processing /viper/ptmp/arego/RC4K1/3858.h5
2025-09-19 02:28:18,555 - INFO - Processing /viper/ptmp/arego/RC4K1/19532.h5
2025-09-19 02:28:18,762 - INFO - File 4870: Filtered 8515939 hits and 7 records
2025-09-19 02:28:18,941 - INFO - Completed /viper/ptmp/arego/RC4K1_1/26993.h5 in 7.83 seconds
2025-09-19 02:28:19,022 - INFO - Completed /viper/ptmp/arego/RC4K1_1/25039.h5 in 7.06 seconds
2025-09-19 02:28:19,057 - INFO - Completed /viper/ptmp/arego/RC4K1_1/14099.h5 in 6.29 seconds
2025-09-19 02:28:19,270 - INFO - File 27081: Filtered 15736982 hits and 6 records
2025-09-19 02:28:19,500 - INFO - Completed /viper/ptmp/arego/RC4K1_1/26743.h5 in 7.63 seconds
2025-09-19 02:28:19,507 - INFO - Processing /viper/ptmp/arego/RC4K1/7568.h5
2025-09-19 02:28:19,853 - INFO - Completed /viper/ptmp/arego/RC4K1_1/27081.h5 in 4.99 seconds
2025-09-19 02:28:19,943 - INFO - File 5047: Filtered 11109714 hits and 6 records
2025-09-19 02:28:20,069 - INFO - Processing /viper/ptmp/arego/RC4K1/4379.h5
2025-09-19 02:28:20,107 - INFO - File 18641: Filtered 7994099 hits and 7 records
2025-09-19 02:28:20,251 - INFO - Processing /viper/ptmp/arego/RC4K1/29888.h5
2025-09-19 02:28:20,666 - INFO - Processing /viper/ptmp/arego/RC4K1/16668.h5
2025-09-19 02:28:20,808 - INFO - Completed /viper/ptmp/arego/RC4K1_1/26573.h5 in 8.19 seconds
2025-09-19 02:28:21,056 - INFO - Completed /viper/ptmp/arego/RC4K1_1/19804.h5 in 7.48 seconds
2025-09-19 02:28:21,204 - INFO - File 974: Filtered 6416422 hits and 6 records
2025-09-19 02:28:21,368 - INFO - Processing /viper/ptmp/arego/RC4K1/4054.h5
2025-09-19 02:28:21,823 - INFO - Completed /viper/ptmp/arego/RC4K1_1/5047.h5 in 5.76 seconds
2025-09-19 02:28:21,931 - INFO - Processing /viper/ptmp/arego/RC4K1/19319.h5
2025-09-19 02:28:21,976 - INFO - Completed /viper/ptmp/arego/RC4K1_1/29934.h5 in 8.19 seconds
2025-09-19 02:28:21,998 - INFO - File 18149: Filtered 12386924 hits and 8 records
2025-09-19 02:28:22,133 - INFO - Completed /viper/ptmp/arego/RC4K1_1/4870.h5 in 7.86 seconds
2025-09-19 02:28:22,187 - INFO - File 3858: Filtered 5350116 hits and 5 records
2025-09-19 02:28:22,242 - INFO - Processing /viper/ptmp/arego/RC4K1/6475.h5
2025-09-19 02:28:22,749 - INFO - Processing /viper/ptmp/arego/RC4K1/27947.h5
2025-09-19 02:28:23,215 - INFO - File 19532: Filtered 8428092 hits and 8 records
2025-09-19 02:28:23,339 - INFO - Processing /viper/ptmp/arego/RC4K1/9375.h5
2025-09-19 02:28:23,345 - INFO - Completed /viper/ptmp/arego/RC4K1_1/18641.h5 in 8.09 seconds
2025-09-19 02:28:23,424 - INFO - Completed /viper/ptmp/arego/RC4K1_1/18149.h5 in 6.17 seconds
2025-09-19 02:28:23,605 - INFO - File 7568: Filtered 8323389 hits and 8 records
2025-09-19 02:28:23,761 - INFO - Processing /viper/ptmp/arego/RC4K1/3428.h5
2025-09-19 02:28:24,348 - INFO - File 29888: Filtered 9440057 hits and 3 records
2025-09-19 02:28:24,525 - INFO - Processing /viper/ptmp/arego/RC4K1/6425.h5
2025-09-19 02:28:24,555 - INFO - Processing /viper/ptmp/arego/RC4K1/13299.h5
2025-09-19 02:28:24,667 - INFO - File 4379: Filtered 7515849 hits and 6 records
2025-09-19 02:28:24,786 - INFO - Completed /viper/ptmp/arego/RC4K1_1/974.h5 in 8.54 seconds
2025-09-19 02:28:25,499 - INFO - Processing /viper/ptmp/arego/RC4K1/5907.h5
2025-09-19 02:28:25,729 - INFO - File 16668: Filtered 8603837 hits and 6 records
2025-09-19 02:28:25,955 - INFO - Completed /viper/ptmp/arego/RC4K1_1/19532.h5 in 7.40 seconds
2025-09-19 02:28:26,239 - INFO - Processing /viper/ptmp/arego/RC4K1/16826.h5
2025-09-19 02:28:26,665 - INFO - File 4054: Filtered 7570787 hits and 8 records
2025-09-19 02:28:26,847 - INFO - File 19319: Filtered 10791429 hits and 7 records
2025-09-19 02:28:27,215 - INFO - Processing /viper/ptmp/arego/RC4K1/23958.h5
2025-09-19 02:28:27,307 - INFO - Completed /viper/ptmp/arego/RC4K1_1/3858.h5 in 8.85 seconds
2025-09-19 02:28:27,360 - INFO - File 6475: Filtered 8925900 hits and 8 records
2025-09-19 02:28:27,458 - INFO - Completed /viper/ptmp/arego/RC4K1_1/29888.h5 in 7.21 seconds
2025-09-19 02:28:27,471 - INFO - Completed /viper/ptmp/arego/RC4K1_1/7568.h5 in 7.96 seconds
2025-09-19 02:28:27,629 - INFO - File 27947: Filtered 9589690 hits and 8 records
2025-09-19 02:28:28,063 - INFO - Processing /viper/ptmp/arego/RC4K1/11875.h5
2025-09-19 02:28:28,130 - INFO - Processing /viper/ptmp/arego/RC4K1/12492.h5
2025-09-19 02:28:28,412 - INFO - File 9375: Filtered 12195285 hits and 9 records
2025-09-19 02:28:28,630 - INFO - Completed /viper/ptmp/arego/RC4K1_1/4379.h5 in 8.56 seconds
2025-09-19 02:28:28,992 - INFO - Processing /viper/ptmp/arego/RC4K1/16675.h5
2025-09-19 02:28:29,175 - INFO - File 3428: Filtered 6404113 hits and 7 records
2025-09-19 02:28:29,276 - INFO - File 6425: Filtered 5919456 hits and 8 records
2025-09-19 02:28:29,358 - INFO - Completed /viper/ptmp/arego/RC4K1_1/16668.h5 in 8.69 seconds
2025-09-19 02:28:29,434 - INFO - Completed /viper/ptmp/arego/RC4K1_1/19319.h5 in 7.50 seconds
2025-09-19 02:28:29,627 - INFO - Processing /viper/ptmp/arego/RC4K1/20717.h5
2025-09-19 02:28:29,965 - INFO - Processing /viper/ptmp/arego/RC4K1/13157.h5
2025-09-19 02:28:30,266 - INFO - Processing /viper/ptmp/arego/RC4K1/10420.h5
2025-09-19 02:28:30,339 - INFO - Completed /viper/ptmp/arego/RC4K1_1/9375.h5 in 7.00 seconds
2025-09-19 02:28:30,469 - INFO - Completed /viper/ptmp/arego/RC4K1_1/4054.h5 in 9.10 seconds
2025-09-19 02:28:30,655 - INFO - Completed /viper/ptmp/arego/RC4K1_1/6475.h5 in 8.41 seconds
2025-09-19 02:28:30,760 - INFO - File 13299: Filtered 8254036 hits and 7 records
2025-09-19 02:28:30,951 - INFO - Processing /viper/ptmp/arego/RC4K1/9127.h5
2025-09-19 02:28:31,018 - INFO - Completed /viper/ptmp/arego/RC4K1_1/27947.h5 in 8.27 seconds
2025-09-19 02:28:31,525 - INFO - File 5907: Filtered 10735196 hits and 7 records
2025-09-19 02:28:31,667 - INFO - File 12492: Filtered 13280563 hits and 9 records
2025-09-19 02:28:31,733 - INFO - Processing /viper/ptmp/arego/RC4K1/13285.h5
2025-09-19 02:28:31,854 - INFO - Processing /viper/ptmp/arego/RC4K1/26657.h5
2025-09-19 02:28:32,382 - INFO - File 16826: Filtered 10237152 hits and 7 records
2025-09-19 02:28:32,758 - INFO - Processing /viper/ptmp/arego/RC4K1/3025.h5
2025-09-19 02:28:32,972 - INFO - File 23958: Filtered 8731114 hits and 6 records
2025-09-19 02:28:33,033 - INFO - Completed /viper/ptmp/arego/RC4K1_1/6425.h5 in 8.51 seconds
2025-09-19 02:28:33,059 - INFO - File 16675: Filtered 8863054 hits and 8 records
2025-09-19 02:28:33,391 - INFO - Completed /viper/ptmp/arego/RC4K1_1/12492.h5 in 5.26 seconds
2025-09-19 02:28:34,178 - INFO - Processing /viper/ptmp/arego/RC4K1/21068.h5
2025-09-19 02:28:34,394 - ERROR - Error processing /viper/ptmp/arego/RC4K1/3428.h5: low >= high
2025-09-19 02:28:34,396 - INFO - File 11875: Filtered 7308000 hits and 5 records
2025-09-19 02:28:34,685 - INFO - Completed /viper/ptmp/arego/RC4K1_1/5907.h5 in 9.19 seconds
2025-09-19 02:28:34,921 - INFO - Completed /viper/ptmp/arego/RC4K1_1/13299.h5 in 10.37 seconds
2025-09-19 02:28:35,105 - INFO - File 20717: Filtered 6924121 hits and 8 records
2025-09-19 02:28:35,126 - INFO - File 13157: Filtered 13580827 hits and 8 records
2025-09-19 02:28:35,156 - INFO - Processing /viper/ptmp/arego/RC4K1/20371.h5
2025-09-19 02:28:35,323 - INFO - Completed /viper/ptmp/arego/RC4K1_1/16826.h5 in 9.08 seconds
2025-09-19 02:28:35,350 - INFO - Processing /viper/ptmp/arego/RC4K1/16979.h5
2025-09-19 02:28:35,357 - INFO - File 10420: Filtered 13543351 hits and 10 records
2025-09-19 02:28:35,834 - INFO - Processing /viper/ptmp/arego/RC4K1/3206.h5
2025-09-19 02:28:36,215 - INFO - Completed /viper/ptmp/arego/RC4K1_1/23958.h5 in 9.00 seconds
2025-09-19 02:28:36,232 - INFO - File 9127: Filtered 9678432 hits and 6 records
2025-09-19 02:28:36,482 - INFO - File 26657: Filtered 8724872 hits and 8 records
2025-09-19 02:28:36,502 - INFO - Completed /viper/ptmp/arego/RC4K1_1/13157.h5 in 6.54 seconds
2025-09-19 02:28:36,580 - INFO - Processing /viper/ptmp/arego/RC4K1/14555.h5
2025-09-19 02:28:36,980 - INFO - Completed /viper/ptmp/arego/RC4K1_1/16675.h5 in 7.99 seconds
2025-09-19 02:28:37,119 - INFO - File 13285: Filtered 7941341 hits and 4 records
2025-09-19 02:28:37,365 - INFO - Processing /viper/ptmp/arego/RC4K1/27598.h5
2025-09-19 02:28:37,583 - INFO - Completed /viper/ptmp/arego/RC4K1_1/10420.h5 in 7.32 seconds
2025-09-19 02:28:37,664 - INFO - Processing /viper/ptmp/arego/RC4K1/12832.h5
2025-09-19 02:28:38,197 - INFO - Processing /viper/ptmp/arego/RC4K1/7835.h5
2025-09-19 02:28:38,305 - INFO - File 3025: Filtered 10392550 hits and 7 records
2025-09-19 02:28:38,338 - INFO - Completed /viper/ptmp/arego/RC4K1_1/11875.h5 in 10.27 seconds
2025-09-19 02:28:39,013 - INFO - Processing /viper/ptmp/arego/RC4K1/25769.h5
2025-09-19 02:28:39,188 - INFO - Processing /viper/ptmp/arego/RC4K1/18606.h5
2025-09-19 02:28:39,370 - INFO - File 20371: Filtered 13080677 hits and 13 records
2025-09-19 02:28:39,544 - INFO - Completed /viper/ptmp/arego/RC4K1_1/26657.h5 in 7.69 seconds
2025-09-19 02:28:39,605 - INFO - File 21068: Filtered 8056678 hits and 4 records
2025-09-19 02:28:39,805 - INFO - Completed /viper/ptmp/arego/RC4K1_1/9127.h5 in 8.85 seconds
2025-09-19 02:28:39,972 - INFO - File 16979: Filtered 7662600 hits and 4 records
2025-09-19 02:28:40,140 - INFO - Completed /viper/ptmp/arego/RC4K1_1/20717.h5 in 10.51 seconds
2025-09-19 02:28:40,237 - INFO - Processing /viper/ptmp/arego/RC4K1/6675.h5
2025-09-19 02:28:40,239 - INFO - Processing /viper/ptmp/arego/RC4K1/1924.h5
2025-09-19 02:28:40,382 - INFO - File 3206: Filtered 12427176 hits and 9 records
2025-09-19 02:28:41,093 - INFO - Completed /viper/ptmp/arego/RC4K1_1/20371.h5 in 5.94 seconds
2025-09-19 02:28:41,206 - INFO - Completed /viper/ptmp/arego/RC4K1_1/13285.h5 in 9.47 seconds
2025-09-19 02:28:41,321 - INFO - Processing /viper/ptmp/arego/RC4K1/27305.h5
2025-09-19 02:28:41,378 - INFO - Processing /viper/ptmp/arego/RC4K1/19568.h5
2025-09-19 02:28:41,382 - INFO - File 14555: Filtered 8998764 hits and 3 records
2025-09-19 02:28:41,525 - INFO - Completed /viper/ptmp/arego/RC4K1_1/3025.h5 in 8.77 seconds
2025-09-19 02:28:42,037 - INFO - File 12832: Filtered 8636714 hits and 7 records
2025-09-19 02:28:42,116 - INFO - Processing /viper/ptmp/arego/RC4K1/13511.h5
2025-09-19 02:28:42,477 - INFO - Processing /viper/ptmp/arego/RC4K1/20540.h5
2025-09-19 02:28:42,650 - INFO - Completed /viper/ptmp/arego/RC4K1_1/3206.h5 in 6.82 seconds
2025-09-19 02:28:42,739 - INFO - File 27598: Filtered 5799394 hits and 5 records
2025-09-19 02:28:42,925 - INFO - Processing /viper/ptmp/arego/RC4K1/14.h5
2025-09-19 02:28:43,364 - INFO - File 25769: Filtered 14382164 hits and 10 records
2025-09-19 02:28:43,375 - INFO - Completed /viper/ptmp/arego/RC4K1_1/21068.h5 in 9.20 seconds
2025-09-19 02:28:43,584 - INFO - Processing /viper/ptmp/arego/RC4K1/21879.h5
2025-09-19 02:28:43,597 - INFO - File 7835: Filtered 12760488 hits and 10 records
2025-09-19 02:28:43,771 - INFO - Completed /viper/ptmp/arego/RC4K1_1/16979.h5 in 8.42 seconds
2025-09-19 02:28:44,098 - INFO - Processing /viper/ptmp/arego/RC4K1/21305.h5
2025-09-19 02:28:44,860 - INFO - File 1924: Filtered 15275676 hits and 7 records
2025-09-19 02:28:44,862 - INFO - File 18606: Filtered 9035239 hits and 8 records
2025-09-19 02:28:44,979 - INFO - Completed /viper/ptmp/arego/RC4K1_1/25769.h5 in 5.97 seconds
2025-09-19 02:28:45,108 - INFO - Completed /viper/ptmp/arego/RC4K1_1/14555.h5 in 8.53 seconds
2025-09-19 02:28:45,180 - INFO - Processing /viper/ptmp/arego/RC4K1/8938.h5
2025-09-19 02:28:45,477 - INFO - Completed /viper/ptmp/arego/RC4K1_1/12832.h5 in 7.81 seconds
2025-09-19 02:28:45,747 - INFO - File 27305: Filtered 5071356 hits and 4 records
2025-09-19 02:28:45,800 - INFO - Processing /viper/ptmp/arego/RC4K1/427.h5
2025-09-19 02:28:45,813 - INFO - File 6675: Filtered 6575504 hits and 6 records
2025-09-19 02:28:46,123 - INFO - Processing /viper/ptmp/arego/RC4K1/2097.h5
2025-09-19 02:28:46,226 - INFO - Completed /viper/ptmp/arego/RC4K1_1/7835.h5 in 8.03 seconds
2025-09-19 02:28:46,360 - INFO - Completed /viper/ptmp/arego/RC4K1_1/1924.h5 in 6.12 seconds
2025-09-19 02:28:47,004 - INFO - File 19568: Filtered 6388640 hits and 7 records
2025-09-19 02:28:47,047 - INFO - Processing /viper/ptmp/arego/RC4K1/21125.h5
2025-09-19 02:28:47,165 - INFO - Processing /viper/ptmp/arego/RC4K1/27796.h5
2025-09-19 02:28:47,196 - INFO - File 13511: Filtered 11938135 hits and 10 records
2025-09-19 02:28:48,158 - INFO - File 20540: Filtered 7999574 hits and 8 records
2025-09-19 02:28:48,165 - INFO - File 14: Filtered 16327632 hits and 9 records
2025-09-19 02:28:48,237 - INFO - Processing /viper/ptmp/arego/RC4K1/6008.h5
2025-09-19 02:28:48,313 - INFO - Completed /viper/ptmp/arego/RC4K1_1/18606.h5 in 9.13 seconds
2025-09-19 02:28:48,802 - INFO - Processing /viper/ptmp/arego/RC4K1/27657.h5
2025-09-19 02:28:48,874 - INFO - File 21879: Filtered 8067304 hits and 5 records
2025-09-19 02:28:49,229 - INFO - File 21305: Filtered 7686473 hits and 5 records
2025-09-19 02:28:49,291 - INFO - Completed /viper/ptmp/arego/RC4K1_1/14.h5 in 6.37 seconds
2025-09-19 02:28:49,641 - INFO - Completed /viper/ptmp/arego/RC4K1_1/27598.h5 in 12.28 seconds
2025-09-19 02:28:49,758 - INFO - Processing /viper/ptmp/arego/RC4K1/21921.h5
2025-09-19 02:28:50,211 - INFO - Completed /viper/ptmp/arego/RC4K1_1/13511.h5 in 8.10 seconds
2025-09-19 02:28:50,267 - INFO - Completed /viper/ptmp/arego/RC4K1_1/6675.h5 in 10.03 seconds
2025-09-19 02:28:50,382 - INFO - Processing /viper/ptmp/arego/RC4K1/27118.h5
2025-09-19 02:28:50,412 - INFO - File 8938: Filtered 13605265 hits and 9 records
2025-09-19 02:28:50,942 - INFO - Completed /viper/ptmp/arego/RC4K1_1/27305.h5 in 9.62 seconds
2025-09-19 02:28:51,028 - INFO - Processing /viper/ptmp/arego/RC4K1/2056.h5
2025-09-19 02:28:51,367 - INFO - Completed /viper/ptmp/arego/RC4K1_1/19568.h5 in 9.99 seconds
2025-09-19 02:28:51,471 - INFO - File 427: Filtered 9380033 hits and 7 records
2025-09-19 02:28:51,572 - INFO - Processing /viper/ptmp/arego/RC4K1/8649.h5
2025-09-19 02:28:51,794 - INFO - Completed /viper/ptmp/arego/RC4K1_1/20540.h5 in 9.32 seconds
2025-09-19 02:28:52,043 - INFO - File 2097: Filtered 10262880 hits and 8 records
2025-09-19 02:28:52,098 - INFO - Processing /viper/ptmp/arego/RC4K1/4788.h5
2025-09-19 02:28:52,276 - INFO - File 21125: Filtered 8184612 hits and 9 records
2025-09-19 02:28:52,442 - INFO - Processing /viper/ptmp/arego/RC4K1/3191.h5
2025-09-19 02:28:52,810 - INFO - Completed /viper/ptmp/arego/RC4K1_1/21879.h5 in 9.23 seconds
2025-09-19 02:28:52,837 - INFO - File 27796: Filtered 6272972 hits and 3 records
2025-09-19 02:28:53,235 - INFO - Completed /viper/ptmp/arego/RC4K1_1/8938.h5 in 8.05 seconds
2025-09-19 02:28:53,353 - INFO - Processing /viper/ptmp/arego/RC4K1/7462.h5
2025-09-19 02:28:53,365 - INFO - File 27657: Filtered 13858324 hits and 9 records
2025-09-19 02:28:53,589 - INFO - File 6008: Filtered 13451801 hits and 6 records
2025-09-19 02:28:53,771 - INFO - Processing /viper/ptmp/arego/RC4K1/7300.h5
2025-09-19 02:28:54,169 - INFO - Completed /viper/ptmp/arego/RC4K1_1/21305.h5 in 10.07 seconds
2025-09-19 02:28:54,338 - INFO - Processing /viper/ptmp/arego/RC4K1/3139.h5
2025-09-19 02:28:55,024 - INFO - Completed /viper/ptmp/arego/RC4K1_1/427.h5 in 9.22 seconds
2025-09-19 02:28:55,108 - INFO - Completed /viper/ptmp/arego/RC4K1_1/27657.h5 in 6.31 seconds
2025-09-19 02:28:55,221 - INFO - Processing /viper/ptmp/arego/RC4K1/27580.h5
2025-09-19 02:28:55,264 - INFO - File 27118: Filtered 11078632 hits and 5 records
2025-09-19 02:28:55,335 - INFO - File 21921: Filtered 16688876 hits and 11 records
2025-09-19 02:28:55,620 - INFO - Processing /viper/ptmp/arego/RC4K1/16776.h5
2025-09-19 02:28:56,274 - INFO - Completed /viper/ptmp/arego/RC4K1_1/2097.h5 in 10.15 seconds
2025-09-19 02:28:56,288 - INFO - Completed /viper/ptmp/arego/RC4K1_1/6008.h5 in 8.05 seconds
2025-09-19 02:28:56,344 - INFO - File 2056: Filtered 11037688 hits and 9 records
2025-09-19 02:28:56,466 - INFO - Completed /viper/ptmp/arego/RC4K1_1/21125.h5 in 9.42 seconds
2025-09-19 02:28:56,547 - INFO - Completed /viper/ptmp/arego/RC4K1_1/21921.h5 in 6.79 seconds
2025-09-19 02:28:56,773 - INFO - Processing /viper/ptmp/arego/RC4K1/2228.h5
2025-09-19 02:28:57,011 - INFO - Processing /viper/ptmp/arego/RC4K1/9326.h5
2025-09-19 02:28:57,323 - INFO - File 8649: Filtered 8120543 hits and 5 records
2025-09-19 02:28:57,354 - INFO - File 4788: Filtered 9097569 hits and 4 records
2025-09-19 02:28:57,593 - INFO - Processing /viper/ptmp/arego/RC4K1/17901.h5
2025-09-19 02:28:57,912 - INFO - Processing /viper/ptmp/arego/RC4K1/4396.h5
2025-09-19 02:28:58,006 - INFO - Completed /viper/ptmp/arego/RC4K1_1/27796.h5 in 10.84 seconds
2025-09-19 02:28:58,175 - INFO - File 3191: Filtered 6969742 hits and 4 records
2025-09-19 02:28:58,503 - INFO - Processing /viper/ptmp/arego/RC4K1/21727.h5
2025-09-19 02:28:58,811 - INFO - File 7300: Filtered 11276740 hits and 5 records
2025-09-19 02:28:58,840 - INFO - Completed /viper/ptmp/arego/RC4K1_1/27118.h5 in 8.46 seconds
2025-09-19 02:28:59,310 - INFO - Processing /viper/ptmp/arego/RC4K1/4829.h5
2025-09-19 02:28:59,391 - INFO - File 7462: Filtered 12831456 hits and 10 records
2025-09-19 02:28:59,487 - INFO - Completed /viper/ptmp/arego/RC4K1_1/2056.h5 in 8.46 seconds
2025-09-19 02:28:59,752 - INFO - Processing /viper/ptmp/arego/RC4K1/4970.h5
2025-09-19 02:29:00,058 - INFO - Processing /viper/ptmp/arego/RC4K1/28824.h5
2025-09-19 02:29:00,324 - INFO - File 27580: Filtered 10452742 hits and 7 records
2025-09-19 02:29:00,964 - INFO - File 3139: Filtered 7473951 hits and 8 records
2025-09-19 02:29:01,273 - INFO - Completed /viper/ptmp/arego/RC4K1_1/4788.h5 in 9.18 seconds
2025-09-19 02:29:01,941 - INFO - Processing /viper/ptmp/arego/RC4K1/12397.h5
2025-09-19 02:29:01,952 - INFO - Completed /viper/ptmp/arego/RC4K1_1/7300.h5 in 8.18 seconds
2025-09-19 02:29:02,051 - INFO - File 2228: Filtered 11165657 hits and 8 records
2025-09-19 02:29:02,141 - INFO - File 16776: Filtered 11856769 hits and 10 records
2025-09-19 02:29:02,412 - INFO - Completed /viper/ptmp/arego/RC4K1_1/8649.h5 in 10.84 seconds
2025-09-19 02:29:02,478 - INFO - Completed /viper/ptmp/arego/RC4K1_1/7462.h5 in 9.13 seconds
2025-09-19 02:29:02,916 - INFO - File 17901: Filtered 13019092 hits and 10 records
2025-09-19 02:29:02,974 - INFO - Processing /viper/ptmp/arego/RC4K1/26940.h5
2025-09-19 02:29:03,526 - INFO - Completed /viper/ptmp/arego/RC4K1_1/3191.h5 in 11.08 seconds
2025-09-19 02:29:03,538 - INFO - Processing /viper/ptmp/arego/RC4K1/7104.h5
2025-09-19 02:29:04,226 - INFO - File 9326: Filtered 8204769 hits and 4 records
2025-09-19 02:29:04,258 - INFO - Completed /viper/ptmp/arego/RC4K1_1/27580.h5 in 9.04 seconds
2025-09-19 02:29:04,509 - INFO - Processing /viper/ptmp/arego/RC4K1/28994.h5
2025-09-19 02:29:04,670 - INFO - File 21727: Filtered 8443761 hits and 6 records
2025-09-19 02:29:04,823 - INFO - Processing /viper/ptmp/arego/RC4K1/7028.h5
2025-09-19 02:29:05,425 - INFO - File 4396: Filtered 17674822 hits and 10 records
2025-09-19 02:29:05,586 - INFO - File 4829: Filtered 4976893 hits and 6 records
2025-09-19 02:29:05,662 - INFO - Completed /viper/ptmp/arego/RC4K1_1/2228.h5 in 8.89 seconds
2025-09-19 02:29:05,688 - INFO - Processing /viper/ptmp/arego/RC4K1/8261.h5
2025-09-19 02:29:05,916 - INFO - Completed /viper/ptmp/arego/RC4K1_1/16776.h5 in 10.30 seconds
2025-09-19 02:29:06,075 - INFO - File 28824: Filtered 9044673 hits and 5 records
2025-09-19 02:29:06,094 - INFO - Completed /viper/ptmp/arego/RC4K1_1/17901.h5 in 8.50 seconds
2025-09-19 02:29:06,295 - INFO - Processing /viper/ptmp/arego/RC4K1/26112.h5
2025-09-19 02:29:06,295 - INFO - Completed /viper/ptmp/arego/RC4K1_1/3139.h5 in 11.96 seconds
2025-09-19 02:29:06,591 - INFO - File 4970: Filtered 7108074 hits and 7 records
2025-09-19 02:29:06,728 - INFO - Processing /viper/ptmp/arego/RC4K1/5568.h5
2025-09-19 02:29:06,798 - INFO - Completed /viper/ptmp/arego/RC4K1_1/4396.h5 in 8.89 seconds
2025-09-19 02:29:07,450 - INFO - Processing /viper/ptmp/arego/RC4K1/24924.h5
2025-09-19 02:29:07,633 - INFO - Processing /viper/ptmp/arego/RC4K1/14594.h5
2025-09-19 02:29:08,149 - INFO - File 12397: Filtered 6134149 hits and 6 records
2025-09-19 02:29:08,810 - INFO - Processing /viper/ptmp/arego/RC4K1/28488.h5
2025-09-19 02:29:08,988 - INFO - File 26940: Filtered 10443423 hits and 7 records
2025-09-19 02:29:09,303 - INFO - Completed /viper/ptmp/arego/RC4K1_1/9326.h5 in 12.29 seconds
2025-09-19 02:29:09,433 - INFO - Completed /viper/ptmp/arego/RC4K1_1/21727.h5 in 10.93 seconds
2025-09-19 02:29:09,464 - INFO - File 7104: Filtered 6261989 hits and 5 records
2025-09-19 02:29:10,160 - INFO - Processing /viper/ptmp/arego/RC4K1/3292.h5
2025-09-19 02:29:10,277 - INFO - Processing /viper/ptmp/arego/RC4K1/9457.h5
2025-09-19 02:29:10,509 - INFO - Completed /viper/ptmp/arego/RC4K1_1/28824.h5 in 10.45 seconds
2025-09-19 02:29:10,664 - INFO - File 7028: Filtered 17649666 hits and 10 records
2025-09-19 02:29:10,937 - INFO - File 28994: Filtered 10371498 hits and 6 records
2025-09-19 02:29:11,602 - INFO - Processing /viper/ptmp/arego/RC4K1/6454.h5
2025-09-19 02:29:11,673 - INFO - Completed /viper/ptmp/arego/RC4K1_1/4829.h5 in 12.36 seconds
2025-09-19 02:29:11,748 - ERROR - Error processing /viper/ptmp/arego/RC4K1/7028.h5: low >= high
2025-09-19 02:29:11,863 - INFO - Completed /viper/ptmp/arego/RC4K1_1/4970.h5 in 12.11 seconds
2025-09-19 02:29:12,052 - INFO - File 26112: Filtered 12832517 hits and 5 records
2025-09-19 02:29:12,385 - INFO - Processing /viper/ptmp/arego/RC4K1/22346.h5
2025-09-19 02:29:12,842 - INFO - File 24924: Filtered 8636796 hits and 4 records
2025-09-19 02:29:12,852 - INFO - Processing /viper/ptmp/arego/RC4K1/12437.h5
2025-09-19 02:29:13,048 - INFO - File 8261: Filtered 6823684 hits and 10 records
2025-09-19 02:29:13,072 - INFO - Processing /viper/ptmp/arego/RC4K1/8619.h5
2025-09-19 02:29:13,330 - INFO - Completed /viper/ptmp/arego/RC4K1_1/26940.h5 in 10.36 seconds
2025-09-19 02:29:13,737 - INFO - Completed /viper/ptmp/arego/RC4K1_1/12397.h5 in 11.80 seconds
2025-09-19 02:29:14,129 - INFO - File 5568: Filtered 7706410 hits and 7 records
2025-09-19 02:29:14,404 - INFO - Processing /viper/ptmp/arego/RC4K1/25341.h5
2025-09-19 02:29:14,591 - INFO - Completed /viper/ptmp/arego/RC4K1_1/26112.h5 in 8.30 seconds
2025-09-19 02:29:14,806 - INFO - Processing /viper/ptmp/arego/RC4K1/17288.h5
2025-09-19 02:29:14,858 - INFO - Completed /viper/ptmp/arego/RC4K1_1/7104.h5 in 11.32 seconds
2025-09-19 02:29:15,191 - INFO - File 14594: Filtered 13689275 hits and 8 records
2025-09-19 02:29:15,597 - INFO - Completed /viper/ptmp/arego/RC4K1_1/28994.h5 in 11.09 seconds
2025-09-19 02:29:15,602 - INFO - Processing /viper/ptmp/arego/RC4K1/14394.h5
2025-09-19 02:29:15,689 - INFO - File 9457: Filtered 6924595 hits and 8 records
2025-09-19 02:29:16,326 - INFO - Processing /viper/ptmp/arego/RC4K1/19502.h5
2025-09-19 02:29:16,593 - INFO - File 28488: Filtered 8544598 hits and 9 records
2025-09-19 02:29:16,639 - INFO - Processing /viper/ptmp/arego/RC4K1/8146.h5
2025-09-19 02:29:17,164 - INFO - Completed /viper/ptmp/arego/RC4K1_1/24924.h5 in 9.71 seconds
2025-09-19 02:29:17,420 - INFO - File 6454: Filtered 9870185 hits and 10 records
2025-09-19 02:29:17,860 - INFO - File 3292: Filtered 10211934 hits and 8 records
2025-09-19 02:29:18,180 - INFO - Processing /viper/ptmp/arego/RC4K1/8064.h5
2025-09-19 02:29:18,509 - INFO - Completed /viper/ptmp/arego/RC4K1_1/14594.h5 in 10.88 seconds
2025-09-19 02:29:18,993 - INFO - File 22346: Filtered 8297572 hits and 6 records
2025-09-19 02:29:19,075 - INFO - Processing /viper/ptmp/arego/RC4K1/18767.h5
2025-09-19 02:29:19,540 - INFO - File 12437: Filtered 11976072 hits and 8 records
2025-09-19 02:29:19,633 - INFO - Completed /viper/ptmp/arego/RC4K1_1/5568.h5 in 12.91 seconds
2025-09-19 02:29:19,706 - ERROR - Error processing /viper/ptmp/arego/RC4K1/8261.h5: low >= high
2025-09-19 02:29:19,824 - INFO - File 8619: Filtered 8654874 hits and 8 records
2025-09-19 02:29:20,913 - INFO - Processing /viper/ptmp/arego/RC4K1/22009.h5
2025-09-19 02:29:21,273 - INFO - File 17288: Filtered 13966131 hits and 7 records
2025-09-19 02:29:21,325 - INFO - Processing /viper/ptmp/arego/RC4K1/27926.h5
2025-09-19 02:29:21,365 - INFO - File 25341: Filtered 10280182 hits and 7 records
2025-09-19 02:29:21,459 - INFO - Completed /viper/ptmp/arego/RC4K1_1/28488.h5 in 12.65 seconds
2025-09-19 02:29:22,033 - INFO - Processing /viper/ptmp/arego/RC4K1/6358.h5
2025-09-19 02:29:22,055 - INFO - Completed /viper/ptmp/arego/RC4K1_1/9457.h5 in 11.78 seconds
2025-09-19 02:29:22,105 - INFO - File 19502: Filtered 20057768 hits and 8 records
2025-09-19 02:29:22,324 - INFO - Completed /viper/ptmp/arego/RC4K1_1/3292.h5 in 12.16 seconds
2025-09-19 02:29:22,409 - INFO - Completed /viper/ptmp/arego/RC4K1_1/6454.h5 in 10.81 seconds
2025-09-19 02:29:22,486 - INFO - File 14394: Filtered 12455092 hits and 9 records
2025-09-19 02:29:22,913 - INFO - Completed /viper/ptmp/arego/RC4K1_1/19502.h5 in 6.59 seconds
2025-09-19 02:29:22,931 - INFO - Processing /viper/ptmp/arego/RC4K1/20590.h5
2025-09-19 02:29:23,074 - INFO - Processing /viper/ptmp/arego/RC4K1/13715.h5
2025-09-19 02:29:23,316 - INFO - Completed /viper/ptmp/arego/RC4K1_1/12437.h5 in 10.46 seconds
2025-09-19 02:29:23,543 - INFO - File 8146: Filtered 10803577 hits and 11 records
2025-09-19 02:29:23,837 - INFO - Processing /viper/ptmp/arego/RC4K1/26172.h5
2025-09-19 02:29:23,896 - INFO - Processing /viper/ptmp/arego/RC4K1/26505.h5
2025-09-19 02:29:23,993 - INFO - Completed /viper/ptmp/arego/RC4K1_1/17288.h5 in 9.19 seconds
2025-09-19 02:29:24,368 - INFO - Completed /viper/ptmp/arego/RC4K1_1/22346.h5 in 11.98 seconds
2025-09-19 02:29:24,578 - INFO - File 8064: Filtered 13275322 hits and 7 records
2025-09-19 02:29:24,715 - INFO - Processing /viper/ptmp/arego/RC4K1/17402.h5
2025-09-19 02:29:24,835 - INFO - Processing /viper/ptmp/arego/RC4K1/15140.h5
2025-09-19 02:29:24,867 - INFO - File 18767: Filtered 10594773 hits and 6 records
2025-09-19 02:29:24,952 - INFO - Completed /viper/ptmp/arego/RC4K1_1/8619.h5 in 11.88 seconds
2025-09-19 02:29:25,606 - INFO - Completed /viper/ptmp/arego/RC4K1_1/25341.h5 in 11.20 seconds
2025-09-19 02:29:25,640 - INFO - Completed /viper/ptmp/arego/RC4K1_1/14394.h5 in 10.04 seconds
2025-09-19 02:29:25,686 - INFO - Processing /viper/ptmp/arego/RC4K1/29910.h5
2025-09-19 02:29:25,924 - INFO - Processing /viper/ptmp/arego/RC4K1/12886.h5
2025-09-19 02:29:26,318 - INFO - Processing /viper/ptmp/arego/RC4K1/15789.h5
2025-09-19 02:29:27,026 - INFO - Processing /viper/ptmp/arego/RC4K1/18533.h5
2025-09-19 02:29:27,060 - INFO - Completed /viper/ptmp/arego/RC4K1_1/8146.h5 in 10.42 seconds
2025-09-19 02:29:27,660 - INFO - File 22009: Filtered 10381373 hits and 3 records
2025-09-19 02:29:27,922 - INFO - File 20590: Filtered 5894152 hits and 6 records
2025-09-19 02:29:27,945 - INFO - Processing /viper/ptmp/arego/RC4K1/26878.h5
2025-09-19 02:29:28,012 - INFO - Completed /viper/ptmp/arego/RC4K1_1/8064.h5 in 9.83 seconds
2025-09-19 02:29:28,284 - INFO - File 27926: Filtered 15543044 hits and 7 records
2025-09-19 02:29:29,006 - INFO - Processing /viper/ptmp/arego/RC4K1/6752.h5
2025-09-19 02:29:29,471 - INFO - File 6358: Filtered 6697748 hits and 6 records
2025-09-19 02:29:29,693 - INFO - File 26505: Filtered 12895352 hits and 8 records
2025-09-19 02:29:29,828 - INFO - Completed /viper/ptmp/arego/RC4K1_1/18767.h5 in 10.75 seconds
2025-09-19 02:29:30,484 - INFO - File 13715: Filtered 12549641 hits and 7 records
2025-09-19 02:29:30,769 - INFO - Processing /viper/ptmp/arego/RC4K1/21026.h5
2025-09-19 02:29:31,210 - INFO - File 15140: Filtered 14790147 hits and 5 records
2025-09-19 02:29:31,402 - INFO - File 26172: Filtered 11670662 hits and 6 records
2025-09-19 02:29:31,662 - INFO - Completed /viper/ptmp/arego/RC4K1_1/27926.h5 in 10.34 seconds
2025-09-19 02:29:32,303 - INFO - Processing /viper/ptmp/arego/RC4K1/11290.h5
2025-09-19 02:29:32,866 - INFO - File 17402: Filtered 9662294 hits and 7 records
2025-09-19 02:29:33,055 - INFO - File 29910: Filtered 10826227 hits and 7 records
2025-09-19 02:29:33,092 - INFO - Completed /viper/ptmp/arego/RC4K1_1/22009.h5 in 12.18 seconds
2025-09-19 02:29:33,749 - INFO - Processing /viper/ptmp/arego/RC4K1/22205.h5
2025-09-19 02:29:33,758 - INFO - File 12886: Filtered 13028576 hits and 9 records
2025-09-19 02:29:33,956 - INFO - Completed /viper/ptmp/arego/RC4K1_1/26505.h5 in 10.06 seconds
2025-09-19 02:29:34,024 - INFO - File 15789: Filtered 10937507 hits and 8 records
2025-09-19 02:29:34,569 - INFO - Completed /viper/ptmp/arego/RC4K1_1/20590.h5 in 11.64 seconds
2025-09-19 02:29:34,707 - INFO - File 18533: Filtered 19890948 hits and 7 records
2025-09-19 02:29:34,801 - INFO - Completed /viper/ptmp/arego/RC4K1_1/13715.h5 in 11.73 seconds
2025-09-19 02:29:34,813 - INFO - Processing /viper/ptmp/arego/RC4K1/5582.h5
2025-09-19 02:29:35,270 - INFO - Completed /viper/ptmp/arego/RC4K1_1/15140.h5 in 10.44 seconds
2025-09-19 02:29:35,413 - INFO - Processing /viper/ptmp/arego/RC4K1/15275.h5
2025-09-19 02:29:35,822 - INFO - Completed /viper/ptmp/arego/RC4K1_1/26172.h5 in 11.99 seconds
2025-09-19 02:29:35,865 - INFO - File 26878: Filtered 12459345 hits and 6 records
2025-09-19 02:29:35,910 - INFO - Processing /viper/ptmp/arego/RC4K1/9070.h5
2025-09-19 02:29:36,074 - INFO - Completed /viper/ptmp/arego/RC4K1_1/18533.h5 in 9.05 seconds
2025-09-19 02:29:36,142 - INFO - Completed /viper/ptmp/arego/RC4K1_1/6358.h5 in 14.11 seconds
2025-09-19 02:29:36,422 - INFO - File 6752: Filtered 12326541 hits and 9 records
2025-09-19 02:29:36,517 - INFO - Processing /viper/ptmp/arego/RC4K1/6964.h5
2025-09-19 02:29:36,583 - INFO - Processing /viper/ptmp/arego/RC4K1/6083.h5
2025-09-19 02:29:37,314 - INFO - Processing /viper/ptmp/arego/RC4K1/13223.h5
2025-09-19 02:29:37,403 - INFO - Completed /viper/ptmp/arego/RC4K1_1/12886.h5 in 11.48 seconds
2025-09-19 02:29:37,667 - INFO - File 21026: Filtered 10132488 hits and 10 records
2025-09-19 02:29:37,692 - INFO - Completed /viper/ptmp/arego/RC4K1_1/17402.h5 in 12.98 seconds
2025-09-19 02:29:37,775 - INFO - Processing /viper/ptmp/arego/RC4K1/29500.h5
2025-09-19 02:29:37,931 - INFO - Completed /viper/ptmp/arego/RC4K1_1/29910.h5 in 12.24 seconds
2025-09-19 02:29:38,435 - INFO - Processing /viper/ptmp/arego/RC4K1/24880.h5
2025-09-19 02:29:38,558 - INFO - Completed /viper/ptmp/arego/RC4K1_1/15789.h5 in 12.24 seconds
2025-09-19 02:29:38,597 - INFO - File 11290: Filtered 19187387 hits and 10 records
2025-09-19 02:29:38,747 - INFO - Processing /viper/ptmp/arego/RC4K1/12615.h5
2025-09-19 02:29:39,287 - INFO - Processing /viper/ptmp/arego/RC4K1/18307.h5
2025-09-19 02:29:39,524 - INFO - Completed /viper/ptmp/arego/RC4K1_1/26878.h5 in 11.58 seconds
2025-09-19 02:29:39,739 - INFO - Processing /viper/ptmp/arego/RC4K1/16001.h5
2025-09-19 02:29:39,965 - INFO - Completed /viper/ptmp/arego/RC4K1_1/6752.h5 in 10.96 seconds
2025-09-19 02:29:39,972 - INFO - File 5582: Filtered 13668012 hits and 8 records
2025-09-19 02:29:40,003 - INFO - Completed /viper/ptmp/arego/RC4K1_1/11290.h5 in 7.70 seconds
2025-09-19 02:29:40,184 - INFO - Processing /viper/ptmp/arego/RC4K1/11484.h5
2025-09-19 02:29:40,654 - INFO - Processing /viper/ptmp/arego/RC4K1/10451.h5
2025-09-19 02:29:41,113 - INFO - File 22205: Filtered 5304431 hits and 7 records
2025-09-19 02:29:41,551 - INFO - Processing /viper/ptmp/arego/RC4K1/19984.h5
2025-09-19 02:29:42,646 - INFO - Completed /viper/ptmp/arego/RC4K1_1/21026.h5 in 11.88 seconds
2025-09-19 02:29:43,140 - INFO - Processing /viper/ptmp/arego/RC4K1/13161.h5
2025-09-19 02:29:44,007 - INFO - File 9070: Filtered 7689336 hits and 6 records
2025-09-19 02:29:44,171 - INFO - Completed /viper/ptmp/arego/RC4K1_1/5582.h5 in 9.36 seconds
2025-09-19 02:29:44,359 - INFO - File 15275: Filtered 11234339 hits and 10 records
2025-09-19 02:29:44,512 - INFO - File 6964: Filtered 10861355 hits and 8 records
2025-09-19 02:29:44,782 - INFO - File 13223: Filtered 11544908 hits and 7 records
2025-09-19 02:29:45,040 - INFO - Processing /viper/ptmp/arego/RC4K1/14142.h5
2025-09-19 02:29:45,489 - INFO - File 29500: Filtered 18706685 hits and 7 records
2025-09-19 02:29:45,565 - INFO - File 6083: Filtered 11652614 hits and 9 records
2025-09-19 02:29:46,901 - INFO - File 24880: Filtered 12737399 hits and 7 records
2025-09-19 02:29:47,167 - INFO - File 12615: Filtered 12483444 hits and 8 records
2025-09-19 02:29:47,742 - INFO - Completed /viper/ptmp/arego/RC4K1_1/29500.h5 in 9.97 seconds
2025-09-19 02:29:48,373 - INFO - Processing /viper/ptmp/arego/RC4K1/23209.h5
2025-09-19 02:29:48,490 - INFO - File 18307: Filtered 9891752 hits and 7 records
2025-09-19 02:29:48,955 - INFO - File 16001: Filtered 8458891 hits and 6 records
2025-09-19 02:29:49,336 - INFO - File 11484: Filtered 7648046 hits and 6 records
2025-09-19 02:29:49,656 - INFO - Completed /viper/ptmp/arego/RC4K1_1/15275.h5 in 14.24 seconds
2025-09-19 02:29:49,697 - INFO - Completed /viper/ptmp/arego/RC4K1_1/22205.h5 in 15.95 seconds
2025-09-19 02:29:49,859 - INFO - File 10451: Filtered 11523035 hits and 7 records
2025-09-19 02:29:50,121 - INFO - Completed /viper/ptmp/arego/RC4K1_1/6964.h5 in 13.60 seconds
2025-09-19 02:29:50,314 - INFO - File 19984: Filtered 15043744 hits and 6 records
2025-09-19 02:29:50,401 - INFO - Processing /viper/ptmp/arego/RC4K1/2155.h5
2025-09-19 02:29:50,504 - INFO - Completed /viper/ptmp/arego/RC4K1_1/13223.h5 in 13.19 seconds
2025-09-19 02:29:50,844 - INFO - File 13161: Filtered 22859752 hits and 9 records
2025-09-19 02:29:51,233 - INFO - Processing /viper/ptmp/arego/RC4K1/29296.h5
2025-09-19 02:29:51,366 - INFO - Processing /viper/ptmp/arego/RC4K1/21770.h5
2025-09-19 02:29:51,552 - INFO - Completed /viper/ptmp/arego/RC4K1_1/13161.h5 in 8.41 seconds
2025-09-19 02:29:51,749 - INFO - Completed /viper/ptmp/arego/RC4K1_1/24880.h5 in 13.31 seconds
2025-09-19 02:29:52,013 - INFO - File 14142: Filtered 18215877 hits and 6 records
2025-09-19 02:29:52,057 - INFO - Processing /viper/ptmp/arego/RC4K1/12465.h5
2025-09-19 02:29:52,162 - INFO - Processing /viper/ptmp/arego/RC4K1/21288.h5
2025-09-19 02:29:52,574 - INFO - Completed /viper/ptmp/arego/RC4K1_1/9070.h5 in 16.66 seconds
2025-09-19 02:29:52,764 - INFO - Completed /viper/ptmp/arego/RC4K1_1/12615.h5 in 14.02 seconds
2025-09-19 02:29:52,807 - INFO - Processing /viper/ptmp/arego/RC4K1/10878.h5
2025-09-19 02:29:52,999 - INFO - Completed /viper/ptmp/arego/RC4K1_1/6083.h5 in 16.42 seconds
2025-09-19 02:29:53,127 - INFO - Processing /viper/ptmp/arego/RC4K1/28404.h5
2025-09-19 02:29:53,604 - INFO - Processing /viper/ptmp/arego/RC4K1/4639.h5
2025-09-19 02:29:53,744 - INFO - Completed /viper/ptmp/arego/RC4K1_1/18307.h5 in 14.46 seconds
2025-09-19 02:29:53,755 - INFO - Completed /viper/ptmp/arego/RC4K1_1/19984.h5 in 12.20 seconds
2025-09-19 02:29:53,842 - INFO - Processing /viper/ptmp/arego/RC4K1/4025.h5
2025-09-19 02:29:54,298 - INFO - Completed /viper/ptmp/arego/RC4K1_1/14142.h5 in 9.26 seconds
2025-09-19 02:29:54,395 - INFO - Processing /viper/ptmp/arego/RC4K1/2386.h5
2025-09-19 02:29:54,407 - INFO - Completed /viper/ptmp/arego/RC4K1_1/10451.h5 in 13.75 seconds
2025-09-19 02:29:54,822 - INFO - File 23209: Filtered 12384395 hits and 8 records
2025-09-19 02:29:54,836 - INFO - Completed /viper/ptmp/arego/RC4K1_1/16001.h5 in 15.10 seconds
2025-09-19 02:29:54,992 - INFO - Processing /viper/ptmp/arego/RC4K1/25067.h5
2025-09-19 02:29:55,190 - INFO - Processing /viper/ptmp/arego/RC4K1/23386.h5
2025-09-19 02:29:55,215 - INFO - Completed /viper/ptmp/arego/RC4K1_1/11484.h5 in 15.03 seconds
2025-09-19 02:29:55,935 - INFO - Processing /viper/ptmp/arego/RC4K1/27390.h5
2025-09-19 02:29:56,624 - INFO - Processing /viper/ptmp/arego/RC4K1/19745.h5
2025-09-19 02:29:56,858 - INFO - Processing /viper/ptmp/arego/RC4K1/22673.h5
2025-09-19 02:29:57,191 - INFO - File 29296: Filtered 17190521 hits and 7 records
2025-09-19 02:29:57,440 - INFO - File 2155: Filtered 10441916 hits and 6 records
2025-09-19 02:29:58,700 - INFO - File 21288: Filtered 13567412 hits and 8 records
2025-09-19 02:29:59,578 - INFO - File 21770: Filtered 13215115 hits and 8 records
2025-09-19 02:30:00,588 - INFO - Completed /viper/ptmp/arego/RC4K1_1/23209.h5 in 12.21 seconds
2025-09-19 02:30:00,948 - INFO - Completed /viper/ptmp/arego/RC4K1_1/29296.h5 in 9.72 seconds
2025-09-19 02:30:01,122 - INFO - File 12465: Filtered 15307323 hits and 9 records
2025-09-19 02:30:01,208 - INFO - File 28404: Filtered 12489446 hits and 10 records
2025-09-19 02:30:01,530 - INFO - Processing /viper/ptmp/arego/RC4K1/26328.h5
2025-09-19 02:30:01,785 - INFO - Processing /viper/ptmp/arego/RC4K1/4522.h5
2025-09-19 02:30:02,022 - INFO - File 4025: Filtered 14711450 hits and 4 records
2025-09-19 02:30:02,231 - INFO - File 10878: Filtered 17966786 hits and 9 records
2025-09-19 02:30:03,085 - INFO - File 4639: Filtered 21661426 hits and 7 records
2025-09-19 02:30:03,236 - INFO - File 2386: Filtered 12161230 hits and 7 records
2025-09-19 02:30:03,739 - INFO - Completed /viper/ptmp/arego/RC4K1_1/2155.h5 in 13.34 seconds
2025-09-19 02:30:04,218 - INFO - Completed /viper/ptmp/arego/RC4K1_1/21288.h5 in 12.06 seconds
2025-09-19 02:30:04,522 - INFO - File 25067: Filtered 10628848 hits and 6 records
2025-09-19 02:30:04,580 - INFO - Processing /viper/ptmp/arego/RC4K1/8570.h5
2025-09-19 02:30:04,580 - INFO - File 23386: Filtered 12293290 hits and 8 records
2025-09-19 02:30:04,634 - INFO - Completed /viper/ptmp/arego/RC4K1_1/4639.h5 in 11.03 seconds
2025-09-19 02:30:04,825 - INFO - Completed /viper/ptmp/arego/RC4K1_1/21770.h5 in 13.46 seconds
2025-09-19 02:30:04,883 - INFO - Processing /viper/ptmp/arego/RC4K1/6823.h5
2025-09-19 02:30:04,951 - INFO - File 27390: Filtered 16537286 hits and 7 records
2025-09-19 02:30:05,451 - INFO - Processing /viper/ptmp/arego/RC4K1/5675.h5
2025-09-19 02:30:05,491 - INFO - Completed /viper/ptmp/arego/RC4K1_1/12465.h5 in 13.43 seconds
2025-09-19 02:30:05,497 - INFO - File 19745: Filtered 12997129 hits and 7 records
2025-09-19 02:30:05,504 - INFO - Completed /viper/ptmp/arego/RC4K1_1/10878.h5 in 12.70 seconds
2025-09-19 02:30:05,505 - INFO - File 22673: Filtered 17841553 hits and 9 records
2025-09-19 02:30:06,303 - INFO - Processing /viper/ptmp/arego/RC4K1/29859.h5
2025-09-19 02:30:06,657 - INFO - Completed /viper/ptmp/arego/RC4K1_1/4025.h5 in 12.82 seconds
2025-09-19 02:30:06,791 - INFO - Completed /viper/ptmp/arego/RC4K1_1/28404.h5 in 13.66 seconds
2025-09-19 02:30:07,100 - INFO - Processing /viper/ptmp/arego/RC4K1/14879.h5
2025-09-19 02:30:07,120 - INFO - Processing /viper/ptmp/arego/RC4K1/23072.h5
2025-09-19 02:30:07,898 - INFO - Processing /viper/ptmp/arego/RC4K1/23996.h5
2025-09-19 02:30:07,918 - INFO - Processing /viper/ptmp/arego/RC4K1/16285.h5
2025-09-19 02:30:07,994 - INFO - Completed /viper/ptmp/arego/RC4K1_1/2386.h5 in 13.60 seconds
2025-09-19 02:30:08,085 - INFO - Completed /viper/ptmp/arego/RC4K1_1/27390.h5 in 12.15 seconds
2025-09-19 02:30:08,131 - INFO - Completed /viper/ptmp/arego/RC4K1_1/22673.h5 in 11.27 seconds
2025-09-19 02:30:08,331 - INFO - File 26328: Filtered 8493285 hits and 4 records
2025-09-19 02:30:08,427 - INFO - File 4522: Filtered 5782118 hits and 7 records
2025-09-19 02:30:08,829 - INFO - Processing /viper/ptmp/arego/RC4K1/22727.h5
2025-09-19 02:30:09,260 - INFO - Completed /viper/ptmp/arego/RC4K1_1/23386.h5 in 14.07 seconds
2025-09-19 02:30:09,660 - INFO - Processing /viper/ptmp/arego/RC4K1/18633.h5
2025-09-19 02:30:09,792 - INFO - Completed /viper/ptmp/arego/RC4K1_1/25067.h5 in 14.80 seconds
2025-09-19 02:30:09,970 - INFO - Processing /viper/ptmp/arego/RC4K1/25576.h5
2025-09-19 02:30:10,312 - INFO - Completed /viper/ptmp/arego/RC4K1_1/19745.h5 in 13.69 seconds
2025-09-19 02:30:10,476 - INFO - Processing /viper/ptmp/arego/RC4K1/25667.h5
2025-09-19 02:30:10,754 - INFO - File 6823: Filtered 17693726 hits and 10 records
2025-09-19 02:30:11,206 - INFO - Processing /viper/ptmp/arego/RC4K1/24881.h5
2025-09-19 02:30:11,417 - INFO - Processing /viper/ptmp/arego/RC4K1/12395.h5
2025-09-19 02:30:11,422 - INFO - File 8570: Filtered 22294742 hits and 9 records
2025-09-19 02:30:13,440 - INFO - Completed /viper/ptmp/arego/RC4K1_1/8570.h5 in 8.86 seconds
2025-09-19 02:30:13,950 - INFO - File 29859: Filtered 11590570 hits and 8 records
2025-09-19 02:30:14,007 - INFO - Processing /viper/ptmp/arego/RC4K1/17215.h5
2025-09-19 02:30:14,134 - INFO - Completed /viper/ptmp/arego/RC4K1_1/6823.h5 in 9.25 seconds
2025-09-19 02:30:14,430 - INFO - File 23072: Filtered 6875610 hits and 8 records
2025-09-19 02:30:14,957 - INFO - Processing /viper/ptmp/arego/RC4K1/18952.h5
2025-09-19 02:30:14,974 - INFO - File 14879: Filtered 18424189 hits and 10 records
2025-09-19 02:30:15,037 - INFO - Completed /viper/ptmp/arego/RC4K1_1/26328.h5 in 13.51 seconds
2025-09-19 02:30:15,552 - INFO - Completed /viper/ptmp/arego/RC4K1_1/4522.h5 in 13.77 seconds
2025-09-19 02:30:16,176 - INFO - Processing /viper/ptmp/arego/RC4K1/6934.h5
2025-09-19 02:30:16,287 - INFO - File 23996: Filtered 12201533 hits and 8 records
2025-09-19 02:30:16,703 - INFO - File 16285: Filtered 22559091 hits and 9 records
2025-09-19 02:30:17,033 - INFO - Processing /viper/ptmp/arego/RC4K1/11666.h5
2025-09-19 02:30:17,526 - INFO - File 22727: Filtered 7807195 hits and 4 records
2025-09-19 02:30:18,281 - ERROR - Error processing /viper/ptmp/arego/RC4K1/16285.h5: low >= high
2025-09-19 02:30:18,724 - INFO - Processing /viper/ptmp/arego/RC4K1/8339.h5
2025-09-19 02:30:19,002 - INFO - File 18633: Filtered 5062142 hits and 8 records
2025-09-19 02:30:19,109 - INFO - Completed /viper/ptmp/arego/RC4K1_1/14879.h5 in 12.01 seconds
2025-09-19 02:30:19,460 - INFO - File 25576: Filtered 10510058 hits and 9 records
2025-09-19 02:30:20,145 - INFO - Processing /viper/ptmp/arego/RC4K1/19306.h5
2025-09-19 02:30:20,414 - INFO - File 12395: Filtered 13249467 hits and 8 records
2025-09-19 02:30:20,446 - INFO - File 25667: Filtered 17486298 hits and 9 records
2025-09-19 02:30:20,472 - INFO - File 24881: Filtered 17955226 hits and 7 records
2025-09-19 02:30:21,039 - INFO - Completed /viper/ptmp/arego/RC4K1_1/29859.h5 in 14.74 seconds
2025-09-19 02:30:22,166 - INFO - Processing /viper/ptmp/arego/RC4K1/21236.h5
2025-09-19 02:30:23,487 - INFO - File 18952: Filtered 17809928 hits and 9 records
2025-09-19 02:30:23,825 - INFO - Completed /viper/ptmp/arego/RC4K1_1/23072.h5 in 16.71 seconds
2025-09-19 02:30:23,954 - INFO - File 5675: Filtered 5340502 hits and 5 records
2025-09-19 02:30:24,373 - INFO - Completed /viper/ptmp/arego/RC4K1_1/24881.h5 in 13.17 seconds
2025-09-19 02:30:24,375 - INFO - Completed /viper/ptmp/arego/RC4K1_1/25667.h5 in 13.90 seconds
2025-09-19 02:30:24,461 - INFO - File 17215: Filtered 13466577 hits and 8 records
2025-09-19 02:30:24,514 - INFO - Processing /viper/ptmp/arego/RC4K1/20770.h5
2025-09-19 02:30:24,571 - INFO - File 11666: Filtered 14568406 hits and 8 records
2025-09-19 02:30:24,952 - INFO - Completed /viper/ptmp/arego/RC4K1_1/22727.h5 in 16.12 seconds
2025-09-19 02:30:25,034 - INFO - Completed /viper/ptmp/arego/RC4K1_1/23996.h5 in 17.14 seconds
2025-09-19 02:30:25,243 - INFO - Processing /viper/ptmp/arego/RC4K1/7670.h5
2025-09-19 02:30:25,324 - INFO - File 6934: Filtered 18027661 hits and 10 records
2025-09-19 02:30:25,842 - INFO - Processing /viper/ptmp/arego/RC4K1/19087.h5
2025-09-19 02:30:26,295 - INFO - Completed /viper/ptmp/arego/RC4K1_1/12395.h5 in 14.88 seconds
2025-09-19 02:30:26,431 - INFO - Processing /viper/ptmp/arego/RC4K1/14359.h5
2025-09-19 02:30:26,931 - INFO - Completed /viper/ptmp/arego/RC4K1_1/18952.h5 in 11.97 seconds
2025-09-19 02:30:26,989 - INFO - Completed /viper/ptmp/arego/RC4K1_1/18633.h5 in 17.33 seconds
2025-09-19 02:30:27,073 - INFO - Processing /viper/ptmp/arego/RC4K1/122.h5
2025-09-19 02:30:27,305 - INFO - Completed /viper/ptmp/arego/RC4K1_1/25576.h5 in 17.34 seconds
2025-09-19 02:30:27,434 - INFO - Processing /viper/ptmp/arego/RC4K1/16968.h5
2025-09-19 02:30:27,649 - INFO - Processing /viper/ptmp/arego/RC4K1/28162.h5
2025-09-19 02:30:28,285 - INFO - File 8339: Filtered 11636359 hits and 6 records
2025-09-19 02:30:28,285 - INFO - Processing /viper/ptmp/arego/RC4K1/10978.h5
2025-09-19 02:30:28,583 - INFO - Completed /viper/ptmp/arego/RC4K1_1/11666.h5 in 11.55 seconds
2025-09-19 02:30:28,591 - INFO - Processing /viper/ptmp/arego/RC4K1/20967.h5
2025-09-19 02:30:29,627 - INFO - Processing /viper/ptmp/arego/RC4K1/11744.h5
2025-09-19 02:30:29,876 - INFO - File 19306: Filtered 10421777 hits and 10 records
2025-09-19 02:30:30,067 - INFO - Completed /viper/ptmp/arego/RC4K1_1/6934.h5 in 13.89 seconds
2025-09-19 02:30:30,706 - INFO - Processing /viper/ptmp/arego/RC4K1/22511.h5
2025-09-19 02:30:30,937 - INFO - Completed /viper/ptmp/arego/RC4K1_1/17215.h5 in 16.93 seconds
2025-09-19 02:30:31,338 - INFO - File 21236: Filtered 17163064 hits and 9 records
2025-09-19 02:30:31,933 - INFO - File 20770: Filtered 11861503 hits and 8 records
2025-09-19 02:30:32,014 - INFO - Processing /viper/ptmp/arego/RC4K1/2088.h5
2025-09-19 02:30:33,413 - INFO - File 7670: Filtered 18754539 hits and 11 records
2025-09-19 02:30:34,437 - INFO - Completed /viper/ptmp/arego/RC4K1_1/8339.h5 in 15.71 seconds
2025-09-19 02:30:35,227 - INFO - File 16968: Filtered 17664302 hits and 8 records
2025-09-19 02:30:35,282 - INFO - Processing /viper/ptmp/arego/RC4K1/23659.h5
2025-09-19 02:30:35,310 - INFO - File 19087: Filtered 24836243 hits and 7 records
2025-09-19 02:30:35,770 - INFO - Completed /viper/ptmp/arego/RC4K1_1/21236.h5 in 13.60 seconds
2025-09-19 02:30:36,256 - INFO - File 14359: Filtered 16128908 hits and 8 records
2025-09-19 02:30:36,393 - INFO - File 20967: Filtered 11643737 hits and 9 records
2025-09-19 02:30:36,397 - INFO - Completed /viper/ptmp/arego/RC4K1_1/19306.h5 in 16.25 seconds
2025-09-19 02:30:36,493 - INFO - Processing /viper/ptmp/arego/RC4K1/25828.h5
2025-09-19 02:30:37,685 - INFO - Completed /viper/ptmp/arego/RC4K1_1/19087.h5 in 11.84 seconds
2025-09-19 02:30:37,741 - INFO - File 122: Filtered 13179531 hits and 8 records
2025-09-19 02:30:37,928 - INFO - Processing /viper/ptmp/arego/RC4K1/25693.h5
2025-09-19 02:30:37,949 - INFO - Completed /viper/ptmp/arego/RC4K1_1/7670.h5 in 12.71 seconds
2025-09-19 02:30:38,151 - INFO - Processing /viper/ptmp/arego/RC4K1/6165.h5
2025-09-19 02:30:38,418 - INFO - File 22511: Filtered 22980427 hits and 8 records
2025-09-19 02:30:38,646 - INFO - File 28162: Filtered 13240591 hits and 6 records
2025-09-19 02:30:39,291 - INFO - File 10978: Filtered 13203285 hits and 7 records
2025-09-19 02:30:39,481 - INFO - Processing /viper/ptmp/arego/RC4K1/16442.h5
2025-09-19 02:30:39,644 - INFO - Completed /viper/ptmp/arego/RC4K1_1/20770.h5 in 15.13 seconds
2025-09-19 02:30:40,101 - INFO - File 11744: Filtered 19329137 hits and 10 records
2025-09-19 02:30:40,229 - INFO - Completed /viper/ptmp/arego/RC4K1_1/16968.h5 in 12.80 seconds
2025-09-19 02:30:40,377 - INFO - Processing /viper/ptmp/arego/RC4K1/6509.h5
2025-09-19 02:30:40,516 - INFO - Completed /viper/ptmp/arego/RC4K1_1/22511.h5 in 9.81 seconds
2025-09-19 02:30:40,799 - INFO - Processing /viper/ptmp/arego/RC4K1/2658.h5
2025-09-19 02:30:40,947 - INFO - File 2088: Filtered 8244633 hits and 7 records
2025-09-19 02:30:41,368 - INFO - Completed /viper/ptmp/arego/RC4K1_1/14359.h5 in 14.94 seconds
2025-09-19 02:30:41,787 - INFO - Processing /viper/ptmp/arego/RC4K1/10777.h5
2025-09-19 02:30:41,874 - INFO - Processing /viper/ptmp/arego/RC4K1/17477.h5
2025-09-19 02:30:42,814 - INFO - Completed /viper/ptmp/arego/RC4K1_1/20967.h5 in 14.22 seconds
2025-09-19 02:30:43,416 - INFO - Completed /viper/ptmp/arego/RC4K1_1/11744.h5 in 13.79 seconds
2025-09-19 02:30:43,542 - INFO - File 23659: Filtered 19746251 hits and 8 records
2025-09-19 02:30:43,720 - INFO - Completed /viper/ptmp/arego/RC4K1_1/122.h5 in 16.65 seconds
2025-09-19 02:30:43,781 - INFO - Processing /viper/ptmp/arego/RC4K1/6483.h5
2025-09-19 02:30:43,987 - INFO - Processing /viper/ptmp/arego/RC4K1/12549.h5
2025-09-19 02:30:44,168 - INFO - Completed /viper/ptmp/arego/RC4K1_1/28162.h5 in 16.52 seconds
2025-09-19 02:30:44,440 - INFO - Completed /viper/ptmp/arego/RC4K1_1/10978.h5 in 16.15 seconds
2025-09-19 02:30:45,015 - INFO - File 25828: Filtered 17059285 hits and 7 records
2025-09-19 02:30:45,346 - INFO - Processing /viper/ptmp/arego/RC4K1/16821.h5
2025-09-19 02:30:45,430 - INFO - File 6165: Filtered 17122016 hits and 8 records
2025-09-19 02:30:45,917 - INFO - Completed /viper/ptmp/arego/RC4K1_1/5675.h5 in 40.47 seconds
2025-09-19 02:30:46,177 - INFO - Processing /viper/ptmp/arego/RC4K1/28467.h5
2025-09-19 02:30:46,335 - INFO - File 25693: Filtered 10111774 hits and 6 records
2025-09-19 02:30:47,206 - INFO - Completed /viper/ptmp/arego/RC4K1_1/23659.h5 in 11.92 seconds
2025-09-19 02:30:47,495 - INFO - Processing /viper/ptmp/arego/RC4K1/8985.h5
2025-09-19 02:30:47,592 - INFO - File 16442: Filtered 21743941 hits and 11 records
2025-09-19 02:30:48,123 - INFO - Processing /viper/ptmp/arego/RC4K1/26352.h5
2025-09-19 02:30:48,646 - INFO - File 6509: Filtered 14078438 hits and 10 records
2025-09-19 02:30:49,323 - INFO - Processing /viper/ptmp/arego/RC4K1/2651.h5
2025-09-19 02:30:49,427 - INFO - Completed /viper/ptmp/arego/RC4K1_1/2088.h5 in 17.41 seconds
2025-09-19 02:30:49,894 - INFO - File 2658: Filtered 17624004 hits and 8 records
2025-09-19 02:30:49,941 - INFO - Completed /viper/ptmp/arego/RC4K1_1/25828.h5 in 13.45 seconds
2025-09-19 02:30:50,064 - INFO - File 10777: Filtered 23029025 hits and 8 records
2025-09-19 02:30:50,405 - INFO - Completed /viper/ptmp/arego/RC4K1_1/6165.h5 in 12.25 seconds
2025-09-19 02:30:50,763 - INFO - Processing /viper/ptmp/arego/RC4K1/21257.h5
2025-09-19 02:30:51,044 - INFO - File 17477: Filtered 22225265 hits and 11 records
2025-09-19 02:30:51,321 - INFO - Processing /viper/ptmp/arego/RC4K1/18826.h5
2025-09-19 02:30:51,711 - INFO - Processing /viper/ptmp/arego/RC4K1/24171.h5
2025-09-19 02:30:52,252 - INFO - Completed /viper/ptmp/arego/RC4K1_1/16442.h5 in 12.77 seconds
2025-09-19 02:30:52,559 - INFO - File 6483: Filtered 18291343 hits and 11 records
2025-09-19 02:30:53,156 - INFO - Processing /viper/ptmp/arego/RC4K1/5955.h5
2025-09-19 02:30:53,519 - INFO - File 12549: Filtered 18786894 hits and 9 records
2025-09-19 02:30:53,598 - INFO - Completed /viper/ptmp/arego/RC4K1_1/17477.h5 in 11.72 seconds
2025-09-19 02:30:53,867 - INFO - Completed /viper/ptmp/arego/RC4K1_1/25693.h5 in 15.94 seconds
2025-09-19 02:30:53,870 - INFO - Completed /viper/ptmp/arego/RC4K1_1/10777.h5 in 12.08 seconds
2025-09-19 02:30:54,139 - INFO - Processing /viper/ptmp/arego/RC4K1/5640.h5
2025-09-19 02:30:54,245 - INFO - Completed /viper/ptmp/arego/RC4K1_1/2658.h5 in 13.45 seconds
2025-09-19 02:30:54,849 - INFO - Processing /viper/ptmp/arego/RC4K1/10703.h5
2025-09-19 02:30:55,083 - INFO - Completed /viper/ptmp/arego/RC4K1_1/6509.h5 in 14.71 seconds
2025-09-19 02:30:55,413 - INFO - File 16821: Filtered 11575268 hits and 8 records
2025-09-19 02:30:55,602 - INFO - File 28467: Filtered 26166584 hits and 7 records
2025-09-19 02:30:55,621 - INFO - Processing /viper/ptmp/arego/RC4K1/25829.h5
2025-09-19 02:30:55,859 - INFO - Processing /viper/ptmp/arego/RC4K1/10367.h5
2025-09-19 02:30:56,717 - INFO - Processing /viper/ptmp/arego/RC4K1/29231.h5
2025-09-19 02:30:56,785 - INFO - File 8985: Filtered 18516914 hits and 9 records
2025-09-19 02:30:57,014 - INFO - File 26352: Filtered 11799354 hits and 6 records
2025-09-19 02:30:57,121 - INFO - Completed /viper/ptmp/arego/RC4K1_1/6483.h5 in 13.34 seconds
2025-09-19 02:30:57,782 - INFO - Completed /viper/ptmp/arego/RC4K1_1/28467.h5 in 11.60 seconds
2025-09-19 02:30:58,020 - INFO - Processing /viper/ptmp/arego/RC4K1/16865.h5
2025-09-19 02:30:58,255 - INFO - Processing /viper/ptmp/arego/RC4K1/28809.h5
2025-09-19 02:30:58,595 - INFO - File 2651: Filtered 13816503 hits and 5 records
2025-09-19 02:30:58,626 - INFO - Completed /viper/ptmp/arego/RC4K1_1/12549.h5 in 14.64 seconds
2025-09-19 02:30:59,582 - INFO - Processing /viper/ptmp/arego/RC4K1/23385.h5
2025-09-19 02:30:59,954 - INFO - File 18826: Filtered 23283489 hits and 11 records
2025-09-19 02:31:00,317 - INFO - File 21257: Filtered 17579859 hits and 8 records
2025-09-19 02:31:01,804 - INFO - Completed /viper/ptmp/arego/RC4K1_1/8985.h5 in 14.31 seconds
2025-09-19 02:31:02,205 - INFO - File 24171: Filtered 14627076 hits and 7 records
2025-09-19 02:31:02,445 - INFO - Completed /viper/ptmp/arego/RC4K1_1/16821.h5 in 17.10 seconds
2025-09-19 02:31:02,557 - INFO - File 5955: Filtered 22374367 hits and 6 records
2025-09-19 02:31:02,592 - INFO - Processing /viper/ptmp/arego/RC4K1/18846.h5
2025-09-19 02:31:03,931 - INFO - Completed /viper/ptmp/arego/RC4K1_1/18826.h5 in 12.61 seconds
2025-09-19 02:31:04,125 - INFO - Processing /viper/ptmp/arego/RC4K1/1571.h5
2025-09-19 02:31:04,460 - INFO - Completed /viper/ptmp/arego/RC4K1_1/26352.h5 in 16.34 seconds
2025-09-19 02:31:04,601 - INFO - File 5640: Filtered 18927945 hits and 9 records
2025-09-19 02:31:05,059 - INFO - Processing /viper/ptmp/arego/RC4K1/19116.h5
2025-09-19 02:31:05,142 - INFO - File 10367: Filtered 27517491 hits and 11 records
2025-09-19 02:31:05,175 - INFO - File 10703: Filtered 9780235 hits and 4 records
2025-09-19 02:31:05,395 - INFO - Completed /viper/ptmp/arego/RC4K1_1/2651.h5 in 16.07 seconds
2025-09-19 02:31:05,537 - INFO - Processing /viper/ptmp/arego/RC4K1/29127.h5
2025-09-19 02:31:05,940 - INFO - Completed /viper/ptmp/arego/RC4K1_1/21257.h5 in 15.18 seconds
2025-09-19 02:31:06,465 - INFO - File 25829: Filtered 13076407 hits and 8 records
2025-09-19 02:31:06,707 - INFO - Processing /viper/ptmp/arego/RC4K1/22214.h5
2025-09-19 02:31:06,970 - INFO - Completed /viper/ptmp/arego/RC4K1_1/5955.h5 in 13.81 seconds
2025-09-19 02:31:07,079 - INFO - File 29231: Filtered 15342503 hits and 8 records
2025-09-19 02:31:07,499 - INFO - Processing /viper/ptmp/arego/RC4K1/11501.h5
2025-09-19 02:31:07,578 - INFO - Processing /viper/ptmp/arego/RC4K1/17141.h5
2025-09-19 02:31:07,635 - INFO - File 16865: Filtered 23073352 hits and 9 records
2025-09-19 02:31:07,897 - INFO - File 28809: Filtered 14335049 hits and 8 records
2025-09-19 02:31:07,971 - INFO - Completed /viper/ptmp/arego/RC4K1_1/10367.h5 in 12.11 seconds
2025-09-19 02:31:08,952 - INFO - Completed /viper/ptmp/arego/RC4K1_1/24171.h5 in 17.24 seconds
2025-09-19 02:31:08,991 - INFO - File 23385: Filtered 28115021 hits and 10 records
2025-09-19 02:31:09,063 - INFO - Processing /viper/ptmp/arego/RC4K1/26489.h5
2025-09-19 02:31:09,441 - INFO - Completed /viper/ptmp/arego/RC4K1_1/5640.h5 in 15.30 seconds
2025-09-19 02:31:09,529 - INFO - Processing /viper/ptmp/arego/RC4K1/9829.h5
2025-09-19 02:31:10,472 - INFO - Processing /viper/ptmp/arego/RC4K1/16505.h5
2025-09-19 02:31:10,641 - INFO - Completed /viper/ptmp/arego/RC4K1_1/16865.h5 in 12.62 seconds
2025-09-19 02:31:11,347 - INFO - Completed /viper/ptmp/arego/RC4K1_1/23385.h5 in 11.76 seconds
2025-09-19 02:31:11,667 - INFO - Processing /viper/ptmp/arego/RC4K1/19517.h5
2025-09-19 02:31:11,837 - INFO - Processing /viper/ptmp/arego/RC4K1/24830.h5
2025-09-19 02:31:12,570 - INFO - Completed /viper/ptmp/arego/RC4K1_1/29231.h5 in 15.85 seconds
2025-09-19 02:31:12,782 - INFO - File 18846: Filtered 15436461 hits and 5 records
2025-09-19 02:31:12,838 - INFO - Completed /viper/ptmp/arego/RC4K1_1/25829.h5 in 17.22 seconds
2025-09-19 02:31:13,560 - INFO - Processing /viper/ptmp/arego/RC4K1/5324.h5
2025-09-19 02:31:14,402 - INFO - File 29127: Filtered 11792475 hits and 5 records
2025-09-19 02:31:14,501 - INFO - File 1571: Filtered 19153403 hits and 7 records
2025-09-19 02:31:14,855 - INFO - Processing /viper/ptmp/arego/RC4K1/14004.h5
2025-09-19 02:31:14,944 - INFO - Completed /viper/ptmp/arego/RC4K1_1/10703.h5 in 20.09 seconds
2025-09-19 02:31:15,337 - INFO - Completed /viper/ptmp/arego/RC4K1_1/28809.h5 in 17.08 seconds
2025-09-19 02:31:15,521 - INFO - File 19116: Filtered 16947130 hits and 7 records
2025-09-19 02:31:16,218 - INFO - File 22214: Filtered 10560747 hits and 7 records
2025-09-19 02:31:16,271 - INFO - Processing /viper/ptmp/arego/RC4K1/2412.h5
2025-09-19 02:31:17,459 - INFO - Processing /viper/ptmp/arego/RC4K1/3302.h5
2025-09-19 02:31:17,626 - INFO - File 11501: Filtered 13028690 hits and 10 records
2025-09-19 02:31:18,556 - INFO - File 17141: Filtered 13642095 hits and 11 records
2025-09-19 02:31:19,401 - INFO - File 26489: Filtered 21285013 hits and 9 records
2025-09-19 02:31:19,702 - INFO - File 9829: Filtered 21584883 hits and 6 records
2025-09-19 02:31:20,621 - INFO - Completed /viper/ptmp/arego/RC4K1_1/1571.h5 in 16.50 seconds
2025-09-19 02:31:20,861 - INFO - Completed /viper/ptmp/arego/RC4K1_1/18846.h5 in 18.27 seconds
2025-09-19 02:31:21,086 - INFO - File 16505: Filtered 16220782 hits and 7 records
2025-09-19 02:31:21,252 - INFO - Processing /viper/ptmp/arego/RC4K1/13932.h5
2025-09-19 02:31:21,511 - INFO - File 24830: Filtered 27990744 hits and 7 records
2025-09-19 02:31:21,831 - INFO - Completed /viper/ptmp/arego/RC4K1_1/19116.h5 in 16.77 seconds
2025-09-19 02:31:22,076 - INFO - File 19517: Filtered 26102005 hits and 10 records
2025-09-19 02:31:22,277 - INFO - Processing /viper/ptmp/arego/RC4K1/24917.h5
2025-09-19 02:31:22,807 - INFO - Completed /viper/ptmp/arego/RC4K1_1/29127.h5 in 17.27 seconds
2025-09-19 02:31:23,193 - INFO - Processing /viper/ptmp/arego/RC4K1/22162.h5
2025-09-19 02:31:23,719 - INFO - Processing /viper/ptmp/arego/RC4K1/3314.h5
2025-09-19 02:31:23,866 - INFO - Completed /viper/ptmp/arego/RC4K1_1/9829.h5 in 14.34 seconds
2025-09-19 02:31:23,975 - INFO - Completed /viper/ptmp/arego/RC4K1_1/24830.h5 in 12.14 seconds
2025-09-19 02:31:23,991 - INFO - Completed /viper/ptmp/arego/RC4K1_1/26489.h5 in 14.93 seconds
2025-09-19 02:31:24,369 - INFO - Completed /viper/ptmp/arego/RC4K1_1/19517.h5 in 12.70 seconds
2025-09-19 02:31:24,500 - INFO - Processing /viper/ptmp/arego/RC4K1/26888.h5
2025-09-19 02:31:24,544 - INFO - File 5324: Filtered 9748867 hits and 6 records
2025-09-19 02:31:24,756 - INFO - File 2412: Filtered 19996941 hits and 6 records
2025-09-19 02:31:24,819 - INFO - Processing /viper/ptmp/arego/RC4K1/16297.h5
2025-09-19 02:31:24,882 - INFO - Completed /viper/ptmp/arego/RC4K1_1/22214.h5 in 18.17 seconds
2025-09-19 02:31:25,052 - INFO - Completed /viper/ptmp/arego/RC4K1_1/11501.h5 in 17.55 seconds
2025-09-19 02:31:25,073 - INFO - File 14004: Filtered 20314173 hits and 10 records
2025-09-19 02:31:25,379 - INFO - Processing /viper/ptmp/arego/RC4K1/19338.h5
2025-09-19 02:31:25,786 - INFO - Processing /viper/ptmp/arego/RC4K1/18202.h5
2025-09-19 02:31:25,862 - INFO - Completed /viper/ptmp/arego/RC4K1_1/17141.h5 in 18.28 seconds
2025-09-19 02:31:26,001 - INFO - File 3302: Filtered 28966280 hits and 7 records
2025-09-19 02:31:26,533 - INFO - Processing /viper/ptmp/arego/RC4K1/26391.h5
2025-09-19 02:31:26,712 - INFO - Processing /viper/ptmp/arego/RC4K1/27340.h5
2025-09-19 02:31:27,009 - INFO - Completed /viper/ptmp/arego/RC4K1_1/16505.h5 in 16.54 seconds
2025-09-19 02:31:27,338 - INFO - Processing /viper/ptmp/arego/RC4K1/6223.h5
2025-09-19 02:31:28,043 - INFO - Processing /viper/ptmp/arego/RC4K1/20954.h5
2025-09-19 02:31:28,530 - INFO - Completed /viper/ptmp/arego/RC4K1_1/3302.h5 in 11.07 seconds
2025-09-19 02:31:29,119 - INFO - Processing /viper/ptmp/arego/RC4K1/19390.h5
2025-09-19 02:31:29,606 - INFO - Completed /viper/ptmp/arego/RC4K1_1/14004.h5 in 14.75 seconds
2025-09-19 02:31:29,700 - INFO - Completed /viper/ptmp/arego/RC4K1_1/2412.h5 in 13.43 seconds
2025-09-19 02:31:30,343 - INFO - Processing /viper/ptmp/arego/RC4K1/9563.h5
2025-09-19 02:31:30,678 - INFO - File 13932: Filtered 18246829 hits and 5 records
2025-09-19 02:31:31,021 - INFO - Processing /viper/ptmp/arego/RC4K1/20809.h5
2025-09-19 02:31:31,999 - INFO - File 3314: Filtered 20953281 hits and 9 records
2025-09-19 02:31:32,924 - INFO - Completed /viper/ptmp/arego/RC4K1_1/5324.h5 in 19.36 seconds
2025-09-19 02:31:33,765 - INFO - File 24917: Filtered 18888376 hits and 9 records
2025-09-19 02:31:34,538 - INFO - Processing /viper/ptmp/arego/RC4K1/13213.h5
2025-09-19 02:31:34,967 - INFO - File 16297: Filtered 11527791 hits and 8 records
2025-09-19 02:31:35,015 - INFO - File 22162: Filtered 28547255 hits and 10 records
2025-09-19 02:31:36,465 - INFO - File 18202: Filtered 18419219 hits and 7 records
2025-09-19 02:31:36,560 - INFO - File 26888: Filtered 16689967 hits and 4 records
2025-09-19 02:31:37,414 - INFO - File 26391: Filtered 22173857 hits and 10 records
2025-09-19 02:31:37,644 - INFO - Completed /viper/ptmp/arego/RC4K1_1/3314.h5 in 13.92 seconds
2025-09-19 02:31:38,064 - INFO - File 19338: Filtered 19700509 hits and 8 records
2025-09-19 02:31:38,489 - INFO - Processing /viper/ptmp/arego/RC4K1/1797.h5
2025-09-19 02:31:38,536 - INFO - Completed /viper/ptmp/arego/RC4K1_1/13932.h5 in 17.28 seconds
2025-09-19 02:31:38,641 - INFO - File 6223: Filtered 21144488 hits and 9 records
2025-09-19 02:31:39,181 - INFO - Completed /viper/ptmp/arego/RC4K1_1/22162.h5 in 15.99 seconds
2025-09-19 02:31:39,311 - INFO - File 20954: Filtered 21132082 hits and 8 records
2025-09-19 02:31:39,524 - INFO - File 27340: Filtered 24762329 hits and 9 records
2025-09-19 02:31:39,706 - INFO - Processing /viper/ptmp/arego/RC4K1/6135.h5
2025-09-19 02:31:40,790 - INFO - File 9563: Filtered 16679131 hits and 8 records
2025-09-19 02:31:40,932 - INFO - Processing /viper/ptmp/arego/RC4K1/28378.h5
2025-09-19 02:31:41,260 - INFO - Completed /viper/ptmp/arego/RC4K1_1/24917.h5 in 18.98 seconds
2025-09-19 02:31:41,866 - INFO - File 19390: Filtered 23157973 hits and 9 records
2025-09-19 02:31:42,116 - INFO - Processing /viper/ptmp/arego/RC4K1/20928.h5
2025-09-19 02:31:42,339 - INFO - Completed /viper/ptmp/arego/RC4K1_1/26391.h5 in 15.81 seconds
2025-09-19 02:31:42,643 - INFO - Completed /viper/ptmp/arego/RC4K1_1/18202.h5 in 16.86 seconds
2025-09-19 02:31:42,792 - INFO - File 20809: Filtered 29858275 hits and 8 records
2025-09-19 02:31:42,889 - INFO - Processing /viper/ptmp/arego/RC4K1/8858.h5
2025-09-19 02:31:43,275 - INFO - Completed /viper/ptmp/arego/RC4K1_1/6223.h5 in 15.94 seconds
2025-09-19 02:31:43,385 - INFO - Completed /viper/ptmp/arego/RC4K1_1/16297.h5 in 18.57 seconds
2025-09-19 02:31:43,615 - INFO - File 13213: Filtered 19221015 hits and 6 records
2025-09-19 02:31:43,680 - INFO - Completed /viper/ptmp/arego/RC4K1_1/20954.h5 in 15.64 seconds
2025-09-19 02:31:43,763 - INFO - Processing /viper/ptmp/arego/RC4K1/20416.h5
2025-09-19 02:31:44,297 - INFO - Completed /viper/ptmp/arego/RC4K1_1/27340.h5 in 17.59 seconds
2025-09-19 02:31:44,525 - INFO - Completed /viper/ptmp/arego/RC4K1_1/26888.h5 in 20.02 seconds
2025-09-19 02:31:44,546 - INFO - Processing /viper/ptmp/arego/RC4K1/24049.h5
2025-09-19 02:31:44,583 - INFO - Completed /viper/ptmp/arego/RC4K1_1/19338.h5 in 19.20 seconds
2025-09-19 02:31:44,755 - INFO - Processing /viper/ptmp/arego/RC4K1/26836.h5
2025-09-19 02:31:45,198 - INFO - Processing /viper/ptmp/arego/RC4K1/28937.h5
2025-09-19 02:31:45,521 - INFO - Processing /viper/ptmp/arego/RC4K1/23718.h5
2025-09-19 02:31:45,628 - INFO - Completed /viper/ptmp/arego/RC4K1_1/20809.h5 in 14.61 seconds
2025-09-19 02:31:45,880 - INFO - Processing /viper/ptmp/arego/RC4K1/7288.h5
2025-09-19 02:31:46,327 - INFO - Processing /viper/ptmp/arego/RC4K1/18392.h5
2025-09-19 02:31:46,368 - INFO - File 1797: Filtered 15661705 hits and 8 records
2025-09-19 02:31:46,552 - ERROR - Error processing /viper/ptmp/arego/RC4K1/9563.h5: low >= high
2025-09-19 02:31:46,729 - INFO - Completed /viper/ptmp/arego/RC4K1_1/19390.h5 in 17.61 seconds
2025-09-19 02:31:47,166 - INFO - Processing /viper/ptmp/arego/RC4K1/27996.h5
2025-09-19 02:31:47,317 - INFO - Processing /viper/ptmp/arego/RC4K1/7341.h5
2025-09-19 02:31:48,402 - INFO - Processing /viper/ptmp/arego/RC4K1/24988.h5
2025-09-19 02:31:49,078 - INFO - Completed /viper/ptmp/arego/RC4K1_1/13213.h5 in 14.54 seconds
2025-09-19 02:31:49,320 - INFO - File 6135: Filtered 28190339 hits and 8 records
2025-09-19 02:31:49,931 - INFO - Processing /viper/ptmp/arego/RC4K1/15801.h5
2025-09-19 02:31:50,531 - INFO - File 28378: Filtered 29038885 hits and 7 records
2025-09-19 02:31:51,661 - INFO - File 8858: Filtered 19232351 hits and 7 records
2025-09-19 02:31:53,084 - INFO - File 20928: Filtered 13083174 hits and 9 records
2025-09-19 02:31:53,147 - INFO - Completed /viper/ptmp/arego/RC4K1_1/1797.h5 in 14.66 seconds
2025-09-19 02:31:53,806 - INFO - Completed /viper/ptmp/arego/RC4K1_1/6135.h5 in 14.10 seconds
2025-09-19 02:31:54,166 - INFO - File 20416: Filtered 12566588 hits and 6 records
2025-09-19 02:31:54,290 - INFO - Processing /viper/ptmp/arego/RC4K1/20349.h5
2025-09-19 02:31:54,656 - INFO - Completed /viper/ptmp/arego/RC4K1_1/28378.h5 in 13.72 seconds
2025-09-19 02:31:54,762 - INFO - Processing /viper/ptmp/arego/RC4K1/3342.h5
2025-09-19 02:31:55,372 - INFO - File 24049: Filtered 18689089 hits and 7 records
2025-09-19 02:31:55,955 - INFO - File 28937: Filtered 16424023 hits and 7 records
2025-09-19 02:31:56,667 - INFO - Processing /viper/ptmp/arego/RC4K1/2961.h5
2025-09-19 02:31:57,128 - INFO - File 7288: Filtered 19961017 hits and 9 records
2025-09-19 02:31:57,465 - INFO - File 26836: Filtered 31659139 hits and 9 records
2025-09-19 02:31:58,469 - INFO - File 27996: Filtered 12735759 hits and 8 records
2025-09-19 02:31:59,257 - INFO - Completed /viper/ptmp/arego/RC4K1_1/8858.h5 in 16.37 seconds
2025-09-19 02:31:59,858 - INFO - File 23718: Filtered 12213007 hits and 7 records
2025-09-19 02:31:59,919 - INFO - Processing /viper/ptmp/arego/RC4K1/17713.h5
2025-09-19 02:32:00,102 - INFO - File 18392: Filtered 29490562 hits and 7 records
2025-09-19 02:32:00,186 - INFO - File 15801: Filtered 17831871 hits and 6 records
2025-09-19 02:32:01,344 - INFO - Completed /viper/ptmp/arego/RC4K1_1/26836.h5 in 16.59 seconds
2025-09-19 02:32:01,510 - INFO - File 7341: Filtered 15044530 hits and 5 records
2025-09-19 02:32:01,949 - INFO - Processing /viper/ptmp/arego/RC4K1/10347.h5
2025-09-19 02:32:02,483 - INFO - Completed /viper/ptmp/arego/RC4K1_1/24049.h5 in 17.94 seconds
2025-09-19 02:32:02,663 - INFO - File 24988: Filtered 16968707 hits and 4 records
2025-09-19 02:32:02,815 - INFO - Completed /viper/ptmp/arego/RC4K1_1/20416.h5 in 19.05 seconds
2025-09-19 02:32:02,859 - INFO - File 20349: Filtered 18908651 hits and 7 records
2025-09-19 02:32:03,078 - INFO - Completed /viper/ptmp/arego/RC4K1_1/7288.h5 in 17.20 seconds
2025-09-19 02:32:03,093 - INFO - Processing /viper/ptmp/arego/RC4K1/16333.h5
2025-09-19 02:32:03,261 - INFO - Completed /viper/ptmp/arego/RC4K1_1/28937.h5 in 18.06 seconds
2025-09-19 02:32:03,774 - INFO - Processing /viper/ptmp/arego/RC4K1/17840.h5
2025-09-19 02:32:04,363 - INFO - Processing /viper/ptmp/arego/RC4K1/21039.h5
2025-09-19 02:32:04,721 - INFO - Completed /viper/ptmp/arego/RC4K1_1/18392.h5 in 18.39 seconds
2025-09-19 02:32:04,943 - INFO - Processing /viper/ptmp/arego/RC4K1/17515.h5
2025-09-19 02:32:05,468 - INFO - Processing /viper/ptmp/arego/RC4K1/1361.h5
2025-09-19 02:32:05,803 - INFO - Completed /viper/ptmp/arego/RC4K1_1/20928.h5 in 23.69 seconds
2025-09-19 02:32:05,886 - INFO - Completed /viper/ptmp/arego/RC4K1_1/27996.h5 in 18.72 seconds
2025-09-19 02:32:06,100 - INFO - Completed /viper/ptmp/arego/RC4K1_1/15801.h5 in 16.17 seconds
2025-09-19 02:32:06,750 - INFO - Processing /viper/ptmp/arego/RC4K1/16017.h5
2025-09-19 02:32:06,984 - INFO - Processing /viper/ptmp/arego/RC4K1/5627.h5
2025-09-19 02:32:07,391 - INFO - Processing /viper/ptmp/arego/RC4K1/16294.h5
2025-09-19 02:32:07,402 - INFO - File 3342: Filtered 26954058 hits and 11 records
2025-09-19 02:32:07,862 - INFO - File 17713: Filtered 10939958 hits and 5 records
2025-09-19 02:32:08,459 - INFO - File 2961: Filtered 24375150 hits and 8 records
2025-09-19 02:32:08,582 - INFO - Completed /viper/ptmp/arego/RC4K1_1/20349.h5 in 14.29 seconds
2025-09-19 02:32:09,636 - INFO - Processing /viper/ptmp/arego/RC4K1/912.h5
2025-09-19 02:32:10,233 - INFO - Completed /viper/ptmp/arego/RC4K1_1/23718.h5 in 24.71 seconds
2025-09-19 02:32:11,139 - INFO - Processing /viper/ptmp/arego/RC4K1/745.h5
2025-09-19 02:32:11,215 - INFO - Completed /viper/ptmp/arego/RC4K1_1/7341.h5 in 23.90 seconds
2025-09-19 02:32:12,073 - INFO - Completed /viper/ptmp/arego/RC4K1_1/24988.h5 in 23.67 seconds
2025-09-19 02:32:12,110 - INFO - Completed /viper/ptmp/arego/RC4K1_1/3342.h5 in 17.35 seconds
2025-09-19 02:32:12,504 - INFO - Processing /viper/ptmp/arego/RC4K1/12841.h5
2025-09-19 02:32:12,793 - INFO - File 10347: Filtered 20235716 hits and 9 records
2025-09-19 02:32:13,330 - INFO - Processing /viper/ptmp/arego/RC4K1/3477.h5
2025-09-19 02:32:13,495 - INFO - File 16333: Filtered 17177288 hits and 9 records
2025-09-19 02:32:14,476 - INFO - Processing /viper/ptmp/arego/RC4K1/20824.h5
2025-09-19 02:32:14,536 - INFO - File 17840: Filtered 20065496 hits and 9 records
2025-09-19 02:32:14,811 - INFO - Completed /viper/ptmp/arego/RC4K1_1/2961.h5 in 18.14 seconds
2025-09-19 02:32:15,625 - INFO - File 21039: Filtered 18832401 hits and 9 records
2025-09-19 02:32:15,640 - INFO - Processing /viper/ptmp/arego/RC4K1/17048.h5
2025-09-19 02:32:16,223 - INFO - File 17515: Filtered 20163876 hits and 6 records
2025-09-19 02:32:16,298 - INFO - File 1361: Filtered 23262196 hits and 5 records
2025-09-19 02:32:17,914 - INFO - File 5627: Filtered 17782715 hits and 8 records
2025-09-19 02:32:18,427 - INFO - Completed /viper/ptmp/arego/RC4K1_1/17713.h5 in 18.51 seconds
2025-09-19 02:32:18,750 - INFO - File 16017: Filtered 14103195 hits and 10 records
2025-09-19 02:32:18,893 - INFO - File 16294: Filtered 25230020 hits and 8 records
2025-09-19 02:32:19,529 - INFO - Processing /viper/ptmp/arego/RC4K1/1636.h5
2025-09-19 02:32:20,103 - INFO - File 912: Filtered 30561810 hits and 8 records
2025-09-19 02:32:20,967 - INFO - Completed /viper/ptmp/arego/RC4K1_1/10347.h5 in 19.02 seconds
2025-09-19 02:32:21,514 - INFO - Completed /viper/ptmp/arego/RC4K1_1/17840.h5 in 17.74 seconds
2025-09-19 02:32:21,670 - INFO - Completed /viper/ptmp/arego/RC4K1_1/16333.h5 in 18.58 seconds
2025-09-19 02:32:22,104 - INFO - Processing /viper/ptmp/arego/RC4K1/2947.h5
2025-09-19 02:32:22,422 - INFO - Processing /viper/ptmp/arego/RC4K1/24817.h5
2025-09-19 02:32:22,667 - INFO - Completed /viper/ptmp/arego/RC4K1_1/17515.h5 in 17.72 seconds
2025-09-19 02:32:22,714 - INFO - Processing /viper/ptmp/arego/RC4K1/13589.h5
2025-09-19 02:32:22,770 - INFO - Completed /viper/ptmp/arego/RC4K1_1/912.h5 in 13.13 seconds
2025-09-19 02:32:23,001 - INFO - Completed /viper/ptmp/arego/RC4K1_1/21039.h5 in 18.64 seconds
2025-09-19 02:32:23,021 - INFO - Completed /viper/ptmp/arego/RC4K1_1/16294.h5 in 15.63 seconds
2025-09-19 02:32:23,120 - INFO - Completed /viper/ptmp/arego/RC4K1_1/1361.h5 in 17.65 seconds
2025-09-19 02:32:23,263 - INFO - Processing /viper/ptmp/arego/RC4K1/9226.h5
2025-09-19 02:32:23,801 - INFO - Processing /viper/ptmp/arego/RC4K1/25128.h5
2025-09-19 02:32:24,327 - INFO - Processing /viper/ptmp/arego/RC4K1/18061.h5
2025-09-19 02:32:24,632 - INFO - Processing /viper/ptmp/arego/RC4K1/20251.h5
2025-09-19 02:32:24,741 - INFO - File 745: Filtered 23326913 hits and 9 records
2025-09-19 02:32:24,920 - INFO - Processing /viper/ptmp/arego/RC4K1/13110.h5
2025-09-19 02:32:25,841 - INFO - Completed /viper/ptmp/arego/RC4K1_1/16017.h5 in 19.09 seconds
2025-09-19 02:32:26,193 - INFO - File 12841: Filtered 32180537 hits and 9 records
2025-09-19 02:32:26,619 - INFO - Processing /viper/ptmp/arego/RC4K1/26497.h5
2025-09-19 02:32:27,777 - INFO - File 3477: Filtered 26353398 hits and 5 records
2025-09-19 02:32:28,125 - INFO - File 1636: Filtered 20295668 hits and 7 records
2025-09-19 02:32:28,169 - INFO - Completed /viper/ptmp/arego/RC4K1_1/5627.h5 in 21.18 seconds
2025-09-19 02:32:28,655 - INFO - File 20824: Filtered 33574278 hits and 10 records
2025-09-19 02:32:29,225 - INFO - Processing /viper/ptmp/arego/RC4K1/19785.h5
2025-09-19 02:32:29,983 - INFO - File 17048: Filtered 18763311 hits and 6 records
2025-09-19 02:32:30,505 - INFO - Completed /viper/ptmp/arego/RC4K1_1/12841.h5 in 18.00 seconds
2025-09-19 02:32:31,085 - INFO - Processing /viper/ptmp/arego/RC4K1/2809.h5
2025-09-19 02:32:32,408 - INFO - Completed /viper/ptmp/arego/RC4K1_1/20824.h5 in 17.93 seconds
2025-09-19 02:32:33,076 - INFO - Processing /viper/ptmp/arego/RC4K1/17824.h5
2025-09-19 02:32:33,297 - INFO - Completed /viper/ptmp/arego/RC4K1_1/745.h5 in 22.16 seconds
2025-09-19 02:32:33,912 - INFO - Completed /viper/ptmp/arego/RC4K1_1/3477.h5 in 20.58 seconds
2025-09-19 02:32:34,318 - INFO - Processing /viper/ptmp/arego/RC4K1/5336.h5
2025-09-19 02:32:34,467 - INFO - File 24817: Filtered 34018746 hits and 7 records
2025-09-19 02:32:34,938 - INFO - File 2947: Filtered 14673762 hits and 9 records
2025-09-19 02:32:35,352 - INFO - Processing /viper/ptmp/arego/RC4K1/21299.h5
2025-09-19 02:32:36,453 - INFO - Completed /viper/ptmp/arego/RC4K1_1/1636.h5 in 16.92 seconds
2025-09-19 02:32:36,460 - INFO - File 13589: Filtered 23882307 hits and 10 records
2025-09-19 02:32:36,618 - INFO - File 20251: Filtered 14367654 hits and 5 records
2025-09-19 02:32:37,119 - INFO - File 9226: Filtered 10418238 hits and 6 records
2025-09-19 02:32:37,587 - INFO - Processing /viper/ptmp/arego/RC4K1/28098.h5
2025-09-19 02:32:38,134 - INFO - File 25128: Filtered 13813976 hits and 5 records
2025-09-19 02:32:38,269 - INFO - Completed /viper/ptmp/arego/RC4K1_1/24817.h5 in 15.85 seconds
2025-09-19 02:32:38,780 - INFO - File 18061: Filtered 17191272 hits and 6 records
2025-09-19 02:32:38,801 - INFO - Completed /viper/ptmp/arego/RC4K1_1/17048.h5 in 23.16 seconds
2025-09-19 02:32:38,962 - INFO - Processing /viper/ptmp/arego/RC4K1/22758.h5
2025-09-19 02:32:39,044 - INFO - File 13110: Filtered 19664163 hits and 7 records
2025-09-19 02:32:40,485 - INFO - Processing /viper/ptmp/arego/RC4K1/25078.h5
2025-09-19 02:32:40,547 - INFO - File 26497: Filtered 15385741 hits and 7 records
2025-09-19 02:32:41,645 - INFO - File 19785: Filtered 26683644 hits and 9 records
2025-09-19 02:32:42,733 - INFO - Completed /viper/ptmp/arego/RC4K1_1/13589.h5 in 20.02 seconds
2025-09-19 02:32:43,292 - INFO - Processing /viper/ptmp/arego/RC4K1/546.h5
2025-09-19 02:32:44,389 - INFO - Completed /viper/ptmp/arego/RC4K1_1/2947.h5 in 22.28 seconds
2025-09-19 02:32:45,051 - INFO - File 2809: Filtered 24916871 hits and 7 records
2025-09-19 02:32:45,156 - INFO - Processing /viper/ptmp/arego/RC4K1/25801.h5
2025-09-19 02:32:45,582 - INFO - Completed /viper/ptmp/arego/RC4K1_1/13110.h5 in 20.66 seconds
2025-09-19 02:32:46,095 - INFO - File 28098: Filtered 24759752 hits and 8 records
2025-09-19 02:32:46,120 - INFO - Completed /viper/ptmp/arego/RC4K1_1/18061.h5 in 21.79 seconds
2025-09-19 02:32:46,181 - INFO - Processing /viper/ptmp/arego/RC4K1/474.h5
2025-09-19 02:32:46,430 - INFO - Completed /viper/ptmp/arego/RC4K1_1/25128.h5 in 22.63 seconds
2025-09-19 02:32:46,991 - INFO - Processing /viper/ptmp/arego/RC4K1/26396.h5
2025-09-19 02:32:47,000 - INFO - Completed /viper/ptmp/arego/RC4K1_1/9226.h5 in 23.74 seconds
2025-09-19 02:32:47,554 - INFO - Processing /viper/ptmp/arego/RC4K1/2631.h5
2025-09-19 02:32:47,842 - INFO - Completed /viper/ptmp/arego/RC4K1_1/26497.h5 in 21.22 seconds
2025-09-19 02:32:48,024 - INFO - File 17824: Filtered 33097178 hits and 8 records
2025-09-19 02:32:48,092 - INFO - Processing /viper/ptmp/arego/RC4K1/16871.h5
2025-09-19 02:32:48,518 - INFO - Completed /viper/ptmp/arego/RC4K1_1/20251.h5 in 23.89 seconds
2025-09-19 02:32:48,747 - INFO - Processing /viper/ptmp/arego/RC4K1/18563.h5
2025-09-19 02:32:49,889 - INFO - Completed /viper/ptmp/arego/RC4K1_1/19785.h5 in 20.66 seconds
2025-09-19 02:32:49,964 - INFO - File 5336: Filtered 31949241 hits and 7 records
2025-09-19 02:32:50,220 - INFO - Processing /viper/ptmp/arego/RC4K1/27672.h5
2025-09-19 02:32:50,906 - INFO - Completed /viper/ptmp/arego/RC4K1_1/28098.h5 in 13.32 seconds
2025-09-19 02:32:51,543 - INFO - Processing /viper/ptmp/arego/RC4K1/6740.h5
2025-09-19 02:32:51,583 - INFO - Processing /viper/ptmp/arego/RC4K1/10273.h5
2025-09-19 02:32:51,904 - INFO - File 546: Filtered 26925320 hits and 8 records
2025-09-19 02:32:52,281 - INFO - File 21299: Filtered 18620655 hits and 8 records
2025-09-19 02:32:54,450 - INFO - Completed /viper/ptmp/arego/RC4K1_1/17824.h5 in 21.37 seconds
2025-09-19 02:32:54,566 - INFO - Completed /viper/ptmp/arego/RC4K1_1/2809.h5 in 23.48 seconds
2025-09-19 02:32:54,708 - INFO - File 22758: Filtered 26652780 hits and 5 records
2025-09-19 02:32:55,151 - INFO - Processing /viper/ptmp/arego/RC4K1/18775.h5
2025-09-19 02:32:55,994 - INFO - File 25078: Filtered 19903902 hits and 5 records
2025-09-19 02:32:56,099 - INFO - File 25801: Filtered 22799308 hits and 10 records
2025-09-19 02:32:56,153 - INFO - Processing /viper/ptmp/arego/RC4K1/10868.h5
2025-09-19 02:32:56,548 - INFO - Completed /viper/ptmp/arego/RC4K1_1/5336.h5 in 22.23 seconds
2025-09-19 02:32:57,248 - INFO - Processing /viper/ptmp/arego/RC4K1/22731.h5
2025-09-19 02:32:57,794 - INFO - Completed /viper/ptmp/arego/RC4K1_1/546.h5 in 14.50 seconds
2025-09-19 02:32:58,579 - INFO - File 474: Filtered 24853338 hits and 8 records
2025-09-19 02:32:58,677 - INFO - Processing /viper/ptmp/arego/RC4K1/16457.h5
2025-09-19 02:33:00,155 - INFO - File 26396: Filtered 21426493 hits and 7 records
2025-09-19 02:33:01,028 - INFO - File 2631: Filtered 22787118 hits and 10 records
2025-09-19 02:33:01,524 - INFO - File 16871: Filtered 29935330 hits and 8 records
2025-09-19 02:33:02,667 - INFO - Completed /viper/ptmp/arego/RC4K1_1/22758.h5 in 23.71 seconds
2025-09-19 02:33:02,807 - INFO - File 18563: Filtered 36528976 hits and 8 records
2025-09-19 02:33:02,915 - INFO - Completed /viper/ptmp/arego/RC4K1_1/21299.h5 in 27.56 seconds
2025-09-19 02:33:03,599 - INFO - File 27672: Filtered 27868444 hits and 8 records
2025-09-19 02:33:03,952 - INFO - Completed /viper/ptmp/arego/RC4K1_1/25801.h5 in 18.80 seconds
2025-09-19 02:33:04,028 - INFO - Processing /viper/ptmp/arego/RC4K1/26801.h5
2025-09-19 02:33:04,158 - INFO - File 10273: Filtered 30364337 hits and 10 records
2025-09-19 02:33:04,521 - INFO - Processing /viper/ptmp/arego/RC4K1/16256.h5
2025-09-19 02:33:05,330 - INFO - Completed /viper/ptmp/arego/RC4K1_1/474.h5 in 19.15 seconds
2025-09-19 02:33:05,410 - INFO - Processing /viper/ptmp/arego/RC4K1/10818.h5
2025-09-19 02:33:05,718 - INFO - File 6740: Filtered 24615929 hits and 8 records
2025-09-19 02:33:05,899 - INFO - Completed /viper/ptmp/arego/RC4K1_1/18563.h5 in 17.15 seconds
2025-09-19 02:33:05,924 - INFO - Processing /viper/ptmp/arego/RC4K1/1911.h5
2025-09-19 02:33:06,021 - INFO - Completed /viper/ptmp/arego/RC4K1_1/25078.h5 in 25.54 seconds
2025-09-19 02:33:06,119 - INFO - Completed /viper/ptmp/arego/RC4K1_1/16871.h5 in 18.03 seconds
2025-09-19 02:33:06,701 - INFO - Processing /viper/ptmp/arego/RC4K1/21069.h5
2025-09-19 02:33:07,349 - INFO - Processing /viper/ptmp/arego/RC4K1/1368.h5
2025-09-19 02:33:07,537 - INFO - Completed /viper/ptmp/arego/RC4K1_1/26396.h5 in 20.55 seconds
2025-09-19 02:33:07,877 - INFO - Processing /viper/ptmp/arego/RC4K1/22773.h5
2025-09-19 02:33:08,180 - INFO - Processing /viper/ptmp/arego/RC4K1/16397.h5
2025-09-19 02:33:08,198 - INFO - Completed /viper/ptmp/arego/RC4K1_1/2631.h5 in 20.64 seconds
2025-09-19 02:33:08,509 - INFO - File 16457: Filtered 22718458 hits and 8 records
2025-09-19 02:33:08,747 - INFO - Completed /viper/ptmp/arego/RC4K1_1/10273.h5 in 17.16 seconds
2025-09-19 02:33:08,901 - INFO - Processing /viper/ptmp/arego/RC4K1/4191.h5
2025-09-19 02:33:09,534 - INFO - Processing /viper/ptmp/arego/RC4K1/4757.h5
2025-09-19 02:33:10,588 - INFO - File 18775: Filtered 20380817 hits and 4 records
2025-09-19 02:33:11,378 - INFO - File 10868: Filtered 26446306 hits and 6 records
2025-09-19 02:33:12,642 - INFO - File 22731: Filtered 20397353 hits and 9 records
2025-09-19 02:33:13,260 - INFO - Completed /viper/ptmp/arego/RC4K1_1/27672.h5 in 23.04 seconds
2025-09-19 02:33:14,611 - INFO - Processing /viper/ptmp/arego/RC4K1/23673.h5
2025-09-19 02:33:14,887 - INFO - File 16256: Filtered 29162577 hits and 9 records
2025-09-19 02:33:16,135 - INFO - Completed /viper/ptmp/arego/RC4K1_1/16457.h5 in 17.46 seconds
2025-09-19 02:33:16,454 - INFO - Completed /viper/ptmp/arego/RC4K1_1/6740.h5 in 24.91 seconds
2025-09-19 02:33:17,469 - INFO - Processing /viper/ptmp/arego/RC4K1/19640.h5
2025-09-19 02:33:17,928 - INFO - Processing /viper/ptmp/arego/RC4K1/21586.h5
2025-09-19 02:33:19,463 - INFO - File 1911: Filtered 24578200 hits and 7 records
2025-09-19 02:33:20,217 - INFO - File 26801: Filtered 28216110 hits and 9 records
2025-09-19 02:33:20,819 - INFO - Completed /viper/ptmp/arego/RC4K1_1/10868.h5 in 24.67 seconds
2025-09-19 02:33:21,059 - INFO - File 21069: Filtered 26179753 hits and 8 records
2025-09-19 02:33:21,614 - INFO - Completed /viper/ptmp/arego/RC4K1_1/18775.h5 in 26.46 seconds
2025-09-19 02:33:21,735 - INFO - File 10818: Filtered 25397637 hits and 10 records
2025-09-19 02:33:21,880 - INFO - Processing /viper/ptmp/arego/RC4K1/23602.h5
2025-09-19 02:33:22,145 - INFO - File 1368: Filtered 25828010 hits and 10 records
2025-09-19 02:33:22,603 - INFO - Completed /viper/ptmp/arego/RC4K1_1/16256.h5 in 18.08 seconds
2025-09-19 02:33:22,985 - INFO - Processing /viper/ptmp/arego/RC4K1/24370.h5
2025-09-19 02:33:23,147 - INFO - File 22773: Filtered 21331001 hits and 6 records
2025-09-19 02:33:23,318 - INFO - File 16397: Filtered 23332351 hits and 8 records
2025-09-19 02:33:23,410 - INFO - Processing /viper/ptmp/arego/RC4K1/9635.h5
2025-09-19 02:33:23,488 - INFO - File 4191: Filtered 37395127 hits and 9 records
2025-09-19 02:33:24,076 - INFO - File 4757: Filtered 21975645 hits and 6 records
2025-09-19 02:33:24,502 - INFO - Completed /viper/ptmp/arego/RC4K1_1/22731.h5 in 27.25 seconds
2025-09-19 02:33:25,834 - INFO - Processing /viper/ptmp/arego/RC4K1/23752.h5
2025-09-19 02:33:26,943 - INFO - Completed /viper/ptmp/arego/RC4K1_1/4191.h5 in 18.04 seconds
2025-09-19 02:33:27,338 - INFO - Processing /viper/ptmp/arego/RC4K1/29177.h5
2025-09-19 02:33:27,826 - INFO - Completed /viper/ptmp/arego/RC4K1_1/1911.h5 in 21.90 seconds
2025-09-19 02:33:28,157 - INFO - Completed /viper/ptmp/arego/RC4K1_1/21069.h5 in 21.46 seconds
2025-09-19 02:33:28,416 - INFO - Completed /viper/ptmp/arego/RC4K1_1/26801.h5 in 24.39 seconds
2025-09-19 02:33:28,519 - INFO - Processing /viper/ptmp/arego/RC4K1/10656.h5
2025-09-19 02:33:28,790 - INFO - File 19640: Filtered 25749417 hits and 9 records
2025-09-19 02:33:29,010 - INFO - Completed /viper/ptmp/arego/RC4K1_1/1368.h5 in 21.66 seconds
2025-09-19 02:33:29,253 - INFO - Processing /viper/ptmp/arego/RC4K1/23413.h5
2025-09-19 02:33:29,367 - INFO - File 23673: Filtered 32310430 hits and 9 records
2025-09-19 02:33:29,410 - INFO - Processing /viper/ptmp/arego/RC4K1/11224.h5
2025-09-19 02:33:29,884 - INFO - Processing /viper/ptmp/arego/RC4K1/19214.h5
2025-09-19 02:33:30,541 - INFO - Completed /viper/ptmp/arego/RC4K1_1/16397.h5 in 22.36 seconds
2025-09-19 02:33:31,356 - INFO - Processing /viper/ptmp/arego/RC4K1/7656.h5
2025-09-19 02:33:31,785 - INFO - File 21586: Filtered 43369289 hits and 12 records
2025-09-19 02:33:31,829 - INFO - Completed /viper/ptmp/arego/RC4K1_1/10818.h5 in 26.42 seconds
2025-09-19 02:33:32,134 - INFO - Completed /viper/ptmp/arego/RC4K1_1/4757.h5 in 22.60 seconds
2025-09-19 02:33:32,866 - INFO - Processing /viper/ptmp/arego/RC4K1/11385.h5
2025-09-19 02:33:33,084 - INFO - File 9635: Filtered 21897770 hits and 4 records
2025-09-19 02:33:33,377 - INFO - Processing /viper/ptmp/arego/RC4K1/29365.h5
2025-09-19 02:33:35,025 - INFO - Completed /viper/ptmp/arego/RC4K1_1/22773.h5 in 27.15 seconds
2025-09-19 02:33:35,642 - INFO - Completed /viper/ptmp/arego/RC4K1_1/19640.h5 in 18.17 seconds
2025-09-19 02:33:36,071 - INFO - Completed /viper/ptmp/arego/RC4K1_1/21586.h5 in 18.14 seconds
2025-09-19 02:33:36,546 - INFO - Processing /viper/ptmp/arego/RC4K1/16496.h5
2025-09-19 02:33:36,631 - INFO - Processing /viper/ptmp/arego/RC4K1/11177.h5
2025-09-19 02:33:37,643 - INFO - File 23602: Filtered 16406284 hits and 5 records
2025-09-19 02:33:37,684 - INFO - Processing /viper/ptmp/arego/RC4K1/27684.h5
2025-09-19 02:33:37,794 - INFO - Completed /viper/ptmp/arego/RC4K1_1/23673.h5 in 23.18 seconds
2025-09-19 02:33:38,897 - INFO - File 24370: Filtered 27785207 hits and 9 records
2025-09-19 02:33:39,101 - INFO - Processing /viper/ptmp/arego/RC4K1/20685.h5
2025-09-19 02:33:39,766 - INFO - File 29177: Filtered 12122742 hits and 3 records
2025-09-19 02:33:42,214 - INFO - File 23752: Filtered 26964098 hits and 5 records
2025-09-19 02:33:42,312 - INFO - Completed /viper/ptmp/arego/RC4K1_1/9635.h5 in 18.90 seconds
2025-09-19 02:33:42,648 - INFO - File 10656: Filtered 29152093 hits and 11 records
2025-09-19 02:33:43,763 - INFO - Processing /viper/ptmp/arego/RC4K1/26904.h5
2025-09-19 02:33:44,631 - INFO - File 23413: Filtered 25606335 hits and 6 records
2025-09-19 02:33:45,298 - INFO - File 19214: Filtered 16627356 hits and 10 records
2025-09-19 02:33:45,967 - INFO - File 11224: Filtered 18211003 hits and 5 records
2025-09-19 02:33:46,407 - INFO - File 7656: Filtered 22872235 hits and 8 records
2025-09-19 02:33:47,587 - INFO - File 11385: Filtered 26055772 hits and 7 records
2025-09-19 02:33:49,511 - INFO - Completed /viper/ptmp/arego/RC4K1_1/24370.h5 in 26.53 seconds
2025-09-19 02:33:50,408 - INFO - Completed /viper/ptmp/arego/RC4K1_1/10656.h5 in 21.89 seconds
2025-09-19 02:33:50,591 - INFO - File 11177: Filtered 37766072 hits and 8 records
2025-09-19 02:33:50,762 - INFO - File 29365: Filtered 27706920 hits and 8 records
2025-09-19 02:33:50,990 - INFO - Processing /viper/ptmp/arego/RC4K1/7534.h5
2025-09-19 02:33:51,186 - INFO - Processing /viper/ptmp/arego/RC4K1/7279.h5
2025-09-19 02:33:52,590 - INFO - Completed /viper/ptmp/arego/RC4K1_1/23602.h5 in 30.71 seconds
2025-09-19 02:33:53,169 - INFO - Completed /viper/ptmp/arego/RC4K1_1/23413.h5 in 23.92 seconds
2025-09-19 02:33:53,322 - INFO - Completed /viper/ptmp/arego/RC4K1_1/29177.h5 in 25.98 seconds
2025-09-19 02:33:53,380 - INFO - Completed /viper/ptmp/arego/RC4K1_1/23752.h5 in 27.55 seconds
2025-09-19 02:33:53,902 - INFO - Processing /viper/ptmp/arego/RC4K1/13270.h5
2025-09-19 02:33:54,314 - INFO - Processing /viper/ptmp/arego/RC4K1/18331.h5
2025-09-19 02:33:54,704 - INFO - Processing /viper/ptmp/arego/RC4K1/2875.h5
2025-09-19 02:33:55,226 - INFO - Completed /viper/ptmp/arego/RC4K1_1/11177.h5 in 18.60 seconds
2025-09-19 02:33:55,304 - INFO - File 26904: Filtered 29512115 hits and 6 records
2025-09-19 02:33:55,330 - INFO - Completed /viper/ptmp/arego/RC4K1_1/7656.h5 in 23.97 seconds
2025-09-19 02:33:55,411 - INFO - Completed /viper/ptmp/arego/RC4K1_1/11385.h5 in 22.55 seconds
2025-09-19 02:33:55,501 - INFO - Processing /viper/ptmp/arego/RC4K1/844.h5
2025-09-19 02:33:55,744 - INFO - Processing /viper/ptmp/arego/RC4K1/5050.h5
2025-09-19 02:33:56,162 - INFO - File 16496: Filtered 31347327 hits and 9 records
2025-09-19 02:33:56,209 - INFO - Completed /viper/ptmp/arego/RC4K1_1/19214.h5 in 26.32 seconds
2025-09-19 02:33:56,527 - INFO - Processing /viper/ptmp/arego/RC4K1/8924.h5
2025-09-19 02:33:56,808 - INFO - File 27684: Filtered 38435219 hits and 12 records
2025-09-19 02:33:57,093 - INFO - Processing /viper/ptmp/arego/RC4K1/9775.h5
2025-09-19 02:33:57,700 - INFO - Processing /viper/ptmp/arego/RC4K1/14782.h5
2025-09-19 02:33:58,203 - INFO - File 20685: Filtered 24267825 hits and 9 records
2025-09-19 02:34:00,986 - INFO - Completed /viper/ptmp/arego/RC4K1_1/11224.h5 in 31.58 seconds
2025-09-19 02:34:01,634 - INFO - Completed /viper/ptmp/arego/RC4K1_1/29365.h5 in 28.26 seconds
2025-09-19 02:34:01,729 - INFO - File 7534: Filtered 29941142 hits and 8 records
2025-09-19 02:34:02,320 - INFO - Processing /viper/ptmp/arego/RC4K1/8353.h5
2025-09-19 02:34:02,656 - INFO - Completed /viper/ptmp/arego/RC4K1_1/26904.h5 in 18.89 seconds
2025-09-19 02:34:03,246 - INFO - Processing /viper/ptmp/arego/RC4K1/24589.h5
2025-09-19 02:34:03,904 - INFO - Processing /viper/ptmp/arego/RC4K1/11294.h5
2025-09-19 02:34:04,083 - INFO - Completed /viper/ptmp/arego/RC4K1_1/27684.h5 in 26.40 seconds
2025-09-19 02:34:05,123 - INFO - Processing /viper/ptmp/arego/RC4K1/16022.h5
2025-09-19 02:34:05,630 - INFO - Completed /viper/ptmp/arego/RC4K1_1/16496.h5 in 29.08 seconds
2025-09-19 02:34:07,173 - INFO - Processing /viper/ptmp/arego/RC4K1/15453.h5
2025-09-19 02:34:07,749 - INFO - File 7279: Filtered 21300581 hits and 5 records
2025-09-19 02:34:09,602 - INFO - File 13270: Filtered 24116418 hits and 9 records
2025-09-19 02:34:10,240 - INFO - File 18331: Filtered 43764890 hits and 9 records
2025-09-19 02:34:10,526 - INFO - Completed /viper/ptmp/arego/RC4K1_1/20685.h5 in 31.42 seconds
2025-09-19 02:34:11,002 - ERROR - Error processing /viper/ptmp/arego/RC4K1/7534.h5: low >= high
2025-09-19 02:34:11,465 - INFO - File 2875: Filtered 10499519 hits and 4 records
2025-09-19 02:34:12,020 - INFO - Processing /viper/ptmp/arego/RC4K1/1204.h5
2025-09-19 02:34:12,355 - INFO - Processing /viper/ptmp/arego/RC4K1/2636.h5
2025-09-19 02:34:12,466 - INFO - File 844: Filtered 32049880 hits and 7 records
2025-09-19 02:34:12,616 - INFO - File 5050: Filtered 28456481 hits and 6 records
2025-09-19 02:34:13,355 - INFO - File 8924: Filtered 43401621 hits and 6 records
2025-09-19 02:34:14,624 - INFO - File 9775: Filtered 29576302 hits and 8 records
2025-09-19 02:34:15,669 - INFO - File 14782: Filtered 26770509 hits and 6 records
2025-09-19 02:34:16,489 - INFO - Completed /viper/ptmp/arego/RC4K1_1/18331.h5 in 22.17 seconds
2025-09-19 02:34:17,792 - INFO - Processing /viper/ptmp/arego/RC4K1/8117.h5
2025-09-19 02:34:18,747 - INFO - Completed /viper/ptmp/arego/RC4K1_1/8924.h5 in 22.22 seconds
2025-09-19 02:34:19,199 - INFO - Processing /viper/ptmp/arego/RC4K1/23845.h5
2025-09-19 02:34:19,426 - INFO - File 11294: Filtered 37082390 hits and 10 records
2025-09-19 02:34:20,801 - INFO - Completed /viper/ptmp/arego/RC4K1_1/13270.h5 in 26.90 seconds
2025-09-19 02:34:21,774 - INFO - Processing /viper/ptmp/arego/RC4K1/22573.h5
2025-09-19 02:34:21,907 - INFO - Completed /viper/ptmp/arego/RC4K1_1/7279.h5 in 30.72 seconds
2025-09-19 02:34:22,322 - INFO - Completed /viper/ptmp/arego/RC4K1_1/5050.h5 in 26.58 seconds
2025-09-19 02:34:23,083 - INFO - Processing /viper/ptmp/arego/RC4K1/2581.h5
2025-09-19 02:34:23,362 - INFO - Completed /viper/ptmp/arego/RC4K1_1/9775.h5 in 26.27 seconds
2025-09-19 02:34:23,507 - INFO - Processing /viper/ptmp/arego/RC4K1/29573.h5
2025-09-19 02:34:23,737 - INFO - File 8353: Filtered 33977511 hits and 10 records
2025-09-19 02:34:24,154 - INFO - Processing /viper/ptmp/arego/RC4K1/27735.h5
2025-09-19 02:34:24,646 - INFO - File 2636: Filtered 33988057 hits and 8 records
2025-09-19 02:34:25,046 - INFO - Completed /viper/ptmp/arego/RC4K1_1/844.h5 in 29.54 seconds
2025-09-19 02:34:25,179 - INFO - Completed /viper/ptmp/arego/RC4K1_1/14782.h5 in 27.48 seconds
2025-09-19 02:34:25,675 - INFO - Completed /viper/ptmp/arego/RC4K1_1/11294.h5 in 21.77 seconds
2025-09-19 02:34:25,878 - INFO - File 24589: Filtered 17315588 hits and 8 records
2025-09-19 02:34:26,079 - INFO - Processing /viper/ptmp/arego/RC4K1/25221.h5
2025-09-19 02:34:26,756 - INFO - Completed /viper/ptmp/arego/RC4K1_1/2875.h5 in 32.05 seconds
2025-09-19 02:34:26,841 - INFO - Processing /viper/ptmp/arego/RC4K1/15270.h5
2025-09-19 02:34:26,923 - INFO - Processing /viper/ptmp/arego/RC4K1/15683.h5
2025-09-19 02:34:27,391 - INFO - File 16022: Filtered 43867912 hits and 7 records
2025-09-19 02:34:28,034 - INFO - Processing /viper/ptmp/arego/RC4K1/7245.h5
2025-09-19 02:34:29,584 - INFO - File 15453: Filtered 36573504 hits and 8 records
2025-09-19 02:34:31,656 - INFO - File 23845: Filtered 26414658 hits and 10 records
2025-09-19 02:34:32,144 - INFO - Completed /viper/ptmp/arego/RC4K1_1/2636.h5 in 19.79 seconds
2025-09-19 02:34:33,485 - INFO - Processing /viper/ptmp/arego/RC4K1/1501.h5
2025-09-19 02:34:35,567 - INFO - File 1204: Filtered 35667382 hits and 11 records
2025-09-19 02:34:35,853 - ERROR - Error processing /viper/ptmp/arego/RC4K1/8353.h5: low >= high
2025-09-19 02:34:37,030 - INFO - Processing /viper/ptmp/arego/RC4K1/13856.h5
2025-09-19 02:34:37,082 - INFO - Completed /viper/ptmp/arego/RC4K1_1/16022.h5 in 31.96 seconds
2025-09-19 02:34:37,929 - INFO - Processing /viper/ptmp/arego/RC4K1/5704.h5
2025-09-19 02:34:38,150 - INFO - File 22573: Filtered 18814906 hits and 6 records
2025-09-19 02:34:39,191 - INFO - File 8117: Filtered 36104546 hits and 7 records
2025-09-19 02:34:40,771 - INFO - File 2581: Filtered 22165381 hits and 6 records
2025-09-19 02:34:42,124 - INFO - Completed /viper/ptmp/arego/RC4K1_1/15453.h5 in 34.95 seconds
2025-09-19 02:34:42,441 - INFO - File 27735: Filtered 36045768 hits and 9 records
2025-09-19 02:34:43,725 - INFO - Processing /viper/ptmp/arego/RC4K1/10692.h5
2025-09-19 02:34:44,488 - INFO - Completed /viper/ptmp/arego/RC4K1_1/24589.h5 in 41.24 seconds
2025-09-19 02:34:44,611 - INFO - Completed /viper/ptmp/arego/RC4K1_1/23845.h5 in 25.41 seconds
2025-09-19 02:34:44,910 - INFO - File 25221: Filtered 25310021 hits and 7 records
2025-09-19 02:34:46,296 - INFO - Processing /viper/ptmp/arego/RC4K1/29202.h5
2025-09-19 02:34:46,309 - INFO - Processing /viper/ptmp/arego/RC4K1/27022.h5
2025-09-19 02:34:46,605 - INFO - File 15270: Filtered 31625286 hits and 11 records
2025-09-19 02:34:47,766 - INFO - File 7245: Filtered 27927973 hits and 6 records
2025-09-19 02:34:47,766 - INFO - Completed /viper/ptmp/arego/RC4K1_1/1204.h5 in 35.75 seconds
2025-09-19 02:34:48,211 - INFO - File 15683: Filtered 45896753 hits and 9 records
2025-09-19 02:34:49,032 - INFO - Processing /viper/ptmp/arego/RC4K1/28622.h5
2025-09-19 02:34:50,273 - INFO - File 1501: Filtered 37318471 hits and 10 records
2025-09-19 02:34:52,053 - INFO - Completed /viper/ptmp/arego/RC4K1_1/27735.h5 in 27.90 seconds
2025-09-19 02:34:52,732 - INFO - Processing /viper/ptmp/arego/RC4K1/13825.h5
2025-09-19 02:34:53,584 - INFO - Completed /viper/ptmp/arego/RC4K1_1/22573.h5 in 31.81 seconds
2025-09-19 02:34:54,580 - INFO - Processing /viper/ptmp/arego/RC4K1/15399.h5
2025-09-19 02:34:54,718 - INFO - Completed /viper/ptmp/arego/RC4K1_1/2581.h5 in 31.64 seconds
2025-09-19 02:34:54,888 - INFO - Completed /viper/ptmp/arego/RC4K1_1/8117.h5 in 37.10 seconds
2025-09-19 02:34:55,781 - INFO - Processing /viper/ptmp/arego/RC4K1/5964.h5
2025-09-19 02:34:56,175 - INFO - Completed /viper/ptmp/arego/RC4K1_1/25221.h5 in 30.10 seconds
2025-09-19 02:34:56,499 - INFO - Processing /viper/ptmp/arego/RC4K1/25606.h5
2025-09-19 02:34:57,064 - INFO - Completed /viper/ptmp/arego/RC4K1_1/15270.h5 in 30.22 seconds
2025-09-19 02:34:57,177 - INFO - Processing /viper/ptmp/arego/RC4K1/17878.h5
2025-09-19 02:34:57,434 - INFO - File 29573: Filtered 20767653 hits and 7 records
2025-09-19 02:34:57,649 - INFO - Completed /viper/ptmp/arego/RC4K1_1/1501.h5 in 24.16 seconds
2025-09-19 02:34:57,943 - INFO - Completed /viper/ptmp/arego/RC4K1_1/7245.h5 in 29.91 seconds
2025-09-19 02:34:58,080 - INFO - Processing /viper/ptmp/arego/RC4K1/12337.h5
2025-09-19 02:34:58,847 - INFO - Processing /viper/ptmp/arego/RC4K1/17619.h5
2025-09-19 02:34:59,071 - INFO - File 29202: Filtered 28573624 hits and 10 records
2025-09-19 02:34:59,483 - INFO - Processing /viper/ptmp/arego/RC4K1/16978.h5
2025-09-19 02:35:02,045 - INFO - Completed /viper/ptmp/arego/RC4K1_1/15683.h5 in 35.12 seconds
2025-09-19 02:35:02,674 - INFO - File 13856: Filtered 37258287 hits and 8 records
2025-09-19 02:35:04,207 - INFO - File 5704: Filtered 56933964 hits and 11 records
2025-09-19 02:35:04,928 - INFO - Processing /viper/ptmp/arego/RC4K1/17890.h5
2025-09-19 02:35:06,509 - INFO - File 13825: Filtered 37257578 hits and 9 records
2025-09-19 02:35:09,745 - INFO - Completed /viper/ptmp/arego/RC4K1_1/29202.h5 in 23.45 seconds
2025-09-19 02:35:11,587 - INFO - Processing /viper/ptmp/arego/RC4K1/23741.h5
2025-09-19 02:35:11,814 - INFO - File 15399: Filtered 38439181 hits and 12 records
2025-09-19 02:35:12,155 - INFO - File 10692: Filtered 27470636 hits and 8 records
2025-09-19 02:35:15,459 - INFO - File 27022: Filtered 30388342 hits and 5 records
2025-09-19 02:35:15,537 - INFO - File 5964: Filtered 31929760 hits and 8 records
2025-09-19 02:35:15,550 - INFO - Completed /viper/ptmp/arego/RC4K1_1/5704.h5 in 37.62 seconds
2025-09-19 02:35:16,816 - INFO - Processing /viper/ptmp/arego/RC4K1/10671.h5
2025-09-19 02:35:17,182 - INFO - Completed /viper/ptmp/arego/RC4K1_1/13825.h5 in 24.45 seconds
2025-09-19 02:35:18,020 - INFO - File 17878: Filtered 22527990 hits and 8 records
2025-09-19 02:35:18,279 - INFO - Processing /viper/ptmp/arego/RC4K1/8671.h5
2025-09-19 02:35:18,494 - INFO - File 12337: Filtered 40305136 hits and 6 records
2025-09-19 02:35:18,592 - INFO - File 28622: Filtered 32413738 hits and 7 records
2025-09-19 02:35:19,664 - INFO - File 17619: Filtered 40107536 hits and 13 records
2025-09-19 02:35:20,194 - INFO - File 16978: Filtered 36105173 hits and 8 records
2025-09-19 02:35:21,754 - INFO - Completed /viper/ptmp/arego/RC4K1_1/13856.h5 in 44.72 seconds
2025-09-19 02:35:21,980 - INFO - Completed /viper/ptmp/arego/RC4K1_1/15399.h5 in 27.40 seconds
2025-09-19 02:35:22,950 - INFO - Processing /viper/ptmp/arego/RC4K1/24163.h5
2025-09-19 02:35:23,146 - INFO - File 25606: Filtered 34522770 hits and 9 records
2025-09-19 02:35:23,712 - INFO - Processing /viper/ptmp/arego/RC4K1/20252.h5
2025-09-19 02:35:26,873 - INFO - Completed /viper/ptmp/arego/RC4K1_1/5964.h5 in 31.09 seconds
2025-09-19 02:35:27,107 - INFO - File 23741: Filtered 34503115 hits and 7 records
2025-09-19 02:35:27,385 - INFO - Completed /viper/ptmp/arego/RC4K1_1/12337.h5 in 29.31 seconds
2025-09-19 02:35:27,810 - INFO - Processing /viper/ptmp/arego/RC4K1/26332.h5
2025-09-19 02:35:28,400 - INFO - Completed /viper/ptmp/arego/RC4K1_1/17619.h5 in 29.55 seconds
2025-09-19 02:35:28,734 - INFO - Processing /viper/ptmp/arego/RC4K1/1187.h5
2025-09-19 02:35:29,716 - INFO - Processing /viper/ptmp/arego/RC4K1/14987.h5
2025-09-19 02:35:30,294 - INFO - File 17890: Filtered 70872347 hits and 7 records
2025-09-19 02:35:30,885 - INFO - Completed /viper/ptmp/arego/RC4K1_1/16978.h5 in 31.40 seconds
2025-09-19 02:35:31,658 - INFO - Completed /viper/ptmp/arego/RC4K1_1/17878.h5 in 34.48 seconds
2025-09-19 02:35:31,822 - INFO - Processing /viper/ptmp/arego/RC4K1/11673.h5
2025-09-19 02:35:31,981 - INFO - Completed /viper/ptmp/arego/RC4K1_1/10692.h5 in 48.26 seconds
2025-09-19 02:35:32,977 - INFO - Processing /viper/ptmp/arego/RC4K1/8258.h5
2025-09-19 02:35:33,099 - INFO - Completed /viper/ptmp/arego/RC4K1_1/29573.h5 in 69.59 seconds
2025-09-19 02:35:33,330 - INFO - File 8671: Filtered 42360099 hits and 8 records
2025-09-19 02:35:33,870 - INFO - Processing /viper/ptmp/arego/RC4K1/8203.h5
2025-09-19 02:35:33,997 - INFO - Completed /viper/ptmp/arego/RC4K1_1/27022.h5 in 47.69 seconds
2025-09-19 02:35:35,609 - INFO - Processing /viper/ptmp/arego/RC4K1/20963.h5
2025-09-19 02:35:36,009 - INFO - Completed /viper/ptmp/arego/RC4K1_1/28622.h5 in 46.98 seconds
2025-09-19 02:35:36,295 - INFO - Processing /viper/ptmp/arego/RC4K1/21633.h5
2025-09-19 02:35:37,640 - INFO - Processing /viper/ptmp/arego/RC4K1/21731.h5
2025-09-19 02:35:37,789 - INFO - File 24163: Filtered 37439711 hits and 5 records
2025-09-19 02:35:38,494 - INFO - Completed /viper/ptmp/arego/RC4K1_1/23741.h5 in 26.91 seconds
2025-09-19 02:35:39,335 - INFO - Completed /viper/ptmp/arego/RC4K1_1/25606.h5 in 42.84 seconds
2025-09-19 02:35:39,616 - INFO - File 10671: Filtered 28966395 hits and 5 records
2025-09-19 02:35:39,997 - INFO - Processing /viper/ptmp/arego/RC4K1/16577.h5
2025-09-19 02:35:40,080 - INFO - Completed /viper/ptmp/arego/RC4K1_1/17890.h5 in 35.15 seconds
2025-09-19 02:35:41,075 - INFO - Processing /viper/ptmp/arego/RC4K1/12648.h5
2025-09-19 02:35:42,949 - INFO - Completed /viper/ptmp/arego/RC4K1_1/8671.h5 in 24.67 seconds
2025-09-19 02:35:44,122 - INFO - Processing /viper/ptmp/arego/RC4K1/27585.h5
2025-09-19 02:35:45,530 - INFO - File 20252: Filtered 54145437 hits and 8 records
2025-09-19 02:35:47,238 - INFO - File 26332: Filtered 23194209 hits and 7 records
2025-09-19 02:35:48,489 - INFO - File 1187: Filtered 52603103 hits and 9 records
2025-09-19 02:35:50,636 - INFO - Completed /viper/ptmp/arego/RC4K1_1/24163.h5 in 27.69 seconds
2025-09-19 02:35:57,647 - INFO - File 14987: Filtered 39524317 hits and 6 records
2025-09-19 02:35:58,780 - INFO - Completed /viper/ptmp/arego/RC4K1_1/1187.h5 in 30.05 seconds
2025-09-19 02:35:58,893 - INFO - Completed /viper/ptmp/arego/RC4K1_1/20252.h5 in 35.18 seconds
2025-09-19 02:35:58,925 - INFO - File 11673: Filtered 40155273 hits and 8 records
2025-09-19 02:36:00,516 - INFO - File 8258: Filtered 49682316 hits and 7 records
2025-09-19 02:36:00,927 - INFO - Completed /viper/ptmp/arego/RC4K1_1/10671.h5 in 44.11 seconds
2025-09-19 02:36:03,137 - INFO - File 8203: Filtered 45388151 hits and 9 records
2025-09-19 02:36:04,804 - INFO - File 20963: Filtered 43482261 hits and 8 records
2025-09-19 02:36:05,379 - INFO - File 21633: Filtered 40604515 hits and 8 records
2025-09-19 02:36:07,158 - INFO - Completed /viper/ptmp/arego/RC4K1_1/26332.h5 in 39.35 seconds
2025-09-19 02:36:09,982 - INFO - File 16577: Filtered 73966368 hits and 12 records
2025-09-19 02:36:17,208 - INFO - Completed /viper/ptmp/arego/RC4K1_1/14987.h5 in 47.49 seconds
2025-09-19 02:36:17,928 - INFO - Completed /viper/ptmp/arego/RC4K1_1/11673.h5 in 46.11 seconds
2025-09-19 02:36:18,581 - INFO - Completed /viper/ptmp/arego/RC4K1_1/8258.h5 in 45.60 seconds
2025-09-19 02:36:23,585 - INFO - Completed /viper/ptmp/arego/RC4K1_1/8203.h5 in 49.72 seconds
2025-09-19 02:36:24,086 - INFO - File 12648: Filtered 96738451 hits and 9 records
2025-09-19 02:36:26,102 - INFO - Completed /viper/ptmp/arego/RC4K1_1/16577.h5 in 46.11 seconds
2025-09-19 02:36:26,460 - INFO - Completed /viper/ptmp/arego/RC4K1_1/20963.h5 in 50.85 seconds
2025-09-19 02:36:26,668 - INFO - File 21731: Filtered 6857448 hits and 4 records
2025-09-19 02:36:27,351 - INFO - Completed /viper/ptmp/arego/RC4K1_1/21633.h5 in 51.06 seconds
2025-09-19 02:36:41,794 - INFO - Completed /viper/ptmp/arego/RC4K1_1/12648.h5 in 60.72 seconds
2025-09-19 02:37:12,115 - INFO - Completed /viper/ptmp/arego/RC4K1_1/21731.h5 in 94.48 seconds
2025-09-19 02:37:22,195 - INFO - File 27585: Filtered 89288231 hits and 8 records
2025-09-19 02:38:50,538 - ERROR - Error processing /viper/ptmp/arego/RC4K1/27585.h5: low >= high
