2025-09-19 03:52:35,976 - INFO - Loaded skip configuration: 0 files to skip entirely, 35364 files with partial record skips
2025-09-19 03:52:35,977 - INFO - Loaded skip configuration: 0 files to skip entirely, 35364 files with partial record skips
2025-09-19 03:52:36,776 - INFO - Processing /viper/ptmp/arego/RC4K1/160.h5
2025-09-19 03:52:36,862 - INFO - Processing /viper/ptmp/arego/RC4K1/16004.h5
2025-09-19 03:52:37,268 - INFO - File 160: Filtered 1058894 hits and 6 records
2025-09-19 03:52:37,292 - INFO - Processing /viper/ptmp/arego/RC4K1/3619.h5
2025-09-19 03:52:37,398 - INFO - Processing /viper/ptmp/arego/RC4K1/907.h5
2025-09-19 03:52:37,531 - INFO - File 16004: Filtered 820180 hits and 6 records
2025-09-19 03:52:37,596 - INFO - Completed /viper/ptmp/arego/RC4K1_1/160.h5 in 0.82 seconds
2025-09-19 03:52:37,755 - INFO - File 3619: Filtered 809075 hits and 5 records
2025-09-19 03:52:37,820 - INFO - Processing /viper/ptmp/arego/RC4K1/13799.h5
2025-09-19 03:52:37,885 - INFO - File 907: Filtered 389260 hits and 2 records
2025-09-19 03:52:38,036 - INFO - Processing /viper/ptmp/arego/RC4K1/985.h5
2025-09-19 03:52:38,055 - INFO - Completed /viper/ptmp/arego/RC4K1_1/16004.h5 in 1.19 seconds
2025-09-19 03:52:38,294 - INFO - Completed /viper/ptmp/arego/RC4K1_1/3619.h5 in 1.00 seconds
2025-09-19 03:52:38,359 - INFO - File 13799: Filtered 1969598 hits and 6 records
2025-09-19 03:52:38,361 - INFO - Processing /viper/ptmp/arego/RC4K1/20283.h5
2025-09-19 03:52:38,623 - INFO - File 985: Filtered 744976 hits and 3 records
2025-09-19 03:52:38,625 - INFO - Processing /viper/ptmp/arego/RC4K1/28049.h5
2025-09-19 03:52:38,789 - INFO - Completed /viper/ptmp/arego/RC4K1_1/13799.h5 in 0.97 seconds
2025-09-19 03:52:38,926 - INFO - File 20283: Filtered 1200564 hits and 4 records
2025-09-19 03:52:38,936 - INFO - Processing /viper/ptmp/arego/RC4K1/26043.h5
2025-09-19 03:52:38,989 - INFO - Completed /viper/ptmp/arego/RC4K1_1/907.h5 in 1.59 seconds
2025-09-19 03:52:39,219 - INFO - Processing /viper/ptmp/arego/RC4K1/4764.h5
2025-09-19 03:52:39,223 - INFO - File 28049: Filtered 880992 hits and 3 records
2025-09-19 03:52:39,399 - INFO - Completed /viper/ptmp/arego/RC4K1_1/985.h5 in 1.36 seconds
2025-09-19 03:52:39,510 - INFO - Processing /viper/ptmp/arego/RC4K1/12145.h5
2025-09-19 03:52:39,544 - INFO - File 26043: Filtered 1095086 hits and 5 records
2025-09-19 03:52:39,563 - INFO - Completed /viper/ptmp/arego/RC4K1_1/20283.h5 in 1.20 seconds
2025-09-19 03:52:39,832 - INFO - Processing /viper/ptmp/arego/RC4K1/10212.h5
2025-09-19 03:52:39,870 - INFO - File 4764: Filtered 1333727 hits and 6 records
2025-09-19 03:52:40,036 - INFO - Completed /viper/ptmp/arego/RC4K1_1/28049.h5 in 1.41 seconds
2025-09-19 03:52:40,071 - INFO - File 12145: Filtered 969374 hits and 6 records
2025-09-19 03:52:40,076 - INFO - Processing /viper/ptmp/arego/RC4K1/25856.h5
2025-09-19 03:52:40,147 - INFO - Completed /viper/ptmp/arego/RC4K1_1/26043.h5 in 1.21 seconds
2025-09-19 03:52:40,410 - INFO - Processing /viper/ptmp/arego/RC4K1/18231.h5
2025-09-19 03:52:40,506 - INFO - Completed /viper/ptmp/arego/RC4K1_1/4764.h5 in 1.29 seconds
2025-09-19 03:52:40,526 - INFO - File 10212: Filtered 1553271 hits and 7 records
2025-09-19 03:52:40,588 - INFO - Processing /viper/ptmp/arego/RC4K1/14945.h5
2025-09-19 03:52:40,722 - INFO - File 25856: Filtered 1169733 hits and 6 records
2025-09-19 03:52:40,739 - INFO - Completed /viper/ptmp/arego/RC4K1_1/12145.h5 in 1.23 seconds
2025-09-19 03:52:40,989 - INFO - Processing /viper/ptmp/arego/RC4K1/4594.h5
2025-09-19 03:52:41,045 - INFO - Processing /viper/ptmp/arego/RC4K1/23556.h5
2025-09-19 03:52:41,124 - INFO - File 18231: Filtered 1390905 hits and 7 records
2025-09-19 03:52:41,178 - INFO - Completed /viper/ptmp/arego/RC4K1_1/10212.h5 in 1.35 seconds
2025-09-19 03:52:41,261 - INFO - File 14945: Filtered 1408669 hits and 5 records
2025-09-19 03:52:41,472 - INFO - Completed /viper/ptmp/arego/RC4K1_1/25856.h5 in 1.40 seconds
2025-09-19 03:52:41,523 - INFO - Processing /viper/ptmp/arego/RC4K1/14992.h5
2025-09-19 03:52:41,576 - INFO - Processing /viper/ptmp/arego/RC4K1/15054.h5
2025-09-19 03:52:41,703 - INFO - File 4594: Filtered 919429 hits and 6 records
2025-09-19 03:52:41,723 - INFO - File 23556: Filtered 1093456 hits and 6 records
2025-09-19 03:52:41,824 - INFO - Completed /viper/ptmp/arego/RC4K1_1/18231.h5 in 1.41 seconds
2025-09-19 03:52:41,925 - INFO - Completed /viper/ptmp/arego/RC4K1_1/14945.h5 in 1.34 seconds
2025-09-19 03:52:42,114 - INFO - Processing /viper/ptmp/arego/RC4K1/19489.h5
2025-09-19 03:52:42,147 - INFO - Processing /viper/ptmp/arego/RC4K1/8422.h5
2025-09-19 03:52:42,222 - INFO - File 14992: Filtered 2440971 hits and 6 records
2025-09-19 03:52:42,262 - INFO - File 15054: Filtered 2630340 hits and 7 records
2025-09-19 03:52:42,476 - INFO - Completed /viper/ptmp/arego/RC4K1_1/23556.h5 in 1.43 seconds
2025-09-19 03:52:42,536 - INFO - Completed /viper/ptmp/arego/RC4K1_1/4594.h5 in 1.55 seconds
2025-09-19 03:52:42,697 - INFO - Processing /viper/ptmp/arego/RC4K1/15628.h5
2025-09-19 03:52:42,710 - INFO - Completed /viper/ptmp/arego/RC4K1_1/15054.h5 in 1.13 seconds
2025-09-19 03:52:42,713 - INFO - Processing /viper/ptmp/arego/RC4K1/24687.h5
2025-09-19 03:52:42,726 - INFO - Completed /viper/ptmp/arego/RC4K1_1/14992.h5 in 1.20 seconds
2025-09-19 03:52:42,842 - INFO - File 19489: Filtered 2351029 hits and 5 records
2025-09-19 03:52:42,917 - INFO - File 8422: Filtered 1609655 hits and 8 records
2025-09-19 03:52:43,271 - INFO - Processing /viper/ptmp/arego/RC4K1/26060.h5
2025-09-19 03:52:43,274 - INFO - Processing /viper/ptmp/arego/RC4K1/25054.h5
2025-09-19 03:52:43,439 - INFO - File 24687: Filtered 2797338 hits and 5 records
2025-09-19 03:52:43,537 - INFO - Completed /viper/ptmp/arego/RC4K1_1/19489.h5 in 1.42 seconds
2025-09-19 03:52:43,557 - INFO - File 15628: Filtered 2544317 hits and 5 records
2025-09-19 03:52:43,681 - INFO - Completed /viper/ptmp/arego/RC4K1_1/8422.h5 in 1.53 seconds
2025-09-19 03:52:43,824 - INFO - Processing /viper/ptmp/arego/RC4K1/4461.h5
2025-09-19 03:52:43,889 - INFO - Processing /viper/ptmp/arego/RC4K1/10624.h5
2025-09-19 03:52:43,893 - INFO - Completed /viper/ptmp/arego/RC4K1_1/24687.h5 in 1.18 seconds
2025-09-19 03:52:44,086 - INFO - File 25054: Filtered 1502648 hits and 7 records
2025-09-19 03:52:44,181 - INFO - File 26060: Filtered 1194014 hits and 4 records
2025-09-19 03:52:44,350 - INFO - Completed /viper/ptmp/arego/RC4K1_1/15628.h5 in 1.65 seconds
2025-09-19 03:52:44,381 - INFO - Processing /viper/ptmp/arego/RC4K1/14190.h5
2025-09-19 03:52:44,505 - INFO - Processing /viper/ptmp/arego/RC4K1/11271.h5
2025-09-19 03:52:44,650 - INFO - File 4461: Filtered 1564548 hits and 4 records
2025-09-19 03:52:44,795 - INFO - File 10624: Filtered 2956260 hits and 7 records
2025-09-19 03:52:44,876 - INFO - Processing /viper/ptmp/arego/RC4K1/21130.h5
2025-09-19 03:52:45,063 - INFO - Completed /viper/ptmp/arego/RC4K1_1/25054.h5 in 1.79 seconds
2025-09-19 03:52:45,071 - INFO - Processing /viper/ptmp/arego/RC4K1/27650.h5
2025-09-19 03:52:45,212 - INFO - File 14190: Filtered 1606033 hits and 4 records
2025-09-19 03:52:45,377 - INFO - Completed /viper/ptmp/arego/RC4K1_1/26060.h5 in 2.11 seconds
2025-09-19 03:52:45,462 - INFO - File 11271: Filtered 2100392 hits and 7 records
2025-09-19 03:52:45,494 - INFO - Processing /viper/ptmp/arego/RC4K1/25543.h5
2025-09-19 03:52:45,536 - INFO - Completed /viper/ptmp/arego/RC4K1_1/10624.h5 in 1.65 seconds
2025-09-19 03:52:45,682 - INFO - Processing /viper/ptmp/arego/RC4K1/28987.h5
2025-09-19 03:52:45,750 - INFO - File 21130: Filtered 2573611 hits and 8 records
2025-09-19 03:52:45,768 - INFO - Completed /viper/ptmp/arego/RC4K1_1/4461.h5 in 1.94 seconds
2025-09-19 03:52:46,100 - INFO - Processing /viper/ptmp/arego/RC4K1/26640.h5
2025-09-19 03:52:46,166 - INFO - File 27650: Filtered 1278963 hits and 3 records
2025-09-19 03:52:46,342 - INFO - Processing /viper/ptmp/arego/RC4K1/25346.h5
2025-09-19 03:52:46,401 - INFO - Completed /viper/ptmp/arego/RC4K1_1/11271.h5 in 1.90 seconds
2025-09-19 03:52:46,444 - INFO - File 25543: Filtered 2358446 hits and 6 records
2025-09-19 03:52:46,568 - INFO - Completed /viper/ptmp/arego/RC4K1_1/21130.h5 in 1.69 seconds
2025-09-19 03:52:46,771 - INFO - Processing /viper/ptmp/arego/RC4K1/14539.h5
2025-09-19 03:52:46,834 - INFO - File 28987: Filtered 2722249 hits and 6 records
2025-09-19 03:52:47,031 - INFO - Processing /viper/ptmp/arego/RC4K1/14688.h5
2025-09-19 03:52:47,148 - INFO - File 26640: Filtered 2813506 hits and 4 records
2025-09-19 03:52:47,257 - INFO - Completed /viper/ptmp/arego/RC4K1_1/25543.h5 in 1.76 seconds
2025-09-19 03:52:47,381 - INFO - Processing /viper/ptmp/arego/RC4K1/981.h5
2025-09-19 03:52:47,456 - INFO - File 25346: Filtered 3108512 hits and 8 records
2025-09-19 03:52:47,617 - INFO - Completed /viper/ptmp/arego/RC4K1_1/27650.h5 in 2.55 seconds
2025-09-19 03:52:47,683 - INFO - Processing /viper/ptmp/arego/RC4K1/24474.h5
2025-09-19 03:52:47,812 - INFO - Completed /viper/ptmp/arego/RC4K1_1/14190.h5 in 3.43 seconds
2025-09-19 03:52:47,839 - INFO - Completed /viper/ptmp/arego/RC4K1_1/28987.h5 in 2.16 seconds
2025-09-19 03:52:47,893 - INFO - File 14539: Filtered 3535385 hits and 8 records
2025-09-19 03:52:48,124 - INFO - File 14688: Filtered 4056267 hits and 7 records
2025-09-19 03:52:48,259 - INFO - Completed /viper/ptmp/arego/RC4K1_1/25346.h5 in 1.92 seconds
2025-09-19 03:52:48,312 - INFO - Completed /viper/ptmp/arego/RC4K1_1/26640.h5 in 2.21 seconds
2025-09-19 03:52:48,319 - INFO - Processing /viper/ptmp/arego/RC4K1/6846.h5
2025-09-19 03:52:48,377 - INFO - Processing /viper/ptmp/arego/RC4K1/1175.h5
2025-09-19 03:52:48,448 - INFO - File 981: Filtered 3321387 hits and 8 records
2025-09-19 03:52:48,588 - INFO - Completed /viper/ptmp/arego/RC4K1_1/14539.h5 in 1.82 seconds
2025-09-19 03:52:48,763 - INFO - File 24474: Filtered 3220244 hits and 9 records
2025-09-19 03:52:48,883 - INFO - Completed /viper/ptmp/arego/RC4K1_1/14688.h5 in 1.85 seconds
2025-09-19 03:52:48,905 - INFO - Processing /viper/ptmp/arego/RC4K1/9278.h5
2025-09-19 03:52:48,979 - INFO - Processing /viper/ptmp/arego/RC4K1/26997.h5
2025-09-19 03:52:49,301 - INFO - Completed /viper/ptmp/arego/RC4K1_1/981.h5 in 1.92 seconds
2025-09-19 03:52:49,381 - INFO - File 6846: Filtered 3392682 hits and 8 records
2025-09-19 03:52:49,438 - INFO - File 1175: Filtered 4628384 hits and 3 records
2025-09-19 03:52:49,467 - INFO - Processing /viper/ptmp/arego/RC4K1/10267.h5
2025-09-19 03:52:49,539 - INFO - Processing /viper/ptmp/arego/RC4K1/12241.h5
2025-09-19 03:52:49,758 - INFO - Completed /viper/ptmp/arego/RC4K1_1/24474.h5 in 2.08 seconds
2025-09-19 03:52:49,959 - INFO - Completed /viper/ptmp/arego/RC4K1_1/1175.h5 in 1.58 seconds
2025-09-19 03:52:50,017 - INFO - File 9278: Filtered 3991621 hits and 9 records
2025-09-19 03:52:50,022 - INFO - Processing /viper/ptmp/arego/RC4K1/8903.h5
2025-09-19 03:52:50,071 - INFO - File 26997: Filtered 1977211 hits and 4 records
2025-09-19 03:52:50,137 - INFO - Processing /viper/ptmp/arego/RC4K1/21539.h5
2025-09-19 03:52:50,157 - INFO - Completed /viper/ptmp/arego/RC4K1_1/6846.h5 in 1.84 seconds
2025-09-19 03:52:50,573 - INFO - Processing /viper/ptmp/arego/RC4K1/15962.h5
2025-09-19 03:52:50,597 - INFO - File 10267: Filtered 3213274 hits and 6 records
2025-09-19 03:52:50,719 - INFO - File 12241: Filtered 2932935 hits and 6 records
2025-09-19 03:52:50,743 - INFO - Completed /viper/ptmp/arego/RC4K1_1/9278.h5 in 1.84 seconds
2025-09-19 03:52:50,783 - INFO - Processing /viper/ptmp/arego/RC4K1/20599.h5
2025-09-19 03:52:51,177 - INFO - Processing /viper/ptmp/arego/RC4K1/14387.h5
2025-09-19 03:52:51,182 - INFO - File 8903: Filtered 4414778 hits and 8 records
2025-09-19 03:52:51,330 - INFO - Completed /viper/ptmp/arego/RC4K1_1/26997.h5 in 2.35 seconds
2025-09-19 03:52:51,342 - INFO - File 21539: Filtered 2373233 hits and 6 records
2025-09-19 03:52:51,450 - INFO - Processing /viper/ptmp/arego/RC4K1/19346.h5
2025-09-19 03:52:51,563 - INFO - Completed /viper/ptmp/arego/RC4K1_1/10267.h5 in 2.10 seconds
2025-09-19 03:52:51,707 - INFO - Processing /viper/ptmp/arego/RC4K1/795.h5
2025-09-19 03:52:51,788 - INFO - File 15962: Filtered 6156279 hits and 8 records
2025-09-19 03:52:51,824 - INFO - Completed /viper/ptmp/arego/RC4K1_1/12241.h5 in 2.28 seconds
2025-09-19 03:52:51,976 - INFO - Completed /viper/ptmp/arego/RC4K1_1/8903.h5 in 1.95 seconds
2025-09-19 03:52:52,044 - INFO - File 20599: Filtered 2967959 hits and 8 records
2025-09-19 03:52:52,081 - INFO - Completed /viper/ptmp/arego/RC4K1_1/15962.h5 in 1.51 seconds
2025-09-19 03:52:52,098 - INFO - Processing /viper/ptmp/arego/RC4K1/2012.h5
2025-09-19 03:52:52,274 - INFO - Processing /viper/ptmp/arego/RC4K1/12389.h5
2025-09-19 03:52:52,351 - INFO - File 14387: Filtered 3876164 hits and 8 records
2025-09-19 03:52:52,741 - INFO - Processing /viper/ptmp/arego/RC4K1/2402.h5
2025-09-19 03:52:52,741 - INFO - File 19346: Filtered 3280402 hits and 6 records
2025-09-19 03:52:52,764 - INFO - Processing /viper/ptmp/arego/RC4K1/26120.h5
2025-09-19 03:52:52,939 - INFO - File 795: Filtered 3224457 hits and 6 records
2025-09-19 03:52:53,099 - INFO - Completed /viper/ptmp/arego/RC4K1_1/21539.h5 in 2.96 seconds
2025-09-19 03:52:53,249 - INFO - Processing /viper/ptmp/arego/RC4K1/1135.h5
2025-09-19 03:52:53,249 - INFO - Completed /viper/ptmp/arego/RC4K1_1/14387.h5 in 2.07 seconds
2025-09-19 03:52:53,285 - INFO - Completed /viper/ptmp/arego/RC4K1_1/20599.h5 in 2.50 seconds
2025-09-19 03:52:53,426 - INFO - Processing /viper/ptmp/arego/RC4K1/29957.h5
2025-09-19 03:52:53,464 - INFO - File 2012: Filtered 2436646 hits and 5 records
2025-09-19 03:52:53,532 - INFO - File 12389: Filtered 4651287 hits and 8 records
2025-09-19 03:52:53,775 - INFO - Processing /viper/ptmp/arego/RC4K1/20132.h5
2025-09-19 03:52:53,911 - INFO - Completed /viper/ptmp/arego/RC4K1_1/19346.h5 in 2.46 seconds
2025-09-19 03:52:54,013 - INFO - File 26120: Filtered 3365013 hits and 6 records
2025-09-19 03:52:54,054 - INFO - Completed /viper/ptmp/arego/RC4K1_1/795.h5 in 2.35 seconds
2025-09-19 03:52:54,093 - INFO - Processing /viper/ptmp/arego/RC4K1/26061.h5
2025-09-19 03:52:54,136 - INFO - File 2402: Filtered 2272628 hits and 6 records
2025-09-19 03:52:54,309 - INFO - Completed /viper/ptmp/arego/RC4K1_1/12389.h5 in 2.04 seconds
2025-09-19 03:52:54,360 - INFO - Processing /viper/ptmp/arego/RC4K1/27768.h5
2025-09-19 03:52:54,560 - INFO - File 1135: Filtered 3396960 hits and 9 records
2025-09-19 03:52:54,850 - INFO - Processing /viper/ptmp/arego/RC4K1/22859.h5
2025-09-19 03:52:54,956 - INFO - File 29957: Filtered 5222669 hits and 9 records
2025-09-19 03:52:55,006 - INFO - Processing /viper/ptmp/arego/RC4K1/4123.h5
2025-09-19 03:52:55,047 - INFO - Completed /viper/ptmp/arego/RC4K1_1/2012.h5 in 2.95 seconds
2025-09-19 03:52:55,109 - INFO - File 20132: Filtered 5010967 hits and 4 records
2025-09-19 03:52:55,271 - INFO - Completed /viper/ptmp/arego/RC4K1_1/26120.h5 in 2.51 seconds
2025-09-19 03:52:55,516 - INFO - Processing /viper/ptmp/arego/RC4K1/6766.h5
2025-09-19 03:52:55,564 - INFO - Processing /viper/ptmp/arego/RC4K1/12874.h5
2025-09-19 03:52:55,648 - INFO - File 26061: Filtered 4275882 hits and 5 records
2025-09-19 03:52:55,701 - INFO - Completed /viper/ptmp/arego/RC4K1_1/29957.h5 in 2.27 seconds
2025-09-19 03:52:55,710 - INFO - Completed /viper/ptmp/arego/RC4K1_1/1135.h5 in 2.46 seconds
2025-09-19 03:52:55,821 - INFO - Completed /viper/ptmp/arego/RC4K1_1/2402.h5 in 3.08 seconds
2025-09-19 03:52:55,889 - INFO - File 27768: Filtered 3711732 hits and 8 records
2025-09-19 03:52:56,064 - INFO - Processing /viper/ptmp/arego/RC4K1/9392.h5
2025-09-19 03:52:56,234 - INFO - Processing /viper/ptmp/arego/RC4K1/19141.h5
2025-09-19 03:52:56,301 - INFO - Completed /viper/ptmp/arego/RC4K1_1/20132.h5 in 2.53 seconds
2025-09-19 03:52:56,336 - INFO - File 22859: Filtered 3132770 hits and 5 records
2025-09-19 03:52:56,598 - INFO - Processing /viper/ptmp/arego/RC4K1/1083.h5
2025-09-19 03:52:56,606 - INFO - File 4123: Filtered 4681186 hits and 7 records
2025-09-19 03:52:56,762 - INFO - Completed /viper/ptmp/arego/RC4K1_1/26061.h5 in 2.67 seconds
2025-09-19 03:52:56,889 - INFO - Processing /viper/ptmp/arego/RC4K1/29218.h5
2025-09-19 03:52:56,973 - INFO - File 6766: Filtered 5695551 hits and 6 records
2025-09-19 03:52:57,013 - INFO - File 12874: Filtered 5184395 hits and 5 records
2025-09-19 03:52:57,171 - INFO - Processing /viper/ptmp/arego/RC4K1/25737.h5
2025-09-19 03:52:57,289 - INFO - Completed /viper/ptmp/arego/RC4K1_1/27768.h5 in 2.93 seconds
2025-09-19 03:52:57,513 - INFO - Processing /viper/ptmp/arego/RC4K1/5002.h5
2025-09-19 03:52:57,610 - INFO - File 9392: Filtered 5856349 hits and 11 records
2025-09-19 03:52:57,668 - INFO - File 19141: Filtered 6241315 hits and 5 records
2025-09-19 03:52:57,672 - INFO - Completed /viper/ptmp/arego/RC4K1_1/4123.h5 in 2.67 seconds
2025-09-19 03:52:57,727 - INFO - Processing /viper/ptmp/arego/RC4K1/23787.h5
2025-09-19 03:52:57,854 - INFO - Completed /viper/ptmp/arego/RC4K1_1/12874.h5 in 2.29 seconds
2025-09-19 03:52:57,889 - INFO - Completed /viper/ptmp/arego/RC4K1_1/6766.h5 in 2.37 seconds
2025-09-19 03:52:57,892 - INFO - Completed /viper/ptmp/arego/RC4K1_1/22859.h5 in 3.04 seconds
2025-09-19 03:52:58,110 - INFO - File 1083: Filtered 4796978 hits and 5 records
2025-09-19 03:52:58,178 - INFO - Processing /viper/ptmp/arego/RC4K1/580.h5
2025-09-19 03:52:58,243 - INFO - Completed /viper/ptmp/arego/RC4K1_1/19141.h5 in 2.01 seconds
2025-09-19 03:52:58,252 - INFO - File 29218: Filtered 6407878 hits and 9 records
2025-09-19 03:52:58,298 - INFO - Processing /viper/ptmp/arego/RC4K1/22131.h5
2025-09-19 03:52:58,515 - INFO - Completed /viper/ptmp/arego/RC4K1_1/9392.h5 in 2.45 seconds
2025-09-19 03:52:58,713 - INFO - Completed /viper/ptmp/arego/RC4K1_1/29218.h5 in 1.82 seconds
2025-09-19 03:52:58,762 - INFO - File 25737: Filtered 3051793 hits and 7 records
2025-09-19 03:52:58,784 - INFO - Processing /viper/ptmp/arego/RC4K1/18455.h5
2025-09-19 03:52:58,843 - INFO - Processing /viper/ptmp/arego/RC4K1/20041.h5
2025-09-19 03:52:58,944 - INFO - File 5002: Filtered 2716492 hits and 5 records
2025-09-19 03:52:59,229 - INFO - File 23787: Filtered 5252390 hits and 9 records
2025-09-19 03:52:59,327 - INFO - Completed /viper/ptmp/arego/RC4K1_1/1083.h5 in 2.73 seconds
2025-09-19 03:52:59,409 - INFO - Processing /viper/ptmp/arego/RC4K1/5751.h5
2025-09-19 03:52:59,465 - INFO - Processing /viper/ptmp/arego/RC4K1/21461.h5
2025-09-19 03:52:59,640 - INFO - File 580: Filtered 4727467 hits and 6 records
2025-09-19 03:52:59,866 - INFO - File 22131: Filtered 6439254 hits and 10 records
2025-09-19 03:53:00,047 - INFO - Processing /viper/ptmp/arego/RC4K1/27849.h5
2025-09-19 03:53:00,111 - INFO - Processing /viper/ptmp/arego/RC4K1/17731.h5
2025-09-19 03:53:00,261 - INFO - Completed /viper/ptmp/arego/RC4K1_1/23787.h5 in 2.53 seconds
2025-09-19 03:53:00,318 - INFO - File 18455: Filtered 5250921 hits and 5 records
2025-09-19 03:53:00,368 - INFO - Completed /viper/ptmp/arego/RC4K1_1/25737.h5 in 3.20 seconds
2025-09-19 03:53:00,411 - INFO - File 20041: Filtered 7749471 hits and 8 records
2025-09-19 03:53:00,576 - INFO - Processing /viper/ptmp/arego/RC4K1/1198.h5
2025-09-19 03:53:00,646 - INFO - Completed /viper/ptmp/arego/RC4K1_1/22131.h5 in 2.35 seconds
2025-09-19 03:53:00,689 - INFO - Completed /viper/ptmp/arego/RC4K1_1/580.h5 in 2.51 seconds
2025-09-19 03:53:00,706 - INFO - Completed /viper/ptmp/arego/RC4K1_1/5002.h5 in 3.19 seconds
2025-09-19 03:53:00,831 - INFO - Processing /viper/ptmp/arego/RC4K1/15538.h5
2025-09-19 03:53:00,941 - INFO - Completed /viper/ptmp/arego/RC4K1_1/20041.h5 in 2.10 seconds
2025-09-19 03:53:00,995 - INFO - File 5751: Filtered 4653909 hits and 6 records
2025-09-19 03:53:01,064 - INFO - File 21461: Filtered 4959446 hits and 8 records
2025-09-19 03:53:01,114 - INFO - Processing /viper/ptmp/arego/RC4K1/23083.h5
2025-09-19 03:53:01,348 - INFO - Completed /viper/ptmp/arego/RC4K1_1/18455.h5 in 2.56 seconds
2025-09-19 03:53:01,484 - INFO - Processing /viper/ptmp/arego/RC4K1/3835.h5
2025-09-19 03:53:01,587 - INFO - File 27849: Filtered 7255386 hits and 9 records
2025-09-19 03:53:01,694 - INFO - Processing /viper/ptmp/arego/RC4K1/21018.h5
2025-09-19 03:53:01,746 - INFO - File 17731: Filtered 4493935 hits and 8 records
2025-09-19 03:53:02,174 - INFO - Processing /viper/ptmp/arego/RC4K1/21907.h5
2025-09-19 03:53:02,200 - INFO - Completed /viper/ptmp/arego/RC4K1_1/21461.h5 in 2.74 seconds
2025-09-19 03:53:02,232 - INFO - Processing /viper/ptmp/arego/RC4K1/8246.h5
2025-09-19 03:53:02,233 - INFO - Completed /viper/ptmp/arego/RC4K1_1/27849.h5 in 2.19 seconds
2025-09-19 03:53:02,328 - INFO - File 1198: Filtered 4626270 hits and 6 records
2025-09-19 03:53:02,472 - INFO - Completed /viper/ptmp/arego/RC4K1_1/5751.h5 in 3.06 seconds
2025-09-19 03:53:02,585 - INFO - File 15538: Filtered 2429969 hits and 4 records
2025-09-19 03:53:02,889 - INFO - File 23083: Filtered 3139028 hits and 6 records
2025-09-19 03:53:02,918 - INFO - Processing /viper/ptmp/arego/RC4K1/8824.h5
2025-09-19 03:53:02,971 - INFO - Processing /viper/ptmp/arego/RC4K1/11989.h5
2025-09-19 03:53:03,054 - INFO - Completed /viper/ptmp/arego/RC4K1_1/17731.h5 in 2.94 seconds
2025-09-19 03:53:03,281 - INFO - File 3835: Filtered 4006853 hits and 7 records
2025-09-19 03:53:03,346 - INFO - File 21018: Filtered 3762881 hits and 6 records
2025-09-19 03:53:03,737 - INFO - Processing /viper/ptmp/arego/RC4K1/3928.h5
2025-09-19 03:53:03,874 - INFO - File 21907: Filtered 7727434 hits and 9 records
2025-09-19 03:53:03,942 - INFO - Processing /viper/ptmp/arego/RC4K1/98.h5
2025-09-19 03:53:04,045 - INFO - File 8246: Filtered 1875139 hits and 3 records
2025-09-19 03:53:04,289 - INFO - Completed /viper/ptmp/arego/RC4K1_1/21907.h5 in 2.11 seconds
2025-09-19 03:53:04,430 - INFO - Processing /viper/ptmp/arego/RC4K1/27425.h5
2025-09-19 03:53:04,438 - INFO - Completed /viper/ptmp/arego/RC4K1_1/1198.h5 in 3.86 seconds
2025-09-19 03:53:04,564 - INFO - Processing /viper/ptmp/arego/RC4K1/18195.h5
2025-09-19 03:53:04,571 - INFO - Completed /viper/ptmp/arego/RC4K1_1/15538.h5 in 3.74 seconds
2025-09-19 03:53:04,620 - INFO - File 11989: Filtered 5589931 hits and 5 records
2025-09-19 03:53:04,791 - INFO - Completed /viper/ptmp/arego/RC4K1_1/3835.h5 in 3.31 seconds
2025-09-19 03:53:04,904 - INFO - File 8824: Filtered 6217843 hits and 8 records
2025-09-19 03:53:05,101 - INFO - Processing /viper/ptmp/arego/RC4K1/13587.h5
2025-09-19 03:53:05,121 - INFO - Completed /viper/ptmp/arego/RC4K1_1/23083.h5 in 4.01 seconds
2025-09-19 03:53:05,146 - INFO - Completed /viper/ptmp/arego/RC4K1_1/21018.h5 in 3.45 seconds
2025-09-19 03:53:05,173 - INFO - Processing /viper/ptmp/arego/RC4K1/25383.h5
2025-09-19 03:53:05,374 - INFO - File 3928: Filtered 6154554 hits and 7 records
2025-09-19 03:53:05,669 - INFO - Processing /viper/ptmp/arego/RC4K1/11993.h5
2025-09-19 03:53:05,683 - INFO - Completed /viper/ptmp/arego/RC4K1_1/11989.h5 in 2.71 seconds
2025-09-19 03:53:05,801 - INFO - Processing /viper/ptmp/arego/RC4K1/5513.h5
2025-09-19 03:53:05,963 - INFO - File 98: Filtered 6515924 hits and 4 records
2025-09-19 03:53:06,129 - INFO - File 27425: Filtered 7317339 hits and 7 records
2025-09-19 03:53:06,158 - INFO - Completed /viper/ptmp/arego/RC4K1_1/8824.h5 in 3.24 seconds
2025-09-19 03:53:06,224 - INFO - Processing /viper/ptmp/arego/RC4K1/22429.h5
2025-09-19 03:53:06,230 - INFO - Completed /viper/ptmp/arego/RC4K1_1/3928.h5 in 2.49 seconds
2025-09-19 03:53:06,271 - INFO - File 18195: Filtered 6684090 hits and 8 records
2025-09-19 03:53:06,548 - INFO - Processing /viper/ptmp/arego/RC4K1/8877.h5
2025-09-19 03:53:06,819 - INFO - Processing /viper/ptmp/arego/RC4K1/5989.h5
2025-09-19 03:53:06,851 - INFO - File 13587: Filtered 5246100 hits and 7 records
2025-09-19 03:53:06,870 - INFO - Completed /viper/ptmp/arego/RC4K1_1/8246.h5 in 4.64 seconds
2025-09-19 03:53:06,900 - INFO - Completed /viper/ptmp/arego/RC4K1_1/27425.h5 in 2.47 seconds
2025-09-19 03:53:07,140 - INFO - File 25383: Filtered 3988750 hits and 6 records
2025-09-19 03:53:07,210 - INFO - Completed /viper/ptmp/arego/RC4K1_1/98.h5 in 3.27 seconds
2025-09-19 03:53:07,214 - INFO - Processing /viper/ptmp/arego/RC4K1/29040.h5
2025-09-19 03:53:07,360 - INFO - Processing /viper/ptmp/arego/RC4K1/16544.h5
2025-09-19 03:53:07,382 - INFO - Completed /viper/ptmp/arego/RC4K1_1/18195.h5 in 2.82 seconds
2025-09-19 03:53:07,640 - INFO - File 5513: Filtered 3391025 hits and 6 records
2025-09-19 03:53:07,801 - INFO - File 11993: Filtered 5931006 hits and 7 records
2025-09-19 03:53:07,850 - INFO - Processing /viper/ptmp/arego/RC4K1/6374.h5
2025-09-19 03:53:07,983 - INFO - Processing /viper/ptmp/arego/RC4K1/23134.h5
2025-09-19 03:53:08,141 - INFO - File 22429: Filtered 3186658 hits and 5 records
2025-09-19 03:53:08,305 - INFO - Completed /viper/ptmp/arego/RC4K1_1/13587.h5 in 3.20 seconds
2025-09-19 03:53:08,444 - INFO - File 8877: Filtered 6617422 hits and 7 records
2025-09-19 03:53:08,560 - INFO - Processing /viper/ptmp/arego/RC4K1/27193.h5
2025-09-19 03:53:08,575 - INFO - Processing /viper/ptmp/arego/RC4K1/17594.h5
2025-09-19 03:53:08,844 - INFO - File 5989: Filtered 3930256 hits and 3 records
2025-09-19 03:53:09,200 - INFO - Completed /viper/ptmp/arego/RC4K1_1/25383.h5 in 4.03 seconds
2025-09-19 03:53:09,235 - INFO - Processing /viper/ptmp/arego/RC4K1/27185.h5
2025-09-19 03:53:09,332 - INFO - Completed /viper/ptmp/arego/RC4K1_1/11993.h5 in 3.66 seconds
2025-09-19 03:53:09,341 - INFO - File 29040: Filtered 6089035 hits and 8 records
2025-09-19 03:53:09,377 - INFO - File 16544: Filtered 6179547 hits and 9 records
2025-09-19 03:53:09,399 - INFO - Processing /viper/ptmp/arego/RC4K1/617.h5
2025-09-19 03:53:09,496 - INFO - Completed /viper/ptmp/arego/RC4K1_1/8877.h5 in 2.95 seconds
2025-09-19 03:53:09,823 - INFO - File 6374: Filtered 7643210 hits and 5 records
2025-09-19 03:53:09,856 - INFO - Completed /viper/ptmp/arego/RC4K1_1/5513.h5 in 4.05 seconds
2025-09-19 03:53:10,020 - INFO - File 23134: Filtered 4759441 hits and 9 records
2025-09-19 03:53:10,056 - INFO - Processing /viper/ptmp/arego/RC4K1/21135.h5
2025-09-19 03:53:10,106 - INFO - Processing /viper/ptmp/arego/RC4K1/2433.h5
2025-09-19 03:53:10,584 - INFO - File 27193: Filtered 6512735 hits and 5 records
2025-09-19 03:53:10,613 - INFO - Processing /viper/ptmp/arego/RC4K1/1051.h5
2025-09-19 03:53:10,656 - INFO - Completed /viper/ptmp/arego/RC4K1_1/29040.h5 in 3.44 seconds
2025-09-19 03:53:10,737 - INFO - File 17594: Filtered 8992803 hits and 5 records
2025-09-19 03:53:10,780 - INFO - Completed /viper/ptmp/arego/RC4K1_1/6374.h5 in 2.93 seconds
2025-09-19 03:53:10,923 - INFO - Completed /viper/ptmp/arego/RC4K1_1/22429.h5 in 4.70 seconds
2025-09-19 03:53:10,924 - INFO - Processing /viper/ptmp/arego/RC4K1/12573.h5
2025-09-19 03:53:11,030 - INFO - Completed /viper/ptmp/arego/RC4K1_1/16544.h5 in 3.67 seconds
2025-09-19 03:53:11,301 - INFO - Processing /viper/ptmp/arego/RC4K1/26665.h5
2025-09-19 03:53:11,371 - INFO - File 27185: Filtered 6391014 hits and 7 records
2025-09-19 03:53:11,419 - INFO - Completed /viper/ptmp/arego/RC4K1_1/5989.h5 in 4.60 seconds
2025-09-19 03:53:11,467 - INFO - File 617: Filtered 7907886 hits and 7 records
2025-09-19 03:53:11,550 - INFO - Completed /viper/ptmp/arego/RC4K1_1/17594.h5 in 2.97 seconds
2025-09-19 03:53:11,719 - INFO - Processing /viper/ptmp/arego/RC4K1/19317.h5
2025-09-19 03:53:11,849 - INFO - Processing /viper/ptmp/arego/RC4K1/29022.h5
2025-09-19 03:53:11,953 - INFO - Completed /viper/ptmp/arego/RC4K1_1/27193.h5 in 3.39 seconds
2025-09-19 03:53:12,001 - INFO - Completed /viper/ptmp/arego/RC4K1_1/23134.h5 in 4.02 seconds
2025-09-19 03:53:12,085 - INFO - File 21135: Filtered 5349192 hits and 6 records
2025-09-19 03:53:12,187 - INFO - File 2433: Filtered 3544248 hits and 3 records
2025-09-19 03:53:12,416 - INFO - Completed /viper/ptmp/arego/RC4K1_1/617.h5 in 3.02 seconds
2025-09-19 03:53:12,472 - INFO - Processing /viper/ptmp/arego/RC4K1/17666.h5
2025-09-19 03:53:12,532 - INFO - Processing /viper/ptmp/arego/RC4K1/12556.h5
2025-09-19 03:53:12,780 - INFO - Completed /viper/ptmp/arego/RC4K1_1/27185.h5 in 3.55 seconds
2025-09-19 03:53:12,845 - INFO - File 1051: Filtered 5327416 hits and 9 records
2025-09-19 03:53:12,996 - INFO - Processing /viper/ptmp/arego/RC4K1/11887.h5
2025-09-19 03:53:13,007 - INFO - File 12573: Filtered 6667240 hits and 8 records
2025-09-19 03:53:13,235 - INFO - Processing /viper/ptmp/arego/RC4K1/2804.h5
2025-09-19 03:53:13,312 - INFO - File 26665: Filtered 6478702 hits and 8 records
2025-09-19 03:53:13,652 - INFO - Processing /viper/ptmp/arego/RC4K1/25739.h5
2025-09-19 03:53:13,723 - INFO - File 19317: Filtered 6650939 hits and 6 records
2025-09-19 03:53:14,048 - INFO - Processing /viper/ptmp/arego/RC4K1/18585.h5
2025-09-19 03:53:14,079 - INFO - File 29022: Filtered 6428879 hits and 8 records
2025-09-19 03:53:14,119 - INFO - Processing /viper/ptmp/arego/RC4K1/28415.h5
2025-09-19 03:53:14,258 - INFO - Completed /viper/ptmp/arego/RC4K1_1/21135.h5 in 4.20 seconds
2025-09-19 03:53:14,431 - INFO - Completed /viper/ptmp/arego/RC4K1_1/12573.h5 in 3.51 seconds
2025-09-19 03:53:14,576 - INFO - File 12556: Filtered 4716715 hits and 5 records
2025-09-19 03:53:14,607 - INFO - Completed /viper/ptmp/arego/RC4K1_1/2433.h5 in 4.50 seconds
2025-09-19 03:53:14,769 - INFO - Processing /viper/ptmp/arego/RC4K1/28892.h5
2025-09-19 03:53:14,785 - INFO - Processing /viper/ptmp/arego/RC4K1/6724.h5
2025-09-19 03:53:14,790 - INFO - File 17666: Filtered 4763563 hits and 8 records
2025-09-19 03:53:14,801 - INFO - Completed /viper/ptmp/arego/RC4K1_1/26665.h5 in 3.50 seconds
2025-09-19 03:53:15,142 - INFO - Completed /viper/ptmp/arego/RC4K1_1/19317.h5 in 3.42 seconds
2025-09-19 03:53:15,147 - INFO - File 11887: Filtered 3605748 hits and 2 records
2025-09-19 03:53:15,379 - INFO - Processing /viper/ptmp/arego/RC4K1/23331.h5
2025-09-19 03:53:15,487 - INFO - File 2804: Filtered 3977121 hits and 7 records
2025-09-19 03:53:15,537 - INFO - Processing /viper/ptmp/arego/RC4K1/12862.h5
2025-09-19 03:53:15,571 - INFO - Completed /viper/ptmp/arego/RC4K1_1/1051.h5 in 4.96 seconds
2025-09-19 03:53:15,800 - INFO - Completed /viper/ptmp/arego/RC4K1_1/29022.h5 in 3.95 seconds
2025-09-19 03:53:16,051 - INFO - Processing /viper/ptmp/arego/RC4K1/28612.h5
2025-09-19 03:53:16,276 - INFO - File 25739: Filtered 9324018 hits and 9 records
2025-09-19 03:53:16,293 - INFO - File 18585: Filtered 5365088 hits and 4 records
2025-09-19 03:53:16,340 - INFO - Processing /viper/ptmp/arego/RC4K1/6557.h5
2025-09-19 03:53:16,358 - INFO - File 28415: Filtered 4833624 hits and 5 records
2025-09-19 03:53:16,464 - INFO - Completed /viper/ptmp/arego/RC4K1_1/12556.h5 in 3.93 seconds
2025-09-19 03:53:16,664 - INFO - Processing /viper/ptmp/arego/RC4K1/16103.h5
2025-09-19 03:53:17,079 - INFO - File 6724: Filtered 6521622 hits and 6 records
2025-09-19 03:53:17,146 - INFO - Processing /viper/ptmp/arego/RC4K1/25163.h5
2025-09-19 03:53:17,178 - INFO - File 28892: Filtered 9974023 hits and 6 records
2025-09-19 03:53:17,191 - INFO - Completed /viper/ptmp/arego/RC4K1_1/25739.h5 in 3.54 seconds
2025-09-19 03:53:17,443 - INFO - Processing /viper/ptmp/arego/RC4K1/29657.h5
2025-09-19 03:53:17,583 - INFO - Completed /viper/ptmp/arego/RC4K1_1/17666.h5 in 5.11 seconds
2025-09-19 03:53:17,673 - INFO - File 23331: Filtered 4251153 hits and 8 records
2025-09-19 03:53:17,734 - INFO - Completed /viper/ptmp/arego/RC4K1_1/2804.h5 in 4.50 seconds
2025-09-19 03:53:17,900 - INFO - Completed /viper/ptmp/arego/RC4K1_1/11887.h5 in 4.90 seconds
2025-09-19 03:53:17,919 - INFO - File 12862: Filtered 6340343 hits and 8 records
2025-09-19 03:53:17,974 - INFO - Processing /viper/ptmp/arego/RC4K1/9600.h5
2025-09-19 03:53:18,276 - INFO - Completed /viper/ptmp/arego/RC4K1_1/18585.h5 in 4.23 seconds
2025-09-19 03:53:18,361 - INFO - File 28612: Filtered 3974773 hits and 4 records
2025-09-19 03:53:18,426 - INFO - Processing /viper/ptmp/arego/RC4K1/19819.h5
2025-09-19 03:53:18,584 - INFO - Completed /viper/ptmp/arego/RC4K1_1/28415.h5 in 4.46 seconds
2025-09-19 03:53:18,800 - INFO - Processing /viper/ptmp/arego/RC4K1/26337.h5
2025-09-19 03:53:18,836 - INFO - Processing /viper/ptmp/arego/RC4K1/29775.h5
2025-09-19 03:53:18,843 - INFO - Completed /viper/ptmp/arego/RC4K1_1/6724.h5 in 4.06 seconds
2025-09-19 03:53:18,909 - INFO - File 6557: Filtered 3489265 hits and 4 records
2025-09-19 03:53:18,998 - INFO - Completed /viper/ptmp/arego/RC4K1_1/28892.h5 in 4.23 seconds
2025-09-19 03:53:19,259 - INFO - File 16103: Filtered 2724579 hits and 5 records
2025-09-19 03:53:19,339 - INFO - Processing /viper/ptmp/arego/RC4K1/21430.h5
2025-09-19 03:53:19,734 - INFO - Processing /viper/ptmp/arego/RC4K1/24311.h5
2025-09-19 03:53:19,779 - INFO - File 25163: Filtered 8387279 hits and 7 records
2025-09-19 03:53:19,826 - INFO - Completed /viper/ptmp/arego/RC4K1_1/12862.h5 in 4.29 seconds
2025-09-19 03:53:19,933 - INFO - File 29657: Filtered 5525807 hits and 9 records
2025-09-19 03:53:19,956 - INFO - Processing /viper/ptmp/arego/RC4K1/4705.h5
2025-09-19 03:53:20,002 - INFO - Completed /viper/ptmp/arego/RC4K1_1/23331.h5 in 4.62 seconds
2025-09-19 03:53:20,461 - INFO - File 9600: Filtered 10116208 hits and 8 records
2025-09-19 03:53:20,521 - INFO - Processing /viper/ptmp/arego/RC4K1/23993.h5
2025-09-19 03:53:20,605 - INFO - Processing /viper/ptmp/arego/RC4K1/18267.h5
2025-09-19 03:53:20,894 - INFO - Completed /viper/ptmp/arego/RC4K1_1/25163.h5 in 3.75 seconds
2025-09-19 03:53:20,983 - INFO - File 19819: Filtered 8614642 hits and 9 records
2025-09-19 03:53:21,065 - INFO - Completed /viper/ptmp/arego/RC4K1_1/9600.h5 in 3.09 seconds
2025-09-19 03:53:21,132 - INFO - Completed /viper/ptmp/arego/RC4K1_1/28612.h5 in 5.08 seconds
2025-09-19 03:53:21,133 - INFO - File 29775: Filtered 8535470 hits and 8 records
2025-09-19 03:53:21,189 - INFO - File 26337: Filtered 4312919 hits and 5 records
2025-09-19 03:53:21,349 - INFO - Processing /viper/ptmp/arego/RC4K1/1631.h5
2025-09-19 03:53:21,455 - INFO - Processing /viper/ptmp/arego/RC4K1/25303.h5
2025-09-19 03:53:21,883 - INFO - Completed /viper/ptmp/arego/RC4K1_1/6557.h5 in 5.54 seconds
2025-09-19 03:53:22,162 - INFO - Processing /viper/ptmp/arego/RC4K1/25173.h5
2025-09-19 03:53:22,162 - INFO - Completed /viper/ptmp/arego/RC4K1_1/16103.h5 in 5.50 seconds
2025-09-19 03:53:22,177 - INFO - Completed /viper/ptmp/arego/RC4K1_1/29657.h5 in 4.73 seconds
2025-09-19 03:53:22,200 - INFO - File 24311: Filtered 5549352 hits and 6 records
2025-09-19 03:53:22,215 - INFO - File 21430: Filtered 5404576 hits and 6 records
2025-09-19 03:53:22,379 - INFO - Completed /viper/ptmp/arego/RC4K1_1/19819.h5 in 3.95 seconds
2025-09-19 03:53:22,501 - INFO - Completed /viper/ptmp/arego/RC4K1_1/29775.h5 in 3.67 seconds
2025-09-19 03:53:22,595 - INFO - File 4705: Filtered 8675420 hits and 9 records
2025-09-19 03:53:22,712 - INFO - Processing /viper/ptmp/arego/RC4K1/6340.h5
2025-09-19 03:53:22,965 - INFO - Processing /viper/ptmp/arego/RC4K1/23978.h5
2025-09-19 03:53:23,047 - INFO - File 18267: Filtered 4786279 hits and 7 records
2025-09-19 03:53:23,200 - INFO - File 23993: Filtered 6501525 hits and 4 records
2025-09-19 03:53:23,418 - INFO - Processing /viper/ptmp/arego/RC4K1/26685.h5
2025-09-19 03:53:23,615 - INFO - Completed /viper/ptmp/arego/RC4K1_1/26337.h5 in 4.82 seconds
2025-09-19 03:53:23,864 - INFO - Processing /viper/ptmp/arego/RC4K1/5445.h5
2025-09-19 03:53:23,906 - INFO - File 25303: Filtered 4962449 hits and 5 records
2025-09-19 03:53:23,917 - INFO - Processing /viper/ptmp/arego/RC4K1/10730.h5
2025-09-19 03:53:23,932 - INFO - File 1631: Filtered 10194145 hits and 8 records
2025-09-19 03:53:23,972 - INFO - Completed /viper/ptmp/arego/RC4K1_1/4705.h5 in 4.02 seconds
2025-09-19 03:53:24,466 - INFO - Processing /viper/ptmp/arego/RC4K1/20344.h5
2025-09-19 03:53:24,603 - INFO - Completed /viper/ptmp/arego/RC4K1_1/21430.h5 in 5.26 seconds
2025-09-19 03:53:24,629 - INFO - File 25173: Filtered 11303104 hits and 7 records
2025-09-19 03:53:24,673 - INFO - Processing /viper/ptmp/arego/RC4K1/29721.h5
2025-09-19 03:53:24,777 - INFO - Completed /viper/ptmp/arego/RC4K1_1/1631.h5 in 3.43 seconds
2025-09-19 03:53:25,028 - INFO - Processing /viper/ptmp/arego/RC4K1/10284.h5
2025-09-19 03:53:25,071 - INFO - Completed /viper/ptmp/arego/RC4K1_1/25173.h5 in 2.91 seconds
2025-09-19 03:53:25,185 - INFO - Completed /viper/ptmp/arego/RC4K1_1/23993.h5 in 4.66 seconds
2025-09-19 03:53:25,242 - INFO - File 6340: Filtered 8728095 hits and 11 records
2025-09-19 03:53:25,413 - INFO - File 23978: Filtered 7092116 hits and 7 records
2025-09-19 03:53:25,438 - INFO - Processing /viper/ptmp/arego/RC4K1/28431.h5
2025-09-19 03:53:25,477 - INFO - Completed /viper/ptmp/arego/RC4K1_1/18267.h5 in 4.87 seconds
2025-09-19 03:53:25,512 - INFO - Processing /viper/ptmp/arego/RC4K1/14746.h5
2025-09-19 03:53:25,754 - INFO - Completed /viper/ptmp/arego/RC4K1_1/24311.h5 in 6.02 seconds
2025-09-19 03:53:26,148 - INFO - Processing /viper/ptmp/arego/RC4K1/2200.h5
2025-09-19 03:53:26,193 - INFO - Processing /viper/ptmp/arego/RC4K1/22768.h5
2025-09-19 03:53:26,482 - INFO - File 5445: Filtered 1920324 hits and 7 records
2025-09-19 03:53:26,489 - INFO - File 26685: Filtered 4960930 hits and 5 records
2025-09-19 03:53:26,887 - INFO - File 10730: Filtered 9458416 hits and 9 records
2025-09-19 03:53:26,952 - INFO - Processing /viper/ptmp/arego/RC4K1/23237.h5
2025-09-19 03:53:26,958 - INFO - Completed /viper/ptmp/arego/RC4K1_1/25303.h5 in 5.50 seconds
2025-09-19 03:53:27,005 - INFO - File 20344: Filtered 6781833 hits and 4 records
2025-09-19 03:53:27,182 - INFO - Completed /viper/ptmp/arego/RC4K1_1/6340.h5 in 4.47 seconds
2025-09-19 03:53:27,257 - INFO - Completed /viper/ptmp/arego/RC4K1_1/23978.h5 in 4.29 seconds
2025-09-19 03:53:27,287 - INFO - File 29721: Filtered 7706757 hits and 8 records
2025-09-19 03:53:27,490 - INFO - Processing /viper/ptmp/arego/RC4K1/1832.h5
2025-09-19 03:53:27,857 - INFO - Processing /viper/ptmp/arego/RC4K1/15074.h5
2025-09-19 03:53:28,133 - INFO - File 10284: Filtered 7993614 hits and 8 records
2025-09-19 03:53:28,232 - INFO - File 14746: Filtered 9775892 hits and 7 records
2025-09-19 03:53:28,315 - INFO - Processing /viper/ptmp/arego/RC4K1/15411.h5
2025-09-19 03:53:28,338 - INFO - File 28431: Filtered 9177983 hits and 4 records
2025-09-19 03:53:28,618 - INFO - Completed /viper/ptmp/arego/RC4K1_1/10730.h5 in 4.70 seconds
2025-09-19 03:53:28,886 - INFO - File 2200: Filtered 9312347 hits and 5 records
2025-09-19 03:53:28,893 - INFO - Processing /viper/ptmp/arego/RC4K1/9118.h5
2025-09-19 03:53:28,948 - INFO - Processing /viper/ptmp/arego/RC4K1/28410.h5
2025-09-19 03:53:29,064 - INFO - File 22768: Filtered 9423962 hits and 8 records
2025-09-19 03:53:29,124 - INFO - Completed /viper/ptmp/arego/RC4K1_1/29721.h5 in 4.45 seconds
2025-09-19 03:53:29,456 - INFO - Completed /viper/ptmp/arego/RC4K1_1/28431.h5 in 4.02 seconds
2025-09-19 03:53:29,596 - INFO - Completed /viper/ptmp/arego/RC4K1_1/26685.h5 in 6.18 seconds
2025-09-19 03:53:29,774 - INFO - File 23237: Filtered 7876742 hits and 3 records
2025-09-19 03:53:29,790 - INFO - Completed /viper/ptmp/arego/RC4K1_1/14746.h5 in 4.28 seconds
2025-09-19 03:53:29,791 - INFO - Processing /viper/ptmp/arego/RC4K1/26642.h5
2025-09-19 03:53:29,845 - INFO - Completed /viper/ptmp/arego/RC4K1_1/20344.h5 in 5.38 seconds
2025-09-19 03:53:30,045 - INFO - Completed /viper/ptmp/arego/RC4K1_1/5445.h5 in 6.18 seconds
2025-09-19 03:53:30,056 - INFO - Processing /viper/ptmp/arego/RC4K1/12871.h5
2025-09-19 03:53:30,086 - INFO - Completed /viper/ptmp/arego/RC4K1_1/10284.h5 in 5.06 seconds
2025-09-19 03:53:30,149 - INFO - Completed /viper/ptmp/arego/RC4K1_1/22768.h5 in 3.96 seconds
2025-09-19 03:53:30,272 - INFO - File 1832: Filtered 6044219 hits and 6 records
2025-09-19 03:53:30,555 - INFO - Completed /viper/ptmp/arego/RC4K1_1/2200.h5 in 4.41 seconds
2025-09-19 03:53:30,565 - INFO - Processing /viper/ptmp/arego/RC4K1/5701.h5
2025-09-19 03:53:30,682 - INFO - File 15074: Filtered 1242343 hits and 6 records
2025-09-19 03:53:30,731 - INFO - Processing /viper/ptmp/arego/RC4K1/17740.h5
2025-09-19 03:53:31,267 - INFO - File 15411: Filtered 5066184 hits and 5 records
2025-09-19 03:53:31,354 - INFO - Processing /viper/ptmp/arego/RC4K1/25632.h5
2025-09-19 03:53:31,392 - INFO - Processing /viper/ptmp/arego/RC4K1/22191.h5
2025-09-19 03:53:31,420 - INFO - Completed /viper/ptmp/arego/RC4K1_1/23237.h5 in 4.47 seconds
2025-09-19 03:53:31,601 - INFO - File 9118: Filtered 10211830 hits and 8 records
2025-09-19 03:53:31,731 - INFO - File 28410: Filtered 6738481 hits and 5 records
2025-09-19 03:53:31,928 - INFO - Processing /viper/ptmp/arego/RC4K1/2009.h5
2025-09-19 03:53:32,221 - INFO - Processing /viper/ptmp/arego/RC4K1/10675.h5
2025-09-19 03:53:32,532 - INFO - Processing /viper/ptmp/arego/RC4K1/6992.h5
2025-09-19 03:53:32,553 - INFO - File 26642: Filtered 5776373 hits and 6 records
2025-09-19 03:53:32,606 - INFO - Completed /viper/ptmp/arego/RC4K1_1/9118.h5 in 3.71 seconds
2025-09-19 03:53:32,979 - INFO - File 12871: Filtered 6904061 hits and 6 records
2025-09-19 03:53:33,003 - INFO - Completed /viper/ptmp/arego/RC4K1_1/1832.h5 in 5.51 seconds
2025-09-19 03:53:33,040 - INFO - Processing /viper/ptmp/arego/RC4K1/27318.h5
2025-09-19 03:53:33,384 - INFO - Processing /viper/ptmp/arego/RC4K1/9735.h5
2025-09-19 03:53:33,582 - INFO - File 17740: Filtered 11309012 hits and 7 records
2025-09-19 03:53:33,590 - INFO - File 5701: Filtered 6570020 hits and 11 records
2025-09-19 03:53:33,994 - INFO - Processing /viper/ptmp/arego/RC4K1/26350.h5
2025-09-19 03:53:34,240 - INFO - File 22191: Filtered 9589597 hits and 7 records
2025-09-19 03:53:34,300 - INFO - File 25632: Filtered 7985315 hits and 9 records
2025-09-19 03:53:34,438 - INFO - Completed /viper/ptmp/arego/RC4K1_1/28410.h5 in 5.49 seconds
2025-09-19 03:53:34,497 - INFO - Completed /viper/ptmp/arego/RC4K1_1/15074.h5 in 6.64 seconds
2025-09-19 03:53:34,850 - INFO - Processing /viper/ptmp/arego/RC4K1/29731.h5
2025-09-19 03:53:34,952 - INFO - Processing /viper/ptmp/arego/RC4K1/485.h5
2025-09-19 03:53:35,020 - INFO - Completed /viper/ptmp/arego/RC4K1_1/17740.h5 in 4.29 seconds
2025-09-19 03:53:35,026 - INFO - File 2009: Filtered 11342055 hits and 7 records
2025-09-19 03:53:35,059 - INFO - Completed /viper/ptmp/arego/RC4K1_1/26642.h5 in 5.27 seconds
2025-09-19 03:53:35,271 - INFO - File 10675: Filtered 8801952 hits and 8 records
2025-09-19 03:53:35,479 - INFO - File 6992: Filtered 11626366 hits and 7 records
2025-09-19 03:53:35,480 - INFO - Completed /viper/ptmp/arego/RC4K1_1/15411.h5 in 7.16 seconds
2025-09-19 03:53:35,535 - INFO - Completed /viper/ptmp/arego/RC4K1_1/22191.h5 in 4.14 seconds
2025-09-19 03:53:35,628 - INFO - Processing /viper/ptmp/arego/RC4K1/25219.h5
2025-09-19 03:53:35,811 - INFO - Processing /viper/ptmp/arego/RC4K1/25189.h5
2025-09-19 03:53:35,874 - INFO - Completed /viper/ptmp/arego/RC4K1_1/12871.h5 in 5.82 seconds
2025-09-19 03:53:36,007 - INFO - File 27318: Filtered 3419057 hits and 4 records
2025-09-19 03:53:36,367 - INFO - Processing /viper/ptmp/arego/RC4K1/28868.h5
2025-09-19 03:53:36,412 - INFO - File 9735: Filtered 13678578 hits and 8 records
2025-09-19 03:53:36,631 - INFO - Completed /viper/ptmp/arego/RC4K1_1/5701.h5 in 6.07 seconds
2025-09-19 03:53:36,668 - INFO - Completed /viper/ptmp/arego/RC4K1_1/25632.h5 in 5.31 seconds
2025-09-19 03:53:36,705 - INFO - Processing /viper/ptmp/arego/RC4K1/14906.h5
2025-09-19 03:53:36,825 - INFO - Completed /viper/ptmp/arego/RC4K1_1/6992.h5 in 4.29 seconds
2025-09-19 03:53:36,903 - INFO - Completed /viper/ptmp/arego/RC4K1_1/10675.h5 in 4.68 seconds
2025-09-19 03:53:36,910 - INFO - Processing /viper/ptmp/arego/RC4K1/11440.h5
2025-09-19 03:53:36,934 - INFO - Completed /viper/ptmp/arego/RC4K1_1/2009.h5 in 5.01 seconds
2025-09-19 03:53:37,173 - INFO - File 26350: Filtered 6578360 hits and 5 records
2025-09-19 03:53:37,212 - INFO - Completed /viper/ptmp/arego/RC4K1_1/9735.h5 in 3.83 seconds
2025-09-19 03:53:37,385 - INFO - Processing /viper/ptmp/arego/RC4K1/29855.h5
2025-09-19 03:53:37,649 - INFO - Processing /viper/ptmp/arego/RC4K1/28009.h5
2025-09-19 03:53:37,891 - INFO - File 29731: Filtered 3476223 hits and 4 records
2025-09-19 03:53:38,017 - INFO - Processing /viper/ptmp/arego/RC4K1/15910.h5
2025-09-19 03:53:38,152 - INFO - File 485: Filtered 6104338 hits and 5 records
2025-09-19 03:53:38,453 - INFO - File 25219: Filtered 9041754 hits and 8 records
2025-09-19 03:53:38,578 - INFO - Processing /viper/ptmp/arego/RC4K1/7786.h5
2025-09-19 03:53:38,695 - INFO - Processing /viper/ptmp/arego/RC4K1/12893.h5
2025-09-19 03:53:39,189 - INFO - File 25189: Filtered 4770749 hits and 8 records
2025-09-19 03:53:39,303 - INFO - Processing /viper/ptmp/arego/RC4K1/15697.h5
2025-09-19 03:53:39,492 - INFO - Processing /viper/ptmp/arego/RC4K1/17380.h5
2025-09-19 03:53:39,592 - INFO - Completed /viper/ptmp/arego/RC4K1_1/27318.h5 in 6.55 seconds
2025-09-19 03:53:39,726 - INFO - File 28868: Filtered 9038360 hits and 10 records
2025-09-19 03:53:39,799 - INFO - Completed /viper/ptmp/arego/RC4K1_1/26350.h5 in 5.80 seconds
2025-09-19 03:53:39,948 - INFO - File 14906: Filtered 10347755 hits and 8 records
2025-09-19 03:53:40,019 - INFO - File 11440: Filtered 12731830 hits and 8 records
2025-09-19 03:53:40,614 - INFO - File 29855: Filtered 8539472 hits and 8 records
2025-09-19 03:53:40,660 - INFO - Completed /viper/ptmp/arego/RC4K1_1/25219.h5 in 5.03 seconds
2025-09-19 03:53:40,681 - INFO - Processing /viper/ptmp/arego/RC4K1/6067.h5
2025-09-19 03:53:40,835 - INFO - File 28009: Filtered 11255955 hits and 7 records
2025-09-19 03:53:40,847 - INFO - Completed /viper/ptmp/arego/RC4K1_1/485.h5 in 5.89 seconds
2025-09-19 03:53:41,021 - INFO - Processing /viper/ptmp/arego/RC4K1/21995.h5
2025-09-19 03:53:41,097 - INFO - Completed /viper/ptmp/arego/RC4K1_1/11440.h5 in 4.19 seconds
2025-09-19 03:53:41,130 - INFO - Completed /viper/ptmp/arego/RC4K1_1/14906.h5 in 4.42 seconds
2025-09-19 03:53:41,180 - INFO - File 15910: Filtered 14372586 hits and 8 records
2025-09-19 03:53:41,468 - INFO - Processing /viper/ptmp/arego/RC4K1/18999.h5
2025-09-19 03:53:41,531 - INFO - File 7786: Filtered 10100788 hits and 9 records
2025-09-19 03:53:41,716 - INFO - Completed /viper/ptmp/arego/RC4K1_1/28009.h5 in 4.07 seconds
2025-09-19 03:53:41,812 - INFO - Processing /viper/ptmp/arego/RC4K1/10865.h5
2025-09-19 03:53:41,845 - INFO - Completed /viper/ptmp/arego/RC4K1_1/29731.h5 in 6.99 seconds
2025-09-19 03:53:41,874 - INFO - Completed /viper/ptmp/arego/RC4K1_1/15910.h5 in 3.86 seconds
2025-09-19 03:53:41,964 - INFO - File 12893: Filtered 11455381 hits and 9 records
2025-09-19 03:53:42,142 - ERROR - Error processing /viper/ptmp/arego/RC4K1/25189.h5: low >= high
2025-09-19 03:53:42,173 - INFO - Processing /viper/ptmp/arego/RC4K1/29054.h5
2025-09-19 03:53:42,271 - INFO - Processing /viper/ptmp/arego/RC4K1/27165.h5
2025-09-19 03:53:42,407 - INFO - File 17380: Filtered 7139969 hits and 8 records
2025-09-19 03:53:42,518 - INFO - Completed /viper/ptmp/arego/RC4K1_1/28868.h5 in 6.15 seconds
2025-09-19 03:53:42,656 - INFO - File 15697: Filtered 8229736 hits and 7 records
2025-09-19 03:53:42,831 - INFO - Completed /viper/ptmp/arego/RC4K1_1/7786.h5 in 4.25 seconds
2025-09-19 03:53:42,892 - INFO - Processing /viper/ptmp/arego/RC4K1/13688.h5
2025-09-19 03:53:42,933 - INFO - Processing /viper/ptmp/arego/RC4K1/22001.h5
2025-09-19 03:53:43,043 - INFO - Completed /viper/ptmp/arego/RC4K1_1/29855.h5 in 5.66 seconds
2025-09-19 03:53:43,552 - INFO - Processing /viper/ptmp/arego/RC4K1/10028.h5
2025-09-19 03:53:43,593 - INFO - Completed /viper/ptmp/arego/RC4K1_1/12893.h5 in 4.90 seconds
2025-09-19 03:53:43,601 - INFO - File 6067: Filtered 6225164 hits and 7 records
2025-09-19 03:53:43,693 - INFO - Processing /viper/ptmp/arego/RC4K1/16087.h5
2025-09-19 03:53:43,921 - INFO - File 21995: Filtered 9395769 hits and 11 records
2025-09-19 03:53:44,101 - INFO - Processing /viper/ptmp/arego/RC4K1/10179.h5
2025-09-19 03:53:44,466 - INFO - File 18999: Filtered 7955559 hits and 5 records
2025-09-19 03:53:44,667 - INFO - Completed /viper/ptmp/arego/RC4K1_1/17380.h5 in 5.17 seconds
2025-09-19 03:53:44,911 - INFO - Processing /viper/ptmp/arego/RC4K1/17679.h5
2025-09-19 03:53:44,974 - INFO - Processing /viper/ptmp/arego/RC4K1/22837.h5
2025-09-19 03:53:45,082 - INFO - File 10865: Filtered 8616910 hits and 9 records
2025-09-19 03:53:45,244 - INFO - Completed /viper/ptmp/arego/RC4K1_1/15697.h5 in 5.94 seconds
2025-09-19 03:53:45,313 - INFO - File 27165: Filtered 12792287 hits and 8 records
2025-09-19 03:53:45,542 - INFO - File 29054: Filtered 5241023 hits and 7 records
2025-09-19 03:53:45,603 - INFO - Processing /viper/ptmp/arego/RC4K1/24365.h5
2025-09-19 03:53:45,680 - INFO - Processing /viper/ptmp/arego/RC4K1/6877.h5
2025-09-19 03:53:46,049 - INFO - Completed /viper/ptmp/arego/RC4K1_1/21995.h5 in 5.03 seconds
2025-09-19 03:53:46,366 - INFO - Processing /viper/ptmp/arego/RC4K1/3802.h5
2025-09-19 03:53:46,541 - INFO - Completed /viper/ptmp/arego/RC4K1_1/6067.h5 in 5.86 seconds
2025-09-19 03:53:46,576 - INFO - File 22001: Filtered 4776330 hits and 9 records
2025-09-19 03:53:46,708 - INFO - Completed /viper/ptmp/arego/RC4K1_1/27165.h5 in 4.44 seconds
2025-09-19 03:53:46,726 - INFO - Completed /viper/ptmp/arego/RC4K1_1/18999.h5 in 5.26 seconds
2025-09-19 03:53:46,743 - INFO - Processing /viper/ptmp/arego/RC4K1/23489.h5
2025-09-19 03:53:46,840 - INFO - File 13688: Filtered 10101868 hits and 9 records
2025-09-19 03:53:46,964 - INFO - Processing /viper/ptmp/arego/RC4K1/26962.h5
2025-09-19 03:53:47,233 - INFO - File 10028: Filtered 10724826 hits and 7 records
2025-09-19 03:53:47,257 - INFO - File 10179: Filtered 6113121 hits and 7 records
2025-09-19 03:53:47,453 - INFO - File 16087: Filtered 8671282 hits and 9 records
2025-09-19 03:53:47,612 - INFO - Processing /viper/ptmp/arego/RC4K1/22290.h5
2025-09-19 03:53:48,557 - INFO - File 22837: Filtered 11395566 hits and 10 records
2025-09-19 03:53:48,640 - INFO - Processing /viper/ptmp/arego/RC4K1/25165.h5
2025-09-19 03:53:48,743 - INFO - File 17679: Filtered 8948683 hits and 7 records
2025-09-19 03:53:48,748 - INFO - Completed /viper/ptmp/arego/RC4K1_1/10865.h5 in 6.94 seconds
2025-09-19 03:53:48,826 - INFO - Completed /viper/ptmp/arego/RC4K1_1/29054.h5 in 6.65 seconds
2025-09-19 03:53:49,197 - INFO - Processing /viper/ptmp/arego/RC4K1/14695.h5
2025-09-19 03:53:49,302 - INFO - File 24365: Filtered 7279408 hits and 7 records
2025-09-19 03:53:49,549 - INFO - Processing /viper/ptmp/arego/RC4K1/2846.h5
2025-09-19 03:53:49,557 - INFO - File 3802: Filtered 10934198 hits and 5 records
2025-09-19 03:53:49,586 - INFO - Completed /viper/ptmp/arego/RC4K1_1/22837.h5 in 4.61 seconds
2025-09-19 03:53:49,616 - INFO - Completed /viper/ptmp/arego/RC4K1_1/10028.h5 in 6.06 seconds
2025-09-19 03:53:49,649 - INFO - File 6877: Filtered 5685712 hits and 4 records
2025-09-19 03:53:49,960 - INFO - Processing /viper/ptmp/arego/RC4K1/24561.h5
2025-09-19 03:53:49,976 - INFO - Completed /viper/ptmp/arego/RC4K1_1/22001.h5 in 7.04 seconds
2025-09-19 03:53:49,986 - INFO - Completed /viper/ptmp/arego/RC4K1_1/16087.h5 in 6.29 seconds
2025-09-19 03:53:50,167 - INFO - Completed /viper/ptmp/arego/RC4K1_1/13688.h5 in 7.28 seconds
2025-09-19 03:53:50,273 - INFO - File 26962: Filtered 12158330 hits and 8 records
2025-09-19 03:53:50,381 - INFO - File 23489: Filtered 8764195 hits and 9 records
2025-09-19 03:53:50,477 - INFO - Processing /viper/ptmp/arego/RC4K1/4683.h5
2025-09-19 03:53:50,672 - INFO - Processing /viper/ptmp/arego/RC4K1/7886.h5
2025-09-19 03:53:50,698 - INFO - Completed /viper/ptmp/arego/RC4K1_1/10179.h5 in 6.60 seconds
2025-09-19 03:53:51,073 - INFO - File 22290: Filtered 8849002 hits and 6 records
2025-09-19 03:53:51,192 - INFO - Processing /viper/ptmp/arego/RC4K1/12818.h5
2025-09-19 03:53:51,318 - INFO - Processing /viper/ptmp/arego/RC4K1/8167.h5
2025-09-19 03:53:51,586 - INFO - Completed /viper/ptmp/arego/RC4K1_1/17679.h5 in 6.68 seconds
2025-09-19 03:53:51,737 - INFO - Completed /viper/ptmp/arego/RC4K1_1/3802.h5 in 5.37 seconds
2025-09-19 03:53:51,962 - INFO - Processing /viper/ptmp/arego/RC4K1/8206.h5
2025-09-19 03:53:51,967 - INFO - Completed /viper/ptmp/arego/RC4K1_1/26962.h5 in 5.00 seconds
2025-09-19 03:53:52,111 - INFO - Completed /viper/ptmp/arego/RC4K1_1/24365.h5 in 6.51 seconds
2025-09-19 03:53:52,208 - INFO - Processing /viper/ptmp/arego/RC4K1/19818.h5
2025-09-19 03:53:52,414 - INFO - File 25165: Filtered 9789838 hits and 10 records
2025-09-19 03:53:52,467 - INFO - Processing /viper/ptmp/arego/RC4K1/13780.h5
2025-09-19 03:53:52,482 - INFO - Completed /viper/ptmp/arego/RC4K1_1/23489.h5 in 5.74 seconds
2025-09-19 03:53:53,009 - INFO - Processing /viper/ptmp/arego/RC4K1/8395.h5
2025-09-19 03:53:53,212 - INFO - File 14695: Filtered 6128190 hits and 5 records
2025-09-19 03:53:53,227 - INFO - Processing /viper/ptmp/arego/RC4K1/23123.h5
2025-09-19 03:53:53,232 - INFO - File 2846: Filtered 10374625 hits and 7 records
2025-09-19 03:53:53,250 - INFO - Completed /viper/ptmp/arego/RC4K1_1/6877.h5 in 7.57 seconds
2025-09-19 03:53:53,318 - INFO - Completed /viper/ptmp/arego/RC4K1_1/22290.h5 in 5.71 seconds
2025-09-19 03:53:53,464 - INFO - File 24561: Filtered 9526765 hits and 8 records
2025-09-19 03:53:53,845 - INFO - Processing /viper/ptmp/arego/RC4K1/6905.h5
2025-09-19 03:53:54,265 - INFO - File 4683: Filtered 5879839 hits and 10 records
2025-09-19 03:53:54,273 - INFO - Processing /viper/ptmp/arego/RC4K1/10716.h5
2025-09-19 03:53:54,444 - INFO - File 12818: Filtered 10017912 hits and 7 records
2025-09-19 03:53:54,739 - INFO - Completed /viper/ptmp/arego/RC4K1_1/25165.h5 in 6.10 seconds
2025-09-19 03:53:55,072 - INFO - File 7886: Filtered 9825879 hits and 4 records
2025-09-19 03:53:55,267 - INFO - Processing /viper/ptmp/arego/RC4K1/28367.h5
2025-09-19 03:53:55,291 - INFO - Completed /viper/ptmp/arego/RC4K1_1/2846.h5 in 5.74 seconds
2025-09-19 03:53:55,332 - INFO - File 8167: Filtered 6281934 hits and 6 records
2025-09-19 03:53:55,799 - INFO - File 8206: Filtered 5870647 hits and 6 records
2025-09-19 03:53:56,271 - INFO - Completed /viper/ptmp/arego/RC4K1_1/24561.h5 in 6.31 seconds
2025-09-19 03:53:56,353 - INFO - Processing /viper/ptmp/arego/RC4K1/20856.h5
2025-09-19 03:53:56,462 - INFO - File 19818: Filtered 11152831 hits and 11 records
2025-09-19 03:53:56,617 - INFO - File 13780: Filtered 5997882 hits and 5 records
2025-09-19 03:53:56,784 - INFO - Processing /viper/ptmp/arego/RC4K1/11911.h5
2025-09-19 03:53:56,799 - INFO - File 8395: Filtered 12798492 hits and 10 records
2025-09-19 03:53:57,244 - INFO - Completed /viper/ptmp/arego/RC4K1_1/12818.h5 in 6.05 seconds
2025-09-19 03:53:57,418 - INFO - File 23123: Filtered 5967443 hits and 5 records
2025-09-19 03:53:57,454 - INFO - Processing /viper/ptmp/arego/RC4K1/18807.h5
2025-09-19 03:53:57,755 - INFO - Completed /viper/ptmp/arego/RC4K1_1/7886.h5 in 7.08 seconds
2025-09-19 03:53:57,786 - INFO - Processing /viper/ptmp/arego/RC4K1/23876.h5
2025-09-19 03:53:57,915 - INFO - File 6905: Filtered 9216487 hits and 6 records
2025-09-19 03:53:58,244 - INFO - Completed /viper/ptmp/arego/RC4K1_1/4683.h5 in 7.77 seconds
2025-09-19 03:53:58,343 - INFO - Processing /viper/ptmp/arego/RC4K1/5148.h5
2025-09-19 03:53:58,407 - INFO - Completed /viper/ptmp/arego/RC4K1_1/14695.h5 in 9.21 seconds
2025-09-19 03:53:58,468 - INFO - Completed /viper/ptmp/arego/RC4K1_1/8395.h5 in 5.46 seconds
2025-09-19 03:53:58,486 - INFO - Completed /viper/ptmp/arego/RC4K1_1/19818.h5 in 6.28 seconds
2025-09-19 03:53:58,526 - INFO - File 10716: Filtered 3616410 hits and 5 records
2025-09-19 03:53:58,828 - INFO - Processing /viper/ptmp/arego/RC4K1/21917.h5
2025-09-19 03:53:58,867 - INFO - Processing /viper/ptmp/arego/RC4K1/25957.h5
2025-09-19 03:53:59,015 - INFO - Completed /viper/ptmp/arego/RC4K1_1/8167.h5 in 7.70 seconds
2025-09-19 03:53:59,449 - INFO - Processing /viper/ptmp/arego/RC4K1/19161.h5
2025-09-19 03:53:59,508 - INFO - File 28367: Filtered 12854135 hits and 7 records
2025-09-19 03:53:59,915 - INFO - Processing /viper/ptmp/arego/RC4K1/3178.h5
2025-09-19 03:54:00,039 - INFO - File 11911: Filtered 13698464 hits and 10 records
2025-09-19 03:54:00,284 - INFO - Completed /viper/ptmp/arego/RC4K1_1/13780.h5 in 7.82 seconds
2025-09-19 03:54:00,544 - INFO - File 20856: Filtered 8248312 hits and 9 records
2025-09-19 03:54:00,554 - INFO - Completed /viper/ptmp/arego/RC4K1_1/8206.h5 in 8.59 seconds
2025-09-19 03:54:00,761 - INFO - Processing /viper/ptmp/arego/RC4K1/24005.h5
2025-09-19 03:54:00,821 - INFO - Completed /viper/ptmp/arego/RC4K1_1/28367.h5 in 5.55 seconds
2025-09-19 03:54:00,827 - INFO - Processing /viper/ptmp/arego/RC4K1/23856.h5
2025-09-19 03:54:00,894 - INFO - Completed /viper/ptmp/arego/RC4K1_1/6905.h5 in 7.05 seconds
2025-09-19 03:54:01,333 - INFO - Processing /viper/ptmp/arego/RC4K1/21329.h5
2025-09-19 03:54:01,469 - INFO - Completed /viper/ptmp/arego/RC4K1_1/23123.h5 in 8.24 seconds
2025-09-19 03:54:01,532 - INFO - Completed /viper/ptmp/arego/RC4K1_1/11911.h5 in 4.75 seconds
2025-09-19 03:54:01,542 - INFO - File 18807: Filtered 8473480 hits and 9 records
2025-09-19 03:54:01,719 - INFO - Processing /viper/ptmp/arego/RC4K1/16207.h5
2025-09-19 03:54:01,962 - INFO - File 23876: Filtered 6401041 hits and 6 records
2025-09-19 03:54:02,024 - INFO - File 5148: Filtered 11256712 hits and 5 records
2025-09-19 03:54:02,423 - INFO - Processing /viper/ptmp/arego/RC4K1/7597.h5
2025-09-19 03:54:02,931 - INFO - Processing /viper/ptmp/arego/RC4K1/2128.h5
2025-09-19 03:54:02,950 - INFO - File 25957: Filtered 10052553 hits and 5 records
2025-09-19 03:54:02,969 - INFO - File 21917: Filtered 11643595 hits and 6 records
2025-09-19 03:54:03,210 - INFO - Processing /viper/ptmp/arego/RC4K1/21768.h5
2025-09-19 03:54:03,473 - INFO - Completed /viper/ptmp/arego/RC4K1_1/20856.h5 in 7.12 seconds
2025-09-19 03:54:03,492 - INFO - File 19161: Filtered 10466508 hits and 9 records
2025-09-19 03:54:03,941 - INFO - File 3178: Filtered 13381727 hits and 9 records
2025-09-19 03:54:03,997 - INFO - Completed /viper/ptmp/arego/RC4K1_1/10716.h5 in 9.72 seconds
2025-09-19 03:54:04,217 - INFO - Processing /viper/ptmp/arego/RC4K1/17388.h5
2025-09-19 03:54:04,739 - INFO - Completed /viper/ptmp/arego/RC4K1_1/5148.h5 in 6.40 seconds
2025-09-19 03:54:05,167 - INFO - Completed /viper/ptmp/arego/RC4K1_1/3178.h5 in 5.25 seconds
2025-09-19 03:54:05,188 - INFO - File 23856: Filtered 8076581 hits and 8 records
2025-09-19 03:54:05,215 - INFO - Processing /viper/ptmp/arego/RC4K1/12691.h5
2025-09-19 03:54:05,341 - INFO - Completed /viper/ptmp/arego/RC4K1_1/18807.h5 in 7.89 seconds
2025-09-19 03:54:05,346 - INFO - Processing /viper/ptmp/arego/RC4K1/17099.h5
2025-09-19 03:54:05,397 - INFO - File 24005: Filtered 11744072 hits and 6 records
2025-09-19 03:54:05,525 - INFO - Completed /viper/ptmp/arego/RC4K1_1/21917.h5 in 6.70 seconds
2025-09-19 03:54:05,656 - INFO - File 21329: Filtered 13965138 hits and 7 records
2025-09-19 03:54:05,766 - INFO - Completed /viper/ptmp/arego/RC4K1_1/25957.h5 in 6.90 seconds
2025-09-19 03:54:05,989 - INFO - Processing /viper/ptmp/arego/RC4K1/11128.h5
2025-09-19 03:54:06,037 - INFO - File 16207: Filtered 5276564 hits and 8 records
2025-09-19 03:54:06,325 - INFO - Processing /viper/ptmp/arego/RC4K1/17595.h5
2025-09-19 03:54:06,443 - INFO - Completed /viper/ptmp/arego/RC4K1_1/23876.h5 in 8.66 seconds
2025-09-19 03:54:06,729 - ERROR - Error processing /viper/ptmp/arego/RC4K1/19161.h5: low >= high
2025-09-19 03:54:06,895 - INFO - File 7597: Filtered 7958691 hits and 6 records
2025-09-19 03:54:07,208 - INFO - File 2128: Filtered 9003856 hits and 9 records
2025-09-19 03:54:07,254 - INFO - Processing /viper/ptmp/arego/RC4K1/9909.h5
2025-09-19 03:54:07,417 - INFO - Processing /viper/ptmp/arego/RC4K1/18420.h5
2025-09-19 03:54:07,504 - INFO - Processing /viper/ptmp/arego/RC4K1/2168.h5
2025-09-19 03:54:07,889 - INFO - Completed /viper/ptmp/arego/RC4K1_1/24005.h5 in 7.13 seconds
2025-09-19 03:54:07,944 - INFO - Completed /viper/ptmp/arego/RC4K1_1/21329.h5 in 6.61 seconds
2025-09-19 03:54:08,028 - INFO - File 21768: Filtered 15611182 hits and 8 records
2025-09-19 03:54:08,225 - INFO - Processing /viper/ptmp/arego/RC4K1/2001.h5
2025-09-19 03:54:08,297 - INFO - File 17388: Filtered 10159085 hits and 7 records
2025-09-19 03:54:08,304 - INFO - Processing /viper/ptmp/arego/RC4K1/25711.h5
2025-09-19 03:54:08,364 - INFO - Completed /viper/ptmp/arego/RC4K1_1/23856.h5 in 7.54 seconds
2025-09-19 03:54:08,918 - INFO - Processing /viper/ptmp/arego/RC4K1/19591.h5
2025-09-19 03:54:09,344 - INFO - Processing /viper/ptmp/arego/RC4K1/25558.h5
2025-09-19 03:54:09,605 - INFO - Completed /viper/ptmp/arego/RC4K1_1/21768.h5 in 6.39 seconds
2025-09-19 03:54:09,704 - INFO - File 12691: Filtered 10761065 hits and 9 records
2025-09-19 03:54:09,728 - INFO - File 17099: Filtered 6661532 hits and 6 records
2025-09-19 03:54:09,907 - INFO - Processing /viper/ptmp/arego/RC4K1/15659.h5
2025-09-19 03:54:10,146 - INFO - Completed /viper/ptmp/arego/RC4K1_1/16207.h5 in 8.43 seconds
2025-09-19 03:54:10,660 - INFO - File 11128: Filtered 6228031 hits and 3 records
2025-09-19 03:54:10,844 - INFO - Processing /viper/ptmp/arego/RC4K1/16385.h5
2025-09-19 03:54:10,854 - INFO - Completed /viper/ptmp/arego/RC4K1_1/7597.h5 in 8.43 seconds
2025-09-19 03:54:10,881 - INFO - Completed /viper/ptmp/arego/RC4K1_1/2128.h5 in 7.95 seconds
2025-09-19 03:54:10,992 - INFO - Completed /viper/ptmp/arego/RC4K1_1/17388.h5 in 6.77 seconds
2025-09-19 03:54:11,047 - INFO - File 17595: Filtered 8145676 hits and 8 records
2025-09-19 03:54:11,454 - INFO - Processing /viper/ptmp/arego/RC4K1/8156.h5
2025-09-19 03:54:11,718 - INFO - File 2168: Filtered 14027975 hits and 9 records
2025-09-19 03:54:12,242 - INFO - Processing /viper/ptmp/arego/RC4K1/29772.h5
2025-09-19 03:54:12,262 - INFO - File 9909: Filtered 4880637 hits and 6 records
2025-09-19 03:54:12,449 - INFO - File 18420: Filtered 12454985 hits and 8 records
2025-09-19 03:54:12,924 - INFO - File 2001: Filtered 10280572 hits and 6 records
2025-09-19 03:54:13,073 - INFO - Completed /viper/ptmp/arego/RC4K1_1/12691.h5 in 7.86 seconds
2025-09-19 03:54:13,261 - INFO - File 25711: Filtered 10987319 hits and 7 records
2025-09-19 03:54:13,338 - INFO - Processing /viper/ptmp/arego/RC4K1/28384.h5
2025-09-19 03:54:13,605 - INFO - Processing /viper/ptmp/arego/RC4K1/10557.h5
2025-09-19 03:54:13,968 - INFO - File 19591: Filtered 7089063 hits and 6 records
2025-09-19 03:54:14,143 - INFO - Completed /viper/ptmp/arego/RC4K1_1/17099.h5 in 8.80 seconds
2025-09-19 03:54:14,321 - INFO - Completed /viper/ptmp/arego/RC4K1_1/2168.h5 in 6.82 seconds
2025-09-19 03:54:14,440 - INFO - File 25558: Filtered 4157001 hits and 3 records
2025-09-19 03:54:14,714 - INFO - File 15659: Filtered 4085076 hits and 4 records
2025-09-19 03:54:14,721 - INFO - Processing /viper/ptmp/arego/RC4K1/19447.h5
2025-09-19 03:54:14,820 - INFO - Completed /viper/ptmp/arego/RC4K1_1/17595.h5 in 8.49 seconds
2025-09-19 03:54:14,981 - INFO - Processing /viper/ptmp/arego/RC4K1/29336.h5
2025-09-19 03:54:15,096 - INFO - Completed /viper/ptmp/arego/RC4K1_1/18420.h5 in 7.68 seconds
2025-09-19 03:54:15,514 - INFO - Processing /viper/ptmp/arego/RC4K1/9454.h5
2025-09-19 03:54:15,713 - INFO - Completed /viper/ptmp/arego/RC4K1_1/11128.h5 in 9.72 seconds
2025-09-19 03:54:15,720 - INFO - File 16385: Filtered 9169282 hits and 8 records
2025-09-19 03:54:16,015 - INFO - Processing /viper/ptmp/arego/RC4K1/14755.h5
2025-09-19 03:54:16,144 - INFO - Processing /viper/ptmp/arego/RC4K1/21120.h5
2025-09-19 03:54:16,443 - INFO - Completed /viper/ptmp/arego/RC4K1_1/25711.h5 in 8.14 seconds
2025-09-19 03:54:16,853 - INFO - Completed /viper/ptmp/arego/RC4K1_1/2001.h5 in 8.63 seconds
2025-09-19 03:54:16,872 - INFO - File 8156: Filtered 1275823 hits and 6 records
2025-09-19 03:54:16,931 - INFO - File 29772: Filtered 10595913 hits and 7 records
2025-09-19 03:54:17,219 - INFO - Processing /viper/ptmp/arego/RC4K1/29367.h5
2025-09-19 03:54:17,231 - INFO - Processing /viper/ptmp/arego/RC4K1/845.h5
2025-09-19 03:54:17,440 - INFO - Completed /viper/ptmp/arego/RC4K1_1/9909.h5 in 10.19 seconds
2025-09-19 03:54:17,952 - INFO - File 28384: Filtered 11370737 hits and 8 records
2025-09-19 03:54:18,334 - INFO - Processing /viper/ptmp/arego/RC4K1/337.h5
2025-09-19 03:54:18,402 - INFO - File 10557: Filtered 11790654 hits and 9 records
2025-09-19 03:54:18,516 - INFO - Completed /viper/ptmp/arego/RC4K1_1/19591.h5 in 9.60 seconds
2025-09-19 03:54:19,099 - INFO - Processing /viper/ptmp/arego/RC4K1/9528.h5
2025-09-19 03:54:19,163 - INFO - Completed /viper/ptmp/arego/RC4K1_1/16385.h5 in 8.32 seconds
2025-09-19 03:54:19,294 - INFO - File 19447: Filtered 17163833 hits and 9 records
2025-09-19 03:54:19,523 - INFO - Completed /viper/ptmp/arego/RC4K1_1/25558.h5 in 10.18 seconds
2025-09-19 03:54:19,641 - INFO - Processing /viper/ptmp/arego/RC4K1/12666.h5
2025-09-19 03:54:20,003 - INFO - File 29336: Filtered 18837638 hits and 8 records
2025-09-19 03:54:20,071 - INFO - Completed /viper/ptmp/arego/RC4K1_1/19447.h5 in 5.35 seconds
2025-09-19 03:54:20,145 - INFO - Completed /viper/ptmp/arego/RC4K1_1/29772.h5 in 7.90 seconds
2025-09-19 03:54:20,395 - INFO - Completed /viper/ptmp/arego/RC4K1_1/28384.h5 in 7.06 seconds
2025-09-19 03:54:20,683 - INFO - Processing /viper/ptmp/arego/RC4K1/9239.h5
2025-09-19 03:54:20,710 - INFO - Completed /viper/ptmp/arego/RC4K1_1/15659.h5 in 10.80 seconds
2025-09-19 03:54:20,828 - INFO - File 14755: Filtered 8169751 hits and 9 records
2025-09-19 03:54:21,183 - INFO - File 9454: Filtered 7111928 hits and 8 records
2025-09-19 03:54:21,183 - INFO - Completed /viper/ptmp/arego/RC4K1_1/29336.h5 in 6.20 seconds
2025-09-19 03:54:21,279 - INFO - File 845: Filtered 14410988 hits and 10 records
2025-09-19 03:54:21,419 - INFO - Processing /viper/ptmp/arego/RC4K1/29400.h5
2025-09-19 03:54:21,428 - INFO - Completed /viper/ptmp/arego/RC4K1_1/10557.h5 in 7.82 seconds
2025-09-19 03:54:21,547 - INFO - File 21120: Filtered 10781596 hits and 9 records
2025-09-19 03:54:21,564 - INFO - Processing /viper/ptmp/arego/RC4K1/10792.h5
2025-09-19 03:54:22,005 - INFO - Processing /viper/ptmp/arego/RC4K1/2041.h5
2025-09-19 03:54:22,435 - INFO - Processing /viper/ptmp/arego/RC4K1/15289.h5
2025-09-19 03:54:22,492 - INFO - File 29367: Filtered 11822709 hits and 7 records
2025-09-19 03:54:22,745 - INFO - Processing /viper/ptmp/arego/RC4K1/14885.h5
2025-09-19 03:54:22,899 - INFO - Completed /viper/ptmp/arego/RC4K1_1/845.h5 in 5.67 seconds
2025-09-19 03:54:22,958 - INFO - File 337: Filtered 17082609 hits and 9 records
2025-09-19 03:54:23,096 - INFO - File 9528: Filtered 16658335 hits and 7 records
2025-09-19 03:54:23,344 - INFO - Processing /viper/ptmp/arego/RC4K1/8456.h5
2025-09-19 03:54:23,765 - INFO - Completed /viper/ptmp/arego/RC4K1_1/337.h5 in 5.43 seconds
2025-09-19 03:54:24,147 - INFO - Completed /viper/ptmp/arego/RC4K1_1/8156.h5 in 12.69 seconds
2025-09-19 03:54:24,163 - INFO - Processing /viper/ptmp/arego/RC4K1/12117.h5
2025-09-19 03:54:24,427 - INFO - File 12666: Filtered 5400394 hits and 7 records
2025-09-19 03:54:24,751 - INFO - Completed /viper/ptmp/arego/RC4K1_1/9528.h5 in 5.65 seconds
2025-09-19 03:54:24,775 - INFO - Processing /viper/ptmp/arego/RC4K1/20060.h5
2025-09-19 03:54:24,862 - INFO - Completed /viper/ptmp/arego/RC4K1_1/14755.h5 in 8.85 seconds
2025-09-19 03:54:25,256 - INFO - Processing /viper/ptmp/arego/RC4K1/8045.h5
2025-09-19 03:54:25,339 - INFO - Completed /viper/ptmp/arego/RC4K1_1/21120.h5 in 9.19 seconds
2025-09-19 03:54:25,655 - INFO - Completed /viper/ptmp/arego/RC4K1_1/29367.h5 in 8.44 seconds
2025-09-19 03:54:25,773 - INFO - File 9239: Filtered 7494757 hits and 5 records
2025-09-19 03:54:25,930 - INFO - Processing /viper/ptmp/arego/RC4K1/6874.h5
2025-09-19 03:54:26,006 - INFO - Completed /viper/ptmp/arego/RC4K1_1/9454.h5 in 10.49 seconds
2025-09-19 03:54:26,483 - INFO - Processing /viper/ptmp/arego/RC4K1/11773.h5
2025-09-19 03:54:26,674 - INFO - Processing /viper/ptmp/arego/RC4K1/4441.h5
2025-09-19 03:54:26,921 - INFO - File 29400: Filtered 10504079 hits and 5 records
2025-09-19 03:54:27,034 - INFO - Processing /viper/ptmp/arego/RC4K1/3908.h5
2025-09-19 03:54:27,091 - INFO - File 2041: Filtered 10937040 hits and 8 records
2025-09-19 03:54:27,205 - INFO - File 10792: Filtered 6979256 hits and 7 records
2025-09-19 03:54:27,628 - INFO - Processing /viper/ptmp/arego/RC4K1/24668.h5
2025-09-19 03:54:28,487 - INFO - File 14885: Filtered 14369772 hits and 8 records
2025-09-19 03:54:28,637 - INFO - File 15289: Filtered 10723997 hits and 9 records
2025-09-19 03:54:29,535 - INFO - File 8456: Filtered 12693858 hits and 9 records
2025-09-19 03:54:30,104 - INFO - Completed /viper/ptmp/arego/RC4K1_1/12666.h5 in 10.46 seconds
2025-09-19 03:54:30,510 - INFO - File 12117: Filtered 12157557 hits and 5 records
2025-09-19 03:54:30,853 - INFO - Completed /viper/ptmp/arego/RC4K1_1/29400.h5 in 9.43 seconds
2025-09-19 03:54:30,985 - INFO - Completed /viper/ptmp/arego/RC4K1_1/9239.h5 in 10.30 seconds
2025-09-19 03:54:31,005 - INFO - File 20060: Filtered 8734461 hits and 5 records
2025-09-19 03:54:31,039 - INFO - Processing /viper/ptmp/arego/RC4K1/11172.h5
2025-09-19 03:54:31,045 - INFO - File 6874: Filtered 12372213 hits and 10 records
2025-09-19 03:54:31,067 - INFO - Completed /viper/ptmp/arego/RC4K1_1/14885.h5 in 8.32 seconds
2025-09-19 03:54:31,350 - INFO - Processing /viper/ptmp/arego/RC4K1/2375.h5
2025-09-19 03:54:31,927 - INFO - File 8045: Filtered 4691200 hits and 6 records
2025-09-19 03:54:32,112 - INFO - Processing /viper/ptmp/arego/RC4K1/27884.h5
2025-09-19 03:54:32,124 - INFO - Completed /viper/ptmp/arego/RC4K1_1/2041.h5 in 10.12 seconds
2025-09-19 03:54:32,133 - INFO - Processing /viper/ptmp/arego/RC4K1/7599.h5
2025-09-19 03:54:32,127 - INFO - File 11773: Filtered 11727215 hits and 8 records
2025-09-19 03:54:32,303 - INFO - Completed /viper/ptmp/arego/RC4K1_1/15289.h5 in 9.87 seconds
2025-09-19 03:54:32,406 - INFO - File 3908: Filtered 16296054 hits and 12 records
2025-09-19 03:54:32,407 - INFO - Completed /viper/ptmp/arego/RC4K1_1/8456.h5 in 9.06 seconds
2025-09-19 03:54:32,521 - INFO - File 4441: Filtered 13703489 hits and 6 records
2025-09-19 03:54:32,534 - INFO - Completed /viper/ptmp/arego/RC4K1_1/10792.h5 in 10.97 seconds
2025-09-19 03:54:32,731 - INFO - Processing /viper/ptmp/arego/RC4K1/4119.h5
2025-09-19 03:54:32,810 - INFO - File 24668: Filtered 10241181 hits and 6 records
2025-09-19 03:54:33,129 - INFO - Processing /viper/ptmp/arego/RC4K1/1837.h5
2025-09-19 03:54:33,649 - INFO - Completed /viper/ptmp/arego/RC4K1_1/12117.h5 in 9.49 seconds
2025-09-19 03:54:33,708 - INFO - Processing /viper/ptmp/arego/RC4K1/1406.h5
2025-09-19 03:54:34,204 - INFO - Completed /viper/ptmp/arego/RC4K1_1/6874.h5 in 8.27 seconds
2025-09-19 03:54:34,398 - INFO - Processing /viper/ptmp/arego/RC4K1/13489.h5
2025-09-19 03:54:34,421 - INFO - Completed /viper/ptmp/arego/RC4K1_1/3908.h5 in 7.39 seconds
2025-09-19 03:54:34,612 - INFO - Processing /viper/ptmp/arego/RC4K1/18707.h5
2025-09-19 03:54:34,900 - INFO - Completed /viper/ptmp/arego/RC4K1_1/4441.h5 in 8.23 seconds
2025-09-19 03:54:35,112 - INFO - Processing /viper/ptmp/arego/RC4K1/16558.h5
2025-09-19 03:54:35,117 - INFO - Processing /viper/ptmp/arego/RC4K1/20231.h5
2025-09-19 03:54:35,722 - INFO - Completed /viper/ptmp/arego/RC4K1_1/11773.h5 in 9.24 seconds
2025-09-19 03:54:35,838 - INFO - File 11172: Filtered 8102216 hits and 8 records
2025-09-19 03:54:35,869 - INFO - File 2375: Filtered 14411055 hits and 7 records
2025-09-19 03:54:35,990 - INFO - Processing /viper/ptmp/arego/RC4K1/5121.h5
2025-09-19 03:54:36,084 - INFO - Processing /viper/ptmp/arego/RC4K1/25440.h5
2025-09-19 03:54:36,620 - INFO - Completed /viper/ptmp/arego/RC4K1_1/24668.h5 in 8.99 seconds
2025-09-19 03:54:37,159 - INFO - Processing /viper/ptmp/arego/RC4K1/25159.h5
2025-09-19 03:54:37,199 - INFO - Completed /viper/ptmp/arego/RC4K1_1/8045.h5 in 11.94 seconds
2025-09-19 03:54:37,294 - INFO - Completed /viper/ptmp/arego/RC4K1_1/20060.h5 in 12.52 seconds
2025-09-19 03:54:37,934 - INFO - File 7599: Filtered 6433713 hits and 10 records
2025-09-19 03:54:38,062 - INFO - Processing /viper/ptmp/arego/RC4K1/867.h5
2025-09-19 03:54:38,116 - INFO - File 4119: Filtered 11757603 hits and 5 records
2025-09-19 03:54:38,274 - INFO - Processing /viper/ptmp/arego/RC4K1/4394.h5
2025-09-19 03:54:38,491 - INFO - File 27884: Filtered 15060053 hits and 9 records
2025-09-19 03:54:39,239 - INFO - Completed /viper/ptmp/arego/RC4K1_1/2375.h5 in 7.89 seconds
2025-09-19 03:54:39,638 - INFO - File 1837: Filtered 6898996 hits and 6 records
2025-09-19 03:54:39,671 - INFO - Processing /viper/ptmp/arego/RC4K1/29496.h5
2025-09-19 03:54:40,278 - INFO - File 18707: Filtered 9825081 hits and 7 records
2025-09-19 03:54:40,714 - INFO - File 1406: Filtered 5165355 hits and 6 records
2025-09-19 03:54:41,041 - INFO - File 20231: Filtered 15377736 hits and 9 records
2025-09-19 03:54:41,533 - INFO - Completed /viper/ptmp/arego/RC4K1_1/11172.h5 in 10.49 seconds
2025-09-19 03:54:41,792 - INFO - File 13489: Filtered 9360965 hits and 6 records
2025-09-19 03:54:41,921 - INFO - File 25440: Filtered 9162192 hits and 7 records
2025-09-19 03:54:42,207 - INFO - Completed /viper/ptmp/arego/RC4K1_1/4119.h5 in 9.48 seconds
2025-09-19 03:54:42,437 - INFO - Processing /viper/ptmp/arego/RC4K1/22443.h5
2025-09-19 03:54:42,797 - INFO - Processing /viper/ptmp/arego/RC4K1/3831.h5
2025-09-19 03:54:42,875 - INFO - File 16558: Filtered 11210837 hits and 6 records
2025-09-19 03:54:42,949 - INFO - Completed /viper/ptmp/arego/RC4K1_1/27884.h5 in 10.84 seconds
2025-09-19 03:54:42,994 - INFO - File 25159: Filtered 8325059 hits and 5 records
2025-09-19 03:54:43,802 - INFO - Processing /viper/ptmp/arego/RC4K1/6607.h5
2025-09-19 03:54:43,908 - INFO - File 867: Filtered 10035641 hits and 7 records
2025-09-19 03:54:44,050 - INFO - File 5121: Filtered 11745878 hits and 8 records
2025-09-19 03:54:44,354 - INFO - Completed /viper/ptmp/arego/RC4K1_1/20231.h5 in 9.24 seconds
2025-09-19 03:54:44,501 - INFO - Completed /viper/ptmp/arego/RC4K1_1/18707.h5 in 9.89 seconds
2025-09-19 03:54:44,510 - INFO - Completed /viper/ptmp/arego/RC4K1_1/7599.h5 in 12.38 seconds
2025-09-19 03:54:44,691 - INFO - Processing /viper/ptmp/arego/RC4K1/28277.h5
2025-09-19 03:54:45,044 - INFO - Processing /viper/ptmp/arego/RC4K1/5095.h5
2025-09-19 03:54:45,088 - INFO - File 4394: Filtered 11435595 hits and 9 records
2025-09-19 03:54:45,287 - INFO - Processing /viper/ptmp/arego/RC4K1/6554.h5
2025-09-19 03:54:45,586 - INFO - File 29496: Filtered 9222318 hits and 6 records
2025-09-19 03:54:45,742 - INFO - Completed /viper/ptmp/arego/RC4K1_1/1837.h5 in 12.61 seconds
2025-09-19 03:54:46,349 - INFO - Processing /viper/ptmp/arego/RC4K1/21175.h5
2025-09-19 03:54:46,788 - INFO - Completed /viper/ptmp/arego/RC4K1_1/25440.h5 in 10.70 seconds
2025-09-19 03:54:46,798 - INFO - Completed /viper/ptmp/arego/RC4K1_1/16558.h5 in 11.69 seconds
2025-09-19 03:54:46,928 - INFO - Completed /viper/ptmp/arego/RC4K1_1/13489.h5 in 12.53 seconds
2025-09-19 03:54:47,131 - INFO - Completed /viper/ptmp/arego/RC4K1_1/1406.h5 in 13.42 seconds
2025-09-19 03:54:47,285 - INFO - Processing /viper/ptmp/arego/RC4K1/15319.h5
2025-09-19 03:54:47,406 - INFO - Completed /viper/ptmp/arego/RC4K1_1/5121.h5 in 11.42 seconds
2025-09-19 03:54:47,431 - INFO - Processing /viper/ptmp/arego/RC4K1/7025.h5
2025-09-19 03:54:47,509 - INFO - File 22443: Filtered 13265884 hits and 5 records
2025-09-19 03:54:47,919 - INFO - Completed /viper/ptmp/arego/RC4K1_1/25159.h5 in 10.76 seconds
2025-09-19 03:54:48,098 - INFO - Processing /viper/ptmp/arego/RC4K1/27459.h5
2025-09-19 03:54:48,243 - INFO - File 3831: Filtered 19903536 hits and 8 records
2025-09-19 03:54:48,282 - INFO - Completed /viper/ptmp/arego/RC4K1_1/4394.h5 in 10.01 seconds
2025-09-19 03:54:48,424 - INFO - Processing /viper/ptmp/arego/RC4K1/4022.h5
2025-09-19 03:54:48,899 - INFO - Processing /viper/ptmp/arego/RC4K1/23064.h5
2025-09-19 03:54:49,021 - INFO - Completed /viper/ptmp/arego/RC4K1_1/867.h5 in 10.96 seconds
2025-09-19 03:54:49,520 - INFO - File 6607: Filtered 9019127 hits and 5 records
2025-09-19 03:54:49,782 - INFO - Processing /viper/ptmp/arego/RC4K1/3458.h5
2025-09-19 03:54:49,879 - INFO - Processing /viper/ptmp/arego/RC4K1/5792.h5
2025-09-19 03:54:50,195 - INFO - Completed /viper/ptmp/arego/RC4K1_1/3831.h5 in 7.40 seconds
2025-09-19 03:54:50,235 - INFO - File 5095: Filtered 14605335 hits and 9 records
2025-09-19 03:54:50,287 - INFO - Completed /viper/ptmp/arego/RC4K1_1/22443.h5 in 7.85 seconds
2025-09-19 03:54:50,518 - INFO - Processing /viper/ptmp/arego/RC4K1/18587.h5
2025-09-19 03:54:50,813 - INFO - Processing /viper/ptmp/arego/RC4K1/5855.h5
2025-09-19 03:54:50,972 - INFO - File 6554: Filtered 11575541 hits and 7 records
2025-09-19 03:54:50,994 - INFO - File 28277: Filtered 14961017 hits and 4 records
2025-09-19 03:54:51,422 - INFO - Completed /viper/ptmp/arego/RC4K1_1/29496.h5 in 11.75 seconds
2025-09-19 03:54:52,065 - INFO - File 21175: Filtered 13654491 hits and 8 records
2025-09-19 03:54:52,071 - INFO - Processing /viper/ptmp/arego/RC4K1/16923.h5
2025-09-19 03:54:52,538 - INFO - Processing /viper/ptmp/arego/RC4K1/29925.h5
2025-09-19 03:54:53,488 - INFO - Completed /viper/ptmp/arego/RC4K1_1/5095.h5 in 8.44 seconds
2025-09-19 03:54:53,749 - INFO - File 7025: Filtered 12400954 hits and 9 records
2025-09-19 03:54:53,840 - INFO - File 15319: Filtered 14450354 hits and 11 records
2025-09-19 03:54:54,249 - INFO - Processing /viper/ptmp/arego/RC4K1/11170.h5
2025-09-19 03:54:54,618 - INFO - Completed /viper/ptmp/arego/RC4K1_1/28277.h5 in 9.93 seconds
2025-09-19 03:54:54,631 - INFO - File 27459: Filtered 12436190 hits and 6 records
2025-09-19 03:54:54,773 - INFO - File 4022: Filtered 9492402 hits and 5 records
2025-09-19 03:54:54,805 - INFO - Completed /viper/ptmp/arego/RC4K1_1/6607.h5 in 11.00 seconds
2025-09-19 03:54:55,037 - INFO - Processing /viper/ptmp/arego/RC4K1/6592.h5
2025-09-19 03:54:55,325 - INFO - Completed /viper/ptmp/arego/RC4K1_1/6554.h5 in 10.04 seconds
2025-09-19 03:54:55,721 - INFO - Processing /viper/ptmp/arego/RC4K1/6040.h5
2025-09-19 03:54:56,026 - INFO - File 18587: Filtered 24483378 hits and 8 records
2025-09-19 03:54:56,198 - INFO - Processing /viper/ptmp/arego/RC4K1/16071.h5
2025-09-19 03:54:56,305 - INFO - File 5792: Filtered 11990090 hits and 7 records
2025-09-19 03:54:56,367 - INFO - File 23064: Filtered 9014566 hits and 7 records
2025-09-19 03:54:56,796 - INFO - Completed /viper/ptmp/arego/RC4K1_1/18587.h5 in 6.28 seconds
2025-09-19 03:54:57,011 - INFO - Processing /viper/ptmp/arego/RC4K1/16000.h5
2025-09-19 03:54:57,518 - INFO - File 3458: Filtered 8808042 hits and 8 records
2025-09-19 03:54:57,773 - INFO - Completed /viper/ptmp/arego/RC4K1_1/15319.h5 in 10.49 seconds
2025-09-19 03:54:58,161 - INFO - Processing /viper/ptmp/arego/RC4K1/4199.h5
2025-09-19 03:54:58,406 - INFO - File 5855: Filtered 17810334 hits and 11 records
2025-09-19 03:54:58,936 - INFO - Completed /viper/ptmp/arego/RC4K1_1/7025.h5 in 11.50 seconds
2025-09-19 03:54:58,967 - INFO - Completed /viper/ptmp/arego/RC4K1_1/21175.h5 in 12.62 seconds
2025-09-19 03:54:58,970 - INFO - File 29925: Filtered 12719978 hits and 5 records
2025-09-19 03:54:59,118 - INFO - Completed /viper/ptmp/arego/RC4K1_1/27459.h5 in 11.02 seconds
2025-09-19 03:54:59,570 - INFO - Processing /viper/ptmp/arego/RC4K1/2568.h5
2025-09-19 03:54:59,843 - INFO - File 16923: Filtered 13933787 hits and 10 records
2025-09-19 03:55:00,155 - INFO - Completed /viper/ptmp/arego/RC4K1_1/4022.h5 in 11.73 seconds
2025-09-19 03:55:00,392 - INFO - Processing /viper/ptmp/arego/RC4K1/1062.h5
2025-09-19 03:55:00,638 - INFO - Processing /viper/ptmp/arego/RC4K1/20216.h5
2025-09-19 03:55:00,763 - INFO - File 11170: Filtered 12105834 hits and 7 records
2025-09-19 03:55:00,778 - INFO - Completed /viper/ptmp/arego/RC4K1_1/5792.h5 in 10.90 seconds
2025-09-19 03:55:00,783 - INFO - Completed /viper/ptmp/arego/RC4K1_1/5855.h5 in 9.97 seconds
2025-09-19 03:55:01,063 - INFO - Processing /viper/ptmp/arego/RC4K1/6424.h5
2025-09-19 03:55:01,099 - INFO - File 6592: Filtered 16481223 hits and 12 records
2025-09-19 03:55:01,443 - INFO - Processing /viper/ptmp/arego/RC4K1/10882.h5
2025-09-19 03:55:01,629 - INFO - File 6040: Filtered 14385905 hits and 6 records
2025-09-19 03:55:01,675 - INFO - Completed /viper/ptmp/arego/RC4K1_1/23064.h5 in 12.78 seconds
2025-09-19 03:55:01,824 - INFO - Processing /viper/ptmp/arego/RC4K1/18670.h5
2025-09-19 03:55:02,461 - INFO - Processing /viper/ptmp/arego/RC4K1/25649.h5
2025-09-19 03:55:02,631 - ERROR - Error processing /viper/ptmp/arego/RC4K1/16923.h5: low >= high
2025-09-19 03:55:03,038 - INFO - Completed /viper/ptmp/arego/RC4K1_1/3458.h5 in 13.26 seconds
2025-09-19 03:55:03,189 - INFO - File 16071: Filtered 16445806 hits and 5 records
2025-09-19 03:55:03,329 - INFO - File 16000: Filtered 15639012 hits and 5 records
2025-09-19 03:55:03,525 - INFO - Completed /viper/ptmp/arego/RC4K1_1/29925.h5 in 10.99 seconds
2025-09-19 03:55:03,695 - INFO - Processing /viper/ptmp/arego/RC4K1/19026.h5
2025-09-19 03:55:04,026 - ERROR - Error processing /viper/ptmp/arego/RC4K1/6592.h5: low >= high
2025-09-19 03:55:04,107 - INFO - Processing /viper/ptmp/arego/RC4K1/17823.h5
2025-09-19 03:55:04,127 - INFO - Completed /viper/ptmp/arego/RC4K1_1/11170.h5 in 9.88 seconds
2025-09-19 03:55:04,463 - INFO - Processing /viper/ptmp/arego/RC4K1/7083.h5
2025-09-19 03:55:04,571 - INFO - File 4199: Filtered 22460746 hits and 7 records
2025-09-19 03:55:05,070 - INFO - Processing /viper/ptmp/arego/RC4K1/13983.h5
2025-09-19 03:55:05,210 - INFO - File 2568: Filtered 18353960 hits and 7 records
2025-09-19 03:55:05,615 - INFO - Processing /viper/ptmp/arego/RC4K1/15990.h5
2025-09-19 03:55:06,431 - INFO - Completed /viper/ptmp/arego/RC4K1_1/4199.h5 in 8.27 seconds
2025-09-19 03:55:06,489 - INFO - Completed /viper/ptmp/arego/RC4K1_1/6040.h5 in 10.77 seconds
2025-09-19 03:55:06,507 - INFO - Completed /viper/ptmp/arego/RC4K1_1/16071.h5 in 10.31 seconds
2025-09-19 03:55:06,669 - INFO - Processing /viper/ptmp/arego/RC4K1/1096.h5
2025-09-19 03:55:07,009 - INFO - File 1062: Filtered 13834036 hits and 6 records
2025-09-19 03:55:07,120 - INFO - File 10882: Filtered 9734718 hits and 4 records
2025-09-19 03:55:07,327 - INFO - Processing /viper/ptmp/arego/RC4K1/20427.h5
2025-09-19 03:55:07,356 - INFO - File 20216: Filtered 7546309 hits and 6 records
2025-09-19 03:55:07,681 - INFO - Completed /viper/ptmp/arego/RC4K1_1/16000.h5 in 10.67 seconds
2025-09-19 03:55:07,927 - INFO - Processing /viper/ptmp/arego/RC4K1/5439.h5
2025-09-19 03:55:08,265 - INFO - Completed /viper/ptmp/arego/RC4K1_1/2568.h5 in 8.69 seconds
2025-09-19 03:55:08,337 - INFO - File 6424: Filtered 16895512 hits and 6 records
2025-09-19 03:55:08,886 - INFO - Processing /viper/ptmp/arego/RC4K1/16957.h5
2025-09-19 03:55:08,977 - INFO - Processing /viper/ptmp/arego/RC4K1/4889.h5
2025-09-19 03:55:09,652 - INFO - File 17823: Filtered 13056552 hits and 7 records
2025-09-19 03:55:09,865 - INFO - File 18670: Filtered 15442205 hits and 7 records
2025-09-19 03:55:10,920 - INFO - File 25649: Filtered 8563477 hits and 6 records
2025-09-19 03:55:11,555 - INFO - Completed /viper/ptmp/arego/RC4K1_1/1062.h5 in 11.16 seconds
2025-09-19 03:55:11,808 - INFO - File 13983: Filtered 19354436 hits and 9 records
2025-09-19 03:55:12,112 - INFO - Completed /viper/ptmp/arego/RC4K1_1/6424.h5 in 11.05 seconds
2025-09-19 03:55:12,276 - INFO - Processing /viper/ptmp/arego/RC4K1/12374.h5
2025-09-19 03:55:12,897 - INFO - File 19026: Filtered 13175217 hits and 8 records
2025-09-19 03:55:13,012 - INFO - File 7083: Filtered 18364576 hits and 10 records
2025-09-19 03:55:13,323 - INFO - File 1096: Filtered 9927319 hits and 7 records
2025-09-19 03:55:13,648 - INFO - File 20427: Filtered 15034674 hits and 8 records
2025-09-19 03:55:13,784 - INFO - Processing /viper/ptmp/arego/RC4K1/26326.h5
2025-09-19 03:55:14,234 - INFO - File 15990: Filtered 16374333 hits and 5 records
2025-09-19 03:55:14,295 - INFO - Completed /viper/ptmp/arego/RC4K1_1/20216.h5 in 13.66 seconds
2025-09-19 03:55:14,464 - INFO - Completed /viper/ptmp/arego/RC4K1_1/18670.h5 in 12.64 seconds
2025-09-19 03:55:14,509 - INFO - File 5439: Filtered 15025143 hits and 7 records
2025-09-19 03:55:14,858 - INFO - Completed /viper/ptmp/arego/RC4K1_1/13983.h5 in 9.79 seconds
2025-09-19 03:55:14,871 - INFO - Processing /viper/ptmp/arego/RC4K1/5670.h5
2025-09-19 03:55:15,036 - INFO - Processing /viper/ptmp/arego/RC4K1/26925.h5
2025-09-19 03:55:15,397 - INFO - File 4889: Filtered 13390579 hits and 8 records
2025-09-19 03:55:15,432 - INFO - Processing /viper/ptmp/arego/RC4K1/22003.h5
2025-09-19 03:55:15,848 - INFO - File 16957: Filtered 18573864 hits and 10 records
2025-09-19 03:55:16,002 - INFO - Completed /viper/ptmp/arego/RC4K1_1/10882.h5 in 14.56 seconds
2025-09-19 03:55:16,023 - INFO - Completed /viper/ptmp/arego/RC4K1_1/17823.h5 in 11.92 seconds
2025-09-19 03:55:16,329 - INFO - Completed /viper/ptmp/arego/RC4K1_1/7083.h5 in 11.87 seconds
2025-09-19 03:55:16,517 - INFO - Processing /viper/ptmp/arego/RC4K1/20095.h5
2025-09-19 03:55:16,762 - INFO - Processing /viper/ptmp/arego/RC4K1/2438.h5
2025-09-19 03:55:17,156 - INFO - Completed /viper/ptmp/arego/RC4K1_1/25649.h5 in 14.69 seconds
2025-09-19 03:55:17,187 - INFO - Processing /viper/ptmp/arego/RC4K1/6331.h5
2025-09-19 03:55:17,545 - INFO - Completed /viper/ptmp/arego/RC4K1_1/15990.h5 in 11.93 seconds
2025-09-19 03:55:17,599 - INFO - Completed /viper/ptmp/arego/RC4K1_1/19026.h5 in 13.90 seconds
2025-09-19 03:55:17,987 - INFO - Completed /viper/ptmp/arego/RC4K1_1/20427.h5 in 10.66 seconds
2025-09-19 03:55:18,122 - INFO - Processing /viper/ptmp/arego/RC4K1/5410.h5
2025-09-19 03:55:18,173 - INFO - Completed /viper/ptmp/arego/RC4K1_1/16957.h5 in 9.29 seconds
2025-09-19 03:55:18,709 - INFO - Completed /viper/ptmp/arego/RC4K1_1/5439.h5 in 10.78 seconds
2025-09-19 03:55:18,727 - INFO - File 12374: Filtered 10630383 hits and 7 records
2025-09-19 03:55:18,751 - INFO - Processing /viper/ptmp/arego/RC4K1/20362.h5
2025-09-19 03:55:18,995 - INFO - Processing /viper/ptmp/arego/RC4K1/29031.h5
2025-09-19 03:55:19,149 - INFO - Completed /viper/ptmp/arego/RC4K1_1/1096.h5 in 12.48 seconds
2025-09-19 03:55:19,247 - INFO - Processing /viper/ptmp/arego/RC4K1/20979.h5
2025-09-19 03:55:20,011 - INFO - Processing /viper/ptmp/arego/RC4K1/17104.h5
2025-09-19 03:55:20,038 - INFO - File 26326: Filtered 14829392 hits and 6 records
2025-09-19 03:55:20,167 - INFO - Processing /viper/ptmp/arego/RC4K1/19197.h5
2025-09-19 03:55:20,268 - INFO - Completed /viper/ptmp/arego/RC4K1_1/4889.h5 in 11.29 seconds
2025-09-19 03:55:20,851 - INFO - Processing /viper/ptmp/arego/RC4K1/19501.h5
2025-09-19 03:55:21,261 - INFO - Processing /viper/ptmp/arego/RC4K1/19709.h5
2025-09-19 03:55:21,872 - INFO - File 26925: Filtered 13346858 hits and 6 records
2025-09-19 03:55:21,993 - INFO - File 5670: Filtered 14215997 hits and 7 records
2025-09-19 03:55:22,076 - INFO - File 22003: Filtered 26767972 hits and 7 records
2025-09-19 03:55:22,537 - INFO - File 20095: Filtered 14446438 hits and 8 records
2025-09-19 03:55:22,770 - INFO - Completed /viper/ptmp/arego/RC4K1_1/22003.h5 in 7.34 seconds
2025-09-19 03:55:23,010 - INFO - Processing /viper/ptmp/arego/RC4K1/145.h5
2025-09-19 03:55:23,808 - INFO - File 2438: Filtered 16203397 hits and 6 records
2025-09-19 03:55:24,212 - INFO - File 6331: Filtered 20603920 hits and 8 records
2025-09-19 03:55:24,520 - INFO - Completed /viper/ptmp/arego/RC4K1_1/12374.h5 in 12.24 seconds
2025-09-19 03:55:24,612 - INFO - Completed /viper/ptmp/arego/RC4K1_1/26326.h5 in 10.83 seconds
2025-09-19 03:55:25,218 - INFO - Processing /viper/ptmp/arego/RC4K1/7812.h5
2025-09-19 03:55:25,496 - INFO - File 5410: Filtered 18022044 hits and 9 records
2025-09-19 03:55:26,198 - INFO - Processing /viper/ptmp/arego/RC4K1/4730.h5
2025-09-19 03:55:26,246 - INFO - File 20979: Filtered 15270863 hits and 10 records
2025-09-19 03:55:26,352 - INFO - Completed /viper/ptmp/arego/RC4K1_1/5670.h5 in 11.48 seconds
2025-09-19 03:55:26,380 - INFO - File 20362: Filtered 19142571 hits and 7 records
2025-09-19 03:55:26,385 - INFO - File 29031: Filtered 15957260 hits and 5 records
2025-09-19 03:55:26,808 - INFO - Processing /viper/ptmp/arego/RC4K1/16672.h5
2025-09-19 03:55:27,111 - INFO - File 17104: Filtered 12161931 hits and 9 records
2025-09-19 03:55:27,248 - INFO - Completed /viper/ptmp/arego/RC4K1_1/26925.h5 in 12.21 seconds
2025-09-19 03:55:27,567 - INFO - Completed /viper/ptmp/arego/RC4K1_1/6331.h5 in 10.38 seconds
2025-09-19 03:55:27,644 - INFO - Completed /viper/ptmp/arego/RC4K1_1/2438.h5 in 10.88 seconds
2025-09-19 03:55:27,761 - INFO - Processing /viper/ptmp/arego/RC4K1/5076.h5
2025-09-19 03:55:27,868 - INFO - File 19501: Filtered 15535143 hits and 9 records
2025-09-19 03:55:27,979 - INFO - Processing /viper/ptmp/arego/RC4K1/28796.h5
2025-09-19 03:55:28,094 - INFO - File 19709: Filtered 19642421 hits and 11 records
2025-09-19 03:55:28,545 - INFO - Processing /viper/ptmp/arego/RC4K1/2496.h5
2025-09-19 03:55:28,660 - INFO - Completed /viper/ptmp/arego/RC4K1_1/5410.h5 in 10.54 seconds
2025-09-19 03:55:28,811 - INFO - Completed /viper/ptmp/arego/RC4K1_1/20095.h5 in 12.29 seconds
2025-09-19 03:55:29,228 - INFO - Processing /viper/ptmp/arego/RC4K1/28558.h5
2025-09-19 03:55:29,288 - INFO - Processing /viper/ptmp/arego/RC4K1/5607.h5
2025-09-19 03:55:29,794 - INFO - File 145: Filtered 15116324 hits and 6 records
2025-09-19 03:55:29,952 - INFO - Completed /viper/ptmp/arego/RC4K1_1/20362.h5 in 11.20 seconds
2025-09-19 03:55:29,998 - INFO - Completed /viper/ptmp/arego/RC4K1_1/29031.h5 in 11.00 seconds
2025-09-19 03:55:30,399 - INFO - Processing /viper/ptmp/arego/RC4K1/1424.h5
2025-09-19 03:55:30,592 - INFO - Completed /viper/ptmp/arego/RC4K1_1/19709.h5 in 9.33 seconds
2025-09-19 03:55:30,753 - INFO - Processing /viper/ptmp/arego/RC4K1/7888.h5
2025-09-19 03:55:31,422 - INFO - File 7812: Filtered 22640076 hits and 9 records
2025-09-19 03:55:31,841 - INFO - Completed /viper/ptmp/arego/RC4K1_1/20979.h5 in 12.59 seconds
2025-09-19 03:55:31,915 - INFO - Processing /viper/ptmp/arego/RC4K1/837.h5
2025-09-19 03:55:31,943 - INFO - Completed /viper/ptmp/arego/RC4K1_1/19501.h5 in 11.09 seconds
2025-09-19 03:55:32,528 - INFO - Processing /viper/ptmp/arego/RC4K1/9211.h5
2025-09-19 03:55:32,914 - INFO - Completed /viper/ptmp/arego/RC4K1_1/17104.h5 in 12.90 seconds
2025-09-19 03:55:33,184 - INFO - Processing /viper/ptmp/arego/RC4K1/20117.h5
2025-09-19 03:55:33,657 - INFO - File 16672: Filtered 18328404 hits and 6 records
2025-09-19 03:55:33,744 - INFO - Processing /viper/ptmp/arego/RC4K1/14228.h5
2025-09-19 03:55:33,981 - INFO - Completed /viper/ptmp/arego/RC4K1_1/7812.h5 in 8.76 seconds
2025-09-19 03:55:34,194 - INFO - Completed /viper/ptmp/arego/RC4K1_1/145.h5 in 11.18 seconds
2025-09-19 03:55:34,295 - INFO - File 28796: Filtered 14310482 hits and 10 records
2025-09-19 03:55:34,342 - INFO - File 4730: Filtered 15172976 hits and 6 records
2025-09-19 03:55:34,706 - INFO - Processing /viper/ptmp/arego/RC4K1/12001.h5
2025-09-19 03:55:34,739 - INFO - Processing /viper/ptmp/arego/RC4K1/24407.h5
2025-09-19 03:55:36,076 - INFO - File 28558: Filtered 18476923 hits and 9 records
2025-09-19 03:55:36,921 - INFO - Completed /viper/ptmp/arego/RC4K1_1/16672.h5 in 10.11 seconds
2025-09-19 03:55:37,278 - INFO - Processing /viper/ptmp/arego/RC4K1/6435.h5
2025-09-19 03:55:37,433 - INFO - File 1424: Filtered 21313528 hits and 7 records
2025-09-19 03:55:37,752 - INFO - File 5076: Filtered 13961939 hits and 6 records
2025-09-19 03:55:38,813 - INFO - File 2496: Filtered 10419503 hits and 7 records
2025-09-19 03:55:39,069 - INFO - File 9211: Filtered 16549071 hits and 9 records
2025-09-19 03:55:39,291 - INFO - Completed /viper/ptmp/arego/RC4K1_1/28796.h5 in 11.31 seconds
2025-09-19 03:55:39,503 - INFO - Completed /viper/ptmp/arego/RC4K1_1/28558.h5 in 10.27 seconds
2025-09-19 03:55:39,885 - INFO - Processing /viper/ptmp/arego/RC4K1/7932.h5
2025-09-19 03:55:40,061 - INFO - File 5607: Filtered 6501998 hits and 7 records
2025-09-19 03:55:40,685 - INFO - Completed /viper/ptmp/arego/RC4K1_1/4730.h5 in 14.49 seconds
2025-09-19 03:55:40,876 - INFO - File 14228: Filtered 29775018 hits and 9 records
2025-09-19 03:55:40,917 - INFO - Processing /viper/ptmp/arego/RC4K1/13736.h5
2025-09-19 03:55:41,047 - INFO - Completed /viper/ptmp/arego/RC4K1_1/1424.h5 in 10.65 seconds
2025-09-19 03:55:41,414 - INFO - File 20117: Filtered 9327000 hits and 7 records
2025-09-19 03:55:41,547 - INFO - Completed /viper/ptmp/arego/RC4K1_1/14228.h5 in 7.80 seconds
2025-09-19 03:55:41,635 - INFO - File 24407: Filtered 26112856 hits and 8 records
2025-09-19 03:55:41,763 - INFO - Processing /viper/ptmp/arego/RC4K1/17153.h5
2025-09-19 03:55:41,825 - INFO - Processing /viper/ptmp/arego/RC4K1/875.h5
2025-09-19 03:55:42,439 - INFO - Processing /viper/ptmp/arego/RC4K1/29788.h5
2025-09-19 03:55:43,333 - INFO - File 7888: Filtered 9287192 hits and 7 records
2025-09-19 03:55:43,382 - INFO - Completed /viper/ptmp/arego/RC4K1_1/9211.h5 in 10.85 seconds
2025-09-19 03:55:43,528 - INFO - File 837: Filtered 13858339 hits and 7 records
2025-09-19 03:55:43,875 - INFO - Processing /viper/ptmp/arego/RC4K1/2873.h5
2025-09-19 03:55:43,918 - INFO - Completed /viper/ptmp/arego/RC4K1_1/24407.h5 in 9.18 seconds
2025-09-19 03:55:44,129 - INFO - File 6435: Filtered 23093359 hits and 8 records
2025-09-19 03:55:44,443 - INFO - Processing /viper/ptmp/arego/RC4K1/1087.h5
2025-09-19 03:55:44,654 - INFO - Completed /viper/ptmp/arego/RC4K1_1/5076.h5 in 16.89 seconds
2025-09-19 03:55:45,317 - INFO - File 12001: Filtered 10928359 hits and 5 records
2025-09-19 03:55:45,371 - INFO - Processing /viper/ptmp/arego/RC4K1/2065.h5
2025-09-19 03:55:46,403 - INFO - Completed /viper/ptmp/arego/RC4K1_1/6435.h5 in 9.12 seconds
2025-09-19 03:55:46,709 - INFO - Processing /viper/ptmp/arego/RC4K1/6080.h5
2025-09-19 03:55:46,867 - INFO - Completed /viper/ptmp/arego/RC4K1_1/2496.h5 in 18.32 seconds
2025-09-19 03:55:47,158 - INFO - File 19197: Filtered 8989078 hits and 9 records
2025-09-19 03:55:47,255 - INFO - File 7932: Filtered 20148040 hits and 9 records
2025-09-19 03:55:47,621 - INFO - Processing /viper/ptmp/arego/RC4K1/8054.h5
2025-09-19 03:55:47,903 - INFO - Completed /viper/ptmp/arego/RC4K1_1/20117.h5 in 14.72 seconds
2025-09-19 03:55:48,125 - INFO - File 13736: Filtered 18537368 hits and 9 records
2025-09-19 03:55:48,518 - INFO - Completed /viper/ptmp/arego/RC4K1_1/837.h5 in 16.60 seconds
2025-09-19 03:55:48,758 - INFO - Processing /viper/ptmp/arego/RC4K1/17118.h5
2025-09-19 03:55:48,843 - INFO - Completed /viper/ptmp/arego/RC4K1_1/5607.h5 in 19.55 seconds
2025-09-19 03:55:48,986 - INFO - Processing /viper/ptmp/arego/RC4K1/3467.h5
2025-09-19 03:55:49,023 - INFO - File 17153: Filtered 14369741 hits and 9 records
2025-09-19 03:55:49,302 - INFO - File 875: Filtered 10054917 hits and 6 records
2025-09-19 03:55:50,381 - INFO - Processing /viper/ptmp/arego/RC4K1/23295.h5
2025-09-19 03:55:50,805 - INFO - File 29788: Filtered 17896282 hits and 8 records
2025-09-19 03:55:50,826 - INFO - File 2873: Filtered 17975361 hits and 7 records
2025-09-19 03:55:51,049 - INFO - Completed /viper/ptmp/arego/RC4K1_1/7932.h5 in 11.16 seconds
2025-09-19 03:55:51,502 - INFO - Processing /viper/ptmp/arego/RC4K1/26756.h5
2025-09-19 03:55:51,815 - INFO - Completed /viper/ptmp/arego/RC4K1_1/7888.h5 in 21.06 seconds
2025-09-19 03:55:52,074 - INFO - File 1087: Filtered 23929133 hits and 8 records
2025-09-19 03:55:52,138 - INFO - Completed /viper/ptmp/arego/RC4K1_1/12001.h5 in 17.43 seconds
2025-09-19 03:55:52,240 - INFO - Completed /viper/ptmp/arego/RC4K1_1/13736.h5 in 11.32 seconds
2025-09-19 03:55:52,646 - INFO - Processing /viper/ptmp/arego/RC4K1/25071.h5
2025-09-19 03:55:52,917 - INFO - Processing /viper/ptmp/arego/RC4K1/29702.h5
2025-09-19 03:55:53,438 - INFO - File 2065: Filtered 15325904 hits and 5 records
2025-09-19 03:55:54,135 - INFO - Processing /viper/ptmp/arego/RC4K1/26062.h5
2025-09-19 03:55:54,863 - INFO - Completed /viper/ptmp/arego/RC4K1_1/1087.h5 in 10.42 seconds
2025-09-19 03:55:54,909 - INFO - Completed /viper/ptmp/arego/RC4K1_1/17153.h5 in 13.15 seconds
2025-09-19 03:55:55,126 - INFO - File 6080: Filtered 16108584 hits and 8 records
2025-09-19 03:55:55,176 - INFO - Processing /viper/ptmp/arego/RC4K1/27859.h5
2025-09-19 03:55:55,540 - INFO - File 17118: Filtered 13609221 hits and 8 records
2025-09-19 03:55:55,787 - INFO - Completed /viper/ptmp/arego/RC4K1_1/29788.h5 in 13.35 seconds
2025-09-19 03:55:55,884 - INFO - Completed /viper/ptmp/arego/RC4K1_1/2873.h5 in 12.01 seconds
2025-09-19 03:55:56,144 - INFO - File 8054: Filtered 11264468 hits and 8 records
2025-09-19 03:55:56,151 - INFO - Processing /viper/ptmp/arego/RC4K1/3768.h5
2025-09-19 03:55:56,559 - INFO - Completed /viper/ptmp/arego/RC4K1_1/875.h5 in 14.73 seconds
2025-09-19 03:55:56,833 - INFO - Processing /viper/ptmp/arego/RC4K1/23040.h5
2025-09-19 03:55:57,356 - INFO - Processing /viper/ptmp/arego/RC4K1/630.h5
2025-09-19 03:55:57,512 - INFO - Processing /viper/ptmp/arego/RC4K1/11069.h5
2025-09-19 03:55:57,872 - INFO - File 3467: Filtered 16546914 hits and 10 records
2025-09-19 03:55:58,681 - INFO - File 26756: Filtered 11987760 hits and 5 records
2025-09-19 03:55:59,482 - INFO - File 25071: Filtered 19805118 hits and 11 records
2025-09-19 03:55:59,529 - INFO - Completed /viper/ptmp/arego/RC4K1_1/2065.h5 in 14.16 seconds
2025-09-19 03:55:59,664 - INFO - File 23295: Filtered 25424243 hits and 10 records
2025-09-19 03:56:00,478 - INFO - Processing /viper/ptmp/arego/RC4K1/18654.h5
2025-09-19 03:56:00,511 - INFO - Completed /viper/ptmp/arego/RC4K1_1/6080.h5 in 13.80 seconds
2025-09-19 03:56:00,983 - INFO - Processing /viper/ptmp/arego/RC4K1/18457.h5
2025-09-19 03:56:01,218 - INFO - Completed /viper/ptmp/arego/RC4K1_1/23295.h5 in 10.84 seconds
2025-09-19 03:56:01,383 - INFO - File 29702: Filtered 15216781 hits and 4 records
2025-09-19 03:56:01,597 - INFO - Completed /viper/ptmp/arego/RC4K1_1/17118.h5 in 12.84 seconds
2025-09-19 03:56:01,651 - INFO - Processing /viper/ptmp/arego/RC4K1/11906.h5
2025-09-19 03:56:02,191 - INFO - Processing /viper/ptmp/arego/RC4K1/3077.h5
2025-09-19 03:56:02,489 - INFO - File 26062: Filtered 9960933 hits and 5 records
2025-09-19 03:56:02,885 - INFO - Completed /viper/ptmp/arego/RC4K1_1/3467.h5 in 13.90 seconds
2025-09-19 03:56:02,918 - INFO - File 3768: Filtered 30479570 hits and 10 records
2025-09-19 03:56:02,970 - INFO - Completed /viper/ptmp/arego/RC4K1_1/8054.h5 in 15.35 seconds
2025-09-19 03:56:03,667 - INFO - Processing /viper/ptmp/arego/RC4K1/17661.h5
2025-09-19 03:56:03,709 - INFO - File 27859: Filtered 19936031 hits and 6 records
2025-09-19 03:56:03,982 - INFO - Completed /viper/ptmp/arego/RC4K1_1/25071.h5 in 11.34 seconds
2025-09-19 03:56:04,037 - INFO - Completed /viper/ptmp/arego/RC4K1_1/3768.h5 in 7.89 seconds
2025-09-19 03:56:04,301 - INFO - Processing /viper/ptmp/arego/RC4K1/23813.h5
2025-09-19 03:56:04,438 - INFO - Processing /viper/ptmp/arego/RC4K1/19986.h5
2025-09-19 03:56:04,904 - INFO - Processing /viper/ptmp/arego/RC4K1/1782.h5
2025-09-19 03:56:04,969 - INFO - File 11069: Filtered 12924981 hits and 9 records
2025-09-19 03:56:05,227 - INFO - Completed /viper/ptmp/arego/RC4K1_1/26756.h5 in 13.73 seconds
2025-09-19 03:56:05,542 - INFO - File 23040: Filtered 9374184 hits and 7 records
2025-09-19 03:56:05,874 - INFO - Processing /viper/ptmp/arego/RC4K1/4350.h5
2025-09-19 03:56:06,325 - INFO - File 630: Filtered 20098451 hits and 10 records
2025-09-19 03:56:06,522 - INFO - Completed /viper/ptmp/arego/RC4K1_1/29702.h5 in 13.60 seconds
2025-09-19 03:56:07,381 - INFO - Processing /viper/ptmp/arego/RC4K1/22446.h5
2025-09-19 03:56:08,679 - INFO - File 18654: Filtered 16670996 hits and 9 records
2025-09-19 03:56:08,877 - INFO - File 3077: Filtered 13352276 hits and 7 records
2025-09-19 03:56:08,958 - INFO - Completed /viper/ptmp/arego/RC4K1_1/27859.h5 in 13.78 seconds
2025-09-19 03:56:09,390 - INFO - Processing /viper/ptmp/arego/RC4K1/12093.h5
2025-09-19 03:56:09,544 - INFO - File 18457: Filtered 17652025 hits and 9 records
2025-09-19 03:56:09,830 - INFO - Completed /viper/ptmp/arego/RC4K1_1/26062.h5 in 15.69 seconds
2025-09-19 03:56:10,314 - INFO - File 11906: Filtered 16167887 hits and 10 records
2025-09-19 03:56:11,017 - INFO - Processing /viper/ptmp/arego/RC4K1/27744.h5
2025-09-19 03:56:11,527 - INFO - Completed /viper/ptmp/arego/RC4K1_1/11069.h5 in 14.01 seconds
2025-09-19 03:56:12,351 - INFO - File 17661: Filtered 23151560 hits and 13 records
2025-09-19 03:56:12,396 - INFO - File 23813: Filtered 24252264 hits and 8 records
2025-09-19 03:56:12,514 - INFO - Processing /viper/ptmp/arego/RC4K1/6878.h5
2025-09-19 03:56:12,993 - INFO - File 1782: Filtered 29141643 hits and 11 records
2025-09-19 03:56:13,103 - INFO - File 19986: Filtered 18299125 hits and 7 records
2025-09-19 03:56:13,188 - INFO - Completed /viper/ptmp/arego/RC4K1_1/630.h5 in 15.83 seconds
2025-09-19 03:56:13,689 - INFO - Processing /viper/ptmp/arego/RC4K1/3873.h5
2025-09-19 03:56:13,829 - INFO - Completed /viper/ptmp/arego/RC4K1_1/19197.h5 in 53.66 seconds
2025-09-19 03:56:14,315 - INFO - Completed /viper/ptmp/arego/RC4K1_1/18654.h5 in 13.84 seconds
2025-09-19 03:56:14,812 - INFO - Completed /viper/ptmp/arego/RC4K1_1/18457.h5 in 13.83 seconds
2025-09-19 03:56:14,865 - INFO - Completed /viper/ptmp/arego/RC4K1_1/1782.h5 in 9.96 seconds
2025-09-19 03:56:14,872 - INFO - Processing /viper/ptmp/arego/RC4K1/11553.h5
2025-09-19 03:56:14,931 - ERROR - Error processing /viper/ptmp/arego/RC4K1/17661.h5: low >= high
2025-09-19 03:56:15,121 - INFO - Processing /viper/ptmp/arego/RC4K1/20033.h5
2025-09-19 03:56:15,128 - INFO - File 22446: Filtered 24807261 hits and 8 records
2025-09-19 03:56:15,489 - INFO - Completed /viper/ptmp/arego/RC4K1_1/11906.h5 in 13.84 seconds
2025-09-19 03:56:15,615 - INFO - File 4350: Filtered 14586099 hits and 6 records
2025-09-19 03:56:15,622 - INFO - Completed /viper/ptmp/arego/RC4K1_1/23813.h5 in 11.32 seconds
2025-09-19 03:56:15,916 - INFO - Processing /viper/ptmp/arego/RC4K1/22631.h5
2025-09-19 03:56:16,036 - INFO - Completed /viper/ptmp/arego/RC4K1_1/3077.h5 in 13.84 seconds
2025-09-19 03:56:16,135 - INFO - Completed /viper/ptmp/arego/RC4K1_1/23040.h5 in 19.30 seconds
2025-09-19 03:56:16,174 - INFO - Processing /viper/ptmp/arego/RC4K1/19011.h5
2025-09-19 03:56:16,434 - INFO - Processing /viper/ptmp/arego/RC4K1/24525.h5
2025-09-19 03:56:17,054 - INFO - Processing /viper/ptmp/arego/RC4K1/28714.h5
2025-09-19 03:56:17,205 - INFO - Completed /viper/ptmp/arego/RC4K1_1/22446.h5 in 9.82 seconds
2025-09-19 03:56:17,271 - INFO - Completed /viper/ptmp/arego/RC4K1_1/19986.h5 in 12.83 seconds
2025-09-19 03:56:17,330 - INFO - Processing /viper/ptmp/arego/RC4K1/15591.h5
2025-09-19 03:56:17,668 - INFO - File 12093: Filtered 21322848 hits and 6 records
2025-09-19 03:56:18,013 - INFO - Processing /viper/ptmp/arego/RC4K1/22592.h5
2025-09-19 03:56:18,342 - INFO - Processing /viper/ptmp/arego/RC4K1/21269.h5
2025-09-19 03:56:18,627 - INFO - File 27744: Filtered 20243449 hits and 8 records
2025-09-19 03:56:18,628 - INFO - Processing /viper/ptmp/arego/RC4K1/20044.h5
2025-09-19 03:56:19,307 - INFO - Processing /viper/ptmp/arego/RC4K1/9567.h5
2025-09-19 03:56:20,771 - INFO - File 6878: Filtered 18088473 hits and 8 records
2025-09-19 03:56:22,377 - INFO - Completed /viper/ptmp/arego/RC4K1_1/12093.h5 in 12.99 seconds
2025-09-19 03:56:22,413 - INFO - File 20033: Filtered 20468597 hits and 6 records
2025-09-19 03:56:22,915 - INFO - Processing /viper/ptmp/arego/RC4K1/25885.h5
2025-09-19 03:56:23,234 - INFO - Completed /viper/ptmp/arego/RC4K1_1/4350.h5 in 17.36 seconds
2025-09-19 03:56:23,320 - INFO - File 3873: Filtered 18893715 hits and 8 records
2025-09-19 03:56:23,363 - INFO - Completed /viper/ptmp/arego/RC4K1_1/27744.h5 in 12.35 seconds
2025-09-19 03:56:24,112 - INFO - Processing /viper/ptmp/arego/RC4K1/15195.h5
2025-09-19 03:56:24,223 - INFO - File 11553: Filtered 24423303 hits and 8 records
2025-09-19 03:56:24,453 - INFO - Processing /viper/ptmp/arego/RC4K1/22952.h5
2025-09-19 03:56:25,341 - INFO - File 28714: Filtered 13670079 hits and 7 records
2025-09-19 03:56:25,742 - INFO - File 19011: Filtered 18203561 hits and 9 records
2025-09-19 03:56:25,966 - INFO - File 22592: Filtered 17671119 hits and 8 records
2025-09-19 03:56:26,189 - INFO - File 22631: Filtered 18969423 hits and 9 records
2025-09-19 03:56:27,487 - INFO - File 24525: Filtered 13522361 hits and 6 records
2025-09-19 03:56:27,552 - INFO - Completed /viper/ptmp/arego/RC4K1_1/6878.h5 in 15.04 seconds
2025-09-19 03:56:27,937 - INFO - Completed /viper/ptmp/arego/RC4K1_1/20033.h5 in 12.82 seconds
2025-09-19 03:56:28,135 - INFO - Completed /viper/ptmp/arego/RC4K1_1/11553.h5 in 13.26 seconds
2025-09-19 03:56:28,169 - INFO - File 20044: Filtered 24775020 hits and 8 records
2025-09-19 03:56:28,388 - INFO - Processing /viper/ptmp/arego/RC4K1/9154.h5
2025-09-19 03:56:28,624 - INFO - Processing /viper/ptmp/arego/RC4K1/14371.h5
2025-09-19 03:56:28,739 - INFO - File 15591: Filtered 20782909 hits and 9 records
2025-09-19 03:56:29,784 - INFO - File 21269: Filtered 16646046 hits and 8 records
2025-09-19 03:56:29,869 - INFO - Processing /viper/ptmp/arego/RC4K1/26085.h5
2025-09-19 03:56:31,111 - INFO - File 9567: Filtered 9357628 hits and 6 records
2025-09-19 03:56:31,504 - INFO - Completed /viper/ptmp/arego/RC4K1_1/22592.h5 in 13.49 seconds
2025-09-19 03:56:31,766 - INFO - Completed /viper/ptmp/arego/RC4K1_1/22631.h5 in 15.85 seconds
2025-09-19 03:56:32,022 - INFO - Processing /viper/ptmp/arego/RC4K1/4525.h5
2025-09-19 03:56:32,148 - INFO - Completed /viper/ptmp/arego/RC4K1_1/28714.h5 in 15.09 seconds
2025-09-19 03:56:32,253 - INFO - Completed /viper/ptmp/arego/RC4K1_1/20044.h5 in 13.62 seconds
2025-09-19 03:56:32,256 - INFO - File 15195: Filtered 21806076 hits and 7 records
2025-09-19 03:56:32,262 - INFO - Completed /viper/ptmp/arego/RC4K1_1/19011.h5 in 16.09 seconds
2025-09-19 03:56:32,381 - INFO - File 25885: Filtered 13984340 hits and 6 records
2025-09-19 03:56:32,439 - INFO - Processing /viper/ptmp/arego/RC4K1/28132.h5
2025-09-19 03:56:32,622 - INFO - Completed /viper/ptmp/arego/RC4K1_1/3873.h5 in 18.93 seconds
2025-09-19 03:56:32,694 - INFO - Processing /viper/ptmp/arego/RC4K1/9478.h5
2025-09-19 03:56:33,050 - INFO - Completed /viper/ptmp/arego/RC4K1_1/15591.h5 in 15.72 seconds
2025-09-19 03:56:33,410 - INFO - Processing /viper/ptmp/arego/RC4K1/7987.h5
2025-09-19 03:56:33,532 - INFO - Processing /viper/ptmp/arego/RC4K1/1753.h5
2025-09-19 03:56:33,772 - INFO - File 22952: Filtered 18012241 hits and 6 records
2025-09-19 03:56:34,034 - INFO - Processing /viper/ptmp/arego/RC4K1/15498.h5
2025-09-19 03:56:34,546 - INFO - Processing /viper/ptmp/arego/RC4K1/563.h5
2025-09-19 03:56:34,554 - INFO - Completed /viper/ptmp/arego/RC4K1_1/24525.h5 in 18.12 seconds
2025-09-19 03:56:35,398 - INFO - Processing /viper/ptmp/arego/RC4K1/20367.h5
2025-09-19 03:56:35,551 - INFO - File 9154: Filtered 14662424 hits and 8 records
2025-09-19 03:56:35,732 - INFO - Completed /viper/ptmp/arego/RC4K1_1/21269.h5 in 17.39 seconds
2025-09-19 03:56:36,446 - INFO - Processing /viper/ptmp/arego/RC4K1/17905.h5
2025-09-19 03:56:37,121 - INFO - File 14371: Filtered 17753103 hits and 9 records
2025-09-19 03:56:37,576 - INFO - Completed /viper/ptmp/arego/RC4K1_1/15195.h5 in 13.46 seconds
2025-09-19 03:56:38,140 - INFO - Processing /viper/ptmp/arego/RC4K1/6466.h5
2025-09-19 03:56:39,240 - INFO - Completed /viper/ptmp/arego/RC4K1_1/9567.h5 in 19.93 seconds
2025-09-19 03:56:39,342 - INFO - File 26085: Filtered 14115237 hits and 8 records
2025-09-19 03:56:39,391 - INFO - Completed /viper/ptmp/arego/RC4K1_1/22952.h5 in 14.94 seconds
2025-09-19 03:56:39,718 - INFO - File 4525: Filtered 30738400 hits and 10 records
2025-09-19 03:56:40,471 - INFO - Processing /viper/ptmp/arego/RC4K1/29141.h5
2025-09-19 03:56:40,550 - INFO - Completed /viper/ptmp/arego/RC4K1_1/25885.h5 in 17.63 seconds
2025-09-19 03:56:41,280 - INFO - Processing /viper/ptmp/arego/RC4K1/5463.h5
2025-09-19 03:56:41,566 - INFO - File 7987: Filtered 21866747 hits and 9 records
2025-09-19 03:56:41,661 - INFO - Processing /viper/ptmp/arego/RC4K1/20204.h5
2025-09-19 03:56:42,284 - INFO - Completed /viper/ptmp/arego/RC4K1_1/4525.h5 in 10.26 seconds
2025-09-19 03:56:42,341 - INFO - Completed /viper/ptmp/arego/RC4K1_1/9154.h5 in 13.95 seconds
2025-09-19 03:56:42,612 - INFO - Processing /viper/ptmp/arego/RC4K1/7229.h5
2025-09-19 03:56:43,034 - INFO - File 28132: Filtered 9424884 hits and 8 records
2025-09-19 03:56:43,129 - INFO - Processing /viper/ptmp/arego/RC4K1/18498.h5
2025-09-19 03:56:43,295 - INFO - Completed /viper/ptmp/arego/RC4K1_1/14371.h5 in 14.67 seconds
2025-09-19 03:56:44,280 - INFO - Processing /viper/ptmp/arego/RC4K1/16750.h5
2025-09-19 03:56:44,578 - INFO - File 1753: Filtered 20819797 hits and 9 records
2025-09-19 03:56:44,841 - INFO - File 9478: Filtered 25713431 hits and 9 records
2025-09-19 03:56:45,652 - INFO - File 15498: Filtered 15386233 hits and 10 records
2025-09-19 03:56:46,336 - INFO - File 20367: Filtered 28336947 hits and 9 records
2025-09-19 03:56:46,972 - INFO - Completed /viper/ptmp/arego/RC4K1_1/7987.h5 in 13.56 seconds
2025-09-19 03:56:47,396 - INFO - Completed /viper/ptmp/arego/RC4K1_1/26085.h5 in 17.53 seconds
2025-09-19 03:56:47,494 - INFO - Processing /viper/ptmp/arego/RC4K1/11380.h5
2025-09-19 03:56:47,666 - INFO - File 17905: Filtered 15985234 hits and 7 records
2025-09-19 03:56:48,329 - INFO - Processing /viper/ptmp/arego/RC4K1/8085.h5
2025-09-19 03:56:48,713 - INFO - File 563: Filtered 12783127 hits and 5 records
2025-09-19 03:56:49,375 - INFO - File 6466: Filtered 11487523 hits and 10 records
2025-09-19 03:56:49,378 - INFO - Completed /viper/ptmp/arego/RC4K1_1/20367.h5 in 13.98 seconds
2025-09-19 03:56:49,829 - INFO - Completed /viper/ptmp/arego/RC4K1_1/1753.h5 in 16.30 seconds
2025-09-19 03:56:50,226 - INFO - Processing /viper/ptmp/arego/RC4K1/19211.h5
2025-09-19 03:56:51,304 - INFO - Processing /viper/ptmp/arego/RC4K1/24940.h5
2025-09-19 03:56:51,361 - INFO - Completed /viper/ptmp/arego/RC4K1_1/9478.h5 in 18.67 seconds
2025-09-19 03:56:51,456 - INFO - File 5463: Filtered 27650612 hits and 12 records
2025-09-19 03:56:51,784 - INFO - Processing /viper/ptmp/arego/RC4K1/29610.h5
2025-09-19 03:56:51,813 - INFO - File 7229: Filtered 22946332 hits and 9 records
2025-09-19 03:56:51,957 - INFO - File 29141: Filtered 11716829 hits and 6 records
2025-09-19 03:56:52,495 - INFO - Completed /viper/ptmp/arego/RC4K1_1/28132.h5 in 20.06 seconds
2025-09-19 03:56:52,646 - INFO - File 18498: Filtered 12150258 hits and 7 records
2025-09-19 03:56:52,746 - INFO - File 20204: Filtered 8707355 hits and 6 records
2025-09-19 03:56:53,551 - INFO - Processing /viper/ptmp/arego/RC4K1/24233.h5
2025-09-19 03:56:54,969 - INFO - Completed /viper/ptmp/arego/RC4K1_1/15498.h5 in 20.93 seconds
2025-09-19 03:56:55,027 - INFO - File 16750: Filtered 16239634 hits and 9 records
2025-09-19 03:56:55,595 - INFO - Processing /viper/ptmp/arego/RC4K1/27368.h5
2025-09-19 03:56:55,713 - INFO - Completed /viper/ptmp/arego/RC4K1_1/17905.h5 in 19.27 seconds
2025-09-19 03:56:55,847 - INFO - Completed /viper/ptmp/arego/RC4K1_1/5463.h5 in 14.57 seconds
2025-09-19 03:56:56,259 - INFO - Processing /viper/ptmp/arego/RC4K1/26113.h5
2025-09-19 03:56:56,856 - INFO - File 11380: Filtered 13454332 hits and 6 records
2025-09-19 03:56:57,076 - INFO - Processing /viper/ptmp/arego/RC4K1/20237.h5
2025-09-19 03:56:57,637 - INFO - Completed /viper/ptmp/arego/RC4K1_1/7229.h5 in 15.02 seconds
2025-09-19 03:56:58,261 - INFO - Processing /viper/ptmp/arego/RC4K1/11234.h5
2025-09-19 03:56:58,400 - INFO - Completed /viper/ptmp/arego/RC4K1_1/563.h5 in 23.85 seconds
2025-09-19 03:56:59,238 - INFO - Processing /viper/ptmp/arego/RC4K1/24333.h5
2025-09-19 03:57:00,042 - INFO - File 8085: Filtered 14446200 hits and 11 records
2025-09-19 03:57:01,000 - INFO - Completed /viper/ptmp/arego/RC4K1_1/6466.h5 in 22.86 seconds
2025-09-19 03:57:01,565 - INFO - Completed /viper/ptmp/arego/RC4K1_1/29141.h5 in 21.09 seconds
2025-09-19 03:57:01,875 - INFO - Completed /viper/ptmp/arego/RC4K1_1/18498.h5 in 18.75 seconds
2025-09-19 03:57:02,220 - INFO - Processing /viper/ptmp/arego/RC4K1/8663.h5
2025-09-19 03:57:02,273 - INFO - File 19211: Filtered 13311158 hits and 6 records
2025-09-19 03:57:02,708 - INFO - Processing /viper/ptmp/arego/RC4K1/7605.h5
2025-09-19 03:57:02,830 - INFO - File 29610: Filtered 18711068 hits and 6 records
2025-09-19 03:57:02,875 - INFO - Processing /viper/ptmp/arego/RC4K1/18424.h5
2025-09-19 03:57:03,761 - INFO - File 24940: Filtered 7927271 hits and 6 records
2025-09-19 03:57:03,889 - INFO - Completed /viper/ptmp/arego/RC4K1_1/20204.h5 in 22.23 seconds
2025-09-19 03:57:05,111 - INFO - Completed /viper/ptmp/arego/RC4K1_1/11380.h5 in 17.62 seconds
2025-09-19 03:57:05,158 - INFO - Completed /viper/ptmp/arego/RC4K1_1/16750.h5 in 20.88 seconds
2025-09-19 03:57:05,237 - INFO - Processing /viper/ptmp/arego/RC4K1/20268.h5
2025-09-19 03:57:05,981 - INFO - Processing /viper/ptmp/arego/RC4K1/21902.h5
2025-09-19 03:57:06,025 - INFO - File 24233: Filtered 15728559 hits and 7 records
2025-09-19 03:57:06,726 - INFO - Processing /viper/ptmp/arego/RC4K1/9270.h5
2025-09-19 03:57:06,985 - INFO - File 27368: Filtered 28073805 hits and 8 records
2025-09-19 03:57:07,246 - INFO - File 11234: Filtered 21721727 hits and 7 records
2025-09-19 03:57:07,942 - INFO - File 26113: Filtered 29539448 hits and 8 records
2025-09-19 03:57:08,046 - INFO - File 20237: Filtered 22845122 hits and 10 records
2025-09-19 03:57:09,534 - INFO - Completed /viper/ptmp/arego/RC4K1_1/8085.h5 in 21.20 seconds
2025-09-19 03:57:10,335 - INFO - Processing /viper/ptmp/arego/RC4K1/2226.h5
2025-09-19 03:57:10,503 - INFO - File 24333: Filtered 13695801 hits and 3 records
2025-09-19 03:57:11,430 - INFO - Completed /viper/ptmp/arego/RC4K1_1/29610.h5 in 19.65 seconds
2025-09-19 03:57:11,551 - INFO - Completed /viper/ptmp/arego/RC4K1_1/19211.h5 in 21.32 seconds
2025-09-19 03:57:12,528 - INFO - Processing /viper/ptmp/arego/RC4K1/20807.h5
2025-09-19 03:57:12,617 - INFO - Completed /viper/ptmp/arego/RC4K1_1/27368.h5 in 17.02 seconds
2025-09-19 03:57:12,717 - INFO - Processing /viper/ptmp/arego/RC4K1/27863.h5
2025-09-19 03:57:12,802 - INFO - File 7605: Filtered 8083905 hits and 6 records
2025-09-19 03:57:13,043 - INFO - Completed /viper/ptmp/arego/RC4K1_1/20237.h5 in 15.97 seconds
2025-09-19 03:57:13,066 - INFO - Completed /viper/ptmp/arego/RC4K1_1/24233.h5 in 19.51 seconds
2025-09-19 03:57:13,115 - INFO - Completed /viper/ptmp/arego/RC4K1_1/26113.h5 in 16.86 seconds
2025-09-19 03:57:13,142 - INFO - File 18424: Filtered 27249842 hits and 11 records
2025-09-19 03:57:13,154 - INFO - Processing /viper/ptmp/arego/RC4K1/4902.h5
2025-09-19 03:57:13,697 - INFO - Processing /viper/ptmp/arego/RC4K1/28296.h5
2025-09-19 03:57:14,076 - INFO - Processing /viper/ptmp/arego/RC4K1/3955.h5
2025-09-19 03:57:14,197 - INFO - Completed /viper/ptmp/arego/RC4K1_1/11234.h5 in 15.94 seconds
2025-09-19 03:57:14,231 - INFO - File 8663: Filtered 471696 hits and 6 records
2025-09-19 03:57:14,387 - INFO - Completed /viper/ptmp/arego/RC4K1_1/24940.h5 in 23.08 seconds
2025-09-19 03:57:15,132 - INFO - Processing /viper/ptmp/arego/RC4K1/7795.h5
2025-09-19 03:57:15,152 - INFO - Processing /viper/ptmp/arego/RC4K1/23330.h5
2025-09-19 03:57:15,556 - INFO - File 20268: Filtered 18859503 hits and 8 records
2025-09-19 03:57:16,005 - INFO - Processing /viper/ptmp/arego/RC4K1/2839.h5
2025-09-19 03:57:17,493 - INFO - File 9270: Filtered 21175046 hits and 9 records
2025-09-19 03:57:17,493 - INFO - File 21902: Filtered 20020262 hits and 8 records
2025-09-19 03:57:19,300 - INFO - Completed /viper/ptmp/arego/RC4K1_1/18424.h5 in 16.42 seconds
2025-09-19 03:57:19,384 - INFO - Completed /viper/ptmp/arego/RC4K1_1/24333.h5 in 20.15 seconds
2025-09-19 03:57:19,926 - INFO - Processing /viper/ptmp/arego/RC4K1/17085.h5
2025-09-19 03:57:20,629 - INFO - File 2226: Filtered 22077640 hits and 9 records
2025-09-19 03:57:21,054 - INFO - Processing /viper/ptmp/arego/RC4K1/16353.h5
2025-09-19 03:57:22,078 - INFO - File 20807: Filtered 24345479 hits and 10 records
2025-09-19 03:57:22,916 - INFO - Completed /viper/ptmp/arego/RC4K1_1/20268.h5 in 17.68 seconds
2025-09-19 03:57:23,985 - INFO - Completed /viper/ptmp/arego/RC4K1_1/9270.h5 in 17.26 seconds
2025-09-19 03:57:24,062 - INFO - Completed /viper/ptmp/arego/RC4K1_1/7605.h5 in 21.35 seconds
2025-09-19 03:57:24,256 - INFO - Processing /viper/ptmp/arego/RC4K1/18156.h5
2025-09-19 03:57:24,964 - INFO - File 7795: Filtered 17677509 hits and 4 records
2025-09-19 03:57:25,277 - INFO - File 27863: Filtered 25198776 hits and 9 records
2025-09-19 03:57:25,312 - INFO - Completed /viper/ptmp/arego/RC4K1_1/21902.h5 in 19.33 seconds
2025-09-19 03:57:25,633 - INFO - File 4902: Filtered 17321240 hits and 7 records
2025-09-19 03:57:25,719 - INFO - Processing /viper/ptmp/arego/RC4K1/9504.h5
2025-09-19 03:57:26,053 - INFO - File 28296: Filtered 21476307 hits and 8 records
2025-09-19 03:57:26,057 - INFO - Processing /viper/ptmp/arego/RC4K1/14637.h5
2025-09-19 03:57:26,708 - INFO - File 3955: Filtered 27594099 hits and 11 records
2025-09-19 03:57:26,754 - INFO - Processing /viper/ptmp/arego/RC4K1/1599.h5
2025-09-19 03:57:27,530 - INFO - Completed /viper/ptmp/arego/RC4K1_1/2226.h5 in 17.20 seconds
2025-09-19 03:57:27,921 - INFO - File 23330: Filtered 16690013 hits and 8 records
2025-09-19 03:57:28,203 - INFO - File 2839: Filtered 16443160 hits and 6 records
2025-09-19 03:57:28,231 - INFO - Processing /viper/ptmp/arego/RC4K1/8498.h5
2025-09-19 03:57:29,902 - INFO - File 17085: Filtered 11987618 hits and 7 records
2025-09-19 03:57:29,961 - INFO - Completed /viper/ptmp/arego/RC4K1_1/20807.h5 in 17.43 seconds
2025-09-19 03:57:30,466 - INFO - Completed /viper/ptmp/arego/RC4K1_1/27863.h5 in 17.75 seconds
2025-09-19 03:57:30,904 - INFO - Processing /viper/ptmp/arego/RC4K1/4724.h5
2025-09-19 03:57:31,073 - INFO - Completed /viper/ptmp/arego/RC4K1_1/3955.h5 in 17.00 seconds
2025-09-19 03:57:31,217 - INFO - Processing /viper/ptmp/arego/RC4K1/8959.h5
2025-09-19 03:57:31,263 - INFO - File 16353: Filtered 24891009 hits and 7 records
2025-09-19 03:57:31,965 - INFO - Completed /viper/ptmp/arego/RC4K1_1/8663.h5 in 29.74 seconds
2025-09-19 03:57:32,385 - INFO - Processing /viper/ptmp/arego/RC4K1/12495.h5
2025-09-19 03:57:33,357 - INFO - Processing /viper/ptmp/arego/RC4K1/16023.h5
2025-09-19 03:57:33,680 - INFO - Completed /viper/ptmp/arego/RC4K1_1/7795.h5 in 18.55 seconds
2025-09-19 03:57:34,469 - INFO - Completed /viper/ptmp/arego/RC4K1_1/28296.h5 in 20.77 seconds
2025-09-19 03:57:34,611 - INFO - Processing /viper/ptmp/arego/RC4K1/23875.h5
2025-09-19 03:57:35,062 - INFO - Completed /viper/ptmp/arego/RC4K1_1/4902.h5 in 21.91 seconds
2025-09-19 03:57:35,272 - INFO - Processing /viper/ptmp/arego/RC4K1/22989.h5
2025-09-19 03:57:35,495 - INFO - File 18156: Filtered 25827562 hits and 10 records
2025-09-19 03:57:36,068 - INFO - Processing /viper/ptmp/arego/RC4K1/27916.h5
2025-09-19 03:57:36,081 - INFO - File 14637: Filtered 21694255 hits and 7 records
2025-09-19 03:57:36,115 - INFO - Completed /viper/ptmp/arego/RC4K1_1/23330.h5 in 20.96 seconds
2025-09-19 03:57:36,688 - INFO - Completed /viper/ptmp/arego/RC4K1_1/2839.h5 in 20.68 seconds
2025-09-19 03:57:37,373 - INFO - Processing /viper/ptmp/arego/RC4K1/16359.h5
2025-09-19 03:57:37,615 - INFO - File 9504: Filtered 12453607 hits and 6 records
2025-09-19 03:57:38,641 - INFO - Processing /viper/ptmp/arego/RC4K1/20462.h5
2025-09-19 03:57:38,728 - INFO - File 1599: Filtered 25288284 hits and 9 records
2025-09-19 03:57:39,703 - INFO - Completed /viper/ptmp/arego/RC4K1_1/16353.h5 in 18.65 seconds
2025-09-19 03:57:40,388 - INFO - Processing /viper/ptmp/arego/RC4K1/18928.h5
2025-09-19 03:57:40,679 - INFO - File 4724: Filtered 25850076 hits and 7 records
2025-09-19 03:57:41,377 - INFO - File 8498: Filtered 10991432 hits and 5 records
2025-09-19 03:57:41,701 - INFO - Completed /viper/ptmp/arego/RC4K1_1/18156.h5 in 17.45 seconds
2025-09-19 03:57:41,786 - INFO - Completed /viper/ptmp/arego/RC4K1_1/17085.h5 in 21.86 seconds
2025-09-19 03:57:42,557 - INFO - Processing /viper/ptmp/arego/RC4K1/4070.h5
2025-09-19 03:57:43,236 - INFO - Processing /viper/ptmp/arego/RC4K1/4207.h5
2025-09-19 03:57:44,254 - INFO - Completed /viper/ptmp/arego/RC4K1_1/14637.h5 in 18.20 seconds
2025-09-19 03:57:44,725 - INFO - File 23875: Filtered 29805219 hits and 9 records
2025-09-19 03:57:44,778 - ERROR - Error processing /viper/ptmp/arego/RC4K1/1599.h5: low >= high
2025-09-19 03:57:44,933 - INFO - File 8959: Filtered 9056296 hits and 3 records
2025-09-19 03:57:45,040 - INFO - Processing /viper/ptmp/arego/RC4K1/29084.h5
2025-09-19 03:57:45,722 - INFO - File 16023: Filtered 44275167 hits and 10 records
2025-09-19 03:57:45,754 - INFO - File 12495: Filtered 18749944 hits and 8 records
2025-09-19 03:57:45,759 - INFO - Processing /viper/ptmp/arego/RC4K1/24713.h5
2025-09-19 03:57:48,189 - INFO - Completed /viper/ptmp/arego/RC4K1_1/4724.h5 in 17.29 seconds
2025-09-19 03:57:48,200 - INFO - Completed /viper/ptmp/arego/RC4K1_1/16023.h5 in 14.84 seconds
2025-09-19 03:57:48,510 - INFO - Processing /viper/ptmp/arego/RC4K1/12487.h5
2025-09-19 03:57:48,897 - INFO - File 22989: Filtered 12761139 hits and 5 records
2025-09-19 03:57:49,036 - INFO - Completed /viper/ptmp/arego/RC4K1_1/9504.h5 in 23.32 seconds
2025-09-19 03:57:49,386 - INFO - Processing /viper/ptmp/arego/RC4K1/27097.h5
2025-09-19 03:57:49,523 - INFO - File 27916: Filtered 21375165 hits and 4 records
2025-09-19 03:57:50,514 - INFO - Completed /viper/ptmp/arego/RC4K1_1/23875.h5 in 15.90 seconds
2025-09-19 03:57:50,662 - INFO - Processing /viper/ptmp/arego/RC4K1/23464.h5
2025-09-19 03:57:51,179 - INFO - Processing /viper/ptmp/arego/RC4K1/24379.h5
2025-09-19 03:57:52,621 - INFO - File 20462: Filtered 23990412 hits and 10 records
2025-09-19 03:57:53,130 - INFO - Completed /viper/ptmp/arego/RC4K1_1/8498.h5 in 24.90 seconds
2025-09-19 03:57:53,889 - INFO - File 18928: Filtered 35120556 hits and 11 records
2025-09-19 03:57:54,094 - INFO - File 4207: Filtered 31623798 hits and 10 records
2025-09-19 03:57:54,307 - INFO - File 16359: Filtered 5216212 hits and 6 records
2025-09-19 03:57:54,832 - INFO - Processing /viper/ptmp/arego/RC4K1/2343.h5
2025-09-19 03:57:55,340 - INFO - File 4070: Filtered 23000015 hits and 9 records
2025-09-19 03:57:55,863 - INFO - Completed /viper/ptmp/arego/RC4K1_1/12495.h5 in 23.48 seconds
2025-09-19 03:57:56,333 - INFO - File 29084: Filtered 22259911 hits and 6 records
2025-09-19 03:57:57,169 - INFO - Processing /viper/ptmp/arego/RC4K1/9407.h5
2025-09-19 03:57:57,872 - INFO - File 24713: Filtered 41073523 hits and 11 records
2025-09-19 03:57:58,245 - INFO - Completed /viper/ptmp/arego/RC4K1_1/8959.h5 in 27.03 seconds
2025-09-19 03:57:58,333 - INFO - Completed /viper/ptmp/arego/RC4K1_1/24713.h5 in 12.57 seconds
2025-09-19 03:57:58,521 - INFO - Processing /viper/ptmp/arego/RC4K1/25793.h5
2025-09-19 03:57:59,119 - INFO - Completed /viper/ptmp/arego/RC4K1_1/18928.h5 in 18.73 seconds
2025-09-19 03:57:59,235 - INFO - Processing /viper/ptmp/arego/RC4K1/64.h5
2025-09-19 03:57:59,537 - INFO - Completed /viper/ptmp/arego/RC4K1_1/20462.h5 in 20.90 seconds
2025-09-19 03:57:59,781 - INFO - Processing /viper/ptmp/arego/RC4K1/8535.h5
2025-09-19 03:58:00,101 - INFO - Processing /viper/ptmp/arego/RC4K1/26329.h5
2025-09-19 03:58:00,401 - INFO - Completed /viper/ptmp/arego/RC4K1_1/4207.h5 in 17.17 seconds
2025-09-19 03:58:00,829 - INFO - Completed /viper/ptmp/arego/RC4K1_1/27916.h5 in 24.76 seconds
2025-09-19 03:58:00,959 - INFO - File 27097: Filtered 28107421 hits and 6 records
2025-09-19 03:58:01,055 - INFO - Processing /viper/ptmp/arego/RC4K1/23228.h5
2025-09-19 03:58:01,663 - INFO - Completed /viper/ptmp/arego/RC4K1_1/22989.h5 in 26.39 seconds
2025-09-19 03:58:01,807 - INFO - Completed /viper/ptmp/arego/RC4K1_1/4070.h5 in 19.25 seconds
2025-09-19 03:58:02,106 - INFO - Processing /viper/ptmp/arego/RC4K1/2773.h5
2025-09-19 03:58:02,825 - INFO - Processing /viper/ptmp/arego/RC4K1/8702.h5
2025-09-19 03:58:02,913 - INFO - Processing /viper/ptmp/arego/RC4K1/23349.h5
2025-09-19 03:58:03,067 - INFO - File 24379: Filtered 11498801 hits and 8 records
2025-09-19 03:58:05,722 - INFO - Completed /viper/ptmp/arego/RC4K1_1/29084.h5 in 20.68 seconds
2025-09-19 03:58:06,513 - INFO - Processing /viper/ptmp/arego/RC4K1/28971.h5
2025-09-19 03:58:08,416 - INFO - File 2343: Filtered 15834508 hits and 7 records
2025-09-19 03:58:08,691 - INFO - Completed /viper/ptmp/arego/RC4K1_1/27097.h5 in 19.31 seconds
2025-09-19 03:58:09,381 - INFO - Processing /viper/ptmp/arego/RC4K1/28442.h5
2025-09-19 03:58:11,633 - INFO - File 23228: Filtered 26857723 hits and 6 records
2025-09-19 03:58:12,678 - INFO - File 9407: Filtered 17346018 hits and 7 records
2025-09-19 03:58:12,907 - INFO - Completed /viper/ptmp/arego/RC4K1_1/16359.h5 in 35.53 seconds
2025-09-19 03:58:13,943 - INFO - File 25793: Filtered 13853610 hits and 5 records
2025-09-19 03:58:14,246 - INFO - File 8535: Filtered 33929264 hits and 11 records
2025-09-19 03:58:14,752 - INFO - Completed /viper/ptmp/arego/RC4K1_1/24379.h5 in 23.57 seconds
2025-09-19 03:58:14,938 - INFO - File 64: Filtered 30718342 hits and 9 records
2025-09-19 03:58:15,887 - INFO - Processing /viper/ptmp/arego/RC4K1/3948.h5
2025-09-19 03:58:16,008 - INFO - Processing /viper/ptmp/arego/RC4K1/7579.h5
2025-09-19 03:58:16,433 - INFO - File 26329: Filtered 23477835 hits and 7 records
2025-09-19 03:58:17,142 - INFO - File 2773: Filtered 31055095 hits and 8 records
2025-09-19 03:58:17,425 - INFO - File 23464: Filtered 18274374 hits and 5 records
2025-09-19 03:58:18,067 - INFO - File 28971: Filtered 30925098 hits and 11 records
2025-09-19 03:58:18,189 - INFO - File 8702: Filtered 25134088 hits and 6 records
2025-09-19 03:58:18,631 - INFO - File 23349: Filtered 15592014 hits and 6 records
2025-09-19 03:58:19,726 - INFO - Completed /viper/ptmp/arego/RC4K1_1/23228.h5 in 18.67 seconds
2025-09-19 03:58:20,469 - INFO - Completed /viper/ptmp/arego/RC4K1_1/64.h5 in 21.23 seconds
2025-09-19 03:58:20,555 - INFO - Processing /viper/ptmp/arego/RC4K1/12688.h5
2025-09-19 03:58:20,635 - INFO - Completed /viper/ptmp/arego/RC4K1_1/2343.h5 in 25.80 seconds
2025-09-19 03:58:20,712 - INFO - File 28442: Filtered 35212545 hits and 11 records
2025-09-19 03:58:20,968 - INFO - Processing /viper/ptmp/arego/RC4K1/89.h5
2025-09-19 03:58:21,565 - INFO - Completed /viper/ptmp/arego/RC4K1_1/8535.h5 in 21.78 seconds
2025-09-19 03:58:21,815 - INFO - Processing /viper/ptmp/arego/RC4K1/4690.h5
2025-09-19 03:58:22,183 - INFO - Processing /viper/ptmp/arego/RC4K1/29492.h5
2025-09-19 03:58:23,406 - INFO - Completed /viper/ptmp/arego/RC4K1_1/9407.h5 in 26.24 seconds
2025-09-19 03:58:23,736 - INFO - Completed /viper/ptmp/arego/RC4K1_1/26329.h5 in 23.64 seconds
2025-09-19 03:58:23,965 - INFO - Completed /viper/ptmp/arego/RC4K1_1/8702.h5 in 21.14 seconds
2025-09-19 03:58:24,322 - INFO - Processing /viper/ptmp/arego/RC4K1/22195.h5
2025-09-19 03:58:25,078 - INFO - Processing /viper/ptmp/arego/RC4K1/2301.h5
2025-09-19 03:58:25,114 - INFO - Completed /viper/ptmp/arego/RC4K1_1/25793.h5 in 26.59 seconds
2025-09-19 03:58:25,370 - INFO - Completed /viper/ptmp/arego/RC4K1_1/28971.h5 in 18.86 seconds
2025-09-19 03:58:25,786 - INFO - Processing /viper/ptmp/arego/RC4K1/14235.h5
2025-09-19 03:58:26,077 - INFO - File 7579: Filtered 12807193 hits and 5 records
2025-09-19 03:58:26,157 - INFO - Completed /viper/ptmp/arego/RC4K1_1/2773.h5 in 24.05 seconds
2025-09-19 03:58:26,182 - INFO - Processing /viper/ptmp/arego/RC4K1/24272.h5
2025-09-19 03:58:26,444 - INFO - Completed /viper/ptmp/arego/RC4K1_1/28442.h5 in 17.06 seconds
2025-09-19 03:58:26,558 - INFO - Processing /viper/ptmp/arego/RC4K1/3681.h5
2025-09-19 03:58:26,878 - INFO - Processing /viper/ptmp/arego/RC4K1/25025.h5
2025-09-19 03:58:27,500 - INFO - Processing /viper/ptmp/arego/RC4K1/11863.h5
2025-09-19 03:58:27,525 - INFO - File 3948: Filtered 26568546 hits and 7 records
2025-09-19 03:58:32,199 - INFO - File 12688: Filtered 31216860 hits and 7 records
2025-09-19 03:58:33,015 - INFO - Completed /viper/ptmp/arego/RC4K1_1/23349.h5 in 30.10 seconds
2025-09-19 03:58:33,343 - INFO - File 89: Filtered 16116309 hits and 7 records
2025-09-19 03:58:33,991 - INFO - Processing /viper/ptmp/arego/RC4K1/4816.h5
2025-09-19 03:58:35,220 - INFO - File 4690: Filtered 18788676 hits and 9 records
2025-09-19 03:58:36,744 - INFO - Completed /viper/ptmp/arego/RC4K1_1/3948.h5 in 20.86 seconds
2025-09-19 03:58:37,414 - INFO - Completed /viper/ptmp/arego/RC4K1_1/23464.h5 in 46.75 seconds
2025-09-19 03:58:37,617 - INFO - File 29492: Filtered 31450986 hits and 7 records
2025-09-19 03:58:37,712 - INFO - Processing /viper/ptmp/arego/RC4K1/19194.h5
2025-09-19 03:58:38,293 - INFO - Completed /viper/ptmp/arego/RC4K1_1/7579.h5 in 22.28 seconds
2025-09-19 03:58:39,572 - INFO - File 22195: Filtered 28192937 hits and 10 records
2025-09-19 03:58:39,706 - INFO - File 24272: Filtered 25554724 hits and 8 records
2025-09-19 03:58:39,958 - INFO - Processing /viper/ptmp/arego/RC4K1/24483.h5
2025-09-19 03:58:40,016 - INFO - Completed /viper/ptmp/arego/RC4K1_1/12688.h5 in 19.46 seconds
2025-09-19 03:58:40,743 - INFO - File 11863: Filtered 24711324 hits and 10 records
2025-09-19 03:58:40,804 - INFO - Processing /viper/ptmp/arego/RC4K1/7947.h5
2025-09-19 03:58:41,200 - INFO - File 2301: Filtered 23128974 hits and 7 records
2025-09-19 03:58:41,374 - INFO - Processing /viper/ptmp/arego/RC4K1/18973.h5
2025-09-19 03:58:41,572 - INFO - File 14235: Filtered 20037481 hits and 7 records
2025-09-19 03:58:41,907 - INFO - File 12487: Filtered 50338748 hits and 7 records
2025-09-19 03:58:42,494 - INFO - File 3681: Filtered 29082298 hits and 13 records
2025-09-19 03:58:42,799 - INFO - File 25025: Filtered 12515949 hits and 7 records
2025-09-19 03:58:45,355 - INFO - Completed /viper/ptmp/arego/RC4K1_1/22195.h5 in 21.03 seconds
2025-09-19 03:58:45,866 - INFO - Processing /viper/ptmp/arego/RC4K1/6477.h5
2025-09-19 03:58:46,055 - INFO - Completed /viper/ptmp/arego/RC4K1_1/4690.h5 in 24.24 seconds
2025-09-19 03:58:46,293 - INFO - Completed /viper/ptmp/arego/RC4K1_1/89.h5 in 25.32 seconds
2025-09-19 03:58:46,955 - INFO - Processing /viper/ptmp/arego/RC4K1/13804.h5
2025-09-19 03:58:47,501 - ERROR - Error processing /viper/ptmp/arego/RC4K1/3681.h5: low >= high
2025-09-19 03:58:47,618 - INFO - Completed /viper/ptmp/arego/RC4K1_1/29492.h5 in 25.44 seconds
2025-09-19 03:58:47,834 - INFO - Processing /viper/ptmp/arego/RC4K1/20720.h5
2025-09-19 03:58:48,172 - INFO - Completed /viper/ptmp/arego/RC4K1_1/2301.h5 in 23.09 seconds
2025-09-19 03:58:48,355 - INFO - File 4816: Filtered 39294922 hits and 9 records
2025-09-19 03:58:48,756 - INFO - Processing /viper/ptmp/arego/RC4K1/10911.h5
2025-09-19 03:58:49,342 - INFO - Completed /viper/ptmp/arego/RC4K1_1/24272.h5 in 23.16 seconds
2025-09-19 03:58:49,353 - INFO - Completed /viper/ptmp/arego/RC4K1_1/14235.h5 in 23.57 seconds
2025-09-19 03:58:49,483 - INFO - Processing /viper/ptmp/arego/RC4K1/838.h5
2025-09-19 03:58:49,945 - INFO - Processing /viper/ptmp/arego/RC4K1/338.h5
2025-09-19 03:58:50,391 - INFO - Processing /viper/ptmp/arego/RC4K1/27917.h5
2025-09-19 03:58:50,689 - INFO - Processing /viper/ptmp/arego/RC4K1/16392.h5
2025-09-19 03:58:51,128 - INFO - Completed /viper/ptmp/arego/RC4K1_1/11863.h5 in 23.63 seconds
2025-09-19 03:58:51,216 - INFO - File 24483: Filtered 23725230 hits and 7 records
2025-09-19 03:58:52,000 - INFO - File 19194: Filtered 23808808 hits and 7 records
2025-09-19 03:58:52,175 - INFO - Processing /viper/ptmp/arego/RC4K1/7508.h5
2025-09-19 03:58:52,728 - INFO - File 18973: Filtered 24525955 hits and 4 records
2025-09-19 03:58:53,538 - INFO - File 7947: Filtered 44316554 hits and 8 records
2025-09-19 03:58:55,728 - ERROR - Error processing /viper/ptmp/arego/RC4K1/4816.h5: low >= high
2025-09-19 03:58:56,486 - INFO - Processing /viper/ptmp/arego/RC4K1/9218.h5
2025-09-19 03:58:57,898 - INFO - Completed /viper/ptmp/arego/RC4K1_1/25025.h5 in 31.02 seconds
2025-09-19 03:58:58,696 - INFO - Completed /viper/ptmp/arego/RC4K1_1/7947.h5 in 17.89 seconds
2025-09-19 03:58:59,149 - INFO - Processing /viper/ptmp/arego/RC4K1/19653.h5
2025-09-19 03:58:59,842 - INFO - Processing /viper/ptmp/arego/RC4K1/13984.h5
2025-09-19 03:59:00,186 - INFO - Completed /viper/ptmp/arego/RC4K1_1/24483.h5 in 20.23 seconds
2025-09-19 03:59:01,548 - INFO - File 6477: Filtered 15462776 hits and 7 records
2025-09-19 03:59:01,956 - INFO - Processing /viper/ptmp/arego/RC4K1/20637.h5
2025-09-19 03:59:02,834 - INFO - Completed /viper/ptmp/arego/RC4K1_1/18973.h5 in 21.46 seconds
2025-09-19 03:59:03,217 - INFO - File 10911: Filtered 31702834 hits and 8 records
2025-09-19 03:59:03,492 - INFO - File 13804: Filtered 32230440 hits and 10 records
2025-09-19 03:59:03,943 - INFO - Completed /viper/ptmp/arego/RC4K1_1/19194.h5 in 26.23 seconds
2025-09-19 03:59:04,419 - INFO - File 27917: Filtered 13958243 hits and 7 records
2025-09-19 03:59:04,681 - INFO - Processing /viper/ptmp/arego/RC4K1/27437.h5
2025-09-19 03:59:05,037 - INFO - File 20720: Filtered 29005062 hits and 8 records
2025-09-19 03:59:05,477 - INFO - Processing /viper/ptmp/arego/RC4K1/11544.h5
2025-09-19 03:59:05,892 - INFO - File 7508: Filtered 23839131 hits and 8 records
2025-09-19 03:59:07,552 - INFO - File 838: Filtered 18496918 hits and 6 records
2025-09-19 03:59:08,195 - INFO - File 338: Filtered 20020436 hits and 9 records
2025-09-19 03:59:09,180 - INFO - File 16392: Filtered 24442254 hits and 5 records
2025-09-19 03:59:09,741 - INFO - File 9218: Filtered 22023597 hits and 5 records
2025-09-19 03:59:10,515 - INFO - Completed /viper/ptmp/arego/RC4K1_1/13804.h5 in 23.56 seconds
2025-09-19 03:59:11,472 - INFO - Processing /viper/ptmp/arego/RC4K1/6186.h5
2025-09-19 03:59:12,324 - INFO - Completed /viper/ptmp/arego/RC4K1_1/10911.h5 in 23.57 seconds
2025-09-19 03:59:12,567 - INFO - Completed /viper/ptmp/arego/RC4K1_1/20720.h5 in 24.73 seconds
2025-09-19 03:59:13,158 - INFO - Processing /viper/ptmp/arego/RC4K1/1967.h5
2025-09-19 03:59:13,268 - INFO - File 13984: Filtered 29972389 hits and 9 records
2025-09-19 03:59:13,291 - INFO - File 19653: Filtered 39202291 hits and 8 records
2025-09-19 03:59:13,505 - INFO - Processing /viper/ptmp/arego/RC4K1/12587.h5
2025-09-19 03:59:14,748 - INFO - Completed /viper/ptmp/arego/RC4K1_1/6477.h5 in 28.88 seconds
2025-09-19 03:59:15,839 - INFO - Processing /viper/ptmp/arego/RC4K1/3323.h5
2025-09-19 03:59:16,050 - INFO - File 20637: Filtered 28169747 hits and 7 records
2025-09-19 03:59:17,725 - INFO - Completed /viper/ptmp/arego/RC4K1_1/838.h5 in 28.24 seconds
2025-09-19 03:59:17,948 - INFO - Completed /viper/ptmp/arego/RC4K1_1/338.h5 in 28.00 seconds
2025-09-19 03:59:18,174 - INFO - File 27437: Filtered 30146642 hits and 6 records
2025-09-19 03:59:18,485 - INFO - Completed /viper/ptmp/arego/RC4K1_1/16392.h5 in 27.80 seconds
2025-09-19 03:59:18,794 - INFO - Processing /viper/ptmp/arego/RC4K1/1795.h5
2025-09-19 03:59:19,085 - INFO - Completed /viper/ptmp/arego/RC4K1_1/7508.h5 in 26.91 seconds
2025-09-19 03:59:19,560 - INFO - File 11544: Filtered 35397020 hits and 7 records
2025-09-19 03:59:19,564 - INFO - Completed /viper/ptmp/arego/RC4K1_1/27917.h5 in 29.17 seconds
2025-09-19 03:59:19,843 - INFO - Processing /viper/ptmp/arego/RC4K1/588.h5
2025-09-19 03:59:20,369 - INFO - Processing /viper/ptmp/arego/RC4K1/10600.h5
2025-09-19 03:59:20,741 - INFO - Processing /viper/ptmp/arego/RC4K1/26969.h5
2025-09-19 03:59:21,082 - INFO - Processing /viper/ptmp/arego/RC4K1/22461.h5
2025-09-19 03:59:22,706 - INFO - Completed /viper/ptmp/arego/RC4K1_1/9218.h5 in 26.22 seconds
2025-09-19 03:59:23,832 - INFO - Completed /viper/ptmp/arego/RC4K1_1/20637.h5 in 21.88 seconds
2025-09-19 03:59:23,903 - INFO - Processing /viper/ptmp/arego/RC4K1/11699.h5
2025-09-19 03:59:24,193 - INFO - Completed /viper/ptmp/arego/RC4K1_1/13984.h5 in 24.35 seconds
2025-09-19 03:59:24,403 - INFO - Completed /viper/ptmp/arego/RC4K1_1/19653.h5 in 25.25 seconds
2025-09-19 03:59:25,030 - INFO - File 6186: Filtered 25640398 hits and 8 records
2025-09-19 03:59:25,093 - INFO - Processing /viper/ptmp/arego/RC4K1/17810.h5
2025-09-19 03:59:25,150 - INFO - Processing /viper/ptmp/arego/RC4K1/18462.h5
2025-09-19 03:59:25,821 - INFO - Completed /viper/ptmp/arego/RC4K1_1/27437.h5 in 21.14 seconds
2025-09-19 03:59:26,119 - INFO - Processing /viper/ptmp/arego/RC4K1/21348.h5
2025-09-19 03:59:26,933 - INFO - Processing /viper/ptmp/arego/RC4K1/6843.h5
2025-09-19 03:59:27,327 - INFO - File 12587: Filtered 43178239 hits and 9 records
2025-09-19 03:59:28,834 - INFO - File 1967: Filtered 22117246 hits and 6 records
2025-09-19 03:59:28,970 - INFO - Completed /viper/ptmp/arego/RC4K1_1/12487.h5 in 100.46 seconds
2025-09-19 03:59:28,996 - INFO - Completed /viper/ptmp/arego/RC4K1_1/11544.h5 in 23.52 seconds
2025-09-19 03:59:30,648 - INFO - Processing /viper/ptmp/arego/RC4K1/14981.h5
2025-09-19 03:59:31,516 - INFO - File 3323: Filtered 24318685 hits and 7 records
2025-09-19 03:59:31,548 - INFO - Completed /viper/ptmp/arego/RC4K1_1/12587.h5 in 18.04 seconds
2025-09-19 03:59:32,252 - INFO - Processing /viper/ptmp/arego/RC4K1/3966.h5
2025-09-19 03:59:32,337 - INFO - Processing /viper/ptmp/arego/RC4K1/15666.h5
2025-09-19 03:59:36,580 - INFO - Completed /viper/ptmp/arego/RC4K1_1/6186.h5 in 25.11 seconds
2025-09-19 03:59:37,336 - INFO - File 1795: Filtered 38384097 hits and 8 records
2025-09-19 03:59:37,953 - INFO - File 10600: Filtered 26450607 hits and 8 records
2025-09-19 03:59:38,333 - INFO - File 588: Filtered 20227392 hits and 8 records
2025-09-19 03:59:38,366 - INFO - Processing /viper/ptmp/arego/RC4K1/9773.h5
2025-09-19 03:59:39,034 - INFO - File 22461: Filtered 43032593 hits and 12 records
2025-09-19 03:59:39,576 - INFO - File 26969: Filtered 21736182 hits and 8 records
2025-09-19 03:59:40,449 - INFO - File 11699: Filtered 44630908 hits and 6 records
2025-09-19 03:59:41,973 - INFO - File 17810: Filtered 24137354 hits and 8 records
2025-09-19 03:59:42,986 - INFO - File 21348: Filtered 39166388 hits and 9 records
2025-09-19 03:59:43,056 - INFO - File 18462: Filtered 45488048 hits and 7 records
2025-09-19 03:59:43,361 - INFO - Completed /viper/ptmp/arego/RC4K1_1/1967.h5 in 30.20 seconds
2025-09-19 03:59:43,473 - INFO - Completed /viper/ptmp/arego/RC4K1_1/3323.h5 in 27.63 seconds
2025-09-19 03:59:44,263 - INFO - Completed /viper/ptmp/arego/RC4K1_1/1795.h5 in 25.47 seconds
2025-09-19 03:59:44,668 - INFO - Processing /viper/ptmp/arego/RC4K1/15711.h5
2025-09-19 03:59:45,003 - INFO - Processing /viper/ptmp/arego/RC4K1/5159.h5
2025-09-19 03:59:45,239 - INFO - File 6843: Filtered 29090544 hits and 7 records
2025-09-19 03:59:45,856 - INFO - Processing /viper/ptmp/arego/RC4K1/407.h5
2025-09-19 03:59:46,944 - INFO - Completed /viper/ptmp/arego/RC4K1_1/18462.h5 in 21.79 seconds
2025-09-19 03:59:47,242 - INFO - Completed /viper/ptmp/arego/RC4K1_1/22461.h5 in 26.16 seconds
2025-09-19 03:59:47,513 - INFO - File 14981: Filtered 42446971 hits and 8 records
2025-09-19 03:59:47,535 - INFO - Processing /viper/ptmp/arego/RC4K1/11366.h5
2025-09-19 03:59:47,706 - INFO - Completed /viper/ptmp/arego/RC4K1_1/11699.h5 in 23.80 seconds
2025-09-19 03:59:48,023 - INFO - Processing /viper/ptmp/arego/RC4K1/22591.h5
2025-09-19 03:59:48,582 - INFO - Processing /viper/ptmp/arego/RC4K1/5831.h5
2025-09-19 03:59:49,105 - INFO - File 15666: Filtered 36093288 hits and 8 records
2025-09-19 03:59:50,039 - INFO - File 3966: Filtered 53203607 hits and 8 records
2025-09-19 03:59:51,346 - INFO - Completed /viper/ptmp/arego/RC4K1_1/588.h5 in 31.50 seconds
2025-09-19 03:59:52,363 - INFO - Completed /viper/ptmp/arego/RC4K1_1/26969.h5 in 31.62 seconds
2025-09-19 03:59:52,401 - INFO - Processing /viper/ptmp/arego/RC4K1/29258.h5
2025-09-19 03:59:52,421 - INFO - Completed /viper/ptmp/arego/RC4K1_1/10600.h5 in 32.05 seconds
2025-09-19 03:59:52,434 - INFO - File 9773: Filtered 27288236 hits and 5 records
2025-09-19 03:59:53,459 - INFO - Processing /viper/ptmp/arego/RC4K1/22775.h5
2025-09-19 03:59:53,473 - INFO - Processing /viper/ptmp/arego/RC4K1/26804.h5
2025-09-19 03:59:53,587 - INFO - Completed /viper/ptmp/arego/RC4K1_1/21348.h5 in 27.47 seconds
2025-09-19 03:59:54,432 - INFO - Processing /viper/ptmp/arego/RC4K1/23137.h5
2025-09-19 03:59:54,489 - INFO - Completed /viper/ptmp/arego/RC4K1_1/6843.h5 in 27.56 seconds
2025-09-19 03:59:55,877 - INFO - Completed /viper/ptmp/arego/RC4K1_1/17810.h5 in 30.78 seconds
2025-09-19 03:59:56,185 - INFO - Processing /viper/ptmp/arego/RC4K1/16426.h5
2025-09-19 03:59:56,623 - INFO - Completed /viper/ptmp/arego/RC4K1_1/15666.h5 in 24.29 seconds
2025-09-19 03:59:57,006 - INFO - Processing /viper/ptmp/arego/RC4K1/9767.h5
2025-09-19 03:59:57,022 - INFO - Completed /viper/ptmp/arego/RC4K1_1/3966.h5 in 24.77 seconds
2025-09-19 03:59:57,321 - INFO - Completed /viper/ptmp/arego/RC4K1_1/14981.h5 in 26.67 seconds
2025-09-19 03:59:57,906 - INFO - Processing /viper/ptmp/arego/RC4K1/24883.h5
2025-09-19 03:59:57,942 - INFO - Processing /viper/ptmp/arego/RC4K1/26218.h5
2025-09-19 04:00:01,242 - INFO - File 5159: Filtered 38461750 hits and 9 records
2025-09-19 04:00:03,351 - INFO - File 15711: Filtered 52390016 hits and 11 records
2025-09-19 04:00:03,357 - INFO - File 407: Filtered 20447760 hits and 6 records
2025-09-19 04:00:04,427 - INFO - Completed /viper/ptmp/arego/RC4K1_1/9773.h5 in 26.06 seconds
2025-09-19 04:00:04,996 - INFO - File 22591: Filtered 58662446 hits and 9 records
2025-09-19 04:00:05,028 - INFO - File 11366: Filtered 31290599 hits and 10 records
2025-09-19 04:00:06,255 - INFO - Processing /viper/ptmp/arego/RC4K1/15120.h5
2025-09-19 04:00:11,190 - INFO - Completed /viper/ptmp/arego/RC4K1_1/5159.h5 in 26.19 seconds
2025-09-19 04:00:12,081 - INFO - Completed /viper/ptmp/arego/RC4K1_1/15711.h5 in 27.41 seconds
2025-09-19 04:00:12,140 - INFO - Processing /viper/ptmp/arego/RC4K1/22057.h5
2025-09-19 04:00:13,569 - INFO - File 26804: Filtered 63489661 hits and 12 records
2025-09-19 04:00:13,807 - INFO - File 5831: Filtered 34755941 hits and 6 records
2025-09-19 04:00:13,928 - INFO - Completed /viper/ptmp/arego/RC4K1_1/22591.h5 in 25.90 seconds
2025-09-19 04:00:14,327 - INFO - File 29258: Filtered 26852103 hits and 9 records
2025-09-19 04:00:14,642 - INFO - File 22775: Filtered 21301494 hits and 7 records
2025-09-19 04:00:17,034 - INFO - File 16426: Filtered 10046963 hits and 6 records
2025-09-19 04:00:17,157 - INFO - Completed /viper/ptmp/arego/RC4K1_1/11366.h5 in 29.62 seconds
2025-09-19 04:00:18,383 - INFO - File 26218: Filtered 36085008 hits and 7 records
2025-09-19 04:00:18,792 - INFO - File 23137: Filtered 56160980 hits and 8 records
2025-09-19 04:00:18,962 - INFO - Processing /viper/ptmp/arego/RC4K1/5310.h5
2025-09-19 04:00:20,487 - INFO - Completed /viper/ptmp/arego/RC4K1_1/407.h5 in 34.63 seconds
2025-09-19 04:00:20,628 - INFO - File 9767: Filtered 57793609 hits and 7 records
2025-09-19 04:00:22,105 - INFO - Processing /viper/ptmp/arego/RC4K1/19633.h5
2025-09-19 04:00:23,730 - INFO - Completed /viper/ptmp/arego/RC4K1_1/26804.h5 in 30.26 seconds
2025-09-19 04:00:25,584 - INFO - File 15120: Filtered 12188766 hits and 6 records
2025-09-19 04:00:26,812 - INFO - Completed /viper/ptmp/arego/RC4K1_1/29258.h5 in 34.41 seconds
2025-09-19 04:00:27,597 - INFO - Completed /viper/ptmp/arego/RC4K1_1/26218.h5 in 29.65 seconds
2025-09-19 04:00:28,116 - INFO - Processing /viper/ptmp/arego/RC4K1/2149.h5
2025-09-19 04:00:28,440 - INFO - File 22057: Filtered 42641471 hits and 9 records
2025-09-19 04:00:29,409 - INFO - Processing /viper/ptmp/arego/RC4K1/24854.h5
2025-09-19 04:00:29,510 - INFO - Completed /viper/ptmp/arego/RC4K1_1/22775.h5 in 36.05 seconds
2025-09-19 04:00:31,045 - INFO - Processing /viper/ptmp/arego/RC4K1/10874.h5
2025-09-19 04:00:32,497 - INFO - Completed /viper/ptmp/arego/RC4K1_1/23137.h5 in 38.06 seconds
2025-09-19 04:00:32,686 - INFO - File 24883: Filtered 60083799 hits and 7 records
2025-09-19 04:00:34,205 - INFO - Completed /viper/ptmp/arego/RC4K1_1/5831.h5 in 45.62 seconds
2025-09-19 04:00:35,798 - INFO - Completed /viper/ptmp/arego/RC4K1_1/22057.h5 in 23.66 seconds
2025-09-19 04:00:35,885 - INFO - Completed /viper/ptmp/arego/RC4K1_1/16426.h5 in 39.70 seconds
2025-09-19 04:00:36,311 - INFO - File 5310: Filtered 18141949 hits and 7 records
2025-09-19 04:00:36,616 - INFO - Processing /viper/ptmp/arego/RC4K1/14287.h5
2025-09-19 04:00:37,448 - INFO - Completed /viper/ptmp/arego/RC4K1_1/9767.h5 in 40.44 seconds
2025-09-19 04:00:37,797 - INFO - Processing /viper/ptmp/arego/RC4K1/2515.h5
2025-09-19 04:00:38,008 - INFO - File 19633: Filtered 21752762 hits and 6 records
2025-09-19 04:00:43,167 - INFO - Completed /viper/ptmp/arego/RC4K1_1/15120.h5 in 36.91 seconds
2025-09-19 04:00:45,735 - INFO - Processing /viper/ptmp/arego/RC4K1/20171.h5
2025-09-19 04:00:48,296 - INFO - File 2149: Filtered 31298286 hits and 7 records
2025-09-19 04:00:50,397 - INFO - File 24854: Filtered 23504292 hits and 8 records
2025-09-19 04:00:52,283 - INFO - File 10874: Filtered 26223206 hits and 9 records
2025-09-19 04:00:56,042 - INFO - Completed /viper/ptmp/arego/RC4K1_1/19633.h5 in 33.94 seconds
2025-09-19 04:00:56,402 - INFO - Completed /viper/ptmp/arego/RC4K1_1/5310.h5 in 37.44 seconds
2025-09-19 04:00:57,903 - INFO - Processing /viper/ptmp/arego/RC4K1/17496.h5
2025-09-19 04:00:58,746 - INFO - File 14287: Filtered 25637091 hits and 9 records
2025-09-19 04:00:59,327 - INFO - Processing /viper/ptmp/arego/RC4K1/7102.h5
2025-09-19 04:01:00,707 - INFO - File 2515: Filtered 24464665 hits and 10 records
2025-09-19 04:01:02,127 - INFO - Completed /viper/ptmp/arego/RC4K1_1/2149.h5 in 34.01 seconds
2025-09-19 04:01:03,509 - INFO - Processing /viper/ptmp/arego/RC4K1/13979.h5
2025-09-19 04:01:05,477 - INFO - File 20171: Filtered 29421247 hits and 5 records
2025-09-19 04:01:06,593 - ERROR - Error processing /viper/ptmp/arego/RC4K1/24854.h5: low >= high
2025-09-19 04:01:06,810 - INFO - Completed /viper/ptmp/arego/RC4K1_1/10874.h5 in 35.77 seconds
2025-09-19 04:01:07,104 - INFO - Completed /viper/ptmp/arego/RC4K1_1/24883.h5 in 69.20 seconds
2025-09-19 04:01:07,907 - INFO - Processing /viper/ptmp/arego/RC4K1/1812.h5
2025-09-19 04:01:08,027 - INFO - Processing /viper/ptmp/arego/RC4K1/20635.h5
2025-09-19 04:01:12,812 - INFO - Completed /viper/ptmp/arego/RC4K1_1/14287.h5 in 36.20 seconds
2025-09-19 04:01:14,490 - INFO - Processing /viper/ptmp/arego/RC4K1/15974.h5
2025-09-19 04:01:14,577 - ERROR - Error processing /viper/ptmp/arego/RC4K1/2515.h5: low >= high
2025-09-19 04:01:17,252 - INFO - File 17496: Filtered 19200064 hits and 7 records
2025-09-19 04:01:17,544 - INFO - Processing /viper/ptmp/arego/RC4K1/9509.h5
2025-09-19 04:01:18,765 - INFO - Completed /viper/ptmp/arego/RC4K1_1/20171.h5 in 33.03 seconds
2025-09-19 04:01:19,255 - INFO - File 7102: Filtered 28577717 hits and 6 records
2025-09-19 04:01:21,077 - INFO - Processing /viper/ptmp/arego/RC4K1/28164.h5
2025-09-19 04:01:26,009 - INFO - File 13979: Filtered 28607121 hits and 10 records
2025-09-19 04:01:32,177 - INFO - File 1812: Filtered 38616495 hits and 8 records
2025-09-19 04:01:33,839 - INFO - File 20635: Filtered 22264175 hits and 9 records
2025-09-19 04:01:39,234 - INFO - Completed /viper/ptmp/arego/RC4K1_1/7102.h5 in 39.91 seconds
2025-09-19 04:01:40,076 - INFO - Completed /viper/ptmp/arego/RC4K1_1/17496.h5 in 42.17 seconds
2025-09-19 04:01:40,363 - INFO - File 15974: Filtered 35379354 hits and 7 records
2025-09-19 04:01:41,189 - INFO - Processing /viper/ptmp/arego/RC4K1/18857.h5
2025-09-19 04:01:42,410 - INFO - Processing /viper/ptmp/arego/RC4K1/25745.h5
2025-09-19 04:01:44,042 - INFO - File 9509: Filtered 34764433 hits and 7 records
2025-09-19 04:01:44,313 - INFO - Completed /viper/ptmp/arego/RC4K1_1/13979.h5 in 40.80 seconds
2025-09-19 04:01:45,851 - INFO - Processing /viper/ptmp/arego/RC4K1/4780.h5
2025-09-19 04:01:46,051 - INFO - File 28164: Filtered 52065034 hits and 10 records
2025-09-19 04:01:47,529 - INFO - Completed /viper/ptmp/arego/RC4K1_1/1812.h5 in 39.62 seconds
2025-09-19 04:01:48,708 - INFO - Processing /viper/ptmp/arego/RC4K1/6382.h5
2025-09-19 04:01:54,122 - INFO - Completed /viper/ptmp/arego/RC4K1_1/20635.h5 in 46.09 seconds
2025-09-19 04:01:54,955 - INFO - Completed /viper/ptmp/arego/RC4K1_1/28164.h5 in 33.88 seconds
2025-09-19 04:01:55,015 - INFO - Completed /viper/ptmp/arego/RC4K1_1/15974.h5 in 40.53 seconds
2025-09-19 04:01:56,602 - INFO - Processing /viper/ptmp/arego/RC4K1/25376.h5
2025-09-19 04:01:57,474 - INFO - Processing /viper/ptmp/arego/RC4K1/16619.h5
2025-09-19 04:01:58,404 - INFO - Completed /viper/ptmp/arego/RC4K1_1/9509.h5 in 40.86 seconds
2025-09-19 04:01:58,521 - INFO - Processing /viper/ptmp/arego/RC4K1/2877.h5
2025-09-19 04:02:00,440 - INFO - Processing /viper/ptmp/arego/RC4K1/6051.h5
2025-09-19 04:02:05,486 - INFO - File 18857: Filtered 54279897 hits and 10 records
2025-09-19 04:02:07,540 - INFO - File 25745: Filtered 50860153 hits and 8 records
2025-09-19 04:02:11,887 - INFO - File 4780: Filtered 41798346 hits and 9 records
2025-09-19 04:02:19,208 - INFO - Completed /viper/ptmp/arego/RC4K1_1/18857.h5 in 38.02 seconds
2025-09-19 04:02:20,288 - INFO - File 6382: Filtered 49056725 hits and 8 records
2025-09-19 04:02:21,370 - INFO - Processing /viper/ptmp/arego/RC4K1/1546.h5
2025-09-19 04:02:22,431 - INFO - Completed /viper/ptmp/arego/RC4K1_1/25745.h5 in 40.02 seconds
2025-09-19 04:02:24,834 - INFO - Processing /viper/ptmp/arego/RC4K1/1000.h5
2025-09-19 04:02:32,952 - INFO - File 25376: Filtered 56997075 hits and 10 records
2025-09-19 04:02:33,363 - ERROR - Error processing /viper/ptmp/arego/RC4K1/4780.h5: low >= high
2025-09-19 04:02:33,584 - INFO - File 16619: Filtered 61345655 hits and 9 records
2025-09-19 04:02:35,474 - INFO - Processing /viper/ptmp/arego/RC4K1/9740.h5
2025-09-19 04:02:36,251 - INFO - File 2877: Filtered 47508106 hits and 8 records
2025-09-19 04:02:37,642 - INFO - File 6051: Filtered 86409025 hits and 9 records
2025-09-19 04:02:43,907 - INFO - Completed /viper/ptmp/arego/RC4K1_1/6382.h5 in 55.20 seconds
2025-09-19 04:02:46,099 - INFO - Processing /viper/ptmp/arego/RC4K1/22776.h5
2025-09-19 04:02:46,876 - INFO - Completed /viper/ptmp/arego/RC4K1_1/6051.h5 in 46.44 seconds
2025-09-19 04:02:48,929 - INFO - Completed /viper/ptmp/arego/RC4K1_1/16619.h5 in 51.46 seconds
2025-09-19 04:02:49,358 - INFO - Completed /viper/ptmp/arego/RC4K1_1/25376.h5 in 52.76 seconds
2025-09-19 04:02:54,463 - INFO - File 1546: Filtered 22708986 hits and 5 records
2025-09-19 04:02:57,422 - INFO - File 1000: Filtered 27170138 hits and 8 records
2025-09-19 04:02:57,458 - INFO - Completed /viper/ptmp/arego/RC4K1_1/2877.h5 in 58.94 seconds
2025-09-19 04:03:04,611 - INFO - File 9740: Filtered 53366494 hits and 10 records
2025-09-19 04:03:22,334 - INFO - Completed /viper/ptmp/arego/RC4K1_1/9740.h5 in 46.86 seconds
2025-09-19 04:03:22,975 - INFO - Completed /viper/ptmp/arego/RC4K1_1/1546.h5 in 61.61 seconds
2025-09-19 04:03:24,781 - INFO - Completed /viper/ptmp/arego/RC4K1_1/1000.h5 in 59.95 seconds
2025-09-19 04:05:24,481 - INFO - File 22776: Filtered 210748208 hits and 7 records
2025-09-19 04:07:23,839 - INFO - Completed /viper/ptmp/arego/RC4K1_1/22776.h5 in 277.74 seconds
