2025-09-18 23:39:24,375 - INFO - Loaded skip configuration: 0 files to skip entirely, 35364 files with partial record skips
2025-09-18 23:39:24,632 - INFO - Loaded skip configuration: 0 files to skip entirely, 35364 files with partial record skips
2025-09-18 23:39:24,649 - INFO - Loaded skip configuration: 0 files to skip entirely, 35364 files with partial record skips
2025-09-18 23:39:25,194 - INFO - Processing /viper/ptmp/arego/RC4K1/8090.h5
2025-09-18 23:39:25,501 - INFO - Processing /viper/ptmp/arego/RC4K1/2918.h5
2025-09-18 23:39:25,561 - INFO - Processing /viper/ptmp/arego/RC4K1/14829.h5
2025-09-18 23:39:25,700 - INFO - Processing /viper/ptmp/arego/RC4K1/12720.h5
2025-09-18 23:39:25,810 - INFO - File 14829: Filtered 468444 hits and 9 records
2025-09-18 23:39:25,864 - INFO - File 8090: Filtered 187237 hits and 2 records
2025-09-18 23:39:26,047 - INFO - File 2918: Filtered 986479 hits and 7 records
2025-09-18 23:39:26,061 - INFO - Processing /viper/ptmp/arego/RC4K1/17601.h5
2025-09-18 23:39:26,140 - INFO - Processing /viper/ptmp/arego/RC4K1/29193.h5
2025-09-18 23:39:26,167 - INFO - File 12720: Filtered 1641943 hits and 9 records
2025-09-18 23:39:26,296 - INFO - Processing /viper/ptmp/arego/RC4K1/10077.h5
2025-09-18 23:39:26,433 - INFO - File 29193: Filtered 443352 hits and 5 records
2025-09-18 23:39:26,658 - INFO - Processing /viper/ptmp/arego/RC4K1/18110.h5
2025-09-18 23:39:26,671 - INFO - Processing /viper/ptmp/arego/RC4K1/2460.h5
2025-09-18 23:39:26,701 - INFO - File 17601: Filtered 1517733 hits and 4 records
2025-09-18 23:39:26,825 - INFO - File 10077: Filtered 521123 hits and 4 records
2025-09-18 23:39:26,874 - INFO - Processing /viper/ptmp/arego/RC4K1/24400.h5
2025-09-18 23:39:27,047 - INFO - Completed /viper/ptmp/arego/RC4K1_EN_100/14829.h5 in 1.49 seconds
2025-09-18 23:39:27,150 - INFO - File 2460: Filtered 877753 hits and 6 records
2025-09-18 23:39:27,243 - INFO - Processing /viper/ptmp/arego/RC4K1/16468.h5
2025-09-18 23:39:27,287 - INFO - Processing /viper/ptmp/arego/RC4K1/10140.h5
2025-09-18 23:39:27,307 - INFO - File 18110: Filtered 1625857 hits and 7 records
2025-09-18 23:39:27,417 - INFO - File 24400: Filtered 666375 hits and 3 records
2025-09-18 23:39:27,479 - INFO - Processing /viper/ptmp/arego/RC4K1/16852.h5
2025-09-18 23:39:27,674 - INFO - Completed /viper/ptmp/arego/RC4K1_EN_100/12720.h5 in 1.97 seconds
2025-09-18 23:39:27,738 - INFO - File 16468: Filtered 1659040 hits and 9 records
2025-09-18 23:39:27,825 - INFO - Processing /viper/ptmp/arego/RC4K1/12199.h5
2025-09-18 23:39:27,953 - INFO - File 10140: Filtered 1737598 hits and 9 records
2025-09-18 23:39:27,968 - INFO - Processing /viper/ptmp/arego/RC4K1/26991.h5
2025-09-18 23:39:28,055 - INFO - File 16852: Filtered 676901 hits and 3 records
2025-09-18 23:39:28,086 - INFO - Processing /viper/ptmp/arego/RC4K1/14318.h5
2025-09-18 23:39:28,377 - INFO - File 12199: Filtered 891534 hits and 6 records
2025-09-18 23:39:28,418 - INFO - Processing /viper/ptmp/arego/RC4K1/25035.h5
2025-09-18 23:39:28,641 - INFO - Processing /viper/ptmp/arego/RC4K1/14900.h5
2025-09-18 23:39:28,688 - INFO - Processing /viper/ptmp/arego/RC4K1/29833.h5
2025-09-18 23:39:28,699 - INFO - File 26991: Filtered 1125469 hits and 7 records
2025-09-18 23:39:28,756 - INFO - File 14318: Filtered 1627505 hits and 9 records
2025-09-18 23:39:28,973 - INFO - File 25035: Filtered 1602553 hits and 7 records
2025-09-18 23:39:29,002 - INFO - Processing /viper/ptmp/arego/RC4K1/9806.h5
2025-09-18 23:39:29,247 - INFO - Processing /viper/ptmp/arego/RC4K1/3437.h5
2025-09-18 23:39:29,303 - INFO - Processing /viper/ptmp/arego/RC4K1/7682.h5
2025-09-18 23:39:29,355 - INFO - File 14900: Filtered 1419957 hits and 4 records
2025-09-18 23:39:29,360 - INFO - Completed /viper/ptmp/arego/RC4K1_EN_100/29193.h5 in 3.22 seconds
2025-09-18 23:39:29,384 - INFO - File 29833: Filtered 1015250 hits and 6 records
2025-09-18 23:39:29,577 - INFO - Processing /viper/ptmp/arego/RC4K1/25487.h5
2025-09-18 23:39:29,702 - INFO - File 9806: Filtered 2188911 hits and 7 records
2025-09-18 23:39:29,917 - INFO - Processing /viper/ptmp/arego/RC4K1/26881.h5
2025-09-18 23:39:30,009 - INFO - Processing /viper/ptmp/arego/RC4K1/26942.h5
2025-09-18 23:39:30,071 - INFO - File 7682: Filtered 1508554 hits and 6 records
2025-09-18 23:39:30,161 - INFO - File 3437: Filtered 2073773 hits and 6 records
2025-09-18 23:39:30,186 - INFO - Processing /viper/ptmp/arego/RC4K1/20354.h5
2025-09-18 23:39:30,369 - INFO - File 25487: Filtered 865065 hits and 4 records
2025-09-18 23:39:30,718 - INFO - File 26881: Filtered 2462875 hits and 7 records
2025-09-18 23:39:30,824 - INFO - File 26942: Filtered 3213593 hits and 7 records
2025-09-18 23:39:31,088 - INFO - Processing /viper/ptmp/arego/RC4K1/5998.h5
2025-09-18 23:39:31,136 - INFO - Completed /viper/ptmp/arego/RC4K1_EN_100/16468.h5 in 3.89 seconds
2025-09-18 23:39:31,142 - INFO - File 20354: Filtered 923326 hits and 2 records
2025-09-18 23:39:31,903 - INFO - File 5998: Filtered 2082713 hits and 7 records
2025-09-18 23:39:31,983 - INFO - Completed /viper/ptmp/arego/RC4K1_EN_100/8090.h5 in 6.79 seconds
2025-09-18 23:39:32,095 - INFO - Processing /viper/ptmp/arego/RC4K1/6508.h5
2025-09-18 23:39:32,137 - INFO - Completed /viper/ptmp/arego/RC4K1_EN_100/2918.h5 in 6.64 seconds
2025-09-18 23:39:32,157 - INFO - Processing /viper/ptmp/arego/RC4K1/29787.h5
2025-09-18 23:39:32,227 - INFO - Completed /viper/ptmp/arego/RC4K1_EN_100/2460.h5 in 5.56 seconds
2025-09-18 23:39:32,280 - INFO - Completed /viper/ptmp/arego/RC4K1_EN_100/25035.h5 in 3.86 seconds
2025-09-18 23:39:32,306 - INFO - Processing /viper/ptmp/arego/RC4K1/29716.h5
2025-09-18 23:39:32,368 - INFO - Completed /viper/ptmp/arego/RC4K1_EN_100/18110.h5 in 5.71 seconds
2025-09-18 23:39:32,692 - INFO - Completed /viper/ptmp/arego/RC4K1_EN_100/17601.h5 in 6.63 seconds
2025-09-18 23:39:32,810 - INFO - Processing /viper/ptmp/arego/RC4K1/9252.h5
2025-09-18 23:39:32,901 - INFO - File 29787: Filtered 2814473 hits and 8 records
2025-09-18 23:39:33,047 - INFO - File 6508: Filtered 4046853 hits and 9 records
2025-09-18 23:39:33,104 - INFO - File 29716: Filtered 2469309 hits and 7 records
2025-09-18 23:39:33,189 - INFO - Processing /viper/ptmp/arego/RC4K1/8519.h5
2025-09-18 23:39:33,594 - INFO - Completed /viper/ptmp/arego/RC4K1_EN_100/10077.h5 in 7.30 seconds
2025-09-18 23:39:33,645 - INFO - Completed /viper/ptmp/arego/RC4K1_EN_100/14318.h5 in 5.56 seconds
2025-09-18 23:39:33,746 - INFO - Processing /viper/ptmp/arego/RC4K1/12611.h5
2025-09-18 23:39:33,774 - INFO - Processing /viper/ptmp/arego/RC4K1/17206.h5
2025-09-18 23:39:33,785 - INFO - File 9252: Filtered 1762352 hits and 7 records
2025-09-18 23:39:33,824 - INFO - Processing /viper/ptmp/arego/RC4K1/9012.h5
2025-09-18 23:39:33,829 - INFO - Completed /viper/ptmp/arego/RC4K1_EN_100/24400.h5 in 6.96 seconds
2025-09-18 23:39:33,952 - INFO - Completed /viper/ptmp/arego/RC4K1_EN_100/6508.h5 in 1.86 seconds
2025-09-18 23:39:34,240 - INFO - File 8519: Filtered 3343227 hits and 4 records
2025-09-18 23:39:34,316 - INFO - Completed /viper/ptmp/arego/RC4K1_EN_100/9806.h5 in 5.31 seconds
2025-09-18 23:39:34,410 - INFO - Processing /viper/ptmp/arego/RC4K1/27840.h5
2025-09-18 23:39:34,571 - INFO - Completed /viper/ptmp/arego/RC4K1_EN_100/12199.h5 in 6.75 seconds
2025-09-18 23:39:34,575 - INFO - File 17206: Filtered 1192816 hits and 3 records
2025-09-18 23:39:34,596 - INFO - Completed /viper/ptmp/arego/RC4K1_EN_100/26881.h5 in 4.68 seconds
2025-09-18 23:39:34,603 - INFO - Completed /viper/ptmp/arego/RC4K1_EN_100/10140.h5 in 7.32 seconds
2025-09-18 23:39:34,660 - INFO - Processing /viper/ptmp/arego/RC4K1/15704.h5
2025-09-18 23:39:34,699 - INFO - File 12611: Filtered 1790298 hits and 5 records
2025-09-18 23:39:34,847 - INFO - Processing /viper/ptmp/arego/RC4K1/23521.h5
2025-09-18 23:39:34,981 - INFO - File 9012: Filtered 2076809 hits and 6 records
2025-09-18 23:39:35,033 - INFO - Processing /viper/ptmp/arego/RC4K1/13482.h5
2025-09-18 23:39:35,268 - INFO - File 27840: Filtered 2277627 hits and 6 records
2025-09-18 23:39:35,334 - INFO - Processing /viper/ptmp/arego/RC4K1/9996.h5
2025-09-18 23:39:35,451 - INFO - Completed /viper/ptmp/arego/RC4K1_EN_100/26942.h5 in 5.44 seconds
2025-09-18 23:39:35,537 - INFO - File 15704: Filtered 1777230 hits and 5 records
2025-09-18 23:39:35,672 - INFO - Completed /viper/ptmp/arego/RC4K1_EN_100/16852.h5 in 8.19 seconds
2025-09-18 23:39:35,708 - INFO - Processing /viper/ptmp/arego/RC4K1/13618.h5
2025-09-18 23:39:35,857 - INFO - Processing /viper/ptmp/arego/RC4K1/15650.h5
2025-09-18 23:39:35,925 - INFO - File 13482: Filtered 2936818 hits and 10 records
2025-09-18 23:39:35,940 - INFO - Processing /viper/ptmp/arego/RC4K1/12218.h5
2025-09-18 23:39:35,948 - INFO - File 23521: Filtered 1668892 hits and 6 records
2025-09-18 23:39:36,307 - INFO - Processing /viper/ptmp/arego/RC4K1/20828.h5
2025-09-18 23:39:36,409 - INFO - File 9996: Filtered 3470288 hits and 10 records
2025-09-18 23:39:36,641 - INFO - File 13618: Filtered 2106635 hits and 9 records
2025-09-18 23:39:36,646 - INFO - Completed /viper/ptmp/arego/RC4K1_EN_100/26991.h5 in 8.68 seconds
2025-09-18 23:39:36,669 - INFO - Completed /viper/ptmp/arego/RC4K1_EN_100/29787.h5 in 4.51 seconds
2025-09-18 23:39:36,856 - INFO - Processing /viper/ptmp/arego/RC4K1/10372.h5
2025-09-18 23:39:36,883 - INFO - Completed /viper/ptmp/arego/RC4K1_EN_100/3437.h5 in 7.64 seconds
2025-09-18 23:39:37,059 - INFO - File 15650: Filtered 3208165 hits and 7 records
2025-09-18 23:39:37,088 - INFO - File 12218: Filtered 2209416 hits and 4 records
2025-09-18 23:39:37,205 - INFO - Processing /viper/ptmp/arego/RC4K1/904.h5
2025-09-18 23:39:37,260 - INFO - File 20828: Filtered 2600230 hits and 9 records
2025-09-18 23:39:37,356 - INFO - Completed /viper/ptmp/arego/RC4K1_EN_100/29833.h5 in 8.67 seconds
2025-09-18 23:39:37,508 - INFO - Processing /viper/ptmp/arego/RC4K1/20480.h5
2025-09-18 23:39:37,775 - INFO - Completed /viper/ptmp/arego/RC4K1_EN_100/7682.h5 in 8.47 seconds
2025-09-18 23:39:37,868 - INFO - File 10372: Filtered 4296787 hits and 7 records
2025-09-18 23:39:37,936 - INFO - Processing /viper/ptmp/arego/RC4K1/11652.h5
2025-09-18 23:39:38,062 - INFO - Completed /viper/ptmp/arego/RC4K1_EN_100/14900.h5 in 9.42 seconds
2025-09-18 23:39:38,097 - INFO - File 904: Filtered 3665257 hits and 6 records
2025-09-18 23:39:38,119 - INFO - Completed /viper/ptmp/arego/RC4K1_EN_100/5998.h5 in 7.03 seconds
2025-09-18 23:39:38,242 - INFO - Processing /viper/ptmp/arego/RC4K1/13155.h5
2025-09-18 23:39:38,284 - INFO - Processing /viper/ptmp/arego/RC4K1/5915.h5
2025-09-18 23:39:38,427 - INFO - Completed /viper/ptmp/arego/RC4K1_EN_100/8519.h5 in 5.24 seconds
2025-09-18 23:39:38,512 - INFO - File 20480: Filtered 1276456 hits and 4 records
2025-09-18 23:39:38,619 - INFO - Processing /viper/ptmp/arego/RC4K1/12993.h5
2025-09-18 23:39:38,872 - INFO - File 11652: Filtered 3810391 hits and 8 records
2025-09-18 23:39:39,340 - INFO - Processing /viper/ptmp/arego/RC4K1/22603.h5
2025-09-18 23:39:39,442 - INFO - File 5915: Filtered 1325164 hits and 3 records
2025-09-18 23:39:39,513 - INFO - File 13155: Filtered 1719670 hits and 6 records
2025-09-18 23:39:39,676 - INFO - File 12993: Filtered 2556535 hits and 7 records
2025-09-18 23:39:39,888 - INFO - Completed /viper/ptmp/arego/RC4K1_EN_100/25487.h5 in 10.31 seconds
2025-09-18 23:39:40,073 - INFO - Processing /viper/ptmp/arego/RC4K1/1285.h5
2025-09-18 23:39:40,390 - INFO - Completed /viper/ptmp/arego/RC4K1_EN_100/29716.h5 in 8.08 seconds
2025-09-18 23:39:40,574 - INFO - Processing /viper/ptmp/arego/RC4K1/16545.h5
2025-09-18 23:39:40,676 - INFO - File 22603: Filtered 3263568 hits and 9 records
2025-09-18 23:39:41,079 - INFO - File 1285: Filtered 3538098 hits and 7 records
2025-09-18 23:39:41,318 - INFO - Completed /viper/ptmp/arego/RC4K1_EN_100/9996.h5 in 5.98 seconds
2025-09-18 23:39:41,501 - INFO - Completed /viper/ptmp/arego/RC4K1_EN_100/13482.h5 in 6.47 seconds
2025-09-18 23:39:41,506 - INFO - Processing /viper/ptmp/arego/RC4K1/7373.h5
2025-09-18 23:39:41,644 - INFO - Completed /viper/ptmp/arego/RC4K1_EN_100/10372.h5 in 4.79 seconds
2025-09-18 23:39:41,653 - INFO - Completed /viper/ptmp/arego/RC4K1_EN_100/904.h5 in 4.45 seconds
2025-09-18 23:39:41,661 - INFO - Completed /viper/ptmp/arego/RC4K1_EN_100/27840.h5 in 7.25 seconds
2025-09-18 23:39:41,675 - INFO - Processing /viper/ptmp/arego/RC4K1/1026.h5
2025-09-18 23:39:41,754 - INFO - File 16545: Filtered 3226733 hits and 10 records
2025-09-18 23:39:41,895 - INFO - Processing /viper/ptmp/arego/RC4K1/9975.h5
2025-09-18 23:39:42,285 - INFO - Completed /viper/ptmp/arego/RC4K1_EN_100/11652.h5 in 4.35 seconds
2025-09-18 23:39:42,405 - INFO - Processing /viper/ptmp/arego/RC4K1/15996.h5
2025-09-18 23:39:42,505 - INFO - File 7373: Filtered 4362910 hits and 6 records
2025-09-18 23:39:42,648 - INFO - File 1026: Filtered 2877035 hits and 5 records
2025-09-18 23:39:42,932 - INFO - Completed /viper/ptmp/arego/RC4K1_EN_100/20354.h5 in 12.75 seconds
2025-09-18 23:39:43,014 - INFO - Processing /viper/ptmp/arego/RC4K1/14324.h5
2025-09-18 23:39:43,115 - INFO - File 9975: Filtered 4429128 hits and 8 records
2025-09-18 23:39:43,156 - INFO - Processing /viper/ptmp/arego/RC4K1/9798.h5
2025-09-18 23:39:43,434 - INFO - File 15996: Filtered 3072654 hits and 9 records
2025-09-18 23:39:43,689 - INFO - Processing /viper/ptmp/arego/RC4K1/17864.h5
2025-09-18 23:39:44,078 - INFO - File 14324: Filtered 3844641 hits and 9 records
2025-09-18 23:39:44,317 - INFO - File 9798: Filtered 1813327 hits and 6 records
2025-09-18 23:39:44,386 - INFO - Completed /viper/ptmp/arego/RC4K1_EN_100/17206.h5 in 10.61 seconds
2025-09-18 23:39:44,517 - INFO - Completed /viper/ptmp/arego/RC4K1_EN_100/9252.h5 in 11.71 seconds
2025-09-18 23:39:44,593 - INFO - Processing /viper/ptmp/arego/RC4K1/23152.h5
2025-09-18 23:39:44,694 - INFO - Processing /viper/ptmp/arego/RC4K1/1817.h5
2025-09-18 23:39:44,855 - INFO - Completed /viper/ptmp/arego/RC4K1_EN_100/20828.h5 in 8.55 seconds
2025-09-18 23:39:44,861 - INFO - File 17864: Filtered 1882674 hits and 5 records
2025-09-18 23:39:45,062 - INFO - Completed /viper/ptmp/arego/RC4K1_EN_100/12611.h5 in 11.32 seconds
2025-09-18 23:39:45,442 - INFO - Processing /viper/ptmp/arego/RC4K1/29606.h5
2025-09-18 23:39:45,506 - INFO - Processing /viper/ptmp/arego/RC4K1/16137.h5
2025-09-18 23:39:45,728 - INFO - File 23152: Filtered 3210001 hits and 6 records
2025-09-18 23:39:45,770 - INFO - File 1817: Filtered 2588105 hits and 7 records
2025-09-18 23:39:45,785 - INFO - Completed /viper/ptmp/arego/RC4K1_EN_100/7373.h5 in 4.28 seconds
2025-09-18 23:39:46,152 - INFO - Processing /viper/ptmp/arego/RC4K1/29440.h5
2025-09-18 23:39:46,223 - INFO - Completed /viper/ptmp/arego/RC4K1_EN_100/13618.h5 in 10.51 seconds
2025-09-18 23:39:46,390 - INFO - Completed /viper/ptmp/arego/RC4K1_EN_100/15704.h5 in 11.73 seconds
2025-09-18 23:39:46,546 - INFO - Processing /viper/ptmp/arego/RC4K1/26762.h5
2025-09-18 23:39:46,577 - INFO - File 29606: Filtered 2268773 hits and 7 records
2025-09-18 23:39:46,628 - INFO - File 16137: Filtered 4152567 hits and 6 records
2025-09-18 23:39:46,652 - INFO - Completed /viper/ptmp/arego/RC4K1_EN_100/15650.h5 in 10.80 seconds
2025-09-18 23:39:46,786 - INFO - Processing /viper/ptmp/arego/RC4K1/9338.h5
2025-09-18 23:39:46,880 - INFO - Processing /viper/ptmp/arego/RC4K1/7712.h5
2025-09-18 23:39:47,369 - INFO - Completed /viper/ptmp/arego/RC4K1_EN_100/9012.h5 in 13.55 seconds
2025-09-18 23:39:47,374 - INFO - File 29440: Filtered 4492900 hits and 7 records
2025-09-18 23:39:47,397 - INFO - Completed /viper/ptmp/arego/RC4K1_EN_100/1285.h5 in 7.32 seconds
2025-09-18 23:39:47,548 - INFO - Processing /viper/ptmp/arego/RC4K1/18233.h5
2025-09-18 23:39:47,574 - INFO - Processing /viper/ptmp/arego/RC4K1/6180.h5
2025-09-18 23:39:47,665 - INFO - File 26762: Filtered 2334199 hits and 4 records
2025-09-18 23:39:47,867 - INFO - Completed /viper/ptmp/arego/RC4K1_EN_100/14324.h5 in 4.85 seconds
2025-09-18 23:39:48,102 - INFO - Processing /viper/ptmp/arego/RC4K1/4928.h5
2025-09-18 23:39:48,203 - INFO - Completed /viper/ptmp/arego/RC4K1_EN_100/12993.h5 in 9.58 seconds
2025-09-18 23:39:48,219 - INFO - File 9338: Filtered 2510330 hits and 6 records
2025-09-18 23:39:48,395 - INFO - File 7712: Filtered 3987005 hits and 9 records
2025-09-18 23:39:48,480 - INFO - Completed /viper/ptmp/arego/RC4K1_EN_100/12218.h5 in 12.54 seconds
2025-09-18 23:39:48,701 - INFO - Processing /viper/ptmp/arego/RC4K1/5529.h5
2025-09-18 23:39:48,835 - INFO - Processing /viper/ptmp/arego/RC4K1/5596.h5
2025-09-18 23:39:48,913 - INFO - File 6180: Filtered 4706739 hits and 6 records
2025-09-18 23:39:49,012 - INFO - File 18233: Filtered 2900100 hits and 6 records
2025-09-18 23:39:49,095 - INFO - Completed /viper/ptmp/arego/RC4K1_EN_100/9975.h5 in 7.20 seconds
2025-09-18 23:39:49,234 - INFO - File 4928: Filtered 2314901 hits and 7 records
2025-09-18 23:39:49,297 - INFO - Processing /viper/ptmp/arego/RC4K1/29418.h5
2025-09-18 23:39:49,969 - INFO - File 5529: Filtered 3149346 hits and 4 records
2025-09-18 23:39:50,058 - INFO - File 5596: Filtered 4499083 hits and 5 records
2025-09-18 23:39:50,334 - INFO - Completed /viper/ptmp/arego/RC4K1_EN_100/1026.h5 in 8.66 seconds
2025-09-18 23:39:50,419 - INFO - Completed /viper/ptmp/arego/RC4K1_EN_100/23521.h5 in 15.57 seconds
2025-09-18 23:39:50,492 - INFO - File 29418: Filtered 3934880 hits and 6 records
2025-09-18 23:39:50,533 - INFO - Processing /viper/ptmp/arego/RC4K1/7475.h5
2025-09-18 23:39:50,587 - INFO - Processing /viper/ptmp/arego/RC4K1/4136.h5
2025-09-18 23:39:50,959 - INFO - Completed /viper/ptmp/arego/RC4K1_EN_100/15996.h5 in 8.55 seconds
2025-09-18 23:39:51,121 - INFO - Completed /viper/ptmp/arego/RC4K1_EN_100/22603.h5 in 11.78 seconds
2025-09-18 23:39:51,326 - INFO - Processing /viper/ptmp/arego/RC4K1/19437.h5
2025-09-18 23:39:51,401 - INFO - Processing /viper/ptmp/arego/RC4K1/16665.h5
2025-09-18 23:39:51,747 - INFO - File 7475: Filtered 991435 hits and 2 records
2025-09-18 23:39:51,981 - INFO - File 4136: Filtered 3658329 hits and 3 records
2025-09-18 23:39:52,602 - INFO - Completed /viper/ptmp/arego/RC4K1_EN_100/23152.h5 in 8.01 seconds
2025-09-18 23:39:52,755 - INFO - Completed /viper/ptmp/arego/RC4K1_EN_100/16137.h5 in 7.25 seconds
2025-09-18 23:39:52,785 - INFO - File 16665: Filtered 2265635 hits and 7 records
2025-09-18 23:39:52,832 - INFO - Processing /viper/ptmp/arego/RC4K1/7296.h5
2025-09-18 23:39:52,946 - INFO - File 19437: Filtered 4826430 hits and 10 records
2025-09-18 23:39:52,972 - INFO - Processing /viper/ptmp/arego/RC4K1/23172.h5
2025-09-18 23:39:53,223 - INFO - Completed /viper/ptmp/arego/RC4K1_EN_100/29440.h5 in 7.07 seconds
2025-09-18 23:39:53,468 - INFO - Completed /viper/ptmp/arego/RC4K1_EN_100/16545.h5 in 12.89 seconds
2025-09-18 23:39:53,590 - INFO - Completed /viper/ptmp/arego/RC4K1_EN_100/20480.h5 in 16.08 seconds
2025-09-18 23:39:53,672 - INFO - Processing /viper/ptmp/arego/RC4K1/12508.h5
2025-09-18 23:39:53,681 - INFO - Processing /viper/ptmp/arego/RC4K1/4028.h5
2025-09-18 23:39:54,116 - INFO - File 7296: Filtered 2830300 hits and 6 records
2025-09-18 23:39:54,233 - INFO - Processing /viper/ptmp/arego/RC4K1/20623.h5
2025-09-18 23:39:54,248 - INFO - File 23172: Filtered 1623993 hits and 4 records
2025-09-18 23:39:55,073 - INFO - Completed /viper/ptmp/arego/RC4K1_EN_100/5596.h5 in 6.24 seconds
2025-09-18 23:39:55,086 - INFO - Completed /viper/ptmp/arego/RC4K1_EN_100/6180.h5 in 7.51 seconds
2025-09-18 23:39:55,303 - INFO - File 4028: Filtered 2686949 hits and 8 records
2025-09-18 23:39:55,318 - INFO - Processing /viper/ptmp/arego/RC4K1/16811.h5
2025-09-18 23:39:55,351 - INFO - Processing /viper/ptmp/arego/RC4K1/5885.h5
2025-09-18 23:39:55,489 - INFO - File 12508: Filtered 4384425 hits and 7 records
2025-09-18 23:39:55,604 - INFO - Completed /viper/ptmp/arego/RC4K1_EN_100/5915.h5 in 17.32 seconds
2025-09-18 23:39:55,874 - INFO - File 20623: Filtered 3008198 hits and 3 records
2025-09-18 23:39:56,098 - INFO - Processing /viper/ptmp/arego/RC4K1/18053.h5
2025-09-18 23:39:56,691 - INFO - File 16811: Filtered 4569515 hits and 12 records
2025-09-18 23:39:56,728 - INFO - File 5885: Filtered 5150497 hits and 8 records
2025-09-18 23:39:56,957 - INFO - Completed /viper/ptmp/arego/RC4K1_EN_100/13155.h5 in 18.71 seconds
2025-09-18 23:39:57,134 - INFO - Processing /viper/ptmp/arego/RC4K1/18918.h5
2025-09-18 23:39:57,238 - INFO - Completed /viper/ptmp/arego/RC4K1_EN_100/17864.h5 in 13.55 seconds
2025-09-18 23:39:57,452 - INFO - File 18053: Filtered 5118116 hits and 9 records
2025-09-18 23:39:57,517 - INFO - Processing /viper/ptmp/arego/RC4K1/6647.h5
2025-09-18 23:39:57,728 - INFO - Completed /viper/ptmp/arego/RC4K1_EN_100/29606.h5 in 12.29 seconds
2025-09-18 23:39:57,867 - INFO - Completed /viper/ptmp/arego/RC4K1_EN_100/1817.h5 in 13.17 seconds
2025-09-18 23:39:58,061 - INFO - Processing /viper/ptmp/arego/RC4K1/404.h5
2025-09-18 23:39:58,070 - INFO - Processing /viper/ptmp/arego/RC4K1/18286.h5
2025-09-18 23:39:58,120 - INFO - Completed /viper/ptmp/arego/RC4K1_EN_100/9798.h5 in 14.96 seconds
2025-09-18 23:39:58,794 - INFO - Processing /viper/ptmp/arego/RC4K1/6973.h5
2025-09-18 23:39:58,821 - INFO - File 6647: Filtered 5067333 hits and 7 records
2025-09-18 23:39:58,938 - INFO - File 18918: Filtered 3583092 hits and 7 records
2025-09-18 23:39:59,212 - INFO - Completed /viper/ptmp/arego/RC4K1_EN_100/7712.h5 in 12.33 seconds
2025-09-18 23:39:59,435 - INFO - Processing /viper/ptmp/arego/RC4K1/5019.h5
2025-09-18 23:39:59,449 - INFO - File 404: Filtered 2288513 hits and 4 records
2025-09-18 23:39:59,470 - INFO - File 18286: Filtered 4004650 hits and 8 records
2025-09-18 23:39:59,565 - INFO - Completed /viper/ptmp/arego/RC4K1_EN_100/26762.h5 in 13.02 seconds
2025-09-18 23:39:59,760 - INFO - Processing /viper/ptmp/arego/RC4K1/4176.h5
2025-09-18 23:40:00,222 - INFO - File 6973: Filtered 3601269 hits and 6 records
2025-09-18 23:40:00,290 - INFO - Completed /viper/ptmp/arego/RC4K1_EN_100/29418.h5 in 10.99 seconds
2025-09-18 23:40:00,449 - INFO - Completed /viper/ptmp/arego/RC4K1_EN_100/5885.h5 in 5.10 seconds
2025-09-18 23:40:00,463 - INFO - Processing /viper/ptmp/arego/RC4K1/27689.h5
2025-09-18 23:40:00,622 - INFO - Processing /viper/ptmp/arego/RC4K1/17450.h5
2025-09-18 23:40:01,199 - INFO - File 4176: Filtered 4006285 hits and 4 records
2025-09-18 23:40:01,379 - INFO - File 5019: Filtered 4850903 hits and 6 records
2025-09-18 23:40:01,968 - INFO - File 17450: Filtered 4092388 hits and 7 records
2025-09-18 23:40:02,115 - INFO - Completed /viper/ptmp/arego/RC4K1_EN_100/5529.h5 in 13.41 seconds
2025-09-18 23:40:02,126 - INFO - File 27689: Filtered 4585703 hits and 6 records
2025-09-18 23:40:02,150 - INFO - Completed /viper/ptmp/arego/RC4K1_EN_100/4928.h5 in 14.05 seconds
2025-09-18 23:40:02,322 - INFO - Processing /viper/ptmp/arego/RC4K1/29696.h5
2025-09-18 23:40:02,340 - INFO - Processing /viper/ptmp/arego/RC4K1/18287.h5
2025-09-18 23:40:03,000 - INFO - Completed /viper/ptmp/arego/RC4K1_EN_100/9338.h5 in 16.21 seconds
2025-09-18 23:40:03,174 - INFO - Processing /viper/ptmp/arego/RC4K1/21170.h5
2025-09-18 23:40:03,698 - INFO - File 18287: Filtered 5235944 hits and 5 records
2025-09-18 23:40:03,745 - INFO - File 29696: Filtered 2473932 hits and 5 records
2025-09-18 23:40:03,840 - INFO - Completed /viper/ptmp/arego/RC4K1_EN_100/6647.h5 in 6.32 seconds
2025-09-18 23:40:04,015 - INFO - Processing /viper/ptmp/arego/RC4K1/104.h5
2025-09-18 23:40:04,031 - INFO - Completed /viper/ptmp/arego/RC4K1_EN_100/18233.h5 in 16.48 seconds
2025-09-18 23:40:04,082 - INFO - Completed /viper/ptmp/arego/RC4K1_EN_100/18053.h5 in 7.98 seconds
2025-09-18 23:40:04,262 - INFO - Processing /viper/ptmp/arego/RC4K1/28232.h5
2025-09-18 23:40:04,265 - INFO - Processing /viper/ptmp/arego/RC4K1/11219.h5
2025-09-18 23:40:04,772 - INFO - File 21170: Filtered 2023403 hits and 7 records
2025-09-18 23:40:05,382 - INFO - File 104: Filtered 1710332 hits and 8 records
2025-09-18 23:40:05,810 - INFO - File 11219: Filtered 4393910 hits and 9 records
2025-09-18 23:40:06,138 - INFO - File 28232: Filtered 6171520 hits and 7 records
2025-09-18 23:40:06,186 - INFO - Completed /viper/ptmp/arego/RC4K1_EN_100/16811.h5 in 10.87 seconds
2025-09-18 23:40:06,363 - INFO - Processing /viper/ptmp/arego/RC4K1/6231.h5
2025-09-18 23:40:06,756 - INFO - Completed /viper/ptmp/arego/RC4K1_EN_100/7296.h5 in 13.92 seconds
2025-09-18 23:40:06,928 - INFO - Processing /viper/ptmp/arego/RC4K1/26366.h5
2025-09-18 23:40:07,438 - INFO - Completed /viper/ptmp/arego/RC4K1_EN_100/16665.h5 in 16.04 seconds
2025-09-18 23:40:07,587 - INFO - Completed /viper/ptmp/arego/RC4K1_EN_100/4136.h5 in 17.00 seconds
2025-09-18 23:40:07,609 - INFO - Processing /viper/ptmp/arego/RC4K1/28100.h5
2025-09-18 23:40:07,804 - INFO - Processing /viper/ptmp/arego/RC4K1/9828.h5
2025-09-18 23:40:07,885 - INFO - File 6231: Filtered 5591851 hits and 5 records
2025-09-18 23:40:08,107 - INFO - Completed /viper/ptmp/arego/RC4K1_EN_100/19437.h5 in 16.78 seconds
2025-09-18 23:40:08,321 - INFO - File 26366: Filtered 4850983 hits and 7 records
2025-09-18 23:40:08,380 - INFO - Processing /viper/ptmp/arego/RC4K1/28865.h5
2025-09-18 23:40:09,173 - INFO - File 28100: Filtered 5133837 hits and 11 records
2025-09-18 23:40:09,540 - INFO - File 9828: Filtered 8008734 hits and 7 records
2025-09-18 23:40:10,062 - INFO - Completed /viper/ptmp/arego/RC4K1_EN_100/18287.h5 in 7.72 seconds
2025-09-18 23:40:10,230 - INFO - File 28865: Filtered 7286055 hits and 9 records
2025-09-18 23:40:10,239 - INFO - Processing /viper/ptmp/arego/RC4K1/5241.h5
2025-09-18 23:40:11,502 - INFO - Completed /viper/ptmp/arego/RC4K1_EN_100/7475.h5 in 20.97 seconds
2025-09-18 23:40:11,539 - INFO - Completed /viper/ptmp/arego/RC4K1_EN_100/12508.h5 in 17.87 seconds
2025-09-18 23:40:11,566 - INFO - Completed /viper/ptmp/arego/RC4K1_EN_100/17450.h5 in 10.94 seconds
2025-09-18 23:40:11,694 - INFO - Processing /viper/ptmp/arego/RC4K1/27834.h5
2025-09-18 23:40:11,704 - INFO - Processing /viper/ptmp/arego/RC4K1/10191.h5
2025-09-18 23:40:11,730 - INFO - File 5241: Filtered 5606138 hits and 8 records
2025-09-18 23:40:11,832 - INFO - Completed /viper/ptmp/arego/RC4K1_EN_100/4176.h5 in 12.07 seconds
2025-09-18 23:40:12,330 - INFO - Processing /viper/ptmp/arego/RC4K1/3072.h5
2025-09-18 23:40:12,414 - INFO - Completed /viper/ptmp/arego/RC4K1_EN_100/4028.h5 in 18.73 seconds
2025-09-18 23:40:12,583 - INFO - Processing /viper/ptmp/arego/RC4K1/27483.h5
2025-09-18 23:40:12,952 - INFO - Processing /viper/ptmp/arego/RC4K1/27440.h5
2025-09-18 23:40:13,235 - INFO - File 27834: Filtered 4217710 hits and 8 records
2025-09-18 23:40:13,300 - INFO - Completed /viper/ptmp/arego/RC4K1_EN_100/23172.h5 in 20.33 seconds
2025-09-18 23:40:13,413 - INFO - Completed /viper/ptmp/arego/RC4K1_EN_100/6973.h5 in 14.62 seconds
2025-09-18 23:40:13,557 - INFO - File 10191: Filtered 7786580 hits and 9 records
2025-09-18 23:40:13,583 - INFO - Processing /viper/ptmp/arego/RC4K1/5643.h5
2025-09-18 23:40:14,096 - INFO - File 3072: Filtered 2688823 hits and 5 records
2025-09-18 23:40:14,174 - INFO - File 27483: Filtered 1232810 hits and 4 records
2025-09-18 23:40:14,332 - INFO - Completed /viper/ptmp/arego/RC4K1_EN_100/18286.h5 in 16.26 seconds
2025-09-18 23:40:14,520 - INFO - Processing /viper/ptmp/arego/RC4K1/19096.h5
2025-09-18 23:40:14,696 - INFO - File 27440: Filtered 5984267 hits and 7 records
2025-09-18 23:40:15,459 - INFO - File 5643: Filtered 5090095 hits and 7 records
2025-09-18 23:40:15,551 - INFO - Processing /viper/ptmp/arego/RC4K1/8347.h5
2025-09-18 23:40:16,146 - INFO - Completed /viper/ptmp/arego/RC4K1_EN_100/9828.h5 in 8.34 seconds
2025-09-18 23:40:16,275 - INFO - File 19096: Filtered 3863943 hits and 9 records
2025-09-18 23:40:16,303 - INFO - Completed /viper/ptmp/arego/RC4K1_EN_100/404.h5 in 18.24 seconds
2025-09-18 23:40:16,309 - INFO - Processing /viper/ptmp/arego/RC4K1/3479.h5
2025-09-18 23:40:16,477 - INFO - Processing /viper/ptmp/arego/RC4K1/29083.h5
2025-09-18 23:40:17,132 - INFO - File 8347: Filtered 6133426 hits and 5 records
2025-09-18 23:40:17,767 - INFO - Completed /viper/ptmp/arego/RC4K1_EN_100/5019.h5 in 18.33 seconds
2025-09-18 23:40:17,859 - INFO - Completed /viper/ptmp/arego/RC4K1_EN_100/26366.h5 in 10.93 seconds
2025-09-18 23:40:17,926 - INFO - Completed /viper/ptmp/arego/RC4K1_EN_100/6231.h5 in 11.56 seconds
2025-09-18 23:40:17,947 - INFO - Processing /viper/ptmp/arego/RC4K1/17435.h5
2025-09-18 23:40:18,036 - INFO - File 29083: Filtered 6573326 hits and 8 records
2025-09-18 23:40:18,055 - INFO - Processing /viper/ptmp/arego/RC4K1/14509.h5
2025-09-18 23:40:18,110 - INFO - Processing /viper/ptmp/arego/RC4K1/25744.h5
2025-09-18 23:40:18,239 - INFO - File 3479: Filtered 2387858 hits and 8 records
2025-09-18 23:40:18,474 - INFO - Completed /viper/ptmp/arego/RC4K1_EN_100/5241.h5 in 8.24 seconds
2025-09-18 23:40:18,825 - INFO - Completed /viper/ptmp/arego/RC4K1_EN_100/28100.h5 in 11.22 seconds
2025-09-18 23:40:18,908 - INFO - Processing /viper/ptmp/arego/RC4K1/25431.h5
2025-09-18 23:40:19,065 - INFO - Completed /viper/ptmp/arego/RC4K1_EN_100/11219.h5 in 14.80 seconds
2025-09-18 23:40:19,260 - INFO - Processing /viper/ptmp/arego/RC4K1/26768.h5
2025-09-18 23:40:19,624 - INFO - Processing /viper/ptmp/arego/RC4K1/23051.h5
2025-09-18 23:40:19,663 - INFO - File 14509: Filtered 5429445 hits and 6 records
2025-09-18 23:40:19,744 - INFO - Completed /viper/ptmp/arego/RC4K1_EN_100/18918.h5 in 22.61 seconds
2025-09-18 23:40:19,876 - INFO - File 25744: Filtered 6629340 hits and 11 records
2025-09-18 23:40:19,920 - INFO - File 17435: Filtered 3227555 hits and 3 records
2025-09-18 23:40:19,974 - INFO - Completed /viper/ptmp/arego/RC4K1_EN_100/28232.h5 in 15.71 seconds
2025-09-18 23:40:19,988 - INFO - Processing /viper/ptmp/arego/RC4K1/9060.h5
2025-09-18 23:40:20,006 - INFO - Completed /viper/ptmp/arego/RC4K1_EN_100/28865.h5 in 11.63 seconds
2025-09-18 23:40:20,666 - INFO - File 25431: Filtered 3121951 hits and 8 records
2025-09-18 23:40:20,791 - INFO - Processing /viper/ptmp/arego/RC4K1/23085.h5
2025-09-18 23:40:21,052 - INFO - Completed /viper/ptmp/arego/RC4K1_EN_100/20623.h5 in 26.82 seconds
2025-09-18 23:40:21,167 - INFO - File 26768: Filtered 6904634 hits and 9 records
2025-09-18 23:40:21,355 - INFO - Processing /viper/ptmp/arego/RC4K1/13829.h5
2025-09-18 23:40:21,519 - INFO - File 23051: Filtered 5673565 hits and 7 records
2025-09-18 23:40:21,895 - INFO - Completed /viper/ptmp/arego/RC4K1_EN_100/10191.h5 in 10.19 seconds
2025-09-18 23:40:21,985 - INFO - File 9060: Filtered 4921107 hits and 2 records
2025-09-18 23:40:22,464 - INFO - Processing /viper/ptmp/arego/RC4K1/13820.h5
2025-09-18 23:40:22,690 - INFO - File 23085: Filtered 3643758 hits and 8 records
2025-09-18 23:40:23,323 - INFO - Processing /viper/ptmp/arego/RC4K1/19369.h5
2025-09-18 23:40:23,390 - INFO - Completed /viper/ptmp/arego/RC4K1_EN_100/27440.h5 in 10.44 seconds
2025-09-18 23:40:23,403 - INFO - File 13829: Filtered 7445998 hits and 7 records
2025-09-18 23:40:23,560 - INFO - Processing /viper/ptmp/arego/RC4K1/8227.h5
2025-09-18 23:40:23,573 - INFO - Completed /viper/ptmp/arego/RC4K1_EN_100/27689.h5 in 23.11 seconds
2025-09-18 23:40:23,997 - INFO - Processing /viper/ptmp/arego/RC4K1/29831.h5
2025-09-18 23:40:24,568 - INFO - File 13820: Filtered 8749823 hits and 12 records
2025-09-18 23:40:24,825 - INFO - Completed /viper/ptmp/arego/RC4K1_EN_100/29083.h5 in 8.35 seconds
2025-09-18 23:40:25,015 - INFO - Processing /viper/ptmp/arego/RC4K1/5457.h5
2025-09-18 23:40:25,257 - INFO - File 19369: Filtered 5038904 hits and 10 records
2025-09-18 23:40:25,298 - INFO - File 8227: Filtered 3197171 hits and 5 records
2025-09-18 23:40:25,542 - INFO - Completed /viper/ptmp/arego/RC4K1_EN_100/29696.h5 in 23.22 seconds
2025-09-18 23:40:25,689 - INFO - Completed /viper/ptmp/arego/RC4K1_EN_100/104.h5 in 21.67 seconds
2025-09-18 23:40:25,771 - INFO - Processing /viper/ptmp/arego/RC4K1/17761.h5
2025-09-18 23:40:26,032 - INFO - File 29831: Filtered 7358227 hits and 8 records
2025-09-18 23:40:26,042 - INFO - Processing /viper/ptmp/arego/RC4K1/17384.h5
2025-09-18 23:40:26,712 - INFO - File 5457: Filtered 7545522 hits and 6 records
2025-09-18 23:40:27,169 - INFO - Completed /viper/ptmp/arego/RC4K1_EN_100/8347.h5 in 11.62 seconds
2025-09-18 23:40:27,222 - INFO - Completed /viper/ptmp/arego/RC4K1_EN_100/27834.h5 in 15.53 seconds
2025-09-18 23:40:27,343 - INFO - Processing /viper/ptmp/arego/RC4K1/10005.h5
2025-09-18 23:40:27,412 - INFO - Processing /viper/ptmp/arego/RC4K1/13919.h5
2025-09-18 23:40:27,780 - INFO - File 17761: Filtered 7234065 hits and 6 records
2025-09-18 23:40:27,938 - INFO - File 17384: Filtered 4197194 hits and 9 records
2025-09-18 23:40:28,303 - INFO - Completed /viper/ptmp/arego/RC4K1_EN_100/5643.h5 in 14.72 seconds
2025-09-18 23:40:28,469 - INFO - Processing /viper/ptmp/arego/RC4K1/24266.h5
2025-09-18 23:40:28,477 - INFO - Completed /viper/ptmp/arego/RC4K1_EN_100/25744.h5 in 10.37 seconds
2025-09-18 23:40:28,693 - INFO - Completed /viper/ptmp/arego/RC4K1_EN_100/21170.h5 in 25.52 seconds
2025-09-18 23:40:29,003 - INFO - File 10005: Filtered 8079106 hits and 5 records
2025-09-18 23:40:29,122 - INFO - Processing /viper/ptmp/arego/RC4K1/19963.h5
2025-09-18 23:40:29,291 - INFO - File 13919: Filtered 8064768 hits and 8 records
2025-09-18 23:40:29,722 - INFO - Processing /viper/ptmp/arego/RC4K1/25102.h5
2025-09-18 23:40:30,338 - INFO - File 24266: Filtered 2015179 hits and 3 records
2025-09-18 23:40:30,535 - INFO - Completed /viper/ptmp/arego/RC4K1_EN_100/26768.h5 in 11.28 seconds
2025-09-18 23:40:30,725 - INFO - Processing /viper/ptmp/arego/RC4K1/8424.h5
2025-09-18 23:40:30,898 - INFO - File 19963: Filtered 7801833 hits and 6 records
2025-09-18 23:40:31,684 - INFO - File 25102: Filtered 6170880 hits and 8 records
2025-09-18 23:40:32,046 - INFO - Completed /viper/ptmp/arego/RC4K1_EN_100/14509.h5 in 13.99 seconds
2025-09-18 23:40:32,276 - INFO - Processing /viper/ptmp/arego/RC4K1/6142.h5
2025-09-18 23:40:32,303 - INFO - Completed /viper/ptmp/arego/RC4K1_EN_100/5457.h5 in 7.29 seconds
2025-09-18 23:40:32,529 - INFO - Completed /viper/ptmp/arego/RC4K1_EN_100/13820.h5 in 10.07 seconds
2025-09-18 23:40:32,730 - INFO - File 8424: Filtered 4648946 hits and 4 records
2025-09-18 23:40:32,757 - INFO - Processing /viper/ptmp/arego/RC4K1/27310.h5
2025-09-18 23:40:32,933 - INFO - Processing /viper/ptmp/arego/RC4K1/26744.h5
2025-09-18 23:40:33,322 - INFO - Completed /viper/ptmp/arego/RC4K1_EN_100/3072.h5 in 20.99 seconds
2025-09-18 23:40:33,378 - INFO - Completed /viper/ptmp/arego/RC4K1_EN_100/23051.h5 in 13.75 seconds
2025-09-18 23:40:33,498 - INFO - Processing /viper/ptmp/arego/RC4K1/9871.h5
2025-09-18 23:40:33,948 - INFO - Completed /viper/ptmp/arego/RC4K1_EN_100/13919.h5 in 6.54 seconds
2025-09-18 23:40:34,206 - INFO - File 6142: Filtered 2341340 hits and 4 records
2025-09-18 23:40:34,247 - INFO - Processing /viper/ptmp/arego/RC4K1/5845.h5
2025-09-18 23:40:34,758 - INFO - Completed /viper/ptmp/arego/RC4K1_EN_100/10005.h5 in 7.42 seconds
2025-09-18 23:40:34,793 - INFO - File 27310: Filtered 7411480 hits and 4 records
2025-09-18 23:40:34,910 - INFO - Processing /viper/ptmp/arego/RC4K1/8343.h5
2025-09-18 23:40:35,047 - INFO - File 26744: Filtered 2902887 hits and 6 records
2025-09-18 23:40:35,070 - INFO - Processing /viper/ptmp/arego/RC4K1/25046.h5
2025-09-18 23:40:35,764 - INFO - File 9871: Filtered 3503968 hits and 6 records
2025-09-18 23:40:36,500 - INFO - File 5845: Filtered 8734178 hits and 11 records
2025-09-18 23:40:36,556 - INFO - Completed /viper/ptmp/arego/RC4K1_EN_100/17761.h5 in 10.78 seconds
2025-09-18 23:40:36,733 - INFO - Processing /viper/ptmp/arego/RC4K1/11014.h5
2025-09-18 23:40:36,998 - INFO - File 8343: Filtered 6442223 hits and 6 records
2025-09-18 23:40:37,188 - INFO - Completed /viper/ptmp/arego/RC4K1_EN_100/19096.h5 in 22.67 seconds
2025-09-18 23:40:37,249 - INFO - File 25046: Filtered 7237502 hits and 6 records
2025-09-18 23:40:37,495 - INFO - Completed /viper/ptmp/arego/RC4K1_EN_100/13829.h5 in 16.14 seconds
2025-09-18 23:40:37,595 - INFO - Processing /viper/ptmp/arego/RC4K1/12624.h5
2025-09-18 23:40:37,717 - INFO - Processing /viper/ptmp/arego/RC4K1/23649.h5
2025-09-18 23:40:38,751 - INFO - File 11014: Filtered 2820764 hits and 6 records
2025-09-18 23:40:38,902 - INFO - Completed /viper/ptmp/arego/RC4K1_EN_100/19963.h5 in 9.78 seconds
2025-09-18 23:40:39,243 - INFO - Processing /viper/ptmp/arego/RC4K1/24659.h5
2025-09-18 23:40:39,341 - INFO - Completed /viper/ptmp/arego/RC4K1_EN_100/29831.h5 in 15.34 seconds
2025-09-18 23:40:39,570 - INFO - Processing /viper/ptmp/arego/RC4K1/13952.h5
2025-09-18 23:40:39,590 - INFO - File 12624: Filtered 6130218 hits and 8 records
2025-09-18 23:40:40,012 - INFO - File 23649: Filtered 7179509 hits and 5 records
2025-09-18 23:40:40,526 - INFO - Completed /viper/ptmp/arego/RC4K1_EN_100/5845.h5 in 6.28 seconds
2025-09-18 23:40:40,686 - INFO - Processing /viper/ptmp/arego/RC4K1/6612.h5
2025-09-18 23:40:41,235 - INFO - Completed /viper/ptmp/arego/RC4K1_EN_100/27483.h5 in 28.65 seconds
2025-09-18 23:40:41,275 - INFO - File 24659: Filtered 3684103 hits and 6 records
2025-09-18 23:40:41,408 - INFO - Processing /viper/ptmp/arego/RC4K1/26840.h5
2025-09-18 23:40:41,543 - INFO - File 13952: Filtered 7779578 hits and 9 records
2025-09-18 23:40:42,575 - INFO - File 6612: Filtered 5907407 hits and 8 records
2025-09-18 23:40:43,304 - INFO - File 26840: Filtered 3948052 hits and 6 records
2025-09-18 23:40:43,392 - INFO - Completed /viper/ptmp/arego/RC4K1_EN_100/25431.h5 in 24.48 seconds
2025-09-18 23:40:43,603 - INFO - Processing /viper/ptmp/arego/RC4K1/9582.h5
2025-09-18 23:40:44,852 - INFO - Completed /viper/ptmp/arego/RC4K1_EN_100/9060.h5 in 24.86 seconds
2025-09-18 23:40:45,081 - INFO - Processing /viper/ptmp/arego/RC4K1/5691.h5
2025-09-18 23:40:45,575 - INFO - File 9582: Filtered 3066643 hits and 3 records
2025-09-18 23:40:45,776 - INFO - Completed /viper/ptmp/arego/RC4K1_EN_100/25102.h5 in 16.05 seconds
2025-09-18 23:40:45,931 - INFO - Processing /viper/ptmp/arego/RC4K1/29494.h5
2025-09-18 23:40:46,294 - INFO - Completed /viper/ptmp/arego/RC4K1_EN_100/17435.h5 in 28.35 seconds
2025-09-18 23:40:46,450 - INFO - Processing /viper/ptmp/arego/RC4K1/21393.h5
2025-09-18 23:40:46,670 - INFO - Completed /viper/ptmp/arego/RC4K1_EN_100/19369.h5 in 23.35 seconds
2025-09-18 23:40:46,889 - INFO - Completed /viper/ptmp/arego/RC4K1_EN_100/17384.h5 in 20.85 seconds
2025-09-18 23:40:47,025 - INFO - Processing /viper/ptmp/arego/RC4K1/29226.h5
2025-09-18 23:40:47,059 - INFO - Processing /viper/ptmp/arego/RC4K1/29713.h5
2025-09-18 23:40:47,139 - INFO - File 5691: Filtered 8148164 hits and 5 records
2025-09-18 23:40:47,491 - INFO - Completed /viper/ptmp/arego/RC4K1_EN_100/3479.h5 in 31.18 seconds
2025-09-18 23:40:47,672 - INFO - Processing /viper/ptmp/arego/RC4K1/23665.h5
2025-09-18 23:40:47,931 - INFO - Completed /viper/ptmp/arego/RC4K1_EN_100/8227.h5 in 24.37 seconds
2025-09-18 23:40:47,955 - INFO - File 29494: Filtered 4568041 hits and 8 records
2025-09-18 23:40:48,043 - INFO - Completed /viper/ptmp/arego/RC4K1_EN_100/25046.h5 in 12.97 seconds
2025-09-18 23:40:48,133 - INFO - Processing /viper/ptmp/arego/RC4K1/1228.h5
2025-09-18 23:40:48,685 - INFO - File 21393: Filtered 5444347 hits and 4 records
2025-09-18 23:40:48,837 - INFO - Processing /viper/ptmp/arego/RC4K1/24259.h5
2025-09-18 23:40:49,011 - INFO - File 29713: Filtered 6287484 hits and 8 records
2025-09-18 23:40:49,307 - INFO - File 29226: Filtered 8573981 hits and 9 records
2025-09-18 23:40:49,893 - INFO - File 23665: Filtered 8755920 hits and 8 records
2025-09-18 23:40:50,151 - INFO - File 1228: Filtered 7279893 hits and 5 records
2025-09-18 23:40:50,280 - INFO - Completed /viper/ptmp/arego/RC4K1_EN_100/23085.h5 in 29.49 seconds
2025-09-18 23:40:50,445 - INFO - Processing /viper/ptmp/arego/RC4K1/21451.h5
2025-09-18 23:40:50,970 - INFO - Completed /viper/ptmp/arego/RC4K1_EN_100/27310.h5 in 18.21 seconds
2025-09-18 23:40:51,058 - INFO - File 24259: Filtered 6994245 hits and 9 records
2025-09-18 23:40:51,191 - INFO - Processing /viper/ptmp/arego/RC4K1/23354.h5
2025-09-18 23:40:52,460 - INFO - File 21451: Filtered 7351882 hits and 6 records
2025-09-18 23:40:53,005 - INFO - Completed /viper/ptmp/arego/RC4K1_EN_100/8424.h5 in 22.28 seconds
2025-09-18 23:40:53,092 - INFO - Completed /viper/ptmp/arego/RC4K1_EN_100/13952.h5 in 13.52 seconds
2025-09-18 23:40:53,168 - INFO - Processing /viper/ptmp/arego/RC4K1/15364.h5
2025-09-18 23:40:53,363 - INFO - Processing /viper/ptmp/arego/RC4K1/27733.h5
2025-09-18 23:40:53,516 - INFO - File 23354: Filtered 5805277 hits and 7 records
2025-09-18 23:40:55,134 - INFO - File 15364: Filtered 5760511 hits and 8 records
2025-09-18 23:40:55,454 - INFO - File 27733: Filtered 6948036 hits and 10 records
2025-09-18 23:40:55,785 - INFO - Completed /viper/ptmp/arego/RC4K1_EN_100/12624.h5 in 18.19 seconds
2025-09-18 23:40:55,950 - INFO - Processing /viper/ptmp/arego/RC4K1/24218.h5
2025-09-18 23:40:56,339 - INFO - Completed /viper/ptmp/arego/RC4K1_EN_100/23649.h5 in 18.62 seconds
2025-09-18 23:40:56,606 - INFO - Processing /viper/ptmp/arego/RC4K1/17227.h5
2025-09-18 23:40:56,769 - INFO - Completed /viper/ptmp/arego/RC4K1_EN_100/8343.h5 in 21.86 seconds
2025-09-18 23:40:56,973 - INFO - Processing /viper/ptmp/arego/RC4K1/23394.h5
2025-09-18 23:40:57,922 - INFO - File 24218: Filtered 8176011 hits and 10 records
2025-09-18 23:40:58,544 - INFO - Completed /viper/ptmp/arego/RC4K1_EN_100/6612.h5 in 17.86 seconds
2025-09-18 23:40:58,715 - INFO - File 17227: Filtered 5109822 hits and 7 records
2025-09-18 23:40:58,720 - INFO - Processing /viper/ptmp/arego/RC4K1/17232.h5
2025-09-18 23:40:59,033 - INFO - File 23394: Filtered 5511854 hits and 4 records
2025-09-18 23:40:59,098 - INFO - Completed /viper/ptmp/arego/RC4K1_EN_100/9871.h5 in 25.60 seconds
2025-09-18 23:40:59,537 - INFO - Completed /viper/ptmp/arego/RC4K1_EN_100/23665.h5 in 11.86 seconds
2025-09-18 23:40:59,601 - INFO - Processing /viper/ptmp/arego/RC4K1/15223.h5
2025-09-18 23:40:59,689 - INFO - Processing /viper/ptmp/arego/RC4K1/25280.h5
2025-09-18 23:40:59,821 - INFO - Completed /viper/ptmp/arego/RC4K1_EN_100/5691.h5 in 14.74 seconds
2025-09-18 23:41:00,218 - INFO - Completed /viper/ptmp/arego/RC4K1_EN_100/24266.h5 in 31.75 seconds
2025-09-18 23:41:00,337 - INFO - Processing /viper/ptmp/arego/RC4K1/2234.h5
2025-09-18 23:41:00,363 - INFO - Completed /viper/ptmp/arego/RC4K1_EN_100/29226.h5 in 13.34 seconds
2025-09-18 23:41:00,444 - INFO - Processing /viper/ptmp/arego/RC4K1/12968.h5
2025-09-18 23:41:00,539 - INFO - Completed /viper/ptmp/arego/RC4K1_EN_100/6142.h5 in 28.26 seconds
2025-09-18 23:41:00,618 - INFO - Completed /viper/ptmp/arego/RC4K1_EN_100/26744.h5 in 27.68 seconds
2025-09-18 23:41:00,766 - INFO - Processing /viper/ptmp/arego/RC4K1/16180.h5
2025-09-18 23:41:00,789 - INFO - File 17232: Filtered 3634341 hits and 5 records
2025-09-18 23:41:00,900 - INFO - Processing /viper/ptmp/arego/RC4K1/2757.h5
2025-09-18 23:41:01,669 - INFO - Processing /viper/ptmp/arego/RC4K1/19226.h5
2025-09-18 23:41:01,821 - INFO - File 25280: Filtered 8442758 hits and 11 records
2025-09-18 23:41:01,863 - INFO - Completed /viper/ptmp/arego/RC4K1_EN_100/1228.h5 in 13.73 seconds
2025-09-18 23:41:01,977 - INFO - File 15223: Filtered 4217929 hits and 4 records
2025-09-18 23:41:02,559 - INFO - Processing /viper/ptmp/arego/RC4K1/28288.h5
2025-09-18 23:41:02,719 - INFO - File 2234: Filtered 3891176 hits and 7 records
2025-09-18 23:41:03,019 - INFO - File 16180: Filtered 10018505 hits and 6 records
2025-09-18 23:41:03,139 - INFO - File 12968: Filtered 6085206 hits and 7 records
2025-09-18 23:41:03,225 - INFO - File 2757: Filtered 7968402 hits and 9 records
2025-09-18 23:41:03,894 - INFO - File 19226: Filtered 5748570 hits and 6 records
2025-09-18 23:41:04,872 - INFO - File 28288: Filtered 10085106 hits and 8 records
2025-09-18 23:41:05,172 - INFO - Completed /viper/ptmp/arego/RC4K1_EN_100/24259.h5 in 16.34 seconds
2025-09-18 23:41:05,176 - INFO - Completed /viper/ptmp/arego/RC4K1_EN_100/29713.h5 in 18.12 seconds
2025-09-18 23:41:05,369 - INFO - Processing /viper/ptmp/arego/RC4K1/15033.h5
2025-09-18 23:41:05,951 - INFO - Processing /viper/ptmp/arego/RC4K1/8527.h5
2025-09-18 23:41:06,727 - INFO - Completed /viper/ptmp/arego/RC4K1_EN_100/16180.h5 in 5.96 seconds
2025-09-18 23:41:06,951 - INFO - Processing /viper/ptmp/arego/RC4K1/26023.h5
2025-09-18 23:41:07,421 - INFO - Completed /viper/ptmp/arego/RC4K1_EN_100/24659.h5 in 28.18 seconds
2025-09-18 23:41:07,483 - INFO - File 15033: Filtered 5553090 hits and 6 records
2025-09-18 23:41:07,616 - INFO - Processing /viper/ptmp/arego/RC4K1/20734.h5
2025-09-18 23:41:08,020 - INFO - Completed /viper/ptmp/arego/RC4K1_EN_100/21451.h5 in 17.57 seconds
2025-09-18 23:41:08,186 - INFO - Processing /viper/ptmp/arego/RC4K1/11804.h5
2025-09-18 23:41:08,347 - INFO - Completed /viper/ptmp/arego/RC4K1_EN_100/26840.h5 in 26.94 seconds
2025-09-18 23:41:08,546 - INFO - Processing /viper/ptmp/arego/RC4K1/19008.h5
2025-09-18 23:41:08,615 - INFO - File 8527: Filtered 3210245 hits and 5 records
2025-09-18 23:41:08,640 - INFO - Completed /viper/ptmp/arego/RC4K1_EN_100/28288.h5 in 6.08 seconds
2025-09-18 23:41:08,921 - INFO - Processing /viper/ptmp/arego/RC4K1/29398.h5
2025-09-18 23:41:09,279 - INFO - Completed /viper/ptmp/arego/RC4K1_EN_100/11014.h5 in 32.55 seconds
2025-09-18 23:41:09,325 - INFO - File 26023: Filtered 6692632 hits and 9 records
2025-09-18 23:41:09,455 - INFO - Processing /viper/ptmp/arego/RC4K1/7239.h5
2025-09-18 23:41:09,685 - INFO - File 20734: Filtered 7234174 hits and 8 records
2025-09-18 23:41:10,372 - INFO - Completed /viper/ptmp/arego/RC4K1_EN_100/21393.h5 in 23.92 seconds
2025-09-18 23:41:10,561 - INFO - Processing /viper/ptmp/arego/RC4K1/10136.h5
2025-09-18 23:41:10,591 - INFO - File 11804: Filtered 7868443 hits and 12 records
2025-09-18 23:41:10,798 - INFO - Completed /viper/ptmp/arego/RC4K1_EN_100/24218.h5 in 14.85 seconds
2025-09-18 23:41:11,005 - INFO - File 19008: Filtered 6877615 hits and 11 records
2025-09-18 23:41:11,030 - INFO - Processing /viper/ptmp/arego/RC4K1/25220.h5
2025-09-18 23:41:11,069 - INFO - File 29398: Filtered 6659885 hits and 6 records
2025-09-18 23:41:12,182 - INFO - File 7239: Filtered 5956417 hits and 5 records
2025-09-18 23:41:12,245 - INFO - Completed /viper/ptmp/arego/RC4K1_EN_100/29494.h5 in 26.31 seconds
2025-09-18 23:41:12,432 - INFO - Processing /viper/ptmp/arego/RC4K1/9572.h5
2025-09-18 23:41:12,898 - INFO - File 10136: Filtered 8369708 hits and 11 records
2025-09-18 23:41:13,361 - INFO - Completed /viper/ptmp/arego/RC4K1_EN_100/9582.h5 in 29.76 seconds
2025-09-18 23:41:13,526 - INFO - File 25220: Filtered 6083427 hits and 6 records
2025-09-18 23:41:13,545 - INFO - Processing /viper/ptmp/arego/RC4K1/21484.h5
2025-09-18 23:41:14,511 - INFO - Completed /viper/ptmp/arego/RC4K1_EN_100/15364.h5 in 21.34 seconds
2025-09-18 23:41:14,676 - INFO - File 9572: Filtered 10893207 hits and 7 records
2025-09-18 23:41:14,680 - INFO - Processing /viper/ptmp/arego/RC4K1/1007.h5
2025-09-18 23:41:15,248 - INFO - Completed /viper/ptmp/arego/RC4K1_EN_100/25280.h5 in 15.56 seconds
2025-09-18 23:41:15,301 - INFO - Completed /viper/ptmp/arego/RC4K1_EN_100/27733.h5 in 21.94 seconds
2025-09-18 23:41:15,445 - INFO - Processing /viper/ptmp/arego/RC4K1/16440.h5
2025-09-18 23:41:15,627 - INFO - File 21484: Filtered 7456771 hits and 6 records
2025-09-18 23:41:16,084 - INFO - Processing /viper/ptmp/arego/RC4K1/1975.h5
2025-09-18 23:41:16,923 - INFO - File 1007: Filtered 6352613 hits and 7 records
2025-09-18 23:41:17,845 - INFO - File 16440: Filtered 6270873 hits and 6 records
2025-09-18 23:41:18,426 - INFO - File 1975: Filtered 7394380 hits and 7 records
2025-09-18 23:41:19,349 - INFO - Completed /viper/ptmp/arego/RC4K1_EN_100/2757.h5 in 18.45 seconds
2025-09-18 23:41:19,515 - INFO - Completed /viper/ptmp/arego/RC4K1_EN_100/23354.h5 in 28.32 seconds
2025-09-18 23:41:19,574 - INFO - Processing /viper/ptmp/arego/RC4K1/1227.h5
2025-09-18 23:41:19,829 - INFO - Completed /viper/ptmp/arego/RC4K1_EN_100/9572.h5 in 7.40 seconds
2025-09-18 23:41:19,982 - INFO - Processing /viper/ptmp/arego/RC4K1/731.h5
2025-09-18 23:41:20,131 - INFO - Processing /viper/ptmp/arego/RC4K1/11470.h5
2025-09-18 23:41:21,661 - INFO - Completed /viper/ptmp/arego/RC4K1_EN_100/23394.h5 in 24.69 seconds
2025-09-18 23:41:21,914 - INFO - Processing /viper/ptmp/arego/RC4K1/10756.h5
2025-09-18 23:41:22,129 - INFO - File 1227: Filtered 11100305 hits and 7 records
2025-09-18 23:41:22,343 - INFO - File 731: Filtered 5492076 hits and 5 records
2025-09-18 23:41:22,455 - INFO - File 11470: Filtered 11359071 hits and 6 records
2025-09-18 23:41:23,977 - INFO - Completed /viper/ptmp/arego/RC4K1_EN_100/19226.h5 in 22.31 seconds
2025-09-18 23:41:24,151 - INFO - Processing /viper/ptmp/arego/RC4K1/4995.h5
2025-09-18 23:41:24,327 - INFO - File 10756: Filtered 6554416 hits and 7 records
2025-09-18 23:41:25,587 - INFO - Completed /viper/ptmp/arego/RC4K1_EN_100/12968.h5 in 25.14 seconds
2025-09-18 23:41:25,844 - INFO - Processing /viper/ptmp/arego/RC4K1/3877.h5
2025-09-18 23:41:26,263 - INFO - File 4995: Filtered 7802554 hits and 6 records
2025-09-18 23:41:26,656 - INFO - Completed /viper/ptmp/arego/RC4K1_EN_100/26023.h5 in 19.70 seconds
2025-09-18 23:41:26,823 - INFO - Processing /viper/ptmp/arego/RC4K1/4130.h5
2025-09-18 23:41:27,121 - INFO - Completed /viper/ptmp/arego/RC4K1_EN_100/17232.h5 in 28.40 seconds
2025-09-18 23:41:27,317 - INFO - Completed /viper/ptmp/arego/RC4K1_EN_100/11804.h5 in 19.13 seconds
2025-09-18 23:41:27,521 - INFO - Processing /viper/ptmp/arego/RC4K1/14025.h5
2025-09-18 23:41:27,522 - INFO - Processing /viper/ptmp/arego/RC4K1/28366.h5
2025-09-18 23:41:27,550 - INFO - Completed /viper/ptmp/arego/RC4K1_EN_100/17227.h5 in 30.94 seconds
2025-09-18 23:41:27,623 - INFO - Completed /viper/ptmp/arego/RC4K1_EN_100/15223.h5 in 28.02 seconds
2025-09-18 23:41:28,017 - INFO - Completed /viper/ptmp/arego/RC4K1_EN_100/10136.h5 in 17.46 seconds
2025-09-18 23:41:28,087 - INFO - Processing /viper/ptmp/arego/RC4K1/28885.h5
2025-09-18 23:41:28,147 - INFO - File 3877: Filtered 9241942 hits and 8 records
2025-09-18 23:41:28,151 - INFO - Processing /viper/ptmp/arego/RC4K1/2462.h5
2025-09-18 23:41:28,569 - INFO - Completed /viper/ptmp/arego/RC4K1_EN_100/20734.h5 in 20.95 seconds
2025-09-18 23:41:28,705 - INFO - Processing /viper/ptmp/arego/RC4K1/19224.h5
2025-09-18 23:41:28,740 - INFO - Processing /viper/ptmp/arego/RC4K1/18731.h5
2025-09-18 23:41:29,063 - INFO - Completed /viper/ptmp/arego/RC4K1_EN_100/29398.h5 in 20.14 seconds
2025-09-18 23:41:29,328 - INFO - Processing /viper/ptmp/arego/RC4K1/28721.h5
2025-09-18 23:41:29,421 - INFO - File 4130: Filtered 6925098 hits and 6 records
2025-09-18 23:41:29,472 - INFO - Completed /viper/ptmp/arego/RC4K1_EN_100/21484.h5 in 15.93 seconds
2025-09-18 23:41:29,646 - INFO - Completed /viper/ptmp/arego/RC4K1_EN_100/15033.h5 in 24.28 seconds
2025-09-18 23:41:29,795 - INFO - Completed /viper/ptmp/arego/RC4K1_EN_100/11470.h5 in 9.66 seconds
2025-09-18 23:41:30,003 - INFO - File 14025: Filtered 5692069 hits and 7 records
2025-09-18 23:41:30,083 - INFO - File 28366: Filtered 5506075 hits and 5 records
2025-09-18 23:41:30,144 - INFO - Processing /viper/ptmp/arego/RC4K1/7396.h5
2025-09-18 23:41:30,340 - INFO - Processing /viper/ptmp/arego/RC4K1/21463.h5
2025-09-18 23:41:30,411 - INFO - Completed /viper/ptmp/arego/RC4K1_EN_100/1227.h5 in 10.84 seconds
2025-09-18 23:41:30,567 - INFO - Completed /viper/ptmp/arego/RC4K1_EN_100/19008.h5 in 22.02 seconds
2025-09-18 23:41:30,664 - INFO - File 2462: Filtered 9578627 hits and 8 records
2025-09-18 23:41:30,756 - INFO - File 28885: Filtered 8207464 hits and 9 records
2025-09-18 23:41:30,793 - INFO - Processing /viper/ptmp/arego/RC4K1/20985.h5
2025-09-18 23:41:31,068 - INFO - Processing /viper/ptmp/arego/RC4K1/21661.h5
2025-09-18 23:41:31,196 - INFO - Processing /viper/ptmp/arego/RC4K1/7890.h5
2025-09-18 23:41:31,288 - INFO - File 18731: Filtered 6504605 hits and 7 records
2025-09-18 23:41:31,316 - INFO - File 19224: Filtered 12302912 hits and 6 records
2025-09-18 23:41:31,815 - INFO - File 28721: Filtered 9757175 hits and 8 records
2025-09-18 23:41:32,811 - INFO - File 21463: Filtered 9461653 hits and 7 records
2025-09-18 23:41:33,070 - INFO - File 7396: Filtered 5891361 hits and 8 records
2025-09-18 23:41:33,247 - INFO - File 20985: Filtered 9671122 hits and 5 records
2025-09-18 23:41:33,726 - INFO - File 21661: Filtered 7402703 hits and 9 records
2025-09-18 23:41:33,739 - INFO - File 7890: Filtered 5164894 hits and 8 records
2025-09-18 23:41:35,848 - INFO - Completed /viper/ptmp/arego/RC4K1_EN_100/2234.h5 in 35.51 seconds
2025-09-18 23:41:36,029 - INFO - Processing /viper/ptmp/arego/RC4K1/14454.h5
2025-09-18 23:41:36,122 - INFO - Completed /viper/ptmp/arego/RC4K1_EN_100/19224.h5 in 7.42 seconds
2025-09-18 23:41:36,500 - INFO - Completed /viper/ptmp/arego/RC4K1_EN_100/25220.h5 in 25.47 seconds
2025-09-18 23:41:36,637 - INFO - Processing /viper/ptmp/arego/RC4K1/16220.h5
2025-09-18 23:41:36,651 - INFO - Processing /viper/ptmp/arego/RC4K1/662.h5
2025-09-18 23:41:37,456 - INFO - Completed /viper/ptmp/arego/RC4K1_EN_100/7239.h5 in 28.00 seconds
2025-09-18 23:41:37,649 - INFO - Processing /viper/ptmp/arego/RC4K1/17087.h5
2025-09-18 23:41:38,372 - INFO - File 14454: Filtered 9217471 hits and 5 records
2025-09-18 23:41:39,258 - INFO - File 662: Filtered 4045252 hits and 9 records
2025-09-18 23:41:39,354 - INFO - File 16220: Filtered 5291987 hits and 7 records
2025-09-18 23:41:40,002 - INFO - Completed /viper/ptmp/arego/RC4K1_EN_100/4995.h5 in 15.85 seconds
2025-09-18 23:41:40,167 - INFO - Processing /viper/ptmp/arego/RC4K1/28091.h5
2025-09-18 23:41:40,211 - INFO - File 17087: Filtered 10811301 hits and 6 records
2025-09-18 23:41:40,360 - INFO - Completed /viper/ptmp/arego/RC4K1_EN_100/28721.h5 in 11.03 seconds
2025-09-18 23:41:40,486 - INFO - Completed /viper/ptmp/arego/RC4K1_EN_100/1007.h5 in 25.81 seconds
2025-09-18 23:41:40,681 - INFO - Completed /viper/ptmp/arego/RC4K1_EN_100/8527.h5 in 34.73 seconds
2025-09-18 23:41:40,702 - INFO - Processing /viper/ptmp/arego/RC4K1/4416.h5
2025-09-18 23:41:40,851 - INFO - Processing /viper/ptmp/arego/RC4K1/16603.h5
2025-09-18 23:41:41,059 - INFO - Completed /viper/ptmp/arego/RC4K1_EN_100/3877.h5 in 15.21 seconds
2025-09-18 23:41:41,377 - INFO - Processing /viper/ptmp/arego/RC4K1/2625.h5
2025-09-18 23:41:41,454 - INFO - Processing /viper/ptmp/arego/RC4K1/16655.h5
2025-09-18 23:41:41,666 - INFO - Completed /viper/ptmp/arego/RC4K1_EN_100/1975.h5 in 25.58 seconds
2025-09-18 23:41:41,941 - INFO - Processing /viper/ptmp/arego/RC4K1/9089.h5
2025-09-18 23:41:42,650 - INFO - File 28091: Filtered 6607649 hits and 7 records
2025-09-18 23:41:43,194 - INFO - File 4416: Filtered 4812214 hits and 8 records
2025-09-18 23:41:43,816 - INFO - File 16603: Filtered 5078260 hits and 5 records
2025-09-18 23:41:43,917 - INFO - Completed /viper/ptmp/arego/RC4K1_EN_100/16440.h5 in 28.47 seconds
2025-09-18 23:41:43,954 - INFO - File 2625: Filtered 7128493 hits and 9 records
2025-09-18 23:41:44,080 - INFO - Processing /viper/ptmp/arego/RC4K1/9124.h5
2025-09-18 23:41:44,305 - INFO - File 16655: Filtered 8212250 hits and 9 records
2025-09-18 23:41:44,496 - INFO - File 9089: Filtered 8815131 hits and 6 records
2025-09-18 23:41:44,537 - INFO - Completed /viper/ptmp/arego/RC4K1_EN_100/20985.h5 in 13.74 seconds
2025-09-18 23:41:44,786 - INFO - Processing /viper/ptmp/arego/RC4K1/22559.h5
2025-09-18 23:41:45,161 - INFO - Completed /viper/ptmp/arego/RC4K1_EN_100/28885.h5 in 17.07 seconds
2025-09-18 23:41:45,329 - INFO - Processing /viper/ptmp/arego/RC4K1/9682.h5
2025-09-18 23:41:45,754 - INFO - Completed /viper/ptmp/arego/RC4K1_EN_100/21463.h5 in 15.41 seconds
2025-09-18 23:41:46,207 - INFO - Processing /viper/ptmp/arego/RC4K1/8475.h5
2025-09-18 23:41:46,781 - INFO - File 9124: Filtered 9610250 hits and 6 records
2025-09-18 23:41:47,122 - INFO - Completed /viper/ptmp/arego/RC4K1_EN_100/10756.h5 in 25.21 seconds
2025-09-18 23:41:47,304 - INFO - Processing /viper/ptmp/arego/RC4K1/2471.h5
2025-09-18 23:41:47,459 - INFO - File 22559: Filtered 8547191 hits and 6 records
2025-09-18 23:41:47,806 - INFO - File 9682: Filtered 8521199 hits and 7 records
2025-09-18 23:41:47,844 - INFO - Completed /viper/ptmp/arego/RC4K1_EN_100/4130.h5 in 21.02 seconds
2025-09-18 23:41:48,078 - INFO - Processing /viper/ptmp/arego/RC4K1/15729.h5
2025-09-18 23:41:48,363 - INFO - Completed /viper/ptmp/arego/RC4K1_EN_100/2462.h5 in 20.21 seconds
2025-09-18 23:41:48,719 - INFO - Processing /viper/ptmp/arego/RC4K1/19149.h5
2025-09-18 23:41:48,793 - INFO - Completed /viper/ptmp/arego/RC4K1_EN_100/17087.h5 in 11.14 seconds
2025-09-18 23:41:48,960 - INFO - Processing /viper/ptmp/arego/RC4K1/25384.h5
2025-09-18 23:41:49,180 - INFO - File 8475: Filtered 4365935 hits and 5 records
2025-09-18 23:41:49,342 - INFO - Completed /viper/ptmp/arego/RC4K1_EN_100/731.h5 in 29.36 seconds
2025-09-18 23:41:49,671 - INFO - Processing /viper/ptmp/arego/RC4K1/1205.h5
2025-09-18 23:41:50,028 - INFO - File 2471: Filtered 5470710 hits and 6 records
2025-09-18 23:41:50,690 - INFO - File 15729: Filtered 10443059 hits and 9 records
2025-09-18 23:41:51,836 - INFO - File 19149: Filtered 6798259 hits and 9 records
2025-09-18 23:41:51,897 - INFO - File 25384: Filtered 5471631 hits and 7 records
2025-09-18 23:41:52,507 - INFO - File 1205: Filtered 8609936 hits and 10 records
2025-09-18 23:41:54,415 - INFO - Completed /viper/ptmp/arego/RC4K1_EN_100/18731.h5 in 25.68 seconds
2025-09-18 23:41:54,567 - INFO - Processing /viper/ptmp/arego/RC4K1/22566.h5
2025-09-18 23:41:55,083 - INFO - Completed /viper/ptmp/arego/RC4K1_EN_100/28366.h5 in 27.56 seconds
2025-09-18 23:41:55,251 - INFO - Processing /viper/ptmp/arego/RC4K1/20943.h5
2025-09-18 23:41:57,161 - INFO - File 22566: Filtered 10872155 hits and 8 records
2025-09-18 23:41:57,793 - INFO - File 20943: Filtered 5216524 hits and 5 records
2025-09-18 23:41:57,999 - INFO - Completed /viper/ptmp/arego/RC4K1_EN_100/14454.h5 in 21.97 seconds
2025-09-18 23:41:58,262 - INFO - Processing /viper/ptmp/arego/RC4K1/5205.h5
2025-09-18 23:41:59,304 - INFO - Completed /viper/ptmp/arego/RC4K1_EN_100/21661.h5 in 28.24 seconds
2025-09-18 23:41:59,480 - INFO - Processing /viper/ptmp/arego/RC4K1/28460.h5
2025-09-18 23:42:00,650 - INFO - Completed /viper/ptmp/arego/RC4K1_EN_100/14025.h5 in 33.13 seconds
2025-09-18 23:42:00,822 - INFO - Processing /viper/ptmp/arego/RC4K1/17339.h5
2025-09-18 23:42:00,929 - INFO - File 5205: Filtered 6903515 hits and 8 records
2025-09-18 23:42:00,952 - INFO - Completed /viper/ptmp/arego/RC4K1_EN_100/16655.h5 in 19.50 seconds
2025-09-18 23:42:01,113 - INFO - Processing /viper/ptmp/arego/RC4K1/10580.h5
2025-09-18 23:42:01,289 - INFO - Completed /viper/ptmp/arego/RC4K1_EN_100/7890.h5 in 30.09 seconds
2025-09-18 23:42:01,897 - INFO - Processing /viper/ptmp/arego/RC4K1/27399.h5
2025-09-18 23:42:02,237 - INFO - Completed /viper/ptmp/arego/RC4K1_EN_100/15729.h5 in 14.16 seconds
2025-09-18 23:42:02,317 - INFO - File 28460: Filtered 5510040 hits and 4 records
2025-09-18 23:42:02,410 - INFO - Processing /viper/ptmp/arego/RC4K1/1346.h5
2025-09-18 23:42:03,666 - INFO - File 10580: Filtered 8235324 hits and 8 records
2025-09-18 23:42:03,770 - INFO - File 17339: Filtered 7256360 hits and 7 records
2025-09-18 23:42:05,112 - INFO - File 27399: Filtered 8558996 hits and 10 records
2025-09-18 23:42:05,308 - INFO - Completed /viper/ptmp/arego/RC4K1_EN_100/7396.h5 in 35.16 seconds
2025-09-18 23:42:05,385 - INFO - File 1346: Filtered 5503556 hits and 6 records
2025-09-18 23:42:05,479 - INFO - Processing /viper/ptmp/arego/RC4K1/29225.h5
2025-09-18 23:42:06,031 - INFO - Completed /viper/ptmp/arego/RC4K1_EN_100/9682.h5 in 20.70 seconds
2025-09-18 23:42:06,066 - INFO - Completed /viper/ptmp/arego/RC4K1_EN_100/28091.h5 in 25.90 seconds
2025-09-18 23:42:06,197 - INFO - Processing /viper/ptmp/arego/RC4K1/11999.h5
2025-09-18 23:42:06,773 - INFO - Completed /viper/ptmp/arego/RC4K1_EN_100/9124.h5 in 22.69 seconds
2025-09-18 23:42:06,863 - INFO - Processing /viper/ptmp/arego/RC4K1/24583.h5
2025-09-18 23:42:06,943 - INFO - Processing /viper/ptmp/arego/RC4K1/12663.h5
2025-09-18 23:42:07,018 - INFO - Completed /viper/ptmp/arego/RC4K1_EN_100/22559.h5 in 22.23 seconds
2025-09-18 23:42:07,174 - INFO - Processing /viper/ptmp/arego/RC4K1/28250.h5
2025-09-18 23:42:07,972 - INFO - Completed /viper/ptmp/arego/RC4K1_EN_100/2625.h5 in 26.60 seconds
2025-09-18 23:42:08,171 - INFO - File 29225: Filtered 10925698 hits and 6 records
2025-09-18 23:42:08,194 - INFO - Processing /viper/ptmp/arego/RC4K1/25873.h5
2025-09-18 23:42:08,786 - INFO - File 11999: Filtered 6302543 hits and 6 records
2025-09-18 23:42:09,690 - INFO - File 24583: Filtered 7253988 hits and 8 records
2025-09-18 23:42:09,883 - INFO - File 12663: Filtered 9165179 hits and 11 records
2025-09-18 23:42:10,020 - INFO - File 28250: Filtered 4572937 hits and 4 records
2025-09-18 23:42:10,196 - INFO - Completed /viper/ptmp/arego/RC4K1_EN_100/9089.h5 in 28.25 seconds
2025-09-18 23:42:10,424 - INFO - Processing /viper/ptmp/arego/RC4K1/27893.h5
2025-09-18 23:42:10,424 - INFO - Completed /viper/ptmp/arego/RC4K1_EN_100/22566.h5 in 15.86 seconds
2025-09-18 23:42:10,676 - INFO - Processing /viper/ptmp/arego/RC4K1/16519.h5
2025-09-18 23:42:11,194 - INFO - File 25873: Filtered 6826307 hits and 7 records
2025-09-18 23:42:13,080 - INFO - Completed /viper/ptmp/arego/RC4K1_EN_100/16603.h5 in 32.23 seconds
2025-09-18 23:42:13,246 - INFO - Processing /viper/ptmp/arego/RC4K1/10811.h5
2025-09-18 23:42:13,425 - INFO - File 16519: Filtered 8262782 hits and 9 records
2025-09-18 23:42:13,767 - INFO - File 27893: Filtered 7942132 hits and 8 records
2025-09-18 23:42:13,881 - INFO - Completed /viper/ptmp/arego/RC4K1_EN_100/1205.h5 in 24.21 seconds
2025-09-18 23:42:14,051 - INFO - Processing /viper/ptmp/arego/RC4K1/23333.h5
2025-09-18 23:42:14,660 - INFO - Completed /viper/ptmp/arego/RC4K1_EN_100/662.h5 in 38.01 seconds
2025-09-18 23:42:14,865 - INFO - Processing /viper/ptmp/arego/RC4K1/25276.h5
2025-09-18 23:42:15,791 - INFO - File 10811: Filtered 9466365 hits and 8 records
2025-09-18 23:42:16,435 - INFO - Completed /viper/ptmp/arego/RC4K1_EN_100/16220.h5 in 39.80 seconds
2025-09-18 23:42:16,465 - INFO - Completed /viper/ptmp/arego/RC4K1_EN_100/4416.h5 in 35.76 seconds
2025-09-18 23:42:16,608 - INFO - Processing /viper/ptmp/arego/RC4K1/18911.h5
2025-09-18 23:42:16,698 - INFO - Processing /viper/ptmp/arego/RC4K1/7741.h5
2025-09-18 23:42:16,748 - INFO - File 23333: Filtered 4791133 hits and 5 records
2025-09-18 23:42:17,751 - INFO - File 25276: Filtered 4039619 hits and 7 records
2025-09-18 23:42:19,879 - INFO - File 7741: Filtered 6204697 hits and 7 records
2025-09-18 23:42:19,947 - INFO - File 18911: Filtered 5655124 hits and 6 records
2025-09-18 23:42:22,562 - INFO - Completed /viper/ptmp/arego/RC4K1_EN_100/2471.h5 in 35.26 seconds
2025-09-18 23:42:22,723 - INFO - Processing /viper/ptmp/arego/RC4K1/8023.h5
2025-09-18 23:42:24,221 - INFO - Completed /viper/ptmp/arego/RC4K1_EN_100/10580.h5 in 23.11 seconds
2025-09-18 23:42:24,387 - INFO - Processing /viper/ptmp/arego/RC4K1/10961.h5
2025-09-18 23:42:24,499 - INFO - Completed /viper/ptmp/arego/RC4K1_EN_100/27399.h5 in 22.60 seconds
2025-09-18 23:42:25,146 - INFO - Processing /viper/ptmp/arego/RC4K1/29464.h5
2025-09-18 23:42:25,521 - INFO - File 8023: Filtered 9825792 hits and 8 records
2025-09-18 23:42:25,646 - INFO - Completed /viper/ptmp/arego/RC4K1_EN_100/8475.h5 in 39.44 seconds
2025-09-18 23:42:26,032 - INFO - Processing /viper/ptmp/arego/RC4K1/18879.h5
2025-09-18 23:42:26,056 - INFO - Completed /viper/ptmp/arego/RC4K1_EN_100/29225.h5 in 20.58 seconds
2025-09-18 23:42:26,227 - INFO - Processing /viper/ptmp/arego/RC4K1/27873.h5
2025-09-18 23:42:26,980 - INFO - File 10961: Filtered 9892901 hits and 8 records
2025-09-18 23:42:27,428 - INFO - Completed /viper/ptmp/arego/RC4K1_EN_100/25384.h5 in 38.47 seconds
2025-09-18 23:42:27,583 - INFO - Processing /viper/ptmp/arego/RC4K1/9328.h5
2025-09-18 23:42:27,935 - INFO - File 29464: Filtered 10828134 hits and 4 records
2025-09-18 23:42:28,902 - INFO - File 18879: Filtered 12385088 hits and 8 records
2025-09-18 23:42:29,007 - INFO - Completed /viper/ptmp/arego/RC4K1_EN_100/20943.h5 in 33.76 seconds
2025-09-18 23:42:29,166 - INFO - Processing /viper/ptmp/arego/RC4K1/27933.h5
2025-09-18 23:42:29,602 - INFO - File 27873: Filtered 8688457 hits and 9 records
2025-09-18 23:42:30,287 - INFO - File 9328: Filtered 6204042 hits and 6 records
2025-09-18 23:42:31,455 - INFO - Completed /viper/ptmp/arego/RC4K1_EN_100/19149.h5 in 42.74 seconds
2025-09-18 23:42:31,613 - INFO - Processing /viper/ptmp/arego/RC4K1/8100.h5
2025-09-18 23:42:31,680 - INFO - File 27933: Filtered 10095062 hits and 7 records
2025-09-18 23:42:31,759 - INFO - Completed /viper/ptmp/arego/RC4K1_EN_100/10811.h5 in 18.51 seconds
2025-09-18 23:42:31,926 - INFO - Processing /viper/ptmp/arego/RC4K1/13966.h5
2025-09-18 23:42:32,473 - INFO - Completed /viper/ptmp/arego/RC4K1_EN_100/5205.h5 in 34.21 seconds
2025-09-18 23:42:32,699 - INFO - Processing /viper/ptmp/arego/RC4K1/11798.h5
2025-09-18 23:42:34,216 - INFO - Completed /viper/ptmp/arego/RC4K1_EN_100/18879.h5 in 8.18 seconds
2025-09-18 23:42:34,388 - INFO - Processing /viper/ptmp/arego/RC4K1/23234.h5
2025-09-18 23:42:34,516 - INFO - File 13966: Filtered 9859568 hits and 7 records
2025-09-18 23:42:34,609 - INFO - Completed /viper/ptmp/arego/RC4K1_EN_100/24583.h5 in 27.75 seconds
2025-09-18 23:42:34,631 - INFO - File 8100: Filtered 8177103 hits and 7 records
2025-09-18 23:42:34,983 - INFO - Completed /viper/ptmp/arego/RC4K1_EN_100/12663.h5 in 28.04 seconds
2025-09-18 23:42:35,136 - INFO - Processing /viper/ptmp/arego/RC4K1/4289.h5
2025-09-18 23:42:35,177 - INFO - Processing /viper/ptmp/arego/RC4K1/8063.h5
2025-09-18 23:42:35,604 - INFO - Completed /viper/ptmp/arego/RC4K1_EN_100/1346.h5 in 33.19 seconds
2025-09-18 23:42:35,731 - INFO - Completed /viper/ptmp/arego/RC4K1_EN_100/17339.h5 in 34.91 seconds
2025-09-18 23:42:35,758 - INFO - Processing /viper/ptmp/arego/RC4K1/27852.h5
2025-09-18 23:42:35,783 - INFO - File 11798: Filtered 9244153 hits and 8 records
2025-09-18 23:42:35,904 - INFO - Processing /viper/ptmp/arego/RC4K1/16097.h5
2025-09-18 23:42:37,102 - INFO - File 23234: Filtered 8392078 hits and 9 records
2025-09-18 23:42:37,197 - INFO - Completed /viper/ptmp/arego/RC4K1_EN_100/11999.h5 in 31.00 seconds
2025-09-18 23:42:37,455 - INFO - Processing /viper/ptmp/arego/RC4K1/1355.h5
2025-09-18 23:42:38,282 - INFO - File 4289: Filtered 12433543 hits and 5 records
2025-09-18 23:42:38,453 - INFO - File 8063: Filtered 4881923 hits and 5 records
2025-09-18 23:42:38,970 - INFO - File 27852: Filtered 9697604 hits and 6 records
2025-09-18 23:42:39,095 - INFO - File 16097: Filtered 12700379 hits and 7 records
2025-09-18 23:42:40,215 - INFO - Completed /viper/ptmp/arego/RC4K1_EN_100/29464.h5 in 15.07 seconds
2025-09-18 23:42:40,432 - INFO - Processing /viper/ptmp/arego/RC4K1/24529.h5
2025-09-18 23:42:40,590 - INFO - Completed /viper/ptmp/arego/RC4K1_EN_100/28460.h5 in 41.11 seconds
2025-09-18 23:42:40,671 - INFO - File 1355: Filtered 8407131 hits and 7 records
2025-09-18 23:42:40,753 - INFO - Processing /viper/ptmp/arego/RC4K1/26475.h5
2025-09-18 23:42:41,144 - INFO - Completed /viper/ptmp/arego/RC4K1_EN_100/16519.h5 in 30.47 seconds
2025-09-18 23:42:41,352 - INFO - Processing /viper/ptmp/arego/RC4K1/3804.h5
2025-09-18 23:42:41,882 - INFO - Completed /viper/ptmp/arego/RC4K1_EN_100/10961.h5 in 17.49 seconds
2025-09-18 23:42:42,035 - INFO - Processing /viper/ptmp/arego/RC4K1/27757.h5
2025-09-18 23:42:42,609 - INFO - Completed /viper/ptmp/arego/RC4K1_EN_100/25873.h5 in 34.41 seconds
2025-09-18 23:42:42,782 - INFO - Processing /viper/ptmp/arego/RC4K1/19148.h5
2025-09-18 23:42:43,325 - INFO - File 24529: Filtered 7535081 hits and 9 records
2025-09-18 23:42:43,861 - INFO - File 26475: Filtered 12223691 hits and 6 records
2025-09-18 23:42:44,884 - INFO - File 3804: Filtered 4509858 hits and 5 records
2025-09-18 23:42:45,033 - INFO - File 27757: Filtered 9765074 hits and 10 records
2025-09-18 23:42:45,589 - INFO - File 19148: Filtered 9707142 hits and 6 records
2025-09-18 23:42:46,200 - INFO - Completed /viper/ptmp/arego/RC4K1_EN_100/27933.h5 in 17.03 seconds
2025-09-18 23:42:46,233 - INFO - Completed /viper/ptmp/arego/RC4K1_EN_100/8023.h5 in 23.51 seconds
2025-09-18 23:42:46,400 - INFO - Processing /viper/ptmp/arego/RC4K1/524.h5
2025-09-18 23:42:46,451 - INFO - Processing /viper/ptmp/arego/RC4K1/1202.h5
2025-09-18 23:42:47,769 - INFO - Completed /viper/ptmp/arego/RC4K1_EN_100/28250.h5 in 40.60 seconds
2025-09-18 23:42:47,933 - INFO - Processing /viper/ptmp/arego/RC4K1/9049.h5
2025-09-18 23:42:49,230 - INFO - File 524: Filtered 9319747 hits and 5 records
2025-09-18 23:42:49,351 - INFO - File 1202: Filtered 8976122 hits and 9 records
2025-09-18 23:42:50,715 - INFO - Completed /viper/ptmp/arego/RC4K1_EN_100/13966.h5 in 18.79 seconds
2025-09-18 23:42:50,762 - INFO - File 9049: Filtered 13712130 hits and 8 records
2025-09-18 23:42:50,918 - INFO - Processing /viper/ptmp/arego/RC4K1/2606.h5
2025-09-18 23:42:51,534 - INFO - Completed /viper/ptmp/arego/RC4K1_EN_100/27893.h5 in 41.11 seconds
2025-09-18 23:42:51,700 - INFO - Processing /viper/ptmp/arego/RC4K1/6796.h5
2025-09-18 23:42:53,557 - INFO - Completed /viper/ptmp/arego/RC4K1_EN_100/23333.h5 in 39.51 seconds
2025-09-18 23:42:53,721 - INFO - Processing /viper/ptmp/arego/RC4K1/22720.h5
2025-09-18 23:42:53,762 - INFO - File 2606: Filtered 2760846 hits and 4 records
2025-09-18 23:42:54,716 - INFO - File 6796: Filtered 13804473 hits and 8 records
2025-09-18 23:42:56,504 - INFO - File 22720: Filtered 13720377 hits and 8 records
2025-09-18 23:42:56,646 - INFO - Completed /viper/ptmp/arego/RC4K1_EN_100/16097.h5 in 20.74 seconds
2025-09-18 23:42:56,688 - INFO - Completed /viper/ptmp/arego/RC4K1_EN_100/7741.h5 in 39.99 seconds
2025-09-18 23:42:56,821 - INFO - Processing /viper/ptmp/arego/RC4K1/21794.h5
2025-09-18 23:42:56,845 - INFO - Processing /viper/ptmp/arego/RC4K1/3436.h5
2025-09-18 23:42:56,968 - INFO - Completed /viper/ptmp/arego/RC4K1_EN_100/4289.h5 in 21.83 seconds
2025-09-18 23:42:57,369 - INFO - Completed /viper/ptmp/arego/RC4K1_EN_100/27852.h5 in 21.61 seconds
2025-09-18 23:42:57,373 - INFO - Processing /viper/ptmp/arego/RC4K1/16632.h5
2025-09-18 23:42:57,563 - INFO - Processing /viper/ptmp/arego/RC4K1/20176.h5
2025-09-18 23:42:57,677 - INFO - Completed /viper/ptmp/arego/RC4K1_EN_100/25276.h5 in 42.81 seconds
2025-09-18 23:42:57,849 - INFO - Processing /viper/ptmp/arego/RC4K1/6945.h5
2025-09-18 23:42:58,615 - INFO - Completed /viper/ptmp/arego/RC4K1_EN_100/18911.h5 in 42.01 seconds
2025-09-18 23:42:58,786 - INFO - Processing /viper/ptmp/arego/RC4K1/18368.h5
2025-09-18 23:42:59,582 - INFO - Completed /viper/ptmp/arego/RC4K1_EN_100/23234.h5 in 25.19 seconds
2025-09-18 23:42:59,834 - INFO - Processing /viper/ptmp/arego/RC4K1/8431.h5
2025-09-18 23:43:00,118 - INFO - File 3436: Filtered 7456218 hits and 4 records
2025-09-18 23:43:00,266 - INFO - File 21794: Filtered 8372526 hits and 6 records
2025-09-18 23:43:00,289 - INFO - Completed /viper/ptmp/arego/RC4K1_EN_100/9049.h5 in 12.36 seconds
2025-09-18 23:43:00,332 - INFO - File 20176: Filtered 13725952 hits and 5 records
2025-09-18 23:43:00,541 - INFO - Processing /viper/ptmp/arego/RC4K1/23709.h5
2025-09-18 23:43:00,957 - INFO - File 16632: Filtered 10490618 hits and 6 records
2025-09-18 23:43:01,319 - INFO - File 6945: Filtered 8949381 hits and 8 records
2025-09-18 23:43:02,516 - INFO - File 18368: Filtered 11549991 hits and 11 records
2025-09-18 23:43:02,774 - INFO - File 8431: Filtered 2920793 hits and 7 records
2025-09-18 23:43:03,585 - INFO - File 23709: Filtered 6043068 hits and 5 records
2025-09-18 23:43:04,098 - INFO - Completed /viper/ptmp/arego/RC4K1_EN_100/26475.h5 in 23.34 seconds
2025-09-18 23:43:04,155 - INFO - Completed /viper/ptmp/arego/RC4K1_EN_100/1355.h5 in 26.70 seconds
2025-09-18 23:43:04,257 - INFO - Processing /viper/ptmp/arego/RC4K1/13085.h5
2025-09-18 23:43:04,345 - INFO - Processing /viper/ptmp/arego/RC4K1/14568.h5
2025-09-18 23:43:04,531 - INFO - Completed /viper/ptmp/arego/RC4K1_EN_100/9328.h5 in 36.95 seconds
2025-09-18 23:43:04,630 - INFO - Completed /viper/ptmp/arego/RC4K1_EN_100/22720.h5 in 10.91 seconds
2025-09-18 23:43:04,697 - INFO - Processing /viper/ptmp/arego/RC4K1/24197.h5
2025-09-18 23:43:05,354 - INFO - Processing /viper/ptmp/arego/RC4K1/25888.h5
2025-09-18 23:43:05,627 - INFO - Completed /viper/ptmp/arego/RC4K1_EN_100/27757.h5 in 23.59 seconds
2025-09-18 23:43:05,818 - INFO - Processing /viper/ptmp/arego/RC4K1/3480.h5
2025-09-18 23:43:06,342 - INFO - Completed /viper/ptmp/arego/RC4K1_EN_100/20176.h5 in 8.78 seconds
2025-09-18 23:43:06,532 - INFO - Processing /viper/ptmp/arego/RC4K1/5990.h5
2025-09-18 23:43:07,211 - INFO - File 14568: Filtered 12020650 hits and 9 records
2025-09-18 23:43:07,355 - INFO - Completed /viper/ptmp/arego/RC4K1_EN_100/11798.h5 in 34.66 seconds
2025-09-18 23:43:07,519 - INFO - Processing /viper/ptmp/arego/RC4K1/1500.h5
2025-09-18 23:43:07,792 - INFO - File 13085: Filtered 7758614 hits and 6 records
2025-09-18 23:43:07,947 - INFO - File 24197: Filtered 9937272 hits and 4 records
2025-09-18 23:43:08,128 - INFO - Completed /viper/ptmp/arego/RC4K1_EN_100/6796.h5 in 16.43 seconds
2025-09-18 23:43:08,457 - INFO - Processing /viper/ptmp/arego/RC4K1/24714.h5
2025-09-18 23:43:08,545 - INFO - Completed /viper/ptmp/arego/RC4K1_EN_100/19148.h5 in 25.76 seconds
2025-09-18 23:43:08,660 - INFO - Completed /viper/ptmp/arego/RC4K1_EN_100/27873.h5 in 42.43 seconds
2025-09-18 23:43:08,724 - INFO - Processing /viper/ptmp/arego/RC4K1/24317.h5
2025-09-18 23:43:08,728 - INFO - File 25888: Filtered 8676183 hits and 7 records
2025-09-18 23:43:09,018 - INFO - File 3480: Filtered 11526323 hits and 6 records
2025-09-18 23:43:09,088 - INFO - Processing /viper/ptmp/arego/RC4K1/25436.h5
2025-09-18 23:43:09,726 - INFO - File 5990: Filtered 9024461 hits and 5 records
2025-09-18 23:43:10,596 - INFO - File 1500: Filtered 8241145 hits and 7 records
2025-09-18 23:43:11,790 - INFO - File 24714: Filtered 10506151 hits and 9 records
2025-09-18 23:43:11,845 - INFO - File 24317: Filtered 6540117 hits and 9 records
2025-09-18 23:43:12,268 - INFO - Completed /viper/ptmp/arego/RC4K1_EN_100/524.h5 in 25.87 seconds
2025-09-18 23:43:12,422 - INFO - Processing /viper/ptmp/arego/RC4K1/26891.h5
2025-09-18 23:43:12,676 - INFO - Completed /viper/ptmp/arego/RC4K1_EN_100/24529.h5 in 32.24 seconds
2025-09-18 23:43:13,001 - INFO - File 25436: Filtered 7786923 hits and 8 records
2025-09-18 23:43:13,004 - INFO - Completed /viper/ptmp/arego/RC4K1_EN_100/8100.h5 in 41.39 seconds
2025-09-18 23:43:13,162 - INFO - Processing /viper/ptmp/arego/RC4K1/18554.h5
2025-09-18 23:43:13,175 - INFO - Processing /viper/ptmp/arego/RC4K1/8396.h5
2025-09-18 23:43:15,573 - INFO - File 26891: Filtered 5560828 hits and 5 records
2025-09-18 23:43:15,873 - INFO - Completed /viper/ptmp/arego/RC4K1_EN_100/8063.h5 in 40.70 seconds
2025-09-18 23:43:16,084 - INFO - Processing /viper/ptmp/arego/RC4K1/21970.h5
2025-09-18 23:43:16,256 - INFO - File 18554: Filtered 10035480 hits and 9 records
2025-09-18 23:43:16,411 - INFO - Completed /viper/ptmp/arego/RC4K1_EN_100/1202.h5 in 29.96 seconds
2025-09-18 23:43:16,589 - INFO - Processing /viper/ptmp/arego/RC4K1/6706.h5
2025-09-18 23:43:16,589 - INFO - File 8396: Filtered 10947116 hits and 11 records
2025-09-18 23:43:19,072 - INFO - File 21970: Filtered 7839020 hits and 7 records
2025-09-18 23:43:19,489 - INFO - File 6706: Filtered 9442617 hits and 10 records
2025-09-18 23:43:20,610 - INFO - Completed /viper/ptmp/arego/RC4K1_EN_100/14568.h5 in 16.26 seconds
2025-09-18 23:43:20,814 - INFO - Processing /viper/ptmp/arego/RC4K1/13920.h5
2025-09-18 23:43:23,713 - INFO - File 13920: Filtered 11555118 hits and 9 records
2025-09-18 23:43:24,676 - INFO - Completed /viper/ptmp/arego/RC4K1_EN_100/3480.h5 in 18.86 seconds
2025-09-18 23:43:24,840 - INFO - Processing /viper/ptmp/arego/RC4K1/6104.h5
2025-09-18 23:43:25,528 - INFO - Completed /viper/ptmp/arego/RC4K1_EN_100/18368.h5 in 26.74 seconds
2025-09-18 23:43:25,684 - INFO - Processing /viper/ptmp/arego/RC4K1/28447.h5
2025-09-18 23:43:27,880 - INFO - File 6104: Filtered 7195921 hits and 8 records
2025-09-18 23:43:27,936 - INFO - Completed /viper/ptmp/arego/RC4K1_EN_100/6945.h5 in 30.09 seconds
2025-09-18 23:43:28,071 - INFO - Completed /viper/ptmp/arego/RC4K1_EN_100/16632.h5 in 30.70 seconds
2025-09-18 23:43:28,110 - INFO - Processing /viper/ptmp/arego/RC4K1/7715.h5
2025-09-18 23:43:28,232 - INFO - Processing /viper/ptmp/arego/RC4K1/5091.h5
2025-09-18 23:43:28,277 - INFO - Completed /viper/ptmp/arego/RC4K1_EN_100/3804.h5 in 46.92 seconds
2025-09-18 23:43:28,952 - INFO - Processing /viper/ptmp/arego/RC4K1/23749.h5
2025-09-18 23:43:29,063 - INFO - File 28447: Filtered 4215913 hits and 6 records
2025-09-18 23:43:31,752 - INFO - File 5091: Filtered 10514551 hits and 9 records
2025-09-18 23:43:31,842 - INFO - File 7715: Filtered 9583290 hits and 6 records
2025-09-18 23:43:32,072 - INFO - Completed /viper/ptmp/arego/RC4K1_EN_100/24197.h5 in 27.38 seconds
2025-09-18 23:43:32,264 - INFO - Processing /viper/ptmp/arego/RC4K1/5175.h5
2025-09-18 23:43:32,325 - INFO - File 23749: Filtered 13854953 hits and 11 records
2025-09-18 23:43:35,071 - INFO - Completed /viper/ptmp/arego/RC4K1_EN_100/21794.h5 in 38.25 seconds
2025-09-18 23:43:35,227 - INFO - Completed /viper/ptmp/arego/RC4K1_EN_100/5990.h5 in 28.70 seconds
2025-09-18 23:43:35,230 - INFO - Processing /viper/ptmp/arego/RC4K1/20848.h5
2025-09-18 23:43:35,252 - INFO - File 5175: Filtered 8157972 hits and 4 records
2025-09-18 23:43:35,405 - INFO - Processing /viper/ptmp/arego/RC4K1/6689.h5
2025-09-18 23:43:36,562 - INFO - Completed /viper/ptmp/arego/RC4K1_EN_100/8396.h5 in 23.39 seconds
2025-09-18 23:43:36,714 - INFO - Completed /viper/ptmp/arego/RC4K1_EN_100/3436.h5 in 39.87 seconds
2025-09-18 23:43:36,838 - INFO - Processing /viper/ptmp/arego/RC4K1/15757.h5
2025-09-18 23:43:36,883 - INFO - Processing /viper/ptmp/arego/RC4K1/26630.h5
2025-09-18 23:43:38,148 - INFO - Completed /viper/ptmp/arego/RC4K1_EN_100/25888.h5 in 32.79 seconds
2025-09-18 23:43:38,309 - INFO - Processing /viper/ptmp/arego/RC4K1/7764.h5
2025-09-18 23:43:38,535 - INFO - File 6689: Filtered 6693379 hits and 8 records
2025-09-18 23:43:38,642 - INFO - Completed /viper/ptmp/arego/RC4K1_EN_100/2606.h5 in 47.72 seconds
2025-09-18 23:43:38,789 - INFO - File 20848: Filtered 8849289 hits and 7 records
2025-09-18 23:43:38,822 - INFO - Processing /viper/ptmp/arego/RC4K1/29368.h5
2025-09-18 23:43:39,893 - INFO - Completed /viper/ptmp/arego/RC4K1_EN_100/13920.h5 in 19.08 seconds
2025-09-18 23:43:40,079 - INFO - File 26630: Filtered 5727176 hits and 3 records
2025-09-18 23:43:40,096 - INFO - Processing /viper/ptmp/arego/RC4K1/22829.h5
2025-09-18 23:43:40,607 - INFO - File 15757: Filtered 8277527 hits and 6 records
2025-09-18 23:43:41,452 - INFO - File 7764: Filtered 9609563 hits and 5 records
2025-09-18 23:43:42,370 - INFO - File 29368: Filtered 2032832 hits and 5 records
2025-09-18 23:43:42,584 - INFO - Completed /viper/ptmp/arego/RC4K1_EN_100/23709.h5 in 42.04 seconds
2025-09-18 23:43:42,784 - INFO - Processing /viper/ptmp/arego/RC4K1/5972.h5
2025-09-18 23:43:43,592 - INFO - File 22829: Filtered 4540828 hits and 6 records
2025-09-18 23:43:44,533 - INFO - Completed /viper/ptmp/arego/RC4K1_EN_100/23749.h5 in 15.58 seconds
2025-09-18 23:43:44,687 - INFO - Processing /viper/ptmp/arego/RC4K1/16867.h5
2025-09-18 23:43:45,186 - INFO - Completed /viper/ptmp/arego/RC4K1_EN_100/13085.h5 in 40.93 seconds
2025-09-18 23:43:45,389 - INFO - Processing /viper/ptmp/arego/RC4K1/4578.h5
2025-09-18 23:43:45,772 - INFO - File 5972: Filtered 10620341 hits and 5 records
2025-09-18 23:43:45,863 - INFO - Completed /viper/ptmp/arego/RC4K1_EN_100/18554.h5 in 32.70 seconds
2025-09-18 23:43:46,031 - INFO - Processing /viper/ptmp/arego/RC4K1/10000.h5
2025-09-18 23:43:46,373 - INFO - Completed /viper/ptmp/arego/RC4K1_EN_100/6706.h5 in 29.78 seconds
2025-09-18 23:43:46,567 - INFO - Processing /viper/ptmp/arego/RC4K1/9141.h5
2025-09-18 23:43:47,211 - INFO - Completed /viper/ptmp/arego/RC4K1_EN_100/24714.h5 in 38.75 seconds
2025-09-18 23:43:47,491 - INFO - Processing /viper/ptmp/arego/RC4K1/1923.h5
2025-09-18 23:43:47,759 - INFO - File 16867: Filtered 12527051 hits and 8 records
2025-09-18 23:43:48,744 - INFO - File 4578: Filtered 12441500 hits and 8 records
2025-09-18 23:43:49,209 - INFO - Completed /viper/ptmp/arego/RC4K1_EN_100/25436.h5 in 40.12 seconds
2025-09-18 23:43:49,384 - INFO - Processing /viper/ptmp/arego/RC4K1/20425.h5
2025-09-18 23:43:49,573 - INFO - File 10000: Filtered 9509106 hits and 5 records
2025-09-18 23:43:49,709 - INFO - Completed /viper/ptmp/arego/RC4K1_EN_100/21970.h5 in 33.62 seconds
2025-09-18 23:43:49,813 - INFO - File 9141: Filtered 8635010 hits and 6 records
2025-09-18 23:43:49,908 - INFO - Processing /viper/ptmp/arego/RC4K1/16882.h5
2025-09-18 23:43:50,286 - INFO - Completed /viper/ptmp/arego/RC4K1_EN_100/8431.h5 in 50.45 seconds
2025-09-18 23:43:50,591 - INFO - Processing /viper/ptmp/arego/RC4K1/5436.h5
2025-09-18 23:43:51,461 - INFO - File 1923: Filtered 17467967 hits and 10 records
2025-09-18 23:43:51,468 - INFO - Completed /viper/ptmp/arego/RC4K1_EN_100/26891.h5 in 39.05 seconds
2025-09-18 23:43:51,636 - INFO - Processing /viper/ptmp/arego/RC4K1/10958.h5
2025-09-18 23:43:53,043 - INFO - File 20425: Filtered 7784096 hits and 7 records
2025-09-18 23:43:53,323 - INFO - File 16882: Filtered 9839062 hits and 9 records
2025-09-18 23:43:54,201 - INFO - File 5436: Filtered 9185592 hits and 9 records
2025-09-18 23:43:55,338 - INFO - File 10958: Filtered 5561886 hits and 4 records
2025-09-18 23:43:55,654 - INFO - Completed /viper/ptmp/arego/RC4K1_EN_100/24317.h5 in 46.93 seconds
2025-09-18 23:43:55,806 - INFO - Processing /viper/ptmp/arego/RC4K1/162.h5
2025-09-18 23:43:58,078 - INFO - Completed /viper/ptmp/arego/RC4K1_EN_100/1923.h5 in 10.59 seconds
2025-09-18 23:43:58,317 - INFO - Processing /viper/ptmp/arego/RC4K1/18653.h5
2025-09-18 23:43:58,694 - INFO - Completed /viper/ptmp/arego/RC4K1_EN_100/1500.h5 in 51.18 seconds
2025-09-18 23:43:58,854 - INFO - Processing /viper/ptmp/arego/RC4K1/21074.h5
2025-09-18 23:43:59,001 - INFO - File 162: Filtered 8692721 hits and 5 records
2025-09-18 23:43:59,399 - INFO - Completed /viper/ptmp/arego/RC4K1_EN_100/7715.h5 in 31.29 seconds
2025-09-18 23:43:59,616 - INFO - Processing /viper/ptmp/arego/RC4K1/23549.h5
2025-09-18 23:44:01,164 - INFO - Completed /viper/ptmp/arego/RC4K1_EN_100/5091.h5 in 32.93 seconds
2025-09-18 23:44:01,358 - INFO - Processing /viper/ptmp/arego/RC4K1/20697.h5
2025-09-18 23:44:02,490 - INFO - File 21074: Filtered 6419382 hits and 8 records
2025-09-18 23:44:02,675 - INFO - File 18653: Filtered 8238392 hits and 8 records
2025-09-18 23:44:02,896 - INFO - File 23549: Filtered 10242970 hits and 7 records
2025-09-18 23:44:04,022 - INFO - Completed /viper/ptmp/arego/RC4K1_EN_100/6104.h5 in 39.18 seconds
2025-09-18 23:44:04,175 - INFO - Processing /viper/ptmp/arego/RC4K1/28380.h5
2025-09-18 23:44:05,059 - INFO - File 20697: Filtered 6574601 hits and 6 records
2025-09-18 23:44:07,133 - INFO - Completed /viper/ptmp/arego/RC4K1_EN_100/16867.h5 in 22.45 seconds
2025-09-18 23:44:07,291 - INFO - Processing /viper/ptmp/arego/RC4K1/23910.h5
2025-09-18 23:44:07,320 - INFO - File 28380: Filtered 10007391 hits and 7 records
2025-09-18 23:44:09,882 - INFO - Completed /viper/ptmp/arego/RC4K1_EN_100/7764.h5 in 31.57 seconds
2025-09-18 23:44:10,095 - INFO - Processing /viper/ptmp/arego/RC4K1/22665.h5
2025-09-18 23:44:10,505 - INFO - File 23910: Filtered 8854222 hits and 8 records
2025-09-18 23:44:11,591 - INFO - Completed /viper/ptmp/arego/RC4K1_EN_100/5175.h5 in 39.33 seconds
2025-09-18 23:44:11,669 - INFO - Completed /viper/ptmp/arego/RC4K1_EN_100/4578.h5 in 26.28 seconds
2025-09-18 23:44:11,754 - INFO - Processing /viper/ptmp/arego/RC4K1/5253.h5
2025-09-18 23:44:11,826 - INFO - Processing /viper/ptmp/arego/RC4K1/29719.h5
2025-09-18 23:44:11,957 - INFO - Completed /viper/ptmp/arego/RC4K1_EN_100/15757.h5 in 35.12 seconds
2025-09-18 23:44:12,085 - INFO - Completed /viper/ptmp/arego/RC4K1_EN_100/5972.h5 in 29.30 seconds
2025-09-18 23:44:12,118 - INFO - Processing /viper/ptmp/arego/RC4K1/13986.h5
2025-09-18 23:44:12,472 - INFO - Processing /viper/ptmp/arego/RC4K1/19849.h5
2025-09-18 23:44:13,256 - INFO - File 22665: Filtered 10342965 hits and 8 records
2025-09-18 23:44:15,193 - INFO - File 5253: Filtered 15310252 hits and 5 records
2025-09-18 23:44:15,436 - INFO - File 13986: Filtered 8296384 hits and 6 records
2025-09-18 23:44:15,893 - INFO - File 29719: Filtered 7632501 hits and 3 records
2025-09-18 23:44:16,035 - INFO - File 19849: Filtered 9356857 hits and 8 records
2025-09-18 23:44:17,230 - INFO - Completed /viper/ptmp/arego/RC4K1_EN_100/6689.h5 in 41.83 seconds
2025-09-18 23:44:17,400 - INFO - Processing /viper/ptmp/arego/RC4K1/13309.h5
2025-09-18 23:44:19,717 - INFO - Completed /viper/ptmp/arego/RC4K1_EN_100/20848.h5 in 44.49 seconds
2025-09-18 23:44:19,879 - INFO - Processing /viper/ptmp/arego/RC4K1/7334.h5
2025-09-18 23:44:20,024 - INFO - Completed /viper/ptmp/arego/RC4K1_EN_100/16882.h5 in 30.12 seconds
2025-09-18 23:44:20,270 - INFO - Processing /viper/ptmp/arego/RC4K1/26442.h5
2025-09-18 23:44:20,335 - INFO - Completed /viper/ptmp/arego/RC4K1_EN_100/28447.h5 in 54.65 seconds
2025-09-18 23:44:20,500 - INFO - Processing /viper/ptmp/arego/RC4K1/24490.h5
2025-09-18 23:44:20,831 - INFO - File 13309: Filtered 4784942 hits and 7 records
2025-09-18 23:44:23,648 - INFO - File 7334: Filtered 11546045 hits and 5 records
2025-09-18 23:44:24,069 - INFO - Completed /viper/ptmp/arego/RC4K1_EN_100/5436.h5 in 33.48 seconds
2025-09-18 23:44:24,247 - INFO - Completed /viper/ptmp/arego/RC4K1_EN_100/9141.h5 in 37.68 seconds
2025-09-18 23:44:24,305 - INFO - File 24490: Filtered 13124944 hits and 7 records
2025-09-18 23:44:24,321 - INFO - Processing /viper/ptmp/arego/RC4K1/7335.h5
2025-09-18 23:44:24,323 - INFO - File 26442: Filtered 8772615 hits and 9 records
2025-09-18 23:44:24,429 - INFO - Processing /viper/ptmp/arego/RC4K1/24960.h5
2025-09-18 23:44:25,107 - INFO - Completed /viper/ptmp/arego/RC4K1_EN_100/26630.h5 in 48.22 seconds
2025-09-18 23:44:25,191 - INFO - Completed /viper/ptmp/arego/RC4K1_EN_100/5253.h5 in 13.44 seconds
2025-09-18 23:44:25,328 - INFO - Processing /viper/ptmp/arego/RC4K1/9542.h5
2025-09-18 23:44:26,325 - INFO - Processing /viper/ptmp/arego/RC4K1/4748.h5
2025-09-18 23:44:27,655 - INFO - Completed /viper/ptmp/arego/RC4K1_EN_100/10000.h5 in 41.62 seconds
2025-09-18 23:44:27,737 - INFO - File 7335: Filtered 9598102 hits and 10 records
2025-09-18 23:44:27,849 - INFO - Processing /viper/ptmp/arego/RC4K1/9857.h5
2025-09-18 23:44:28,250 - INFO - File 24960: Filtered 15959116 hits and 7 records
2025-09-18 23:44:29,316 - INFO - File 9542: Filtered 9277467 hits and 12 records
2025-09-18 23:44:30,392 - INFO - File 4748: Filtered 12204141 hits and 8 records
2025-09-18 23:44:31,442 - INFO - File 9857: Filtered 12805760 hits and 8 records
2025-09-18 23:44:31,818 - INFO - Completed /viper/ptmp/arego/RC4K1_EN_100/23549.h5 in 32.20 seconds
2025-09-18 23:44:31,973 - INFO - Processing /viper/ptmp/arego/RC4K1/11739.h5
2025-09-18 23:44:34,589 - INFO - Completed /viper/ptmp/arego/RC4K1_EN_100/22829.h5 in 54.49 seconds
2025-09-18 23:44:34,750 - INFO - Processing /viper/ptmp/arego/RC4K1/26444.h5
2025-09-18 23:44:35,499 - INFO - File 11739: Filtered 7378409 hits and 8 records
2025-09-18 23:44:35,558 - INFO - Completed /viper/ptmp/arego/RC4K1_EN_100/28380.h5 in 31.38 seconds
2025-09-18 23:44:35,726 - INFO - Processing /viper/ptmp/arego/RC4K1/11261.h5
2025-09-18 23:44:37,913 - INFO - Completed /viper/ptmp/arego/RC4K1_EN_100/162.h5 in 42.11 seconds
2025-09-18 23:44:38,091 - INFO - File 26444: Filtered 14494607 hits and 7 records
2025-09-18 23:44:38,177 - INFO - Processing /viper/ptmp/arego/RC4K1/16713.h5
2025-09-18 23:44:38,992 - INFO - Completed /viper/ptmp/arego/RC4K1_EN_100/24960.h5 in 14.56 seconds
2025-09-18 23:44:39,154 - INFO - Processing /viper/ptmp/arego/RC4K1/25874.h5
2025-09-18 23:44:39,318 - INFO - File 11261: Filtered 7095919 hits and 5 records
2025-09-18 23:44:40,655 - INFO - Completed /viper/ptmp/arego/RC4K1_EN_100/18653.h5 in 42.34 seconds
2025-09-18 23:44:40,749 - INFO - Completed /viper/ptmp/arego/RC4K1_EN_100/10958.h5 in 49.11 seconds
2025-09-18 23:44:40,841 - INFO - Processing /viper/ptmp/arego/RC4K1/17415.h5
2025-09-18 23:44:40,916 - INFO - Processing /viper/ptmp/arego/RC4K1/19902.h5
2025-09-18 23:44:41,647 - INFO - File 16713: Filtered 11139504 hits and 6 records
2025-09-18 23:44:42,743 - INFO - File 25874: Filtered 11909316 hits and 9 records
2025-09-18 23:44:42,835 - INFO - Completed /viper/ptmp/arego/RC4K1_EN_100/29368.h5 in 64.01 seconds
2025-09-18 23:44:43,008 - INFO - Processing /viper/ptmp/arego/RC4K1/23217.h5
2025-09-18 23:44:44,233 - INFO - Completed /viper/ptmp/arego/RC4K1_EN_100/22665.h5 in 34.14 seconds
2025-09-18 23:44:44,387 - INFO - Processing /viper/ptmp/arego/RC4K1/13101.h5
2025-09-18 23:44:44,471 - INFO - File 17415: Filtered 11074516 hits and 7 records
2025-09-18 23:44:44,622 - INFO - File 19902: Filtered 6597680 hits and 7 records
2025-09-18 23:44:44,942 - INFO - Completed /viper/ptmp/arego/RC4K1_EN_100/20425.h5 in 55.56 seconds
2025-09-18 23:44:45,100 - INFO - Processing /viper/ptmp/arego/RC4K1/29740.h5
2025-09-18 23:44:46,542 - INFO - Completed /viper/ptmp/arego/RC4K1_EN_100/23910.h5 in 39.25 seconds
2025-09-18 23:44:46,718 - INFO - File 23217: Filtered 8499380 hits and 5 records
2025-09-18 23:44:46,757 - INFO - Processing /viper/ptmp/arego/RC4K1/24196.h5
2025-09-18 23:44:47,941 - INFO - File 13101: Filtered 12171457 hits and 9 records
2025-09-18 23:44:48,167 - INFO - Completed /viper/ptmp/arego/RC4K1_EN_100/24490.h5 in 27.67 seconds
2025-09-18 23:44:48,375 - INFO - Processing /viper/ptmp/arego/RC4K1/19620.h5
2025-09-18 23:44:49,384 - INFO - Completed /viper/ptmp/arego/RC4K1_EN_100/19849.h5 in 36.91 seconds
2025-09-18 23:44:49,400 - INFO - File 29740: Filtered 11653798 hits and 8 records
2025-09-18 23:44:49,615 - INFO - Processing /viper/ptmp/arego/RC4K1/4576.h5
2025-09-18 23:44:50,808 - INFO - File 24196: Filtered 11718268 hits and 8 records
2025-09-18 23:44:50,978 - INFO - Completed /viper/ptmp/arego/RC4K1_EN_100/13986.h5 in 38.86 seconds
2025-09-18 23:44:51,210 - INFO - Processing /viper/ptmp/arego/RC4K1/11460.h5
2025-09-18 23:44:52,061 - INFO - Completed /viper/ptmp/arego/RC4K1_EN_100/26444.h5 in 17.31 seconds
2025-09-18 23:44:52,199 - INFO - File 19620: Filtered 8925360 hits and 5 records
2025-09-18 23:44:52,230 - INFO - Processing /viper/ptmp/arego/RC4K1/4982.h5
2025-09-18 23:44:53,395 - INFO - File 4576: Filtered 13612165 hits and 11 records
2025-09-18 23:44:53,729 - INFO - Completed /viper/ptmp/arego/RC4K1_EN_100/7334.h5 in 33.85 seconds
2025-09-18 23:44:53,924 - INFO - Processing /viper/ptmp/arego/RC4K1/3357.h5
2025-09-18 23:44:55,436 - INFO - File 11460: Filtered 15959824 hits and 8 records
2025-09-18 23:44:55,893 - INFO - Completed /viper/ptmp/arego/RC4K1_EN_100/20697.h5 in 54.53 seconds
2025-09-18 23:44:56,044 - INFO - Processing /viper/ptmp/arego/RC4K1/27712.h5
2025-09-18 23:44:56,062 - INFO - File 4982: Filtered 7037867 hits and 6 records
2025-09-18 23:44:56,506 - INFO - Completed /viper/ptmp/arego/RC4K1_EN_100/4748.h5 in 30.18 seconds
2025-09-18 23:44:56,677 - INFO - Processing /viper/ptmp/arego/RC4K1/15724.h5
2025-09-18 23:44:57,700 - INFO - File 3357: Filtered 12708913 hits and 7 records
2025-09-18 23:44:59,876 - INFO - Completed /viper/ptmp/arego/RC4K1_EN_100/9857.h5 in 32.03 seconds
2025-09-18 23:45:00,082 - INFO - Processing /viper/ptmp/arego/RC4K1/19844.h5
2025-09-18 23:45:00,315 - INFO - File 27712: Filtered 5210105 hits and 7 records
2025-09-18 23:45:00,393 - INFO - Completed /viper/ptmp/arego/RC4K1_EN_100/26442.h5 in 40.12 seconds
2025-09-18 23:45:00,438 - INFO - Completed /viper/ptmp/arego/RC4K1_EN_100/7335.h5 in 36.12 seconds
2025-09-18 23:45:00,506 - INFO - File 15724: Filtered 13276814 hits and 7 records
2025-09-18 23:45:00,558 - INFO - Processing /viper/ptmp/arego/RC4K1/19520.h5
2025-09-18 23:45:01,173 - INFO - Processing /viper/ptmp/arego/RC4K1/28723.h5
2025-09-18 23:45:01,775 - INFO - Completed /viper/ptmp/arego/RC4K1_EN_100/21074.h5 in 62.92 seconds
2025-09-18 23:45:01,980 - INFO - Processing /viper/ptmp/arego/RC4K1/1761.h5
2025-09-18 23:45:02,206 - INFO - Completed /viper/ptmp/arego/RC4K1_EN_100/29719.h5 in 50.38 seconds
2025-09-18 23:45:02,546 - INFO - Processing /viper/ptmp/arego/RC4K1/27146.h5
2025-09-18 23:45:04,023 - INFO - File 19844: Filtered 11591599 hits and 5 records
2025-09-18 23:45:04,676 - INFO - File 19520: Filtered 9022555 hits and 8 records
2025-09-18 23:45:05,009 - INFO - File 28723: Filtered 12965573 hits and 10 records
2025-09-18 23:45:05,732 - INFO - File 1761: Filtered 9523833 hits and 5 records
2025-09-18 23:45:06,476 - INFO - File 27146: Filtered 8128551 hits and 5 records
2025-09-18 23:45:07,004 - INFO - Completed /viper/ptmp/arego/RC4K1_EN_100/11460.h5 in 15.79 seconds
2025-09-18 23:45:07,123 - INFO - Completed /viper/ptmp/arego/RC4K1_EN_100/9542.h5 in 41.79 seconds
2025-09-18 23:45:07,216 - INFO - Processing /viper/ptmp/arego/RC4K1/13965.h5
2025-09-18 23:45:07,397 - INFO - Processing /viper/ptmp/arego/RC4K1/15432.h5
2025-09-18 23:45:08,537 - INFO - Completed /viper/ptmp/arego/RC4K1_EN_100/25874.h5 in 29.38 seconds
2025-09-18 23:45:08,680 - INFO - Processing /viper/ptmp/arego/RC4K1/12724.h5
2025-09-18 23:45:09,203 - INFO - Completed /viper/ptmp/arego/RC4K1_EN_100/16713.h5 in 31.03 seconds
2025-09-18 23:45:09,359 - INFO - Processing /viper/ptmp/arego/RC4K1/29845.h5
2025-09-18 23:45:11,141 - INFO - File 13965: Filtered 6758857 hits and 6 records
2025-09-18 23:45:11,264 - INFO - File 15432: Filtered 9782830 hits and 5 records
2025-09-18 23:45:12,485 - INFO - File 12724: Filtered 11034329 hits and 5 records
2025-09-18 23:45:12,551 - INFO - Completed /viper/ptmp/arego/RC4K1_EN_100/13309.h5 in 55.15 seconds
2025-09-18 23:45:12,760 - INFO - Processing /viper/ptmp/arego/RC4K1/6437.h5
2025-09-18 23:45:13,364 - INFO - File 29845: Filtered 8454086 hits and 6 records
2025-09-18 23:45:16,547 - INFO - File 6437: Filtered 8879315 hits and 8 records
2025-09-18 23:45:17,464 - INFO - Completed /viper/ptmp/arego/RC4K1_EN_100/13101.h5 in 33.08 seconds
2025-09-18 23:45:17,631 - INFO - Processing /viper/ptmp/arego/RC4K1/3661.h5
2025-09-18 23:45:17,719 - INFO - Completed /viper/ptmp/arego/RC4K1_EN_100/4576.h5 in 28.10 seconds
2025-09-18 23:45:18,546 - INFO - Processing /viper/ptmp/arego/RC4K1/25233.h5
2025-09-18 23:45:19,718 - INFO - Completed /viper/ptmp/arego/RC4K1_EN_100/11739.h5 in 47.75 seconds
2025-09-18 23:45:19,964 - INFO - Completed /viper/ptmp/arego/RC4K1_EN_100/24196.h5 in 33.21 seconds
2025-09-18 23:45:19,966 - INFO - Processing /viper/ptmp/arego/RC4K1/2318.h5
2025-09-18 23:45:20,483 - INFO - Completed /viper/ptmp/arego/RC4K1_EN_100/17415.h5 in 39.64 seconds
2025-09-18 23:45:20,569 - INFO - Processing /viper/ptmp/arego/RC4K1/9706.h5
2025-09-18 23:45:20,643 - INFO - Processing /viper/ptmp/arego/RC4K1/19750.h5
2025-09-18 23:45:21,612 - INFO - File 3661: Filtered 9548516 hits and 9 records
2025-09-18 23:45:21,725 - INFO - Completed /viper/ptmp/arego/RC4K1_EN_100/11261.h5 in 46.00 seconds
2025-09-18 23:45:21,916 - INFO - Processing /viper/ptmp/arego/RC4K1/5138.h5
2025-09-18 23:45:22,774 - INFO - File 25233: Filtered 13657504 hits and 5 records
2025-09-18 23:45:23,436 - INFO - Completed /viper/ptmp/arego/RC4K1_EN_100/15724.h5 in 26.76 seconds
2025-09-18 23:45:23,597 - INFO - Processing /viper/ptmp/arego/RC4K1/19076.h5
2025-09-18 23:45:24,580 - INFO - File 19750: Filtered 8550658 hits and 6 records
2025-09-18 23:45:25,007 - INFO - File 9706: Filtered 9394949 hits and 7 records
2025-09-18 23:45:25,103 - INFO - File 2318: Filtered 11967229 hits and 8 records
2025-09-18 23:45:25,867 - INFO - File 5138: Filtered 6146921 hits and 4 records
2025-09-18 23:45:26,179 - INFO - Completed /viper/ptmp/arego/RC4K1_EN_100/29740.h5 in 41.08 seconds
2025-09-18 23:45:26,274 - INFO - Completed /viper/ptmp/arego/RC4K1_EN_100/3357.h5 in 32.35 seconds
2025-09-18 23:45:26,436 - INFO - Processing /viper/ptmp/arego/RC4K1/14129.h5
2025-09-18 23:45:26,584 - INFO - Completed /viper/ptmp/arego/RC4K1_EN_100/23217.h5 in 43.58 seconds
2025-09-18 23:45:26,770 - INFO - Processing /viper/ptmp/arego/RC4K1/6453.h5
2025-09-18 23:45:26,891 - INFO - Completed /viper/ptmp/arego/RC4K1_EN_100/28723.h5 in 25.72 seconds
2025-09-18 23:45:27,014 - INFO - Processing /viper/ptmp/arego/RC4K1/8297.h5
2025-09-18 23:45:27,501 - INFO - Processing /viper/ptmp/arego/RC4K1/1370.h5
2025-09-18 23:45:27,549 - INFO - File 19076: Filtered 8367457 hits and 9 records
2025-09-18 23:45:30,036 - INFO - Completed /viper/ptmp/arego/RC4K1_EN_100/19902.h5 in 49.12 seconds
2025-09-18 23:45:30,340 - INFO - Processing /viper/ptmp/arego/RC4K1/16779.h5
2025-09-18 23:45:30,905 - INFO - File 8297: Filtered 18374499 hits and 7 records
2025-09-18 23:45:30,925 - INFO - File 14129: Filtered 16189299 hits and 9 records
2025-09-18 23:45:31,027 - INFO - File 6453: Filtered 10418909 hits and 7 records
2025-09-18 23:45:31,844 - INFO - File 1370: Filtered 14214590 hits and 9 records
2025-09-18 23:45:34,648 - INFO - File 16779: Filtered 17755497 hits and 9 records
2025-09-18 23:45:36,202 - INFO - Completed /viper/ptmp/arego/RC4K1_EN_100/19620.h5 in 47.83 seconds
2025-09-18 23:45:36,377 - INFO - Processing /viper/ptmp/arego/RC4K1/23017.h5
2025-09-18 23:45:37,319 - INFO - Completed /viper/ptmp/arego/RC4K1_EN_100/4982.h5 in 45.09 seconds
2025-09-18 23:45:37,515 - INFO - Processing /viper/ptmp/arego/RC4K1/9601.h5
2025-09-18 23:45:39,530 - INFO - Completed /viper/ptmp/arego/RC4K1_EN_100/19844.h5 in 39.45 seconds
2025-09-18 23:45:39,792 - INFO - Processing /viper/ptmp/arego/RC4K1/26211.h5
2025-09-18 23:45:40,504 - INFO - File 23017: Filtered 7399965 hits and 7 records
2025-09-18 23:45:41,966 - INFO - Completed /viper/ptmp/arego/RC4K1_EN_100/8297.h5 in 14.95 seconds
2025-09-18 23:45:42,092 - INFO - File 9601: Filtered 10757467 hits and 7 records
2025-09-18 23:45:42,123 - INFO - Processing /viper/ptmp/arego/RC4K1/16067.h5
2025-09-18 23:45:43,317 - INFO - Completed /viper/ptmp/arego/RC4K1_EN_100/12724.h5 in 34.64 seconds
2025-09-18 23:45:43,509 - INFO - Processing /viper/ptmp/arego/RC4K1/3769.h5
2025-09-18 23:45:43,927 - INFO - Completed /viper/ptmp/arego/RC4K1_EN_100/19520.h5 in 43.37 seconds
2025-09-18 23:45:43,971 - INFO - File 26211: Filtered 14895292 hits and 9 records
2025-09-18 23:45:44,094 - INFO - Processing /viper/ptmp/arego/RC4K1/19416.h5
2025-09-18 23:45:45,183 - INFO - Completed /viper/ptmp/arego/RC4K1_EN_100/16779.h5 in 14.84 seconds
2025-09-18 23:45:45,426 - INFO - Processing /viper/ptmp/arego/RC4K1/2673.h5
2025-09-18 23:45:46,152 - INFO - Completed /viper/ptmp/arego/RC4K1_EN_100/25233.h5 in 27.61 seconds
2025-09-18 23:45:46,324 - INFO - Processing /viper/ptmp/arego/RC4K1/10699.h5
2025-09-18 23:45:46,656 - INFO - File 16067: Filtered 8019756 hits and 7 records
2025-09-18 23:45:47,537 - INFO - File 3769: Filtered 12373670 hits and 9 records
2025-09-18 23:45:48,756 - INFO - File 19416: Filtered 14365177 hits and 8 records
2025-09-18 23:45:50,266 - INFO - File 10699: Filtered 7799634 hits and 4 records
2025-09-18 23:45:50,778 - INFO - File 2673: Filtered 9454901 hits and 6 records
2025-09-18 23:45:50,852 - INFO - Completed /viper/ptmp/arego/RC4K1_EN_100/15432.h5 in 43.45 seconds
2025-09-18 23:45:51,095 - INFO - Processing /viper/ptmp/arego/RC4K1/15428.h5
2025-09-18 23:45:52,989 - INFO - Completed /viper/ptmp/arego/RC4K1_EN_100/6437.h5 in 40.23 seconds
2025-09-18 23:45:52,999 - INFO - Completed /viper/ptmp/arego/RC4K1_EN_100/27146.h5 in 50.45 seconds
2025-09-18 23:45:53,157 - INFO - Processing /viper/ptmp/arego/RC4K1/6562.h5
2025-09-18 23:45:53,204 - INFO - Processing /viper/ptmp/arego/RC4K1/20582.h5
2025-09-18 23:45:55,079 - INFO - Completed /viper/ptmp/arego/RC4K1_EN_100/29845.h5 in 45.72 seconds
2025-09-18 23:45:55,266 - INFO - Processing /viper/ptmp/arego/RC4K1/29805.h5
2025-09-18 23:45:55,537 - INFO - File 15428: Filtered 10224358 hits and 6 records
2025-09-18 23:45:56,367 - INFO - Completed /viper/ptmp/arego/RC4K1_EN_100/1370.h5 in 28.87 seconds
2025-09-18 23:45:56,572 - INFO - Processing /viper/ptmp/arego/RC4K1/26524.h5
2025-09-18 23:45:56,582 - INFO - Completed /viper/ptmp/arego/RC4K1_EN_100/14129.h5 in 30.15 seconds
2025-09-18 23:45:56,652 - INFO - Completed /viper/ptmp/arego/RC4K1_EN_100/1761.h5 in 54.67 seconds
2025-09-18 23:45:56,833 - INFO - Processing /viper/ptmp/arego/RC4K1/4738.h5
2025-09-18 23:45:57,417 - INFO - File 6562: Filtered 6284642 hits and 4 records
2025-09-18 23:45:57,632 - INFO - Processing /viper/ptmp/arego/RC4K1/19518.h5
2025-09-18 23:45:57,785 - INFO - File 20582: Filtered 7900026 hits and 6 records
2025-09-18 23:45:59,338 - INFO - File 29805: Filtered 15687011 hits and 7 records
2025-09-18 23:46:00,728 - INFO - File 4738: Filtered 14440635 hits and 10 records
2025-09-18 23:46:00,743 - INFO - Completed /viper/ptmp/arego/RC4K1_EN_100/13965.h5 in 53.53 seconds
2025-09-18 23:46:00,963 - INFO - Processing /viper/ptmp/arego/RC4K1/9681.h5
2025-09-18 23:46:01,536 - INFO - File 26524: Filtered 8559409 hits and 7 records
2025-09-18 23:46:02,034 - INFO - File 19518: Filtered 11787172 hits and 5 records
2025-09-18 23:46:02,678 - INFO - Completed /viper/ptmp/arego/RC4K1_EN_100/2318.h5 in 42.71 seconds
2025-09-18 23:46:02,736 - INFO - Completed /viper/ptmp/arego/RC4K1_EN_100/3661.h5 in 45.11 seconds
2025-09-18 23:46:02,880 - INFO - Processing /viper/ptmp/arego/RC4K1/26071.h5
2025-09-18 23:46:03,481 - INFO - Processing /viper/ptmp/arego/RC4K1/21410.h5
2025-09-18 23:46:03,733 - INFO - Completed /viper/ptmp/arego/RC4K1_EN_100/27712.h5 in 67.69 seconds
2025-09-18 23:46:03,894 - INFO - Processing /viper/ptmp/arego/RC4K1/8720.h5
2025-09-18 23:46:05,736 - INFO - File 9681: Filtered 6483575 hits and 8 records
2025-09-18 23:46:07,213 - INFO - File 26071: Filtered 9714207 hits and 9 records
2025-09-18 23:46:08,107 - INFO - File 21410: Filtered 11002604 hits and 4 records
2025-09-18 23:46:08,345 - INFO - File 8720: Filtered 14465246 hits and 8 records
2025-09-18 23:46:10,160 - INFO - Completed /viper/ptmp/arego/RC4K1_EN_100/19750.h5 in 49.52 seconds
2025-09-18 23:46:10,322 - INFO - Processing /viper/ptmp/arego/RC4K1/10509.h5
2025-09-18 23:46:10,797 - INFO - Completed /viper/ptmp/arego/RC4K1_EN_100/6453.h5 in 44.03 seconds
2025-09-18 23:46:11,003 - INFO - Processing /viper/ptmp/arego/RC4K1/26576.h5
2025-09-18 23:46:12,432 - INFO - Completed /viper/ptmp/arego/RC4K1_EN_100/9706.h5 in 51.86 seconds
2025-09-18 23:46:12,575 - INFO - Completed /viper/ptmp/arego/RC4K1_EN_100/26211.h5 in 32.78 seconds
2025-09-18 23:46:12,592 - INFO - Processing /viper/ptmp/arego/RC4K1/4222.h5
2025-09-18 23:46:13,014 - INFO - Processing /viper/ptmp/arego/RC4K1/5487.h5
2025-09-18 23:46:13,573 - INFO - Completed /viper/ptmp/arego/RC4K1_EN_100/19416.h5 in 29.48 seconds
2025-09-18 23:46:13,753 - INFO - Processing /viper/ptmp/arego/RC4K1/19274.h5
2025-09-18 23:46:14,358 - INFO - File 10509: Filtered 13840637 hits and 7 records
2025-09-18 23:46:15,844 - INFO - File 26576: Filtered 7391563 hits and 7 records
2025-09-18 23:46:16,912 - INFO - File 4222: Filtered 14244474 hits and 10 records
2025-09-18 23:46:17,106 - INFO - Completed /viper/ptmp/arego/RC4K1_EN_100/19076.h5 in 53.51 seconds
2025-09-18 23:46:17,280 - INFO - Processing /viper/ptmp/arego/RC4K1/16092.h5
2025-09-18 23:46:17,519 - INFO - File 5487: Filtered 674233 hits and 5 records
2025-09-18 23:46:18,840 - INFO - File 19274: Filtered 11193549 hits and 7 records
2025-09-18 23:46:19,606 - INFO - Completed /viper/ptmp/arego/RC4K1_EN_100/3769.h5 in 36.10 seconds
2025-09-18 23:46:19,773 - INFO - Processing /viper/ptmp/arego/RC4K1/21271.h5
2025-09-18 23:46:21,540 - INFO - File 16092: Filtered 12113157 hits and 9 records
2025-09-18 23:46:22,257 - INFO - Completed /viper/ptmp/arego/RC4K1_EN_100/29805.h5 in 26.99 seconds
2025-09-18 23:46:22,428 - INFO - Processing /viper/ptmp/arego/RC4K1/10542.h5
2025-09-18 23:46:23,087 - INFO - Completed /viper/ptmp/arego/RC4K1_EN_100/9601.h5 in 45.57 seconds
2025-09-18 23:46:23,288 - INFO - Processing /viper/ptmp/arego/RC4K1/28926.h5
2025-09-18 23:46:24,145 - INFO - File 21271: Filtered 12968315 hits and 10 records
2025-09-18 23:46:24,922 - INFO - Completed /viper/ptmp/arego/RC4K1_EN_100/5138.h5 in 63.01 seconds
2025-09-18 23:46:25,113 - INFO - Processing /viper/ptmp/arego/RC4K1/8793.h5
2025-09-18 23:46:26,688 - INFO - File 10542: Filtered 13213399 hits and 7 records
2025-09-18 23:46:28,399 - INFO - File 28926: Filtered 13575519 hits and 9 records
2025-09-18 23:46:31,117 - INFO - File 8793: Filtered 7790483 hits and 6 records
2025-09-18 23:46:33,114 - INFO - Completed /viper/ptmp/arego/RC4K1_EN_100/4738.h5 in 36.28 seconds
2025-09-18 23:46:33,407 - INFO - Processing /viper/ptmp/arego/RC4K1/15370.h5
2025-09-18 23:46:35,028 - INFO - Completed /viper/ptmp/arego/RC4K1_EN_100/15428.h5 in 43.93 seconds
2025-09-18 23:46:35,187 - INFO - Processing /viper/ptmp/arego/RC4K1/5258.h5
2025-09-18 23:46:36,570 - INFO - Completed /viper/ptmp/arego/RC4K1_EN_100/23017.h5 in 60.19 seconds
2025-09-18 23:46:36,774 - INFO - Processing /viper/ptmp/arego/RC4K1/11197.h5
2025-09-18 23:46:37,996 - INFO - Completed /viper/ptmp/arego/RC4K1_EN_100/8720.h5 in 34.10 seconds
2025-09-18 23:46:38,134 - INFO - File 15370: Filtered 7592221 hits and 6 records
2025-09-18 23:46:38,153 - INFO - Processing /viper/ptmp/arego/RC4K1/3163.h5
2025-09-18 23:46:39,266 - INFO - Completed /viper/ptmp/arego/RC4K1_EN_100/2673.h5 in 53.84 seconds
2025-09-18 23:46:39,432 - INFO - Processing /viper/ptmp/arego/RC4K1/997.h5
2025-09-18 23:46:40,067 - INFO - Completed /viper/ptmp/arego/RC4K1_EN_100/10699.h5 in 53.74 seconds
2025-09-18 23:46:40,244 - INFO - Processing /viper/ptmp/arego/RC4K1/14826.h5
2025-09-18 23:46:41,325 - INFO - File 5258: Filtered 12394470 hits and 8 records
2025-09-18 23:46:41,546 - INFO - File 11197: Filtered 8395319 hits and 7 records
2025-09-18 23:46:42,987 - INFO - Completed /viper/ptmp/arego/RC4K1_EN_100/19518.h5 in 45.35 seconds
2025-09-18 23:46:43,054 - INFO - File 3163: Filtered 9954358 hits and 6 records
2025-09-18 23:46:43,203 - INFO - Processing /viper/ptmp/arego/RC4K1/12033.h5
2025-09-18 23:46:44,451 - INFO - File 997: Filtered 11227485 hits and 10 records
2025-09-18 23:46:45,108 - INFO - File 14826: Filtered 8557461 hits and 5 records
2025-09-18 23:46:46,152 - INFO - Completed /viper/ptmp/arego/RC4K1_EN_100/16067.h5 in 64.03 seconds
2025-09-18 23:46:46,303 - INFO - Processing /viper/ptmp/arego/RC4K1/18858.h5
2025-09-18 23:46:47,295 - INFO - File 12033: Filtered 14237884 hits and 9 records
2025-09-18 23:46:48,136 - INFO - Completed /viper/ptmp/arego/RC4K1_EN_100/10509.h5 in 37.81 seconds
2025-09-18 23:46:48,143 - INFO - Completed /viper/ptmp/arego/RC4K1_EN_100/4222.h5 in 35.55 seconds
2025-09-18 23:46:48,292 - INFO - Processing /viper/ptmp/arego/RC4K1/15972.h5
2025-09-18 23:46:48,339 - INFO - Processing /viper/ptmp/arego/RC4K1/18711.h5
2025-09-18 23:46:49,385 - INFO - Completed /viper/ptmp/arego/RC4K1_EN_100/21410.h5 in 45.90 seconds
2025-09-18 23:46:49,617 - INFO - Processing /viper/ptmp/arego/RC4K1/73.h5
2025-09-18 23:46:49,879 - INFO - Completed /viper/ptmp/arego/RC4K1_EN_100/26071.h5 in 47.00 seconds
2025-09-18 23:46:50,044 - INFO - Completed /viper/ptmp/arego/RC4K1_EN_100/20582.h5 in 56.84 seconds
2025-09-18 23:46:50,222 - INFO - Processing /viper/ptmp/arego/RC4K1/19863.h5
2025-09-18 23:46:50,254 - INFO - Processing /viper/ptmp/arego/RC4K1/26291.h5
2025-09-18 23:46:50,279 - INFO - Completed /viper/ptmp/arego/RC4K1_EN_100/26524.h5 in 53.71 seconds
2025-09-18 23:46:50,440 - INFO - File 18858: Filtered 15372524 hits and 6 records
2025-09-18 23:46:50,991 - INFO - Processing /viper/ptmp/arego/RC4K1/2183.h5
2025-09-18 23:46:52,476 - INFO - File 15972: Filtered 14439676 hits and 7 records
2025-09-18 23:46:52,994 - INFO - File 18711: Filtered 7680874 hits and 7 records
2025-09-18 23:46:54,541 - INFO - File 73: Filtered 17499310 hits and 6 records
2025-09-18 23:46:55,275 - INFO - File 26291: Filtered 15362338 hits and 9 records
2025-09-18 23:46:55,381 - INFO - File 19863: Filtered 13661276 hits and 6 records
2025-09-18 23:46:56,464 - INFO - File 2183: Filtered 16539737 hits and 6 records
2025-09-18 23:46:56,786 - INFO - Completed /viper/ptmp/arego/RC4K1_EN_100/16092.h5 in 39.51 seconds
2025-09-18 23:46:56,948 - INFO - Processing /viper/ptmp/arego/RC4K1/486.h5
2025-09-18 23:46:57,135 - INFO - Completed /viper/ptmp/arego/RC4K1_EN_100/19274.h5 in 43.38 seconds
2025-09-18 23:46:57,415 - INFO - Processing /viper/ptmp/arego/RC4K1/10113.h5
2025-09-18 23:46:59,430 - INFO - Completed /viper/ptmp/arego/RC4K1_EN_100/6562.h5 in 66.27 seconds
2025-09-18 23:46:59,629 - INFO - Processing /viper/ptmp/arego/RC4K1/413.h5
2025-09-18 23:47:00,738 - INFO - Completed /viper/ptmp/arego/RC4K1_EN_100/21271.h5 in 40.96 seconds
2025-09-18 23:47:00,959 - INFO - Processing /viper/ptmp/arego/RC4K1/10467.h5
2025-09-18 23:47:01,219 - INFO - Completed /viper/ptmp/arego/RC4K1_EN_100/28926.h5 in 37.93 seconds
2025-09-18 23:47:01,269 - INFO - File 486: Filtered 16759392 hits and 7 records
2025-09-18 23:47:01,521 - INFO - Processing /viper/ptmp/arego/RC4K1/22977.h5
2025-09-18 23:47:02,201 - INFO - File 10113: Filtered 16466319 hits and 8 records
2025-09-18 23:47:02,869 - INFO - Completed /viper/ptmp/arego/RC4K1_EN_100/10542.h5 in 40.44 seconds
2025-09-18 23:47:03,028 - INFO - Processing /viper/ptmp/arego/RC4K1/24292.h5
2025-09-18 23:47:03,862 - INFO - File 413: Filtered 11704761 hits and 7 records
2025-09-18 23:47:05,659 - INFO - File 10467: Filtered 16721652 hits and 11 records
2025-09-18 23:47:07,025 - INFO - File 22977: Filtered 13277977 hits and 10 records
2025-09-18 23:47:07,685 - INFO - File 24292: Filtered 8416408 hits and 6 records
2025-09-18 23:47:10,321 - INFO - Completed /viper/ptmp/arego/RC4K1_EN_100/9681.h5 in 69.36 seconds
2025-09-18 23:47:10,502 - INFO - Processing /viper/ptmp/arego/RC4K1/19889.h5
2025-09-18 23:47:14,558 - INFO - Completed /viper/ptmp/arego/RC4K1_EN_100/26576.h5 in 63.55 seconds
2025-09-18 23:47:14,829 - INFO - Processing /viper/ptmp/arego/RC4K1/24282.h5
2025-09-18 23:47:16,208 - INFO - File 19889: Filtered 7120706 hits and 6 records
2025-09-18 23:47:16,725 - INFO - Completed /viper/ptmp/arego/RC4K1_EN_100/73.h5 in 27.11 seconds
2025-09-18 23:47:16,896 - INFO - Processing /viper/ptmp/arego/RC4K1/26182.h5
2025-09-18 23:47:17,490 - INFO - Completed /viper/ptmp/arego/RC4K1_EN_100/18858.h5 in 31.19 seconds
2025-09-18 23:47:17,670 - INFO - Processing /viper/ptmp/arego/RC4K1/21927.h5
2025-09-18 23:47:20,105 - INFO - Completed /viper/ptmp/arego/RC4K1_EN_100/2183.h5 in 29.11 seconds
2025-09-18 23:47:20,296 - INFO - Processing /viper/ptmp/arego/RC4K1/7280.h5
2025-09-18 23:47:20,368 - INFO - File 24282: Filtered 14544841 hits and 9 records
2025-09-18 23:47:22,080 - INFO - File 26182: Filtered 8940863 hits and 6 records
2025-09-18 23:47:22,477 - INFO - File 21927: Filtered 5146772 hits and 5 records
2025-09-18 23:47:24,202 - INFO - Completed /viper/ptmp/arego/RC4K1_EN_100/15972.h5 in 35.91 seconds
2025-09-18 23:47:24,398 - INFO - Processing /viper/ptmp/arego/RC4K1/29078.h5
2025-09-18 23:47:25,841 - INFO - File 7280: Filtered 5773470 hits and 5 records
2025-09-18 23:47:27,514 - INFO - Completed /viper/ptmp/arego/RC4K1_EN_100/997.h5 in 48.08 seconds
2025-09-18 23:47:27,695 - INFO - Processing /viper/ptmp/arego/RC4K1/13834.h5
2025-09-18 23:47:27,695 - INFO - Completed /viper/ptmp/arego/RC4K1_EN_100/10113.h5 in 30.28 seconds
2025-09-18 23:47:27,702 - INFO - Completed /viper/ptmp/arego/RC4K1_EN_100/26291.h5 in 37.45 seconds
2025-09-18 23:47:27,862 - INFO - Processing /viper/ptmp/arego/RC4K1/1644.h5
2025-09-18 23:47:28,083 - INFO - Completed /viper/ptmp/arego/RC4K1_EN_100/3163.h5 in 49.93 seconds
2025-09-18 23:47:28,264 - INFO - Processing /viper/ptmp/arego/RC4K1/26626.h5
2025-09-18 23:47:28,371 - INFO - Completed /viper/ptmp/arego/RC4K1_EN_100/12033.h5 in 45.17 seconds
2025-09-18 23:47:28,541 - INFO - Processing /viper/ptmp/arego/RC4K1/4163.h5
2025-09-18 23:47:28,660 - INFO - Completed /viper/ptmp/arego/RC4K1_EN_100/486.h5 in 31.71 seconds
2025-09-18 23:47:28,774 - INFO - File 29078: Filtered 12424891 hits and 7 records
2025-09-18 23:47:28,803 - INFO - Processing /viper/ptmp/arego/RC4K1/25787.h5
2025-09-18 23:47:28,865 - INFO - Processing /viper/ptmp/arego/RC4K1/5279.h5
2025-09-18 23:47:29,248 - INFO - Completed /viper/ptmp/arego/RC4K1_EN_100/8793.h5 in 64.14 seconds
2025-09-18 23:47:29,464 - INFO - Processing /viper/ptmp/arego/RC4K1/17628.h5
2025-09-18 23:47:31,312 - INFO - Completed /viper/ptmp/arego/RC4K1_EN_100/19863.h5 in 41.09 seconds
2025-09-18 23:47:31,545 - INFO - Processing /viper/ptmp/arego/RC4K1/2608.h5
2025-09-18 23:47:33,122 - INFO - File 1644: Filtered 13706679 hits and 9 records
2025-09-18 23:47:33,440 - INFO - File 13834: Filtered 16263285 hits and 8 records
2025-09-18 23:47:33,517 - INFO - File 26626: Filtered 8606078 hits and 7 records
2025-09-18 23:47:33,839 - INFO - File 25787: Filtered 11440725 hits and 6 records
2025-09-18 23:47:34,003 - INFO - Completed /viper/ptmp/arego/RC4K1_EN_100/10467.h5 in 33.04 seconds
2025-09-18 23:47:34,194 - INFO - Processing /viper/ptmp/arego/RC4K1/9531.h5
2025-09-18 23:47:34,323 - INFO - File 5279: Filtered 3704927 hits and 6 records
2025-09-18 23:47:34,655 - INFO - File 4163: Filtered 20445174 hits and 8 records
2025-09-18 23:47:35,804 - INFO - File 17628: Filtered 13862139 hits and 6 records
2025-09-18 23:47:37,707 - INFO - File 2608: Filtered 8916760 hits and 5 records
2025-09-18 23:47:38,901 - INFO - Completed /viper/ptmp/arego/RC4K1_EN_100/11197.h5 in 62.13 seconds
2025-09-18 23:47:39,012 - INFO - File 9531: Filtered 12995649 hits and 9 records
2025-09-18 23:47:39,097 - INFO - Processing /viper/ptmp/arego/RC4K1/3452.h5
2025-09-18 23:47:41,441 - INFO - Completed /viper/ptmp/arego/RC4K1_EN_100/14826.h5 in 61.20 seconds
2025-09-18 23:47:41,625 - INFO - Processing /viper/ptmp/arego/RC4K1/2906.h5
2025-09-18 23:47:43,694 - INFO - File 3452: Filtered 7230674 hits and 7 records
2025-09-18 23:47:45,294 - INFO - Completed /viper/ptmp/arego/RC4K1_EN_100/413.h5 in 45.66 seconds
2025-09-18 23:47:45,467 - INFO - Processing /viper/ptmp/arego/RC4K1/26195.h5
2025-09-18 23:47:46,478 - INFO - File 2906: Filtered 8001992 hits and 7 records
2025-09-18 23:47:47,061 - INFO - Completed /viper/ptmp/arego/RC4K1_EN_100/4163.h5 in 18.52 seconds
2025-09-18 23:47:47,256 - INFO - Processing /viper/ptmp/arego/RC4K1/22153.h5
2025-09-18 23:47:48,859 - INFO - Completed /viper/ptmp/arego/RC4K1_EN_100/15370.h5 in 75.45 seconds
2025-09-18 23:47:49,043 - INFO - Processing /viper/ptmp/arego/RC4K1/5203.h5
2025-09-18 23:47:49,264 - INFO - Completed /viper/ptmp/arego/RC4K1_EN_100/5258.h5 in 74.08 seconds
2025-09-18 23:47:49,435 - INFO - Processing /viper/ptmp/arego/RC4K1/13286.h5
2025-09-18 23:47:49,962 - INFO - File 26195: Filtered 15912685 hits and 8 records
2025-09-18 23:47:50,039 - INFO - Completed /viper/ptmp/arego/RC4K1_EN_100/5487.h5 in 97.03 seconds
2025-09-18 23:47:50,259 - INFO - Processing /viper/ptmp/arego/RC4K1/24119.h5
2025-09-18 23:47:50,578 - INFO - Completed /viper/ptmp/arego/RC4K1_EN_100/22977.h5 in 49.06 seconds
2025-09-18 23:47:50,880 - INFO - Processing /viper/ptmp/arego/RC4K1/29556.h5
2025-09-18 23:47:53,005 - INFO - File 22153: Filtered 10944836 hits and 7 records
2025-09-18 23:47:53,952 - INFO - File 13286: Filtered 15551534 hits and 9 records
2025-09-18 23:47:54,047 - INFO - File 5203: Filtered 17876711 hits and 9 records
2025-09-18 23:47:54,859 - INFO - File 24119: Filtered 12292079 hits and 6 records
2025-09-18 23:47:56,647 - INFO - File 29556: Filtered 17478197 hits and 8 records
2025-09-18 23:47:56,819 - INFO - Completed /viper/ptmp/arego/RC4K1_EN_100/18711.h5 in 68.48 seconds
2025-09-18 23:47:56,987 - INFO - Processing /viper/ptmp/arego/RC4K1/3029.h5
2025-09-18 23:47:57,325 - INFO - Completed /viper/ptmp/arego/RC4K1_EN_100/24282.h5 in 42.50 seconds
2025-09-18 23:47:57,570 - INFO - Processing /viper/ptmp/arego/RC4K1/754.h5
2025-09-18 23:48:01,500 - INFO - File 3029: Filtered 20722897 hits and 7 records
2025-09-18 23:48:02,979 - INFO - File 754: Filtered 10677730 hits and 7 records
2025-09-18 23:48:04,155 - INFO - Completed /viper/ptmp/arego/RC4K1_EN_100/13834.h5 in 36.46 seconds
2025-09-18 23:48:04,490 - INFO - Processing /viper/ptmp/arego/RC4K1/26773.h5
2025-09-18 23:48:09,764 - INFO - File 26773: Filtered 14580092 hits and 8 records
2025-09-18 23:48:11,611 - INFO - Completed /viper/ptmp/arego/RC4K1_EN_100/1644.h5 in 43.75 seconds
2025-09-18 23:48:11,761 - INFO - Processing /viper/ptmp/arego/RC4K1/13171.h5
2025-09-18 23:48:14,091 - INFO - Completed /viper/ptmp/arego/RC4K1_EN_100/24292.h5 in 71.06 seconds
2025-09-18 23:48:14,255 - INFO - Processing /viper/ptmp/arego/RC4K1/201.h5
2025-09-18 23:48:16,465 - INFO - Completed /viper/ptmp/arego/RC4K1_EN_100/3029.h5 in 19.48 seconds
2025-09-18 23:48:16,580 - INFO - File 13171: Filtered 10903959 hits and 8 records
2025-09-18 23:48:16,645 - INFO - Processing /viper/ptmp/arego/RC4K1/23032.h5
2025-09-18 23:48:16,708 - INFO - Completed /viper/ptmp/arego/RC4K1_EN_100/17628.h5 in 47.24 seconds
2025-09-18 23:48:16,935 - INFO - Processing /viper/ptmp/arego/RC4K1/22617.h5
2025-09-18 23:48:17,146 - INFO - Completed /viper/ptmp/arego/RC4K1_EN_100/29078.h5 in 52.75 seconds
2025-09-18 23:48:17,407 - INFO - Processing /viper/ptmp/arego/RC4K1/20020.h5
2025-09-18 23:48:19,084 - INFO - File 201: Filtered 11973741 hits and 9 records
2025-09-18 23:48:21,020 - INFO - Completed /viper/ptmp/arego/RC4K1_EN_100/9531.h5 in 46.83 seconds
2025-09-18 23:48:21,233 - INFO - Processing /viper/ptmp/arego/RC4K1/41.h5
2025-09-18 23:48:21,236 - INFO - Completed /viper/ptmp/arego/RC4K1_EN_100/26182.h5 in 64.34 seconds
2025-09-18 23:48:21,577 - INFO - File 23032: Filtered 16946488 hits and 11 records
2025-09-18 23:48:21,627 - INFO - Completed /viper/ptmp/arego/RC4K1_EN_100/19889.h5 in 71.13 seconds
2025-09-18 23:48:21,811 - INFO - Processing /viper/ptmp/arego/RC4K1/7393.h5
2025-09-18 23:48:21,941 - INFO - Processing /viper/ptmp/arego/RC4K1/18982.h5
2025-09-18 23:48:22,235 - INFO - Completed /viper/ptmp/arego/RC4K1_EN_100/26195.h5 in 36.77 seconds
2025-09-18 23:48:22,412 - INFO - Processing /viper/ptmp/arego/RC4K1/28423.h5
2025-09-18 23:48:22,526 - INFO - File 20020: Filtered 21037614 hits and 12 records
2025-09-18 23:48:23,028 - INFO - File 22617: Filtered 9876477 hits and 7 records
2025-09-18 23:48:24,132 - INFO - Completed /viper/ptmp/arego/RC4K1_EN_100/29556.h5 in 33.25 seconds
2025-09-18 23:48:24,327 - INFO - Processing /viper/ptmp/arego/RC4K1/10384.h5
2025-09-18 23:48:24,983 - INFO - Completed /viper/ptmp/arego/RC4K1_EN_100/5203.h5 in 35.94 seconds
2025-09-18 23:48:25,204 - INFO - Processing /viper/ptmp/arego/RC4K1/938.h5
2025-09-18 23:48:26,517 - INFO - File 41: Filtered 22616263 hits and 7 records
2025-09-18 23:48:27,509 - INFO - File 7393: Filtered 14642678 hits and 6 records
2025-09-18 23:48:27,861 - INFO - File 28423: Filtered 10657368 hits and 10 records
2025-09-18 23:48:28,111 - INFO - Completed /viper/ptmp/arego/RC4K1_EN_100/13286.h5 in 38.68 seconds
2025-09-18 23:48:28,294 - INFO - Processing /viper/ptmp/arego/RC4K1/24658.h5
2025-09-18 23:48:28,342 - INFO - File 18982: Filtered 11480830 hits and 7 records
2025-09-18 23:48:28,749 - INFO - Completed /viper/ptmp/arego/RC4K1_EN_100/25787.h5 in 59.95 seconds
2025-09-18 23:48:29,146 - INFO - Processing /viper/ptmp/arego/RC4K1/26572.h5
2025-09-18 23:48:30,270 - INFO - File 938: Filtered 19032011 hits and 7 records
2025-09-18 23:48:30,768 - INFO - File 10384: Filtered 20074773 hits and 10 records
2025-09-18 23:48:33,324 - INFO - File 24658: Filtered 17109669 hits and 7 records
2025-09-18 23:48:34,323 - INFO - File 26572: Filtered 15149589 hits and 9 records
2025-09-18 23:48:34,985 - INFO - Completed /viper/ptmp/arego/RC4K1_EN_100/26626.h5 in 66.72 seconds
2025-09-18 23:48:35,155 - INFO - Processing /viper/ptmp/arego/RC4K1/15115.h5
2025-09-18 23:48:35,806 - INFO - Completed /viper/ptmp/arego/RC4K1_EN_100/20020.h5 in 18.40 seconds
2025-09-18 23:48:35,969 - INFO - Processing /viper/ptmp/arego/RC4K1/7001.h5
2025-09-18 23:48:38,059 - INFO - Completed /viper/ptmp/arego/RC4K1_EN_100/41.h5 in 16.83 seconds
2025-09-18 23:48:38,292 - INFO - Processing /viper/ptmp/arego/RC4K1/10648.h5
2025-09-18 23:48:38,404 - INFO - Completed /viper/ptmp/arego/RC4K1_EN_100/21927.h5 in 80.73 seconds
2025-09-18 23:48:38,589 - INFO - Processing /viper/ptmp/arego/RC4K1/7344.h5
2025-09-18 23:48:38,964 - INFO - Completed /viper/ptmp/arego/RC4K1_EN_100/2608.h5 in 67.42 seconds
2025-09-18 23:48:39,197 - INFO - Processing /viper/ptmp/arego/RC4K1/23493.h5
2025-09-18 23:48:39,836 - INFO - File 15115: Filtered 12885948 hits and 7 records
2025-09-18 23:48:40,874 - INFO - File 7001: Filtered 12400909 hits and 9 records
2025-09-18 23:48:44,079 - INFO - File 10648: Filtered 14154097 hits and 8 records
2025-09-18 23:48:44,152 - INFO - File 7344: Filtered 8488672 hits and 7 records
2025-09-18 23:48:44,446 - INFO - Completed /viper/ptmp/arego/RC4K1_EN_100/7280.h5 in 84.15 seconds
2025-09-18 23:48:44,703 - INFO - Processing /viper/ptmp/arego/RC4K1/20578.h5
2025-09-18 23:48:44,957 - INFO - File 23493: Filtered 23342134 hits and 8 records
2025-09-18 23:48:45,880 - INFO - Completed /viper/ptmp/arego/RC4K1_EN_100/22153.h5 in 58.62 seconds
2025-09-18 23:48:46,106 - INFO - Processing /viper/ptmp/arego/RC4K1/12140.h5
2025-09-18 23:48:48,827 - INFO - Completed /viper/ptmp/arego/RC4K1_EN_100/24119.h5 in 58.57 seconds
2025-09-18 23:48:48,991 - INFO - Processing /viper/ptmp/arego/RC4K1/8736.h5
2025-09-18 23:48:51,695 - INFO - File 20578: Filtered 4979140 hits and 5 records
2025-09-18 23:48:52,412 - INFO - Completed /viper/ptmp/arego/RC4K1_EN_100/26773.h5 in 47.92 seconds
2025-09-18 23:48:52,815 - INFO - Processing /viper/ptmp/arego/RC4K1/27404.h5
2025-09-18 23:48:53,017 - INFO - File 12140: Filtered 17924946 hits and 5 records
2025-09-18 23:48:53,074 - INFO - Completed /viper/ptmp/arego/RC4K1_EN_100/3452.h5 in 73.98 seconds
2025-09-18 23:48:53,103 - INFO - Completed /viper/ptmp/arego/RC4K1_EN_100/10384.h5 in 28.78 seconds
2025-09-18 23:48:53,241 - INFO - Processing /viper/ptmp/arego/RC4K1/12476.h5
2025-09-18 23:48:53,466 - INFO - Completed /viper/ptmp/arego/RC4K1_EN_100/23032.h5 in 36.82 seconds
2025-09-18 23:48:53,628 - INFO - Processing /viper/ptmp/arego/RC4K1/8715.h5
2025-09-18 23:48:53,703 - INFO - File 8736: Filtered 16362126 hits and 5 records
2025-09-18 23:48:53,923 - INFO - Processing /viper/ptmp/arego/RC4K1/462.h5
2025-09-18 23:48:54,119 - INFO - Completed /viper/ptmp/arego/RC4K1_EN_100/938.h5 in 28.92 seconds
2025-09-18 23:48:54,324 - INFO - Processing /viper/ptmp/arego/RC4K1/200.h5
2025-09-18 23:48:54,551 - INFO - Completed /viper/ptmp/arego/RC4K1_EN_100/23493.h5 in 15.35 seconds
2025-09-18 23:48:54,802 - INFO - Processing /viper/ptmp/arego/RC4K1/12645.h5
2025-09-18 23:48:56,365 - INFO - Completed /viper/ptmp/arego/RC4K1_EN_100/2906.h5 in 74.74 seconds
2025-09-18 23:48:56,545 - INFO - Processing /viper/ptmp/arego/RC4K1/23621.h5
2025-09-18 23:48:58,356 - INFO - File 12476: Filtered 17896351 hits and 10 records
2025-09-18 23:48:58,739 - INFO - File 8715: Filtered 22022277 hits and 7 records
2025-09-18 23:48:59,244 - INFO - File 200: Filtered 11752731 hits and 8 records
2025-09-18 23:48:59,954 - INFO - Completed /viper/ptmp/arego/RC4K1_EN_100/5279.h5 in 91.09 seconds
2025-09-18 23:49:00,131 - INFO - Processing /viper/ptmp/arego/RC4K1/11317.h5
2025-09-18 23:49:00,668 - INFO - File 27404: Filtered 17302117 hits and 10 records
2025-09-18 23:49:01,797 - INFO - File 23621: Filtered 15047817 hits and 8 records
2025-09-18 23:49:02,897 - INFO - Completed /viper/ptmp/arego/RC4K1_EN_100/754.h5 in 65.33 seconds
2025-09-18 23:49:03,222 - INFO - Processing /viper/ptmp/arego/RC4K1/12610.h5
2025-09-18 23:49:03,670 - INFO - File 462: Filtered 12481465 hits and 7 records
2025-09-18 23:49:04,128 - INFO - File 12645: Filtered 13321099 hits and 5 records
2025-09-18 23:49:05,136 - INFO - File 11317: Filtered 10994968 hits and 7 records
2025-09-18 23:49:07,270 - INFO - Completed /viper/ptmp/arego/RC4K1_EN_100/24658.h5 in 38.98 seconds
2025-09-18 23:49:07,428 - INFO - Processing /viper/ptmp/arego/RC4K1/13510.h5
2025-09-18 23:49:07,544 - INFO - Completed /viper/ptmp/arego/RC4K1_EN_100/7393.h5 in 45.73 seconds
2025-09-18 23:49:08,348 - INFO - Processing /viper/ptmp/arego/RC4K1/25098.h5
2025-09-18 23:49:09,746 - INFO - File 12610: Filtered 18559312 hits and 8 records
2025-09-18 23:49:11,169 - INFO - Completed /viper/ptmp/arego/RC4K1_EN_100/201.h5 in 56.91 seconds
2025-09-18 23:49:11,395 - INFO - Processing /viper/ptmp/arego/RC4K1/20896.h5
2025-09-18 23:49:13,103 - INFO - Completed /viper/ptmp/arego/RC4K1_EN_100/26572.h5 in 43.96 seconds
2025-09-18 23:49:13,178 - INFO - Completed /viper/ptmp/arego/RC4K1_EN_100/13171.h5 in 61.42 seconds
2025-09-18 23:49:13,254 - INFO - File 13510: Filtered 13777820 hits and 6 records
2025-09-18 23:49:13,354 - INFO - Processing /viper/ptmp/arego/RC4K1/25603.h5
2025-09-18 23:49:14,484 - INFO - Processing /viper/ptmp/arego/RC4K1/25955.h5
2025-09-18 23:49:14,804 - INFO - File 25098: Filtered 10059856 hits and 7 records
2025-09-18 23:49:16,132 - INFO - Completed /viper/ptmp/arego/RC4K1_EN_100/8715.h5 in 22.50 seconds
2025-09-18 23:49:16,295 - INFO - Processing /viper/ptmp/arego/RC4K1/26183.h5
2025-09-18 23:49:17,610 - INFO - File 20896: Filtered 8909337 hits and 4 records
2025-09-18 23:49:19,287 - INFO - File 25603: Filtered 11637630 hits and 5 records
2025-09-18 23:49:20,698 - INFO - File 25955: Filtered 14177391 hits and 8 records
2025-09-18 23:49:21,422 - INFO - Completed /viper/ptmp/arego/RC4K1_EN_100/15115.h5 in 46.27 seconds
2025-09-18 23:49:21,615 - INFO - Processing /viper/ptmp/arego/RC4K1/4106.h5
2025-09-18 23:49:22,471 - INFO - File 26183: Filtered 13716948 hits and 9 records
2025-09-18 23:49:25,462 - INFO - Completed /viper/ptmp/arego/RC4K1_EN_100/22617.h5 in 68.53 seconds
2025-09-18 23:49:25,751 - INFO - Processing /viper/ptmp/arego/RC4K1/21892.h5
2025-09-18 23:49:26,772 - INFO - File 4106: Filtered 13342474 hits and 9 records
2025-09-18 23:49:26,827 - INFO - Completed /viper/ptmp/arego/RC4K1_EN_100/28423.h5 in 64.41 seconds
2025-09-18 23:49:27,024 - INFO - Processing /viper/ptmp/arego/RC4K1/1363.h5
2025-09-18 23:49:27,103 - INFO - Completed /viper/ptmp/arego/RC4K1_EN_100/12140.h5 in 41.00 seconds
2025-09-18 23:49:27,177 - INFO - Completed /viper/ptmp/arego/RC4K1_EN_100/10648.h5 in 48.89 seconds
2025-09-18 23:49:27,278 - INFO - Processing /viper/ptmp/arego/RC4K1/1215.h5
2025-09-18 23:49:27,363 - INFO - Processing /viper/ptmp/arego/RC4K1/22035.h5
2025-09-18 23:49:27,517 - INFO - Completed /viper/ptmp/arego/RC4K1_EN_100/18982.h5 in 65.58 seconds
2025-09-18 23:49:27,907 - INFO - Processing /viper/ptmp/arego/RC4K1/11039.h5
2025-09-18 23:49:28,059 - INFO - Completed /viper/ptmp/arego/RC4K1_EN_100/12476.h5 in 34.82 seconds
2025-09-18 23:49:28,226 - INFO - Processing /viper/ptmp/arego/RC4K1/22898.h5
2025-09-18 23:49:31,560 - INFO - Completed /viper/ptmp/arego/RC4K1_EN_100/7001.h5 in 55.59 seconds
2025-09-18 23:49:31,956 - INFO - Processing /viper/ptmp/arego/RC4K1/5993.h5
2025-09-18 23:49:32,902 - INFO - File 1363: Filtered 21536051 hits and 8 records
2025-09-18 23:49:32,984 - INFO - File 21892: Filtered 15949213 hits and 7 records
2025-09-18 23:49:33,588 - INFO - File 22035: Filtered 18330098 hits and 7 records
2025-09-18 23:49:34,155 - INFO - File 22898: Filtered 15392311 hits and 10 records
2025-09-18 23:49:36,057 - INFO - File 1215: Filtered 2705167 hits and 2 records
2025-09-18 23:49:36,556 - INFO - File 11039: Filtered 9269426 hits and 7 records
2025-09-18 23:49:37,435 - INFO - File 5993: Filtered 15956653 hits and 11 records
2025-09-18 23:49:37,440 - INFO - Completed /viper/ptmp/arego/RC4K1_EN_100/8736.h5 in 48.45 seconds
2025-09-18 23:49:37,671 - INFO - Processing /viper/ptmp/arego/RC4K1/9335.h5
2025-09-18 23:49:42,594 - INFO - File 9335: Filtered 18677454 hits and 6 records
2025-09-18 23:49:43,590 - INFO - Completed /viper/ptmp/arego/RC4K1_EN_100/27404.h5 in 50.77 seconds
2025-09-18 23:49:43,831 - INFO - Processing /viper/ptmp/arego/RC4K1/28271.h5
2025-09-18 23:49:45,652 - INFO - Completed /viper/ptmp/arego/RC4K1_EN_100/12610.h5 in 42.43 seconds
2025-09-18 23:49:45,853 - INFO - Processing /viper/ptmp/arego/RC4K1/22468.h5
2025-09-18 23:49:48,069 - INFO - Completed /viper/ptmp/arego/RC4K1_EN_100/23621.h5 in 51.52 seconds
2025-09-18 23:49:48,236 - INFO - Processing /viper/ptmp/arego/RC4K1/12612.h5
2025-09-18 23:49:50,120 - INFO - File 28271: Filtered 14011563 hits and 6 records
2025-09-18 23:49:52,620 - INFO - File 22468: Filtered 22097358 hits and 9 records
2025-09-18 23:49:52,906 - INFO - Completed /viper/ptmp/arego/RC4K1_EN_100/1363.h5 in 25.88 seconds
2025-09-18 23:49:53,133 - INFO - Processing /viper/ptmp/arego/RC4K1/2822.h5
2025-09-18 23:49:53,376 - INFO - File 12612: Filtered 22240510 hits and 9 records
2025-09-18 23:49:54,689 - INFO - Completed /viper/ptmp/arego/RC4K1_EN_100/12645.h5 in 59.89 seconds
2025-09-18 23:49:54,887 - INFO - Processing /viper/ptmp/arego/RC4K1/6903.h5
2025-09-18 23:49:55,076 - INFO - Completed /viper/ptmp/arego/RC4K1_EN_100/7344.h5 in 76.49 seconds
2025-09-18 23:49:55,241 - INFO - Processing /viper/ptmp/arego/RC4K1/24953.h5
2025-09-18 23:49:58,454 - INFO - File 2822: Filtered 8305701 hits and 6 records
2025-09-18 23:50:00,810 - INFO - File 24953: Filtered 12119295 hits and 7 records
2025-09-18 23:50:01,914 - INFO - File 6903: Filtered 16813706 hits and 9 records
2025-09-18 23:50:05,913 - INFO - Completed /viper/ptmp/arego/RC4K1_EN_100/200.h5 in 71.59 seconds
2025-09-18 23:50:06,170 - INFO - Processing /viper/ptmp/arego/RC4K1/8382.h5
2025-09-18 23:50:07,468 - INFO - Completed /viper/ptmp/arego/RC4K1_EN_100/11317.h5 in 67.34 seconds
2025-09-18 23:50:07,689 - INFO - Processing /viper/ptmp/arego/RC4K1/14381.h5
2025-09-18 23:50:08,054 - INFO - Completed /viper/ptmp/arego/RC4K1_EN_100/22035.h5 in 40.69 seconds
2025-09-18 23:50:08,218 - INFO - Processing /viper/ptmp/arego/RC4K1/258.h5
2025-09-18 23:50:09,036 - INFO - Completed /viper/ptmp/arego/RC4K1_EN_100/462.h5 in 75.11 seconds
2025-09-18 23:50:09,254 - INFO - Processing /viper/ptmp/arego/RC4K1/15995.h5
2025-09-18 23:50:11,217 - INFO - File 8382: Filtered 10913561 hits and 7 records
2025-09-18 23:50:12,455 - INFO - Completed /viper/ptmp/arego/RC4K1_EN_100/13510.h5 in 65.03 seconds
2025-09-18 23:50:12,775 - INFO - Processing /viper/ptmp/arego/RC4K1/24937.h5
2025-09-18 23:50:13,066 - INFO - File 14381: Filtered 20787518 hits and 6 records
2025-09-18 23:50:13,889 - INFO - File 258: Filtered 13835237 hits and 9 records
2025-09-18 23:50:15,232 - INFO - Completed /viper/ptmp/arego/RC4K1_EN_100/9335.h5 in 37.56 seconds
2025-09-18 23:50:15,384 - INFO - Processing /viper/ptmp/arego/RC4K1/27308.h5
2025-09-18 23:50:15,568 - INFO - File 15995: Filtered 15822013 hits and 8 records
2025-09-18 23:50:17,200 - INFO - Completed /viper/ptmp/arego/RC4K1_EN_100/12612.h5 in 28.96 seconds
2025-09-18 23:50:17,420 - INFO - Processing /viper/ptmp/arego/RC4K1/28036.h5
2025-09-18 23:50:18,509 - INFO - File 24937: Filtered 7000181 hits and 7 records
2025-09-18 23:50:18,974 - INFO - Completed /viper/ptmp/arego/RC4K1_EN_100/21892.h5 in 53.22 seconds
2025-09-18 23:50:19,191 - INFO - Processing /viper/ptmp/arego/RC4K1/21667.h5
2025-09-18 23:50:19,461 - INFO - Completed /viper/ptmp/arego/RC4K1_EN_100/5993.h5 in 47.50 seconds
2025-09-18 23:50:19,636 - INFO - Processing /viper/ptmp/arego/RC4K1/9003.h5
2025-09-18 23:50:19,828 - INFO - Completed /viper/ptmp/arego/RC4K1_EN_100/22468.h5 in 33.98 seconds
2025-09-18 23:50:20,290 - INFO - Processing /viper/ptmp/arego/RC4K1/18734.h5
2025-09-18 23:50:20,560 - INFO - File 27308: Filtered 17303995 hits and 6 records
2025-09-18 23:50:22,179 - INFO - Completed /viper/ptmp/arego/RC4K1_EN_100/22898.h5 in 53.95 seconds
2025-09-18 23:50:22,395 - INFO - Processing /viper/ptmp/arego/RC4K1/29323.h5
2025-09-18 23:50:22,404 - INFO - Completed /viper/ptmp/arego/RC4K1_EN_100/26183.h5 in 66.11 seconds
2025-09-18 23:50:22,584 - INFO - Processing /viper/ptmp/arego/RC4K1/13189.h5
2025-09-18 23:50:22,937 - INFO - Completed /viper/ptmp/arego/RC4K1_EN_100/4106.h5 in 61.32 seconds
2025-09-18 23:50:23,109 - INFO - Processing /viper/ptmp/arego/RC4K1/27030.h5
2025-09-18 23:50:23,357 - INFO - File 28036: Filtered 19809100 hits and 7 records
2025-09-18 23:50:23,853 - INFO - Completed /viper/ptmp/arego/RC4K1_EN_100/20578.h5 in 99.15 seconds
2025-09-18 23:50:24,101 - INFO - Processing /viper/ptmp/arego/RC4K1/29473.h5
2025-09-18 23:50:25,282 - INFO - File 9003: Filtered 7320762 hits and 5 records
2025-09-18 23:50:25,383 - INFO - Completed /viper/ptmp/arego/RC4K1_EN_100/25955.h5 in 70.90 seconds
2025-09-18 23:50:25,610 - INFO - Processing /viper/ptmp/arego/RC4K1/14158.h5
2025-09-18 23:50:26,321 - INFO - File 21667: Filtered 15663758 hits and 8 records
2025-09-18 23:50:27,729 - INFO - File 18734: Filtered 10287371 hits and 7 records
2025-09-18 23:50:28,571 - INFO - File 13189: Filtered 20056732 hits and 7 records
2025-09-18 23:50:28,959 - INFO - File 29323: Filtered 2773692 hits and 3 records
2025-09-18 23:50:29,469 - INFO - File 27030: Filtered 10029830 hits and 8 records
2025-09-18 23:50:29,909 - INFO - Completed /viper/ptmp/arego/RC4K1_EN_100/25098.h5 in 81.56 seconds
2025-09-18 23:50:30,133 - INFO - Processing /viper/ptmp/arego/RC4K1/4665.h5
2025-09-18 23:50:31,924 - INFO - File 29473: Filtered 20135503 hits and 7 records
2025-09-18 23:50:32,100 - INFO - File 14158: Filtered 17193896 hits and 7 records
2025-09-18 23:50:32,600 - INFO - Completed /viper/ptmp/arego/RC4K1_EN_100/25603.h5 in 79.25 seconds
2025-09-18 23:50:32,835 - INFO - Processing /viper/ptmp/arego/RC4K1/19914.h5
2025-09-18 23:50:35,927 - INFO - File 4665: Filtered 7117915 hits and 9 records
2025-09-18 23:50:38,913 - INFO - File 19914: Filtered 11067008 hits and 8 records
2025-09-18 23:50:41,064 - INFO - Completed /viper/ptmp/arego/RC4K1_EN_100/14381.h5 in 33.37 seconds
2025-09-18 23:50:41,225 - INFO - Processing /viper/ptmp/arego/RC4K1/23253.h5
2025-09-18 23:50:45,276 - INFO - Completed /viper/ptmp/arego/RC4K1_EN_100/20896.h5 in 93.88 seconds
2025-09-18 23:50:45,510 - INFO - Processing /viper/ptmp/arego/RC4K1/9088.h5
2025-09-18 23:50:46,744 - INFO - File 23253: Filtered 10860865 hits and 5 records
2025-09-18 23:50:49,735 - INFO - Completed /viper/ptmp/arego/RC4K1_EN_100/6903.h5 in 54.85 seconds
2025-09-18 23:50:49,905 - INFO - Processing /viper/ptmp/arego/RC4K1/6914.h5
2025-09-18 23:50:51,641 - INFO - File 9088: Filtered 14235027 hits and 8 records
2025-09-18 23:50:54,530 - INFO - Completed /viper/ptmp/arego/RC4K1_EN_100/28271.h5 in 70.70 seconds
2025-09-18 23:50:54,791 - INFO - Processing /viper/ptmp/arego/RC4K1/11528.h5
2025-09-18 23:50:55,266 - INFO - Completed /viper/ptmp/arego/RC4K1_EN_100/24953.h5 in 60.02 seconds
2025-09-18 23:50:55,487 - INFO - Processing /viper/ptmp/arego/RC4K1/12798.h5
2025-09-18 23:50:56,401 - INFO - File 6914: Filtered 13813174 hits and 8 records
2025-09-18 23:50:56,928 - INFO - Completed /viper/ptmp/arego/RC4K1_EN_100/27308.h5 in 41.54 seconds
2025-09-18 23:50:57,123 - INFO - Processing /viper/ptmp/arego/RC4K1/14928.h5
2025-09-18 23:51:01,034 - INFO - File 12798: Filtered 14328237 hits and 7 records
2025-09-18 23:51:01,514 - INFO - File 11528: Filtered 17329459 hits and 9 records
2025-09-18 23:51:02,010 - INFO - Completed /viper/ptmp/arego/RC4K1_EN_100/28036.h5 in 44.59 seconds
2025-09-18 23:51:02,238 - INFO - Processing /viper/ptmp/arego/RC4K1/15613.h5
2025-09-18 23:51:02,595 - INFO - Completed /viper/ptmp/arego/RC4K1_EN_100/11039.h5 in 94.69 seconds
2025-09-18 23:51:02,597 - INFO - File 14928: Filtered 14083199 hits and 6 records
2025-09-18 23:51:02,803 - INFO - Processing /viper/ptmp/arego/RC4K1/1517.h5
2025-09-18 23:51:03,893 - INFO - Completed /viper/ptmp/arego/RC4K1_EN_100/13189.h5 in 41.31 seconds
2025-09-18 23:51:04,078 - INFO - Processing /viper/ptmp/arego/RC4K1/6520.h5
2025-09-18 23:51:08,016 - INFO - Completed /viper/ptmp/arego/RC4K1_EN_100/29473.h5 in 43.92 seconds
2025-09-18 23:51:08,241 - INFO - Processing /viper/ptmp/arego/RC4K1/3630.h5
2025-09-18 23:51:08,734 - INFO - File 15613: Filtered 21548417 hits and 10 records
2025-09-18 23:51:09,287 - INFO - File 1517: Filtered 14083087 hits and 8 records
2025-09-18 23:51:09,593 - INFO - Completed /viper/ptmp/arego/RC4K1_EN_100/15995.h5 in 60.34 seconds
2025-09-18 23:51:09,799 - INFO - Processing /viper/ptmp/arego/RC4K1/13654.h5
2025-09-18 23:51:10,101 - INFO - File 6520: Filtered 17881266 hits and 6 records
2025-09-18 23:51:15,307 - INFO - Completed /viper/ptmp/arego/RC4K1_EN_100/21667.h5 in 56.12 seconds
2025-09-18 23:51:15,606 - INFO - Processing /viper/ptmp/arego/RC4K1/23660.h5
2025-09-18 23:51:15,866 - INFO - Completed /viper/ptmp/arego/RC4K1_EN_100/258.h5 in 67.65 seconds
2025-09-18 23:51:15,883 - INFO - File 3630: Filtered 21541347 hits and 9 records
2025-09-18 23:51:16,088 - INFO - Processing /viper/ptmp/arego/RC4K1/13450.h5
2025-09-18 23:51:17,879 - INFO - Completed /viper/ptmp/arego/RC4K1_EN_100/2822.h5 in 84.75 seconds
2025-09-18 23:51:18,033 - INFO - Processing /viper/ptmp/arego/RC4K1/725.h5
2025-09-18 23:51:18,097 - INFO - File 13654: Filtered 15879078 hits and 9 records
2025-09-18 23:51:21,297 - INFO - Completed /viper/ptmp/arego/RC4K1_EN_100/14158.h5 in 55.69 seconds
2025-09-18 23:51:21,473 - INFO - Processing /viper/ptmp/arego/RC4K1/10639.h5
2025-09-18 23:51:22,353 - INFO - File 13450: Filtered 9674931 hits and 10 records
2025-09-18 23:51:22,357 - INFO - File 23660: Filtered 24937423 hits and 6 records
2025-09-18 23:51:23,964 - INFO - File 725: Filtered 14077035 hits and 12 records
2025-09-18 23:51:24,286 - INFO - Completed /viper/ptmp/arego/RC4K1_EN_100/8382.h5 in 78.12 seconds
2025-09-18 23:51:24,633 - INFO - Processing /viper/ptmp/arego/RC4K1/6671.h5
2025-09-18 23:51:27,800 - INFO - File 10639: Filtered 27148462 hits and 7 records
2025-09-18 23:51:30,259 - INFO - File 6671: Filtered 9803087 hits and 8 records
2025-09-18 23:51:38,805 - INFO - Completed /viper/ptmp/arego/RC4K1_EN_100/1215.h5 in 131.53 seconds
2025-09-18 23:51:38,875 - INFO - Completed /viper/ptmp/arego/RC4K1_EN_100/23660.h5 in 23.27 seconds
2025-09-18 23:51:38,994 - INFO - Processing /viper/ptmp/arego/RC4K1/13061.h5
2025-09-18 23:51:39,651 - INFO - Processing /viper/ptmp/arego/RC4K1/24841.h5
2025-09-18 23:51:41,050 - INFO - Completed /viper/ptmp/arego/RC4K1_EN_100/15613.h5 in 38.81 seconds
2025-09-18 23:51:41,278 - INFO - Processing /viper/ptmp/arego/RC4K1/20443.h5
2025-09-18 23:51:43,291 - INFO - Completed /viper/ptmp/arego/RC4K1_EN_100/27030.h5 in 80.18 seconds
2025-09-18 23:51:43,490 - INFO - Processing /viper/ptmp/arego/RC4K1/13272.h5
2025-09-18 23:51:46,668 - INFO - File 24841: Filtered 9607985 hits and 5 records
2025-09-18 23:51:47,553 - INFO - Completed /viper/ptmp/arego/RC4K1_EN_100/24937.h5 in 94.78 seconds
2025-09-18 23:51:47,754 - INFO - Processing /viper/ptmp/arego/RC4K1/8092.h5
2025-09-18 23:51:48,006 - INFO - Completed /viper/ptmp/arego/RC4K1_EN_100/10639.h5 in 26.53 seconds
2025-09-18 23:51:48,392 - INFO - Processing /viper/ptmp/arego/RC4K1/11329.h5
2025-09-18 23:51:49,168 - INFO - File 13061: Filtered 12777162 hits and 8 records
2025-09-18 23:51:49,233 - INFO - File 13272: Filtered 6303179 hits and 4 records
2025-09-18 23:51:49,803 - INFO - Completed /viper/ptmp/arego/RC4K1_EN_100/3630.h5 in 41.56 seconds
2025-09-18 23:51:50,145 - INFO - Processing /viper/ptmp/arego/RC4K1/9052.h5
2025-09-18 23:51:50,759 - INFO - Completed /viper/ptmp/arego/RC4K1_EN_100/11528.h5 in 55.97 seconds
2025-09-18 23:51:51,246 - INFO - Processing /viper/ptmp/arego/RC4K1/7838.h5
2025-09-18 23:51:51,639 - INFO - Completed /viper/ptmp/arego/RC4K1_EN_100/18734.h5 in 91.35 seconds
2025-09-18 23:51:52,072 - INFO - Processing /viper/ptmp/arego/RC4K1/28101.h5
2025-09-18 23:51:53,096 - INFO - File 20443: Filtered 27692981 hits and 7 records
2025-09-18 23:51:53,886 - INFO - Completed /viper/ptmp/arego/RC4K1_EN_100/9003.h5 in 94.25 seconds
2025-09-18 23:51:54,044 - INFO - Processing /viper/ptmp/arego/RC4K1/29442.h5
2025-09-18 23:51:56,612 - INFO - Completed /viper/ptmp/arego/RC4K1_EN_100/9088.h5 in 71.10 seconds
2025-09-18 23:51:56,783 - INFO - Processing /viper/ptmp/arego/RC4K1/13766.h5
2025-09-18 23:51:57,697 - INFO - Completed /viper/ptmp/arego/RC4K1_EN_100/6520.h5 in 53.62 seconds
2025-09-18 23:51:57,866 - INFO - Processing /viper/ptmp/arego/RC4K1/25110.h5
2025-09-18 23:51:58,364 - INFO - File 7838: Filtered 14975330 hits and 5 records
2025-09-18 23:51:59,156 - INFO - File 28101: Filtered 9428981 hits and 7 records
2025-09-18 23:51:59,828 - INFO - File 11329: Filtered 13053409 hits and 5 records
2025-09-18 23:52:00,006 - INFO - File 8092: Filtered 18471238 hits and 8 records
2025-09-18 23:52:01,200 - INFO - Completed /viper/ptmp/arego/RC4K1_EN_100/6914.h5 in 71.29 seconds
2025-09-18 23:52:01,449 - INFO - Processing /viper/ptmp/arego/RC4K1/12222.h5
2025-09-18 23:52:01,601 - INFO - Completed /viper/ptmp/arego/RC4K1_EN_100/12798.h5 in 66.11 seconds
2025-09-18 23:52:01,871 - INFO - Processing /viper/ptmp/arego/RC4K1/14564.h5
2025-09-18 23:52:02,230 - INFO - Completed /viper/ptmp/arego/RC4K1_EN_100/19914.h5 in 89.39 seconds
2025-09-18 23:52:02,463 - INFO - Processing /viper/ptmp/arego/RC4K1/19975.h5
2025-09-18 23:52:03,465 - INFO - File 13766: Filtered 21407875 hits and 10 records
2025-09-18 23:52:04,439 - INFO - Completed /viper/ptmp/arego/RC4K1_EN_100/14928.h5 in 67.32 seconds
2025-09-18 23:52:04,564 - INFO - File 25110: Filtered 19672858 hits and 5 records
2025-09-18 23:52:04,808 - INFO - Completed /viper/ptmp/arego/RC4K1_EN_100/23253.h5 in 83.58 seconds
2025-09-18 23:52:04,832 - INFO - Processing /viper/ptmp/arego/RC4K1/27805.h5
2025-09-18 23:52:05,690 - INFO - Processing /viper/ptmp/arego/RC4K1/17781.h5
2025-09-18 23:52:06,045 - INFO - File 29442: Filtered 14299137 hits and 5 records
2025-09-18 23:52:06,306 - INFO - Completed /viper/ptmp/arego/RC4K1_EN_100/4665.h5 in 96.17 seconds
2025-09-18 23:52:06,499 - INFO - Processing /viper/ptmp/arego/RC4K1/6577.h5
2025-09-18 23:52:06,999 - INFO - File 9052: Filtered 23375357 hits and 9 records
2025-09-18 23:52:08,647 - INFO - File 14564: Filtered 4744259 hits and 7 records
2025-09-18 23:52:09,078 - INFO - File 19975: Filtered 19214512 hits and 9 records
2025-09-18 23:52:09,178 - INFO - File 12222: Filtered 10856897 hits and 7 records
2025-09-18 23:52:09,179 - INFO - Completed /viper/ptmp/arego/RC4K1_EN_100/20443.h5 in 27.90 seconds
2025-09-18 23:52:09,392 - INFO - Processing /viper/ptmp/arego/RC4K1/14721.h5
2025-09-18 23:52:12,868 - INFO - File 6577: Filtered 22625242 hits and 8 records
2025-09-18 23:52:13,621 - INFO - File 17781: Filtered 5931616 hits and 5 records
2025-09-18 23:52:14,005 - INFO - Completed /viper/ptmp/arego/RC4K1_EN_100/13654.h5 in 64.21 seconds
2025-09-18 23:52:14,225 - INFO - Processing /viper/ptmp/arego/RC4K1/27503.h5
2025-09-18 23:52:15,611 - INFO - File 14721: Filtered 18977917 hits and 8 records
2025-09-18 23:52:16,041 - INFO - Completed /viper/ptmp/arego/RC4K1_EN_100/29323.h5 in 113.65 seconds
2025-09-18 23:52:16,226 - INFO - Processing /viper/ptmp/arego/RC4K1/10142.h5
2025-09-18 23:52:16,785 - INFO - File 27805: Filtered 14040627 hits and 6 records
2025-09-18 23:52:16,843 - INFO - Completed /viper/ptmp/arego/RC4K1_EN_100/1517.h5 in 74.04 seconds
2025-09-18 23:52:17,045 - INFO - Processing /viper/ptmp/arego/RC4K1/18935.h5
2025-09-18 23:52:24,042 - INFO - File 18935: Filtered 25985100 hits and 11 records
2025-09-18 23:52:26,436 - INFO - File 27503: Filtered 8410502 hits and 8 records
2025-09-18 23:52:29,973 - INFO - File 10142: Filtered 12250546 hits and 5 records
2025-09-18 23:52:31,937 - INFO - Completed /viper/ptmp/arego/RC4K1_EN_100/9052.h5 in 41.79 seconds
2025-09-18 23:52:32,158 - INFO - Processing /viper/ptmp/arego/RC4K1/9420.h5
2025-09-18 23:52:39,097 - INFO - File 9420: Filtered 18380979 hits and 8 records
2025-09-18 23:52:40,157 - INFO - Completed /viper/ptmp/arego/RC4K1_EN_100/725.h5 in 82.12 seconds
2025-09-18 23:52:40,328 - INFO - Processing /viper/ptmp/arego/RC4K1/1731.h5
2025-09-18 23:52:41,988 - INFO - Completed /viper/ptmp/arego/RC4K1_EN_100/13766.h5 in 45.21 seconds
2025-09-18 23:52:42,159 - INFO - Processing /viper/ptmp/arego/RC4K1/22707.h5
2025-09-18 23:52:42,649 - INFO - Completed /viper/ptmp/arego/RC4K1_EN_100/18935.h5 in 25.60 seconds
2025-09-18 23:52:42,924 - INFO - Processing /viper/ptmp/arego/RC4K1/12693.h5
2025-09-18 23:52:46,552 - INFO - File 1731: Filtered 24477389 hits and 8 records
2025-09-18 23:52:48,545 - INFO - File 22707: Filtered 23352181 hits and 9 records
2025-09-18 23:52:48,757 - INFO - Completed /viper/ptmp/arego/RC4K1_EN_100/6577.h5 in 42.26 seconds
2025-09-18 23:52:48,942 - INFO - Processing /viper/ptmp/arego/RC4K1/6268.h5
2025-09-18 23:52:49,612 - INFO - File 12693: Filtered 12489515 hits and 6 records
2025-09-18 23:52:52,425 - INFO - Completed /viper/ptmp/arego/RC4K1_EN_100/25110.h5 in 54.56 seconds
2025-09-18 23:52:52,593 - INFO - Processing /viper/ptmp/arego/RC4K1/24008.h5
2025-09-18 23:52:55,629 - INFO - File 6268: Filtered 21207914 hits and 7 records
2025-09-18 23:52:56,207 - INFO - Completed /viper/ptmp/arego/RC4K1_EN_100/8092.h5 in 68.45 seconds
2025-09-18 23:52:56,375 - INFO - Processing /viper/ptmp/arego/RC4K1/7837.h5
2025-09-18 23:52:58,750 - INFO - Completed /viper/ptmp/arego/RC4K1_EN_100/13450.h5 in 102.66 seconds
2025-09-18 23:52:58,927 - INFO - Processing /viper/ptmp/arego/RC4K1/24778.h5
2025-09-18 23:52:59,872 - INFO - File 24008: Filtered 14002877 hits and 10 records
2025-09-18 23:53:00,410 - INFO - Completed /viper/ptmp/arego/RC4K1_EN_100/19975.h5 in 57.95 seconds
2025-09-18 23:53:00,602 - INFO - Processing /viper/ptmp/arego/RC4K1/25375.h5
2025-09-18 23:53:02,856 - INFO - File 7837: Filtered 27412225 hits and 9 records
2025-09-18 23:53:03,254 - INFO - Completed /viper/ptmp/arego/RC4K1_EN_100/7838.h5 in 72.01 seconds
2025-09-18 23:53:03,458 - INFO - Processing /viper/ptmp/arego/RC4K1/11331.h5
2025-09-18 23:53:05,768 - INFO - File 24778: Filtered 9019066 hits and 8 records
2025-09-18 23:53:05,819 - INFO - Completed /viper/ptmp/arego/RC4K1_EN_100/13061.h5 in 86.83 seconds
2025-09-18 23:53:06,029 - INFO - Processing /viper/ptmp/arego/RC4K1/16513.h5
2025-09-18 23:53:07,545 - INFO - File 25375: Filtered 18516450 hits and 9 records
2025-09-18 23:53:09,834 - INFO - Completed /viper/ptmp/arego/RC4K1_EN_100/29442.h5 in 75.79 seconds
2025-09-18 23:53:10,034 - INFO - Processing /viper/ptmp/arego/RC4K1/22780.h5
2025-09-18 23:53:10,798 - INFO - File 11331: Filtered 14906521 hits and 6 records
2025-09-18 23:53:11,214 - INFO - Completed /viper/ptmp/arego/RC4K1_EN_100/6671.h5 in 106.58 seconds
2025-09-18 23:53:11,534 - INFO - Processing /viper/ptmp/arego/RC4K1/19409.h5
2025-09-18 23:53:13,972 - INFO - File 16513: Filtered 17276040 hits and 9 records
2025-09-18 23:53:14,696 - INFO - Completed /viper/ptmp/arego/RC4K1_EN_100/14721.h5 in 65.30 seconds
2025-09-18 23:53:14,873 - INFO - Processing /viper/ptmp/arego/RC4K1/17931.h5
2025-09-18 23:53:16,844 - INFO - File 22780: Filtered 17309924 hits and 8 records
2025-09-18 23:53:17,002 - INFO - Completed /viper/ptmp/arego/RC4K1_EN_100/24841.h5 in 97.35 seconds
2025-09-18 23:53:17,116 - INFO - Completed /viper/ptmp/arego/RC4K1_EN_100/1731.h5 in 36.79 seconds
2025-09-18 23:53:17,189 - INFO - Processing /viper/ptmp/arego/RC4K1/29131.h5
2025-09-18 23:53:17,350 - INFO - Processing /viper/ptmp/arego/RC4K1/4343.h5
2025-09-18 23:53:18,477 - INFO - File 19409: Filtered 13527417 hits and 7 records
2025-09-18 23:53:19,499 - INFO - Completed /viper/ptmp/arego/RC4K1_EN_100/11329.h5 in 91.11 seconds
2025-09-18 23:53:19,661 - INFO - Processing /viper/ptmp/arego/RC4K1/24053.h5
2025-09-18 23:53:21,281 - INFO - File 17931: Filtered 22414004 hits and 6 records
2025-09-18 23:53:23,845 - INFO - File 4343: Filtered 22321020 hits and 7 records
2025-09-18 23:53:24,766 - INFO - File 29131: Filtered 21787913 hits and 10 records
2025-09-18 23:53:26,035 - INFO - Completed /viper/ptmp/arego/RC4K1_EN_100/7837.h5 in 29.66 seconds
2025-09-18 23:53:26,212 - INFO - Processing /viper/ptmp/arego/RC4K1/9875.h5
2025-09-18 23:53:26,631 - INFO - File 24053: Filtered 6757560 hits and 5 records
2025-09-18 23:53:26,710 - INFO - Completed /viper/ptmp/arego/RC4K1_EN_100/27805.h5 in 81.88 seconds
2025-09-18 23:53:26,874 - INFO - Processing /viper/ptmp/arego/RC4K1/29542.h5
2025-09-18 23:53:27,369 - INFO - Completed /viper/ptmp/arego/RC4K1_EN_100/22707.h5 in 45.21 seconds
2025-09-18 23:53:27,567 - INFO - Processing /viper/ptmp/arego/RC4K1/19290.h5
2025-09-18 23:53:31,922 - INFO - Completed /viper/ptmp/arego/RC4K1_EN_100/9420.h5 in 59.76 seconds
2025-09-18 23:53:32,185 - INFO - Processing /viper/ptmp/arego/RC4K1/1360.h5
2025-09-18 23:53:32,807 - INFO - File 29542: Filtered 24866756 hits and 9 records
2025-09-18 23:53:33,265 - INFO - File 9875: Filtered 14547881 hits and 9 records
2025-09-18 23:53:34,280 - INFO - Completed /viper/ptmp/arego/RC4K1_EN_100/28101.h5 in 102.21 seconds
2025-09-18 23:53:34,429 - INFO - File 19290: Filtered 12226088 hits and 8 records
2025-09-18 23:53:34,695 - INFO - Processing /viper/ptmp/arego/RC4K1/10851.h5
2025-09-18 23:53:36,145 - INFO - Completed /viper/ptmp/arego/RC4K1_EN_100/13272.h5 in 112.66 seconds
2025-09-18 23:53:36,321 - INFO - Processing /viper/ptmp/arego/RC4K1/17127.h5
2025-09-18 23:53:38,170 - INFO - Completed /viper/ptmp/arego/RC4K1_EN_100/12222.h5 in 96.72 seconds
2025-09-18 23:53:38,389 - INFO - Processing /viper/ptmp/arego/RC4K1/20537.h5
2025-09-18 23:53:39,461 - INFO - File 1360: Filtered 20989816 hits and 11 records
2025-09-18 23:53:40,163 - INFO - Completed /viper/ptmp/arego/RC4K1_EN_100/6268.h5 in 51.22 seconds
2025-09-18 23:53:40,369 - INFO - Processing /viper/ptmp/arego/RC4K1/22728.h5
2025-09-18 23:53:42,485 - INFO - File 17127: Filtered 17887696 hits and 9 records
2025-09-18 23:53:43,439 - INFO - File 10851: Filtered 19606251 hits and 8 records
2025-09-18 23:53:47,478 - INFO - File 22728: Filtered 17458258 hits and 8 records
2025-09-18 23:53:47,769 - INFO - File 20537: Filtered 14722621 hits and 6 records
2025-09-18 23:53:52,923 - INFO - Completed /viper/ptmp/arego/RC4K1_EN_100/10142.h5 in 96.70 seconds
2025-09-18 23:53:53,093 - INFO - Processing /viper/ptmp/arego/RC4K1/152.h5
2025-09-18 23:53:56,285 - INFO - Completed /viper/ptmp/arego/RC4K1_EN_100/14564.h5 in 114.41 seconds
2025-09-18 23:53:56,455 - INFO - Processing /viper/ptmp/arego/RC4K1/22802.h5
2025-09-18 23:53:59,242 - INFO - File 152: Filtered 29120755 hits and 9 records
2025-09-18 23:53:59,886 - INFO - Completed /viper/ptmp/arego/RC4K1_EN_100/4343.h5 in 42.54 seconds
2025-09-18 23:54:00,034 - INFO - Processing /viper/ptmp/arego/RC4K1/23335.h5
2025-09-18 23:54:01,846 - INFO - Completed /viper/ptmp/arego/RC4K1_EN_100/29542.h5 in 34.97 seconds
2025-09-18 23:54:02,008 - INFO - Processing /viper/ptmp/arego/RC4K1/18244.h5
2025-09-18 23:54:02,985 - INFO - File 22802: Filtered 13140002 hits and 9 records
2025-09-18 23:54:04,009 - INFO - Completed /viper/ptmp/arego/RC4K1_EN_100/29131.h5 in 46.82 seconds
2025-09-18 23:54:04,193 - INFO - Processing /viper/ptmp/arego/RC4K1/12062.h5
2025-09-18 23:54:04,281 - INFO - Completed /viper/ptmp/arego/RC4K1_EN_100/27503.h5 in 110.06 seconds
2025-09-18 23:54:04,939 - INFO - Processing /viper/ptmp/arego/RC4K1/5416.h5
2025-09-18 23:54:06,165 - INFO - Completed /viper/ptmp/arego/RC4K1_EN_100/17931.h5 in 51.29 seconds
2025-09-18 23:54:06,338 - INFO - Processing /viper/ptmp/arego/RC4K1/16095.h5
2025-09-18 23:54:06,639 - INFO - File 23335: Filtered 15251903 hits and 10 records
2025-09-18 23:54:08,250 - INFO - File 18244: Filtered 16880012 hits and 7 records
2025-09-18 23:54:08,925 - INFO - Completed /viper/ptmp/arego/RC4K1_EN_100/25375.h5 in 68.32 seconds
2025-09-18 23:54:09,085 - INFO - Processing /viper/ptmp/arego/RC4K1/9183.h5
2025-09-18 23:54:11,124 - INFO - Completed /viper/ptmp/arego/RC4K1_EN_100/12693.h5 in 88.20 seconds
2025-09-18 23:54:11,426 - INFO - Processing /viper/ptmp/arego/RC4K1/8594.h5
2025-09-18 23:54:12,847 - INFO - File 16095: Filtered 27201337 hits and 9 records
2025-09-18 23:54:13,136 - INFO - File 12062: Filtered 17926826 hits and 9 records
2025-09-18 23:54:14,219 - INFO - File 5416: Filtered 21650498 hits and 10 records
2025-09-18 23:54:14,999 - INFO - Completed /viper/ptmp/arego/RC4K1_EN_100/152.h5 in 21.91 seconds
2025-09-18 23:54:15,180 - INFO - Processing /viper/ptmp/arego/RC4K1/23759.h5
2025-09-18 23:54:15,362 - INFO - Completed /viper/ptmp/arego/RC4K1_EN_100/24008.h5 in 82.77 seconds
2025-09-18 23:54:15,538 - INFO - Processing /viper/ptmp/arego/RC4K1/14169.h5
2025-09-18 23:54:15,778 - INFO - File 9183: Filtered 23955037 hits and 9 records
2025-09-18 23:54:19,306 - INFO - Completed /viper/ptmp/arego/RC4K1_EN_100/16513.h5 in 73.28 seconds
2025-09-18 23:54:19,603 - INFO - Processing /viper/ptmp/arego/RC4K1/24846.h5
2025-09-18 23:54:19,903 - INFO - File 8594: Filtered 16168619 hits and 6 records
2025-09-18 23:54:22,216 - INFO - File 23759: Filtered 22392754 hits and 5 records
2025-09-18 23:54:23,450 - INFO - File 14169: Filtered 13471640 hits and 5 records
2025-09-18 23:54:28,679 - INFO - Completed /viper/ptmp/arego/RC4K1_EN_100/1360.h5 in 56.49 seconds
2025-09-18 23:54:28,930 - INFO - Processing /viper/ptmp/arego/RC4K1/24372.h5
2025-09-18 23:54:29,583 - INFO - Completed /viper/ptmp/arego/RC4K1_EN_100/11331.h5 in 86.13 seconds
2025-09-18 23:54:29,889 - INFO - Completed /viper/ptmp/arego/RC4K1_EN_100/22780.h5 in 79.85 seconds
2025-09-18 23:54:29,924 - INFO - Processing /viper/ptmp/arego/RC4K1/20939.h5
2025-09-18 23:54:30,116 - INFO - Processing /viper/ptmp/arego/RC4K1/22061.h5
2025-09-18 23:54:30,559 - INFO - File 24846: Filtered 41823787 hits and 8 records
2025-09-18 23:54:36,563 - INFO - File 22061: Filtered 14519433 hits and 4 records
2025-09-18 23:54:37,393 - INFO - File 24372: Filtered 20326128 hits and 6 records
2025-09-18 23:54:38,595 - INFO - File 20939: Filtered 14717079 hits and 8 records
2025-09-18 23:54:42,488 - INFO - Completed /viper/ptmp/arego/RC4K1_EN_100/16095.h5 in 36.15 seconds
2025-09-18 23:54:42,548 - INFO - Completed /viper/ptmp/arego/RC4K1_EN_100/10851.h5 in 67.85 seconds
2025-09-18 23:54:42,656 - INFO - Processing /viper/ptmp/arego/RC4K1/22634.h5
2025-09-18 23:54:42,776 - INFO - Processing /viper/ptmp/arego/RC4K1/7413.h5
2025-09-18 23:54:44,363 - INFO - Completed /viper/ptmp/arego/RC4K1_EN_100/17127.h5 in 68.04 seconds
2025-09-18 23:54:44,591 - INFO - Processing /viper/ptmp/arego/RC4K1/4459.h5
2025-09-18 23:54:49,239 - INFO - Completed /viper/ptmp/arego/RC4K1_EN_100/24778.h5 in 110.31 seconds
2025-09-18 23:54:49,566 - INFO - Processing /viper/ptmp/arego/RC4K1/7819.h5
2025-09-18 23:54:49,715 - INFO - File 22634: Filtered 22446669 hits and 9 records
2025-09-18 23:54:50,459 - INFO - File 7413: Filtered 14478428 hits and 7 records
2025-09-18 23:54:51,644 - INFO - File 4459: Filtered 13388106 hits and 9 records
2025-09-18 23:54:56,844 - INFO - File 7819: Filtered 21237959 hits and 9 records
2025-09-18 23:54:58,114 - INFO - Completed /viper/ptmp/arego/RC4K1_EN_100/9875.h5 in 91.90 seconds
2025-09-18 23:54:58,286 - INFO - Processing /viper/ptmp/arego/RC4K1/19095.h5
2025-09-18 23:54:58,986 - INFO - Completed /viper/ptmp/arego/RC4K1_EN_100/17781.h5 in 173.30 seconds
2025-09-18 23:54:59,105 - INFO - Completed /viper/ptmp/arego/RC4K1_EN_100/22728.h5 in 78.74 seconds
2025-09-18 23:54:59,184 - INFO - Completed /viper/ptmp/arego/RC4K1_EN_100/9183.h5 in 50.10 seconds
2025-09-18 23:54:59,275 - INFO - Processing /viper/ptmp/arego/RC4K1/23734.h5
2025-09-18 23:54:59,360 - INFO - Processing /viper/ptmp/arego/RC4K1/22836.h5
2025-09-18 23:54:59,662 - INFO - Completed /viper/ptmp/arego/RC4K1_EN_100/24846.h5 in 40.06 seconds
2025-09-18 23:54:59,846 - INFO - Processing /viper/ptmp/arego/RC4K1/13050.h5
2025-09-18 23:54:59,987 - INFO - Processing /viper/ptmp/arego/RC4K1/2888.h5
2025-09-18 23:55:04,041 - INFO - Completed /viper/ptmp/arego/RC4K1_EN_100/19409.h5 in 112.51 seconds
2025-09-18 23:55:04,372 - INFO - Processing /viper/ptmp/arego/RC4K1/22899.h5
2025-09-18 23:55:05,894 - INFO - File 19095: Filtered 14626330 hits and 7 records
2025-09-18 23:55:06,479 - INFO - File 22836: Filtered 21361135 hits and 9 records
2025-09-18 23:55:06,877 - INFO - Completed /viper/ptmp/arego/RC4K1_EN_100/23759.h5 in 51.70 seconds
2025-09-18 23:55:07,095 - INFO - Processing /viper/ptmp/arego/RC4K1/9213.h5
2025-09-18 23:55:07,344 - INFO - File 23734: Filtered 24610805 hits and 8 records
2025-09-18 23:55:07,681 - INFO - Completed /viper/ptmp/arego/RC4K1_EN_100/5416.h5 in 62.74 seconds
2025-09-18 23:55:07,917 - INFO - File 2888: Filtered 23564788 hits and 5 records
2025-09-18 23:55:07,945 - INFO - Completed /viper/ptmp/arego/RC4K1_EN_100/19290.h5 in 100.38 seconds
2025-09-18 23:55:07,974 - INFO - Processing /viper/ptmp/arego/RC4K1/14079.h5
2025-09-18 23:55:08,146 - INFO - Processing /viper/ptmp/arego/RC4K1/29151.h5
2025-09-18 23:55:08,475 - INFO - File 13050: Filtered 14298024 hits and 8 records
2025-09-18 23:55:10,822 - INFO - File 22899: Filtered 13376475 hits and 7 records
2025-09-18 23:55:12,368 - INFO - Completed /viper/ptmp/arego/RC4K1_EN_100/20537.h5 in 93.98 seconds
2025-09-18 23:55:12,712 - INFO - Processing /viper/ptmp/arego/RC4K1/29383.h5
2025-09-18 23:55:13,970 - INFO - File 9213: Filtered 20359620 hits and 9 records
2025-09-18 23:55:15,680 - INFO - File 29151: Filtered 28590449 hits and 11 records
2025-09-18 23:55:15,862 - INFO - Completed /viper/ptmp/arego/RC4K1_EN_100/18244.h5 in 73.85 seconds
2025-09-18 23:55:16,080 - INFO - Processing /viper/ptmp/arego/RC4K1/12583.h5
2025-09-18 23:55:16,396 - INFO - File 14079: Filtered 30574999 hits and 6 records
2025-09-18 23:55:18,972 - INFO - Completed /viper/ptmp/arego/RC4K1_EN_100/12062.h5 in 74.78 seconds
2025-09-18 23:55:19,242 - INFO - Processing /viper/ptmp/arego/RC4K1/14280.h5
2025-09-18 23:55:20,541 - INFO - File 29383: Filtered 19995341 hits and 10 records
2025-09-18 23:55:21,146 - INFO - Completed /viper/ptmp/arego/RC4K1_EN_100/24053.h5 in 121.49 seconds
2025-09-18 23:55:21,314 - INFO - Processing /viper/ptmp/arego/RC4K1/21593.h5
2025-09-18 23:55:23,008 - INFO - File 12583: Filtered 17628003 hits and 8 records
2025-09-18 23:55:24,113 - INFO - Completed /viper/ptmp/arego/RC4K1_EN_100/23335.h5 in 84.08 seconds
2025-09-18 23:55:24,278 - INFO - Processing /viper/ptmp/arego/RC4K1/12319.h5
2025-09-18 23:55:26,698 - INFO - Completed /viper/ptmp/arego/RC4K1_EN_100/22802.h5 in 90.24 seconds
2025-09-18 23:55:26,884 - INFO - Processing /viper/ptmp/arego/RC4K1/8787.h5
2025-09-18 23:55:27,199 - INFO - File 14280: Filtered 17522370 hits and 5 records
2025-09-18 23:55:28,722 - INFO - File 21593: Filtered 27115703 hits and 8 records
2025-09-18 23:55:31,389 - INFO - File 12319: Filtered 13209420 hits and 7 records
2025-09-18 23:55:34,138 - INFO - File 8787: Filtered 17812995 hits and 8 records
2025-09-18 23:55:34,194 - INFO - Completed /viper/ptmp/arego/RC4K1_EN_100/14079.h5 in 26.22 seconds
2025-09-18 23:55:34,429 - INFO - Processing /viper/ptmp/arego/RC4K1/10996.h5
2025-09-18 23:55:39,772 - INFO - Completed /viper/ptmp/arego/RC4K1_EN_100/24372.h5 in 70.84 seconds
2025-09-18 23:55:40,058 - INFO - Processing /viper/ptmp/arego/RC4K1/18085.h5
2025-09-18 23:55:40,742 - INFO - Completed /viper/ptmp/arego/RC4K1_EN_100/8594.h5 in 89.32 seconds
2025-09-18 23:55:41,280 - INFO - Processing /viper/ptmp/arego/RC4K1/8662.h5
2025-09-18 23:55:42,278 - INFO - File 10996: Filtered 18033702 hits and 6 records
2025-09-18 23:55:46,120 - INFO - Completed /viper/ptmp/arego/RC4K1_EN_100/22634.h5 in 63.46 seconds
2025-09-18 23:55:46,343 - INFO - Processing /viper/ptmp/arego/RC4K1/1933.h5
2025-09-18 23:55:49,157 - INFO - File 18085: Filtered 13215588 hits and 7 records
2025-09-18 23:55:49,795 - INFO - Completed /viper/ptmp/arego/RC4K1_EN_100/29151.h5 in 41.65 seconds
2025-09-18 23:55:50,003 - INFO - Processing /viper/ptmp/arego/RC4K1/26656.h5
2025-09-18 23:55:50,171 - INFO - File 8662: Filtered 26259190 hits and 10 records
2025-09-18 23:55:52,282 - INFO - Completed /viper/ptmp/arego/RC4K1_EN_100/23734.h5 in 53.01 seconds
2025-09-18 23:55:52,470 - INFO - Processing /viper/ptmp/arego/RC4K1/27040.h5
2025-09-18 23:55:54,057 - INFO - File 1933: Filtered 22937933 hits and 5 records
2025-09-18 23:55:56,653 - INFO - Completed /viper/ptmp/arego/RC4K1_EN_100/22061.h5 in 86.54 seconds
2025-09-18 23:55:56,831 - INFO - Processing /viper/ptmp/arego/RC4K1/19751.h5
2025-09-18 23:55:58,049 - INFO - File 26656: Filtered 25906437 hits and 9 records
2025-09-18 23:55:58,677 - INFO - Completed /viper/ptmp/arego/RC4K1_EN_100/22836.h5 in 59.32 seconds
2025-09-18 23:55:58,843 - INFO - Processing /viper/ptmp/arego/RC4K1/17109.h5
2025-09-18 23:55:58,929 - INFO - Completed /viper/ptmp/arego/RC4K1_EN_100/2888.h5 in 58.94 seconds
2025-09-18 23:55:59,100 - INFO - Processing /viper/ptmp/arego/RC4K1/502.h5
2025-09-18 23:56:00,872 - INFO - File 27040: Filtered 13412458 hits and 9 records
2025-09-18 23:56:01,436 - INFO - Completed /viper/ptmp/arego/RC4K1_EN_100/14169.h5 in 105.90 seconds
2025-09-18 23:56:01,623 - INFO - Processing /viper/ptmp/arego/RC4K1/20327.h5
2025-09-18 23:56:03,452 - INFO - Completed /viper/ptmp/arego/RC4K1_EN_100/7819.h5 in 73.89 seconds
2025-09-18 23:56:03,702 - INFO - Processing /viper/ptmp/arego/RC4K1/18028.h5
2025-09-18 23:56:04,263 - INFO - File 19751: Filtered 20828779 hits and 12 records
2025-09-18 23:56:05,585 - INFO - File 17109: Filtered 12374799 hits and 8 records
2025-09-18 23:56:07,301 - INFO - File 502: Filtered 16297285 hits and 7 records
2025-09-18 23:56:09,115 - INFO - Completed /viper/ptmp/arego/RC4K1_EN_100/9213.h5 in 62.02 seconds
2025-09-18 23:56:09,299 - INFO - Processing /viper/ptmp/arego/RC4K1/18657.h5
2025-09-18 23:56:10,047 - INFO - File 20327: Filtered 29733582 hits and 9 records
2025-09-18 23:56:10,899 - INFO - Completed /viper/ptmp/arego/RC4K1_EN_100/20939.h5 in 100.97 seconds
2025-09-18 23:56:11,088 - INFO - Processing /viper/ptmp/arego/RC4K1/13509.h5
2025-09-18 23:56:12,321 - INFO - File 18028: Filtered 26661819 hits and 9 records
2025-09-18 23:56:13,500 - INFO - Completed /viper/ptmp/arego/RC4K1_EN_100/21593.h5 in 52.19 seconds
2025-09-18 23:56:13,670 - INFO - Processing /viper/ptmp/arego/RC4K1/19624.h5
2025-09-18 23:56:16,468 - INFO - File 18657: Filtered 18899079 hits and 11 records
2025-09-18 23:56:19,753 - INFO - Completed /viper/ptmp/arego/RC4K1_EN_100/4459.h5 in 95.16 seconds
2025-09-18 23:56:19,937 - INFO - Processing /viper/ptmp/arego/RC4K1/27008.h5
2025-09-18 23:56:20,932 - INFO - File 13509: Filtered 15642429 hits and 7 records
2025-09-18 23:56:21,868 - INFO - File 19624: Filtered 22559686 hits and 9 records
2025-09-18 23:56:23,679 - INFO - Completed /viper/ptmp/arego/RC4K1_EN_100/7413.h5 in 100.90 seconds
2025-09-18 23:56:24,012 - INFO - Processing /viper/ptmp/arego/RC4K1/11267.h5
2025-09-18 23:56:26,996 - INFO - File 27008: Filtered 16964596 hits and 9 records
2025-09-18 23:56:29,024 - INFO - Completed /viper/ptmp/arego/RC4K1_EN_100/29383.h5 in 76.31 seconds
2025-09-18 23:56:29,239 - INFO - Processing /viper/ptmp/arego/RC4K1/4096.h5
2025-09-18 23:56:31,369 - INFO - Completed /viper/ptmp/arego/RC4K1_EN_100/8662.h5 in 50.09 seconds
2025-09-18 23:56:31,602 - INFO - Processing /viper/ptmp/arego/RC4K1/18823.h5
2025-09-18 23:56:32,760 - INFO - File 11267: Filtered 19559635 hits and 8 records
2025-09-18 23:56:42,099 - INFO - Completed /viper/ptmp/arego/RC4K1_EN_100/19095.h5 in 103.81 seconds
2025-09-18 23:56:42,272 - INFO - File 4096: Filtered 14095521 hits and 8 records
2025-09-18 23:56:42,298 - INFO - Processing /viper/ptmp/arego/RC4K1/5756.h5
2025-09-18 23:56:43,367 - INFO - File 18823: Filtered 15697871 hits and 6 records
2025-09-18 23:56:43,685 - INFO - Completed /viper/ptmp/arego/RC4K1_EN_100/13050.h5 in 103.84 seconds
2025-09-18 23:56:44,063 - INFO - Processing /viper/ptmp/arego/RC4K1/4385.h5
2025-09-18 23:56:46,510 - INFO - Completed /viper/ptmp/arego/RC4K1_EN_100/8787.h5 in 79.63 seconds
2025-09-18 23:56:46,676 - INFO - Processing /viper/ptmp/arego/RC4K1/10516.h5
2025-09-18 23:56:47,319 - INFO - Completed /viper/ptmp/arego/RC4K1_EN_100/14280.h5 in 88.08 seconds
2025-09-18 23:56:47,522 - INFO - Processing /viper/ptmp/arego/RC4K1/20558.h5
2025-09-18 23:56:50,482 - INFO - File 5756: Filtered 22862988 hits and 5 records
2025-09-18 23:56:50,774 - INFO - Completed /viper/ptmp/arego/RC4K1_EN_100/20327.h5 in 49.15 seconds
2025-09-18 23:56:50,992 - INFO - Processing /viper/ptmp/arego/RC4K1/27969.h5
2025-09-18 23:56:51,217 - INFO - Completed /viper/ptmp/arego/RC4K1_EN_100/26656.h5 in 61.21 seconds
2025-09-18 23:56:51,800 - INFO - Processing /viper/ptmp/arego/RC4K1/22749.h5
2025-09-18 23:56:52,438 - INFO - File 4385: Filtered 13422411 hits and 6 records
2025-09-18 23:56:53,703 - INFO - Completed /viper/ptmp/arego/RC4K1_EN_100/12583.h5 in 97.62 seconds
2025-09-18 23:56:53,891 - INFO - Processing /viper/ptmp/arego/RC4K1/23009.h5
2025-09-18 23:56:53,915 - INFO - File 10516: Filtered 6720604 hits and 6 records
2025-09-18 23:56:55,420 - INFO - Completed /viper/ptmp/arego/RC4K1_EN_100/22899.h5 in 111.05 seconds
2025-09-18 23:56:55,638 - INFO - Processing /viper/ptmp/arego/RC4K1/18451.h5
2025-09-18 23:56:57,639 - INFO - File 20558: Filtered 8263954 hits and 5 records
2025-09-18 23:57:00,196 - INFO - File 27969: Filtered 24277443 hits and 6 records
2025-09-18 23:57:00,765 - INFO - File 22749: Filtered 28764837 hits and 6 records
2025-09-18 23:57:00,833 - INFO - File 23009: Filtered 28022257 hits and 10 records
2025-09-18 23:57:02,442 - INFO - File 18451: Filtered 32777535 hits and 10 records
2025-09-18 23:57:04,544 - INFO - Completed /viper/ptmp/arego/RC4K1_EN_100/12319.h5 in 100.27 seconds
2025-09-18 23:57:04,812 - INFO - Processing /viper/ptmp/arego/RC4K1/11636.h5
2025-09-18 23:57:05,920 - INFO - Completed /viper/ptmp/arego/RC4K1_EN_100/1933.h5 in 79.58 seconds
2025-09-18 23:57:06,064 - INFO - Completed /viper/ptmp/arego/RC4K1_EN_100/19751.h5 in 69.23 seconds
2025-09-18 23:57:06,139 - INFO - Processing /viper/ptmp/arego/RC4K1/13769.h5
2025-09-18 23:57:06,231 - INFO - Processing /viper/ptmp/arego/RC4K1/11041.h5
2025-09-18 23:57:06,238 - INFO - Completed /viper/ptmp/arego/RC4K1_EN_100/10996.h5 in 91.81 seconds
2025-09-18 23:57:06,416 - INFO - Processing /viper/ptmp/arego/RC4K1/28141.h5
2025-09-18 23:57:12,773 - INFO - File 11636: Filtered 13280220 hits and 7 records
2025-09-18 23:57:14,527 - INFO - File 11041: Filtered 20201465 hits and 7 records
2025-09-18 23:57:15,164 - INFO - File 28141: Filtered 19581697 hits and 6 records
2025-09-18 23:57:15,649 - INFO - File 13769: Filtered 13602220 hits and 7 records
2025-09-18 23:57:22,481 - INFO - Completed /viper/ptmp/arego/RC4K1_EN_100/18028.h5 in 78.78 seconds
2025-09-18 23:57:22,663 - INFO - Processing /viper/ptmp/arego/RC4K1/5046.h5
2025-09-18 23:57:23,205 - INFO - Completed /viper/ptmp/arego/RC4K1_EN_100/18451.h5 in 27.57 seconds
2025-09-18 23:57:23,573 - INFO - Processing /viper/ptmp/arego/RC4K1/18811.h5
2025-09-18 23:57:29,224 - INFO - Completed /viper/ptmp/arego/RC4K1_EN_100/18657.h5 in 79.93 seconds
2025-09-18 23:57:29,435 - INFO - Processing /viper/ptmp/arego/RC4K1/25403.h5
2025-09-18 23:57:30,767 - INFO - File 18811: Filtered 11719724 hits and 6 records
2025-09-18 23:57:32,044 - INFO - File 5046: Filtered 25987586 hits and 7 records
2025-09-18 23:57:34,930 - INFO - Completed /viper/ptmp/arego/RC4K1_EN_100/23009.h5 in 41.04 seconds
2025-09-18 23:57:34,949 - INFO - Completed /viper/ptmp/arego/RC4K1_EN_100/18085.h5 in 114.89 seconds
2025-09-18 23:57:35,120 - INFO - Processing /viper/ptmp/arego/RC4K1/13650.h5
2025-09-18 23:57:35,140 - INFO - Processing /viper/ptmp/arego/RC4K1/25852.h5
2025-09-18 23:57:36,709 - INFO - File 25403: Filtered 23243454 hits and 6 records
2025-09-18 23:57:42,364 - INFO - File 13650: Filtered 18875948 hits and 8 records
2025-09-18 23:57:44,980 - INFO - File 25852: Filtered 13808682 hits and 8 records
2025-09-18 23:57:45,691 - INFO - Completed /viper/ptmp/arego/RC4K1_EN_100/27008.h5 in 85.75 seconds
2025-09-18 23:57:45,855 - INFO - Processing /viper/ptmp/arego/RC4K1/22557.h5
2025-09-18 23:57:47,064 - INFO - Completed /viper/ptmp/arego/RC4K1_EN_100/19624.h5 in 93.39 seconds
2025-09-18 23:57:47,270 - INFO - Processing /viper/ptmp/arego/RC4K1/27634.h5
2025-09-18 23:57:52,052 - INFO - Completed /viper/ptmp/arego/RC4K1_EN_100/502.h5 in 112.95 seconds
2025-09-18 23:57:52,282 - INFO - Processing /viper/ptmp/arego/RC4K1/12005.h5
2025-09-18 23:57:53,116 - INFO - Completed /viper/ptmp/arego/RC4K1_EN_100/17109.h5 in 114.27 seconds
2025-09-18 23:57:53,415 - INFO - Processing /viper/ptmp/arego/RC4K1/11124.h5
2025-09-18 23:57:53,552 - INFO - File 22557: Filtered 15067609 hits and 6 records
2025-09-18 23:57:55,250 - INFO - Completed /viper/ptmp/arego/RC4K1_EN_100/11267.h5 in 91.24 seconds
2025-09-18 23:57:55,479 - INFO - Processing /viper/ptmp/arego/RC4K1/14624.h5
2025-09-18 23:57:55,785 - INFO - Completed /viper/ptmp/arego/RC4K1_EN_100/27040.h5 in 123.32 seconds
2025-09-18 23:57:55,970 - INFO - Processing /viper/ptmp/arego/RC4K1/26546.h5
2025-09-18 23:57:56,283 - INFO - File 27634: Filtered 25551334 hits and 8 records
2025-09-18 23:57:59,626 - INFO - Completed /viper/ptmp/arego/RC4K1_EN_100/13509.h5 in 108.54 seconds
2025-09-18 23:57:59,803 - INFO - Processing /viper/ptmp/arego/RC4K1/4667.h5
2025-09-18 23:58:01,285 - INFO - File 12005: Filtered 29579250 hits and 8 records
2025-09-18 23:58:01,715 - INFO - File 11124: Filtered 22592914 hits and 9 records
2025-09-18 23:58:04,732 - INFO - File 14624: Filtered 21756199 hits and 7 records
2025-09-18 23:58:05,077 - INFO - File 26546: Filtered 19776966 hits and 10 records
2025-09-18 23:58:05,413 - INFO - Completed /viper/ptmp/arego/RC4K1_EN_100/22749.h5 in 73.61 seconds
2025-09-18 23:58:05,578 - INFO - Processing /viper/ptmp/arego/RC4K1/28347.h5
2025-09-18 23:58:11,124 - INFO - File 4667: Filtered 18985711 hits and 10 records
2025-09-18 23:58:15,580 - INFO - File 28347: Filtered 22045830 hits and 7 records
2025-09-18 23:58:18,920 - INFO - Completed /viper/ptmp/arego/RC4K1_EN_100/5756.h5 in 96.62 seconds
2025-09-18 23:58:19,099 - INFO - Processing /viper/ptmp/arego/RC4K1/14800.h5
2025-09-18 23:58:22,160 - INFO - Completed /viper/ptmp/arego/RC4K1_EN_100/11041.h5 in 75.93 seconds
2025-09-18 23:58:22,323 - INFO - Processing /viper/ptmp/arego/RC4K1/23550.h5
2025-09-18 23:58:23,095 - INFO - Completed /viper/ptmp/arego/RC4K1_EN_100/18823.h5 in 111.49 seconds
2025-09-18 23:58:23,285 - INFO - Processing /viper/ptmp/arego/RC4K1/3209.h5
2025-09-18 23:58:28,071 - INFO - Completed /viper/ptmp/arego/RC4K1_EN_100/27969.h5 in 97.08 seconds
2025-09-18 23:58:28,305 - INFO - Processing /viper/ptmp/arego/RC4K1/15224.h5
2025-09-18 23:58:28,408 - INFO - File 14800: Filtered 25702227 hits and 12 records
2025-09-18 23:58:30,195 - INFO - File 23550: Filtered 33937702 hits and 8 records
2025-09-18 23:58:33,465 - INFO - File 3209: Filtered 17482535 hits and 5 records
2025-09-18 23:58:36,101 - INFO - Completed /viper/ptmp/arego/RC4K1_EN_100/4096.h5 in 126.86 seconds
2025-09-18 23:58:36,342 - INFO - Processing /viper/ptmp/arego/RC4K1/2942.h5
2025-09-18 23:58:37,458 - INFO - File 15224: Filtered 19647672 hits and 6 records
2025-09-18 23:58:41,160 - INFO - Completed /viper/ptmp/arego/RC4K1_EN_100/25403.h5 in 71.72 seconds
2025-09-18 23:58:41,331 - INFO - Processing /viper/ptmp/arego/RC4K1/29965.h5
2025-09-18 23:58:45,908 - INFO - File 2942: Filtered 18623606 hits and 8 records
2025-09-18 23:58:46,929 - INFO - Completed /viper/ptmp/arego/RC4K1_EN_100/28141.h5 in 100.51 seconds
2025-09-18 23:58:47,162 - INFO - Processing /viper/ptmp/arego/RC4K1/8815.h5
2025-09-18 23:58:49,199 - INFO - File 29965: Filtered 14602296 hits and 10 records
2025-09-18 23:58:49,857 - INFO - Completed /viper/ptmp/arego/RC4K1_EN_100/5046.h5 in 87.19 seconds
2025-09-18 23:58:50,038 - INFO - Processing /viper/ptmp/arego/RC4K1/20567.h5
2025-09-18 23:58:51,269 - INFO - Completed /viper/ptmp/arego/RC4K1_EN_100/4385.h5 in 127.21 seconds
2025-09-18 23:58:51,460 - INFO - Processing /viper/ptmp/arego/RC4K1/24877.h5
2025-09-18 23:58:53,056 - INFO - Completed /viper/ptmp/arego/RC4K1_EN_100/23550.h5 in 30.73 seconds
2025-09-18 23:58:53,217 - INFO - Processing /viper/ptmp/arego/RC4K1/10905.h5
2025-09-18 23:58:53,960 - INFO - Completed /viper/ptmp/arego/RC4K1_EN_100/11636.h5 in 109.15 seconds
2025-09-18 23:58:54,125 - INFO - Processing /viper/ptmp/arego/RC4K1/28740.h5
2025-09-18 23:58:57,353 - INFO - File 8815: Filtered 10273465 hits and 8 records
2025-09-18 23:58:59,658 - INFO - File 20567: Filtered 19608450 hits and 7 records
2025-09-18 23:59:02,082 - INFO - File 24877: Filtered 20290742 hits and 6 records
2025-09-18 23:59:02,294 - INFO - File 10905: Filtered 16210588 hits and 9 records
2025-09-18 23:59:02,946 - INFO - File 28740: Filtered 23870446 hits and 6 records
2025-09-18 23:59:03,028 - INFO - Completed /viper/ptmp/arego/RC4K1_EN_100/13650.h5 in 87.91 seconds
2025-09-18 23:59:03,205 - INFO - Processing /viper/ptmp/arego/RC4K1/7628.h5
2025-09-18 23:59:05,419 - INFO - Completed /viper/ptmp/arego/RC4K1_EN_100/10516.h5 in 138.74 seconds
2025-09-18 23:59:05,598 - INFO - Processing /viper/ptmp/arego/RC4K1/4430.h5
2025-09-18 23:59:10,550 - INFO - File 7628: Filtered 28652672 hits and 10 records
2025-09-18 23:59:13,042 - INFO - Completed /viper/ptmp/arego/RC4K1_EN_100/12005.h5 in 80.76 seconds
2025-09-18 23:59:13,218 - INFO - Processing /viper/ptmp/arego/RC4K1/25425.h5
2025-09-18 23:59:13,533 - INFO - File 4430: Filtered 17505458 hits and 6 records
2025-09-18 23:59:22,051 - INFO - Completed /viper/ptmp/arego/RC4K1_EN_100/20558.h5 in 154.53 seconds
2025-09-18 23:59:22,241 - INFO - Processing /viper/ptmp/arego/RC4K1/25978.h5
2025-09-18 23:59:22,922 - INFO - File 25425: Filtered 21082107 hits and 9 records
2025-09-18 23:59:22,943 - INFO - Completed /viper/ptmp/arego/RC4K1_EN_100/27634.h5 in 95.67 seconds
2025-09-18 23:59:23,172 - INFO - Processing /viper/ptmp/arego/RC4K1/18280.h5
2025-09-18 23:59:30,527 - INFO - Completed /viper/ptmp/arego/RC4K1_EN_100/14624.h5 in 95.05 seconds
2025-09-18 23:59:30,801 - INFO - Processing /viper/ptmp/arego/RC4K1/3871.h5
2025-09-18 23:59:32,032 - INFO - Completed /viper/ptmp/arego/RC4K1_EN_100/11124.h5 in 98.62 seconds
2025-09-18 23:59:32,285 - INFO - Processing /viper/ptmp/arego/RC4K1/6742.h5
2025-09-18 23:59:32,912 - INFO - File 25978: Filtered 18389471 hits and 7 records
2025-09-18 23:59:33,381 - INFO - File 18280: Filtered 18694063 hits and 6 records
2025-09-18 23:59:35,389 - INFO - Completed /viper/ptmp/arego/RC4K1_EN_100/13769.h5 in 149.25 seconds
2025-09-18 23:59:35,595 - INFO - Processing /viper/ptmp/arego/RC4K1/5642.h5
2025-09-18 23:59:39,869 - INFO - File 6742: Filtered 23762126 hits and 10 records
2025-09-18 23:59:43,264 - INFO - File 3871: Filtered 11090218 hits and 7 records
2025-09-18 23:59:43,972 - INFO - Completed /viper/ptmp/arego/RC4K1_EN_100/22557.h5 in 118.12 seconds
2025-09-18 23:59:44,146 - INFO - Processing /viper/ptmp/arego/RC4K1/8601.h5
2025-09-18 23:59:45,341 - INFO - File 5642: Filtered 18804740 hits and 6 records
2025-09-18 23:59:46,521 - INFO - Completed /viper/ptmp/arego/RC4K1_EN_100/25852.h5 in 131.38 seconds
2025-09-18 23:59:46,720 - INFO - Processing /viper/ptmp/arego/RC4K1/14279.h5
2025-09-18 23:59:47,895 - INFO - Completed /viper/ptmp/arego/RC4K1_EN_100/18811.h5 in 144.32 seconds
2025-09-18 23:59:48,162 - INFO - Processing /viper/ptmp/arego/RC4K1/1867.h5
2025-09-18 23:59:52,011 - INFO - File 8601: Filtered 26971258 hits and 8 records
2025-09-18 23:59:52,076 - INFO - Completed /viper/ptmp/arego/RC4K1_EN_100/4667.h5 in 112.27 seconds
2025-09-18 23:59:52,254 - INFO - Processing /viper/ptmp/arego/RC4K1/29507.h5
2025-09-18 23:59:56,256 - INFO - File 14279: Filtered 38975638 hits and 7 records
2025-09-18 23:59:56,883 - INFO - File 1867: Filtered 28548837 hits and 9 records
2025-09-19 00:00:00,817 - INFO - Completed /viper/ptmp/arego/RC4K1_EN_100/7628.h5 in 57.61 seconds
2025-09-19 00:00:01,001 - INFO - Processing /viper/ptmp/arego/RC4K1/23171.h5
2025-09-19 00:00:01,285 - INFO - Completed /viper/ptmp/arego/RC4K1_EN_100/14800.h5 in 102.19 seconds
2025-09-19 00:00:01,519 - INFO - Processing /viper/ptmp/arego/RC4K1/16259.h5
2025-09-19 00:00:02,197 - INFO - Completed /viper/ptmp/arego/RC4K1_EN_100/28347.h5 in 116.62 seconds
2025-09-19 00:00:02,397 - INFO - Processing /viper/ptmp/arego/RC4K1/26681.h5
2025-09-19 00:00:02,489 - INFO - Completed /viper/ptmp/arego/RC4K1_EN_100/26546.h5 in 126.52 seconds
2025-09-19 00:00:03,010 - INFO - Processing /viper/ptmp/arego/RC4K1/19073.h5
2025-09-19 00:00:03,352 - INFO - File 29507: Filtered 10351555 hits and 6 records
2025-09-19 00:00:09,710 - INFO - File 23171: Filtered 16889588 hits and 9 records
2025-09-19 00:00:12,157 - INFO - Completed /viper/ptmp/arego/RC4K1_EN_100/28740.h5 in 78.03 seconds
2025-09-19 00:00:12,342 - INFO - Processing /viper/ptmp/arego/RC4K1/23086.h5
2025-09-19 00:00:12,668 - INFO - File 16259: Filtered 20943073 hits and 6 records
2025-09-19 00:00:15,738 - INFO - File 26681: Filtered 19321893 hits and 6 records
2025-09-19 00:00:15,882 - INFO - File 19073: Filtered 19969701 hits and 7 records
2025-09-19 00:00:19,848 - INFO - Completed /viper/ptmp/arego/RC4K1_EN_100/14279.h5 in 33.13 seconds
2025-09-19 00:00:20,156 - INFO - Processing /viper/ptmp/arego/RC4K1/22124.h5
2025-09-19 00:00:21,117 - INFO - File 23086: Filtered 25704166 hits and 7 records
2025-09-19 00:00:24,468 - INFO - Completed /viper/ptmp/arego/RC4K1_EN_100/3209.h5 in 121.18 seconds
2025-09-19 00:00:24,662 - INFO - Processing /viper/ptmp/arego/RC4K1/2118.h5
2025-09-19 00:00:26,455 - INFO - Completed /viper/ptmp/arego/RC4K1_EN_100/2942.h5 in 110.11 seconds
2025-09-19 00:00:26,713 - INFO - Processing /viper/ptmp/arego/RC4K1/19511.h5
2025-09-19 00:00:30,559 - INFO - File 22124: Filtered 24691687 hits and 6 records
2025-09-19 00:00:37,630 - INFO - File 2118: Filtered 29728705 hits and 9 records
2025-09-19 00:00:38,618 - INFO - Completed /viper/ptmp/arego/RC4K1_EN_100/15224.h5 in 130.31 seconds
2025-09-19 00:00:38,791 - INFO - Processing /viper/ptmp/arego/RC4K1/4266.h5
2025-09-19 00:00:39,171 - INFO - File 19511: Filtered 26397815 hits and 6 records
2025-09-19 00:00:40,005 - INFO - Completed /viper/ptmp/arego/RC4K1_EN_100/29965.h5 in 118.67 seconds
2025-09-19 00:00:40,180 - INFO - Processing /viper/ptmp/arego/RC4K1/8.h5
2025-09-19 00:00:45,290 - INFO - Completed /viper/ptmp/arego/RC4K1_EN_100/24877.h5 in 113.83 seconds
2025-09-19 00:00:45,475 - INFO - Processing /viper/ptmp/arego/RC4K1/17897.h5
2025-09-19 00:00:48,536 - INFO - Completed /viper/ptmp/arego/RC4K1_EN_100/1867.h5 in 60.37 seconds
2025-09-19 00:00:48,803 - INFO - Processing /viper/ptmp/arego/RC4K1/10032.h5
2025-09-19 00:00:49,479 - INFO - File 8: Filtered 13912690 hits and 3 records
2025-09-19 00:00:49,516 - INFO - File 4266: Filtered 27718043 hits and 7 records
2025-09-19 00:00:50,730 - INFO - Completed /viper/ptmp/arego/RC4K1_EN_100/10905.h5 in 117.51 seconds
2025-09-19 00:00:50,742 - INFO - Completed /viper/ptmp/arego/RC4K1_EN_100/8601.h5 in 66.60 seconds
2025-09-19 00:00:50,968 - INFO - Processing /viper/ptmp/arego/RC4K1/22217.h5
2025-09-19 00:00:51,729 - INFO - Processing /viper/ptmp/arego/RC4K1/7491.h5
2025-09-19 00:00:54,334 - INFO - Completed /viper/ptmp/arego/RC4K1_EN_100/4430.h5 in 108.74 seconds
2025-09-19 00:00:54,495 - INFO - Processing /viper/ptmp/arego/RC4K1/14751.h5
2025-09-19 00:00:56,290 - INFO - File 10032: Filtered 22280331 hits and 7 records
2025-09-19 00:00:56,874 - INFO - File 17897: Filtered 14661286 hits and 6 records
2025-09-19 00:00:57,650 - INFO - Completed /viper/ptmp/arego/RC4K1_EN_100/6742.h5 in 85.37 seconds
2025-09-19 00:00:57,887 - INFO - Processing /viper/ptmp/arego/RC4K1/13784.h5
2025-09-19 00:00:59,676 - INFO - File 22217: Filtered 24002602 hits and 8 records
2025-09-19 00:01:00,462 - INFO - File 7491: Filtered 24529527 hits and 7 records
2025-09-19 00:01:03,514 - INFO - File 14751: Filtered 21060220 hits and 7 records
2025-09-19 00:01:05,687 - INFO - File 13784: Filtered 34081555 hits and 8 records
2025-09-19 00:01:17,860 - INFO - Completed /viper/ptmp/arego/RC4K1_EN_100/20567.h5 in 147.82 seconds
2025-09-19 00:01:18,102 - INFO - Processing /viper/ptmp/arego/RC4K1/26911.h5
2025-09-19 00:01:25,878 - INFO - Completed /viper/ptmp/arego/RC4K1_EN_100/8815.h5 in 158.72 seconds
2025-09-19 00:01:26,194 - INFO - Processing /viper/ptmp/arego/RC4K1/1129.h5
2025-09-19 00:01:26,868 - INFO - Completed /viper/ptmp/arego/RC4K1_EN_100/25978.h5 in 124.63 seconds
2025-09-19 00:01:27,166 - INFO - Processing /viper/ptmp/arego/RC4K1/26067.h5
2025-09-19 00:01:28,904 - INFO - File 26911: Filtered 18566689 hits and 5 records
2025-09-19 00:01:28,921 - INFO - Completed /viper/ptmp/arego/RC4K1_EN_100/23086.h5 in 76.58 seconds
2025-09-19 00:01:29,082 - INFO - Processing /viper/ptmp/arego/RC4K1/4287.h5
2025-09-19 00:01:35,267 - INFO - Completed /viper/ptmp/arego/RC4K1_EN_100/25425.h5 in 142.05 seconds
2025-09-19 00:01:35,484 - INFO - Processing /viper/ptmp/arego/RC4K1/205.h5
2025-09-19 00:01:37,295 - INFO - File 4287: Filtered 17552446 hits and 8 records
2025-09-19 00:01:38,689 - INFO - Completed /viper/ptmp/arego/RC4K1_EN_100/13784.h5 in 40.80 seconds
2025-09-19 00:01:38,842 - INFO - Processing /viper/ptmp/arego/RC4K1/27225.h5
2025-09-19 00:01:41,684 - INFO - File 1129: Filtered 20966981 hits and 9 records
2025-09-19 00:01:42,198 - INFO - File 26067: Filtered 19160503 hits and 7 records
2025-09-19 00:01:45,467 - INFO - File 205: Filtered 34946024 hits and 7 records
2025-09-19 00:01:46,825 - INFO - File 27225: Filtered 20781303 hits and 8 records
2025-09-19 00:01:52,388 - INFO - Completed /viper/ptmp/arego/RC4K1_EN_100/2118.h5 in 87.73 seconds
2025-09-19 00:01:52,615 - INFO - Processing /viper/ptmp/arego/RC4K1/3201.h5
2025-09-19 00:01:57,738 - INFO - Completed /viper/ptmp/arego/RC4K1_EN_100/5642.h5 in 142.14 seconds
2025-09-19 00:01:57,914 - INFO - Processing /viper/ptmp/arego/RC4K1/3600.h5
2025-09-19 00:01:58,507 - INFO - Completed /viper/ptmp/arego/RC4K1_EN_100/18280.h5 in 155.34 seconds
2025-09-19 00:01:58,677 - INFO - Processing /viper/ptmp/arego/RC4K1/21126.h5
2025-09-19 00:02:03,138 - INFO - File 3201: Filtered 25478221 hits and 10 records
2025-09-19 00:02:08,197 - INFO - File 3600: Filtered 26879406 hits and 7 records
2025-09-19 00:02:09,081 - INFO - Completed /viper/ptmp/arego/RC4K1_EN_100/22124.h5 in 108.93 seconds
2025-09-19 00:02:09,129 - INFO - File 21126: Filtered 23055797 hits and 9 records
2025-09-19 00:02:09,301 - INFO - Processing /viper/ptmp/arego/RC4K1/5484.h5
2025-09-19 00:02:09,896 - INFO - Completed /viper/ptmp/arego/RC4K1_EN_100/7491.h5 in 78.17 seconds
2025-09-19 00:02:10,096 - INFO - Processing /viper/ptmp/arego/RC4K1/1665.h5
2025-09-19 00:02:12,838 - INFO - Completed /viper/ptmp/arego/RC4K1_EN_100/19511.h5 in 106.13 seconds
2025-09-19 00:02:13,096 - INFO - Processing /viper/ptmp/arego/RC4K1/2574.h5
2025-09-19 00:02:14,559 - INFO - Completed /viper/ptmp/arego/RC4K1_EN_100/23171.h5 in 133.56 seconds
2025-09-19 00:02:14,793 - INFO - Processing /viper/ptmp/arego/RC4K1/2889.h5
2025-09-19 00:02:15,104 - INFO - Completed /viper/ptmp/arego/RC4K1_EN_100/3871.h5 in 164.30 seconds
2025-09-19 00:02:15,284 - INFO - Processing /viper/ptmp/arego/RC4K1/27114.h5
2025-09-19 00:02:17,260 - INFO - Completed /viper/ptmp/arego/RC4K1_EN_100/22217.h5 in 86.29 seconds
2025-09-19 00:02:17,444 - INFO - Processing /viper/ptmp/arego/RC4K1/9499.h5
2025-09-19 00:02:18,294 - INFO - File 1665: Filtered 19832534 hits and 7 records
2025-09-19 00:02:21,298 - INFO - File 5484: Filtered 34550620 hits and 12 records
2025-09-19 00:02:23,765 - INFO - File 2889: Filtered 26437733 hits and 10 records
2025-09-19 00:02:25,751 - INFO - File 9499: Filtered 26036456 hits and 8 records
2025-09-19 00:02:27,125 - INFO - File 2574: Filtered 30657918 hits and 8 records
2025-09-19 00:02:27,231 - INFO - Completed /viper/ptmp/arego/RC4K1_EN_100/4266.h5 in 108.44 seconds
2025-09-19 00:02:27,410 - INFO - Processing /viper/ptmp/arego/RC4K1/19325.h5
2025-09-19 00:02:29,059 - INFO - File 27114: Filtered 26766163 hits and 7 records
2025-09-19 00:02:29,826 - INFO - Completed /viper/ptmp/arego/RC4K1_EN_100/16259.h5 in 148.31 seconds
2025-09-19 00:02:29,998 - INFO - Processing /viper/ptmp/arego/RC4K1/19683.h5
2025-09-19 00:02:33,706 - INFO - Completed /viper/ptmp/arego/RC4K1_EN_100/19073.h5 in 150.70 seconds
2025-09-19 00:02:33,875 - INFO - Processing /viper/ptmp/arego/RC4K1/21791.h5
2025-09-19 00:02:34,774 - INFO - Completed /viper/ptmp/arego/RC4K1_EN_100/14751.h5 in 100.28 seconds
2025-09-19 00:02:34,993 - INFO - Processing /viper/ptmp/arego/RC4K1/19296.h5
2025-09-19 00:02:37,122 - INFO - Completed /viper/ptmp/arego/RC4K1_EN_100/10032.h5 in 108.32 seconds
2025-09-19 00:02:37,401 - INFO - Processing /viper/ptmp/arego/RC4K1/24204.h5
2025-09-19 00:02:37,599 - INFO - File 19325: Filtered 35194131 hits and 9 records
2025-09-19 00:02:40,251 - INFO - Completed /viper/ptmp/arego/RC4K1_EN_100/26681.h5 in 157.85 seconds
2025-09-19 00:02:40,489 - INFO - Processing /viper/ptmp/arego/RC4K1/26770.h5
2025-09-19 00:02:40,782 - INFO - File 19683: Filtered 26387271 hits and 7 records
2025-09-19 00:02:44,895 - INFO - File 19296: Filtered 20210289 hits and 5 records
2025-09-19 00:02:45,413 - INFO - File 21791: Filtered 35963240 hits and 9 records
2025-09-19 00:02:46,783 - INFO - File 24204: Filtered 15048466 hits and 6 records
2025-09-19 00:02:49,091 - INFO - Completed /viper/ptmp/arego/RC4K1_EN_100/29507.h5 in 176.84 seconds
2025-09-19 00:02:49,367 - INFO - Processing /viper/ptmp/arego/RC4K1/21220.h5
2025-09-19 00:02:50,985 - INFO - File 26770: Filtered 25663427 hits and 9 records
2025-09-19 00:02:53,103 - INFO - Completed /viper/ptmp/arego/RC4K1_EN_100/205.h5 in 77.62 seconds
2025-09-19 00:02:53,264 - INFO - Processing /viper/ptmp/arego/RC4K1/23371.h5
2025-09-19 00:02:55,417 - INFO - Completed /viper/ptmp/arego/RC4K1_EN_100/8.h5 in 135.24 seconds
2025-09-19 00:02:55,582 - INFO - Processing /viper/ptmp/arego/RC4K1/24598.h5
2025-09-19 00:03:01,037 - INFO - File 21220: Filtered 36198667 hits and 9 records
2025-09-19 00:03:03,674 - INFO - File 23371: Filtered 20821355 hits and 6 records
2025-09-19 00:03:04,325 - INFO - File 24598: Filtered 32976712 hits and 11 records
2025-09-19 00:03:18,429 - INFO - Completed /viper/ptmp/arego/RC4K1_EN_100/27225.h5 in 99.59 seconds
2025-09-19 00:03:18,619 - INFO - Processing /viper/ptmp/arego/RC4K1/496.h5
2025-09-19 00:03:24,790 - INFO - Completed /viper/ptmp/arego/RC4K1_EN_100/5484.h5 in 75.49 seconds
2025-09-19 00:03:24,931 - INFO - Completed /viper/ptmp/arego/RC4K1_EN_100/4287.h5 in 115.85 seconds
2025-09-19 00:03:24,988 - INFO - Processing /viper/ptmp/arego/RC4K1/26459.h5
2025-09-19 00:03:25,133 - INFO - Processing /viper/ptmp/arego/RC4K1/26587.h5
2025-09-19 00:03:26,762 - INFO - File 496: Filtered 29664880 hits and 7 records
2025-09-19 00:03:30,202 - INFO - Completed /viper/ptmp/arego/RC4K1_EN_100/17897.h5 in 164.73 seconds
2025-09-19 00:03:30,396 - INFO - Processing /viper/ptmp/arego/RC4K1/29946.h5
2025-09-19 00:03:33,813 - INFO - File 26587: Filtered 24832789 hits and 8 records
2025-09-19 00:03:37,004 - INFO - File 26459: Filtered 31442007 hits and 10 records
2025-09-19 00:03:39,924 - INFO - Completed /viper/ptmp/arego/RC4K1_EN_100/9499.h5 in 82.48 seconds
2025-09-19 00:03:40,098 - INFO - Processing /viper/ptmp/arego/RC4K1/17223.h5
2025-09-19 00:03:41,921 - INFO - Completed /viper/ptmp/arego/RC4K1_EN_100/19325.h5 in 74.51 seconds
2025-09-19 00:03:42,087 - INFO - Processing /viper/ptmp/arego/RC4K1/12761.h5
2025-09-19 00:03:42,678 - INFO - Completed /viper/ptmp/arego/RC4K1_EN_100/1129.h5 in 136.48 seconds
2025-09-19 00:03:42,968 - INFO - Processing /viper/ptmp/arego/RC4K1/5672.h5
2025-09-19 00:03:43,589 - INFO - File 29946: Filtered 24015993 hits and 8 records
2025-09-19 00:03:46,644 - INFO - Completed /viper/ptmp/arego/RC4K1_EN_100/3201.h5 in 114.03 seconds
2025-09-19 00:03:46,826 - INFO - Processing /viper/ptmp/arego/RC4K1/9884.h5
2025-09-19 00:03:49,027 - INFO - File 17223: Filtered 21089101 hits and 10 records
2025-09-19 00:03:49,169 - INFO - Completed /viper/ptmp/arego/RC4K1_EN_100/26067.h5 in 142.00 seconds
2025-09-19 00:03:49,402 - INFO - Processing /viper/ptmp/arego/RC4K1/11562.h5
2025-09-19 00:03:49,666 - INFO - Completed /viper/ptmp/arego/RC4K1_EN_100/26911.h5 in 151.56 seconds
2025-09-19 00:03:49,885 - INFO - Processing /viper/ptmp/arego/RC4K1/16495.h5
2025-09-19 00:03:50,615 - INFO - Completed /viper/ptmp/arego/RC4K1_EN_100/24598.h5 in 55.03 seconds
2025-09-19 00:03:50,801 - INFO - Processing /viper/ptmp/arego/RC4K1/26401.h5
2025-09-19 00:03:52,786 - INFO - File 12761: Filtered 26316071 hits and 8 records
2025-09-19 00:03:53,203 - INFO - Completed /viper/ptmp/arego/RC4K1_EN_100/2889.h5 in 98.41 seconds
2025-09-19 00:03:53,208 - INFO - Completed /viper/ptmp/arego/RC4K1_EN_100/3600.h5 in 115.29 seconds
2025-09-19 00:03:53,379 - INFO - Processing /viper/ptmp/arego/RC4K1/7469.h5
2025-09-19 00:03:53,483 - INFO - Processing /viper/ptmp/arego/RC4K1/26208.h5
2025-09-19 00:03:53,850 - INFO - Completed /viper/ptmp/arego/RC4K1_EN_100/2574.h5 in 100.75 seconds
2025-09-19 00:03:54,119 - INFO - Processing /viper/ptmp/arego/RC4K1/17787.h5
2025-09-19 00:03:54,790 - INFO - Completed /viper/ptmp/arego/RC4K1_EN_100/1665.h5 in 104.69 seconds
2025-09-19 00:03:54,961 - INFO - Processing /viper/ptmp/arego/RC4K1/24024.h5
2025-09-19 00:03:55,878 - INFO - File 5672: Filtered 22780259 hits and 6 records
2025-09-19 00:03:58,641 - INFO - Completed /viper/ptmp/arego/RC4K1_EN_100/21791.h5 in 84.77 seconds
2025-09-19 00:03:58,830 - INFO - Processing /viper/ptmp/arego/RC4K1/1925.h5
2025-09-19 00:04:00,004 - INFO - File 26401: Filtered 19744554 hits and 7 records
2025-09-19 00:04:01,532 - INFO - File 16495: Filtered 26232144 hits and 7 records
2025-09-19 00:04:01,973 - INFO - File 26208: Filtered 21802242 hits and 7 records
2025-09-19 00:04:02,841 - INFO - Completed /viper/ptmp/arego/RC4K1_EN_100/21220.h5 in 73.47 seconds
2025-09-19 00:04:02,874 - INFO - File 9884: Filtered 33527798 hits and 7 records
2025-09-19 00:04:03,204 - INFO - Processing /viper/ptmp/arego/RC4K1/26341.h5
2025-09-19 00:04:06,075 - INFO - File 24024: Filtered 10630867 hits and 6 records
2025-09-19 00:04:06,346 - INFO - File 7469: Filtered 28677758 hits and 6 records
2025-09-19 00:04:06,794 - INFO - File 11562: Filtered 30948018 hits and 10 records
2025-09-19 00:04:10,325 - INFO - File 17787: Filtered 20667061 hits and 9 records
2025-09-19 00:04:10,639 - INFO - File 1925: Filtered 28151608 hits and 8 records
2025-09-19 00:04:14,978 - INFO - Completed /viper/ptmp/arego/RC4K1_EN_100/27114.h5 in 119.69 seconds
2025-09-19 00:04:15,253 - INFO - Processing /viper/ptmp/arego/RC4K1/2748.h5
2025-09-19 00:04:16,859 - INFO - Completed /viper/ptmp/arego/RC4K1_EN_100/21126.h5 in 138.18 seconds
2025-09-19 00:04:17,026 - INFO - Processing /viper/ptmp/arego/RC4K1/3789.h5
2025-09-19 00:04:17,891 - INFO - File 26341: Filtered 20569246 hits and 9 records
2025-09-19 00:04:25,424 - INFO - Completed /viper/ptmp/arego/RC4K1_EN_100/19296.h5 in 110.43 seconds
2025-09-19 00:04:25,598 - INFO - Processing /viper/ptmp/arego/RC4K1/14834.h5
2025-09-19 00:04:27,722 - INFO - File 3789: Filtered 16883624 hits and 7 records
2025-09-19 00:04:27,819 - INFO - File 2748: Filtered 31641776 hits and 5 records
2025-09-19 00:04:30,008 - INFO - Completed /viper/ptmp/arego/RC4K1_EN_100/496.h5 in 71.39 seconds
2025-09-19 00:04:30,172 - INFO - Processing /viper/ptmp/arego/RC4K1/29582.h5
2025-09-19 00:04:34,780 - INFO - File 14834: Filtered 28754962 hits and 9 records
2025-09-19 00:04:39,613 - INFO - File 29582: Filtered 27993751 hits and 10 records
2025-09-19 00:04:41,888 - INFO - Completed /viper/ptmp/arego/RC4K1_EN_100/19683.h5 in 131.89 seconds
2025-09-19 00:04:42,057 - INFO - Processing /viper/ptmp/arego/RC4K1/4015.h5
2025-09-19 00:04:52,281 - INFO - Completed /viper/ptmp/arego/RC4K1_EN_100/26770.h5 in 131.79 seconds
2025-09-19 00:04:52,447 - INFO - Processing /viper/ptmp/arego/RC4K1/24324.h5
2025-09-19 00:04:53,016 - INFO - File 4015: Filtered 17003414 hits and 7 records
2025-09-19 00:04:59,734 - INFO - Completed /viper/ptmp/arego/RC4K1_EN_100/26587.h5 in 94.60 seconds
2025-09-19 00:04:59,908 - INFO - Processing /viper/ptmp/arego/RC4K1/13641.h5
2025-09-19 00:05:02,892 - INFO - File 24324: Filtered 32887359 hits and 8 records
2025-09-19 00:05:03,746 - INFO - Completed /viper/ptmp/arego/RC4K1_EN_100/26459.h5 in 98.76 seconds
2025-09-19 00:05:03,925 - INFO - Processing /viper/ptmp/arego/RC4K1/18494.h5
2025-09-19 00:05:05,694 - INFO - Completed /viper/ptmp/arego/RC4K1_EN_100/24204.h5 in 148.29 seconds
2025-09-19 00:05:05,859 - INFO - Processing /viper/ptmp/arego/RC4K1/7685.h5
2025-09-19 00:05:09,417 - INFO - File 13641: Filtered 13089309 hits and 4 records
2025-09-19 00:05:14,943 - INFO - File 7685: Filtered 21661858 hits and 6 records
2025-09-19 00:05:17,131 - INFO - File 18494: Filtered 22980397 hits and 9 records
2025-09-19 00:05:27,072 - INFO - Completed /viper/ptmp/arego/RC4K1_EN_100/23371.h5 in 153.81 seconds
2025-09-19 00:05:27,272 - INFO - Processing /viper/ptmp/arego/RC4K1/7448.h5
2025-09-19 00:05:27,670 - INFO - Completed /viper/ptmp/arego/RC4K1_EN_100/9884.h5 in 100.84 seconds
2025-09-19 00:05:27,897 - INFO - Processing /viper/ptmp/arego/RC4K1/12152.h5
2025-09-19 00:05:31,085 - INFO - Completed /viper/ptmp/arego/RC4K1_EN_100/17223.h5 in 110.99 seconds
2025-09-19 00:05:31,252 - INFO - Processing /viper/ptmp/arego/RC4K1/12657.h5
2025-09-19 00:05:38,128 - INFO - File 7448: Filtered 26039158 hits and 8 records
2025-09-19 00:05:41,103 - INFO - File 12657: Filtered 28185929 hits and 9 records
2025-09-19 00:05:41,278 - INFO - File 12152: Filtered 25272261 hits and 5 records
2025-09-19 00:05:45,706 - INFO - Completed /viper/ptmp/arego/RC4K1_EN_100/29946.h5 in 135.31 seconds
2025-09-19 00:05:46,013 - INFO - Processing /viper/ptmp/arego/RC4K1/13135.h5
2025-09-19 00:05:54,099 - INFO - Completed /viper/ptmp/arego/RC4K1_EN_100/11562.h5 in 124.70 seconds
2025-09-19 00:05:54,393 - INFO - Processing /viper/ptmp/arego/RC4K1/15518.h5
2025-09-19 00:05:54,583 - INFO - Completed /viper/ptmp/arego/RC4K1_EN_100/14834.h5 in 88.98 seconds
2025-09-19 00:05:54,748 - INFO - Processing /viper/ptmp/arego/RC4K1/24647.h5
2025-09-19 00:05:57,955 - INFO - Completed /viper/ptmp/arego/RC4K1_EN_100/26401.h5 in 127.15 seconds
2025-09-19 00:05:58,119 - INFO - Processing /viper/ptmp/arego/RC4K1/16190.h5
2025-09-19 00:05:58,440 - INFO - Completed /viper/ptmp/arego/RC4K1_EN_100/12761.h5 in 136.35 seconds
2025-09-19 00:05:58,598 - INFO - Processing /viper/ptmp/arego/RC4K1/6421.h5
2025-09-19 00:05:59,477 - INFO - File 13135: Filtered 30305261 hits and 5 records
2025-09-19 00:06:03,836 - INFO - File 24647: Filtered 44687994 hits and 10 records
2025-09-19 00:06:05,282 - INFO - Completed /viper/ptmp/arego/RC4K1_EN_100/16495.h5 in 135.40 seconds
2025-09-19 00:06:05,519 - INFO - Processing /viper/ptmp/arego/RC4K1/26964.h5
2025-09-19 00:06:08,074 - INFO - File 16190: Filtered 20232450 hits and 7 records
2025-09-19 00:06:09,573 - INFO - File 6421: Filtered 34252874 hits and 10 records
2025-09-19 00:06:11,349 - INFO - File 15518: Filtered 24221423 hits and 8 records
2025-09-19 00:06:12,045 - INFO - Completed /viper/ptmp/arego/RC4K1_EN_100/26208.h5 in 138.56 seconds
2025-09-19 00:06:12,220 - INFO - Processing /viper/ptmp/arego/RC4K1/6568.h5
2025-09-19 00:06:17,300 - INFO - File 26964: Filtered 16409131 hits and 4 records
2025-09-19 00:06:17,688 - INFO - Completed /viper/ptmp/arego/RC4K1_EN_100/7469.h5 in 144.31 seconds
2025-09-19 00:06:17,915 - INFO - Processing /viper/ptmp/arego/RC4K1/10714.h5
2025-09-19 00:06:20,950 - INFO - Completed /viper/ptmp/arego/RC4K1_EN_100/5672.h5 in 157.98 seconds
2025-09-19 00:06:21,137 - INFO - Processing /viper/ptmp/arego/RC4K1/4334.h5
2025-09-19 00:06:21,588 - INFO - File 6568: Filtered 16167515 hits and 8 records
2025-09-19 00:06:21,646 - INFO - Completed /viper/ptmp/arego/RC4K1_EN_100/2748.h5 in 126.39 seconds
2025-09-19 00:06:21,805 - INFO - Completed /viper/ptmp/arego/RC4K1_EN_100/24647.h5 in 27.06 seconds
2025-09-19 00:06:21,864 - INFO - Processing /viper/ptmp/arego/RC4K1/962.h5
2025-09-19 00:06:21,990 - INFO - Processing /viper/ptmp/arego/RC4K1/4955.h5
2025-09-19 00:06:22,023 - INFO - Completed /viper/ptmp/arego/RC4K1_EN_100/1925.h5 in 143.19 seconds
2025-09-19 00:06:22,301 - INFO - Processing /viper/ptmp/arego/RC4K1/11848.h5
2025-09-19 00:06:24,563 - INFO - Completed /viper/ptmp/arego/RC4K1_EN_100/29582.h5 in 114.39 seconds
2025-09-19 00:06:24,921 - INFO - Processing /viper/ptmp/arego/RC4K1/10528.h5
2025-09-19 00:06:29,403 - INFO - File 10714: Filtered 28113223 hits and 7 records
2025-09-19 00:06:32,202 - INFO - File 4955: Filtered 14313171 hits and 8 records
2025-09-19 00:06:33,959 - INFO - File 10528: Filtered 22997791 hits and 8 records
2025-09-19 00:06:36,521 - INFO - File 4334: Filtered 48360579 hits and 11 records
2025-09-19 00:06:37,294 - INFO - File 11848: Filtered 13069000 hits and 5 records
2025-09-19 00:06:38,254 - INFO - File 962: Filtered 26382579 hits and 7 records
2025-09-19 00:06:46,609 - INFO - Completed /viper/ptmp/arego/RC4K1_EN_100/24324.h5 in 114.16 seconds
2025-09-19 00:06:46,739 - INFO - Completed /viper/ptmp/arego/RC4K1_EN_100/24024.h5 in 171.78 seconds
2025-09-19 00:06:46,807 - INFO - Processing /viper/ptmp/arego/RC4K1/15595.h5
2025-09-19 00:06:46,902 - INFO - Processing /viper/ptmp/arego/RC4K1/17071.h5
2025-09-19 00:06:55,153 - INFO - Completed /viper/ptmp/arego/RC4K1_EN_100/17787.h5 in 181.03 seconds
2025-09-19 00:06:55,346 - INFO - Processing /viper/ptmp/arego/RC4K1/4624.h5
2025-09-19 00:06:58,269 - INFO - File 17071: Filtered 31577761 hits and 8 records
2025-09-19 00:06:59,168 - INFO - File 15595: Filtered 27441351 hits and 7 records
2025-09-19 00:07:02,868 - INFO - Completed /viper/ptmp/arego/RC4K1_EN_100/26341.h5 in 179.66 seconds
2025-09-19 00:07:03,056 - INFO - Processing /viper/ptmp/arego/RC4K1/11718.h5
2025-09-19 00:07:08,680 - INFO - File 4624: Filtered 35247857 hits and 9 records
2025-09-19 00:07:11,450 - INFO - Completed /viper/ptmp/arego/RC4K1_EN_100/12657.h5 in 100.20 seconds
2025-09-19 00:07:11,618 - INFO - Processing /viper/ptmp/arego/RC4K1/15113.h5
2025-09-19 00:07:14,679 - INFO - Completed /viper/ptmp/arego/RC4K1_EN_100/7685.h5 in 128.82 seconds
2025-09-19 00:07:14,884 - INFO - Processing /viper/ptmp/arego/RC4K1/12604.h5
2025-09-19 00:07:14,951 - INFO - Completed /viper/ptmp/arego/RC4K1_EN_100/4334.h5 in 53.81 seconds
2025-09-19 00:07:15,221 - INFO - Processing /viper/ptmp/arego/RC4K1/16221.h5
2025-09-19 00:07:17,336 - INFO - File 11718: Filtered 56030539 hits and 10 records
2025-09-19 00:07:21,662 - INFO - File 15113: Filtered 35857618 hits and 7 records
2025-09-19 00:07:25,543 - INFO - File 12604: Filtered 35402880 hits and 8 records
2025-09-19 00:07:25,898 - INFO - Completed /viper/ptmp/arego/RC4K1_EN_100/3789.h5 in 188.87 seconds
2025-09-19 00:07:26,060 - INFO - Processing /viper/ptmp/arego/RC4K1/5987.h5
2025-09-19 00:07:29,266 - INFO - File 16221: Filtered 19940808 hits and 5 records
2025-09-19 00:07:37,337 - INFO - File 5987: Filtered 33165386 hits and 10 records
2025-09-19 00:07:38,085 - INFO - Completed /viper/ptmp/arego/RC4K1_EN_100/11718.h5 in 35.03 seconds
2025-09-19 00:07:38,272 - INFO - Processing /viper/ptmp/arego/RC4K1/4769.h5
2025-09-19 00:07:48,377 - INFO - Completed /viper/ptmp/arego/RC4K1_EN_100/6421.h5 in 109.78 seconds
2025-09-19 00:07:48,533 - INFO - Processing /viper/ptmp/arego/RC4K1/22449.h5
2025-09-19 00:07:50,644 - INFO - Completed /viper/ptmp/arego/RC4K1_EN_100/13641.h5 in 170.74 seconds
2025-09-19 00:07:50,807 - INFO - Processing /viper/ptmp/arego/RC4K1/16725.h5
2025-09-19 00:07:51,336 - INFO - File 4769: Filtered 24955229 hits and 6 records
2025-09-19 00:07:52,354 - INFO - Completed /viper/ptmp/arego/RC4K1_EN_100/7448.h5 in 145.08 seconds
2025-09-19 00:07:52,519 - INFO - Processing /viper/ptmp/arego/RC4K1/11332.h5
2025-09-19 00:08:00,454 - INFO - File 22449: Filtered 32828571 hits and 10 records
2025-09-19 00:08:02,235 - INFO - File 16725: Filtered 14477384 hits and 7 records
2025-09-19 00:08:04,979 - INFO - File 11332: Filtered 38358802 hits and 6 records
2025-09-19 00:08:06,089 - INFO - Completed /viper/ptmp/arego/RC4K1_EN_100/18494.h5 in 182.16 seconds
2025-09-19 00:08:06,326 - INFO - Processing /viper/ptmp/arego/RC4K1/3354.h5
2025-09-19 00:08:07,924 - INFO - Completed /viper/ptmp/arego/RC4K1_EN_100/4015.h5 in 205.87 seconds
2025-09-19 00:08:08,108 - INFO - Processing /viper/ptmp/arego/RC4K1/7208.h5
2025-09-19 00:08:13,810 - INFO - Completed /viper/ptmp/arego/RC4K1_EN_100/12152.h5 in 165.91 seconds
2025-09-19 00:08:14,045 - INFO - Processing /viper/ptmp/arego/RC4K1/26999.h5
2025-09-19 00:08:15,126 - INFO - Completed /viper/ptmp/arego/RC4K1_EN_100/13135.h5 in 149.11 seconds
2025-09-19 00:08:15,405 - INFO - Processing /viper/ptmp/arego/RC4K1/12414.h5
2025-09-19 00:08:20,209 - INFO - Completed /viper/ptmp/arego/RC4K1_EN_100/16190.h5 in 142.09 seconds
2025-09-19 00:08:20,251 - INFO - File 7208: Filtered 22935203 hits and 8 records
2025-09-19 00:08:20,465 - INFO - Processing /viper/ptmp/arego/RC4K1/26373.h5
2025-09-19 00:08:21,188 - INFO - File 3354: Filtered 31021015 hits and 10 records
2025-09-19 00:08:29,294 - INFO - Completed /viper/ptmp/arego/RC4K1_EN_100/17071.h5 in 102.39 seconds
2025-09-19 00:08:29,512 - INFO - Processing /viper/ptmp/arego/RC4K1/25629.h5
2025-09-19 00:08:31,215 - INFO - File 26373: Filtered 31892646 hits and 8 records
2025-09-19 00:08:34,056 - INFO - File 26999: Filtered 22670032 hits and 7 records
2025-09-19 00:08:35,150 - INFO - File 12414: Filtered 40168964 hits and 8 records
2025-09-19 00:08:39,223 - INFO - Completed /viper/ptmp/arego/RC4K1_EN_100/15113.h5 in 87.60 seconds
2025-09-19 00:08:39,399 - INFO - Processing /viper/ptmp/arego/RC4K1/12302.h5
2025-09-19 00:08:40,300 - INFO - File 25629: Filtered 21207580 hits and 7 records
2025-09-19 00:08:49,432 - INFO - Completed /viper/ptmp/arego/RC4K1_EN_100/10714.h5 in 151.52 seconds
2025-09-19 00:08:49,607 - INFO - Processing /viper/ptmp/arego/RC4K1/4465.h5
2025-09-19 00:08:49,995 - INFO - Completed /viper/ptmp/arego/RC4K1_EN_100/6568.h5 in 157.78 seconds
2025-09-19 00:08:50,109 - INFO - File 12302: Filtered 37022848 hits and 10 records
2025-09-19 00:08:50,211 - INFO - Processing /viper/ptmp/arego/RC4K1/22318.h5
2025-09-19 00:08:50,564 - INFO - Completed /viper/ptmp/arego/RC4K1_EN_100/15518.h5 in 176.17 seconds
2025-09-19 00:08:50,747 - INFO - Processing /viper/ptmp/arego/RC4K1/4843.h5
2025-09-19 00:08:55,929 - INFO - Completed /viper/ptmp/arego/RC4K1_EN_100/12604.h5 in 101.04 seconds
2025-09-19 00:08:56,086 - INFO - Processing /viper/ptmp/arego/RC4K1/18635.h5
2025-09-19 00:08:59,149 - INFO - Completed /viper/ptmp/arego/RC4K1_EN_100/10528.h5 in 154.23 seconds
2025-09-19 00:08:59,393 - INFO - Processing /viper/ptmp/arego/RC4K1/5144.h5
2025-09-19 00:09:01,370 - INFO - File 4465: Filtered 31250530 hits and 8 records
2025-09-19 00:09:02,079 - INFO - File 22318: Filtered 15856012 hits and 5 records
2025-09-19 00:09:04,364 - INFO - Completed /viper/ptmp/arego/RC4K1_EN_100/4955.h5 in 162.37 seconds
2025-09-19 00:09:04,643 - INFO - Processing /viper/ptmp/arego/RC4K1/29921.h5
2025-09-19 00:09:04,970 - INFO - File 4843: Filtered 25144277 hits and 9 records
2025-09-19 00:09:06,594 - INFO - File 18635: Filtered 26993166 hits and 7 records
2025-09-19 00:09:10,132 - INFO - Completed /viper/ptmp/arego/RC4K1_EN_100/4624.h5 in 134.79 seconds
2025-09-19 00:09:10,367 - INFO - Processing /viper/ptmp/arego/RC4K1/9027.h5
2025-09-19 00:09:11,879 - INFO - File 5144: Filtered 41583723 hits and 10 records
2025-09-19 00:09:15,543 - INFO - File 29921: Filtered 27759039 hits and 9 records
2025-09-19 00:09:16,148 - INFO - Completed /viper/ptmp/arego/RC4K1_EN_100/962.h5 in 174.28 seconds
2025-09-19 00:09:16,383 - INFO - Processing /viper/ptmp/arego/RC4K1/10524.h5
2025-09-19 00:09:23,529 - INFO - Completed /viper/ptmp/arego/RC4K1_EN_100/15595.h5 in 156.72 seconds
2025-09-19 00:09:23,697 - INFO - Processing /viper/ptmp/arego/RC4K1/3722.h5
2025-09-19 00:09:25,710 - INFO - File 9027: Filtered 13384093 hits and 5 records
2025-09-19 00:09:29,673 - INFO - Completed /viper/ptmp/arego/RC4K1_EN_100/26964.h5 in 204.15 seconds
2025-09-19 00:09:29,836 - INFO - Processing /viper/ptmp/arego/RC4K1/27556.h5
2025-09-19 00:09:32,724 - INFO - File 10524: Filtered 46885338 hits and 9 records
2025-09-19 00:09:32,939 - INFO - Completed /viper/ptmp/arego/RC4K1_EN_100/5987.h5 in 126.88 seconds
2025-09-19 00:09:33,119 - INFO - Processing /viper/ptmp/arego/RC4K1/23656.h5
2025-09-19 00:09:35,563 - INFO - File 3722: Filtered 39533205 hits and 10 records
2025-09-19 00:09:42,523 - INFO - File 27556: Filtered 32743623 hits and 7 records
2025-09-19 00:09:43,332 - INFO - Completed /viper/ptmp/arego/RC4K1_EN_100/11332.h5 in 110.81 seconds
2025-09-19 00:09:43,553 - INFO - Processing /viper/ptmp/arego/RC4K1/14844.h5
2025-09-19 00:09:46,241 - INFO - File 23656: Filtered 5876575 hits and 7 records
2025-09-19 00:09:57,177 - INFO - File 14844: Filtered 27150992 hits and 7 records
2025-09-19 00:10:00,161 - INFO - Completed /viper/ptmp/arego/RC4K1_EN_100/22449.h5 in 131.63 seconds
2025-09-19 00:10:00,441 - INFO - Processing /viper/ptmp/arego/RC4K1/7161.h5
2025-09-19 00:10:09,894 - INFO - Completed /viper/ptmp/arego/RC4K1_EN_100/26373.h5 in 109.43 seconds
2025-09-19 00:10:10,073 - INFO - Processing /viper/ptmp/arego/RC4K1/23913.h5
2025-09-19 00:10:10,473 - INFO - Completed /viper/ptmp/arego/RC4K1_EN_100/12302.h5 in 91.07 seconds
2025-09-19 00:10:10,929 - INFO - Processing /viper/ptmp/arego/RC4K1/923.h5
2025-09-19 00:10:12,768 - INFO - File 7161: Filtered 27549510 hits and 9 records
2025-09-19 00:10:23,892 - INFO - File 23913: Filtered 34514027 hits and 11 records
2025-09-19 00:10:24,365 - INFO - File 923: Filtered 34918282 hits and 9 records
2025-09-19 00:10:25,135 - INFO - Completed /viper/ptmp/arego/RC4K1_EN_100/12414.h5 in 129.73 seconds
2025-09-19 00:10:25,321 - INFO - Processing /viper/ptmp/arego/RC4K1/18090.h5
2025-09-19 00:10:27,681 - INFO - Completed /viper/ptmp/arego/RC4K1_EN_100/5144.h5 in 88.29 seconds
2025-09-19 00:10:27,903 - INFO - Processing /viper/ptmp/arego/RC4K1/27055.h5
2025-09-19 00:10:29,547 - INFO - Completed /viper/ptmp/arego/RC4K1_EN_100/11848.h5 in 247.25 seconds
2025-09-19 00:10:29,779 - INFO - Processing /viper/ptmp/arego/RC4K1/22818.h5
2025-09-19 00:10:38,614 - INFO - File 27055: Filtered 32408349 hits and 7 records
2025-09-19 00:10:40,283 - INFO - File 18090: Filtered 23059827 hits and 9 records
2025-09-19 00:10:41,703 - INFO - Completed /viper/ptmp/arego/RC4K1_EN_100/16221.h5 in 206.48 seconds
2025-09-19 00:10:42,025 - INFO - Processing /viper/ptmp/arego/RC4K1/14989.h5
2025-09-19 00:10:42,145 - INFO - File 22818: Filtered 49797205 hits and 10 records
2025-09-19 00:10:49,664 - INFO - Completed /viper/ptmp/arego/RC4K1_EN_100/3354.h5 in 163.34 seconds
2025-09-19 00:10:49,846 - INFO - Processing /viper/ptmp/arego/RC4K1/24025.h5
2025-09-19 00:10:51,190 - INFO - Completed /viper/ptmp/arego/RC4K1_EN_100/4769.h5 in 192.92 seconds
2025-09-19 00:10:51,521 - INFO - Processing /viper/ptmp/arego/RC4K1/16728.h5
2025-09-19 00:10:59,327 - INFO - File 14989: Filtered 22996430 hits and 10 records
2025-09-19 00:11:00,249 - INFO - Completed /viper/ptmp/arego/RC4K1_EN_100/16725.h5 in 189.44 seconds
2025-09-19 00:11:00,471 - INFO - Processing /viper/ptmp/arego/RC4K1/8723.h5
2025-09-19 00:11:05,339 - INFO - Completed /viper/ptmp/arego/RC4K1_EN_100/7208.h5 in 177.23 seconds
2025-09-19 00:11:05,502 - INFO - Processing /viper/ptmp/arego/RC4K1/14222.h5
2025-09-19 00:11:08,384 - INFO - Completed /viper/ptmp/arego/RC4K1_EN_100/10524.h5 in 112.00 seconds
2025-09-19 00:11:08,670 - INFO - Processing /viper/ptmp/arego/RC4K1/20833.h5
2025-09-19 00:11:10,348 - INFO - File 24025: Filtered 34048670 hits and 6 records
2025-09-19 00:11:12,179 - INFO - File 16728: Filtered 40150994 hits and 8 records
2025-09-19 00:11:12,422 - INFO - File 8723: Filtered 33586271 hits and 11 records
2025-09-19 00:11:14,804 - INFO - Completed /viper/ptmp/arego/RC4K1_EN_100/25629.h5 in 165.29 seconds
2025-09-19 00:11:14,990 - INFO - Processing /viper/ptmp/arego/RC4K1/11461.h5
2025-09-19 00:11:18,141 - INFO - Completed /viper/ptmp/arego/RC4K1_EN_100/3722.h5 in 114.44 seconds
2025-09-19 00:11:18,378 - INFO - Processing /viper/ptmp/arego/RC4K1/9.h5
2025-09-19 00:11:18,379 - INFO - File 14222: Filtered 13691086 hits and 6 records
2025-09-19 00:11:19,263 - INFO - Completed /viper/ptmp/arego/RC4K1_EN_100/18635.h5 in 143.18 seconds
2025-09-19 00:11:19,515 - INFO - Processing /viper/ptmp/arego/RC4K1/15780.h5
2025-09-19 00:11:20,175 - INFO - Completed /viper/ptmp/arego/RC4K1_EN_100/4465.h5 in 150.57 seconds
2025-09-19 00:11:20,345 - INFO - Processing /viper/ptmp/arego/RC4K1/8238.h5
2025-09-19 00:11:20,728 - INFO - Completed /viper/ptmp/arego/RC4K1_EN_100/29921.h5 in 136.09 seconds
2025-09-19 00:11:20,908 - INFO - Processing /viper/ptmp/arego/RC4K1/27938.h5
2025-09-19 00:11:27,009 - INFO - File 11461: Filtered 38489175 hits and 9 records
2025-09-19 00:11:27,894 - INFO - File 20833: Filtered 9179852 hits and 4 records
2025-09-19 00:11:31,888 - INFO - File 15780: Filtered 33864738 hits and 8 records
2025-09-19 00:11:33,667 - INFO - File 9: Filtered 26078522 hits and 9 records
2025-09-19 00:11:35,266 - INFO - File 27938: Filtered 29608966 hits and 9 records
2025-09-19 00:11:36,404 - INFO - File 8238: Filtered 26662841 hits and 8 records
2025-09-19 00:11:39,694 - INFO - Completed /viper/ptmp/arego/RC4K1_EN_100/26999.h5 in 205.65 seconds
2025-09-19 00:11:39,941 - INFO - Processing /viper/ptmp/arego/RC4K1/26690.h5
2025-09-19 00:11:42,607 - INFO - Completed /viper/ptmp/arego/RC4K1_EN_100/22818.h5 in 72.83 seconds
2025-09-19 00:11:42,827 - INFO - Processing /viper/ptmp/arego/RC4K1/18969.h5
2025-09-19 00:11:55,595 - INFO - File 26690: Filtered 36686708 hits and 8 records
2025-09-19 00:11:56,699 - INFO - File 18969: Filtered 16942890 hits and 7 records
2025-09-19 00:12:04,990 - INFO - Completed /viper/ptmp/arego/RC4K1_EN_100/27556.h5 in 155.15 seconds
2025-09-19 00:12:05,258 - INFO - Processing /viper/ptmp/arego/RC4K1/10013.h5
2025-09-19 00:12:11,937 - INFO - Completed /viper/ptmp/arego/RC4K1_EN_100/923.h5 in 121.01 seconds
2025-09-19 00:12:12,097 - INFO - Processing /viper/ptmp/arego/RC4K1/28192.h5
2025-09-19 00:12:13,009 - INFO - Completed /viper/ptmp/arego/RC4K1_EN_100/23913.h5 in 122.94 seconds
2025-09-19 00:12:13,192 - INFO - Processing /viper/ptmp/arego/RC4K1/8161.h5
2025-09-19 00:12:14,445 - INFO - Completed /viper/ptmp/arego/RC4K1_EN_100/4843.h5 in 203.70 seconds
2025-09-19 00:12:14,635 - INFO - Processing /viper/ptmp/arego/RC4K1/5783.h5
2025-09-19 00:12:15,909 - INFO - Completed /viper/ptmp/arego/RC4K1_EN_100/22318.h5 in 205.70 seconds
2025-09-19 00:12:16,074 - INFO - Processing /viper/ptmp/arego/RC4K1/24232.h5
2025-09-19 00:12:19,467 - INFO - File 10013: Filtered 24739393 hits and 7 records
2025-09-19 00:12:25,652 - INFO - File 28192: Filtered 31561737 hits and 7 records
2025-09-19 00:12:26,944 - INFO - File 8161: Filtered 33021930 hits and 8 records
2025-09-19 00:12:28,712 - INFO - File 24232: Filtered 36645842 hits and 10 records
2025-09-19 00:12:31,209 - INFO - File 5783: Filtered 15452828 hits and 7 records
2025-09-19 00:12:41,648 - INFO - Completed /viper/ptmp/arego/RC4K1_EN_100/14844.h5 in 178.10 seconds
2025-09-19 00:12:41,808 - INFO - Processing /viper/ptmp/arego/RC4K1/21535.h5
2025-09-19 00:12:55,668 - INFO - File 21535: Filtered 32798673 hits and 8 records
2025-09-19 00:13:06,114 - INFO - Completed /viper/ptmp/arego/RC4K1_EN_100/7161.h5 in 185.67 seconds
2025-09-19 00:13:06,343 - INFO - Processing /viper/ptmp/arego/RC4K1/21323.h5
2025-09-19 00:13:08,725 - INFO - Completed /viper/ptmp/arego/RC4K1_EN_100/27055.h5 in 160.82 seconds
2025-09-19 00:13:08,947 - INFO - Processing /viper/ptmp/arego/RC4K1/27548.h5
2025-09-19 00:13:12,708 - INFO - Completed /viper/ptmp/arego/RC4K1_EN_100/11461.h5 in 117.72 seconds
2025-09-19 00:13:12,871 - INFO - Processing /viper/ptmp/arego/RC4K1/21032.h5
2025-09-19 00:13:17,903 - INFO - Completed /viper/ptmp/arego/RC4K1_EN_100/8723.h5 in 137.43 seconds
2025-09-19 00:13:18,118 - INFO - Processing /viper/ptmp/arego/RC4K1/19556.h5
2025-09-19 00:13:19,896 - INFO - File 21323: Filtered 18486685 hits and 7 records
2025-09-19 00:13:22,590 - INFO - File 27548: Filtered 30319209 hits and 8 records
2025-09-19 00:13:26,505 - INFO - File 21032: Filtered 24953482 hits and 8 records
2025-09-19 00:13:28,342 - INFO - Completed /viper/ptmp/arego/RC4K1_EN_100/16728.h5 in 156.82 seconds
2025-09-19 00:13:28,562 - INFO - Processing /viper/ptmp/arego/RC4K1/17413.h5
2025-09-19 00:13:31,714 - INFO - File 19556: Filtered 35807963 hits and 10 records
2025-09-19 00:13:42,015 - INFO - Completed /viper/ptmp/arego/RC4K1_EN_100/9027.h5 in 271.65 seconds
2025-09-19 00:13:42,408 - INFO - Processing /viper/ptmp/arego/RC4K1/17991.h5
2025-09-19 00:13:46,565 - INFO - File 17413: Filtered 43058401 hits and 6 records
2025-09-19 00:13:59,886 - INFO - Completed /viper/ptmp/arego/RC4K1_EN_100/27938.h5 in 158.98 seconds
2025-09-19 00:13:59,906 - INFO - File 17991: Filtered 18804025 hits and 5 records
2025-09-19 00:14:00,089 - INFO - Processing /viper/ptmp/arego/RC4K1/4545.h5
2025-09-19 00:14:02,359 - INFO - Completed /viper/ptmp/arego/RC4K1_EN_100/24025.h5 in 192.51 seconds
2025-09-19 00:14:02,686 - INFO - Processing /viper/ptmp/arego/RC4K1/26224.h5
2025-09-19 00:14:07,056 - INFO - Completed /viper/ptmp/arego/RC4K1_EN_100/23656.h5 in 273.94 seconds
2025-09-19 00:14:07,228 - INFO - Processing /viper/ptmp/arego/RC4K1/24362.h5
2025-09-19 00:14:10,152 - INFO - Completed /viper/ptmp/arego/RC4K1_EN_100/15780.h5 in 170.64 seconds
2025-09-19 00:14:10,539 - INFO - Processing /viper/ptmp/arego/RC4K1/11763.h5
2025-09-19 00:14:12,237 - INFO - Completed /viper/ptmp/arego/RC4K1_EN_100/18090.h5 in 226.92 seconds
2025-09-19 00:14:12,420 - INFO - Processing /viper/ptmp/arego/RC4K1/667.h5
2025-09-19 00:14:13,500 - INFO - File 4545: Filtered 32394031 hits and 7 records
2025-09-19 00:14:19,696 - INFO - File 26224: Filtered 39398465 hits and 9 records
2025-09-19 00:14:21,124 - INFO - File 24362: Filtered 51923992 hits and 11 records
2025-09-19 00:14:25,119 - INFO - File 11763: Filtered 49749856 hits and 11 records
2025-09-19 00:14:28,664 - INFO - Completed /viper/ptmp/arego/RC4K1_EN_100/9.h5 in 190.29 seconds
2025-09-19 00:14:28,878 - INFO - Processing /viper/ptmp/arego/RC4K1/22525.h5
2025-09-19 00:14:30,985 - INFO - Completed /viper/ptmp/arego/RC4K1_EN_100/24232.h5 in 134.91 seconds
2025-09-19 00:14:31,177 - INFO - Processing /viper/ptmp/arego/RC4K1/15247.h5
2025-09-19 00:14:31,508 - INFO - File 667: Filtered 39200651 hits and 12 records
2025-09-19 00:14:32,630 - INFO - Completed /viper/ptmp/arego/RC4K1_EN_100/14989.h5 in 230.60 seconds
2025-09-19 00:14:32,953 - INFO - Processing /viper/ptmp/arego/RC4K1/25520.h5
2025-09-19 00:14:39,383 - INFO - Completed /viper/ptmp/arego/RC4K1_EN_100/26690.h5 in 179.44 seconds
2025-09-19 00:14:39,601 - INFO - Processing /viper/ptmp/arego/RC4K1/26301.h5
2025-09-19 00:14:40,813 - INFO - Completed /viper/ptmp/arego/RC4K1_EN_100/8161.h5 in 147.62 seconds
2025-09-19 00:14:41,026 - INFO - Processing /viper/ptmp/arego/RC4K1/13532.h5
2025-09-19 00:14:44,589 - INFO - File 22525: Filtered 20932706 hits and 7 records
2025-09-19 00:14:46,152 - INFO - Completed /viper/ptmp/arego/RC4K1_EN_100/28192.h5 in 154.06 seconds
2025-09-19 00:14:46,241 - INFO - File 15247: Filtered 24639887 hits and 6 records
2025-09-19 00:14:46,404 - INFO - Processing /viper/ptmp/arego/RC4K1/1376.h5
2025-09-19 00:14:49,290 - INFO - Completed /viper/ptmp/arego/RC4K1_EN_100/8238.h5 in 208.94 seconds
2025-09-19 00:14:49,514 - INFO - Processing /viper/ptmp/arego/RC4K1/18151.h5
2025-09-19 00:14:54,107 - INFO - File 25520: Filtered 39111218 hits and 8 records
2025-09-19 00:14:57,560 - INFO - File 13532: Filtered 43561721 hits and 8 records
2025-09-19 00:15:00,626 - INFO - File 26301: Filtered 41393263 hits and 9 records
2025-09-19 00:15:03,097 - INFO - File 1376: Filtered 27697138 hits and 7 records
2025-09-19 00:15:06,010 - INFO - File 18151: Filtered 17658578 hits and 7 records
2025-09-19 00:15:19,514 - INFO - Completed /viper/ptmp/arego/RC4K1_EN_100/14222.h5 in 254.01 seconds
2025-09-19 00:15:19,789 - INFO - Processing /viper/ptmp/arego/RC4K1/17416.h5
2025-09-19 00:15:34,295 - INFO - File 17416: Filtered 49611883 hits and 10 records
2025-09-19 00:15:52,903 - INFO - Completed /viper/ptmp/arego/RC4K1_EN_100/10013.h5 in 227.64 seconds
2025-09-19 00:15:53,135 - INFO - Processing /viper/ptmp/arego/RC4K1/12356.h5
2025-09-19 00:15:53,870 - INFO - Completed /viper/ptmp/arego/RC4K1_EN_100/21535.h5 in 192.06 seconds
2025-09-19 00:15:54,034 - INFO - Processing /viper/ptmp/arego/RC4K1/7128.h5
2025-09-19 00:15:54,774 - INFO - Completed /viper/ptmp/arego/RC4K1_EN_100/24362.h5 in 107.55 seconds
2025-09-19 00:15:55,042 - INFO - Processing /viper/ptmp/arego/RC4K1/10621.h5
2025-09-19 00:15:55,059 - INFO - Completed /viper/ptmp/arego/RC4K1_EN_100/19556.h5 in 156.94 seconds
2025-09-19 00:15:55,229 - INFO - Processing /viper/ptmp/arego/RC4K1/5503.h5
2025-09-19 00:16:07,131 - INFO - Completed /viper/ptmp/arego/RC4K1_EN_100/17413.h5 in 158.57 seconds
2025-09-19 00:16:07,360 - INFO - Processing /viper/ptmp/arego/RC4K1/6077.h5
2025-09-19 00:16:08,534 - INFO - Completed /viper/ptmp/arego/RC4K1_EN_100/18969.h5 in 265.71 seconds
2025-09-19 00:16:08,787 - INFO - Processing /viper/ptmp/arego/RC4K1/12258.h5
2025-09-19 00:16:15,100 - INFO - File 7128: Filtered 32686234 hits and 7 records
2025-09-19 00:16:15,113 - INFO - File 5503: Filtered 27194969 hits and 6 records
2025-09-19 00:16:15,188 - INFO - File 12356: Filtered 36872148 hits and 6 records
2025-09-19 00:16:15,755 - INFO - File 10621: Filtered 34363891 hits and 9 records
2025-09-19 00:16:20,408 - INFO - Completed /viper/ptmp/arego/RC4K1_EN_100/11763.h5 in 129.87 seconds
2025-09-19 00:16:20,746 - INFO - Processing /viper/ptmp/arego/RC4K1/24473.h5
2025-09-19 00:16:23,746 - INFO - Completed /viper/ptmp/arego/RC4K1_EN_100/20833.h5 in 315.08 seconds
2025-09-19 00:16:23,976 - INFO - Processing /viper/ptmp/arego/RC4K1/492.h5
2025-09-19 00:16:26,090 - INFO - File 6077: Filtered 38377336 hits and 9 records
2025-09-19 00:16:26,527 - INFO - File 12258: Filtered 39884571 hits and 8 records
2025-09-19 00:16:35,410 - INFO - File 24473: Filtered 22008693 hits and 5 records
2025-09-19 00:16:45,369 - INFO - Completed /viper/ptmp/arego/RC4K1_EN_100/21032.h5 in 212.50 seconds
2025-09-19 00:16:45,533 - INFO - Processing /viper/ptmp/arego/RC4K1/13056.h5
2025-09-19 00:16:46,802 - INFO - File 492: Filtered 53354712 hits and 12 records
2025-09-19 00:16:47,523 - INFO - Completed /viper/ptmp/arego/RC4K1_EN_100/27548.h5 in 218.58 seconds
2025-09-19 00:16:47,736 - INFO - Processing /viper/ptmp/arego/RC4K1/3824.h5
2025-09-19 00:16:54,127 - INFO - Completed /viper/ptmp/arego/RC4K1_EN_100/5783.h5 in 279.49 seconds
2025-09-19 00:16:54,367 - INFO - Processing /viper/ptmp/arego/RC4K1/24251.h5
2025-09-19 00:17:02,166 - INFO - File 3824: Filtered 52015245 hits and 12 records
2025-09-19 00:17:02,250 - INFO - File 13056: Filtered 38326815 hits and 7 records
2025-09-19 00:17:04,666 - INFO - Completed /viper/ptmp/arego/RC4K1_EN_100/13532.h5 in 143.64 seconds
2025-09-19 00:17:04,830 - INFO - Processing /viper/ptmp/arego/RC4K1/20747.h5
2025-09-19 00:17:13,916 - INFO - File 24251: Filtered 60372255 hits and 6 records
2025-09-19 00:17:14,305 - INFO - Completed /viper/ptmp/arego/RC4K1_EN_100/26224.h5 in 191.62 seconds
2025-09-19 00:17:14,494 - INFO - Processing /viper/ptmp/arego/RC4K1/7212.h5
2025-09-19 00:17:19,243 - INFO - Completed /viper/ptmp/arego/RC4K1_EN_100/4545.h5 in 199.15 seconds
2025-09-19 00:17:19,653 - INFO - Processing /viper/ptmp/arego/RC4K1/8312.h5
2025-09-19 00:17:19,699 - INFO - File 20747: Filtered 64389252 hits and 7 records
2025-09-19 00:17:26,278 - INFO - Completed /viper/ptmp/arego/RC4K1_EN_100/667.h5 in 193.86 seconds
2025-09-19 00:17:26,557 - INFO - Processing /viper/ptmp/arego/RC4K1/26432.h5
2025-09-19 00:17:34,306 - INFO - Completed /viper/ptmp/arego/RC4K1_EN_100/21323.h5 in 267.96 seconds
2025-09-19 00:17:34,475 - INFO - Processing /viper/ptmp/arego/RC4K1/21259.h5
2025-09-19 00:17:36,222 - INFO - File 7212: Filtered 42781362 hits and 6 records
2025-09-19 00:17:36,850 - INFO - File 8312: Filtered 45455266 hits and 8 records
2025-09-19 00:17:38,789 - INFO - Completed /viper/ptmp/arego/RC4K1_EN_100/17416.h5 in 139.00 seconds
2025-09-19 00:17:38,962 - INFO - Processing /viper/ptmp/arego/RC4K1/29597.h5
2025-09-19 00:17:49,450 - INFO - File 21259: Filtered 51028917 hits and 6 records
2025-09-19 00:17:50,085 - INFO - File 26432: Filtered 41160124 hits and 9 records
2025-09-19 00:17:55,300 - INFO - File 29597: Filtered 47557052 hits and 7 records
2025-09-19 00:18:02,745 - INFO - Completed /viper/ptmp/arego/RC4K1_EN_100/25520.h5 in 209.79 seconds
2025-09-19 00:18:02,974 - INFO - Processing /viper/ptmp/arego/RC4K1/24544.h5
2025-09-19 00:18:09,194 - INFO - Completed /viper/ptmp/arego/RC4K1_EN_100/26301.h5 in 209.59 seconds
2025-09-19 00:18:09,382 - INFO - Processing /viper/ptmp/arego/RC4K1/24336.h5
2025-09-19 00:18:20,193 - INFO - Completed /viper/ptmp/arego/RC4K1_EN_100/15247.h5 in 229.02 seconds
2025-09-19 00:18:20,418 - INFO - Processing /viper/ptmp/arego/RC4K1/27218.h5
2025-09-19 00:18:27,677 - INFO - File 24544: Filtered 54488598 hits and 7 records
2025-09-19 00:18:28,211 - INFO - Completed /viper/ptmp/arego/RC4K1_EN_100/20747.h5 in 83.38 seconds
2025-09-19 00:18:28,376 - INFO - Processing /viper/ptmp/arego/RC4K1/12504.h5
2025-09-19 00:18:35,794 - INFO - File 24336: Filtered 39722398 hits and 8 records
2025-09-19 00:18:36,220 - INFO - File 27218: Filtered 52466303 hits and 8 records
2025-09-19 00:18:38,908 - INFO - Completed /viper/ptmp/arego/RC4K1_EN_100/1376.h5 in 232.50 seconds
2025-09-19 00:18:39,083 - INFO - Processing /viper/ptmp/arego/RC4K1/9460.h5
2025-09-19 00:18:42,568 - INFO - Completed /viper/ptmp/arego/RC4K1_EN_100/17991.h5 in 300.16 seconds
2025-09-19 00:18:42,802 - INFO - Processing /viper/ptmp/arego/RC4K1/3068.h5
2025-09-19 00:18:45,250 - INFO - File 12504: Filtered 28535662 hits and 8 records
2025-09-19 00:18:54,360 - INFO - Completed /viper/ptmp/arego/RC4K1_EN_100/22525.h5 in 265.48 seconds
2025-09-19 00:18:54,528 - INFO - Processing /viper/ptmp/arego/RC4K1/9191.h5
2025-09-19 00:19:03,867 - INFO - File 9460: Filtered 27166629 hits and 11 records
2025-09-19 00:19:05,800 - INFO - Completed /viper/ptmp/arego/RC4K1_EN_100/3824.h5 in 138.06 seconds
2025-09-19 00:19:06,012 - INFO - Processing /viper/ptmp/arego/RC4K1/8808.h5
2025-09-19 00:19:07,727 - INFO - File 3068: Filtered 54429117 hits and 9 records
2025-09-19 00:19:11,635 - INFO - File 9191: Filtered 42471321 hits and 11 records
2025-09-19 00:19:11,682 - INFO - Completed /viper/ptmp/arego/RC4K1_EN_100/492.h5 in 167.71 seconds
2025-09-19 00:19:11,948 - INFO - Processing /viper/ptmp/arego/RC4K1/7918.h5
2025-09-19 00:19:14,895 - INFO - Completed /viper/ptmp/arego/RC4K1_EN_100/24251.h5 in 140.53 seconds
2025-09-19 00:19:15,125 - INFO - Processing /viper/ptmp/arego/RC4K1/29337.h5
2025-09-19 00:19:21,083 - INFO - Completed /viper/ptmp/arego/RC4K1_EN_100/12356.h5 in 207.95 seconds
2025-09-19 00:19:21,258 - INFO - Processing /viper/ptmp/arego/RC4K1/27813.h5
2025-09-19 00:19:22,494 - INFO - File 8808: Filtered 42817002 hits and 7 records
2025-09-19 00:19:37,239 - INFO - File 7918: Filtered 50031417 hits and 10 records
2025-09-19 00:19:41,723 - INFO - Completed /viper/ptmp/arego/RC4K1_EN_100/12258.h5 in 212.94 seconds
2025-09-19 00:19:41,917 - INFO - Processing /viper/ptmp/arego/RC4K1/17066.h5
2025-09-19 00:19:42,932 - INFO - Completed /viper/ptmp/arego/RC4K1_EN_100/18151.h5 in 293.42 seconds
2025-09-19 00:19:43,125 - INFO - Processing /viper/ptmp/arego/RC4K1/26712.h5
2025-09-19 00:19:44,012 - INFO - Completed /viper/ptmp/arego/RC4K1_EN_100/7128.h5 in 229.98 seconds
2025-09-19 00:19:44,185 - INFO - Processing /viper/ptmp/arego/RC4K1/26560.h5
2025-09-19 00:19:45,735 - INFO - File 27813: Filtered 52820756 hits and 9 records
2025-09-19 00:19:46,571 - INFO - Completed /viper/ptmp/arego/RC4K1_EN_100/10621.h5 in 231.53 seconds
2025-09-19 00:19:46,774 - INFO - Processing /viper/ptmp/arego/RC4K1/28383.h5
2025-09-19 00:19:49,596 - INFO - Completed /viper/ptmp/arego/RC4K1_EN_100/5503.h5 in 234.37 seconds
2025-09-19 00:19:49,770 - INFO - Processing /viper/ptmp/arego/RC4K1/1268.h5
2025-09-19 00:19:50,400 - INFO - File 29337: Filtered 53008806 hits and 6 records
2025-09-19 00:19:52,880 - INFO - Completed /viper/ptmp/arego/RC4K1_EN_100/13056.h5 in 187.35 seconds
2025-09-19 00:19:53,100 - INFO - Processing /viper/ptmp/arego/RC4K1/556.h5
2025-09-19 00:19:58,220 - INFO - File 17066: Filtered 53547629 hits and 7 records
2025-09-19 00:20:00,414 - INFO - Completed /viper/ptmp/arego/RC4K1_EN_100/6077.h5 in 233.05 seconds
2025-09-19 00:20:00,668 - INFO - Processing /viper/ptmp/arego/RC4K1/19104.h5
2025-09-19 00:20:08,115 - INFO - File 28383: Filtered 48545600 hits and 8 records
2025-09-19 00:20:09,235 - INFO - File 26712: Filtered 38449606 hits and 5 records
2025-09-19 00:20:09,751 - INFO - File 26560: Filtered 38777773 hits and 7 records
2025-09-19 00:20:13,776 - INFO - File 556: Filtered 41070703 hits and 7 records
2025-09-19 00:20:17,675 - INFO - Completed /viper/ptmp/arego/RC4K1_EN_100/21259.h5 in 163.20 seconds
2025-09-19 00:20:17,928 - INFO - Processing /viper/ptmp/arego/RC4K1/6949.h5
2025-09-19 00:20:25,789 - INFO - File 1268: Filtered 94465923 hits and 10 records
2025-09-19 00:20:31,089 - INFO - File 19104: Filtered 45771054 hits and 7 records
2025-09-19 00:20:36,376 - INFO - File 6949: Filtered 29669832 hits and 7 records
2025-09-19 00:20:43,801 - INFO - Completed /viper/ptmp/arego/RC4K1_EN_100/24473.h5 in 263.06 seconds
2025-09-19 00:20:43,984 - INFO - Processing /viper/ptmp/arego/RC4K1/6664.h5
2025-09-19 00:20:53,149 - INFO - Completed /viper/ptmp/arego/RC4K1_EN_100/27218.h5 in 152.73 seconds
2025-09-19 00:20:53,374 - INFO - Processing /viper/ptmp/arego/RC4K1/20917.h5
2025-09-19 00:20:55,235 - INFO - Completed /viper/ptmp/arego/RC4K1_EN_100/8312.h5 in 215.58 seconds
2025-09-19 00:20:55,494 - INFO - Processing /viper/ptmp/arego/RC4K1/29051.h5
2025-09-19 00:21:01,620 - INFO - File 6664: Filtered 40990288 hits and 7 records
2025-09-19 00:21:03,770 - INFO - Completed /viper/ptmp/arego/RC4K1_EN_100/29597.h5 in 204.81 seconds
2025-09-19 00:21:04,000 - INFO - Processing /viper/ptmp/arego/RC4K1/10710.h5
2025-09-19 00:21:11,067 - INFO - File 20917: Filtered 43726147 hits and 11 records
2025-09-19 00:21:14,664 - INFO - File 29051: Filtered 32833753 hits and 5 records
2025-09-19 00:21:25,750 - INFO - File 10710: Filtered 64390813 hits and 9 records
2025-09-19 00:21:32,440 - INFO - Completed /viper/ptmp/arego/RC4K1_EN_100/7212.h5 in 257.95 seconds
2025-09-19 00:21:32,649 - INFO - Processing /viper/ptmp/arego/RC4K1/20897.h5
2025-09-19 00:21:44,262 - INFO - Completed /viper/ptmp/arego/RC4K1_EN_100/24544.h5 in 221.29 seconds
2025-09-19 00:22:04,814 - INFO - Completed /viper/ptmp/arego/RC4K1_EN_100/26432.h5 in 278.26 seconds
2025-09-19 00:22:14,903 - INFO - Completed /viper/ptmp/arego/RC4K1_EN_100/27813.h5 in 173.65 seconds
2025-09-19 00:22:15,130 - INFO - Processing /viper/ptmp/arego/RC4K1/10781.h5
2025-09-19 00:22:22,883 - INFO - Completed /viper/ptmp/arego/RC4K1_EN_100/9191.h5 in 208.36 seconds
2025-09-19 00:22:23,100 - INFO - Processing /viper/ptmp/arego/RC4K1/901.h5
2025-09-19 00:22:24,219 - INFO - Completed /viper/ptmp/arego/RC4K1_EN_100/17066.h5 in 162.30 seconds
2025-09-19 00:22:40,453 - INFO - Completed /viper/ptmp/arego/RC4K1_EN_100/3068.h5 in 237.65 seconds
2025-09-19 00:22:43,592 - INFO - File 10781: Filtered 68510977 hits and 9 records
2025-09-19 00:22:53,907 - INFO - File 20897: Filtered 120517008 hits and 5 records
2025-09-19 00:22:58,882 - INFO - Completed /viper/ptmp/arego/RC4K1_EN_100/12504.h5 in 270.51 seconds
2025-09-19 00:22:59,084 - INFO - Processing /viper/ptmp/arego/RC4K1/19376.h5
2025-09-19 00:23:03,820 - INFO - Completed /viper/ptmp/arego/RC4K1_EN_100/24336.h5 in 294.44 seconds
2025-09-19 00:23:12,358 - INFO - Completed /viper/ptmp/arego/RC4K1_EN_100/8808.h5 in 246.35 seconds
2025-09-19 00:23:12,527 - INFO - Processing /viper/ptmp/arego/RC4K1/19001.h5
2025-09-19 00:23:23,028 - INFO - File 19376: Filtered 36936699 hits and 9 records
2025-09-19 00:23:32,449 - INFO - File 19001: Filtered 45702835 hits and 9 records
2025-09-19 00:23:39,041 - INFO - File 901: Filtered 57731203 hits and 7 records
2025-09-19 00:23:49,075 - INFO - Completed /viper/ptmp/arego/RC4K1_EN_100/28383.h5 in 242.30 seconds
2025-09-19 00:23:58,278 - INFO - Completed /viper/ptmp/arego/RC4K1_EN_100/26712.h5 in 255.15 seconds
2025-09-19 00:23:59,186 - INFO - Completed /viper/ptmp/arego/RC4K1_EN_100/26560.h5 in 255.00 seconds
2025-09-19 00:24:03,754 - INFO - Completed /viper/ptmp/arego/RC4K1_EN_100/556.h5 in 250.65 seconds
2025-09-19 00:24:03,933 - INFO - Processing /viper/ptmp/arego/RC4K1/29391.h5
2025-09-19 00:24:12,716 - INFO - Completed /viper/ptmp/arego/RC4K1_EN_100/7918.h5 in 300.77 seconds
2025-09-19 00:24:22,120 - INFO - File 29391: Filtered 44858581 hits and 8 records
2025-09-19 00:24:27,998 - INFO - Completed /viper/ptmp/arego/RC4K1_EN_100/29337.h5 in 312.87 seconds
2025-09-19 00:24:33,601 - INFO - Completed /viper/ptmp/arego/RC4K1_EN_100/1268.h5 in 283.83 seconds
2025-09-19 00:24:33,763 - INFO - Processing /viper/ptmp/arego/RC4K1/13903.h5
2025-09-19 00:24:50,573 - INFO - Completed /viper/ptmp/arego/RC4K1_EN_100/20917.h5 in 237.20 seconds
2025-09-19 00:24:50,746 - INFO - Processing /viper/ptmp/arego/RC4K1/5556.h5
2025-09-19 00:24:52,242 - INFO - File 13903: Filtered 47950725 hits and 6 records
2025-09-19 00:25:10,265 - INFO - File 5556: Filtered 33165406 hits and 10 records
2025-09-19 00:25:20,606 - INFO - Completed /viper/ptmp/arego/RC4K1_EN_100/10710.h5 in 256.61 seconds
2025-09-19 00:25:30,548 - INFO - Completed /viper/ptmp/arego/RC4K1_EN_100/6949.h5 in 312.62 seconds
2025-09-19 00:25:40,978 - INFO - Completed /viper/ptmp/arego/RC4K1_EN_100/9460.h5 in 421.89 seconds
2025-09-19 00:25:41,136 - INFO - Processing /viper/ptmp/arego/RC4K1/11409.h5
2025-09-19 00:26:02,159 - INFO - File 11409: Filtered 43657854 hits and 6 records
2025-09-19 00:26:21,206 - INFO - Completed /viper/ptmp/arego/RC4K1_EN_100/6664.h5 in 337.22 seconds
2025-09-19 00:27:15,160 - INFO - Completed /viper/ptmp/arego/RC4K1_EN_100/29051.h5 in 379.67 seconds
2025-09-19 00:27:23,036 - INFO - Completed /viper/ptmp/arego/RC4K1_EN_100/19104.h5 in 442.37 seconds
2025-09-19 00:27:28,588 - INFO - Completed /viper/ptmp/arego/RC4K1_EN_100/19001.h5 in 256.06 seconds
2025-09-19 00:27:43,792 - INFO - Completed /viper/ptmp/arego/RC4K1_EN_100/19376.h5 in 284.71 seconds
2025-09-19 00:28:16,141 - INFO - Completed /viper/ptmp/arego/RC4K1_EN_100/29391.h5 in 252.21 seconds
2025-09-19 00:28:30,166 - INFO - Completed /viper/ptmp/arego/RC4K1_EN_100/13903.h5 in 236.40 seconds
2025-09-19 00:28:42,747 - INFO - Completed /viper/ptmp/arego/RC4K1_EN_100/10781.h5 in 387.62 seconds
2025-09-19 00:30:16,045 - INFO - Completed /viper/ptmp/arego/RC4K1_EN_100/5556.h5 in 325.30 seconds
2025-09-19 00:30:59,920 - INFO - Completed /viper/ptmp/arego/RC4K1_EN_100/11409.h5 in 318.78 seconds
2025-09-19 00:36:34,331 - INFO - Completed /viper/ptmp/arego/RC4K1_EN_100/20897.h5 in 901.68 seconds
2025-09-19 00:40:44,814 - INFO - Completed /viper/ptmp/arego/RC4K1_EN_100/901.h5 in 1101.71 seconds
