2025-09-19 07:20:01,097 - INFO - Loaded skip configuration: 0 files to skip entirely, 21186 files with partial record skips
2025-09-19 07:20:01,106 - INFO - Loaded skip configuration: 0 files to skip entirely, 21186 files with partial record skips
2025-09-19 07:20:01,110 - INFO - Loaded skip configuration: 0 files to skip entirely, 21186 files with partial record skips
2025-09-19 07:20:01,544 - INFO - Processing /viper/ptmp/arego/Red_T_7K_1/21393.h5
2025-09-19 07:20:01,546 - INFO - Processing /viper/ptmp/arego/Red_T_7K_1/18409.h5
2025-09-19 07:20:01,589 - INFO - Processing /viper/ptmp/arego/Red_T_7K_1/13116.h5
2025-09-19 07:20:01,719 - INFO - Processing /viper/ptmp/arego/Red_T_7K_1/14299.h5
2025-09-19 07:20:01,720 - INFO - Processing /viper/ptmp/arego/Red_T_7K_1/22762.h5
2025-09-19 07:20:01,791 - INFO - File 21393: Filtered 173768 hits and 5 records
2025-09-19 07:20:01,795 - INFO - File 18409: Filtered 190520 hits and 5 records
2025-09-19 07:20:01,820 - INFO - Processing /viper/ptmp/arego/Red_T_7K_1/1110.h5
2025-09-19 07:20:01,853 - INFO - File 13116: Filtered 113949 hits and 5 records
2025-09-19 07:20:01,904 - INFO - Processing /viper/ptmp/arego/Red_T_7K_1/21419.h5
2025-09-19 07:20:01,907 - INFO - Processing /viper/ptmp/arego/Red_T_7K_1/5390.h5
2025-09-19 07:20:01,934 - INFO - File 22762: Filtered 281372 hits and 7 records
2025-09-19 07:20:01,952 - INFO - File 14299: Filtered 86306 hits and 2 records
2025-09-19 07:20:02,051 - INFO - Processing /viper/ptmp/arego/Red_T_7K_1/15702.h5
2025-09-19 07:20:02,058 - INFO - File 1110: Filtered 120223 hits and 4 records
2025-09-19 07:20:02,100 - INFO - Processing /viper/ptmp/arego/Red_T_7K_1/339.h5
2025-09-19 07:20:02,136 - INFO - Processing /viper/ptmp/arego/Red_T_7K_1/11996.h5
2025-09-19 07:20:02,138 - INFO - File 21419: Filtered 68855 hits and 2 records
2025-09-19 07:20:02,156 - INFO - File 5390: Filtered 91351 hits and 2 records
2025-09-19 07:20:02,294 - INFO - Processing /viper/ptmp/arego/Red_T_7K_1/780.h5
2025-09-19 07:20:02,307 - INFO - File 339: Filtered 79551 hits and 3 records
2025-09-19 07:20:02,308 - INFO - Processing /viper/ptmp/arego/Red_T_7K_1/21962.h5
2025-09-19 07:20:02,312 - INFO - File 15702: Filtered 174406 hits and 5 records
2025-09-19 07:20:02,424 - INFO - File 11996: Filtered 152445 hits and 3 records
2025-09-19 07:20:02,425 - INFO - Processing /viper/ptmp/arego/Red_T_7K_1/22160.h5
2025-09-19 07:20:02,461 - INFO - Completed /viper/ptmp/arego/Red_T_7K_1_EN_100/22762.h5 in 0.74 seconds
2025-09-19 07:20:02,486 - INFO - Completed /viper/ptmp/arego/Red_T_7K_1_EN_100/21393.h5 in 0.94 seconds
2025-09-19 07:20:02,505 - INFO - Completed /viper/ptmp/arego/Red_T_7K_1_EN_100/18409.h5 in 0.96 seconds
2025-09-19 07:20:02,509 - INFO - Processing /viper/ptmp/arego/Red_T_7K_1/7428.h5
2025-09-19 07:20:02,544 - INFO - File 780: Filtered 73337 hits and 2 records
2025-09-19 07:20:02,544 - INFO - File 21962: Filtered 167579 hits and 5 records
2025-09-19 07:20:02,567 - INFO - Completed /viper/ptmp/arego/Red_T_7K_1_EN_100/13116.h5 in 0.98 seconds
2025-09-19 07:20:02,648 - INFO - Processing /viper/ptmp/arego/Red_T_7K_1/14819.h5
2025-09-19 07:20:02,649 - INFO - Completed /viper/ptmp/arego/Red_T_7K_1_EN_100/14299.h5 in 0.93 seconds
2025-09-19 07:20:02,718 - INFO - File 22160: Filtered 120228 hits and 2 records
2025-09-19 07:20:02,718 - INFO - Processing /viper/ptmp/arego/Red_T_7K_1/13637.h5
2025-09-19 07:20:02,719 - INFO - Processing /viper/ptmp/arego/Red_T_7K_1/3411.h5
2025-09-19 07:20:02,722 - INFO - Completed /viper/ptmp/arego/Red_T_7K_1_EN_100/1110.h5 in 0.90 seconds
2025-09-19 07:20:02,733 - INFO - File 7428: Filtered 124830 hits and 4 records
2025-09-19 07:20:02,907 - INFO - Processing /viper/ptmp/arego/Red_T_7K_1/7463.h5
2025-09-19 07:20:02,908 - INFO - Completed /viper/ptmp/arego/Red_T_7K_1_EN_100/5390.h5 in 1.00 seconds
2025-09-19 07:20:02,910 - INFO - File 14819: Filtered 149040 hits and 3 records
2025-09-19 07:20:02,922 - INFO - Processing /viper/ptmp/arego/Red_T_7K_1/1811.h5
2025-09-19 07:20:02,964 - INFO - Processing /viper/ptmp/arego/Red_T_7K_1/12619.h5
2025-09-19 07:20:02,968 - INFO - File 13637: Filtered 174266 hits and 4 records
2025-09-19 07:20:02,965 - INFO - File 3411: Filtered 58551 hits and 2 records
2025-09-19 07:20:02,992 - INFO - Completed /viper/ptmp/arego/Red_T_7K_1_EN_100/339.h5 in 0.89 seconds
2025-09-19 07:20:03,042 - INFO - Completed /viper/ptmp/arego/Red_T_7K_1_EN_100/21419.h5 in 1.14 seconds
2025-09-19 07:20:03,072 - INFO - Completed /viper/ptmp/arego/Red_T_7K_1_EN_100/15702.h5 in 1.02 seconds
2025-09-19 07:20:03,079 - INFO - Processing /viper/ptmp/arego/Red_T_7K_1/2825.h5
2025-09-19 07:20:03,094 - INFO - Processing /viper/ptmp/arego/Red_T_7K_1/21372.h5
2025-09-19 07:20:03,149 - INFO - File 7463: Filtered 57535 hits and 1 records
2025-09-19 07:20:03,155 - INFO - Completed /viper/ptmp/arego/Red_T_7K_1_EN_100/780.h5 in 0.86 seconds
2025-09-19 07:20:03,158 - INFO - Completed /viper/ptmp/arego/Red_T_7K_1_EN_100/11996.h5 in 1.02 seconds
2025-09-19 07:20:03,233 - INFO - File 1811: Filtered 122938 hits and 3 records
2025-09-19 07:20:03,234 - INFO - Processing /viper/ptmp/arego/Red_T_7K_1/17736.h5
2025-09-19 07:20:03,236 - INFO - File 12619: Filtered 83578 hits and 2 records
2025-09-19 07:20:03,260 - INFO - Processing /viper/ptmp/arego/Red_T_7K_1/5327.h5
2025-09-19 07:20:03,310 - INFO - File 21372: Filtered 180334 hits and 5 records
2025-09-19 07:20:03,316 - INFO - Processing /viper/ptmp/arego/Red_T_7K_1/17256.h5
2025-09-19 07:20:03,334 - INFO - File 2825: Filtered 69634 hits and 2 records
2025-09-19 07:20:03,449 - INFO - Processing /viper/ptmp/arego/Red_T_7K_1/8433.h5
2025-09-19 07:20:03,477 - INFO - Completed /viper/ptmp/arego/Red_T_7K_1_EN_100/7428.h5 in 0.97 seconds
2025-09-19 07:20:03,498 - INFO - File 17736: Filtered 114913 hits and 3 records
2025-09-19 07:20:03,505 - INFO - Processing /viper/ptmp/arego/Red_T_7K_1/7013.h5
2025-09-19 07:20:03,537 - INFO - Processing /viper/ptmp/arego/Red_T_7K_1/2757.h5
2025-09-19 07:20:03,540 - INFO - File 17256: Filtered 84254 hits and 2 records
2025-09-19 07:20:03,572 - INFO - Completed /viper/ptmp/arego/Red_T_7K_1_EN_100/22160.h5 in 1.15 seconds
2025-09-19 07:20:03,578 - INFO - File 5327: Filtered 266511 hits and 5 records
2025-09-19 07:20:03,645 - INFO - Processing /viper/ptmp/arego/Red_T_7K_1/9880.h5
2025-09-19 07:20:03,656 - INFO - File 8433: Filtered 116267 hits and 3 records
2025-09-19 07:20:03,691 - INFO - Completed /viper/ptmp/arego/Red_T_7K_1_EN_100/21962.h5 in 1.38 seconds
2025-09-19 07:20:03,696 - INFO - Completed /viper/ptmp/arego/Red_T_7K_1_EN_100/14819.h5 in 1.05 seconds
2025-09-19 07:20:03,718 - INFO - File 7013: Filtered 106786 hits and 3 records
2025-09-19 07:20:03,724 - INFO - Processing /viper/ptmp/arego/Red_T_7K_1/22589.h5
2025-09-19 07:20:03,771 - INFO - Processing /viper/ptmp/arego/Red_T_7K_1/7262.h5
2025-09-19 07:20:03,786 - INFO - File 2757: Filtered 121793 hits and 3 records
2025-09-19 07:20:03,816 - INFO - Processing /viper/ptmp/arego/Red_T_7K_1/19842.h5
2025-09-19 07:20:03,845 - INFO - File 9880: Filtered 325154 hits and 7 records
2025-09-19 07:20:03,928 - INFO - Processing /viper/ptmp/arego/Red_T_7K_1/7174.h5
2025-09-19 07:20:03,947 - INFO - File 22589: Filtered 528040 hits and 2 records
2025-09-19 07:20:03,952 - INFO - Processing /viper/ptmp/arego/Red_T_7K_1/7016.h5
2025-09-19 07:20:04,010 - INFO - File 7262: Filtered 286419 hits and 5 records
2025-09-19 07:20:04,012 - INFO - Processing /viper/ptmp/arego/Red_T_7K_1/12248.h5
2025-09-19 07:20:04,013 - INFO - File 19842: Filtered 229380 hits and 4 records
2025-09-19 07:20:04,112 - INFO - Processing /viper/ptmp/arego/Red_T_7K_1/3043.h5
2025-09-19 07:20:04,114 - INFO - Completed /viper/ptmp/arego/Red_T_7K_1_EN_100/21372.h5 in 1.02 seconds
2025-09-19 07:20:04,151 - INFO - Processing /viper/ptmp/arego/Red_T_7K_1/21547.h5
2025-09-19 07:20:04,167 - INFO - File 7174: Filtered 249124 hits and 4 records
2025-09-19 07:20:04,202 - INFO - File 7016: Filtered 352195 hits and 5 records
2025-09-19 07:20:04,202 - INFO - Processing /viper/ptmp/arego/Red_T_7K_1/12072.h5
2025-09-19 07:20:04,218 - INFO - Completed /viper/ptmp/arego/Red_T_7K_1_EN_100/1811.h5 in 1.30 seconds
2025-09-19 07:20:04,222 - INFO - File 12248: Filtered 142670 hits and 3 records
2025-09-19 07:20:04,259 - INFO - Completed /viper/ptmp/arego/Red_T_7K_1_EN_100/3411.h5 in 1.54 seconds
2025-09-19 07:20:04,336 - INFO - File 3043: Filtered 147040 hits and 4 records
2025-09-19 07:20:04,352 - INFO - Processing /viper/ptmp/arego/Red_T_7K_1/19678.h5
2025-09-19 07:20:04,414 - INFO - Completed /viper/ptmp/arego/Red_T_7K_1_EN_100/5327.h5 in 1.15 seconds
2025-09-19 07:20:04,416 - INFO - File 12072: Filtered 83752 hits and 2 records
2025-09-19 07:20:04,417 - INFO - File 21547: Filtered 122631 hits and 3 records
2025-09-19 07:20:04,426 - INFO - Processing /viper/ptmp/arego/Red_T_7K_1/22224.h5
2025-09-19 07:20:04,443 - INFO - Completed /viper/ptmp/arego/Red_T_7K_1_EN_100/7013.h5 in 0.94 seconds
2025-09-19 07:20:04,445 - INFO - Completed /viper/ptmp/arego/Red_T_7K_1_EN_100/13637.h5 in 1.73 seconds
2025-09-19 07:20:04,445 - INFO - Processing /viper/ptmp/arego/Red_T_7K_1/2918.h5
2025-09-19 07:20:04,480 - INFO - Completed /viper/ptmp/arego/Red_T_7K_1_EN_100/7463.h5 in 1.57 seconds
2025-09-19 07:20:04,527 - INFO - Processing /viper/ptmp/arego/Red_T_7K_1/9691.h5
2025-09-19 07:20:04,568 - INFO - Completed /viper/ptmp/arego/Red_T_7K_1_EN_100/9880.h5 in 0.92 seconds
2025-09-19 07:20:04,573 - INFO - Completed /viper/ptmp/arego/Red_T_7K_1_EN_100/22589.h5 in 0.85 seconds
2025-09-19 07:20:04,580 - INFO - File 19678: Filtered 275797 hits and 6 records
2025-09-19 07:20:04,610 - INFO - Processing /viper/ptmp/arego/Red_T_7K_1/3835.h5
2025-09-19 07:20:04,643 - INFO - Completed /viper/ptmp/arego/Red_T_7K_1_EN_100/2825.h5 in 1.56 seconds
2025-09-19 07:20:04,659 - INFO - File 22224: Filtered 99081 hits and 2 records
2025-09-19 07:20:04,704 - INFO - File 2918: Filtered 358267 hits and 4 records
2025-09-19 07:20:04,724 - INFO - Processing /viper/ptmp/arego/Red_T_7K_1/20087.h5
2025-09-19 07:20:04,749 - INFO - Completed /viper/ptmp/arego/Red_T_7K_1_EN_100/19842.h5 in 0.93 seconds
2025-09-19 07:20:04,762 - INFO - Processing /viper/ptmp/arego/Red_T_7K_1/22774.h5
2025-09-19 07:20:04,772 - INFO - File 9691: Filtered 72363 hits and 2 records
2025-09-19 07:20:04,796 - INFO - Processing /viper/ptmp/arego/Red_T_7K_1/903.h5
2025-09-19 07:20:04,852 - INFO - File 3835: Filtered 303465 hits and 4 records
2025-09-19 07:20:04,891 - INFO - Completed /viper/ptmp/arego/Red_T_7K_1_EN_100/12619.h5 in 1.93 seconds
2025-09-19 07:20:04,912 - INFO - Completed /viper/ptmp/arego/Red_T_7K_1_EN_100/8433.h5 in 1.46 seconds
2025-09-19 07:20:04,935 - INFO - Completed /viper/ptmp/arego/Red_T_7K_1_EN_100/17256.h5 in 1.62 seconds
2025-09-19 07:20:04,947 - INFO - File 20087: Filtered 243271 hits and 6 records
2025-09-19 07:20:04,952 - INFO - Processing /viper/ptmp/arego/Red_T_7K_1/2563.h5
2025-09-19 07:20:04,965 - INFO - Completed /viper/ptmp/arego/Red_T_7K_1_EN_100/7174.h5 in 1.04 seconds
2025-09-19 07:20:04,971 - INFO - Completed /viper/ptmp/arego/Red_T_7K_1_EN_100/12248.h5 in 0.96 seconds
2025-09-19 07:20:04,989 - INFO - Processing /viper/ptmp/arego/Red_T_7K_1/4656.h5
2025-09-19 07:20:05,015 - INFO - File 903: Filtered 336879 hits and 7 records
2025-09-19 07:20:05,043 - INFO - File 22774: Filtered 126059 hits and 3 records
2025-09-19 07:20:05,080 - INFO - Processing /viper/ptmp/arego/Red_T_7K_1/19146.h5
2025-09-19 07:20:05,082 - INFO - Completed /viper/ptmp/arego/Red_T_7K_1_EN_100/7262.h5 in 1.31 seconds
2025-09-19 07:20:05,112 - INFO - Completed /viper/ptmp/arego/Red_T_7K_1_EN_100/7016.h5 in 1.16 seconds
2025-09-19 07:20:05,123 - INFO - Completed /viper/ptmp/arego/Red_T_7K_1_EN_100/17736.h5 in 1.89 seconds
2025-09-19 07:20:05,160 - INFO - Processing /viper/ptmp/arego/Red_T_7K_1/18503.h5
2025-09-19 07:20:05,185 - INFO - File 2563: Filtered 83439 hits and 1 records
2025-09-19 07:20:05,197 - INFO - Processing /viper/ptmp/arego/Red_T_7K_1/9287.h5
2025-09-19 07:20:05,210 - INFO - File 4656: Filtered 195318 hits and 4 records
2025-09-19 07:20:05,260 - INFO - Completed /viper/ptmp/arego/Red_T_7K_1_EN_100/19678.h5 in 0.91 seconds
2025-09-19 07:20:05,307 - INFO - File 19146: Filtered 155051 hits and 3 records
2025-09-19 07:20:05,352 - INFO - Processing /viper/ptmp/arego/Red_T_7K_1/3290.h5
2025-09-19 07:20:05,370 - INFO - Processing /viper/ptmp/arego/Red_T_7K_1/2168.h5
2025-09-19 07:20:05,387 - INFO - Processing /viper/ptmp/arego/Red_T_7K_1/1256.h5
2025-09-19 07:20:05,393 - INFO - File 18503: Filtered 201762 hits and 5 records
2025-09-19 07:20:05,477 - INFO - Completed /viper/ptmp/arego/Red_T_7K_1_EN_100/2757.h5 in 1.94 seconds
2025-09-19 07:20:05,488 - INFO - File 9287: Filtered 53331 hits and 1 records
2025-09-19 07:20:05,523 - INFO - Completed /viper/ptmp/arego/Red_T_7K_1_EN_100/3835.h5 in 0.91 seconds
2025-09-19 07:20:05,578 - INFO - File 3290: Filtered 162177 hits and 4 records
2025-09-19 07:20:05,581 - INFO - Processing /viper/ptmp/arego/Red_T_7K_1/9579.h5
2025-09-19 07:20:05,589 - INFO - Processing /viper/ptmp/arego/Red_T_7K_1/21944.h5
2025-09-19 07:20:05,605 - INFO - File 2168: Filtered 117627 hits and 2 records
2025-09-19 07:20:05,607 - INFO - File 1256: Filtered 269864 hits and 6 records
2025-09-19 07:20:05,689 - INFO - Processing /viper/ptmp/arego/Red_T_7K_1/11675.h5
2025-09-19 07:20:05,790 - INFO - Processing /viper/ptmp/arego/Red_T_7K_1/18605.h5
2025-09-19 07:20:05,799 - INFO - Completed /viper/ptmp/arego/Red_T_7K_1_EN_100/903.h5 in 1.00 seconds
2025-09-19 07:20:05,821 - INFO - File 9579: Filtered 150474 hits and 4 records
2025-09-19 07:20:05,823 - INFO - Processing /viper/ptmp/arego/Red_T_7K_1/712.h5
2025-09-19 07:20:05,829 - INFO - File 21944: Filtered 355460 hits and 4 records
2025-09-19 07:20:05,917 - INFO - Completed /viper/ptmp/arego/Red_T_7K_1_EN_100/2918.h5 in 1.47 seconds
2025-09-19 07:20:05,957 - INFO - File 11675: Filtered 101003 hits and 2 records
2025-09-19 07:20:05,998 - INFO - Processing /viper/ptmp/arego/Red_T_7K_1/2741.h5
2025-09-19 07:20:05,998 - INFO - Processing /viper/ptmp/arego/Red_T_7K_1/1650.h5
2025-09-19 07:20:06,007 - INFO - Completed /viper/ptmp/arego/Red_T_7K_1_EN_100/3043.h5 in 1.89 seconds
2025-09-19 07:20:06,021 - INFO - File 18605: Filtered 184348 hits and 4 records
2025-09-19 07:20:06,055 - INFO - Completed /viper/ptmp/arego/Red_T_7K_1_EN_100/22224.h5 in 1.63 seconds
2025-09-19 07:20:06,057 - INFO - File 712: Filtered 250869 hits and 4 records
2025-09-19 07:20:06,087 - INFO - Processing /viper/ptmp/arego/Red_T_7K_1/13525.h5
2025-09-19 07:20:06,087 - INFO - Completed /viper/ptmp/arego/Red_T_7K_1_EN_100/21547.h5 in 1.94 seconds
2025-09-19 07:20:06,148 - INFO - Completed /viper/ptmp/arego/Red_T_7K_1_EN_100/19146.h5 in 1.07 seconds
2025-09-19 07:20:06,169 - INFO - Processing /viper/ptmp/arego/Red_T_7K_1/9498.h5
2025-09-19 07:20:06,237 - INFO - Completed /viper/ptmp/arego/Red_T_7K_1_EN_100/12072.h5 in 2.03 seconds
2025-09-19 07:20:06,257 - INFO - File 2741: Filtered 193117 hits and 4 records
2025-09-19 07:20:06,261 - INFO - Processing /viper/ptmp/arego/Red_T_7K_1/9060.h5
2025-09-19 07:20:06,280 - INFO - File 1650: Filtered 223788 hits and 4 records
2025-09-19 07:20:06,342 - INFO - File 13525: Filtered 292416 hits and 4 records
2025-09-19 07:20:06,355 - INFO - Completed /viper/ptmp/arego/Red_T_7K_1_EN_100/22774.h5 in 1.59 seconds
2025-09-19 07:20:06,374 - INFO - Completed /viper/ptmp/arego/Red_T_7K_1_EN_100/20087.h5 in 1.65 seconds
2025-09-19 07:20:06,395 - INFO - Processing /viper/ptmp/arego/Red_T_7K_1/3636.h5
2025-09-19 07:20:06,417 - INFO - File 9498: Filtered 241565 hits and 4 records
2025-09-19 07:20:06,455 - INFO - Processing /viper/ptmp/arego/Red_T_7K_1/11044.h5
2025-09-19 07:20:06,459 - INFO - Processing /viper/ptmp/arego/Red_T_7K_1/21597.h5
2025-09-19 07:20:06,478 - INFO - Completed /viper/ptmp/arego/Red_T_7K_1_EN_100/1256.h5 in 1.09 seconds
2025-09-19 07:20:06,484 - INFO - Completed /viper/ptmp/arego/Red_T_7K_1_EN_100/4656.h5 in 1.49 seconds
2025-09-19 07:20:06,510 - INFO - File 9060: Filtered 142340 hits and 2 records
2025-09-19 07:20:06,593 - INFO - Completed /viper/ptmp/arego/Red_T_7K_1_EN_100/2563.h5 in 1.64 seconds
2025-09-19 07:20:06,599 - INFO - Processing /viper/ptmp/arego/Red_T_7K_1/19753.h5
2025-09-19 07:20:06,627 - INFO - Completed /viper/ptmp/arego/Red_T_7K_1_EN_100/21944.h5 in 1.04 seconds
2025-09-19 07:20:06,628 - INFO - File 3636: Filtered 245775 hits and 4 records
2025-09-19 07:20:06,664 - INFO - File 11044: Filtered 141094 hits and 4 records
2025-09-19 07:20:06,754 - INFO - Processing /viper/ptmp/arego/Red_T_7K_1/18323.h5
2025-09-19 07:20:06,757 - INFO - Processing /viper/ptmp/arego/Red_T_7K_1/1078.h5
2025-09-19 07:20:06,765 - INFO - File 21597: Filtered 244400 hits and 3 records
2025-09-19 07:20:06,769 - INFO - Completed /viper/ptmp/arego/Red_T_7K_1_EN_100/712.h5 in 0.95 seconds
2025-09-19 07:20:06,793 - INFO - Completed /viper/ptmp/arego/Red_T_7K_1_EN_100/9691.h5 in 2.27 seconds
2025-09-19 07:20:06,850 - INFO - Completed /viper/ptmp/arego/Red_T_7K_1_EN_100/18605.h5 in 1.06 seconds
2025-09-19 07:20:06,860 - INFO - File 19753: Filtered 217064 hits and 2 records
2025-09-19 07:20:06,895 - INFO - Completed /viper/ptmp/arego/Red_T_7K_1_EN_100/9287.h5 in 1.70 seconds
2025-09-19 07:20:06,919 - INFO - Processing /viper/ptmp/arego/Red_T_7K_1/9775.h5
2025-09-19 07:20:06,955 - INFO - Processing /viper/ptmp/arego/Red_T_7K_1/11095.h5
2025-09-19 07:20:06,998 - INFO - Completed /viper/ptmp/arego/Red_T_7K_1_EN_100/2168.h5 in 1.63 seconds
2025-09-19 07:20:07,018 - INFO - File 1078: Filtered 251658 hits and 3 records
2025-09-19 07:20:07,032 - INFO - File 18323: Filtered 145433 hits and 3 records
2025-09-19 07:20:07,066 - INFO - Processing /viper/ptmp/arego/Red_T_7K_1/14025.h5
2025-09-19 07:20:07,157 - INFO - File 9775: Filtered 233441 hits and 4 records
2025-09-19 07:20:07,177 - INFO - Processing /viper/ptmp/arego/Red_T_7K_1/19634.h5
2025-09-19 07:20:07,184 - INFO - Processing /viper/ptmp/arego/Red_T_7K_1/563.h5
2025-09-19 07:20:07,191 - INFO - Completed /viper/ptmp/arego/Red_T_7K_1_EN_100/18503.h5 in 2.03 seconds
2025-09-19 07:20:07,201 - INFO - File 11095: Filtered 175636 hits and 3 records
2025-09-19 07:20:07,212 - INFO - Completed /viper/ptmp/arego/Red_T_7K_1_EN_100/9579.h5 in 1.63 seconds
2025-09-19 07:20:07,364 - INFO - File 14025: Filtered 338467 hits and 4 records
2025-09-19 07:20:07,375 - INFO - Processing /viper/ptmp/arego/Red_T_7K_1/3996.h5
2025-09-19 07:20:07,378 - INFO - Processing /viper/ptmp/arego/Red_T_7K_1/15749.h5
2025-09-19 07:20:07,389 - INFO - Processing /viper/ptmp/arego/Red_T_7K_1/6621.h5
2025-09-19 07:20:07,421 - INFO - File 563: Filtered 314878 hits and 4 records
2025-09-19 07:20:07,434 - INFO - File 19634: Filtered 201108 hits and 3 records
2025-09-19 07:20:07,502 - INFO - Completed /viper/ptmp/arego/Red_T_7K_1_EN_100/11044.h5 in 1.05 seconds
2025-09-19 07:20:07,509 - INFO - Completed /viper/ptmp/arego/Red_T_7K_1_EN_100/2741.h5 in 1.51 seconds
2025-09-19 07:20:07,509 - INFO - Completed /viper/ptmp/arego/Red_T_7K_1_EN_100/9060.h5 in 1.25 seconds
2025-09-19 07:20:07,514 - INFO - Completed /viper/ptmp/arego/Red_T_7K_1_EN_100/3290.h5 in 2.16 seconds
2025-09-19 07:20:07,585 - INFO - Processing /viper/ptmp/arego/Red_T_7K_1/12933.h5
2025-09-19 07:20:07,591 - INFO - Processing /viper/ptmp/arego/Red_T_7K_1/20973.h5
2025-09-19 07:20:07,612 - INFO - File 15749: Filtered 400602 hits and 4 records
2025-09-19 07:20:07,626 - INFO - File 3996: Filtered 350263 hits and 7 records
2025-09-19 07:20:07,642 - INFO - Completed /viper/ptmp/arego/Red_T_7K_1_EN_100/13525.h5 in 1.56 seconds
2025-09-19 07:20:07,661 - INFO - File 6621: Filtered 254671 hits and 5 records
2025-09-19 07:20:07,685 - INFO - Processing /viper/ptmp/arego/Red_T_7K_1/3995.h5
2025-09-19 07:20:07,763 - INFO - Processing /viper/ptmp/arego/Red_T_7K_1/13387.h5
2025-09-19 07:20:07,827 - INFO - File 12933: Filtered 140602 hits and 2 records
2025-09-19 07:20:07,877 - INFO - File 20973: Filtered 494647 hits and 4 records
2025-09-19 07:20:07,976 - INFO - File 3995: Filtered 377540 hits and 6 records
2025-09-19 07:20:07,976 - INFO - Processing /viper/ptmp/arego/Red_T_7K_1/21479.h5
2025-09-19 07:20:07,995 - INFO - Processing /viper/ptmp/arego/Red_T_7K_1/22519.h5
2025-09-19 07:20:08,005 - INFO - File 13387: Filtered 368654 hits and 3 records
2025-09-19 07:20:08,133 - INFO - Completed /viper/ptmp/arego/Red_T_7K_1_EN_100/19753.h5 in 1.53 seconds
2025-09-19 07:20:08,134 - INFO - Completed /viper/ptmp/arego/Red_T_7K_1_EN_100/9498.h5 in 1.97 seconds
2025-09-19 07:20:08,158 - INFO - Completed /viper/ptmp/arego/Red_T_7K_1_EN_100/11675.h5 in 2.47 seconds
2025-09-19 07:20:08,170 - INFO - Completed /viper/ptmp/arego/Red_T_7K_1_EN_100/15749.h5 in 0.79 seconds
2025-09-19 07:20:08,203 - INFO - Processing /viper/ptmp/arego/Red_T_7K_1/5617.h5
2025-09-19 07:20:08,213 - INFO - Processing /viper/ptmp/arego/Red_T_7K_1/23291.h5
2025-09-19 07:20:08,250 - INFO - File 21479: Filtered 271235 hits and 4 records
2025-09-19 07:20:08,258 - INFO - File 22519: Filtered 287272 hits and 5 records
2025-09-19 07:20:08,268 - INFO - Completed /viper/ptmp/arego/Red_T_7K_1_EN_100/1650.h5 in 2.27 seconds
2025-09-19 07:20:08,302 - INFO - Processing /viper/ptmp/arego/Red_T_7K_1/10951.h5
2025-09-19 07:20:08,317 - INFO - Completed /viper/ptmp/arego/Red_T_7K_1_EN_100/3636.h5 in 1.92 seconds
2025-09-19 07:20:08,354 - INFO - Completed /viper/ptmp/arego/Red_T_7K_1_EN_100/21597.h5 in 1.89 seconds
2025-09-19 07:20:08,415 - INFO - Processing /viper/ptmp/arego/Red_T_7K_1/15105.h5
2025-09-19 07:20:08,465 - INFO - Completed /viper/ptmp/arego/Red_T_7K_1_EN_100/11095.h5 in 1.51 seconds
2025-09-19 07:20:08,469 - INFO - File 5617: Filtered 91995 hits and 2 records
2025-09-19 07:20:08,472 - INFO - File 23291: Filtered 24962 hits and 1 records
2025-09-19 07:20:08,482 - INFO - Completed /viper/ptmp/arego/Red_T_7K_1_EN_100/1078.h5 in 1.72 seconds
2025-09-19 07:20:08,498 - INFO - Processing /viper/ptmp/arego/Red_T_7K_1/20677.h5
2025-09-19 07:20:08,555 - INFO - Processing /viper/ptmp/arego/Red_T_7K_1/152.h5
2025-09-19 07:20:08,597 - INFO - File 10951: Filtered 437500 hits and 5 records
2025-09-19 07:20:08,625 - INFO - Processing /viper/ptmp/arego/Red_T_7K_1/18866.h5
2025-09-19 07:20:08,637 - INFO - Completed /viper/ptmp/arego/Red_T_7K_1_EN_100/18323.h5 in 1.88 seconds
2025-09-19 07:20:08,654 - INFO - File 15105: Filtered 228332 hits and 4 records
2025-09-19 07:20:08,664 - INFO - Processing /viper/ptmp/arego/Red_T_7K_1/10866.h5
2025-09-19 07:20:08,676 - INFO - Completed /viper/ptmp/arego/Red_T_7K_1_EN_100/12933.h5 in 1.09 seconds
2025-09-19 07:20:08,751 - INFO - File 20677: Filtered 162722 hits and 4 records
2025-09-19 07:20:08,754 - INFO - Completed /viper/ptmp/arego/Red_T_7K_1_EN_100/13387.h5 in 0.99 seconds
2025-09-19 07:20:08,818 - INFO - Processing /viper/ptmp/arego/Red_T_7K_1/19877.h5
2025-09-19 07:20:08,842 - INFO - File 152: Filtered 218482 hits and 4 records
2025-09-19 07:20:08,857 - INFO - Processing /viper/ptmp/arego/Red_T_7K_1/5021.h5
2025-09-19 07:20:08,878 - INFO - Processing /viper/ptmp/arego/Red_T_7K_1/15820.h5
2025-09-19 07:20:08,894 - INFO - File 18866: Filtered 327297 hits and 4 records
2025-09-19 07:20:08,905 - INFO - File 10866: Filtered 231831 hits and 3 records
2025-09-19 07:20:08,996 - INFO - Completed /viper/ptmp/arego/Red_T_7K_1_EN_100/20973.h5 in 1.41 seconds
2025-09-19 07:20:09,054 - INFO - File 19877: Filtered 292963 hits and 5 records
2025-09-19 07:20:09,082 - INFO - Processing /viper/ptmp/arego/Red_T_7K_1/3135.h5
2025-09-19 07:20:09,099 - INFO - Processing /viper/ptmp/arego/Red_T_7K_1/15883.h5
2025-09-19 07:20:09,123 - INFO - File 15820: Filtered 135366 hits and 3 records
2025-09-19 07:20:09,140 - INFO - File 5021: Filtered 128362 hits and 3 records
2025-09-19 07:20:09,162 - INFO - Processing /viper/ptmp/arego/Red_T_7K_1/21396.h5
2025-09-19 07:20:09,173 - INFO - Completed /viper/ptmp/arego/Red_T_7K_1_EN_100/563.h5 in 1.99 seconds
2025-09-19 07:20:09,236 - INFO - Completed /viper/ptmp/arego/Red_T_7K_1_EN_100/22519.h5 in 1.24 seconds
2025-09-19 07:20:09,322 - INFO - File 3135: Filtered 319767 hits and 6 records
2025-09-19 07:20:09,339 - INFO - Processing /viper/ptmp/arego/Red_T_7K_1/14143.h5
2025-09-19 07:20:09,378 - INFO - Completed /viper/ptmp/arego/Red_T_7K_1_EN_100/19634.h5 in 2.20 seconds
2025-09-19 07:20:09,444 - INFO - Processing /viper/ptmp/arego/Red_T_7K_1/10108.h5
2025-09-19 07:20:09,447 - INFO - File 15883: Filtered 336260 hits and 4 records
2025-09-19 07:20:09,462 - INFO - File 21396: Filtered 395329 hits and 6 records
2025-09-19 07:20:09,493 - INFO - Processing /viper/ptmp/arego/Red_T_7K_1/1170.h5
2025-09-19 07:20:09,497 - INFO - Completed /viper/ptmp/arego/Red_T_7K_1_EN_100/9775.h5 in 2.58 seconds
2025-09-19 07:20:09,499 - INFO - Completed /viper/ptmp/arego/Red_T_7K_1_EN_100/14025.h5 in 2.43 seconds
2025-09-19 07:20:09,505 - INFO - Completed /viper/ptmp/arego/Red_T_7K_1_EN_100/6621.h5 in 2.12 seconds
2025-09-19 07:20:09,532 - INFO - Processing /viper/ptmp/arego/Red_T_7K_1/6825.h5
2025-09-19 07:20:09,592 - INFO - File 14143: Filtered 259325 hits and 6 records
2025-09-19 07:20:09,635 - INFO - Completed /viper/ptmp/arego/Red_T_7K_1_EN_100/3996.h5 in 2.26 seconds
2025-09-19 07:20:09,678 - INFO - Completed /viper/ptmp/arego/Red_T_7K_1_EN_100/21479.h5 in 1.70 seconds
2025-09-19 07:20:09,716 - INFO - Processing /viper/ptmp/arego/Red_T_7K_1/2635.h5
2025-09-19 07:20:09,756 - INFO - File 10108: Filtered 168869 hits and 3 records
2025-09-19 07:20:09,759 - INFO - File 6825: Filtered 168508 hits and 5 records
2025-09-19 07:20:09,786 - INFO - File 1170: Filtered 305797 hits and 5 records
2025-09-19 07:20:09,787 - INFO - Processing /viper/ptmp/arego/Red_T_7K_1/21190.h5
2025-09-19 07:20:09,808 - INFO - Processing /viper/ptmp/arego/Red_T_7K_1/11197.h5
2025-09-19 07:20:09,867 - INFO - Processing /viper/ptmp/arego/Red_T_7K_1/9497.h5
2025-09-19 07:20:09,983 - INFO - File 2635: Filtered 179227 hits and 4 records
2025-09-19 07:20:10,023 - INFO - File 21190: Filtered 318182 hits and 7 records
2025-09-19 07:20:10,092 - INFO - Completed /viper/ptmp/arego/Red_T_7K_1_EN_100/3995.h5 in 2.41 seconds
2025-09-19 07:20:10,106 - INFO - File 11197: Filtered 255516 hits and 4 records
2025-09-19 07:20:10,117 - INFO - Completed /viper/ptmp/arego/Red_T_7K_1_EN_100/20677.h5 in 1.62 seconds
2025-09-19 07:20:10,124 - INFO - File 9497: Filtered 391921 hits and 5 records
2025-09-19 07:20:10,133 - INFO - Processing /viper/ptmp/arego/Red_T_7K_1/21927.h5
2025-09-19 07:20:10,187 - INFO - Completed /viper/ptmp/arego/Red_T_7K_1_EN_100/10866.h5 in 1.52 seconds
2025-09-19 07:20:10,189 - INFO - Processing /viper/ptmp/arego/Red_T_7K_1/16795.h5
2025-09-19 07:20:10,196 - INFO - Completed /viper/ptmp/arego/Red_T_7K_1_EN_100/10951.h5 in 1.89 seconds
2025-09-19 07:20:10,443 - INFO - File 21927: Filtered 300781 hits and 3 records
2025-09-19 07:20:10,445 - INFO - Completed /viper/ptmp/arego/Red_T_7K_1_EN_100/5617.h5 in 2.24 seconds
2025-09-19 07:20:10,451 - INFO - Processing /viper/ptmp/arego/Red_T_7K_1/17157.h5
2025-09-19 07:20:10,454 - INFO - File 16795: Filtered 94562 hits and 4 records
2025-09-19 07:20:10,465 - INFO - Processing /viper/ptmp/arego/Red_T_7K_1/22001.h5
2025-09-19 07:20:10,569 - INFO - Completed /viper/ptmp/arego/Red_T_7K_1_EN_100/15105.h5 in 2.15 seconds
2025-09-19 07:20:10,572 - INFO - Completed /viper/ptmp/arego/Red_T_7K_1_EN_100/18866.h5 in 1.95 seconds
2025-09-19 07:20:10,642 - INFO - Processing /viper/ptmp/arego/Red_T_7K_1/9187.h5
2025-09-19 07:20:10,663 - INFO - Processing /viper/ptmp/arego/Red_T_7K_1/3205.h5
2025-09-19 07:20:10,734 - INFO - File 22001: Filtered 165579 hits and 3 records
2025-09-19 07:20:10,752 - INFO - File 17157: Filtered 262555 hits and 4 records
2025-09-19 07:20:10,759 - INFO - Completed /viper/ptmp/arego/Red_T_7K_1_EN_100/23291.h5 in 2.55 seconds
2025-09-19 07:20:10,766 - INFO - Processing /viper/ptmp/arego/Red_T_7K_1/21580.h5
2025-09-19 07:20:10,800 - INFO - Completed /viper/ptmp/arego/Red_T_7K_1_EN_100/19877.h5 in 1.98 seconds
2025-09-19 07:20:10,821 - INFO - Processing /viper/ptmp/arego/Red_T_7K_1/13896.h5
2025-09-19 07:20:10,828 - INFO - Completed /viper/ptmp/arego/Red_T_7K_1_EN_100/14143.h5 in 1.49 seconds
2025-09-19 07:20:10,872 - INFO - File 9187: Filtered 158702 hits and 2 records
2025-09-19 07:20:10,875 - INFO - Completed /viper/ptmp/arego/Red_T_7K_1_EN_100/15883.h5 in 1.78 seconds
2025-09-19 07:20:10,912 - INFO - Completed /viper/ptmp/arego/Red_T_7K_1_EN_100/9497.h5 in 1.04 seconds
2025-09-19 07:20:10,926 - INFO - File 3205: Filtered 242749 hits and 4 records
2025-09-19 07:20:10,947 - INFO - Processing /viper/ptmp/arego/Red_T_7K_1/547.h5
2025-09-19 07:20:11,019 - INFO - Processing /viper/ptmp/arego/Red_T_7K_1/11203.h5
2025-09-19 07:20:11,058 - INFO - Completed /viper/ptmp/arego/Red_T_7K_1_EN_100/21396.h5 in 1.90 seconds
2025-09-19 07:20:11,064 - INFO - Completed /viper/ptmp/arego/Red_T_7K_1_EN_100/152.h5 in 2.51 seconds
2025-09-19 07:20:11,090 - INFO - File 13896: Filtered 245319 hits and 2 records
2025-09-19 07:20:11,096 - INFO - File 21580: Filtered 498591 hits and 3 records
2025-09-19 07:20:11,149 - INFO - Completed /viper/ptmp/arego/Red_T_7K_1_EN_100/3135.h5 in 2.07 seconds
2025-09-19 07:20:11,165 - INFO - Processing /viper/ptmp/arego/Red_T_7K_1/3164.h5
2025-09-19 07:20:11,202 - INFO - Processing /viper/ptmp/arego/Red_T_7K_1/961.h5
2025-09-19 07:20:11,213 - INFO - File 547: Filtered 93097 hits and 1 records
2025-09-19 07:20:11,236 - INFO - Processing /viper/ptmp/arego/Red_T_7K_1/7630.h5
2025-09-19 07:20:11,267 - INFO - Completed /viper/ptmp/arego/Red_T_7K_1_EN_100/15820.h5 in 2.39 seconds
2025-09-19 07:20:11,276 - INFO - File 11203: Filtered 369591 hits and 6 records
2025-09-19 07:20:11,409 - INFO - Processing /viper/ptmp/arego/Red_T_7K_1/7675.h5
2025-09-19 07:20:11,444 - INFO - File 961: Filtered 500447 hits and 6 records
2025-09-19 07:20:11,456 - INFO - Processing /viper/ptmp/arego/Red_T_7K_1/17417.h5
2025-09-19 07:20:11,479 - INFO - Processing /viper/ptmp/arego/Red_T_7K_1/14754.h5
2025-09-19 07:20:11,479 - INFO - File 3164: Filtered 319894 hits and 4 records
2025-09-19 07:20:11,522 - INFO - File 7630: Filtered 302421 hits and 4 records
2025-09-19 07:20:11,599 - INFO - Processing /viper/ptmp/arego/Red_T_7K_1/19096.h5
2025-09-19 07:20:11,685 - INFO - File 7675: Filtered 163825 hits and 3 records
2025-09-19 07:20:11,749 - INFO - File 17417: Filtered 271030 hits and 5 records
2025-09-19 07:20:11,765 - INFO - Completed /viper/ptmp/arego/Red_T_7K_1_EN_100/21190.h5 in 1.98 seconds
2025-09-19 07:20:11,770 - INFO - Completed /viper/ptmp/arego/Red_T_7K_1_EN_100/6825.h5 in 2.24 seconds
2025-09-19 07:20:11,792 - INFO - File 14754: Filtered 192638 hits and 3 records
2025-09-19 07:20:11,795 - INFO - Completed /viper/ptmp/arego/Red_T_7K_1_EN_100/11197.h5 in 1.99 seconds
2025-09-19 07:20:11,843 - INFO - Processing /viper/ptmp/arego/Red_T_7K_1/3808.h5
2025-09-19 07:20:11,872 - INFO - File 19096: Filtered 193169 hits and 4 records
2025-09-19 07:20:11,904 - INFO - Processing /viper/ptmp/arego/Red_T_7K_1/6088.h5
2025-09-19 07:20:11,950 - INFO - Completed /viper/ptmp/arego/Red_T_7K_1_EN_100/5021.h5 in 3.09 seconds
2025-09-19 07:20:12,065 - INFO - Processing /viper/ptmp/arego/Red_T_7K_1/2289.h5
2025-09-19 07:20:12,115 - INFO - File 3808: Filtered 458680 hits and 6 records
2025-09-19 07:20:12,131 - INFO - Completed /viper/ptmp/arego/Red_T_7K_1_EN_100/21927.h5 in 2.00 seconds
2025-09-19 07:20:12,154 - INFO - Completed /viper/ptmp/arego/Red_T_7K_1_EN_100/21580.h5 in 1.39 seconds
2025-09-19 07:20:12,205 - INFO - Processing /viper/ptmp/arego/Red_T_7K_1/2645.h5
2025-09-19 07:20:12,214 - INFO - File 6088: Filtered 289852 hits and 4 records
2025-09-19 07:20:12,287 - INFO - Completed /viper/ptmp/arego/Red_T_7K_1_EN_100/3205.h5 in 1.62 seconds
2025-09-19 07:20:12,361 - INFO - Processing /viper/ptmp/arego/Red_T_7K_1/16751.h5
2025-09-19 07:20:12,389 - INFO - File 2289: Filtered 157394 hits and 3 records
2025-09-19 07:20:12,394 - INFO - Completed /viper/ptmp/arego/Red_T_7K_1_EN_100/16795.h5 in 2.21 seconds
2025-09-19 07:20:12,426 - INFO - Processing /viper/ptmp/arego/Red_T_7K_1/16481.h5
2025-09-19 07:20:12,486 - INFO - Completed /viper/ptmp/arego/Red_T_7K_1_EN_100/1170.h5 in 2.99 seconds
2025-09-19 07:20:12,508 - INFO - File 2645: Filtered 66773 hits and 2 records
2025-09-19 07:20:12,555 - INFO - Completed /viper/ptmp/arego/Red_T_7K_1_EN_100/2635.h5 in 2.84 seconds
2025-09-19 07:20:12,558 - INFO - Completed /viper/ptmp/arego/Red_T_7K_1_EN_100/10108.h5 in 3.11 seconds
2025-09-19 07:20:12,631 - INFO - Completed /viper/ptmp/arego/Red_T_7K_1_EN_100/11203.h5 in 1.61 seconds
2025-09-19 07:20:12,650 - INFO - Processing /viper/ptmp/arego/Red_T_7K_1/10185.h5
2025-09-19 07:20:12,650 - INFO - Processing /viper/ptmp/arego/Red_T_7K_1/15063.h5
2025-09-19 07:20:12,655 - INFO - Completed /viper/ptmp/arego/Red_T_7K_1_EN_100/17157.h5 in 2.20 seconds
2025-09-19 07:20:12,659 - INFO - File 16751: Filtered 384210 hits and 4 records
2025-09-19 07:20:12,708 - INFO - Processing /viper/ptmp/arego/Red_T_7K_1/10612.h5
2025-09-19 07:20:12,709 - INFO - Completed /viper/ptmp/arego/Red_T_7K_1_EN_100/961.h5 in 1.51 seconds
2025-09-19 07:20:12,728 - INFO - Completed /viper/ptmp/arego/Red_T_7K_1_EN_100/22001.h5 in 2.26 seconds
2025-09-19 07:20:12,740 - INFO - File 16481: Filtered 393564 hits and 5 records
2025-09-19 07:20:12,820 - INFO - Processing /viper/ptmp/arego/Red_T_7K_1/13772.h5
2025-09-19 07:20:12,946 - INFO - File 10185: Filtered 200646 hits and 3 records
2025-09-19 07:20:12,988 - INFO - Processing /viper/ptmp/arego/Red_T_7K_1/9049.h5
2025-09-19 07:20:13,002 - INFO - File 10612: Filtered 242426 hits and 5 records
2025-09-19 07:20:13,026 - INFO - File 15063: Filtered 203723 hits and 4 records
2025-09-19 07:20:13,042 - INFO - Processing /viper/ptmp/arego/Red_T_7K_1/18338.h5
2025-09-19 07:20:13,044 - INFO - Completed /viper/ptmp/arego/Red_T_7K_1_EN_100/9187.h5 in 2.40 seconds
2025-09-19 07:20:13,103 - INFO - File 13772: Filtered 300498 hits and 5 records
2025-09-19 07:20:13,266 - INFO - Processing /viper/ptmp/arego/Red_T_7K_1/12424.h5
2025-09-19 07:20:13,280 - INFO - File 9049: Filtered 218531 hits and 3 records
2025-09-19 07:20:13,293 - INFO - Completed /viper/ptmp/arego/Red_T_7K_1_EN_100/13896.h5 in 2.47 seconds
2025-09-19 07:20:13,356 - INFO - Processing /viper/ptmp/arego/Red_T_7K_1/12417.h5
2025-09-19 07:20:13,364 - INFO - File 18338: Filtered 123504 hits and 3 records
2025-09-19 07:20:13,413 - INFO - Completed /viper/ptmp/arego/Red_T_7K_1_EN_100/3808.h5 in 1.57 seconds
2025-09-19 07:20:13,432 - INFO - Completed /viper/ptmp/arego/Red_T_7K_1_EN_100/547.h5 in 2.49 seconds
2025-09-19 07:20:13,462 - INFO - Processing /viper/ptmp/arego/Red_T_7K_1/22952.h5
2025-09-19 07:20:13,489 - INFO - Processing /viper/ptmp/arego/Red_T_7K_1/13200.h5
2025-09-19 07:20:13,536 - INFO - Completed /viper/ptmp/arego/Red_T_7K_1_EN_100/7630.h5 in 2.30 seconds
2025-09-19 07:20:13,607 - INFO - File 12424: Filtered 269423 hits and 2 records
2025-09-19 07:20:13,656 - INFO - Processing /viper/ptmp/arego/Red_T_7K_1/18426.h5
2025-09-19 07:20:13,695 - INFO - File 12417: Filtered 66523 hits and 1 records
2025-09-19 07:20:13,696 - INFO - File 22952: Filtered 260070 hits and 5 records
2025-09-19 07:20:13,718 - INFO - Processing /viper/ptmp/arego/Red_T_7K_1/22090.h5
2025-09-19 07:20:13,733 - INFO - Completed /viper/ptmp/arego/Red_T_7K_1_EN_100/19096.h5 in 2.13 seconds
2025-09-19 07:20:13,771 - INFO - File 13200: Filtered 273532 hits and 5 records
2025-09-19 07:20:13,864 - INFO - Processing /viper/ptmp/arego/Red_T_7K_1/14676.h5
2025-09-19 07:20:13,869 - INFO - Completed /viper/ptmp/arego/Red_T_7K_1_EN_100/2289.h5 in 1.80 seconds
2025-09-19 07:20:13,937 - INFO - File 18426: Filtered 196304 hits and 4 records
2025-09-19 07:20:13,940 - INFO - Processing /viper/ptmp/arego/Red_T_7K_1/16014.h5
2025-09-19 07:20:14,000 - INFO - File 22090: Filtered 405945 hits and 5 records
2025-09-19 07:20:14,027 - INFO - Completed /viper/ptmp/arego/Red_T_7K_1_EN_100/6088.h5 in 2.12 seconds
2025-09-19 07:20:14,055 - INFO - Processing /viper/ptmp/arego/Red_T_7K_1/22239.h5
2025-09-19 07:20:14,069 - INFO - Completed /viper/ptmp/arego/Red_T_7K_1_EN_100/17417.h5 in 2.61 seconds
2025-09-19 07:20:14,122 - INFO - Processing /viper/ptmp/arego/Red_T_7K_1/20067.h5
2025-09-19 07:20:14,135 - INFO - Processing /viper/ptmp/arego/Red_T_7K_1/9431.h5
2025-09-19 07:20:14,141 - INFO - File 14676: Filtered 460146 hits and 2 records
2025-09-19 07:20:14,211 - INFO - File 16014: Filtered 234817 hits and 4 records
2025-09-19 07:20:14,222 - INFO - Completed /viper/ptmp/arego/Red_T_7K_1_EN_100/3164.h5 in 3.06 seconds
2025-09-19 07:20:14,296 - INFO - Completed /viper/ptmp/arego/Red_T_7K_1_EN_100/14754.h5 in 2.82 seconds
2025-09-19 07:20:14,312 - INFO - File 22239: Filtered 183515 hits and 4 records
2025-09-19 07:20:14,320 - INFO - Completed /viper/ptmp/arego/Red_T_7K_1_EN_100/10185.h5 in 1.67 seconds
2025-09-19 07:20:14,354 - INFO - Processing /viper/ptmp/arego/Red_T_7K_1/16849.h5
2025-09-19 07:20:14,375 - INFO - Completed /viper/ptmp/arego/Red_T_7K_1_EN_100/16751.h5 in 2.01 seconds
2025-09-19 07:20:14,414 - INFO - Processing /viper/ptmp/arego/Red_T_7K_1/10543.h5
2025-09-19 07:20:14,430 - INFO - File 20067: Filtered 249205 hits and 2 records
2025-09-19 07:20:14,464 - INFO - File 9431: Filtered 333684 hits and 3 records
2025-09-19 07:20:14,576 - INFO - Processing /viper/ptmp/arego/Red_T_7K_1/16636.h5
2025-09-19 07:20:14,648 - INFO - File 16849: Filtered 606597 hits and 2 records
2025-09-19 07:20:14,732 - INFO - File 10543: Filtered 548866 hits and 5 records
2025-09-19 07:20:14,753 - INFO - Processing /viper/ptmp/arego/Red_T_7K_1/11436.h5
2025-09-19 07:20:14,783 - INFO - Completed /viper/ptmp/arego/Red_T_7K_1_EN_100/10612.h5 in 2.07 seconds
2025-09-19 07:20:14,785 - INFO - Processing /viper/ptmp/arego/Red_T_7K_1/7533.h5
2025-09-19 07:20:14,870 - INFO - Completed /viper/ptmp/arego/Red_T_7K_1_EN_100/13772.h5 in 2.05 seconds
2025-09-19 07:20:14,881 - INFO - Completed /viper/ptmp/arego/Red_T_7K_1_EN_100/16481.h5 in 2.45 seconds
2025-09-19 07:20:14,884 - INFO - File 16636: Filtered 294587 hits and 4 records
2025-09-19 07:20:14,925 - INFO - Completed /viper/ptmp/arego/Red_T_7K_1_EN_100/7675.h5 in 3.52 seconds
2025-09-19 07:20:14,974 - INFO - Processing /viper/ptmp/arego/Red_T_7K_1/16891.h5
2025-09-19 07:20:15,002 - INFO - Processing /viper/ptmp/arego/Red_T_7K_1/17463.h5
2025-09-19 07:20:15,073 - INFO - File 7533: Filtered 458473 hits and 4 records
2025-09-19 07:20:15,084 - INFO - Processing /viper/ptmp/arego/Red_T_7K_1/18041.h5
2025-09-19 07:20:15,118 - INFO - File 11436: Filtered 75028 hits and 2 records
2025-09-19 07:20:15,230 - INFO - Completed /viper/ptmp/arego/Red_T_7K_1_EN_100/9049.h5 in 2.24 seconds
2025-09-19 07:20:15,272 - INFO - File 16891: Filtered 401358 hits and 3 records
2025-09-19 07:20:15,303 - INFO - File 17463: Filtered 216610 hits and 3 records
2025-09-19 07:20:15,314 - INFO - Processing /viper/ptmp/arego/Red_T_7K_1/23072.h5
2025-09-19 07:20:15,384 - INFO - Completed /viper/ptmp/arego/Red_T_7K_1_EN_100/22952.h5 in 1.92 seconds
2025-09-19 07:20:15,413 - INFO - File 18041: Filtered 313099 hits and 4 records
2025-09-19 07:20:15,439 - INFO - Completed /viper/ptmp/arego/Red_T_7K_1_EN_100/16849.h5 in 1.08 seconds
2025-09-19 07:20:15,447 - INFO - Processing /viper/ptmp/arego/Red_T_7K_1/2049.h5
2025-09-19 07:20:15,504 - INFO - Processing /viper/ptmp/arego/Red_T_7K_1/10767.h5
2025-09-19 07:20:15,511 - INFO - Processing /viper/ptmp/arego/Red_T_7K_1/16776.h5
2025-09-19 07:20:15,581 - INFO - File 23072: Filtered 423393 hits and 5 records
2025-09-19 07:20:15,692 - INFO - Completed /viper/ptmp/arego/Red_T_7K_1_EN_100/13200.h5 in 2.20 seconds
2025-09-19 07:20:15,703 - INFO - Completed /viper/ptmp/arego/Red_T_7K_1_EN_100/15063.h5 in 3.05 seconds
2025-09-19 07:20:15,725 - INFO - Completed /viper/ptmp/arego/Red_T_7K_1_EN_100/7533.h5 in 0.94 seconds
2025-09-19 07:20:15,790 - INFO - File 10767: Filtered 176965 hits and 2 records
2025-09-19 07:20:15,806 - INFO - File 16776: Filtered 449075 hits and 6 records
2025-09-19 07:20:15,807 - INFO - Completed /viper/ptmp/arego/Red_T_7K_1_EN_100/12424.h5 in 2.54 seconds
2025-09-19 07:20:15,812 - INFO - Completed /viper/ptmp/arego/Red_T_7K_1_EN_100/14676.h5 in 1.95 seconds
2025-09-19 07:20:15,821 - INFO - Processing /viper/ptmp/arego/Red_T_7K_1/13041.h5
2025-09-19 07:20:15,838 - INFO - File 2049: Filtered 474781 hits and 3 records
2025-09-19 07:20:15,842 - INFO - Processing /viper/ptmp/arego/Red_T_7K_1/6496.h5
2025-09-19 07:20:15,898 - INFO - Completed /viper/ptmp/arego/Red_T_7K_1_EN_100/10543.h5 in 1.48 seconds
2025-09-19 07:20:15,927 - INFO - Completed /viper/ptmp/arego/Red_T_7K_1_EN_100/22090.h5 in 2.21 seconds
2025-09-19 07:20:16,001 - INFO - Processing /viper/ptmp/arego/Red_T_7K_1/10595.h5
2025-09-19 07:20:16,015 - INFO - Processing /viper/ptmp/arego/Red_T_7K_1/11826.h5
2025-09-19 07:20:16,036 - INFO - Processing /viper/ptmp/arego/Red_T_7K_1/72.h5
2025-09-19 07:20:16,117 - INFO - File 13041: Filtered 292544 hits and 4 records
2025-09-19 07:20:16,130 - INFO - File 6496: Filtered 449543 hits and 5 records
2025-09-19 07:20:16,148 - INFO - Completed /viper/ptmp/arego/Red_T_7K_1_EN_100/22239.h5 in 2.09 seconds
2025-09-19 07:20:16,209 - INFO - Processing /viper/ptmp/arego/Red_T_7K_1/9472.h5
2025-09-19 07:20:16,294 - INFO - Completed /viper/ptmp/arego/Red_T_7K_1_EN_100/18338.h5 in 3.25 seconds
2025-09-19 07:20:16,317 - INFO - File 11826: Filtered 212822 hits and 3 records
2025-09-19 07:20:16,342 - INFO - Processing /viper/ptmp/arego/Red_T_7K_1/982.h5
2025-09-19 07:20:16,356 - INFO - File 72: Filtered 451567 hits and 4 records
2025-09-19 07:20:16,399 - INFO - File 10595: Filtered 26724 hits and 1 records
2025-09-19 07:20:16,400 - INFO - Completed /viper/ptmp/arego/Red_T_7K_1_EN_100/12417.h5 in 3.04 seconds
2025-09-19 07:20:16,414 - INFO - Processing /viper/ptmp/arego/Red_T_7K_1/14138.h5
2025-09-19 07:20:16,414 - INFO - Completed /viper/ptmp/arego/Red_T_7K_1_EN_100/16636.h5 in 1.84 seconds
2025-09-19 07:20:16,500 - INFO - Processing /viper/ptmp/arego/Red_T_7K_1/16392.h5
2025-09-19 07:20:16,510 - INFO - Processing /viper/ptmp/arego/Red_T_7K_1/19662.h5
2025-09-19 07:20:16,523 - INFO - Completed /viper/ptmp/arego/Red_T_7K_1_EN_100/16014.h5 in 2.58 seconds
2025-09-19 07:20:16,554 - INFO - File 9472: Filtered 184047 hits and 2 records
2025-09-19 07:20:16,596 - INFO - Completed /viper/ptmp/arego/Red_T_7K_1_EN_100/9431.h5 in 2.46 seconds
2025-09-19 07:20:16,659 - INFO - File 982: Filtered 392085 hits and 3 records
2025-09-19 07:20:16,688 - INFO - Completed /viper/ptmp/arego/Red_T_7K_1_EN_100/17463.h5 in 1.69 seconds
2025-09-19 07:20:16,704 - INFO - Processing /viper/ptmp/arego/Red_T_7K_1/8563.h5
2025-09-19 07:20:16,743 - INFO - Completed /viper/ptmp/arego/Red_T_7K_1_EN_100/2645.h5 in 4.54 seconds
2025-09-19 07:20:16,749 - INFO - Processing /viper/ptmp/arego/Red_T_7K_1/11112.h5
2025-09-19 07:20:16,761 - INFO - File 14138: Filtered 273718 hits and 4 records
2025-09-19 07:20:16,768 - INFO - Processing /viper/ptmp/arego/Red_T_7K_1/20263.h5
2025-09-19 07:20:16,799 - INFO - File 19662: Filtered 457733 hits and 5 records
2025-09-19 07:20:16,806 - INFO - File 16392: Filtered 379049 hits and 5 records
2025-09-19 07:20:16,836 - INFO - Completed /viper/ptmp/arego/Red_T_7K_1_EN_100/23072.h5 in 1.52 seconds
2025-09-19 07:20:16,874 - INFO - Completed /viper/ptmp/arego/Red_T_7K_1_EN_100/20067.h5 in 2.75 seconds
2025-09-19 07:20:16,940 - INFO - Processing /viper/ptmp/arego/Red_T_7K_1/902.h5
2025-09-19 07:20:16,984 - INFO - Processing /viper/ptmp/arego/Red_T_7K_1/11740.h5
2025-09-19 07:20:17,005 - INFO - File 11112: Filtered 419978 hits and 5 records
2025-09-19 07:20:17,030 - INFO - Processing /viper/ptmp/arego/Red_T_7K_1/10232.h5
2025-09-19 07:20:17,053 - INFO - File 20263: Filtered 63383 hits and 1 records
2025-09-19 07:20:17,071 - INFO - File 8563: Filtered 394049 hits and 4 records
2025-09-19 07:20:17,096 - INFO - Completed /viper/ptmp/arego/Red_T_7K_1_EN_100/18426.h5 in 3.44 seconds
2025-09-19 07:20:17,200 - INFO - Processing /viper/ptmp/arego/Red_T_7K_1/13160.h5
2025-09-19 07:20:17,251 - INFO - File 11740: Filtered 203765 hits and 3 records
2025-09-19 07:20:17,285 - INFO - File 902: Filtered 132813 hits and 3 records
2025-09-19 07:20:17,316 - INFO - File 10232: Filtered 361438 hits and 6 records
2025-09-19 07:20:17,349 - INFO - Processing /viper/ptmp/arego/Red_T_7K_1/17162.h5
2025-09-19 07:20:17,478 - INFO - File 13160: Filtered 567664 hits and 6 records
2025-09-19 07:20:17,576 - INFO - Completed /viper/ptmp/arego/Red_T_7K_1_EN_100/16891.h5 in 2.60 seconds
2025-09-19 07:20:17,620 - INFO - Processing /viper/ptmp/arego/Red_T_7K_1/8832.h5
2025-09-19 07:20:17,716 - INFO - Completed /viper/ptmp/arego/Red_T_7K_1_EN_100/2049.h5 in 2.27 seconds
2025-09-19 07:20:17,734 - INFO - File 17162: Filtered 371251 hits and 5 records
2025-09-19 07:20:17,819 - INFO - Processing /viper/ptmp/arego/Red_T_7K_1/10388.h5
2025-09-19 07:20:17,844 - INFO - File 8832: Filtered 263738 hits and 6 records
2025-09-19 07:20:17,970 - INFO - Completed /viper/ptmp/arego/Red_T_7K_1_EN_100/6496.h5 in 2.13 seconds
2025-09-19 07:20:18,007 - INFO - Completed /viper/ptmp/arego/Red_T_7K_1_EN_100/16776.h5 in 2.50 seconds
2025-09-19 07:20:18,039 - INFO - Processing /viper/ptmp/arego/Red_T_7K_1/1608.h5
2025-09-19 07:20:18,075 - INFO - Processing /viper/ptmp/arego/Red_T_7K_1/20114.h5
2025-09-19 07:20:18,102 - INFO - File 10388: Filtered 341857 hits and 5 records
2025-09-19 07:20:18,321 - INFO - Completed /viper/ptmp/arego/Red_T_7K_1_EN_100/18041.h5 in 3.24 seconds
2025-09-19 07:20:18,345 - INFO - File 1608: Filtered 277738 hits and 4 records
2025-09-19 07:20:18,393 - INFO - File 20114: Filtered 418830 hits and 3 records
2025-09-19 07:20:18,429 - INFO - Processing /viper/ptmp/arego/Red_T_7K_1/2060.h5
2025-09-19 07:20:18,442 - INFO - Completed /viper/ptmp/arego/Red_T_7K_1_EN_100/13041.h5 in 2.62 seconds
2025-09-19 07:20:18,517 - INFO - Processing /viper/ptmp/arego/Red_T_7K_1/12712.h5
2025-09-19 07:20:18,620 - INFO - Completed /viper/ptmp/arego/Red_T_7K_1_EN_100/11112.h5 in 1.87 seconds
2025-09-19 07:20:18,743 - INFO - Processing /viper/ptmp/arego/Red_T_7K_1/9130.h5
2025-09-19 07:20:18,752 - INFO - File 2060: Filtered 149146 hits and 4 records
2025-09-19 07:20:18,840 - INFO - Completed /viper/ptmp/arego/Red_T_7K_1_EN_100/16392.h5 in 2.34 seconds
2025-09-19 07:20:18,884 - INFO - Processing /viper/ptmp/arego/Red_T_7K_1/9749.h5
2025-09-19 07:20:18,885 - INFO - Completed /viper/ptmp/arego/Red_T_7K_1_EN_100/72.h5 in 2.85 seconds
2025-09-19 07:20:18,914 - INFO - Completed /viper/ptmp/arego/Red_T_7K_1_EN_100/9472.h5 in 2.71 seconds
2025-09-19 07:20:18,920 - INFO - File 12712: Filtered 593499 hits and 8 records
2025-09-19 07:20:19,075 - INFO - Completed /viper/ptmp/arego/Red_T_7K_1_EN_100/10767.h5 in 3.57 seconds
2025-09-19 07:20:19,079 - INFO - File 9130: Filtered 349356 hits and 4 records
2025-09-19 07:20:19,133 - INFO - Processing /viper/ptmp/arego/Red_T_7K_1/19792.h5
2025-09-19 07:20:19,136 - INFO - Completed /viper/ptmp/arego/Red_T_7K_1_EN_100/8832.h5 in 1.52 seconds
2025-09-19 07:20:19,160 - INFO - File 9749: Filtered 239367 hits and 3 records
2025-09-19 07:20:19,165 - INFO - Processing /viper/ptmp/arego/Red_T_7K_1/19674.h5
2025-09-19 07:20:19,254 - INFO - Completed /viper/ptmp/arego/Red_T_7K_1_EN_100/982.h5 in 2.91 seconds
2025-09-19 07:20:19,299 - INFO - Completed /viper/ptmp/arego/Red_T_7K_1_EN_100/13160.h5 in 2.10 seconds
2025-09-19 07:20:19,302 - INFO - Processing /viper/ptmp/arego/Red_T_7K_1/6703.h5
2025-09-19 07:20:19,363 - INFO - Processing /viper/ptmp/arego/Red_T_7K_1/18194.h5
2025-09-19 07:20:19,370 - INFO - Completed /viper/ptmp/arego/Red_T_7K_1_EN_100/19662.h5 in 2.86 seconds
2025-09-19 07:20:19,437 - INFO - File 19674: Filtered 422261 hits and 6 records
2025-09-19 07:20:19,492 - INFO - File 19792: Filtered 96049 hits and 2 records
2025-09-19 07:20:19,509 - INFO - Processing /viper/ptmp/arego/Red_T_7K_1/10570.h5
2025-09-19 07:20:19,561 - INFO - Processing /viper/ptmp/arego/Red_T_7K_1/17402.h5
2025-09-19 07:20:19,600 - INFO - File 6703: Filtered 634975 hits and 8 records
2025-09-19 07:20:19,603 - INFO - Completed /viper/ptmp/arego/Red_T_7K_1_EN_100/8563.h5 in 2.90 seconds
2025-09-19 07:20:19,679 - INFO - File 18194: Filtered 704050 hits and 6 records
2025-09-19 07:20:19,692 - INFO - Completed /viper/ptmp/arego/Red_T_7K_1_EN_100/11436.h5 in 4.94 seconds
2025-09-19 07:20:19,707 - INFO - Completed /viper/ptmp/arego/Red_T_7K_1_EN_100/11826.h5 in 3.69 seconds
2025-09-19 07:20:19,721 - INFO - Processing /viper/ptmp/arego/Red_T_7K_1/11226.h5
2025-09-19 07:20:19,732 - INFO - Processing /viper/ptmp/arego/Red_T_7K_1/23150.h5
2025-09-19 07:20:19,732 - INFO - Completed /viper/ptmp/arego/Red_T_7K_1_EN_100/11740.h5 in 2.75 seconds
2025-09-19 07:20:19,758 - INFO - Completed /viper/ptmp/arego/Red_T_7K_1_EN_100/14138.h5 in 3.34 seconds
2025-09-19 07:20:19,797 - INFO - File 10570: Filtered 469304 hits and 5 records
2025-09-19 07:20:19,813 - INFO - Processing /viper/ptmp/arego/Red_T_7K_1/18490.h5
2025-09-19 07:20:19,890 - INFO - Completed /viper/ptmp/arego/Red_T_7K_1_EN_100/10232.h5 in 2.86 seconds
2025-09-19 07:20:19,908 - INFO - File 17402: Filtered 208222 hits and 4 records
2025-09-19 07:20:19,911 - INFO - Processing /viper/ptmp/arego/Red_T_7K_1/9243.h5
2025-09-19 07:20:19,974 - INFO - Processing /viper/ptmp/arego/Red_T_7K_1/6500.h5
2025-09-19 07:20:20,043 - INFO - File 11226: Filtered 555005 hits and 7 records
2025-09-19 07:20:20,075 - INFO - File 23150: Filtered 703918 hits and 6 records
2025-09-19 07:20:20,117 - INFO - File 18490: Filtered 195650 hits and 3 records
2025-09-19 07:20:20,213 - INFO - File 9243: Filtered 631847 hits and 5 records
2025-09-19 07:20:20,272 - INFO - Processing /viper/ptmp/arego/Red_T_7K_1/2298.h5
2025-09-19 07:20:20,294 - INFO - Completed /viper/ptmp/arego/Red_T_7K_1_EN_100/10388.h5 in 2.48 seconds
2025-09-19 07:20:20,331 - INFO - File 6500: Filtered 370606 hits and 6 records
2025-09-19 07:20:20,438 - INFO - Completed /viper/ptmp/arego/Red_T_7K_1_EN_100/20263.h5 in 3.67 seconds
2025-09-19 07:20:20,482 - INFO - Processing /viper/ptmp/arego/Red_T_7K_1/21277.h5
2025-09-19 07:20:20,581 - INFO - Processing /viper/ptmp/arego/Red_T_7K_1/7768.h5
2025-09-19 07:20:20,617 - INFO - File 2298: Filtered 228344 hits and 3 records
2025-09-19 07:20:20,691 - INFO - Completed /viper/ptmp/arego/Red_T_7K_1_EN_100/17162.h5 in 3.34 seconds
2025-09-19 07:20:20,731 - INFO - Completed /viper/ptmp/arego/Red_T_7K_1_EN_100/902.h5 in 3.79 seconds
2025-09-19 07:20:20,747 - INFO - Completed /viper/ptmp/arego/Red_T_7K_1_EN_100/12712.h5 in 2.23 seconds
2025-09-19 07:20:20,770 - INFO - File 21277: Filtered 509473 hits and 4 records
2025-09-19 07:20:20,806 - INFO - Processing /viper/ptmp/arego/Red_T_7K_1/15866.h5
2025-09-19 07:20:20,870 - INFO - Processing /viper/ptmp/arego/Red_T_7K_1/21644.h5
2025-09-19 07:20:20,922 - INFO - File 7768: Filtered 465875 hits and 7 records
2025-09-19 07:20:21,044 - INFO - Processing /viper/ptmp/arego/Red_T_7K_1/3960.h5
2025-09-19 07:20:21,123 - INFO - Completed /viper/ptmp/arego/Red_T_7K_1_EN_100/19674.h5 in 1.96 seconds
2025-09-19 07:20:21,127 - INFO - File 15866: Filtered 362007 hits and 4 records
2025-09-19 07:20:21,168 - INFO - Processing /viper/ptmp/arego/Red_T_7K_1/4992.h5
2025-09-19 07:20:21,168 - INFO - Processing /viper/ptmp/arego/Red_T_7K_1/18668.h5
2025-09-19 07:20:21,205 - INFO - Completed /viper/ptmp/arego/Red_T_7K_1_EN_100/10595.h5 in 5.20 seconds
2025-09-19 07:20:21,211 - INFO - File 21644: Filtered 400895 hits and 5 records
2025-09-19 07:20:21,336 - INFO - Completed /viper/ptmp/arego/Red_T_7K_1_EN_100/18194.h5 in 1.97 seconds
2025-09-19 07:20:21,379 - INFO - Completed /viper/ptmp/arego/Red_T_7K_1_EN_100/6703.h5 in 2.08 seconds
2025-09-19 07:20:21,417 - INFO - File 3960: Filtered 695911 hits and 4 records
2025-09-19 07:20:21,443 - INFO - File 4992: Filtered 501702 hits and 6 records
2025-09-19 07:20:21,457 - INFO - Processing /viper/ptmp/arego/Red_T_7K_1/16714.h5
2025-09-19 07:20:21,467 - INFO - Processing /viper/ptmp/arego/Red_T_7K_1/18462.h5
2025-09-19 07:20:21,473 - INFO - Processing /viper/ptmp/arego/Red_T_7K_1/117.h5
2025-09-19 07:20:21,520 - INFO - File 18668: Filtered 297829 hits and 3 records
2025-09-19 07:20:21,562 - INFO - Completed /viper/ptmp/arego/Red_T_7K_1_EN_100/20114.h5 in 3.49 seconds
2025-09-19 07:20:21,606 - INFO - Completed /viper/ptmp/arego/Red_T_7K_1_EN_100/2060.h5 in 3.18 seconds
2025-09-19 07:20:21,661 - INFO - Completed /viper/ptmp/arego/Red_T_7K_1_EN_100/10570.h5 in 2.15 seconds
2025-09-19 07:20:21,679 - INFO - Processing /viper/ptmp/arego/Red_T_7K_1/10666.h5
2025-09-19 07:20:21,772 - INFO - File 16714: Filtered 258426 hits and 3 records
2025-09-19 07:20:21,774 - INFO - Processing /viper/ptmp/arego/Red_T_7K_1/6719.h5
2025-09-19 07:20:21,791 - INFO - File 18462: Filtered 492806 hits and 3 records
2025-09-19 07:20:21,797 - INFO - Completed /viper/ptmp/arego/Red_T_7K_1_EN_100/23150.h5 in 2.06 seconds
2025-09-19 07:20:21,852 - INFO - File 117: Filtered 484067 hits and 5 records
2025-09-19 07:20:21,888 - INFO - Processing /viper/ptmp/arego/Red_T_7K_1/15842.h5
2025-09-19 07:20:21,949 - INFO - Processing /viper/ptmp/arego/Red_T_7K_1/9649.h5
2025-09-19 07:20:22,004 - INFO - File 10666: Filtered 213803 hits and 3 records
2025-09-19 07:20:22,035 - INFO - Completed /viper/ptmp/arego/Red_T_7K_1_EN_100/9243.h5 in 2.12 seconds
2025-09-19 07:20:22,101 - INFO - Processing /viper/ptmp/arego/Red_T_7K_1/3452.h5
2025-09-19 07:20:22,133 - INFO - File 6719: Filtered 385390 hits and 5 records
2025-09-19 07:20:22,245 - INFO - File 15842: Filtered 540210 hits and 5 records
2025-09-19 07:20:22,274 - INFO - Completed /viper/ptmp/arego/Red_T_7K_1_EN_100/1608.h5 in 4.23 seconds
2025-09-19 07:20:22,311 - INFO - File 9649: Filtered 306633 hits and 4 records
2025-09-19 07:20:22,346 - INFO - Processing /viper/ptmp/arego/Red_T_7K_1/16299.h5
2025-09-19 07:20:22,414 - INFO - File 3452: Filtered 893433 hits and 8 records
2025-09-19 07:20:22,592 - INFO - Completed /viper/ptmp/arego/Red_T_7K_1_EN_100/9749.h5 in 3.71 seconds
2025-09-19 07:20:22,637 - INFO - Completed /viper/ptmp/arego/Red_T_7K_1_EN_100/9130.h5 in 3.89 seconds
2025-09-19 07:20:22,659 - INFO - Processing /viper/ptmp/arego/Red_T_7K_1/5458.h5
2025-09-19 07:20:22,705 - INFO - Processing /viper/ptmp/arego/Red_T_7K_1/22200.h5
2025-09-19 07:20:22,712 - INFO - File 16299: Filtered 349022 hits and 4 records
2025-09-19 07:20:22,726 - INFO - Completed /viper/ptmp/arego/Red_T_7K_1_EN_100/11226.h5 in 3.00 seconds
2025-09-19 07:20:22,837 - INFO - Processing /viper/ptmp/arego/Red_T_7K_1/1731.h5
2025-09-19 07:20:22,936 - INFO - Completed /viper/ptmp/arego/Red_T_7K_1_EN_100/17402.h5 in 3.38 seconds
2025-09-19 07:20:22,980 - INFO - Processing /viper/ptmp/arego/Red_T_7K_1/9283.h5
2025-09-19 07:20:22,988 - INFO - File 5458: Filtered 430193 hits and 4 records
2025-09-19 07:20:23,018 - INFO - File 22200: Filtered 393055 hits and 4 records
2025-09-19 07:20:23,075 - INFO - Completed /viper/ptmp/arego/Red_T_7K_1_EN_100/6500.h5 in 3.10 seconds
2025-09-19 07:20:23,126 - INFO - Completed /viper/ptmp/arego/Red_T_7K_1_EN_100/3960.h5 in 2.08 seconds
2025-09-19 07:20:23,157 - INFO - Completed /viper/ptmp/arego/Red_T_7K_1_EN_100/19792.h5 in 4.02 seconds
2025-09-19 07:20:23,180 - INFO - File 1731: Filtered 585507 hits and 8 records
2025-09-19 07:20:23,198 - INFO - Processing /viper/ptmp/arego/Red_T_7K_1/22833.h5
2025-09-19 07:20:23,202 - INFO - Processing /viper/ptmp/arego/Red_T_7K_1/19035.h5
2025-09-19 07:20:23,254 - INFO - Completed /viper/ptmp/arego/Red_T_7K_1_EN_100/21277.h5 in 2.77 seconds
2025-09-19 07:20:23,306 - INFO - File 9283: Filtered 485125 hits and 3 records
2025-09-19 07:20:23,347 - INFO - Processing /viper/ptmp/arego/Red_T_7K_1/6101.h5
2025-09-19 07:20:23,481 - INFO - Processing /viper/ptmp/arego/Red_T_7K_1/9689.h5
2025-09-19 07:20:23,491 - INFO - File 22833: Filtered 270044 hits and 5 records
2025-09-19 07:20:23,546 - INFO - Completed /viper/ptmp/arego/Red_T_7K_1_EN_100/4992.h5 in 2.38 seconds
2025-09-19 07:20:23,599 - INFO - Completed /viper/ptmp/arego/Red_T_7K_1_EN_100/15866.h5 in 2.79 seconds
2025-09-19 07:20:23,631 - INFO - Processing /viper/ptmp/arego/Red_T_7K_1/7831.h5
2025-09-19 07:20:23,634 - INFO - File 6101: Filtered 505197 hits and 7 records
2025-09-19 07:20:23,635 - INFO - File 19035: Filtered 56089 hits and 2 records
2025-09-19 07:20:23,658 - INFO - Completed /viper/ptmp/arego/Red_T_7K_1_EN_100/18668.h5 in 2.49 seconds
2025-09-19 07:20:23,659 - INFO - Completed /viper/ptmp/arego/Red_T_7K_1_EN_100/7768.h5 in 3.08 seconds
2025-09-19 07:20:23,679 - INFO - Processing /viper/ptmp/arego/Red_T_7K_1/10707.h5
2025-09-19 07:20:23,715 - INFO - Completed /viper/ptmp/arego/Red_T_7K_1_EN_100/3452.h5 in 1.61 seconds
2025-09-19 07:20:23,729 - INFO - Processing /viper/ptmp/arego/Red_T_7K_1/11581.h5
2025-09-19 07:20:23,754 - INFO - Completed /viper/ptmp/arego/Red_T_7K_1_EN_100/18490.h5 in 3.94 seconds
2025-09-19 07:20:23,792 - INFO - Completed /viper/ptmp/arego/Red_T_7K_1_EN_100/21644.h5 in 2.92 seconds
2025-09-19 07:20:23,847 - INFO - File 9689: Filtered 533978 hits and 5 records
2025-09-19 07:20:23,874 - INFO - Processing /viper/ptmp/arego/Red_T_7K_1/21559.h5
2025-09-19 07:20:23,914 - INFO - Processing /viper/ptmp/arego/Red_T_7K_1/3053.h5
2025-09-19 07:20:23,971 - INFO - Processing /viper/ptmp/arego/Red_T_7K_1/11659.h5
2025-09-19 07:20:24,018 - INFO - File 7831: Filtered 291420 hits and 4 records
2025-09-19 07:20:24,042 - INFO - File 10707: Filtered 177978 hits and 2 records
2025-09-19 07:20:24,057 - INFO - File 11581: Filtered 712617 hits and 2 records
2025-09-19 07:20:24,216 - INFO - File 21559: Filtered 735155 hits and 4 records
2025-09-19 07:20:24,230 - INFO - File 3053: Filtered 366700 hits and 2 records
2025-09-19 07:20:24,272 - INFO - Processing /viper/ptmp/arego/Red_T_7K_1/21247.h5
2025-09-19 07:20:24,293 - INFO - Completed /viper/ptmp/arego/Red_T_7K_1_EN_100/1731.h5 in 1.46 seconds
2025-09-19 07:20:24,328 - INFO - File 11659: Filtered 147195 hits and 3 records
2025-09-19 07:20:24,573 - INFO - File 21247: Filtered 92773 hits and 3 records
2025-09-19 07:20:24,623 - INFO - Processing /viper/ptmp/arego/Red_T_7K_1/11776.h5
2025-09-19 07:20:24,696 - INFO - Completed /viper/ptmp/arego/Red_T_7K_1_EN_100/117.h5 in 3.22 seconds
2025-09-19 07:20:24,776 - INFO - Completed /viper/ptmp/arego/Red_T_7K_1_EN_100/15842.h5 in 2.89 seconds
2025-09-19 07:20:24,843 - INFO - Processing /viper/ptmp/arego/Red_T_7K_1/21977.h5
2025-09-19 07:20:24,901 - INFO - Processing /viper/ptmp/arego/Red_T_7K_1/19663.h5
2025-09-19 07:20:25,010 - INFO - File 11776: Filtered 345238 hits and 3 records
2025-09-19 07:20:25,070 - INFO - Completed /viper/ptmp/arego/Red_T_7K_1_EN_100/18462.h5 in 3.60 seconds
2025-09-19 07:20:25,084 - INFO - Completed /viper/ptmp/arego/Red_T_7K_1_EN_100/2298.h5 in 4.81 seconds
2025-09-19 07:20:25,136 - INFO - File 21977: Filtered 542812 hits and 7 records
2025-09-19 07:20:25,140 - INFO - Processing /viper/ptmp/arego/Red_T_7K_1/1514.h5
2025-09-19 07:20:25,211 - INFO - Completed /viper/ptmp/arego/Red_T_7K_1_EN_100/6719.h5 in 3.44 seconds
2025-09-19 07:20:25,233 - INFO - Completed /viper/ptmp/arego/Red_T_7K_1_EN_100/16714.h5 in 3.78 seconds
2025-09-19 07:20:25,250 - INFO - Processing /viper/ptmp/arego/Red_T_7K_1/20312.h5
2025-09-19 07:20:25,273 - INFO - File 19663: Filtered 567230 hits and 3 records
2025-09-19 07:20:25,338 - INFO - Processing /viper/ptmp/arego/Red_T_7K_1/5191.h5
2025-09-19 07:20:25,459 - INFO - File 1514: Filtered 474819 hits and 4 records
2025-09-19 07:20:25,462 - INFO - Completed /viper/ptmp/arego/Red_T_7K_1_EN_100/11581.h5 in 1.73 seconds
2025-09-19 07:20:25,472 - INFO - Completed /viper/ptmp/arego/Red_T_7K_1_EN_100/16299.h5 in 3.13 seconds
2025-09-19 07:20:25,509 - INFO - Completed /viper/ptmp/arego/Red_T_7K_1_EN_100/9283.h5 in 2.53 seconds
2025-09-19 07:20:25,541 - INFO - Processing /viper/ptmp/arego/Red_T_7K_1/5136.h5
2025-09-19 07:20:25,550 - INFO - Processing /viper/ptmp/arego/Red_T_7K_1/333.h5
2025-09-19 07:20:25,577 - INFO - File 20312: Filtered 505344 hits and 4 records
2025-09-19 07:20:25,626 - INFO - Completed /viper/ptmp/arego/Red_T_7K_1_EN_100/9689.h5 in 2.14 seconds
2025-09-19 07:20:25,705 - INFO - File 5191: Filtered 223575 hits and 3 records
2025-09-19 07:20:25,708 - INFO - Processing /viper/ptmp/arego/Red_T_7K_1/17107.h5
2025-09-19 07:20:25,722 - INFO - Processing /viper/ptmp/arego/Red_T_7K_1/4465.h5
2025-09-19 07:20:25,859 - INFO - File 5136: Filtered 414105 hits and 5 records
2025-09-19 07:20:25,912 - INFO - File 333: Filtered 541818 hits and 7 records
2025-09-19 07:20:25,938 - INFO - Processing /viper/ptmp/arego/Red_T_7K_1/20354.h5
2025-09-19 07:20:25,983 - INFO - Completed /viper/ptmp/arego/Red_T_7K_1_EN_100/10666.h5 in 4.30 seconds
2025-09-19 07:20:26,036 - INFO - File 17107: Filtered 301010 hits and 4 records
2025-09-19 07:20:26,050 - INFO - File 4465: Filtered 292240 hits and 4 records
2025-09-19 07:20:26,060 - INFO - Processing /viper/ptmp/arego/Red_T_7K_1/21725.h5
2025-09-19 07:20:26,113 - INFO - Completed /viper/ptmp/arego/Red_T_7K_1_EN_100/9649.h5 in 4.16 seconds
2025-09-19 07:20:26,262 - INFO - Completed /viper/ptmp/arego/Red_T_7K_1_EN_100/21559.h5 in 2.39 seconds
2025-09-19 07:20:26,314 - INFO - File 20354: Filtered 399917 hits and 6 records
2025-09-19 07:20:26,343 - INFO - Completed /viper/ptmp/arego/Red_T_7K_1_EN_100/22200.h5 in 3.64 seconds
2025-09-19 07:20:26,356 - INFO - Processing /viper/ptmp/arego/Red_T_7K_1/16941.h5
2025-09-19 07:20:26,394 - INFO - File 21725: Filtered 486926 hits and 3 records
2025-09-19 07:20:26,584 - INFO - Processing /viper/ptmp/arego/Red_T_7K_1/1459.h5
2025-09-19 07:20:26,623 - INFO - Completed /viper/ptmp/arego/Red_T_7K_1_EN_100/7831.h5 in 2.99 seconds
2025-09-19 07:20:26,720 - INFO - File 16941: Filtered 297316 hits and 3 records
2025-09-19 07:20:26,747 - INFO - Processing /viper/ptmp/arego/Red_T_7K_1/13183.h5
2025-09-19 07:20:26,842 - INFO - Processing /viper/ptmp/arego/Red_T_7K_1/376.h5
2025-09-19 07:20:26,935 - INFO - File 1459: Filtered 183849 hits and 3 records
2025-09-19 07:20:27,074 - INFO - Completed /viper/ptmp/arego/Red_T_7K_1_EN_100/5458.h5 in 4.41 seconds
2025-09-19 07:20:27,084 - INFO - Completed /viper/ptmp/arego/Red_T_7K_1_EN_100/22833.h5 in 3.89 seconds
2025-09-19 07:20:27,124 - INFO - File 13183: Filtered 508473 hits and 9 records
2025-09-19 07:20:27,158 - INFO - Processing /viper/ptmp/arego/Red_T_7K_1/4844.h5
2025-09-19 07:20:27,233 - INFO - Processing /viper/ptmp/arego/Red_T_7K_1/10713.h5
2025-09-19 07:20:27,259 - INFO - File 376: Filtered 147950 hits and 2 records
2025-09-19 07:20:27,344 - INFO - Completed /viper/ptmp/arego/Red_T_7K_1_EN_100/10707.h5 in 3.66 seconds
2025-09-19 07:20:27,351 - INFO - Completed /viper/ptmp/arego/Red_T_7K_1_EN_100/21247.h5 in 3.08 seconds
2025-09-19 07:20:27,431 - INFO - Processing /viper/ptmp/arego/Red_T_7K_1/5485.h5
2025-09-19 07:20:27,461 - INFO - Completed /viper/ptmp/arego/Red_T_7K_1_EN_100/6101.h5 in 4.11 seconds
2025-09-19 07:20:27,466 - INFO - Processing /viper/ptmp/arego/Red_T_7K_1/13645.h5
2025-09-19 07:20:27,546 - INFO - File 4844: Filtered 610165 hits and 4 records
2025-09-19 07:20:27,560 - INFO - Processing /viper/ptmp/arego/Red_T_7K_1/13380.h5
2025-09-19 07:20:27,579 - INFO - Completed /viper/ptmp/arego/Red_T_7K_1_EN_100/3053.h5 in 3.66 seconds
2025-09-19 07:20:27,590 - INFO - File 10713: Filtered 30240 hits and 1 records
2025-09-19 07:20:27,695 - INFO - Completed /viper/ptmp/arego/Red_T_7K_1_EN_100/1514.h5 in 2.55 seconds
2025-09-19 07:20:27,734 - INFO - Completed /viper/ptmp/arego/Red_T_7K_1_EN_100/11776.h5 in 3.11 seconds
2025-09-19 07:20:27,807 - INFO - File 5485: Filtered 84329 hits and 2 records
2025-09-19 07:20:27,811 - INFO - File 13645: Filtered 493640 hits and 5 records
2025-09-19 07:20:27,846 - INFO - Processing /viper/ptmp/arego/Red_T_7K_1/22099.h5
2025-09-19 07:20:27,860 - INFO - Processing /viper/ptmp/arego/Red_T_7K_1/5241.h5
2025-09-19 07:20:28,015 - INFO - File 13380: Filtered 485689 hits and 6 records
2025-09-19 07:20:28,028 - INFO - Completed /viper/ptmp/arego/Red_T_7K_1_EN_100/19663.h5 in 3.13 seconds
2025-09-19 07:20:28,178 - INFO - Processing /viper/ptmp/arego/Red_T_7K_1/1995.h5
2025-09-19 07:20:28,211 - INFO - Completed /viper/ptmp/arego/Red_T_7K_1_EN_100/20312.h5 in 2.96 seconds
2025-09-19 07:20:28,222 - INFO - Processing /viper/ptmp/arego/Red_T_7K_1/1361.h5
2025-09-19 07:20:28,241 - INFO - Completed /viper/ptmp/arego/Red_T_7K_1_EN_100/21977.h5 in 3.40 seconds
2025-09-19 07:20:28,269 - INFO - File 22099: Filtered 423553 hits and 5 records
2025-09-19 07:20:28,274 - INFO - File 5241: Filtered 287610 hits and 1 records
2025-09-19 07:20:28,503 - INFO - Completed /viper/ptmp/arego/Red_T_7K_1_EN_100/333.h5 in 2.95 seconds
2025-09-19 07:20:28,524 - INFO - Processing /viper/ptmp/arego/Red_T_7K_1/23012.h5
2025-09-19 07:20:28,543 - INFO - Processing /viper/ptmp/arego/Red_T_7K_1/20555.h5
2025-09-19 07:20:28,549 - INFO - File 1995: Filtered 378916 hits and 3 records
2025-09-19 07:20:28,568 - INFO - Completed /viper/ptmp/arego/Red_T_7K_1_EN_100/21725.h5 in 2.51 seconds
2025-09-19 07:20:28,631 - INFO - Processing /viper/ptmp/arego/Red_T_7K_1/19198.h5
2025-09-19 07:20:28,671 - INFO - Completed /viper/ptmp/arego/Red_T_7K_1_EN_100/19035.h5 in 5.47 seconds
2025-09-19 07:20:28,690 - INFO - File 1361: Filtered 476361 hits and 4 records
2025-09-19 07:20:28,694 - INFO - Completed /viper/ptmp/arego/Red_T_7K_1_EN_100/20354.h5 in 2.76 seconds
2025-09-19 07:20:28,827 - INFO - Processing /viper/ptmp/arego/Red_T_7K_1/20646.h5
2025-09-19 07:20:28,832 - INFO - Processing /viper/ptmp/arego/Red_T_7K_1/14306.h5
2025-09-19 07:20:28,857 - INFO - File 23012: Filtered 318444 hits and 5 records
2025-09-19 07:20:28,958 - INFO - File 20555: Filtered 829383 hits and 5 records
2025-09-19 07:20:28,970 - INFO - File 19198: Filtered 327259 hits and 2 records
2025-09-19 07:20:28,994 - INFO - Completed /viper/ptmp/arego/Red_T_7K_1_EN_100/13183.h5 in 2.25 seconds
2025-09-19 07:20:29,042 - INFO - Completed /viper/ptmp/arego/Red_T_7K_1_EN_100/11659.h5 in 5.07 seconds
2025-09-19 07:20:29,095 - INFO - Processing /viper/ptmp/arego/Red_T_7K_1/15256.h5
2025-09-19 07:20:29,131 - INFO - File 20646: Filtered 279368 hits and 3 records
2025-09-19 07:20:29,143 - INFO - File 14306: Filtered 511934 hits and 6 records
2025-09-19 07:20:29,208 - INFO - Completed /viper/ptmp/arego/Red_T_7K_1_EN_100/5191.h5 in 3.87 seconds
2025-09-19 07:20:29,278 - INFO - Processing /viper/ptmp/arego/Red_T_7K_1/17006.h5
2025-09-19 07:20:29,379 - INFO - Completed /viper/ptmp/arego/Red_T_7K_1_EN_100/5136.h5 in 3.84 seconds
2025-09-19 07:20:29,427 - INFO - Processing /viper/ptmp/arego/Red_T_7K_1/6377.h5
2025-09-19 07:20:29,443 - INFO - File 15256: Filtered 377756 hits and 5 records
2025-09-19 07:20:29,445 - INFO - Processing /viper/ptmp/arego/Red_T_7K_1/2182.h5
2025-09-19 07:20:29,587 - INFO - Completed /viper/ptmp/arego/Red_T_7K_1_EN_100/4465.h5 in 3.86 seconds
2025-09-19 07:20:29,626 - INFO - File 17006: Filtered 537552 hits and 6 records
2025-09-19 07:20:29,710 - INFO - Processing /viper/ptmp/arego/Red_T_7K_1/10133.h5
2025-09-19 07:20:29,721 - INFO - File 2182: Filtered 427136 hits and 6 records
2025-09-19 07:20:29,742 - INFO - File 6377: Filtered 94273 hits and 2 records
2025-09-19 07:20:29,761 - INFO - Processing /viper/ptmp/arego/Red_T_7K_1/19182.h5
2025-09-19 07:20:30,033 - INFO - Completed /viper/ptmp/arego/Red_T_7K_1_EN_100/17107.h5 in 4.32 seconds
2025-09-19 07:20:30,077 - INFO - File 10133: Filtered 134939 hits and 3 records
2025-09-19 07:20:30,131 - INFO - File 19182: Filtered 1111334 hits and 4 records
2025-09-19 07:20:30,136 - INFO - Processing /viper/ptmp/arego/Red_T_7K_1/12077.h5
2025-09-19 07:20:30,339 - INFO - Completed /viper/ptmp/arego/Red_T_7K_1_EN_100/16941.h5 in 3.98 seconds
2025-09-19 07:20:30,412 - INFO - Processing /viper/ptmp/arego/Red_T_7K_1/18375.h5
2025-09-19 07:20:30,414 - INFO - Completed /viper/ptmp/arego/Red_T_7K_1_EN_100/13380.h5 in 2.85 seconds
2025-09-19 07:20:30,505 - INFO - Processing /viper/ptmp/arego/Red_T_7K_1/11042.h5
2025-09-19 07:20:30,521 - INFO - File 12077: Filtered 86476 hits and 2 records
2025-09-19 07:20:30,639 - INFO - Completed /viper/ptmp/arego/Red_T_7K_1_EN_100/13645.h5 in 3.17 seconds
2025-09-19 07:20:30,765 - INFO - Processing /viper/ptmp/arego/Red_T_7K_1/10147.h5
2025-09-19 07:20:30,790 - INFO - File 18375: Filtered 591358 hits and 3 records
2025-09-19 07:20:30,803 - INFO - Completed /viper/ptmp/arego/Red_T_7K_1_EN_100/1459.h5 in 4.22 seconds
2025-09-19 07:20:30,875 - INFO - Processing /viper/ptmp/arego/Red_T_7K_1/12372.h5
2025-09-19 07:20:30,905 - INFO - File 11042: Filtered 663870 hits and 5 records
2025-09-19 07:20:30,947 - INFO - Completed /viper/ptmp/arego/Red_T_7K_1_EN_100/4844.h5 in 3.79 seconds
2025-09-19 07:20:31,004 - INFO - Completed /viper/ptmp/arego/Red_T_7K_1_EN_100/22099.h5 in 3.16 seconds
2025-09-19 07:20:31,108 - INFO - Completed /viper/ptmp/arego/Red_T_7K_1_EN_100/20555.h5 in 2.56 seconds
2025-09-19 07:20:31,127 - INFO - Processing /viper/ptmp/arego/Red_T_7K_1/19147.h5
2025-09-19 07:20:31,169 - INFO - File 10147: Filtered 507533 hits and 5 records
2025-09-19 07:20:31,170 - INFO - Processing /viper/ptmp/arego/Red_T_7K_1/10765.h5
2025-09-19 07:20:31,183 - INFO - Processing /viper/ptmp/arego/Red_T_7K_1/17830.h5
2025-09-19 07:20:31,251 - INFO - File 12372: Filtered 284043 hits and 5 records
2025-09-19 07:20:31,299 - INFO - Completed /viper/ptmp/arego/Red_T_7K_1_EN_100/376.h5 in 4.46 seconds
2025-09-19 07:20:31,369 - INFO - Completed /viper/ptmp/arego/Red_T_7K_1_EN_100/5485.h5 in 3.94 seconds
2025-09-19 07:20:31,380 - INFO - Processing /viper/ptmp/arego/Red_T_7K_1/7922.h5
2025-09-19 07:20:31,389 - INFO - Completed /viper/ptmp/arego/Red_T_7K_1_EN_100/19182.h5 in 1.63 seconds
2025-09-19 07:20:31,501 - INFO - Processing /viper/ptmp/arego/Red_T_7K_1/16104.h5
2025-09-19 07:20:31,509 - INFO - File 19147: Filtered 265391 hits and 4 records
2025-09-19 07:20:31,565 - INFO - File 17830: Filtered 389743 hits and 5 records
2025-09-19 07:20:31,567 - INFO - Completed /viper/ptmp/arego/Red_T_7K_1_EN_100/14306.h5 in 2.73 seconds
2025-09-19 07:20:31,585 - INFO - File 10765: Filtered 421254 hits and 2 records
2025-09-19 07:20:31,625 - INFO - Processing /viper/ptmp/arego/Red_T_7K_1/14655.h5
2025-09-19 07:20:31,683 - INFO - Completed /viper/ptmp/arego/Red_T_7K_1_EN_100/5241.h5 in 3.82 seconds
2025-09-19 07:20:31,690 - INFO - File 7922: Filtered 370755 hits and 5 records
2025-09-19 07:20:31,813 - INFO - Processing /viper/ptmp/arego/Red_T_7K_1/16269.h5
2025-09-19 07:20:31,839 - INFO - File 16104: Filtered 504855 hits and 6 records
2025-09-19 07:20:31,844 - INFO - Completed /viper/ptmp/arego/Red_T_7K_1_EN_100/23012.h5 in 3.32 seconds
2025-09-19 07:20:31,977 - INFO - Processing /viper/ptmp/arego/Red_T_7K_1/14381.h5
2025-09-19 07:20:31,998 - INFO - File 14655: Filtered 627322 hits and 6 records
2025-09-19 07:20:32,022 - INFO - Completed /viper/ptmp/arego/Red_T_7K_1_EN_100/20646.h5 in 3.19 seconds
2025-09-19 07:20:32,046 - INFO - Processing /viper/ptmp/arego/Red_T_7K_1/21485.h5
2025-09-19 07:20:32,179 - INFO - File 16269: Filtered 225607 hits and 4 records
2025-09-19 07:20:32,188 - INFO - Completed /viper/ptmp/arego/Red_T_7K_1_EN_100/2182.h5 in 2.74 seconds
2025-09-19 07:20:32,223 - INFO - Completed /viper/ptmp/arego/Red_T_7K_1_EN_100/19198.h5 in 3.59 seconds
2025-09-19 07:20:32,241 - INFO - Processing /viper/ptmp/arego/Red_T_7K_1/6745.h5
2025-09-19 07:20:32,244 - INFO - Completed /viper/ptmp/arego/Red_T_7K_1_EN_100/17006.h5 in 2.97 seconds
2025-09-19 07:20:32,256 - INFO - Processing /viper/ptmp/arego/Red_T_7K_1/11707.h5
2025-09-19 07:20:32,280 - INFO - Completed /viper/ptmp/arego/Red_T_7K_1_EN_100/1361.h5 in 4.06 seconds
2025-09-19 07:20:32,290 - INFO - Processing /viper/ptmp/arego/Red_T_7K_1/10157.h5
2025-09-19 07:20:32,346 - INFO - Completed /viper/ptmp/arego/Red_T_7K_1_EN_100/10713.h5 in 5.11 seconds
2025-09-19 07:20:32,394 - INFO - File 14381: Filtered 306034 hits and 2 records
2025-09-19 07:20:32,403 - INFO - Completed /viper/ptmp/arego/Red_T_7K_1_EN_100/15256.h5 in 3.31 seconds
2025-09-19 07:20:32,410 - INFO - File 21485: Filtered 854803 hits and 6 records
2025-09-19 07:20:32,547 - INFO - Processing /viper/ptmp/arego/Red_T_7K_1/18424.h5
2025-09-19 07:20:32,555 - INFO - Processing /viper/ptmp/arego/Red_T_7K_1/10807.h5
2025-09-19 07:20:32,601 - INFO - File 11707: Filtered 228617 hits and 3 records
2025-09-19 07:20:32,619 - INFO - File 10157: Filtered 733152 hits and 6 records
2025-09-19 07:20:32,640 - INFO - Processing /viper/ptmp/arego/Red_T_7K_1/17822.h5
2025-09-19 07:20:32,683 - INFO - File 6745: Filtered 267809 hits and 4 records
2025-09-19 07:20:32,755 - INFO - Processing /viper/ptmp/arego/Red_T_7K_1/19327.h5
2025-09-19 07:20:32,814 - INFO - Completed /viper/ptmp/arego/Red_T_7K_1_EN_100/6377.h5 in 3.39 seconds
2025-09-19 07:20:32,844 - INFO - Completed /viper/ptmp/arego/Red_T_7K_1_EN_100/1995.h5 in 4.67 seconds
2025-09-19 07:20:32,866 - INFO - Completed /viper/ptmp/arego/Red_T_7K_1_EN_100/18375.h5 in 2.45 seconds
2025-09-19 07:20:32,917 - INFO - File 10807: Filtered 162224 hits and 2 records
2025-09-19 07:20:32,933 - INFO - File 18424: Filtered 532584 hits and 5 records
2025-09-19 07:20:32,942 - INFO - Processing /viper/ptmp/arego/Red_T_7K_1/5816.h5
2025-09-19 07:20:32,962 - INFO - Processing /viper/ptmp/arego/Red_T_7K_1/2946.h5
2025-09-19 07:20:33,097 - INFO - File 17822: Filtered 245425 hits and 2 records
2025-09-19 07:20:33,117 - INFO - File 19327: Filtered 441723 hits and 5 records
2025-09-19 07:20:33,249 - INFO - Processing /viper/ptmp/arego/Red_T_7K_1/14740.h5
2025-09-19 07:20:33,299 - INFO - File 5816: Filtered 66760 hits and 1 records
2025-09-19 07:20:33,392 - INFO - File 2946: Filtered 42334 hits and 1 records
2025-09-19 07:20:33,591 - INFO - Completed /viper/ptmp/arego/Red_T_7K_1_EN_100/12372.h5 in 2.72 seconds
2025-09-19 07:20:33,668 - INFO - Processing /viper/ptmp/arego/Red_T_7K_1/17895.h5
2025-09-19 07:20:33,758 - INFO - File 14740: Filtered 117896 hits and 2 records
2025-09-19 07:20:33,820 - INFO - Completed /viper/ptmp/arego/Red_T_7K_1_EN_100/17830.h5 in 2.64 seconds
2025-09-19 07:20:33,884 - INFO - Processing /viper/ptmp/arego/Red_T_7K_1/2794.h5
2025-09-19 07:20:33,962 - INFO - Completed /viper/ptmp/arego/Red_T_7K_1_EN_100/16104.h5 in 2.46 seconds
2025-09-19 07:20:33,962 - INFO - File 17895: Filtered 380606 hits and 6 records
2025-09-19 07:20:34,070 - INFO - Processing /viper/ptmp/arego/Red_T_7K_1/10191.h5
2025-09-19 07:20:34,174 - INFO - Completed /viper/ptmp/arego/Red_T_7K_1_EN_100/12077.h5 in 4.04 seconds
2025-09-19 07:20:34,235 - INFO - File 2794: Filtered 781482 hits and 6 records
2025-09-19 07:20:34,268 - INFO - Processing /viper/ptmp/arego/Red_T_7K_1/10980.h5
2025-09-19 07:20:34,448 - INFO - Completed /viper/ptmp/arego/Red_T_7K_1_EN_100/21485.h5 in 2.40 seconds
2025-09-19 07:20:34,492 - INFO - File 10191: Filtered 1191578 hits and 6 records
2025-09-19 07:20:34,519 - INFO - Processing /viper/ptmp/arego/Red_T_7K_1/201.h5
2025-09-19 07:20:34,585 - INFO - Completed /viper/ptmp/arego/Red_T_7K_1_EN_100/10157.h5 in 2.29 seconds
2025-09-19 07:20:34,671 - INFO - Processing /viper/ptmp/arego/Red_T_7K_1/2585.h5
2025-09-19 07:20:34,703 - INFO - File 10980: Filtered 132027 hits and 1 records
2025-09-19 07:20:34,910 - INFO - File 201: Filtered 510700 hits and 2 records
2025-09-19 07:20:35,072 - INFO - File 2585: Filtered 178158 hits and 3 records
2025-09-19 07:20:35,255 - INFO - Completed /viper/ptmp/arego/Red_T_7K_1_EN_100/10133.h5 in 5.54 seconds
2025-09-19 07:20:35,281 - INFO - Completed /viper/ptmp/arego/Red_T_7K_1_EN_100/14655.h5 in 3.66 seconds
2025-09-19 07:20:35,325 - INFO - Completed /viper/ptmp/arego/Red_T_7K_1_EN_100/10765.h5 in 4.15 seconds
2025-09-19 07:20:35,328 - INFO - Completed /viper/ptmp/arego/Red_T_7K_1_EN_100/11042.h5 in 4.82 seconds
2025-09-19 07:20:35,358 - INFO - Processing /viper/ptmp/arego/Red_T_7K_1/18545.h5
2025-09-19 07:20:35,368 - INFO - Completed /viper/ptmp/arego/Red_T_7K_1_EN_100/7922.h5 in 3.99 seconds
2025-09-19 07:20:35,390 - INFO - Processing /viper/ptmp/arego/Red_T_7K_1/1324.h5
2025-09-19 07:20:35,488 - INFO - Processing /viper/ptmp/arego/Red_T_7K_1/11485.h5
2025-09-19 07:20:35,602 - INFO - Processing /viper/ptmp/arego/Red_T_7K_1/17428.h5
2025-09-19 07:20:35,715 - INFO - File 18545: Filtered 307131 hits and 3 records
2025-09-19 07:20:35,754 - INFO - Completed /viper/ptmp/arego/Red_T_7K_1_EN_100/11707.h5 in 3.50 seconds
2025-09-19 07:20:35,768 - INFO - Completed /viper/ptmp/arego/Red_T_7K_1_EN_100/10147.h5 in 5.00 seconds
2025-09-19 07:20:35,814 - INFO - File 1324: Filtered 360980 hits and 4 records
2025-09-19 07:20:35,831 - INFO - Processing /viper/ptmp/arego/Red_T_7K_1/13967.h5
2025-09-19 07:20:35,858 - INFO - Processing /viper/ptmp/arego/Red_T_7K_1/19073.h5
2025-09-19 07:20:35,881 - INFO - Processing /viper/ptmp/arego/Red_T_7K_1/6582.h5
2025-09-19 07:20:35,930 - INFO - File 11485: Filtered 697262 hits and 4 records
2025-09-19 07:20:35,973 - INFO - Completed /viper/ptmp/arego/Red_T_7K_1_EN_100/16269.h5 in 4.16 seconds
2025-09-19 07:20:36,014 - INFO - File 17428: Filtered 787313 hits and 6 records
2025-09-19 07:20:36,155 - INFO - Processing /viper/ptmp/arego/Red_T_7K_1/8206.h5
2025-09-19 07:20:36,167 - INFO - Completed /viper/ptmp/arego/Red_T_7K_1_EN_100/10807.h5 in 3.61 seconds
2025-09-19 07:20:36,173 - INFO - Completed /viper/ptmp/arego/Red_T_7K_1_EN_100/19147.h5 in 5.05 seconds
2025-09-19 07:20:36,212 - INFO - File 13967: Filtered 603357 hits and 4 records
2025-09-19 07:20:36,246 - INFO - Processing /viper/ptmp/arego/Red_T_7K_1/16402.h5
2025-09-19 07:20:36,284 - INFO - Completed /viper/ptmp/arego/Red_T_7K_1_EN_100/10191.h5 in 2.21 seconds
2025-09-19 07:20:36,300 - INFO - Processing /viper/ptmp/arego/Red_T_7K_1/12418.h5
2025-09-19 07:20:36,311 - INFO - File 6582: Filtered 486072 hits and 2 records
2025-09-19 07:20:36,358 - INFO - Completed /viper/ptmp/arego/Red_T_7K_1_EN_100/18424.h5 in 3.81 seconds
2025-09-19 07:20:36,389 - INFO - File 19073: Filtered 486706 hits and 3 records
2025-09-19 07:20:36,487 - INFO - Processing /viper/ptmp/arego/Red_T_7K_1/7669.h5
2025-09-19 07:20:36,529 - INFO - File 8206: Filtered 407493 hits and 3 records
2025-09-19 07:20:36,570 - INFO - Completed /viper/ptmp/arego/Red_T_7K_1_EN_100/2794.h5 in 2.69 seconds
2025-09-19 07:20:36,669 - INFO - File 16402: Filtered 202044 hits and 3 records
2025-09-19 07:20:36,755 - INFO - File 12418: Filtered 463530 hits and 4 records
2025-09-19 07:20:36,840 - INFO - Processing /viper/ptmp/arego/Red_T_7K_1/14875.h5
2025-09-19 07:20:36,953 - INFO - Completed /viper/ptmp/arego/Red_T_7K_1_EN_100/10980.h5 in 2.68 seconds
2025-09-19 07:20:36,960 - INFO - Completed /viper/ptmp/arego/Red_T_7K_1_EN_100/5816.h5 in 4.02 seconds
2025-09-19 07:20:36,977 - INFO - File 7669: Filtered 331042 hits and 4 records
2025-09-19 07:20:37,016 - INFO - Completed /viper/ptmp/arego/Red_T_7K_1_EN_100/19327.h5 in 4.26 seconds
2025-09-19 07:20:37,020 - INFO - Processing /viper/ptmp/arego/Red_T_7K_1/14286.h5
2025-09-19 07:20:37,159 - INFO - Processing /viper/ptmp/arego/Red_T_7K_1/19539.h5
2025-09-19 07:20:37,238 - INFO - Completed /viper/ptmp/arego/Red_T_7K_1_EN_100/14381.h5 in 5.26 seconds
2025-09-19 07:20:37,260 - INFO - Processing /viper/ptmp/arego/Red_T_7K_1/3214.h5
2025-09-19 07:20:37,269 - INFO - File 14875: Filtered 611488 hits and 6 records
2025-09-19 07:20:37,367 - INFO - Processing /viper/ptmp/arego/Red_T_7K_1/3501.h5
2025-09-19 07:20:37,414 - INFO - File 14286: Filtered 339410 hits and 4 records
2025-09-19 07:20:37,445 - INFO - Completed /viper/ptmp/arego/Red_T_7K_1_EN_100/17895.h5 in 3.78 seconds
2025-09-19 07:20:37,552 - INFO - Processing /viper/ptmp/arego/Red_T_7K_1/3741.h5
2025-09-19 07:20:37,610 - INFO - Processing /viper/ptmp/arego/Red_T_7K_1/11870.h5
2025-09-19 07:20:37,689 - INFO - File 3214: Filtered 904938 hits and 5 records
2025-09-19 07:20:37,810 - INFO - Completed /viper/ptmp/arego/Red_T_7K_1_EN_100/17822.h5 in 5.17 seconds
2025-09-19 07:20:37,830 - INFO - File 3501: Filtered 429633 hits and 4 records
2025-09-19 07:20:37,894 - INFO - Completed /viper/ptmp/arego/Red_T_7K_1_EN_100/6745.h5 in 5.65 seconds
2025-09-19 07:20:37,921 - INFO - File 3741: Filtered 526782 hits and 3 records
2025-09-19 07:20:37,923 - INFO - Processing /viper/ptmp/arego/Red_T_7K_1/15969.h5
2025-09-19 07:20:37,957 - INFO - File 19539: Filtered 755603 hits and 6 records
2025-09-19 07:20:38,108 - INFO - Completed /viper/ptmp/arego/Red_T_7K_1_EN_100/2946.h5 in 5.15 seconds
2025-09-19 07:20:38,122 - INFO - File 11870: Filtered 1227840 hits and 9 records
2025-09-19 07:20:38,196 - INFO - Processing /viper/ptmp/arego/Red_T_7K_1/6973.h5
2025-09-19 07:20:38,266 - INFO - Completed /viper/ptmp/arego/Red_T_7K_1_EN_100/201.h5 in 3.75 seconds
2025-09-19 07:20:38,310 - INFO - File 15969: Filtered 456306 hits and 6 records
2025-09-19 07:20:38,332 - INFO - Processing /viper/ptmp/arego/Red_T_7K_1/8095.h5
2025-09-19 07:20:38,381 - INFO - Completed /viper/ptmp/arego/Red_T_7K_1_EN_100/17428.h5 in 2.78 seconds
2025-09-19 07:20:38,439 - INFO - Completed /viper/ptmp/arego/Red_T_7K_1_EN_100/14740.h5 in 5.19 seconds
2025-09-19 07:20:38,453 - INFO - Processing /viper/ptmp/arego/Red_T_7K_1/4341.h5
2025-09-19 07:20:38,530 - INFO - Processing /viper/ptmp/arego/Red_T_7K_1/3453.h5
2025-09-19 07:20:38,649 - INFO - File 8095: Filtered 303332 hits and 4 records
2025-09-19 07:20:38,662 - INFO - File 6973: Filtered 97592 hits and 2 records
2025-09-19 07:20:38,811 - INFO - File 4341: Filtered 683998 hits and 5 records
2025-09-19 07:20:38,874 - INFO - Processing /viper/ptmp/arego/Red_T_7K_1/8858.h5
2025-09-19 07:20:38,917 - INFO - Completed /viper/ptmp/arego/Red_T_7K_1_EN_100/2585.h5 in 4.25 seconds
2025-09-19 07:20:38,986 - INFO - Processing /viper/ptmp/arego/Red_T_7K_1/2169.h5
2025-09-19 07:20:39,022 - INFO - File 3453: Filtered 642801 hits and 4 records
2025-09-19 07:20:39,075 - INFO - Completed /viper/ptmp/arego/Red_T_7K_1_EN_100/11870.h5 in 1.47 seconds
2025-09-19 07:20:39,166 - INFO - Completed /viper/ptmp/arego/Red_T_7K_1_EN_100/16402.h5 in 2.92 seconds
2025-09-19 07:20:39,237 - INFO - Processing /viper/ptmp/arego/Red_T_7K_1/5616.h5
2025-09-19 07:20:39,329 - INFO - Processing /viper/ptmp/arego/Red_T_7K_1/4396.h5
2025-09-19 07:20:39,356 - INFO - File 2169: Filtered 305559 hits and 4 records
2025-09-19 07:20:39,399 - INFO - File 8858: Filtered 518312 hits and 4 records
2025-09-19 07:20:39,522 - INFO - Completed /viper/ptmp/arego/Red_T_7K_1_EN_100/11485.h5 in 4.03 seconds
2025-09-19 07:20:39,599 - INFO - Completed /viper/ptmp/arego/Red_T_7K_1_EN_100/13967.h5 in 3.77 seconds
2025-09-19 07:20:39,608 - INFO - Completed /viper/ptmp/arego/Red_T_7K_1_EN_100/19073.h5 in 3.75 seconds
2025-09-19 07:20:39,610 - INFO - Processing /viper/ptmp/arego/Red_T_7K_1/5841.h5
2025-09-19 07:20:39,651 - INFO - Completed /viper/ptmp/arego/Red_T_7K_1_EN_100/8206.h5 in 3.50 seconds
2025-09-19 07:20:39,659 - INFO - File 5616: Filtered 772720 hits and 5 records
2025-09-19 07:20:39,692 - INFO - Processing /viper/ptmp/arego/Red_T_7K_1/7542.h5
2025-09-19 07:20:39,715 - INFO - Completed /viper/ptmp/arego/Red_T_7K_1_EN_100/18545.h5 in 4.36 seconds
2025-09-19 07:20:39,768 - INFO - File 4396: Filtered 652705 hits and 4 records
2025-09-19 07:20:39,879 - INFO - Processing /viper/ptmp/arego/Red_T_7K_1/18309.h5
2025-09-19 07:20:39,984 - INFO - File 5841: Filtered 595369 hits and 6 records
2025-09-19 07:20:39,991 - INFO - Processing /viper/ptmp/arego/Red_T_7K_1/13191.h5
2025-09-19 07:20:40,064 - INFO - File 7542: Filtered 299389 hits and 3 records
2025-09-19 07:20:40,117 - INFO - Processing /viper/ptmp/arego/Red_T_7K_1/11603.h5
2025-09-19 07:20:40,155 - INFO - Completed /viper/ptmp/arego/Red_T_7K_1_EN_100/3741.h5 in 2.60 seconds
2025-09-19 07:20:40,228 - INFO - Processing /viper/ptmp/arego/Red_T_7K_1/8698.h5
2025-09-19 07:20:40,289 - INFO - File 18309: Filtered 868416 hits and 6 records
2025-09-19 07:20:40,360 - INFO - File 13191: Filtered 237572 hits and 3 records
2025-09-19 07:20:40,392 - INFO - Completed /viper/ptmp/arego/Red_T_7K_1_EN_100/3214.h5 in 3.13 seconds
2025-09-19 07:20:40,407 - INFO - Completed /viper/ptmp/arego/Red_T_7K_1_EN_100/14875.h5 in 3.57 seconds
2025-09-19 07:20:40,476 - INFO - Completed /viper/ptmp/arego/Red_T_7K_1_EN_100/1324.h5 in 5.09 seconds
2025-09-19 07:20:40,487 - INFO - Processing /viper/ptmp/arego/Red_T_7K_1/22401.h5
2025-09-19 07:20:40,516 - INFO - Processing /viper/ptmp/arego/Red_T_7K_1/22640.h5
2025-09-19 07:20:40,539 - INFO - File 11603: Filtered 472038 hits and 3 records
2025-09-19 07:20:40,595 - INFO - File 8698: Filtered 464649 hits and 5 records
2025-09-19 07:20:40,612 - INFO - Processing /viper/ptmp/arego/Red_T_7K_1/8237.h5
2025-09-19 07:20:40,688 - INFO - Completed /viper/ptmp/arego/Red_T_7K_1_EN_100/6582.h5 in 4.81 seconds
2025-09-19 07:20:40,760 - INFO - Completed /viper/ptmp/arego/Red_T_7K_1_EN_100/12418.h5 in 4.46 seconds
2025-09-19 07:20:40,788 - INFO - Completed /viper/ptmp/arego/Red_T_7K_1_EN_100/7669.h5 in 4.30 seconds
2025-09-19 07:20:40,860 - INFO - Processing /viper/ptmp/arego/Red_T_7K_1/19601.h5
2025-09-19 07:20:40,887 - INFO - File 22401: Filtered 603842 hits and 3 records
2025-09-19 07:20:40,901 - INFO - File 22640: Filtered 35179 hits and 1 records
2025-09-19 07:20:40,924 - INFO - Processing /viper/ptmp/arego/Red_T_7K_1/12571.h5
2025-09-19 07:20:41,002 - INFO - File 8237: Filtered 291771 hits and 4 records
2025-09-19 07:20:41,067 - INFO - Completed /viper/ptmp/arego/Red_T_7K_1_EN_100/15969.h5 in 3.14 seconds
2025-09-19 07:20:41,263 - INFO - File 19601: Filtered 970197 hits and 2 records
2025-09-19 07:20:41,274 - INFO - Processing /viper/ptmp/arego/Red_T_7K_1/14393.h5
2025-09-19 07:20:41,307 - INFO - File 12571: Filtered 753226 hits and 9 records
2025-09-19 07:20:41,362 - INFO - Completed /viper/ptmp/arego/Red_T_7K_1_EN_100/14286.h5 in 4.34 seconds
2025-09-19 07:20:41,438 - INFO - Processing /viper/ptmp/arego/Red_T_7K_1/4476.h5
2025-09-19 07:20:41,578 - INFO - Processing /viper/ptmp/arego/Red_T_7K_1/10155.h5
2025-09-19 07:20:41,696 - INFO - File 14393: Filtered 564452 hits and 4 records
2025-09-19 07:20:41,711 - INFO - Completed /viper/ptmp/arego/Red_T_7K_1_EN_100/4396.h5 in 2.38 seconds
2025-09-19 07:20:41,800 - INFO - Processing /viper/ptmp/arego/Red_T_7K_1/12453.h5
2025-09-19 07:20:41,866 - INFO - File 4476: Filtered 224859 hits and 3 records
2025-09-19 07:20:41,912 - INFO - Completed /viper/ptmp/arego/Red_T_7K_1_EN_100/19539.h5 in 4.75 seconds
2025-09-19 07:20:41,956 - INFO - Completed /viper/ptmp/arego/Red_T_7K_1_EN_100/3453.h5 in 3.43 seconds
2025-09-19 07:20:41,999 - INFO - Processing /viper/ptmp/arego/Red_T_7K_1/15127.h5
2025-09-19 07:20:42,060 - INFO - File 10155: Filtered 645094 hits and 5 records
2025-09-19 07:20:42,064 - INFO - Completed /viper/ptmp/arego/Red_T_7K_1_EN_100/8095.h5 in 3.73 seconds
2025-09-19 07:20:42,089 - INFO - Processing /viper/ptmp/arego/Red_T_7K_1/519.h5
2025-09-19 07:20:42,232 - INFO - File 12453: Filtered 457524 hits and 6 records
2025-09-19 07:20:42,309 - INFO - Completed /viper/ptmp/arego/Red_T_7K_1_EN_100/4341.h5 in 3.86 seconds
2025-09-19 07:20:42,326 - INFO - Processing /viper/ptmp/arego/Red_T_7K_1/16220.h5
2025-09-19 07:20:42,389 - INFO - Processing /viper/ptmp/arego/Red_T_7K_1/15869.h5
2025-09-19 07:20:42,414 - INFO - Completed /viper/ptmp/arego/Red_T_7K_1_EN_100/8858.h5 in 3.54 seconds
2025-09-19 07:20:42,510 - INFO - File 15127: Filtered 487797 hits and 3 records
2025-09-19 07:20:42,531 - INFO - File 519: Filtered 469588 hits and 4 records
2025-09-19 07:20:42,536 - INFO - Processing /viper/ptmp/arego/Red_T_7K_1/14575.h5
2025-09-19 07:20:42,740 - INFO - File 15869: Filtered 493915 hits and 7 records
2025-09-19 07:20:42,798 - INFO - File 16220: Filtered 800490 hits and 5 records
2025-09-19 07:20:42,926 - INFO - Completed /viper/ptmp/arego/Red_T_7K_1_EN_100/3501.h5 in 5.56 seconds
2025-09-19 07:20:43,001 - INFO - Completed /viper/ptmp/arego/Red_T_7K_1_EN_100/2169.h5 in 4.02 seconds
2025-09-19 07:20:43,040 - INFO - File 14575: Filtered 261959 hits and 5 records
2025-09-19 07:20:43,048 - INFO - Processing /viper/ptmp/arego/Red_T_7K_1/839.h5
2025-09-19 07:20:43,074 - INFO - Processing /viper/ptmp/arego/Red_T_7K_1/1553.h5
2025-09-19 07:20:43,377 - INFO - Completed /viper/ptmp/arego/Red_T_7K_1_EN_100/5841.h5 in 3.77 seconds
2025-09-19 07:20:43,445 - INFO - Completed /viper/ptmp/arego/Red_T_7K_1_EN_100/5616.h5 in 4.21 seconds
2025-09-19 07:20:43,446 - INFO - Processing /viper/ptmp/arego/Red_T_7K_1/15889.h5
2025-09-19 07:20:43,463 - INFO - File 1553: Filtered 107878 hits and 2 records
2025-09-19 07:20:43,470 - INFO - File 839: Filtered 155849 hits and 2 records
2025-09-19 07:20:43,640 - INFO - Completed /viper/ptmp/arego/Red_T_7K_1_EN_100/19601.h5 in 2.78 seconds
2025-09-19 07:20:43,655 - INFO - Completed /viper/ptmp/arego/Red_T_7K_1_EN_100/7542.h5 in 3.96 seconds
2025-09-19 07:20:43,672 - INFO - Completed /viper/ptmp/arego/Red_T_7K_1_EN_100/6973.h5 in 5.48 seconds
2025-09-19 07:20:43,690 - INFO - Processing /viper/ptmp/arego/Red_T_7K_1/2550.h5
2025-09-19 07:20:43,727 - INFO - Processing /viper/ptmp/arego/Red_T_7K_1/19780.h5
2025-09-19 07:20:43,784 - INFO - File 15889: Filtered 853245 hits and 4 records
2025-09-19 07:20:43,784 - INFO - Processing /viper/ptmp/arego/Red_T_7K_1/11256.h5
2025-09-19 07:20:43,929 - INFO - Processing /viper/ptmp/arego/Red_T_7K_1/7123.h5
2025-09-19 07:20:44,123 - INFO - File 2550: Filtered 760105 hits and 5 records
2025-09-19 07:20:44,129 - INFO - File 19780: Filtered 1180338 hits and 3 records
2025-09-19 07:20:44,225 - INFO - File 11256: Filtered 650528 hits and 7 records
2025-09-19 07:20:44,229 - INFO - Completed /viper/ptmp/arego/Red_T_7K_1_EN_100/13191.h5 in 4.24 seconds
2025-09-19 07:20:44,250 - INFO - Completed /viper/ptmp/arego/Red_T_7K_1_EN_100/18309.h5 in 4.37 seconds
2025-09-19 07:20:44,284 - INFO - Completed /viper/ptmp/arego/Red_T_7K_1_EN_100/11603.h5 in 4.17 seconds
2025-09-19 07:20:44,299 - INFO - Processing /viper/ptmp/arego/Red_T_7K_1/17237.h5
2025-09-19 07:20:44,311 - INFO - File 7123: Filtered 437890 hits and 5 records
2025-09-19 07:20:44,328 - INFO - Processing /viper/ptmp/arego/Red_T_7K_1/20944.h5
2025-09-19 07:20:44,330 - INFO - Completed /viper/ptmp/arego/Red_T_7K_1_EN_100/12571.h5 in 3.41 seconds
2025-09-19 07:20:44,451 - INFO - Processing /viper/ptmp/arego/Red_T_7K_1/7244.h5
2025-09-19 07:20:44,482 - INFO - Completed /viper/ptmp/arego/Red_T_7K_1_EN_100/8698.h5 in 4.25 seconds
2025-09-19 07:20:44,541 - INFO - Processing /viper/ptmp/arego/Red_T_7K_1/3620.h5
2025-09-19 07:20:44,583 - INFO - Processing /viper/ptmp/arego/Red_T_7K_1/891.h5
2025-09-19 07:20:44,606 - INFO - Completed /viper/ptmp/arego/Red_T_7K_1_EN_100/14393.h5 in 3.33 seconds
2025-09-19 07:20:44,611 - INFO - Completed /viper/ptmp/arego/Red_T_7K_1_EN_100/22401.h5 in 4.12 seconds
2025-09-19 07:20:44,665 - INFO - File 17237: Filtered 564751 hits and 5 records
2025-09-19 07:20:44,716 - INFO - Processing /viper/ptmp/arego/Red_T_7K_1/3015.h5
2025-09-19 07:20:44,735 - INFO - Processing /viper/ptmp/arego/Red_T_7K_1/19474.h5
2025-09-19 07:20:44,753 - INFO - File 20944: Filtered 517725 hits and 5 records
2025-09-19 07:20:44,931 - INFO - File 7244: Filtered 344342 hits and 4 records
2025-09-19 07:20:44,973 - INFO - File 891: Filtered 638609 hits and 5 records
2025-09-19 07:20:45,028 - INFO - File 3620: Filtered 382222 hits and 3 records
2025-09-19 07:20:45,121 - INFO - Completed /viper/ptmp/arego/Red_T_7K_1_EN_100/22640.h5 in 4.60 seconds
2025-09-19 07:20:45,169 - INFO - File 3015: Filtered 207927 hits and 2 records
2025-09-19 07:20:45,214 - INFO - Processing /viper/ptmp/arego/Red_T_7K_1/21851.h5
2025-09-19 07:20:45,231 - INFO - File 19474: Filtered 505824 hits and 5 records
2025-09-19 07:20:45,524 - INFO - Completed /viper/ptmp/arego/Red_T_7K_1_EN_100/8237.h5 in 4.91 seconds
2025-09-19 07:20:45,643 - INFO - Processing /viper/ptmp/arego/Red_T_7K_1/20200.h5
2025-09-19 07:20:45,713 - INFO - File 21851: Filtered 470372 hits and 2 records
2025-09-19 07:20:45,927 - INFO - Completed /viper/ptmp/arego/Red_T_7K_1_EN_100/19780.h5 in 2.20 seconds
2025-09-19 07:20:45,995 - INFO - Processing /viper/ptmp/arego/Red_T_7K_1/8380.h5
2025-09-19 07:20:46,049 - INFO - Completed /viper/ptmp/arego/Red_T_7K_1_EN_100/15889.h5 in 2.60 seconds
2025-09-19 07:20:46,119 - INFO - Processing /viper/ptmp/arego/Red_T_7K_1/5552.h5
2025-09-19 07:20:46,194 - INFO - File 20200: Filtered 496658 hits and 4 records
2025-09-19 07:20:46,199 - INFO - Completed /viper/ptmp/arego/Red_T_7K_1_EN_100/12453.h5 in 4.40 seconds
2025-09-19 07:20:46,240 - INFO - Processing /viper/ptmp/arego/Red_T_7K_1/9390.h5
2025-09-19 07:20:46,413 - INFO - File 8380: Filtered 493301 hits and 5 records
2025-09-19 07:20:46,473 - INFO - Completed /viper/ptmp/arego/Red_T_7K_1_EN_100/16220.h5 in 4.15 seconds
2025-09-19 07:20:46,550 - INFO - Processing /viper/ptmp/arego/Red_T_7K_1/5936.h5
2025-09-19 07:20:46,555 - INFO - File 5552: Filtered 1736966 hits and 4 records
2025-09-19 07:20:46,568 - INFO - Completed /viper/ptmp/arego/Red_T_7K_1_EN_100/17237.h5 in 2.27 seconds
2025-09-19 07:20:46,623 - INFO - File 9390: Filtered 463087 hits and 5 records
2025-09-19 07:20:46,635 - INFO - Completed /viper/ptmp/arego/Red_T_7K_1_EN_100/15869.h5 in 4.25 seconds
2025-09-19 07:20:46,654 - INFO - Processing /viper/ptmp/arego/Red_T_7K_1/529.h5
2025-09-19 07:20:46,694 - INFO - Completed /viper/ptmp/arego/Red_T_7K_1_EN_100/4476.h5 in 5.26 seconds
2025-09-19 07:20:46,722 - INFO - Completed /viper/ptmp/arego/Red_T_7K_1_EN_100/10155.h5 in 5.14 seconds
2025-09-19 07:20:46,773 - INFO - Completed /viper/ptmp/arego/Red_T_7K_1_EN_100/5552.h5 in 0.65 seconds
2025-09-19 07:20:46,829 - INFO - Processing /viper/ptmp/arego/Red_T_7K_1/7232.h5
2025-09-19 07:20:46,843 - INFO - Processing /viper/ptmp/arego/Red_T_7K_1/22259.h5
2025-09-19 07:20:46,890 - INFO - Processing /viper/ptmp/arego/Red_T_7K_1/12419.h5
2025-09-19 07:20:46,979 - INFO - File 5936: Filtered 104803 hits and 3 records
2025-09-19 07:20:46,987 - INFO - File 529: Filtered 915807 hits and 7 records
2025-09-19 07:20:47,119 - INFO - Processing /viper/ptmp/arego/Red_T_7K_1/20015.h5
2025-09-19 07:20:47,135 - INFO - Completed /viper/ptmp/arego/Red_T_7K_1_EN_100/15127.h5 in 5.14 seconds
2025-09-19 07:20:47,167 - INFO - Completed /viper/ptmp/arego/Red_T_7K_1_EN_100/1553.h5 in 4.09 seconds
2025-09-19 07:20:47,231 - INFO - Processing /viper/ptmp/arego/Red_T_7K_1/2251.h5
2025-09-19 07:20:47,268 - INFO - File 22259: Filtered 1539692 hits and 7 records
2025-09-19 07:20:47,298 - INFO - File 7232: Filtered 483517 hits and 4 records
2025-09-19 07:20:47,324 - INFO - File 12419: Filtered 242853 hits and 2 records
2025-09-19 07:20:47,337 - INFO - Completed /viper/ptmp/arego/Red_T_7K_1_EN_100/2550.h5 in 3.65 seconds
2025-09-19 07:20:47,352 - INFO - Processing /viper/ptmp/arego/Red_T_7K_1/17435.h5
2025-09-19 07:20:47,534 - INFO - Processing /viper/ptmp/arego/Red_T_7K_1/5185.h5
2025-09-19 07:20:47,595 - INFO - File 20015: Filtered 1086325 hits and 7 records
2025-09-19 07:20:47,621 - INFO - Completed /viper/ptmp/arego/Red_T_7K_1_EN_100/519.h5 in 5.53 seconds
2025-09-19 07:20:47,662 - INFO - File 2251: Filtered 954941 hits and 5 records
2025-09-19 07:20:47,741 - INFO - Processing /viper/ptmp/arego/Red_T_7K_1/16843.h5
2025-09-19 07:20:47,840 - INFO - File 17435: Filtered 366291 hits and 2 records
2025-09-19 07:20:47,872 - INFO - Completed /viper/ptmp/arego/Red_T_7K_1_EN_100/14575.h5 in 5.34 seconds
2025-09-19 07:20:47,903 - INFO - File 5185: Filtered 520907 hits and 3 records
2025-09-19 07:20:48,048 - INFO - Completed /viper/ptmp/arego/Red_T_7K_1_EN_100/7123.h5 in 4.12 seconds
2025-09-19 07:20:48,076 - INFO - Processing /viper/ptmp/arego/Red_T_7K_1/7809.h5
2025-09-19 07:20:48,113 - INFO - Processing /viper/ptmp/arego/Red_T_7K_1/21707.h5
2025-09-19 07:20:48,274 - INFO - File 16843: Filtered 1046928 hits and 4 records
2025-09-19 07:20:48,367 - INFO - Completed /viper/ptmp/arego/Red_T_7K_1_EN_100/21851.h5 in 3.15 seconds
2025-09-19 07:20:48,429 - INFO - Completed /viper/ptmp/arego/Red_T_7K_1_EN_100/20944.h5 in 4.10 seconds
2025-09-19 07:20:48,441 - INFO - Processing /viper/ptmp/arego/Red_T_7K_1/22735.h5
2025-09-19 07:20:48,484 - INFO - Completed /viper/ptmp/arego/Red_T_7K_1_EN_100/839.h5 in 5.44 seconds
2025-09-19 07:20:48,505 - INFO - Processing /viper/ptmp/arego/Red_T_7K_1/2267.h5
2025-09-19 07:20:48,535 - INFO - File 21707: Filtered 1739076 hits and 6 records
2025-09-19 07:20:48,553 - INFO - Completed /viper/ptmp/arego/Red_T_7K_1_EN_100/22259.h5 in 1.71 seconds
2025-09-19 07:20:48,557 - INFO - File 7809: Filtered 1055889 hits and 6 records
2025-09-19 07:20:48,608 - INFO - Processing /viper/ptmp/arego/Red_T_7K_1/4912.h5
2025-09-19 07:20:48,669 - INFO - Processing /viper/ptmp/arego/Red_T_7K_1/2773.h5
2025-09-19 07:20:48,696 - INFO - Completed /viper/ptmp/arego/Red_T_7K_1_EN_100/529.h5 in 2.04 seconds
2025-09-19 07:20:48,740 - INFO - Processing /viper/ptmp/arego/Red_T_7K_1/15375.h5
2025-09-19 07:20:48,862 - INFO - File 22735: Filtered 430878 hits and 4 records
2025-09-19 07:20:48,909 - INFO - Completed /viper/ptmp/arego/Red_T_7K_1_EN_100/11256.h5 in 5.12 seconds
2025-09-19 07:20:48,952 - INFO - Completed /viper/ptmp/arego/Red_T_7K_1_EN_100/891.h5 in 4.37 seconds
2025-09-19 07:20:49,042 - INFO - Processing /viper/ptmp/arego/Red_T_7K_1/14045.h5
2025-09-19 07:20:49,051 - INFO - File 2267: Filtered 1608825 hits and 5 records
2025-09-19 07:20:49,131 - INFO - File 4912: Filtered 621162 hits and 4 records
2025-09-19 07:20:49,142 - INFO - Processing /viper/ptmp/arego/Red_T_7K_1/17967.h5
2025-09-19 07:20:49,153 - INFO - File 2773: Filtered 722031 hits and 4 records
2025-09-19 07:20:49,188 - INFO - Completed /viper/ptmp/arego/Red_T_7K_1_EN_100/21707.h5 in 1.08 seconds
2025-09-19 07:20:49,208 - INFO - File 15375: Filtered 486843 hits and 4 records
2025-09-19 07:20:49,229 - INFO - Processing /viper/ptmp/arego/Red_T_7K_1/8223.h5
2025-09-19 07:20:49,498 - INFO - File 14045: Filtered 736204 hits and 5 records
2025-09-19 07:20:49,510 - INFO - Completed /viper/ptmp/arego/Red_T_7K_1_EN_100/7809.h5 in 1.43 seconds
2025-09-19 07:20:49,574 - INFO - File 17967: Filtered 889433 hits and 7 records
2025-09-19 07:20:49,618 - INFO - Processing /viper/ptmp/arego/Red_T_7K_1/22849.h5
2025-09-19 07:20:49,685 - INFO - File 8223: Filtered 1583608 hits and 6 records
2025-09-19 07:20:49,731 - INFO - Completed /viper/ptmp/arego/Red_T_7K_1_EN_100/19474.h5 in 5.00 seconds
2025-09-19 07:20:49,801 - INFO - Completed /viper/ptmp/arego/Red_T_7K_1_EN_100/2267.h5 in 1.30 seconds
2025-09-19 07:20:49,842 - INFO - Processing /viper/ptmp/arego/Red_T_7K_1/613.h5
2025-09-19 07:20:49,986 - INFO - Processing /viper/ptmp/arego/Red_T_7K_1/788.h5
2025-09-19 07:20:50,027 - INFO - Completed /viper/ptmp/arego/Red_T_7K_1_EN_100/2251.h5 in 2.80 seconds
2025-09-19 07:20:50,067 - INFO - Processing /viper/ptmp/arego/Red_T_7K_1/20847.h5
2025-09-19 07:20:50,074 - INFO - Completed /viper/ptmp/arego/Red_T_7K_1_EN_100/20015.h5 in 2.95 seconds
2025-09-19 07:20:50,117 - INFO - Processing /viper/ptmp/arego/Red_T_7K_1/19366.h5
2025-09-19 07:20:50,156 - INFO - File 22849: Filtered 893455 hits and 5 records
2025-09-19 07:20:50,157 - INFO - Completed /viper/ptmp/arego/Red_T_7K_1_EN_100/7244.h5 in 5.71 seconds
2025-09-19 07:20:50,309 - INFO - File 613: Filtered 625687 hits and 3 records
2025-09-19 07:20:50,312 - INFO - Processing /viper/ptmp/arego/Red_T_7K_1/17699.h5
2025-09-19 07:20:50,487 - INFO - File 19366: Filtered 225180 hits and 3 records
2025-09-19 07:20:50,506 - INFO - File 20847: Filtered 631660 hits and 4 records
2025-09-19 07:20:50,524 - INFO - Completed /viper/ptmp/arego/Red_T_7K_1_EN_100/8380.h5 in 4.53 seconds
2025-09-19 07:20:50,568 - INFO - File 788: Filtered 812327 hits and 4 records
2025-09-19 07:20:50,583 - INFO - Completed /viper/ptmp/arego/Red_T_7K_1_EN_100/9390.h5 in 4.34 seconds
2025-09-19 07:20:50,606 - INFO - Processing /viper/ptmp/arego/Red_T_7K_1/7172.h5
2025-09-19 07:20:50,793 - INFO - File 17699: Filtered 472828 hits and 6 records
2025-09-19 07:20:50,802 - INFO - Completed /viper/ptmp/arego/Red_T_7K_1_EN_100/20200.h5 in 5.16 seconds
2025-09-19 07:20:50,862 - INFO - Processing /viper/ptmp/arego/Red_T_7K_1/16109.h5
2025-09-19 07:20:50,946 - INFO - Completed /viper/ptmp/arego/Red_T_7K_1_EN_100/3015.h5 in 6.23 seconds
2025-09-19 07:20:50,946 - INFO - Processing /viper/ptmp/arego/Red_T_7K_1/10715.h5
2025-09-19 07:20:51,015 - INFO - Processing /viper/ptmp/arego/Red_T_7K_1/17860.h5
2025-09-19 07:20:51,022 - INFO - Completed /viper/ptmp/arego/Red_T_7K_1_EN_100/16843.h5 in 3.28 seconds
2025-09-19 07:20:51,049 - INFO - File 7172: Filtered 782796 hits and 4 records
2025-09-19 07:20:51,226 - INFO - Processing /viper/ptmp/arego/Red_T_7K_1/22146.h5
2025-09-19 07:20:51,233 - INFO - Completed /viper/ptmp/arego/Red_T_7K_1_EN_100/3620.h5 in 6.69 seconds
2025-09-19 07:20:51,270 - INFO - File 16109: Filtered 649947 hits and 6 records
2025-09-19 07:20:51,342 - INFO - Completed /viper/ptmp/arego/Red_T_7K_1_EN_100/8223.h5 in 2.11 seconds
2025-09-19 07:20:51,353 - INFO - Completed /viper/ptmp/arego/Red_T_7K_1_EN_100/12419.h5 in 4.46 seconds
2025-09-19 07:20:51,376 - INFO - Processing /viper/ptmp/arego/Red_T_7K_1/16590.h5
2025-09-19 07:20:51,402 - INFO - Processing /viper/ptmp/arego/Red_T_7K_1/1840.h5
2025-09-19 07:20:51,439 - INFO - File 17860: Filtered 1215218 hits and 7 records
2025-09-19 07:20:51,453 - INFO - File 10715: Filtered 910229 hits and 6 records
2025-09-19 07:20:51,621 - INFO - Completed /viper/ptmp/arego/Red_T_7K_1_EN_100/5936.h5 in 5.07 seconds
2025-09-19 07:20:51,651 - INFO - Processing /viper/ptmp/arego/Red_T_7K_1/19607.h5
2025-09-19 07:20:51,796 - INFO - File 22146: Filtered 357026 hits and 5 records
2025-09-19 07:20:51,818 - INFO - Processing /viper/ptmp/arego/Red_T_7K_1/12691.h5
2025-09-19 07:20:51,840 - INFO - File 16590: Filtered 63671 hits and 1 records
2025-09-19 07:20:51,843 - INFO - File 1840: Filtered 767907 hits and 6 records
2025-09-19 07:20:51,930 - INFO - Completed /viper/ptmp/arego/Red_T_7K_1_EN_100/17435.h5 in 4.58 seconds
2025-09-19 07:20:51,974 - INFO - Completed /viper/ptmp/arego/Red_T_7K_1_EN_100/5185.h5 in 4.44 seconds
2025-09-19 07:20:52,014 - INFO - Processing /viper/ptmp/arego/Red_T_7K_1/5024.h5
2025-09-19 07:20:52,074 - INFO - Processing /viper/ptmp/arego/Red_T_7K_1/4030.h5
2025-09-19 07:20:52,214 - INFO - File 19607: Filtered 208637 hits and 3 records
2025-09-19 07:20:52,356 - INFO - File 12691: Filtered 699204 hits and 5 records
2025-09-19 07:20:52,390 - INFO - Completed /viper/ptmp/arego/Red_T_7K_1_EN_100/2773.h5 in 3.72 seconds
2025-09-19 07:20:52,523 - INFO - File 5024: Filtered 74228 hits and 2 records
2025-09-19 07:20:52,538 - INFO - Completed /viper/ptmp/arego/Red_T_7K_1_EN_100/14045.h5 in 3.50 seconds
2025-09-19 07:20:52,542 - INFO - Processing /viper/ptmp/arego/Red_T_7K_1/8444.h5
2025-09-19 07:20:52,600 - INFO - File 4030: Filtered 426686 hits and 4 records
2025-09-19 07:20:52,667 - INFO - Processing /viper/ptmp/arego/Red_T_7K_1/9444.h5
2025-09-19 07:20:52,729 - INFO - Completed /viper/ptmp/arego/Red_T_7K_1_EN_100/22735.h5 in 4.29 seconds
2025-09-19 07:20:52,755 - INFO - Completed /viper/ptmp/arego/Red_T_7K_1_EN_100/7232.h5 in 5.93 seconds
2025-09-19 07:20:52,764 - INFO - Completed /viper/ptmp/arego/Red_T_7K_1_EN_100/15375.h5 in 4.02 seconds
2025-09-19 07:20:52,771 - INFO - Processing /viper/ptmp/arego/Red_T_7K_1/7707.h5
2025-09-19 07:20:52,877 - INFO - Completed /viper/ptmp/arego/Red_T_7K_1_EN_100/22849.h5 in 3.26 seconds
2025-09-19 07:20:52,932 - INFO - Processing /viper/ptmp/arego/Red_T_7K_1/8896.h5
2025-09-19 07:20:53,046 - INFO - Processing /viper/ptmp/arego/Red_T_7K_1/2137.h5
2025-09-19 07:20:53,167 - INFO - File 9444: Filtered 999399 hits and 8 records
2025-09-19 07:20:53,181 - INFO - File 8444: Filtered 125330 hits and 1 records
2025-09-19 07:20:53,208 - INFO - File 7707: Filtered 957266 hits and 6 records
2025-09-19 07:20:53,251 - INFO - Processing /viper/ptmp/arego/Red_T_7K_1/19534.h5
2025-09-19 07:20:53,281 - INFO - Completed /viper/ptmp/arego/Red_T_7K_1_EN_100/17967.h5 in 4.14 seconds
2025-09-19 07:20:53,330 - INFO - Processing /viper/ptmp/arego/Red_T_7K_1/5144.h5
2025-09-19 07:20:53,480 - INFO - File 8896: Filtered 1152112 hits and 3 records
2025-09-19 07:20:53,596 - INFO - File 2137: Filtered 812188 hits and 7 records
2025-09-19 07:20:53,761 - INFO - File 5144: Filtered 709824 hits and 6 records
2025-09-19 07:20:53,777 - INFO - File 19534: Filtered 421386 hits and 3 records
2025-09-19 07:20:53,823 - INFO - Completed /viper/ptmp/arego/Red_T_7K_1_EN_100/4912.h5 in 5.22 seconds
2025-09-19 07:20:53,949 - INFO - Processing /viper/ptmp/arego/Red_T_7K_1/8872.h5
2025-09-19 07:20:54,077 - INFO - Completed /viper/ptmp/arego/Red_T_7K_1_EN_100/20847.h5 in 4.01 seconds
2025-09-19 07:20:54,140 - INFO - Processing /viper/ptmp/arego/Red_T_7K_1/3342.h5
2025-09-19 07:20:54,384 - INFO - File 8872: Filtered 382480 hits and 5 records
2025-09-19 07:20:54,493 - INFO - Completed /viper/ptmp/arego/Red_T_7K_1_EN_100/19366.h5 in 4.38 seconds
2025-09-19 07:20:54,549 - INFO - Completed /viper/ptmp/arego/Red_T_7K_1_EN_100/7172.h5 in 3.94 seconds
2025-09-19 07:20:54,556 - INFO - Processing /viper/ptmp/arego/Red_T_7K_1/22603.h5
2025-09-19 07:20:54,602 - INFO - File 3342: Filtered 1303181 hits and 7 records
2025-09-19 07:20:54,610 - INFO - Completed /viper/ptmp/arego/Red_T_7K_1_EN_100/17860.h5 in 3.60 seconds
2025-09-19 07:20:54,688 - INFO - Processing /viper/ptmp/arego/Red_T_7K_1/145.h5
2025-09-19 07:20:54,781 - INFO - Processing /viper/ptmp/arego/Red_T_7K_1/16807.h5
2025-09-19 07:20:54,894 - INFO - Completed /viper/ptmp/arego/Red_T_7K_1_EN_100/16109.h5 in 4.03 seconds
2025-09-19 07:20:55,019 - INFO - Processing /viper/ptmp/arego/Red_T_7K_1/15876.h5
2025-09-19 07:20:55,024 - INFO - File 22603: Filtered 468915 hits and 4 records
2025-09-19 07:20:55,168 - INFO - File 145: Filtered 1020387 hits and 7 records
2025-09-19 07:20:55,185 - INFO - Completed /viper/ptmp/arego/Red_T_7K_1_EN_100/1840.h5 in 3.78 seconds
2025-09-19 07:20:55,235 - INFO - File 16807: Filtered 769807 hits and 3 records
2025-09-19 07:20:55,266 - INFO - Processing /viper/ptmp/arego/Red_T_7K_1/9528.h5
2025-09-19 07:20:55,356 - INFO - Completed /viper/ptmp/arego/Red_T_7K_1_EN_100/788.h5 in 5.37 seconds
2025-09-19 07:20:55,463 - INFO - Processing /viper/ptmp/arego/Red_T_7K_1/17535.h5
2025-09-19 07:20:55,500 - INFO - File 15876: Filtered 242830 hits and 2 records
2025-09-19 07:20:55,703 - INFO - File 9528: Filtered 735807 hits and 5 records
2025-09-19 07:20:55,722 - INFO - Completed /viper/ptmp/arego/Red_T_7K_1_EN_100/10715.h5 in 4.78 seconds
2025-09-19 07:20:55,850 - INFO - Processing /viper/ptmp/arego/Red_T_7K_1/18624.h5
2025-09-19 07:20:55,881 - INFO - Completed /viper/ptmp/arego/Red_T_7K_1_EN_100/17699.h5 in 5.57 seconds
2025-09-19 07:20:55,915 - INFO - Completed /viper/ptmp/arego/Red_T_7K_1_EN_100/12691.h5 in 4.10 seconds
2025-09-19 07:20:55,937 - INFO - Completed /viper/ptmp/arego/Red_T_7K_1_EN_100/9444.h5 in 3.27 seconds
2025-09-19 07:20:55,941 - INFO - File 17535: Filtered 967188 hits and 7 records
2025-09-19 07:20:55,980 - INFO - Processing /viper/ptmp/arego/Red_T_7K_1/23354.h5
2025-09-19 07:20:56,028 - INFO - Completed /viper/ptmp/arego/Red_T_7K_1_EN_100/8896.h5 in 3.10 seconds
2025-09-19 07:20:56,115 - INFO - Processing /viper/ptmp/arego/Red_T_7K_1/2934.h5
2025-09-19 07:20:56,173 - INFO - Completed /viper/ptmp/arego/Red_T_7K_1_EN_100/613.h5 in 6.33 seconds
2025-09-19 07:20:56,330 - INFO - Processing /viper/ptmp/arego/Red_T_7K_1/10515.h5
2025-09-19 07:20:56,368 - INFO - File 18624: Filtered 674729 hits and 6 records
2025-09-19 07:20:56,403 - INFO - Processing /viper/ptmp/arego/Red_T_7K_1/19556.h5
2025-09-19 07:20:56,439 - INFO - Completed /viper/ptmp/arego/Red_T_7K_1_EN_100/7707.h5 in 3.67 seconds
2025-09-19 07:20:56,443 - INFO - File 23354: Filtered 1003395 hits and 5 records
2025-09-19 07:20:56,511 - INFO - Processing /viper/ptmp/arego/Red_T_7K_1/14332.h5
2025-09-19 07:20:56,656 - INFO - File 2934: Filtered 559906 hits and 4 records
2025-09-19 07:20:56,750 - INFO - Completed /viper/ptmp/arego/Red_T_7K_1_EN_100/5024.h5 in 4.74 seconds
2025-09-19 07:20:56,752 - INFO - File 10515: Filtered 428428 hits and 5 records
2025-09-19 07:20:56,768 - INFO - Processing /viper/ptmp/arego/Red_T_7K_1/18027.h5
2025-09-19 07:20:56,790 - INFO - Processing /viper/ptmp/arego/Red_T_7K_1/770.h5
2025-09-19 07:20:56,964 - INFO - Completed /viper/ptmp/arego/Red_T_7K_1_EN_100/5144.h5 in 3.63 seconds
2025-09-19 07:20:56,982 - INFO - File 19556: Filtered 518603 hits and 4 records
2025-09-19 07:20:57,016 - INFO - File 14332: Filtered 562052 hits and 4 records
2025-09-19 07:20:57,057 - INFO - Processing /viper/ptmp/arego/Red_T_7K_1/19872.h5
2025-09-19 07:20:57,228 - INFO - File 18027: Filtered 554147 hits and 4 records
2025-09-19 07:20:57,357 - INFO - File 770: Filtered 563514 hits and 5 records
2025-09-19 07:20:57,479 - INFO - Completed /viper/ptmp/arego/Red_T_7K_1_EN_100/2137.h5 in 4.43 seconds
2025-09-19 07:20:57,499 - INFO - Completed /viper/ptmp/arego/Red_T_7K_1_EN_100/16590.h5 in 6.12 seconds
2025-09-19 07:20:57,567 - INFO - Processing /viper/ptmp/arego/Red_T_7K_1/17421.h5
2025-09-19 07:20:57,571 - INFO - Processing /viper/ptmp/arego/Red_T_7K_1/8358.h5
2025-09-19 07:20:57,596 - INFO - File 19872: Filtered 78595 hits and 2 records
2025-09-19 07:20:57,799 - INFO - Completed /viper/ptmp/arego/Red_T_7K_1_EN_100/16807.h5 in 3.02 seconds
2025-09-19 07:20:57,879 - INFO - Processing /viper/ptmp/arego/Red_T_7K_1/5592.h5
2025-09-19 07:20:58,014 - INFO - File 17421: Filtered 1518176 hits and 8 records
2025-09-19 07:20:58,116 - INFO - File 8358: Filtered 585827 hits and 3 records
2025-09-19 07:20:58,181 - INFO - Completed /viper/ptmp/arego/Red_T_7K_1_EN_100/22146.h5 in 6.96 seconds
2025-09-19 07:20:58,249 - INFO - Completed /viper/ptmp/arego/Red_T_7K_1_EN_100/145.h5 in 3.56 seconds
2025-09-19 07:20:58,308 - INFO - Processing /viper/ptmp/arego/Red_T_7K_1/19967.h5
2025-09-19 07:20:58,336 - INFO - Processing /viper/ptmp/arego/Red_T_7K_1/19757.h5
2025-09-19 07:20:58,382 - INFO - Completed /viper/ptmp/arego/Red_T_7K_1_EN_100/17535.h5 in 2.92 seconds
2025-09-19 07:20:58,390 - INFO - Completed /viper/ptmp/arego/Red_T_7K_1_EN_100/3342.h5 in 4.25 seconds
2025-09-19 07:20:58,430 - INFO - File 5592: Filtered 943330 hits and 8 records
2025-09-19 07:20:58,565 - INFO - Processing /viper/ptmp/arego/Red_T_7K_1/7222.h5
2025-09-19 07:20:58,578 - INFO - Processing /viper/ptmp/arego/Red_T_7K_1/12489.h5
2025-09-19 07:20:58,757 - INFO - File 19967: Filtered 759370 hits and 7 records
2025-09-19 07:20:58,787 - INFO - Completed /viper/ptmp/arego/Red_T_7K_1_EN_100/4030.h5 in 6.71 seconds
2025-09-19 07:20:58,833 - INFO - Processing /viper/ptmp/arego/Red_T_7K_1/11378.h5
2025-09-19 07:20:58,854 - INFO - File 19757: Filtered 588394 hits and 4 records
2025-09-19 07:20:58,974 - INFO - Completed /viper/ptmp/arego/Red_T_7K_1_EN_100/19607.h5 in 7.32 seconds
2025-09-19 07:20:59,079 - INFO - Processing /viper/ptmp/arego/Red_T_7K_1/17223.h5
2025-09-19 07:20:59,084 - INFO - File 12489: Filtered 1021530 hits and 4 records
2025-09-19 07:20:59,091 - INFO - File 7222: Filtered 891213 hits and 5 records
2025-09-19 07:20:59,315 - INFO - File 11378: Filtered 1389271 hits and 3 records
2025-09-19 07:20:59,546 - INFO - Completed /viper/ptmp/arego/Red_T_7K_1_EN_100/9528.h5 in 4.28 seconds
2025-09-19 07:20:59,609 - INFO - File 17223: Filtered 875726 hits and 3 records
2025-09-19 07:20:59,611 - INFO - Processing /viper/ptmp/arego/Red_T_7K_1/14083.h5
2025-09-19 07:20:59,714 - INFO - Completed /viper/ptmp/arego/Red_T_7K_1_EN_100/8872.h5 in 5.76 seconds
2025-09-19 07:20:59,840 - INFO - Processing /viper/ptmp/arego/Red_T_7K_1/10905.h5
2025-09-19 07:20:59,959 - INFO - Completed /viper/ptmp/arego/Red_T_7K_1_EN_100/19534.h5 in 6.71 seconds
2025-09-19 07:21:00,018 - INFO - Completed /viper/ptmp/arego/Red_T_7K_1_EN_100/17421.h5 in 2.45 seconds
2025-09-19 07:21:00,066 - INFO - Processing /viper/ptmp/arego/Red_T_7K_1/1520.h5
2025-09-19 07:21:00,127 - INFO - File 14083: Filtered 970480 hits and 5 records
2025-09-19 07:21:00,188 - INFO - Processing /viper/ptmp/arego/Red_T_7K_1/13833.h5
2025-09-19 07:21:00,284 - INFO - Completed /viper/ptmp/arego/Red_T_7K_1_EN_100/10515.h5 in 3.95 seconds
2025-09-19 07:21:00,296 - INFO - Completed /viper/ptmp/arego/Red_T_7K_1_EN_100/8444.h5 in 7.75 seconds
2025-09-19 07:21:00,398 - INFO - Processing /viper/ptmp/arego/Red_T_7K_1/6963.h5
2025-09-19 07:21:00,425 - INFO - Completed /viper/ptmp/arego/Red_T_7K_1_EN_100/23354.h5 in 4.45 seconds
2025-09-19 07:21:00,455 - INFO - File 10905: Filtered 891716 hits and 4 records
2025-09-19 07:21:00,521 - INFO - File 1520: Filtered 951269 hits and 7 records
2025-09-19 07:21:00,592 - INFO - Processing /viper/ptmp/arego/Red_T_7K_1/10851.h5
2025-09-19 07:21:00,715 - INFO - Completed /viper/ptmp/arego/Red_T_7K_1_EN_100/22603.h5 in 6.16 seconds
2025-09-19 07:21:00,785 - INFO - Processing /viper/ptmp/arego/Red_T_7K_1/14920.h5
2025-09-19 07:21:00,808 - INFO - File 13833: Filtered 592277 hits and 4 records
2025-09-19 07:21:00,827 - INFO - Processing /viper/ptmp/arego/Red_T_7K_1/17763.h5
2025-09-19 07:21:00,852 - INFO - File 6963: Filtered 1030429 hits and 3 records
2025-09-19 07:21:00,882 - INFO - Completed /viper/ptmp/arego/Red_T_7K_1_EN_100/14332.h5 in 4.37 seconds
2025-09-19 07:21:01,067 - INFO - Completed /viper/ptmp/arego/Red_T_7K_1_EN_100/18624.h5 in 5.22 seconds
2025-09-19 07:21:01,075 - INFO - Processing /viper/ptmp/arego/Red_T_7K_1/833.h5
2025-09-19 07:21:01,200 - INFO - Processing /viper/ptmp/arego/Red_T_7K_1/21505.h5
2025-09-19 07:21:01,211 - INFO - File 10851: Filtered 301450 hits and 4 records
2025-09-19 07:21:01,311 - INFO - File 14920: Filtered 195595 hits and 4 records
2025-09-19 07:21:01,316 - INFO - Completed /viper/ptmp/arego/Red_T_7K_1_EN_100/2934.h5 in 5.20 seconds
2025-09-19 07:21:01,365 - INFO - File 17763: Filtered 1311448 hits and 3 records
2025-09-19 07:21:01,541 - INFO - Processing /viper/ptmp/arego/Red_T_7K_1/4762.h5
2025-09-19 07:21:01,612 - INFO - Completed /viper/ptmp/arego/Red_T_7K_1_EN_100/19556.h5 in 5.21 seconds
2025-09-19 07:21:01,620 - INFO - Completed /viper/ptmp/arego/Red_T_7K_1_EN_100/12489.h5 in 3.04 seconds
2025-09-19 07:21:01,633 - INFO - File 21505: Filtered 662236 hits and 5 records
2025-09-19 07:21:01,667 - INFO - File 833: Filtered 626971 hits and 3 records
2025-09-19 07:21:01,814 - INFO - Completed /viper/ptmp/arego/Red_T_7K_1_EN_100/15876.h5 in 6.80 seconds
2025-09-19 07:21:01,821 - INFO - Processing /viper/ptmp/arego/Red_T_7K_1/15082.h5
2025-09-19 07:21:01,879 - INFO - Completed /viper/ptmp/arego/Red_T_7K_1_EN_100/5592.h5 in 4.00 seconds
2025-09-19 07:21:01,881 - INFO - Processing /viper/ptmp/arego/Red_T_7K_1/20882.h5
2025-09-19 07:21:02,056 - INFO - File 4762: Filtered 373246 hits and 4 records
2025-09-19 07:21:02,128 - INFO - Processing /viper/ptmp/arego/Red_T_7K_1/11627.h5
2025-09-19 07:21:02,148 - INFO - Processing /viper/ptmp/arego/Red_T_7K_1/16457.h5
2025-09-19 07:21:02,274 - INFO - Completed /viper/ptmp/arego/Red_T_7K_1_EN_100/7222.h5 in 3.71 seconds
2025-09-19 07:21:02,337 - INFO - Processing /viper/ptmp/arego/Red_T_7K_1/20982.h5
2025-09-19 07:21:02,381 - INFO - File 15082: Filtered 1208799 hits and 8 records
2025-09-19 07:21:02,389 - INFO - File 20882: Filtered 759241 hits and 5 records
2025-09-19 07:21:02,590 - INFO - Completed /viper/ptmp/arego/Red_T_7K_1_EN_100/18027.h5 in 5.82 seconds
2025-09-19 07:21:02,648 - INFO - Completed /viper/ptmp/arego/Red_T_7K_1_EN_100/11378.h5 in 3.81 seconds
2025-09-19 07:21:02,696 - INFO - File 16457: Filtered 195326 hits and 2 records
2025-09-19 07:21:02,712 - INFO - Processing /viper/ptmp/arego/Red_T_7K_1/1610.h5
2025-09-19 07:21:02,712 - INFO - Processing /viper/ptmp/arego/Red_T_7K_1/8437.h5
2025-09-19 07:21:02,753 - INFO - File 11627: Filtered 818694 hits and 5 records
2025-09-19 07:21:02,877 - INFO - File 20982: Filtered 64088 hits and 2 records
2025-09-19 07:21:02,880 - INFO - Completed /viper/ptmp/arego/Red_T_7K_1_EN_100/19967.h5 in 4.57 seconds
2025-09-19 07:21:02,992 - INFO - Processing /viper/ptmp/arego/Red_T_7K_1/8029.h5
2025-09-19 07:21:03,101 - INFO - Completed /viper/ptmp/arego/Red_T_7K_1_EN_100/770.h5 in 6.31 seconds
2025-09-19 07:21:03,137 - INFO - Completed /viper/ptmp/arego/Red_T_7K_1_EN_100/6963.h5 in 2.74 seconds
2025-09-19 07:21:03,165 - INFO - Processing /viper/ptmp/arego/Red_T_7K_1/3820.h5
2025-09-19 07:21:03,195 - INFO - Completed /viper/ptmp/arego/Red_T_7K_1_EN_100/8358.h5 in 5.62 seconds
2025-09-19 07:21:03,224 - INFO - File 1610: Filtered 1734154 hits and 6 records
2025-09-19 07:21:03,232 - INFO - Completed /viper/ptmp/arego/Red_T_7K_1_EN_100/17223.h5 in 4.15 seconds
2025-09-19 07:21:03,322 - INFO - File 8437: Filtered 228982 hits and 3 records
2025-09-19 07:21:03,390 - INFO - Processing /viper/ptmp/arego/Red_T_7K_1/18583.h5
2025-09-19 07:21:03,478 - INFO - Processing /viper/ptmp/arego/Red_T_7K_1/8806.h5
2025-09-19 07:21:03,539 - INFO - File 8029: Filtered 1147164 hits and 5 records
2025-09-19 07:21:03,708 - INFO - File 3820: Filtered 1028609 hits and 4 records
2025-09-19 07:21:03,717 - INFO - Processing /viper/ptmp/arego/Red_T_7K_1/13181.h5
2025-09-19 07:21:03,944 - INFO - File 18583: Filtered 1914096 hits and 2 records
2025-09-19 07:21:04,023 - INFO - Completed /viper/ptmp/arego/Red_T_7K_1_EN_100/14083.h5 in 4.41 seconds
2025-09-19 07:21:04,050 - INFO - File 8806: Filtered 1213492 hits and 3 records
2025-09-19 07:21:04,091 - INFO - Processing /viper/ptmp/arego/Red_T_7K_1/17465.h5
2025-09-19 07:21:04,220 - INFO - File 13181: Filtered 1446366 hits and 5 records
2025-09-19 07:21:04,238 - INFO - Completed /viper/ptmp/arego/Red_T_7K_1_EN_100/19757.h5 in 5.90 seconds
2025-09-19 07:21:04,324 - INFO - Processing /viper/ptmp/arego/Red_T_7K_1/6871.h5
2025-09-19 07:21:04,570 - INFO - Completed /viper/ptmp/arego/Red_T_7K_1_EN_100/1520.h5 in 4.50 seconds
2025-09-19 07:21:04,617 - INFO - File 17465: Filtered 1201180 hits and 4 records
2025-09-19 07:21:04,654 - INFO - Processing /viper/ptmp/arego/Red_T_7K_1/5530.h5
2025-09-19 07:21:04,718 - INFO - Completed /viper/ptmp/arego/Red_T_7K_1_EN_100/10905.h5 in 4.88 seconds
2025-09-19 07:21:04,815 - INFO - Completed /viper/ptmp/arego/Red_T_7K_1_EN_100/21505.h5 in 3.61 seconds
2025-09-19 07:21:04,848 - INFO - Processing /viper/ptmp/arego/Red_T_7K_1/17624.h5
2025-09-19 07:21:04,912 - INFO - File 6871: Filtered 724241 hits and 3 records
2025-09-19 07:21:04,982 - INFO - Completed /viper/ptmp/arego/Red_T_7K_1_EN_100/17763.h5 in 4.16 seconds
2025-09-19 07:21:04,986 - INFO - Completed /viper/ptmp/arego/Red_T_7K_1_EN_100/19872.h5 in 7.93 seconds
2025-09-19 07:21:05,010 - INFO - Completed /viper/ptmp/arego/Red_T_7K_1_EN_100/15082.h5 in 3.19 seconds
2025-09-19 07:21:05,044 - INFO - Processing /viper/ptmp/arego/Red_T_7K_1/16051.h5
2025-09-19 07:21:05,045 - INFO - Processing /viper/ptmp/arego/Red_T_7K_1/20070.h5
2025-09-19 07:21:05,140 - INFO - File 5530: Filtered 587042 hits and 5 records
2025-09-19 07:21:05,198 - INFO - Processing /viper/ptmp/arego/Red_T_7K_1/8726.h5
2025-09-19 07:21:05,316 - INFO - Completed /viper/ptmp/arego/Red_T_7K_1_EN_100/1610.h5 in 2.60 seconds
2025-09-19 07:21:05,386 - INFO - Processing /viper/ptmp/arego/Red_T_7K_1/15523.h5
2025-09-19 07:21:05,400 - INFO - File 17624: Filtered 767896 hits and 4 records
2025-09-19 07:21:05,483 - INFO - Processing /viper/ptmp/arego/Red_T_7K_1/4544.h5
2025-09-19 07:21:05,551 - INFO - File 20070: Filtered 1251849 hits and 7 records
2025-09-19 07:21:05,569 - INFO - File 16051: Filtered 466873 hits and 3 records
2025-09-19 07:21:05,600 - INFO - Completed /viper/ptmp/arego/Red_T_7K_1_EN_100/18583.h5 in 2.21 seconds
2025-09-19 07:21:05,733 - INFO - Completed /viper/ptmp/arego/Red_T_7K_1_EN_100/13833.h5 in 5.54 seconds
2025-09-19 07:21:05,738 - INFO - Processing /viper/ptmp/arego/Red_T_7K_1/7915.h5
2025-09-19 07:21:05,770 - INFO - File 8726: Filtered 579651 hits and 5 records
2025-09-19 07:21:05,823 - INFO - Processing /viper/ptmp/arego/Red_T_7K_1/18049.h5
2025-09-19 07:21:05,939 - INFO - File 15523: Filtered 1931911 hits and 7 records
2025-09-19 07:21:06,094 - INFO - File 4544: Filtered 429859 hits and 1 records
2025-09-19 07:21:06,281 - INFO - File 7915: Filtered 1301151 hits and 5 records
2025-09-19 07:21:06,322 - INFO - Completed /viper/ptmp/arego/Red_T_7K_1_EN_100/20882.h5 in 4.44 seconds
2025-09-19 07:21:06,402 - INFO - Processing /viper/ptmp/arego/Red_T_7K_1/6764.h5
2025-09-19 07:21:06,460 - INFO - File 18049: Filtered 50344 hits and 1 records
2025-09-19 07:21:06,966 - INFO - File 6764: Filtered 1910517 hits and 5 records
2025-09-19 07:21:07,024 - INFO - Completed /viper/ptmp/arego/Red_T_7K_1_EN_100/20982.h5 in 4.69 seconds
2025-09-19 07:21:07,081 - INFO - Completed /viper/ptmp/arego/Red_T_7K_1_EN_100/11627.h5 in 4.95 seconds
2025-09-19 07:21:07,091 - INFO - Processing /viper/ptmp/arego/Red_T_7K_1/16197.h5
2025-09-19 07:21:07,114 - INFO - Completed /viper/ptmp/arego/Red_T_7K_1_EN_100/4762.h5 in 5.57 seconds
2025-09-19 07:21:07,185 - INFO - Processing /viper/ptmp/arego/Red_T_7K_1/13409.h5
2025-09-19 07:21:07,285 - INFO - Completed /viper/ptmp/arego/Red_T_7K_1_EN_100/8029.h5 in 4.29 seconds
2025-09-19 07:21:07,440 - INFO - Processing /viper/ptmp/arego/Red_T_7K_1/9052.h5
2025-09-19 07:21:07,471 - INFO - Completed /viper/ptmp/arego/Red_T_7K_1_EN_100/833.h5 in 6.40 seconds
2025-09-19 07:21:07,474 - INFO - Processing /viper/ptmp/arego/Red_T_7K_1/2296.h5
2025-09-19 07:21:07,544 - INFO - Processing /viper/ptmp/arego/Red_T_7K_1/15566.h5
2025-09-19 07:21:07,548 - INFO - Completed /viper/ptmp/arego/Red_T_7K_1_EN_100/3820.h5 in 4.38 seconds
2025-09-19 07:21:07,630 - INFO - File 16197: Filtered 652583 hits and 4 records
2025-09-19 07:21:07,774 - INFO - File 13409: Filtered 628100 hits and 4 records
2025-09-19 07:21:07,791 - INFO - Completed /viper/ptmp/arego/Red_T_7K_1_EN_100/8806.h5 in 4.31 seconds
2025-09-19 07:21:07,805 - INFO - Processing /viper/ptmp/arego/Red_T_7K_1/8819.h5
2025-09-19 07:21:07,878 - INFO - Completed /viper/ptmp/arego/Red_T_7K_1_EN_100/15523.h5 in 2.49 seconds
2025-09-19 07:21:07,968 - INFO - Processing /viper/ptmp/arego/Red_T_7K_1/6932.h5
2025-09-19 07:21:08,029 - INFO - File 15566: Filtered 469327 hits and 5 records
2025-09-19 07:21:08,044 - INFO - File 9052: Filtered 1978816 hits and 5 records
2025-09-19 07:21:08,047 - INFO - Processing /viper/ptmp/arego/Red_T_7K_1/19710.h5
2025-09-19 07:21:08,065 - INFO - File 2296: Filtered 1484379 hits and 7 records
2025-09-19 07:21:08,149 - INFO - Completed /viper/ptmp/arego/Red_T_7K_1_EN_100/13181.h5 in 4.43 seconds
2025-09-19 07:21:08,153 - INFO - Completed /viper/ptmp/arego/Red_T_7K_1_EN_100/17465.h5 in 4.06 seconds
2025-09-19 07:21:08,262 - INFO - Processing /viper/ptmp/arego/Red_T_7K_1/6457.h5
2025-09-19 07:21:08,268 - INFO - Processing /viper/ptmp/arego/Red_T_7K_1/6059.h5
2025-09-19 07:21:08,335 - INFO - Completed /viper/ptmp/arego/Red_T_7K_1_EN_100/6764.h5 in 1.93 seconds
2025-09-19 07:21:08,383 - INFO - Completed /viper/ptmp/arego/Red_T_7K_1_EN_100/10851.h5 in 7.79 seconds
2025-09-19 07:21:08,417 - INFO - File 8819: Filtered 1190695 hits and 6 records
2025-09-19 07:21:08,458 - INFO - Processing /viper/ptmp/arego/Red_T_7K_1/18884.h5
2025-09-19 07:21:08,527 - INFO - File 6932: Filtered 1111963 hits and 5 records
2025-09-19 07:21:08,551 - INFO - Processing /viper/ptmp/arego/Red_T_7K_1/16064.h5
2025-09-19 07:21:08,670 - INFO - File 19710: Filtered 291668 hits and 5 records
2025-09-19 07:21:08,795 - INFO - File 6457: Filtered 1191766 hits and 5 records
2025-09-19 07:21:08,855 - INFO - File 6059: Filtered 2023188 hits and 3 records
2025-09-19 07:21:09,068 - INFO - File 18884: Filtered 1264807 hits and 7 records
2025-09-19 07:21:09,139 - INFO - Completed /viper/ptmp/arego/Red_T_7K_1_EN_100/14920.h5 in 8.35 seconds
2025-09-19 07:21:09,165 - INFO - File 16064: Filtered 821262 hits and 4 records
2025-09-19 07:21:09,211 - INFO - Processing /viper/ptmp/arego/Red_T_7K_1/5787.h5
2025-09-19 07:21:09,584 - INFO - Completed /viper/ptmp/arego/Red_T_7K_1_EN_100/16457.h5 in 7.44 seconds
2025-09-19 07:21:09,614 - INFO - Completed /viper/ptmp/arego/Red_T_7K_1_EN_100/20070.h5 in 4.57 seconds
2025-09-19 07:21:09,664 - INFO - Processing /viper/ptmp/arego/Red_T_7K_1/6659.h5
2025-09-19 07:21:09,757 - INFO - File 5787: Filtered 1795205 hits and 5 records
2025-09-19 07:21:09,909 - INFO - Completed /viper/ptmp/arego/Red_T_7K_1_EN_100/7915.h5 in 4.17 seconds
2025-09-19 07:21:09,918 - INFO - Processing /viper/ptmp/arego/Red_T_7K_1/4215.h5
2025-09-19 07:21:09,972 - INFO - Processing /viper/ptmp/arego/Red_T_7K_1/1992.h5
2025-09-19 07:21:10,221 - INFO - File 6659: Filtered 1725389 hits and 7 records
2025-09-19 07:21:10,412 - INFO - Completed /viper/ptmp/arego/Red_T_7K_1_EN_100/6871.h5 in 6.09 seconds
2025-09-19 07:21:10,522 - INFO - Processing /viper/ptmp/arego/Red_T_7K_1/15565.h5
2025-09-19 07:21:10,664 - INFO - Completed /viper/ptmp/arego/Red_T_7K_1_EN_100/2296.h5 in 3.19 seconds
2025-09-19 07:21:10,730 - INFO - File 4215: Filtered 227986 hits and 3 records
2025-09-19 07:21:10,734 - INFO - File 1992: Filtered 29743 hits and 1 records
2025-09-19 07:21:10,889 - INFO - Processing /viper/ptmp/arego/Red_T_7K_1/20322.h5
2025-09-19 07:21:10,893 - INFO - Completed /viper/ptmp/arego/Red_T_7K_1_EN_100/6059.h5 in 2.63 seconds
2025-09-19 07:21:10,973 - INFO - Processing /viper/ptmp/arego/Red_T_7K_1/9239.h5
2025-09-19 07:21:11,195 - INFO - File 15565: Filtered 745166 hits and 5 records
2025-09-19 07:21:11,383 - INFO - Completed /viper/ptmp/arego/Red_T_7K_1_EN_100/9052.h5 in 3.94 seconds
2025-09-19 07:21:11,443 - INFO - Completed /viper/ptmp/arego/Red_T_7K_1_EN_100/8437.h5 in 8.73 seconds
2025-09-19 07:21:11,457 - INFO - Processing /viper/ptmp/arego/Red_T_7K_1/10865.h5
2025-09-19 07:21:11,510 - INFO - File 20322: Filtered 1022930 hits and 7 records
2025-09-19 07:21:11,562 - INFO - File 9239: Filtered 531542 hits and 4 records
2025-09-19 07:21:11,582 - INFO - Processing /viper/ptmp/arego/Red_T_7K_1/722.h5
2025-09-19 07:21:11,717 - INFO - Completed /viper/ptmp/arego/Red_T_7K_1_EN_100/5530.h5 in 7.06 seconds
2025-09-19 07:21:11,761 - INFO - Completed /viper/ptmp/arego/Red_T_7K_1_EN_100/5787.h5 in 2.55 seconds
2025-09-19 07:21:11,825 - INFO - Processing /viper/ptmp/arego/Red_T_7K_1/530.h5
2025-09-19 07:21:11,895 - INFO - Processing /viper/ptmp/arego/Red_T_7K_1/8695.h5
2025-09-19 07:21:11,948 - INFO - Completed /viper/ptmp/arego/Red_T_7K_1_EN_100/17624.h5 in 7.10 seconds
2025-09-19 07:21:12,021 - INFO - Processing /viper/ptmp/arego/Red_T_7K_1/10372.h5
2025-09-19 07:21:12,022 - INFO - File 10865: Filtered 1111587 hits and 6 records
2025-09-19 07:21:12,199 - INFO - Completed /viper/ptmp/arego/Red_T_7K_1_EN_100/6457.h5 in 3.94 seconds
2025-09-19 07:21:12,276 - INFO - Processing /viper/ptmp/arego/Red_T_7K_1/22474.h5
2025-09-19 07:21:12,329 - INFO - File 722: Filtered 169271 hits and 2 records
2025-09-19 07:21:12,482 - INFO - File 530: Filtered 1285718 hits and 6 records
2025-09-19 07:21:12,511 - INFO - Completed /viper/ptmp/arego/Red_T_7K_1_EN_100/16051.h5 in 7.47 seconds
2025-09-19 07:21:12,552 - INFO - File 8695: Filtered 1509575 hits and 4 records
2025-09-19 07:21:12,580 - INFO - Processing /viper/ptmp/arego/Red_T_7K_1/20824.h5
2025-09-19 07:21:12,756 - INFO - File 10372: Filtered 981181 hits and 3 records
2025-09-19 07:21:12,804 - INFO - File 22474: Filtered 808708 hits and 6 records
2025-09-19 07:21:12,981 - INFO - Completed /viper/ptmp/arego/Red_T_7K_1_EN_100/8726.h5 in 7.78 seconds
2025-09-19 07:21:13,108 - INFO - Processing /viper/ptmp/arego/Red_T_7K_1/14972.h5
2025-09-19 07:21:13,118 - INFO - Completed /viper/ptmp/arego/Red_T_7K_1_EN_100/6932.h5 in 5.15 seconds
2025-09-19 07:21:13,137 - INFO - File 20824: Filtered 1459847 hits and 6 records
2025-09-19 07:21:13,266 - INFO - Completed /viper/ptmp/arego/Red_T_7K_1_EN_100/18049.h5 in 7.44 seconds
2025-09-19 07:21:13,299 - INFO - Processing /viper/ptmp/arego/Red_T_7K_1/22480.h5
2025-09-19 07:21:13,422 - INFO - Processing /viper/ptmp/arego/Red_T_7K_1/18105.h5
2025-09-19 07:21:13,429 - INFO - Completed /viper/ptmp/arego/Red_T_7K_1_EN_100/8819.h5 in 5.62 seconds
2025-09-19 07:21:13,501 - INFO - Processing /viper/ptmp/arego/Red_T_7K_1/6168.h5
2025-09-19 07:21:13,612 - INFO - Completed /viper/ptmp/arego/Red_T_7K_1_EN_100/6659.h5 in 3.95 seconds
2025-09-19 07:21:13,757 - INFO - File 14972: Filtered 783556 hits and 4 records
2025-09-19 07:21:13,773 - INFO - Completed /viper/ptmp/arego/Red_T_7K_1_EN_100/4544.h5 in 8.29 seconds
2025-09-19 07:21:13,778 - INFO - Processing /viper/ptmp/arego/Red_T_7K_1/5328.h5
2025-09-19 07:21:13,869 - INFO - Processing /viper/ptmp/arego/Red_T_7K_1/11972.h5
2025-09-19 07:21:13,905 - INFO - Completed /viper/ptmp/arego/Red_T_7K_1_EN_100/15566.h5 in 6.36 seconds
2025-09-19 07:21:13,988 - INFO - Processing /viper/ptmp/arego/Red_T_7K_1/10609.h5
2025-09-19 07:21:14,014 - INFO - File 22480: Filtered 554413 hits and 2 records
2025-09-19 07:21:14,075 - INFO - File 18105: Filtered 1609485 hits and 6 records
2025-09-19 07:21:14,166 - INFO - File 6168: Filtered 823014 hits and 4 records
2025-09-19 07:21:14,263 - INFO - Completed /viper/ptmp/arego/Red_T_7K_1_EN_100/15565.h5 in 3.74 seconds
2025-09-19 07:21:14,321 - INFO - Completed /viper/ptmp/arego/Red_T_7K_1_EN_100/18884.h5 in 5.86 seconds
2025-09-19 07:21:14,387 - INFO - Processing /viper/ptmp/arego/Red_T_7K_1/8543.h5
2025-09-19 07:21:14,453 - INFO - Processing /viper/ptmp/arego/Red_T_7K_1/16589.h5
2025-09-19 07:21:14,476 - INFO - File 5328: Filtered 408553 hits and 5 records
2025-09-19 07:21:14,560 - INFO - File 11972: Filtered 1813975 hits and 7 records
2025-09-19 07:21:14,588 - INFO - Completed /viper/ptmp/arego/Red_T_7K_1_EN_100/16197.h5 in 7.50 seconds
2025-09-19 07:21:14,734 - INFO - File 10609: Filtered 472567 hits and 3 records
2025-09-19 07:21:14,828 - INFO - Processing /viper/ptmp/arego/Red_T_7K_1/14779.h5
2025-09-19 07:21:15,095 - INFO - File 8543: Filtered 1105164 hits and 7 records
2025-09-19 07:21:15,210 - INFO - File 16589: Filtered 49172 hits and 1 records
2025-09-19 07:21:15,336 - INFO - Completed /viper/ptmp/arego/Red_T_7K_1_EN_100/13409.h5 in 8.15 seconds
2025-09-19 07:21:15,364 - INFO - Completed /viper/ptmp/arego/Red_T_7K_1_EN_100/16064.h5 in 6.81 seconds
2025-09-19 07:21:15,401 - INFO - File 14779: Filtered 1176806 hits and 5 records
2025-09-19 07:21:15,429 - INFO - Processing /viper/ptmp/arego/Red_T_7K_1/7479.h5
2025-09-19 07:21:15,442 - INFO - Processing /viper/ptmp/arego/Red_T_7K_1/23306.h5
2025-09-19 07:21:15,824 - INFO - Completed /viper/ptmp/arego/Red_T_7K_1_EN_100/10372.h5 in 3.80 seconds
2025-09-19 07:21:15,938 - INFO - Processing /viper/ptmp/arego/Red_T_7K_1/10652.h5
2025-09-19 07:21:15,964 - INFO - File 7479: Filtered 672393 hits and 5 records
2025-09-19 07:21:16,072 - INFO - File 23306: Filtered 902748 hits and 3 records
2025-09-19 07:21:16,129 - INFO - Completed /viper/ptmp/arego/Red_T_7K_1_EN_100/8695.h5 in 4.23 seconds
2025-09-19 07:21:16,190 - INFO - Processing /viper/ptmp/arego/Red_T_7K_1/17991.h5
2025-09-19 07:21:16,292 - INFO - Completed /viper/ptmp/arego/Red_T_7K_1_EN_100/530.h5 in 4.47 seconds
2025-09-19 07:21:16,356 - INFO - Processing /viper/ptmp/arego/Red_T_7K_1/9208.h5
2025-09-19 07:21:16,452 - INFO - Completed /viper/ptmp/arego/Red_T_7K_1_EN_100/19710.h5 in 8.40 seconds
2025-09-19 07:21:16,545 - INFO - File 10652: Filtered 784129 hits and 5 records
2025-09-19 07:21:16,645 - INFO - Processing /viper/ptmp/arego/Red_T_7K_1/7130.h5
2025-09-19 07:21:16,744 - INFO - Completed /viper/ptmp/arego/Red_T_7K_1_EN_100/20824.h5 in 4.16 seconds
2025-09-19 07:21:16,797 - INFO - Completed /viper/ptmp/arego/Red_T_7K_1_EN_100/20322.h5 in 5.91 seconds
2025-09-19 07:21:16,816 - INFO - Processing /viper/ptmp/arego/Red_T_7K_1/21438.h5
2025-09-19 07:21:16,879 - INFO - File 17991: Filtered 121186 hits and 3 records
2025-09-19 07:21:16,899 - INFO - File 9208: Filtered 1551678 hits and 6 records
2025-09-19 07:21:16,957 - INFO - Processing /viper/ptmp/arego/Red_T_7K_1/18932.h5
2025-09-19 07:21:17,250 - INFO - File 7130: Filtered 2253323 hits and 5 records
2025-09-19 07:21:17,383 - INFO - File 21438: Filtered 824314 hits and 5 records
2025-09-19 07:21:17,569 - INFO - Completed /viper/ptmp/arego/Red_T_7K_1_EN_100/11972.h5 in 3.70 seconds
2025-09-19 07:21:17,598 - INFO - File 18932: Filtered 1847057 hits and 4 records
2025-09-19 07:21:17,648 - INFO - Completed /viper/ptmp/arego/Red_T_7K_1_EN_100/22474.h5 in 5.37 seconds
2025-09-19 07:21:17,685 - INFO - Processing /viper/ptmp/arego/Red_T_7K_1/14605.h5
2025-09-19 07:21:17,716 - INFO - Processing /viper/ptmp/arego/Red_T_7K_1/13353.h5
2025-09-19 07:21:17,934 - INFO - Completed /viper/ptmp/arego/Red_T_7K_1_EN_100/10865.h5 in 6.48 seconds
2025-09-19 07:21:18,000 - INFO - Processing /viper/ptmp/arego/Red_T_7K_1/822.h5
2025-09-19 07:21:18,177 - INFO - Completed /viper/ptmp/arego/Red_T_7K_1_EN_100/14972.h5 in 5.07 seconds
2025-09-19 07:21:18,265 - INFO - Processing /viper/ptmp/arego/Red_T_7K_1/19376.h5
2025-09-19 07:21:18,283 - INFO - File 13353: Filtered 1451283 hits and 3 records
2025-09-19 07:21:18,405 - INFO - File 14605: Filtered 1070299 hits and 5 records
2025-09-19 07:21:18,497 - INFO - Completed /viper/ptmp/arego/Red_T_7K_1_EN_100/18105.h5 in 5.07 seconds
2025-09-19 07:21:18,548 - INFO - Completed /viper/ptmp/arego/Red_T_7K_1_EN_100/7130.h5 in 1.90 seconds
2025-09-19 07:21:18,614 - INFO - Processing /viper/ptmp/arego/Red_T_7K_1/10446.h5
2025-09-19 07:21:18,615 - INFO - Processing /viper/ptmp/arego/Red_T_7K_1/14194.h5
2025-09-19 07:21:18,631 - INFO - File 822: Filtered 1443491 hits and 5 records
2025-09-19 07:21:18,899 - INFO - File 19376: Filtered 2053533 hits and 3 records
2025-09-19 07:21:19,201 - INFO - Completed /viper/ptmp/arego/Red_T_7K_1_EN_100/10609.h5 in 5.21 seconds
2025-09-19 07:21:19,226 - INFO - File 10446: Filtered 1212214 hits and 6 records
2025-09-19 07:21:19,307 - INFO - Processing /viper/ptmp/arego/Red_T_7K_1/20527.h5
2025-09-19 07:21:19,318 - INFO - File 14194: Filtered 1439285 hits and 6 records
2025-09-19 07:21:19,530 - INFO - Completed /viper/ptmp/arego/Red_T_7K_1_EN_100/9239.h5 in 8.56 seconds
2025-09-19 07:21:19,599 - INFO - Processing /viper/ptmp/arego/Red_T_7K_1/2540.h5
2025-09-19 07:21:19,969 - INFO - File 20527: Filtered 724094 hits and 3 records
2025-09-19 07:21:19,971 - INFO - Completed /viper/ptmp/arego/Red_T_7K_1_EN_100/18932.h5 in 3.01 seconds
2025-09-19 07:21:20,079 - INFO - Processing /viper/ptmp/arego/Red_T_7K_1/21278.h5
2025-09-19 07:21:20,163 - INFO - Completed /viper/ptmp/arego/Red_T_7K_1_EN_100/14779.h5 in 5.33 seconds
2025-09-19 07:21:20,197 - INFO - Completed /viper/ptmp/arego/Red_T_7K_1_EN_100/722.h5 in 8.61 seconds
2025-09-19 07:21:20,198 - INFO - File 2540: Filtered 871343 hits and 3 records
2025-09-19 07:21:20,251 - INFO - Processing /viper/ptmp/arego/Red_T_7K_1/18451.h5
2025-09-19 07:21:20,348 - INFO - Processing /viper/ptmp/arego/Red_T_7K_1/14151.h5
2025-09-19 07:21:20,710 - INFO - File 21278: Filtered 890836 hits and 5 records
2025-09-19 07:21:20,916 - INFO - File 18451: Filtered 410158 hits and 4 records
2025-09-19 07:21:20,922 - INFO - Completed /viper/ptmp/arego/Red_T_7K_1_EN_100/9208.h5 in 4.57 seconds
2025-09-19 07:21:20,997 - INFO - Processing /viper/ptmp/arego/Red_T_7K_1/16337.h5
2025-09-19 07:21:21,001 - INFO - Completed /viper/ptmp/arego/Red_T_7K_1_EN_100/6168.h5 in 7.50 seconds
2025-09-19 07:21:21,042 - INFO - File 14151: Filtered 1081038 hits and 6 records
2025-09-19 07:21:21,085 - INFO - Completed /viper/ptmp/arego/Red_T_7K_1_EN_100/19376.h5 in 2.82 seconds
2025-09-19 07:21:21,210 - INFO - Processing /viper/ptmp/arego/Red_T_7K_1/15434.h5
2025-09-19 07:21:21,260 - INFO - Processing /viper/ptmp/arego/Red_T_7K_1/238.h5
2025-09-19 07:21:21,494 - INFO - Completed /viper/ptmp/arego/Red_T_7K_1_EN_100/4215.h5 in 11.58 seconds
2025-09-19 07:21:21,573 - INFO - Processing /viper/ptmp/arego/Red_T_7K_1/9370.h5
2025-09-19 07:21:21,615 - INFO - File 16337: Filtered 2677598 hits and 6 records
2025-09-19 07:21:21,890 - INFO - Completed /viper/ptmp/arego/Red_T_7K_1_EN_100/16337.h5 in 0.89 seconds
2025-09-19 07:21:21,914 - INFO - File 238: Filtered 511526 hits and 5 records
2025-09-19 07:21:21,928 - INFO - Processing /viper/ptmp/arego/Red_T_7K_1/13178.h5
2025-09-19 07:21:21,945 - INFO - File 15434: Filtered 1314598 hits and 6 records
2025-09-19 07:21:21,999 - INFO - Completed /viper/ptmp/arego/Red_T_7K_1_EN_100/13353.h5 in 4.28 seconds
2025-09-19 07:21:22,256 - INFO - Processing /viper/ptmp/arego/Red_T_7K_1/8327.h5
2025-09-19 07:21:22,257 - INFO - Completed /viper/ptmp/arego/Red_T_7K_1_EN_100/5328.h5 in 8.48 seconds
2025-09-19 07:21:22,268 - INFO - File 9370: Filtered 1334862 hits and 4 records
2025-09-19 07:21:22,286 - INFO - Completed /viper/ptmp/arego/Red_T_7K_1_EN_100/8543.h5 in 7.90 seconds
2025-09-19 07:21:22,386 - INFO - Processing /viper/ptmp/arego/Red_T_7K_1/9656.h5
2025-09-19 07:21:22,455 - INFO - Completed /viper/ptmp/arego/Red_T_7K_1_EN_100/822.h5 in 4.45 seconds
2025-09-19 07:21:22,507 - INFO - Completed /viper/ptmp/arego/Red_T_7K_1_EN_100/22480.h5 in 9.21 seconds
2025-09-19 07:21:22,522 - INFO - Processing /viper/ptmp/arego/Red_T_7K_1/3400.h5
2025-09-19 07:21:22,527 - INFO - Completed /viper/ptmp/arego/Red_T_7K_1_EN_100/7479.h5 in 7.10 seconds
2025-09-19 07:21:22,585 - INFO - File 13178: Filtered 344218 hits and 5 records
2025-09-19 07:21:22,605 - INFO - Processing /viper/ptmp/arego/Red_T_7K_1/6589.h5
2025-09-19 07:21:22,776 - INFO - Processing /viper/ptmp/arego/Red_T_7K_1/21077.h5
2025-09-19 07:21:22,805 - INFO - Completed /viper/ptmp/arego/Red_T_7K_1_EN_100/23306.h5 in 7.36 seconds
2025-09-19 07:21:22,827 - INFO - Processing /viper/ptmp/arego/Red_T_7K_1/6046.h5
2025-09-19 07:21:22,959 - INFO - Processing /viper/ptmp/arego/Red_T_7K_1/2389.h5
2025-09-19 07:21:23,079 - INFO - File 3400: Filtered 1090129 hits and 7 records
2025-09-19 07:21:23,151 - INFO - File 9656: Filtered 553013 hits and 5 records
2025-09-19 07:21:23,203 - INFO - File 8327: Filtered 425975 hits and 3 records
2025-09-19 07:21:23,253 - INFO - Completed /viper/ptmp/arego/Red_T_7K_1_EN_100/1992.h5 in 13.28 seconds
2025-09-19 07:21:23,285 - INFO - File 6589: Filtered 450302 hits and 5 records
2025-09-19 07:21:23,311 - INFO - Completed /viper/ptmp/arego/Red_T_7K_1_EN_100/10652.h5 in 7.37 seconds
2025-09-19 07:21:23,333 - INFO - Processing /viper/ptmp/arego/Red_T_7K_1/791.h5
2025-09-19 07:21:23,370 - INFO - File 21077: Filtered 1897169 hits and 6 records
2025-09-19 07:21:23,468 - INFO - Processing /viper/ptmp/arego/Red_T_7K_1/12502.h5
2025-09-19 07:21:23,480 - INFO - Completed /viper/ptmp/arego/Red_T_7K_1_EN_100/21438.h5 in 6.66 seconds
2025-09-19 07:21:23,632 - INFO - Processing /viper/ptmp/arego/Red_T_7K_1/20208.h5
2025-09-19 07:21:23,676 - INFO - File 6046: Filtered 1417818 hits and 8 records
2025-09-19 07:21:23,778 - INFO - File 2389: Filtered 845319 hits and 4 records
2025-09-19 07:21:23,926 - INFO - File 791: Filtered 1447349 hits and 6 records
2025-09-19 07:21:24,205 - INFO - Completed /viper/ptmp/arego/Red_T_7K_1_EN_100/14194.h5 in 5.59 seconds
2025-09-19 07:21:24,228 - INFO - File 20208: Filtered 1251565 hits and 9 records
2025-09-19 07:21:24,315 - INFO - File 12502: Filtered 161223 hits and 3 records
2025-09-19 07:21:24,331 - INFO - Processing /viper/ptmp/arego/Red_T_7K_1/5309.h5
2025-09-19 07:21:24,347 - INFO - Completed /viper/ptmp/arego/Red_T_7K_1_EN_100/10446.h5 in 5.73 seconds
2025-09-19 07:21:24,391 - INFO - Processing /viper/ptmp/arego/Red_T_7K_1/4782.h5
2025-09-19 07:21:24,929 - INFO - Completed /viper/ptmp/arego/Red_T_7K_1_EN_100/14605.h5 in 7.24 seconds
2025-09-19 07:21:25,005 - INFO - File 4782: Filtered 599151 hits and 5 records
2025-09-19 07:21:25,042 - INFO - File 5309: Filtered 1643729 hits and 5 records
2025-09-19 07:21:25,056 - INFO - Processing /viper/ptmp/arego/Red_T_7K_1/2452.h5
2025-09-19 07:21:25,993 - INFO - Completed /viper/ptmp/arego/Red_T_7K_1_EN_100/9370.h5 in 4.42 seconds
2025-09-19 07:21:26,058 - INFO - Processing /viper/ptmp/arego/Red_T_7K_1/12442.h5
2025-09-19 07:21:26,089 - INFO - Completed /viper/ptmp/arego/Red_T_7K_1_EN_100/21278.h5 in 6.01 seconds
2025-09-19 07:21:26,245 - INFO - Processing /viper/ptmp/arego/Red_T_7K_1/13617.h5
2025-09-19 07:21:26,566 - INFO - Completed /viper/ptmp/arego/Red_T_7K_1_EN_100/14151.h5 in 6.22 seconds
2025-09-19 07:21:26,666 - INFO - File 2452: Filtered 107741 hits and 2 records
2025-09-19 07:21:26,704 - INFO - Processing /viper/ptmp/arego/Red_T_7K_1/10783.h5
2025-09-19 07:21:26,738 - INFO - Completed /viper/ptmp/arego/Red_T_7K_1_EN_100/21077.h5 in 3.96 seconds
2025-09-19 07:21:26,750 - INFO - Completed /viper/ptmp/arego/Red_T_7K_1_EN_100/17991.h5 in 10.56 seconds
2025-09-19 07:21:26,762 - INFO - File 12442: Filtered 355982 hits and 2 records
2025-09-19 07:21:26,804 - INFO - Processing /viper/ptmp/arego/Red_T_7K_1/18895.h5
2025-09-19 07:21:26,812 - INFO - Completed /viper/ptmp/arego/Red_T_7K_1_EN_100/3400.h5 in 4.29 seconds
2025-09-19 07:21:26,987 - INFO - Processing /viper/ptmp/arego/Red_T_7K_1/22565.h5
2025-09-19 07:21:27,014 - INFO - File 13617: Filtered 553601 hits and 6 records
2025-09-19 07:21:27,180 - INFO - Processing /viper/ptmp/arego/Red_T_7K_1/10300.h5
2025-09-19 07:21:27,440 - INFO - File 18895: Filtered 1675382 hits and 6 records
2025-09-19 07:21:27,526 - INFO - File 10783: Filtered 998870 hits and 5 records
2025-09-19 07:21:27,535 - INFO - Completed /viper/ptmp/arego/Red_T_7K_1_EN_100/791.h5 in 4.20 seconds
2025-09-19 07:21:27,577 - INFO - Processing /viper/ptmp/arego/Red_T_7K_1/20899.h5
2025-09-19 07:21:27,651 - INFO - File 22565: Filtered 1164021 hits and 3 records
2025-09-19 07:21:27,985 - INFO - Completed /viper/ptmp/arego/Red_T_7K_1_EN_100/16589.h5 in 13.53 seconds
2025-09-19 07:21:28,044 - INFO - File 10300: Filtered 930941 hits and 4 records
2025-09-19 07:21:28,073 - INFO - Processing /viper/ptmp/arego/Red_T_7K_1/11544.h5
2025-09-19 07:21:28,145 - INFO - Completed /viper/ptmp/arego/Red_T_7K_1_EN_100/20527.h5 in 8.84 seconds
2025-09-19 07:21:28,176 - INFO - File 20899: Filtered 883713 hits and 4 records
2025-09-19 07:21:28,226 - INFO - Processing /viper/ptmp/arego/Red_T_7K_1/7752.h5
2025-09-19 07:21:28,382 - INFO - Completed /viper/ptmp/arego/Red_T_7K_1_EN_100/2389.h5 in 5.42 seconds
2025-09-19 07:21:28,441 - INFO - Completed /viper/ptmp/arego/Red_T_7K_1_EN_100/2540.h5 in 8.84 seconds
2025-09-19 07:21:28,509 - INFO - Processing /viper/ptmp/arego/Red_T_7K_1/11613.h5
2025-09-19 07:21:28,532 - INFO - Processing /viper/ptmp/arego/Red_T_7K_1/18530.h5
2025-09-19 07:21:28,703 - INFO - Completed /viper/ptmp/arego/Red_T_7K_1_EN_100/6046.h5 in 5.88 seconds
2025-09-19 07:21:28,732 - INFO - File 11544: Filtered 898759 hits and 4 records
2025-09-19 07:21:28,754 - INFO - Completed /viper/ptmp/arego/Red_T_7K_1_EN_100/15434.h5 in 7.54 seconds
2025-09-19 07:21:28,818 - INFO - Processing /viper/ptmp/arego/Red_T_7K_1/12117.h5
2025-09-19 07:21:28,881 - INFO - Processing /viper/ptmp/arego/Red_T_7K_1/868.h5
2025-09-19 07:21:28,937 - INFO - File 7752: Filtered 618301 hits and 3 records
2025-09-19 07:21:29,106 - INFO - Completed /viper/ptmp/arego/Red_T_7K_1_EN_100/20208.h5 in 5.47 seconds
2025-09-19 07:21:29,145 - INFO - Processing /viper/ptmp/arego/Red_T_7K_1/5431.h5
2025-09-19 07:21:29,241 - INFO - File 18530: Filtered 1698127 hits and 6 records
2025-09-19 07:21:29,504 - INFO - File 11613: Filtered 947738 hits and 3 records
2025-09-19 07:21:29,541 - INFO - File 12117: Filtered 1702580 hits and 5 records
2025-09-19 07:21:29,726 - INFO - File 868: Filtered 1904441 hits and 5 records
2025-09-19 07:21:29,801 - INFO - File 5431: Filtered 2453617 hits and 6 records
2025-09-19 07:21:30,127 - INFO - Completed /viper/ptmp/arego/Red_T_7K_1_EN_100/5309.h5 in 5.80 seconds
2025-09-19 07:21:30,230 - INFO - Processing /viper/ptmp/arego/Red_T_7K_1/8871.h5
2025-09-19 07:21:30,554 - INFO - Completed /viper/ptmp/arego/Red_T_7K_1_EN_100/238.h5 in 9.29 seconds
2025-09-19 07:21:30,636 - INFO - Processing /viper/ptmp/arego/Red_T_7K_1/8149.h5
2025-09-19 07:21:30,723 - INFO - Completed /viper/ptmp/arego/Red_T_7K_1_EN_100/12442.h5 in 4.67 seconds
2025-09-19 07:21:30,924 - INFO - Processing /viper/ptmp/arego/Red_T_7K_1/9658.h5
2025-09-19 07:21:31,026 - INFO - File 8871: Filtered 720214 hits and 5 records
2025-09-19 07:21:31,065 - INFO - Completed /viper/ptmp/arego/Red_T_7K_1_EN_100/18895.h5 in 4.26 seconds
2025-09-19 07:21:31,127 - INFO - Processing /viper/ptmp/arego/Red_T_7K_1/67.h5
2025-09-19 07:21:31,246 - INFO - Completed /viper/ptmp/arego/Red_T_7K_1_EN_100/18451.h5 in 10.99 seconds
2025-09-19 07:21:31,368 - INFO - File 8149: Filtered 818652 hits and 6 records
2025-09-19 07:21:31,409 - INFO - Processing /viper/ptmp/arego/Red_T_7K_1/15020.h5
2025-09-19 07:21:31,648 - INFO - File 9658: Filtered 984036 hits and 5 records
2025-09-19 07:21:31,773 - INFO - File 67: Filtered 1166852 hits and 4 records
2025-09-19 07:21:31,982 - INFO - Completed /viper/ptmp/arego/Red_T_7K_1_EN_100/5431.h5 in 2.84 seconds
2025-09-19 07:21:32,045 - INFO - Completed /viper/ptmp/arego/Red_T_7K_1_EN_100/13178.h5 in 10.12 seconds
2025-09-19 07:21:32,050 - INFO - Processing /viper/ptmp/arego/Red_T_7K_1/2484.h5
2025-09-19 07:21:32,107 - INFO - Processing /viper/ptmp/arego/Red_T_7K_1/11908.h5
2025-09-19 07:21:32,208 - INFO - File 15020: Filtered 212683 hits and 2 records
2025-09-19 07:21:32,689 - INFO - File 2484: Filtered 2244633 hits and 6 records
2025-09-19 07:21:32,765 - INFO - Completed /viper/ptmp/arego/Red_T_7K_1_EN_100/868.h5 in 3.88 seconds
2025-09-19 07:21:32,813 - INFO - File 11908: Filtered 729936 hits and 3 records
2025-09-19 07:21:32,929 - INFO - Processing /viper/ptmp/arego/Red_T_7K_1/2911.h5
2025-09-19 07:21:32,967 - INFO - Completed /viper/ptmp/arego/Red_T_7K_1_EN_100/6589.h5 in 10.36 seconds
2025-09-19 07:21:33,064 - INFO - Processing /viper/ptmp/arego/Red_T_7K_1/18987.h5
2025-09-19 07:21:33,333 - INFO - Completed /viper/ptmp/arego/Red_T_7K_1_EN_100/4782.h5 in 8.94 seconds
2025-09-19 07:21:33,397 - INFO - Processing /viper/ptmp/arego/Red_T_7K_1/19809.h5
2025-09-19 07:21:33,697 - INFO - File 2911: Filtered 816464 hits and 4 records
2025-09-19 07:21:33,818 - INFO - File 18987: Filtered 720312 hits and 5 records
2025-09-19 07:21:33,887 - INFO - Completed /viper/ptmp/arego/Red_T_7K_1_EN_100/22565.h5 in 6.90 seconds
2025-09-19 07:21:33,952 - INFO - Processing /viper/ptmp/arego/Red_T_7K_1/5690.h5
2025-09-19 07:21:34,058 - INFO - Completed /viper/ptmp/arego/Red_T_7K_1_EN_100/9656.h5 in 11.67 seconds
2025-09-19 07:21:34,138 - INFO - File 19809: Filtered 1393737 hits and 3 records
2025-09-19 07:21:34,207 - INFO - Processing /viper/ptmp/arego/Red_T_7K_1/14321.h5
2025-09-19 07:21:34,340 - INFO - Completed /viper/ptmp/arego/Red_T_7K_1_EN_100/8327.h5 in 12.08 seconds
2025-09-19 07:21:34,422 - INFO - Processing /viper/ptmp/arego/Red_T_7K_1/19403.h5
2025-09-19 07:21:34,432 - INFO - Completed /viper/ptmp/arego/Red_T_7K_1_EN_100/20899.h5 in 6.85 seconds
2025-09-19 07:21:34,493 - INFO - Completed /viper/ptmp/arego/Red_T_7K_1_EN_100/2484.h5 in 2.44 seconds
2025-09-19 07:21:34,514 - INFO - Processing /viper/ptmp/arego/Red_T_7K_1/16838.h5
2025-09-19 07:21:34,638 - INFO - File 5690: Filtered 1411269 hits and 5 records
2025-09-19 07:21:34,722 - INFO - Processing /viper/ptmp/arego/Red_T_7K_1/5826.h5
2025-09-19 07:21:34,820 - INFO - Completed /viper/ptmp/arego/Red_T_7K_1_EN_100/18530.h5 in 6.29 seconds
2025-09-19 07:21:34,917 - INFO - Processing /viper/ptmp/arego/Red_T_7K_1/12875.h5
2025-09-19 07:21:35,001 - INFO - Completed /viper/ptmp/arego/Red_T_7K_1_EN_100/10783.h5 in 8.30 seconds
2025-09-19 07:21:35,022 - INFO - File 14321: Filtered 788463 hits and 3 records
2025-09-19 07:21:35,076 - INFO - File 19403: Filtered 1387319 hits and 6 records
2025-09-19 07:21:35,115 - INFO - Processing /viper/ptmp/arego/Red_T_7K_1/14428.h5
2025-09-19 07:21:35,156 - INFO - Completed /viper/ptmp/arego/Red_T_7K_1_EN_100/12117.h5 in 6.34 seconds
2025-09-19 07:21:35,159 - INFO - File 16838: Filtered 1424307 hits and 6 records
2025-09-19 07:21:35,227 - INFO - Processing /viper/ptmp/arego/Red_T_7K_1/11297.h5
2025-09-19 07:21:35,333 - INFO - File 5826: Filtered 1328831 hits and 6 records
2025-09-19 07:21:35,460 - INFO - Completed /viper/ptmp/arego/Red_T_7K_1_EN_100/8149.h5 in 4.82 seconds
2025-09-19 07:21:35,529 - INFO - Processing /viper/ptmp/arego/Red_T_7K_1/2129.h5
2025-09-19 07:21:35,638 - INFO - File 12875: Filtered 1167780 hits and 7 records
2025-09-19 07:21:35,939 - INFO - File 11297: Filtered 1024250 hits and 4 records
2025-09-19 07:21:35,959 - INFO - File 14428: Filtered 1452890 hits and 4 records
2025-09-19 07:21:36,327 - INFO - File 2129: Filtered 1536889 hits and 4 records
2025-09-19 07:21:37,721 - INFO - Completed /viper/ptmp/arego/Red_T_7K_1_EN_100/11544.h5 in 9.65 seconds
2025-09-19 07:21:37,779 - INFO - Completed /viper/ptmp/arego/Red_T_7K_1_EN_100/67.h5 in 6.65 seconds
2025-09-19 07:21:37,783 - INFO - Completed /viper/ptmp/arego/Red_T_7K_1_EN_100/7752.h5 in 9.56 seconds
2025-09-19 07:21:37,822 - INFO - Processing /viper/ptmp/arego/Red_T_7K_1/15663.h5
2025-09-19 07:21:37,857 - INFO - Processing /viper/ptmp/arego/Red_T_7K_1/5159.h5
2025-09-19 07:21:38,011 - INFO - Completed /viper/ptmp/arego/Red_T_7K_1_EN_100/19809.h5 in 4.61 seconds
2025-09-19 07:21:38,043 - INFO - Completed /viper/ptmp/arego/Red_T_7K_1_EN_100/13617.h5 in 11.80 seconds
2025-09-19 07:21:38,099 - INFO - Processing /viper/ptmp/arego/Red_T_7K_1/20493.h5
2025-09-19 07:21:38,114 - INFO - Processing /viper/ptmp/arego/Red_T_7K_1/20143.h5
2025-09-19 07:21:38,121 - INFO - Completed /viper/ptmp/arego/Red_T_7K_1_EN_100/12502.h5 in 14.65 seconds
2025-09-19 07:21:38,148 - INFO - Processing /viper/ptmp/arego/Red_T_7K_1/4327.h5
2025-09-19 07:21:38,466 - INFO - Completed /viper/ptmp/arego/Red_T_7K_1_EN_100/9658.h5 in 7.54 seconds
2025-09-19 07:21:38,472 - INFO - Processing /viper/ptmp/arego/Red_T_7K_1/2142.h5
2025-09-19 07:21:38,506 - INFO - Processing /viper/ptmp/arego/Red_T_7K_1/14126.h5
2025-09-19 07:21:38,559 - INFO - File 15663: Filtered 905729 hits and 3 records
2025-09-19 07:21:38,640 - INFO - File 5159: Filtered 501456 hits and 4 records
2025-09-19 07:21:38,836 - INFO - File 20143: Filtered 841519 hits and 4 records
2025-09-19 07:21:38,923 - INFO - File 20493: Filtered 1248379 hits and 6 records
2025-09-19 07:21:38,955 - INFO - File 4327: Filtered 1005164 hits and 5 records
2025-09-19 07:21:39,029 - INFO - Completed /viper/ptmp/arego/Red_T_7K_1_EN_100/10300.h5 in 11.85 seconds
2025-09-19 07:21:39,075 - INFO - Processing /viper/ptmp/arego/Red_T_7K_1/15126.h5
2025-09-19 07:21:39,316 - INFO - File 2142: Filtered 872212 hits and 4 records
2025-09-19 07:21:39,558 - INFO - File 14126: Filtered 166143 hits and 4 records
2025-09-19 07:21:39,782 - INFO - File 15126: Filtered 1782044 hits and 6 records
2025-09-19 07:21:41,125 - INFO - Completed /viper/ptmp/arego/Red_T_7K_1_EN_100/16838.h5 in 6.61 seconds
2025-09-19 07:21:41,140 - INFO - Completed /viper/ptmp/arego/Red_T_7K_1_EN_100/5826.h5 in 6.42 seconds
2025-09-19 07:21:41,183 - INFO - Processing /viper/ptmp/arego/Red_T_7K_1/73.h5
2025-09-19 07:21:41,257 - INFO - Completed /viper/ptmp/arego/Red_T_7K_1_EN_100/19403.h5 in 6.84 seconds
2025-09-19 07:21:41,259 - INFO - Completed /viper/ptmp/arego/Red_T_7K_1_EN_100/5690.h5 in 7.31 seconds
2025-09-19 07:21:41,317 - INFO - Processing /viper/ptmp/arego/Red_T_7K_1/88.h5
2025-09-19 07:21:41,407 - INFO - Processing /viper/ptmp/arego/Red_T_7K_1/16548.h5
2025-09-19 07:21:41,580 - INFO - Processing /viper/ptmp/arego/Red_T_7K_1/22083.h5
2025-09-19 07:21:41,760 - INFO - Completed /viper/ptmp/arego/Red_T_7K_1_EN_100/8871.h5 in 11.53 seconds
2025-09-19 07:21:41,883 - INFO - Processing /viper/ptmp/arego/Red_T_7K_1/13375.h5
2025-09-19 07:21:41,910 - INFO - File 73: Filtered 1619469 hits and 3 records
2025-09-19 07:21:42,052 - INFO - Completed /viper/ptmp/arego/Red_T_7K_1_EN_100/18987.h5 in 8.99 seconds
2025-09-19 07:21:42,091 - INFO - Processing /viper/ptmp/arego/Red_T_7K_1/9198.h5
2025-09-19 07:21:42,108 - INFO - Completed /viper/ptmp/arego/Red_T_7K_1_EN_100/11908.h5 in 10.00 seconds
2025-09-19 07:21:42,108 - INFO - File 16548: Filtered 1245592 hits and 5 records
2025-09-19 07:21:42,167 - INFO - Completed /viper/ptmp/arego/Red_T_7K_1_EN_100/11297.h5 in 6.94 seconds
2025-09-19 07:21:42,333 - INFO - Completed /viper/ptmp/arego/Red_T_7K_1_EN_100/11613.h5 in 13.82 seconds
2025-09-19 07:21:42,344 - INFO - File 22083: Filtered 885827 hits and 6 records
2025-09-19 07:21:42,374 - INFO - Processing /viper/ptmp/arego/Red_T_7K_1/2955.h5
2025-09-19 07:21:42,465 - INFO - Processing /viper/ptmp/arego/Red_T_7K_1/13125.h5
2025-09-19 07:21:42,613 - INFO - File 13375: Filtered 714782 hits and 4 records
2025-09-19 07:21:42,659 - INFO - Completed /viper/ptmp/arego/Red_T_7K_1_EN_100/2129.h5 in 7.13 seconds
2025-09-19 07:21:42,681 - INFO - Processing /viper/ptmp/arego/Red_T_7K_1/11317.h5
2025-09-19 07:21:42,878 - INFO - Processing /viper/ptmp/arego/Red_T_7K_1/5881.h5
2025-09-19 07:21:42,944 - INFO - File 9198: Filtered 1785522 hits and 6 records
2025-09-19 07:21:43,343 - INFO - File 13125: Filtered 1199601 hits and 5 records
2025-09-19 07:21:43,352 - INFO - File 2955: Filtered 1537070 hits and 5 records
2025-09-19 07:21:43,380 - INFO - File 88: Filtered 348834 hits and 3 records
2025-09-19 07:21:43,560 - INFO - Completed /viper/ptmp/arego/Red_T_7K_1_EN_100/12875.h5 in 8.64 seconds
2025-09-19 07:21:43,626 - INFO - Processing /viper/ptmp/arego/Red_T_7K_1/12615.h5
2025-09-19 07:21:43,756 - INFO - File 11317: Filtered 1003359 hits and 6 records
2025-09-19 07:21:43,813 - INFO - Completed /viper/ptmp/arego/Red_T_7K_1_EN_100/14428.h5 in 8.70 seconds
2025-09-19 07:21:43,879 - INFO - Completed /viper/ptmp/arego/Red_T_7K_1_EN_100/2911.h5 in 10.95 seconds
2025-09-19 07:21:43,919 - INFO - Processing /viper/ptmp/arego/Red_T_7K_1/14708.h5
2025-09-19 07:21:44,028 - INFO - File 5881: Filtered 1391323 hits and 5 records
2025-09-19 07:21:44,235 - INFO - Processing /viper/ptmp/arego/Red_T_7K_1/14007.h5
2025-09-19 07:21:44,373 - INFO - File 12615: Filtered 1531059 hits and 7 records
2025-09-19 07:21:44,730 - INFO - File 14708: Filtered 1771217 hits and 4 records
2025-09-19 07:21:45,146 - INFO - Completed /viper/ptmp/arego/Red_T_7K_1_EN_100/15020.h5 in 13.74 seconds
2025-09-19 07:21:45,161 - INFO - File 14007: Filtered 2120007 hits and 4 records
2025-09-19 07:21:45,215 - INFO - Processing /viper/ptmp/arego/Red_T_7K_1/7381.h5
2025-09-19 07:21:45,446 - INFO - Completed /viper/ptmp/arego/Red_T_7K_1_EN_100/14321.h5 in 11.24 seconds
2025-09-19 07:21:45,577 - INFO - Processing /viper/ptmp/arego/Red_T_7K_1/2126.h5
2025-09-19 07:21:45,755 - INFO - Completed /viper/ptmp/arego/Red_T_7K_1_EN_100/15126.h5 in 6.68 seconds
2025-09-19 07:21:45,838 - INFO - Processing /viper/ptmp/arego/Red_T_7K_1/6342.h5
2025-09-19 07:21:45,897 - INFO - Completed /viper/ptmp/arego/Red_T_7K_1_EN_100/20493.h5 in 7.80 seconds
2025-09-19 07:21:45,922 - INFO - File 7381: Filtered 1773931 hits and 5 records
2025-09-19 07:21:45,957 - INFO - Processing /viper/ptmp/arego/Red_T_7K_1/17916.h5
2025-09-19 07:21:46,573 - INFO - File 6342: Filtered 732901 hits and 3 records
2025-09-19 07:21:46,632 - INFO - Completed /viper/ptmp/arego/Red_T_7K_1_EN_100/15663.h5 in 8.81 seconds
2025-09-19 07:21:46,711 - INFO - Processing /viper/ptmp/arego/Red_T_7K_1/5652.h5
2025-09-19 07:21:46,769 - INFO - File 17916: Filtered 536520 hits and 5 records
2025-09-19 07:21:46,804 - INFO - File 2126: Filtered 0 hits and 0 records
2025-09-19 07:21:47,573 - INFO - Completed /viper/ptmp/arego/Red_T_7K_1_EN_100/4327.h5 in 9.43 seconds
2025-09-19 07:21:47,580 - INFO - File 5652: Filtered 864987 hits and 2 records
2025-09-19 07:21:47,677 - INFO - Processing /viper/ptmp/arego/Red_T_7K_1/9716.h5
2025-09-19 07:21:48,056 - INFO - Completed /viper/ptmp/arego/Red_T_7K_1_EN_100/14007.h5 in 3.82 seconds
2025-09-19 07:21:48,231 - INFO - Processing /viper/ptmp/arego/Red_T_7K_1/9351.h5
2025-09-19 07:21:48,244 - INFO - Completed /viper/ptmp/arego/Red_T_7K_1_EN_100/9198.h5 in 6.15 seconds
2025-09-19 07:21:48,308 - INFO - Processing /viper/ptmp/arego/Red_T_7K_1/21966.h5
2025-09-19 07:21:48,401 - INFO - Completed /viper/ptmp/arego/Red_T_7K_1_EN_100/73.h5 in 7.22 seconds
2025-09-19 07:21:48,465 - INFO - Processing /viper/ptmp/arego/Red_T_7K_1/7171.h5
2025-09-19 07:21:48,548 - INFO - File 9716: Filtered 917461 hits and 5 records
2025-09-19 07:21:49,071 - INFO - Completed /viper/ptmp/arego/Red_T_7K_1_EN_100/5159.h5 in 11.21 seconds
2025-09-19 07:21:49,115 - INFO - File 9351: Filtered 791343 hits and 3 records
2025-09-19 07:21:49,176 - INFO - Processing /viper/ptmp/arego/Red_T_7K_1/18730.h5
2025-09-19 07:21:49,179 - INFO - File 21966: Filtered 855216 hits and 3 records
2025-09-19 07:21:49,200 - INFO - File 7171: Filtered 1002911 hits and 3 records
2025-09-19 07:21:49,461 - INFO - Completed /viper/ptmp/arego/Red_T_7K_1_EN_100/16548.h5 in 8.05 seconds
2025-09-19 07:21:49,530 - INFO - Processing /viper/ptmp/arego/Red_T_7K_1/12112.h5
2025-09-19 07:21:49,830 - INFO - Completed /viper/ptmp/arego/Red_T_7K_1_EN_100/2142.h5 in 11.36 seconds
2025-09-19 07:21:49,994 - INFO - Processing /viper/ptmp/arego/Red_T_7K_1/15138.h5
2025-09-19 07:21:49,998 - INFO - File 18730: Filtered 2957642 hits and 3 records
2025-09-19 07:21:50,212 - INFO - Completed /viper/ptmp/arego/Red_T_7K_1_EN_100/22083.h5 in 8.63 seconds
2025-09-19 07:21:50,247 - INFO - Completed /viper/ptmp/arego/Red_T_7K_1_EN_100/20143.h5 in 12.13 seconds
2025-09-19 07:21:50,253 - INFO - Processing /viper/ptmp/arego/Red_T_7K_1/22631.h5
2025-09-19 07:21:50,296 - INFO - File 12112: Filtered 1921100 hits and 7 records
2025-09-19 07:21:50,518 - INFO - Processing /viper/ptmp/arego/Red_T_7K_1/20129.h5
2025-09-19 07:21:50,638 - INFO - Completed /viper/ptmp/arego/Red_T_7K_1_EN_100/12615.h5 in 7.01 seconds
2025-09-19 07:21:50,647 - INFO - Completed /viper/ptmp/arego/Red_T_7K_1_EN_100/2955.h5 in 8.27 seconds
2025-09-19 07:21:50,718 - INFO - Processing /viper/ptmp/arego/Red_T_7K_1/13410.h5
2025-09-19 07:21:50,785 - INFO - Processing /viper/ptmp/arego/Red_T_7K_1/13065.h5
2025-09-19 07:21:50,863 - INFO - File 15138: Filtered 543126 hits and 4 records
2025-09-19 07:21:50,997 - INFO - File 22631: Filtered 1944534 hits and 6 records
2025-09-19 07:21:51,266 - INFO - Completed /viper/ptmp/arego/Red_T_7K_1_EN_100/14708.h5 in 7.35 seconds
2025-09-19 07:21:51,382 - INFO - File 20129: Filtered 1939865 hits and 6 records
2025-09-19 07:21:51,420 - INFO - Processing /viper/ptmp/arego/Red_T_7K_1/9746.h5
2025-09-19 07:21:51,493 - INFO - File 13410: Filtered 1809707 hits and 6 records
2025-09-19 07:21:51,700 - INFO - Completed /viper/ptmp/arego/Red_T_7K_1_EN_100/13375.h5 in 9.82 seconds
2025-09-19 07:21:51,717 - INFO - File 13065: Filtered 1438148 hits and 5 records
2025-09-19 07:21:51,791 - INFO - Processing /viper/ptmp/arego/Red_T_7K_1/11535.h5
2025-09-19 07:21:52,150 - INFO - File 9746: Filtered 898426 hits and 6 records
2025-09-19 07:21:52,498 - INFO - Completed /viper/ptmp/arego/Red_T_7K_1_EN_100/7381.h5 in 7.28 seconds
2025-09-19 07:21:52,560 - INFO - Processing /viper/ptmp/arego/Red_T_7K_1/9611.h5
2025-09-19 07:21:52,663 - INFO - File 11535: Filtered 637640 hits and 4 records
2025-09-19 07:21:53,347 - INFO - Completed /viper/ptmp/arego/Red_T_7K_1_EN_100/13125.h5 in 10.88 seconds
2025-09-19 07:21:53,356 - INFO - Completed /viper/ptmp/arego/Red_T_7K_1_EN_100/5881.h5 in 10.48 seconds
2025-09-19 07:21:53,413 - INFO - Processing /viper/ptmp/arego/Red_T_7K_1/4659.h5
2025-09-19 07:21:53,444 - INFO - Processing /viper/ptmp/arego/Red_T_7K_1/8913.h5
2025-09-19 07:21:53,699 - INFO - Completed /viper/ptmp/arego/Red_T_7K_1_EN_100/18730.h5 in 4.52 seconds
2025-09-19 07:21:53,762 - INFO - Processing /viper/ptmp/arego/Red_T_7K_1/14214.h5
2025-09-19 07:21:53,837 - INFO - Completed /viper/ptmp/arego/Red_T_7K_1_EN_100/11317.h5 in 11.16 seconds
2025-09-19 07:21:53,907 - INFO - Processing /viper/ptmp/arego/Red_T_7K_1/19019.h5
2025-09-19 07:21:54,221 - INFO - File 4659: Filtered 1177255 hits and 6 records
2025-09-19 07:21:54,303 - INFO - File 8913: Filtered 1637083 hits and 7 records
2025-09-19 07:21:54,687 - INFO - File 14214: Filtered 1729713 hits and 2 records
2025-09-19 07:21:54,886 - INFO - File 19019: Filtered 1454440 hits and 4 records
2025-09-19 07:21:55,364 - INFO - File 9611: Filtered 120791 hits and 2 records
2025-09-19 07:21:55,864 - INFO - Completed /viper/ptmp/arego/Red_T_7K_1_EN_100/6342.h5 in 10.03 seconds
2025-09-19 07:21:55,928 - INFO - Processing /viper/ptmp/arego/Red_T_7K_1/14094.h5
2025-09-19 07:21:56,062 - INFO - Completed /viper/ptmp/arego/Red_T_7K_1_EN_100/12112.h5 in 6.53 seconds
2025-09-19 07:21:56,141 - INFO - Processing /viper/ptmp/arego/Red_T_7K_1/2675.h5
2025-09-19 07:21:56,215 - INFO - Completed /viper/ptmp/arego/Red_T_7K_1_EN_100/5652.h5 in 9.50 seconds
2025-09-19 07:21:56,286 - INFO - Processing /viper/ptmp/arego/Red_T_7K_1/6465.h5
2025-09-19 07:21:56,838 - INFO - File 14094: Filtered 1057387 hits and 4 records
2025-09-19 07:21:56,928 - INFO - Completed /viper/ptmp/arego/Red_T_7K_1_EN_100/2452.h5 in 31.87 seconds
2025-09-19 07:21:57,025 - INFO - Processing /viper/ptmp/arego/Red_T_7K_1/10135.h5
2025-09-19 07:21:57,055 - INFO - File 2675: Filtered 1146376 hits and 4 records
2025-09-19 07:21:57,088 - INFO - File 6465: Filtered 3402857 hits and 7 records
2025-09-19 07:21:57,384 - INFO - Completed /viper/ptmp/arego/Red_T_7K_1_EN_100/14126.h5 in 18.88 seconds
2025-09-19 07:21:57,444 - INFO - Processing /viper/ptmp/arego/Red_T_7K_1/8517.h5
2025-09-19 07:21:57,851 - INFO - Completed /viper/ptmp/arego/Red_T_7K_1_EN_100/20129.h5 in 7.33 seconds
2025-09-19 07:21:57,896 - INFO - File 10135: Filtered 965602 hits and 4 records
2025-09-19 07:21:57,912 - INFO - Processing /viper/ptmp/arego/Red_T_7K_1/26.h5
2025-09-19 07:21:58,198 - INFO - Completed /viper/ptmp/arego/Red_T_7K_1_EN_100/13410.h5 in 7.48 seconds
2025-09-19 07:21:58,275 - INFO - Processing /viper/ptmp/arego/Red_T_7K_1/13863.h5
2025-09-19 07:21:58,340 - INFO - File 8517: Filtered 1827632 hits and 6 records
2025-09-19 07:21:58,811 - INFO - File 26: Filtered 329355 hits and 3 records
2025-09-19 07:21:59,011 - INFO - Completed /viper/ptmp/arego/Red_T_7K_1_EN_100/22631.h5 in 8.76 seconds
2025-09-19 07:21:59,058 - INFO - Completed /viper/ptmp/arego/Red_T_7K_1_EN_100/6465.h5 in 2.77 seconds
2025-09-19 07:21:59,105 - INFO - Processing /viper/ptmp/arego/Red_T_7K_1/4380.h5
2025-09-19 07:21:59,157 - INFO - Processing /viper/ptmp/arego/Red_T_7K_1/18130.h5
2025-09-19 07:21:59,159 - INFO - Completed /viper/ptmp/arego/Red_T_7K_1_EN_100/9351.h5 in 10.94 seconds
2025-09-19 07:21:59,247 - INFO - Completed /viper/ptmp/arego/Red_T_7K_1_EN_100/7171.h5 in 10.78 seconds
2025-09-19 07:21:59,286 - INFO - Processing /viper/ptmp/arego/Red_T_7K_1/18604.h5
2025-09-19 07:21:59,437 - INFO - File 13863: Filtered 158085 hits and 2 records
2025-09-19 07:21:59,437 - INFO - Processing /viper/ptmp/arego/Red_T_7K_1/2584.h5
2025-09-19 07:21:59,466 - INFO - Completed /viper/ptmp/arego/Red_T_7K_1_EN_100/9716.h5 in 11.79 seconds
2025-09-19 07:21:59,566 - INFO - Processing /viper/ptmp/arego/Red_T_7K_1/19207.h5
2025-09-19 07:21:59,874 - INFO - File 4380: Filtered 2007830 hits and 5 records
2025-09-19 07:21:59,986 - INFO - File 18130: Filtered 1206062 hits and 4 records
2025-09-19 07:22:00,133 - INFO - Completed /viper/ptmp/arego/Red_T_7K_1_EN_100/17916.h5 in 14.18 seconds
2025-09-19 07:22:00,155 - INFO - File 18604: Filtered 1065236 hits and 7 records
2025-09-19 07:22:00,224 - INFO - Processing /viper/ptmp/arego/Red_T_7K_1/18485.h5
2025-09-19 07:22:00,358 - INFO - File 2584: Filtered 460503 hits and 2 records
2025-09-19 07:22:00,469 - INFO - Completed /viper/ptmp/arego/Red_T_7K_1_EN_100/21966.h5 in 12.16 seconds
2025-09-19 07:22:00,586 - INFO - Processing /viper/ptmp/arego/Red_T_7K_1/19336.h5
2025-09-19 07:22:00,613 - INFO - File 19207: Filtered 1873000 hits and 7 records
2025-09-19 07:22:01,105 - INFO - File 18485: Filtered 2552838 hits and 3 records
2025-09-19 07:22:01,575 - INFO - File 19336: Filtered 2129092 hits and 5 records
2025-09-19 07:22:02,295 - INFO - Completed /viper/ptmp/arego/Red_T_7K_1_EN_100/11535.h5 in 10.50 seconds
2025-09-19 07:22:02,384 - INFO - Processing /viper/ptmp/arego/Red_T_7K_1/4232.h5
2025-09-19 07:22:02,385 - INFO - Completed /viper/ptmp/arego/Red_T_7K_1_EN_100/19019.h5 in 8.48 seconds
2025-09-19 07:22:02,394 - INFO - Completed /viper/ptmp/arego/Red_T_7K_1_EN_100/13065.h5 in 11.61 seconds
2025-09-19 07:22:02,456 - INFO - Processing /viper/ptmp/arego/Red_T_7K_1/311.h5
2025-09-19 07:22:02,460 - INFO - Processing /viper/ptmp/arego/Red_T_7K_1/20963.h5
2025-09-19 07:22:02,888 - INFO - Completed /viper/ptmp/arego/Red_T_7K_1_EN_100/8913.h5 in 9.44 seconds
2025-09-19 07:22:02,894 - INFO - Completed /viper/ptmp/arego/Red_T_7K_1_EN_100/14214.h5 in 9.13 seconds
2025-09-19 07:22:02,956 - INFO - Processing /viper/ptmp/arego/Red_T_7K_1/19395.h5
2025-09-19 07:22:02,962 - INFO - Processing /viper/ptmp/arego/Red_T_7K_1/6890.h5
2025-09-19 07:22:03,090 - INFO - Completed /viper/ptmp/arego/Red_T_7K_1_EN_100/4659.h5 in 9.68 seconds
2025-09-19 07:22:03,122 - INFO - Completed /viper/ptmp/arego/Red_T_7K_1_EN_100/9746.h5 in 11.70 seconds
2025-09-19 07:22:03,204 - INFO - Processing /viper/ptmp/arego/Red_T_7K_1/10312.h5
2025-09-19 07:22:03,295 - INFO - File 4232: Filtered 1561542 hits and 5 records
2025-09-19 07:22:03,310 - INFO - File 311: Filtered 2372303 hits and 2 records
2025-09-19 07:22:03,338 - INFO - File 20963: Filtered 1874732 hits and 7 records
2025-09-19 07:22:03,536 - INFO - Processing /viper/ptmp/arego/Red_T_7K_1/15075.h5
2025-09-19 07:22:03,852 - INFO - File 19395: Filtered 2559244 hits and 8 records
2025-09-19 07:22:03,917 - INFO - File 6890: Filtered 754921 hits and 4 records
2025-09-19 07:22:04,010 - INFO - File 10312: Filtered 1163508 hits and 4 records
2025-09-19 07:22:04,410 - INFO - Completed /viper/ptmp/arego/Red_T_7K_1_EN_100/15138.h5 in 14.42 seconds
2025-09-19 07:22:04,538 - INFO - Processing /viper/ptmp/arego/Red_T_7K_1/23238.h5
2025-09-19 07:22:05,316 - INFO - File 15075: Filtered 572117 hits and 4 records
2025-09-19 07:22:05,723 - INFO - File 23238: Filtered 1094712 hits and 5 records
2025-09-19 07:22:06,868 - INFO - Completed /viper/ptmp/arego/Red_T_7K_1_EN_100/18485.h5 in 6.64 seconds
2025-09-19 07:22:06,947 - INFO - Processing /viper/ptmp/arego/Red_T_7K_1/20709.h5
2025-09-19 07:22:07,203 - INFO - Completed /viper/ptmp/arego/Red_T_7K_1_EN_100/4380.h5 in 8.10 seconds
2025-09-19 07:22:07,317 - INFO - Processing /viper/ptmp/arego/Red_T_7K_1/12187.h5
2025-09-19 07:22:07,790 - INFO - File 20709: Filtered 1565012 hits and 5 records
2025-09-19 07:22:08,169 - INFO - File 12187: Filtered 2129910 hits and 7 records
2025-09-19 07:22:08,188 - INFO - Completed /viper/ptmp/arego/Red_T_7K_1_EN_100/18604.h5 in 8.90 seconds
2025-09-19 07:22:08,278 - INFO - Processing /viper/ptmp/arego/Red_T_7K_1/4254.h5
2025-09-19 07:22:08,288 - INFO - Completed /viper/ptmp/arego/Red_T_7K_1_EN_100/8517.h5 in 10.84 seconds
2025-09-19 07:22:08,389 - INFO - Processing /viper/ptmp/arego/Red_T_7K_1/12790.h5
2025-09-19 07:22:08,477 - INFO - Completed /viper/ptmp/arego/Red_T_7K_1_EN_100/14094.h5 in 12.55 seconds
2025-09-19 07:22:08,542 - INFO - Processing /viper/ptmp/arego/Red_T_7K_1/9655.h5
2025-09-19 07:22:08,692 - INFO - Completed /viper/ptmp/arego/Red_T_7K_1_EN_100/2675.h5 in 12.55 seconds
2025-09-19 07:22:08,783 - INFO - Processing /viper/ptmp/arego/Red_T_7K_1/17965.h5
2025-09-19 07:22:09,016 - INFO - Completed /viper/ptmp/arego/Red_T_7K_1_EN_100/10135.h5 in 11.99 seconds
2025-09-19 07:22:09,156 - INFO - Processing /viper/ptmp/arego/Red_T_7K_1/336.h5
2025-09-19 07:22:09,259 - INFO - File 4254: Filtered 1225226 hits and 3 records
2025-09-19 07:22:09,314 - INFO - Completed /viper/ptmp/arego/Red_T_7K_1_EN_100/18130.h5 in 10.16 seconds
2025-09-19 07:22:09,333 - INFO - File 12790: Filtered 1330188 hits and 2 records
2025-09-19 07:22:09,385 - INFO - Processing /viper/ptmp/arego/Red_T_7K_1/17179.h5
2025-09-19 07:22:09,398 - INFO - Completed /viper/ptmp/arego/Red_T_7K_1_EN_100/19336.h5 in 8.81 seconds
2025-09-19 07:22:09,425 - INFO - File 9655: Filtered 2194770 hits and 8 records
2025-09-19 07:22:09,496 - INFO - Completed /viper/ptmp/arego/Red_T_7K_1_EN_100/311.h5 in 7.04 seconds
2025-09-19 07:22:09,650 - INFO - Processing /viper/ptmp/arego/Red_T_7K_1/17472.h5
2025-09-19 07:22:09,700 - INFO - Completed /viper/ptmp/arego/Red_T_7K_1_EN_100/19207.h5 in 10.13 seconds
2025-09-19 07:22:09,728 - INFO - File 17965: Filtered 3579653 hits and 8 records
2025-09-19 07:22:09,827 - INFO - Processing /viper/ptmp/arego/Red_T_7K_1/21480.h5
2025-09-19 07:22:09,875 - INFO - Processing /viper/ptmp/arego/Red_T_7K_1/19940.h5
2025-09-19 07:22:10,056 - INFO - Completed /viper/ptmp/arego/Red_T_7K_1_EN_100/19395.h5 in 7.10 seconds
2025-09-19 07:22:10,106 - INFO - File 336: Filtered 1222605 hits and 5 records
2025-09-19 07:22:10,131 - INFO - Processing /viper/ptmp/arego/Red_T_7K_1/9706.h5
2025-09-19 07:22:10,365 - INFO - File 17179: Filtered 1683446 hits and 4 records
2025-09-19 07:22:10,659 - INFO - File 17472: Filtered 1596530 hits and 4 records
2025-09-19 07:22:11,063 - INFO - File 9706: Filtered 1219046 hits and 2 records
2025-09-19 07:22:11,184 - INFO - Completed /viper/ptmp/arego/Red_T_7K_1_EN_100/2126.h5 in 25.61 seconds
2025-09-19 07:22:11,302 - INFO - File 21480: Filtered 125698 hits and 2 records
2025-09-19 07:22:11,338 - INFO - Processing /viper/ptmp/arego/Red_T_7K_1/3316.h5
2025-09-19 07:22:11,446 - INFO - File 19940: Filtered 547751 hits and 6 records
2025-09-19 07:22:11,751 - INFO - Completed /viper/ptmp/arego/Red_T_7K_1_EN_100/2584.h5 in 12.31 seconds
2025-09-19 07:22:11,848 - INFO - Processing /viper/ptmp/arego/Red_T_7K_1/11490.h5
2025-09-19 07:22:12,275 - INFO - File 3316: Filtered 1678970 hits and 7 records
2025-09-19 07:22:12,772 - INFO - Completed /viper/ptmp/arego/Red_T_7K_1_EN_100/17965.h5 in 3.99 seconds
2025-09-19 07:22:12,776 - INFO - Completed /viper/ptmp/arego/Red_T_7K_1_EN_100/20963.h5 in 10.32 seconds
2025-09-19 07:22:12,812 - INFO - Processing /viper/ptmp/arego/Red_T_7K_1/6531.h5
2025-09-19 07:22:12,830 - INFO - File 11490: Filtered 2113202 hits and 3 records
2025-09-19 07:22:13,017 - INFO - Completed /viper/ptmp/arego/Red_T_7K_1_EN_100/26.h5 in 15.10 seconds
2025-09-19 07:22:13,109 - INFO - Processing /viper/ptmp/arego/Red_T_7K_1/4982.h5
2025-09-19 07:22:13,297 - INFO - Processing /viper/ptmp/arego/Red_T_7K_1/867.h5
2025-09-19 07:22:13,351 - INFO - Completed /viper/ptmp/arego/Red_T_7K_1_EN_100/4232.h5 in 10.97 seconds
2025-09-19 07:22:13,485 - INFO - Processing /viper/ptmp/arego/Red_T_7K_1/11683.h5
2025-09-19 07:22:13,760 - INFO - File 6531: Filtered 1389194 hits and 5 records
2025-09-19 07:22:13,848 - INFO - Completed /viper/ptmp/arego/Red_T_7K_1_EN_100/88.h5 in 32.53 seconds
2025-09-19 07:22:13,921 - INFO - Processing /viper/ptmp/arego/Red_T_7K_1/5908.h5
2025-09-19 07:22:14,146 - INFO - File 4982: Filtered 3901632 hits and 5 records
2025-09-19 07:22:14,363 - INFO - File 867: Filtered 1367983 hits and 4 records
2025-09-19 07:22:14,416 - INFO - File 11683: Filtered 1060444 hits and 3 records
2025-09-19 07:22:14,418 - INFO - Completed /viper/ptmp/arego/Red_T_7K_1_EN_100/4254.h5 in 6.14 seconds
2025-09-19 07:22:14,503 - INFO - Processing /viper/ptmp/arego/Red_T_7K_1/1492.h5
2025-09-19 07:22:14,582 - INFO - Completed /viper/ptmp/arego/Red_T_7K_1_EN_100/10312.h5 in 11.38 seconds
2025-09-19 07:22:14,828 - INFO - Processing /viper/ptmp/arego/Red_T_7K_1/18465.h5
2025-09-19 07:22:14,888 - INFO - File 5908: Filtered 902821 hits and 3 records
2025-09-19 07:22:15,382 - INFO - File 1492: Filtered 1771545 hits and 6 records
2025-09-19 07:22:15,758 - INFO - File 18465: Filtered 430640 hits and 3 records
2025-09-19 07:22:16,309 - INFO - Completed /viper/ptmp/arego/Red_T_7K_1_EN_100/12187.h5 in 8.99 seconds
2025-09-19 07:22:16,370 - INFO - Processing /viper/ptmp/arego/Red_T_7K_1/7674.h5
2025-09-19 07:22:16,560 - INFO - Completed /viper/ptmp/arego/Red_T_7K_1_EN_100/20709.h5 in 9.61 seconds
2025-09-19 07:22:16,628 - INFO - Processing /viper/ptmp/arego/Red_T_7K_1/11799.h5
2025-09-19 07:22:17,274 - INFO - File 7674: Filtered 2352162 hits and 5 records
2025-09-19 07:22:17,414 - INFO - Completed /viper/ptmp/arego/Red_T_7K_1_EN_100/6890.h5 in 14.45 seconds
2025-09-19 07:22:17,501 - INFO - Processing /viper/ptmp/arego/Red_T_7K_1/19728.h5
2025-09-19 07:22:17,573 - INFO - Completed /viper/ptmp/arego/Red_T_7K_1_EN_100/4982.h5 in 4.46 seconds
2025-09-19 07:22:17,640 - INFO - Processing /viper/ptmp/arego/Red_T_7K_1/15654.h5
2025-09-19 07:22:17,730 - INFO - File 11799: Filtered 1739626 hits and 5 records
2025-09-19 07:22:18,521 - INFO - File 15654: Filtered 3573200 hits and 6 records
2025-09-19 07:22:18,569 - INFO - File 19728: Filtered 1335819 hits and 2 records
2025-09-19 07:22:18,581 - INFO - Completed /viper/ptmp/arego/Red_T_7K_1_EN_100/17179.h5 in 9.20 seconds
2025-09-19 07:22:18,659 - INFO - Processing /viper/ptmp/arego/Red_T_7K_1/8624.h5
2025-09-19 07:22:19,416 - INFO - Completed /viper/ptmp/arego/Red_T_7K_1_EN_100/9655.h5 in 10.87 seconds
2025-09-19 07:22:19,471 - INFO - Completed /viper/ptmp/arego/Red_T_7K_1_EN_100/12790.h5 in 11.08 seconds
2025-09-19 07:22:19,539 - INFO - Processing /viper/ptmp/arego/Red_T_7K_1/21991.h5
2025-09-19 07:22:19,545 - INFO - Processing /viper/ptmp/arego/Red_T_7K_1/23144.h5
2025-09-19 07:22:19,662 - INFO - File 8624: Filtered 1611842 hits and 5 records
2025-09-19 07:22:19,942 - INFO - Completed /viper/ptmp/arego/Red_T_7K_1_EN_100/13863.h5 in 21.67 seconds
2025-09-19 07:22:20,044 - INFO - Processing /viper/ptmp/arego/Red_T_7K_1/20776.h5
2025-09-19 07:22:20,248 - INFO - Completed /viper/ptmp/arego/Red_T_7K_1_EN_100/336.h5 in 11.09 seconds
2025-09-19 07:22:20,376 - INFO - Processing /viper/ptmp/arego/Red_T_7K_1/8598.h5
2025-09-19 07:22:20,668 - INFO - File 21991: Filtered 1620589 hits and 3 records
2025-09-19 07:22:20,701 - INFO - File 23144: Filtered 811235 hits and 4 records
2025-09-19 07:22:21,025 - INFO - Completed /viper/ptmp/arego/Red_T_7K_1_EN_100/17472.h5 in 11.38 seconds
2025-09-19 07:22:21,111 - INFO - Processing /viper/ptmp/arego/Red_T_7K_1/15134.h5
2025-09-19 07:22:21,275 - INFO - File 20776: Filtered 610265 hits and 7 records
2025-09-19 07:22:21,309 - INFO - File 8598: Filtered 2714750 hits and 5 records
2025-09-19 07:22:21,963 - INFO - Completed /viper/ptmp/arego/Red_T_7K_1_EN_100/23238.h5 in 17.42 seconds
2025-09-19 07:22:22,009 - INFO - Completed /viper/ptmp/arego/Red_T_7K_1_EN_100/3316.h5 in 10.67 seconds
2025-09-19 07:22:22,084 - INFO - Processing /viper/ptmp/arego/Red_T_7K_1/8583.h5
2025-09-19 07:22:22,376 - INFO - Processing /viper/ptmp/arego/Red_T_7K_1/5312.h5
2025-09-19 07:22:22,411 - INFO - Completed /viper/ptmp/arego/Red_T_7K_1_EN_100/15654.h5 in 4.77 seconds
2025-09-19 07:22:22,448 - INFO - Processing /viper/ptmp/arego/Red_T_7K_1/7997.h5
2025-09-19 07:22:22,905 - INFO - Completed /viper/ptmp/arego/Red_T_7K_1_EN_100/9706.h5 in 12.77 seconds
2025-09-19 07:22:22,970 - INFO - Processing /viper/ptmp/arego/Red_T_7K_1/5387.h5
2025-09-19 07:22:23,040 - INFO - File 8583: Filtered 1963071 hits and 7 records
2025-09-19 07:22:23,288 - INFO - File 5312: Filtered 1464999 hits and 7 records
2025-09-19 07:22:23,415 - INFO - File 7997: Filtered 2498523 hits and 9 records
2025-09-19 07:22:23,512 - INFO - Completed /viper/ptmp/arego/Red_T_7K_1_EN_100/11490.h5 in 11.66 seconds
2025-09-19 07:22:23,684 - INFO - Completed /viper/ptmp/arego/Red_T_7K_1_EN_100/1492.h5 in 9.18 seconds
2025-09-19 07:22:23,712 - INFO - Processing /viper/ptmp/arego/Red_T_7K_1/19150.h5
2025-09-19 07:22:23,841 - INFO - Processing /viper/ptmp/arego/Red_T_7K_1/15145.h5
2025-09-19 07:22:24,741 - INFO - File 15145: Filtered 436862 hits and 2 records
2025-09-19 07:22:24,791 - INFO - File 5387: Filtered 269720 hits and 3 records
2025-09-19 07:22:24,927 - INFO - File 19150: Filtered 1586617 hits and 5 records
2025-09-19 07:22:25,239 - INFO - Completed /viper/ptmp/arego/Red_T_7K_1_EN_100/6531.h5 in 12.43 seconds
2025-09-19 07:22:25,309 - INFO - Processing /viper/ptmp/arego/Red_T_7K_1/22299.h5
2025-09-19 07:22:25,444 - INFO - Completed /viper/ptmp/arego/Red_T_7K_1_EN_100/7674.h5 in 9.07 seconds
2025-09-19 07:22:25,629 - INFO - Processing /viper/ptmp/arego/Red_T_7K_1/18648.h5
2025-09-19 07:22:25,957 - INFO - Completed /viper/ptmp/arego/Red_T_7K_1_EN_100/8598.h5 in 5.58 seconds
2025-09-19 07:22:26,047 - INFO - Processing /viper/ptmp/arego/Red_T_7K_1/3016.h5
2025-09-19 07:22:26,189 - INFO - Completed /viper/ptmp/arego/Red_T_7K_1_EN_100/867.h5 in 12.89 seconds
2025-09-19 07:22:26,227 - INFO - File 15134: Filtered 72073 hits and 1 records
2025-09-19 07:22:26,272 - INFO - Processing /viper/ptmp/arego/Red_T_7K_1/13654.h5
2025-09-19 07:22:26,412 - INFO - File 22299: Filtered 1540608 hits and 3 records
2025-09-19 07:22:26,936 - INFO - Completed /viper/ptmp/arego/Red_T_7K_1_EN_100/11683.h5 in 13.45 seconds
2025-09-19 07:22:27,025 - INFO - Completed /viper/ptmp/arego/Red_T_7K_1_EN_100/18465.h5 in 12.20 seconds
2025-09-19 07:22:27,053 - INFO - Processing /viper/ptmp/arego/Red_T_7K_1/8297.h5
2025-09-19 07:22:27,128 - INFO - File 3016: Filtered 1200847 hits and 5 records
2025-09-19 07:22:27,363 - INFO - File 13654: Filtered 2084377 hits and 4 records
2025-09-19 07:22:27,374 - INFO - Processing /viper/ptmp/arego/Red_T_7K_1/618.h5
2025-09-19 07:22:28,099 - INFO - File 8297: Filtered 1366119 hits and 6 records
2025-09-19 07:22:28,485 - INFO - File 618: Filtered 1301522 hits and 5 records
2025-09-19 07:22:29,432 - INFO - Completed /viper/ptmp/arego/Red_T_7K_1_EN_100/5908.h5 in 15.51 seconds
2025-09-19 07:22:29,516 - INFO - Processing /viper/ptmp/arego/Red_T_7K_1/20938.h5
2025-09-19 07:22:30,555 - INFO - File 20938: Filtered 2297300 hits and 4 records
2025-09-19 07:22:30,842 - INFO - File 18648: Filtered 158384 hits and 4 records
2025-09-19 07:22:31,318 - INFO - Completed /viper/ptmp/arego/Red_T_7K_1_EN_100/19728.h5 in 13.82 seconds
2025-09-19 07:22:31,387 - INFO - Processing /viper/ptmp/arego/Red_T_7K_1/10540.h5
2025-09-19 07:22:31,472 - INFO - Completed /viper/ptmp/arego/Red_T_7K_1_EN_100/11799.h5 in 14.84 seconds
2025-09-19 07:22:31,615 - INFO - Completed /viper/ptmp/arego/Red_T_7K_1_EN_100/8624.h5 in 12.96 seconds
2025-09-19 07:22:31,646 - INFO - Processing /viper/ptmp/arego/Red_T_7K_1/19889.h5
2025-09-19 07:22:31,671 - INFO - Completed /viper/ptmp/arego/Red_T_7K_1_EN_100/8583.h5 in 9.59 seconds
2025-09-19 07:22:31,749 - INFO - Processing /viper/ptmp/arego/Red_T_7K_1/2657.h5
2025-09-19 07:22:31,852 - INFO - Processing /viper/ptmp/arego/Red_T_7K_1/11265.h5
2025-09-19 07:22:32,423 - INFO - Completed /viper/ptmp/arego/Red_T_7K_1_EN_100/5312.h5 in 10.05 seconds
2025-09-19 07:22:32,488 - INFO - File 10540: Filtered 1292979 hits and 3 records
2025-09-19 07:22:32,533 - INFO - Processing /viper/ptmp/arego/Red_T_7K_1/11334.h5
2025-09-19 07:22:32,819 - INFO - File 2657: Filtered 1101207 hits and 5 records
2025-09-19 07:22:33,188 - INFO - File 19889: Filtered 3248181 hits and 4 records
2025-09-19 07:22:33,269 - INFO - Completed /viper/ptmp/arego/Red_T_7K_1_EN_100/7997.h5 in 10.82 seconds
2025-09-19 07:22:33,316 - INFO - File 11265: Filtered 3558091 hits and 5 records
2025-09-19 07:22:33,333 - INFO - Processing /viper/ptmp/arego/Red_T_7K_1/3163.h5
2025-09-19 07:22:33,550 - INFO - Completed /viper/ptmp/arego/Red_T_7K_1_EN_100/21991.h5 in 14.01 seconds
2025-09-19 07:22:33,602 - INFO - File 11334: Filtered 2655648 hits and 9 records
2025-09-19 07:22:33,618 - INFO - Processing /viper/ptmp/arego/Red_T_7K_1/17634.h5
2025-09-19 07:22:34,584 - INFO - File 3163: Filtered 1600589 hits and 5 records
2025-09-19 07:22:35,819 - INFO - File 17634: Filtered 61773 hits and 2 records
2025-09-19 07:22:36,961 - INFO - Completed /viper/ptmp/arego/Red_T_7K_1_EN_100/19940.h5 in 27.09 seconds
2025-09-19 07:22:36,999 - INFO - Processing /viper/ptmp/arego/Red_T_7K_1/7371.h5
2025-09-19 07:22:37,608 - INFO - Completed /viper/ptmp/arego/Red_T_7K_1_EN_100/23144.h5 in 18.06 seconds
2025-09-19 07:22:37,671 - INFO - Processing /viper/ptmp/arego/Red_T_7K_1/1062.h5
2025-09-19 07:22:37,719 - INFO - Completed /viper/ptmp/arego/Red_T_7K_1_EN_100/15075.h5 in 34.18 seconds
2025-09-19 07:22:37,742 - INFO - Completed /viper/ptmp/arego/Red_T_7K_1_EN_100/20776.h5 in 17.70 seconds
2025-09-19 07:22:37,863 - INFO - Processing /viper/ptmp/arego/Red_T_7K_1/96.h5
2025-09-19 07:22:37,960 - INFO - Processing /viper/ptmp/arego/Red_T_7K_1/11034.h5
2025-09-19 07:22:38,275 - INFO - File 7371: Filtered 265872 hits and 3 records
2025-09-19 07:22:38,764 - INFO - Completed /viper/ptmp/arego/Red_T_7K_1_EN_100/21480.h5 in 28.94 seconds
2025-09-19 07:22:38,886 - INFO - Processing /viper/ptmp/arego/Red_T_7K_1/9348.h5
2025-09-19 07:22:38,960 - INFO - File 96: Filtered 1172950 hits and 5 records
2025-09-19 07:22:39,207 - INFO - Completed /viper/ptmp/arego/Red_T_7K_1_EN_100/15145.h5 in 15.37 seconds
2025-09-19 07:22:39,313 - INFO - Processing /viper/ptmp/arego/Red_T_7K_1/11373.h5
2025-09-19 07:22:39,376 - INFO - File 11034: Filtered 2677252 hits and 7 records
2025-09-19 07:22:39,454 - INFO - File 1062: Filtered 191790 hits and 3 records
2025-09-19 07:22:39,504 - INFO - Completed /viper/ptmp/arego/Red_T_7K_1_EN_100/13654.h5 in 13.23 seconds
2025-09-19 07:22:39,568 - INFO - Completed /viper/ptmp/arego/Red_T_7K_1_EN_100/3016.h5 in 13.52 seconds
2025-09-19 07:22:39,570 - INFO - Processing /viper/ptmp/arego/Red_T_7K_1/11101.h5
2025-09-19 07:22:39,687 - INFO - Processing /viper/ptmp/arego/Red_T_7K_1/19455.h5
2025-09-19 07:22:40,055 - INFO - File 9348: Filtered 1489654 hits and 5 records
2025-09-19 07:22:40,288 - INFO - Completed /viper/ptmp/arego/Red_T_7K_1_EN_100/618.h5 in 12.91 seconds
2025-09-19 07:22:40,323 - INFO - Completed /viper/ptmp/arego/Red_T_7K_1_EN_100/22299.h5 in 15.01 seconds
2025-09-19 07:22:40,395 - INFO - Processing /viper/ptmp/arego/Red_T_7K_1/21100.h5
2025-09-19 07:22:40,475 - INFO - Completed /viper/ptmp/arego/Red_T_7K_1_EN_100/20938.h5 in 10.96 seconds
2025-09-19 07:22:40,500 - INFO - Processing /viper/ptmp/arego/Red_T_7K_1/10930.h5
2025-09-19 07:22:40,557 - INFO - Processing /viper/ptmp/arego/Red_T_7K_1/168.h5
2025-09-19 07:22:40,572 - INFO - Completed /viper/ptmp/arego/Red_T_7K_1_EN_100/19150.h5 in 16.86 seconds
2025-09-19 07:22:40,636 - INFO - File 11373: Filtered 2437024 hits and 4 records
2025-09-19 07:22:40,710 - INFO - Processing /viper/ptmp/arego/Red_T_7K_1/10042.h5
2025-09-19 07:22:40,775 - INFO - File 11101: Filtered 209707 hits and 2 records
2025-09-19 07:22:40,875 - INFO - File 19455: Filtered 1257008 hits and 3 records
2025-09-19 07:22:40,976 - INFO - Completed /viper/ptmp/arego/Red_T_7K_1_EN_100/8297.h5 in 13.92 seconds
2025-09-19 07:22:41,028 - INFO - Completed /viper/ptmp/arego/Red_T_7K_1_EN_100/11334.h5 in 8.49 seconds
2025-09-19 07:22:41,090 - INFO - Processing /viper/ptmp/arego/Red_T_7K_1/18139.h5
2025-09-19 07:22:41,445 - INFO - Processing /viper/ptmp/arego/Red_T_7K_1/381.h5
2025-09-19 07:22:41,717 - INFO - File 168: Filtered 2743149 hits and 6 records
2025-09-19 07:22:41,740 - INFO - File 21100: Filtered 3888742 hits and 9 records
2025-09-19 07:22:41,796 - INFO - File 10930: Filtered 1309176 hits and 4 records
2025-09-19 07:22:42,031 - INFO - File 10042: Filtered 2709738 hits and 6 records
2025-09-19 07:22:42,192 - INFO - File 18139: Filtered 3146240 hits and 4 records
2025-09-19 07:22:42,691 - INFO - File 381: Filtered 1660862 hits and 8 records
2025-09-19 07:22:42,808 - INFO - Completed /viper/ptmp/arego/Red_T_7K_1_EN_100/11265.h5 in 10.96 seconds
2025-09-19 07:22:42,848 - INFO - Processing /viper/ptmp/arego/Red_T_7K_1/17826.h5
2025-09-19 07:22:43,959 - INFO - File 17826: Filtered 3980718 hits and 5 records
2025-09-19 07:22:44,566 - INFO - Completed /viper/ptmp/arego/Red_T_7K_1_EN_100/19889.h5 in 12.92 seconds
2025-09-19 07:22:44,629 - INFO - Processing /viper/ptmp/arego/Red_T_7K_1/19606.h5
2025-09-19 07:22:46,367 - INFO - File 19606: Filtered 579406 hits and 5 records
2025-09-19 07:22:46,401 - INFO - Completed /viper/ptmp/arego/Red_T_7K_1_EN_100/10540.h5 in 15.01 seconds
2025-09-19 07:22:46,486 - INFO - Processing /viper/ptmp/arego/Red_T_7K_1/1648.h5
2025-09-19 07:22:46,934 - INFO - Completed /viper/ptmp/arego/Red_T_7K_1_EN_100/18139.h5 in 5.84 seconds
2025-09-19 07:22:47,032 - INFO - Processing /viper/ptmp/arego/Red_T_7K_1/5694.h5
2025-09-19 07:22:47,546 - INFO - Completed /viper/ptmp/arego/Red_T_7K_1_EN_100/2657.h5 in 15.80 seconds
2025-09-19 07:22:47,680 - INFO - Processing /viper/ptmp/arego/Red_T_7K_1/15944.h5
2025-09-19 07:22:47,796 - INFO - File 1648: Filtered 2824479 hits and 8 records
2025-09-19 07:22:47,910 - INFO - Completed /viper/ptmp/arego/Red_T_7K_1_EN_100/11373.h5 in 8.60 seconds
2025-09-19 07:22:48,031 - INFO - Processing /viper/ptmp/arego/Red_T_7K_1/1655.h5
2025-09-19 07:22:48,973 - INFO - File 15944: Filtered 1704091 hits and 5 records
2025-09-19 07:22:49,256 - INFO - File 5694: Filtered 62067 hits and 1 records
2025-09-19 07:22:49,631 - INFO - File 1655: Filtered 1953784 hits and 5 records
2025-09-19 07:22:50,181 - INFO - Completed /viper/ptmp/arego/Red_T_7K_1_EN_100/17826.h5 in 7.33 seconds
2025-09-19 07:22:50,245 - INFO - Processing /viper/ptmp/arego/Red_T_7K_1/5527.h5
2025-09-19 07:22:50,523 - INFO - Completed /viper/ptmp/arego/Red_T_7K_1_EN_100/11034.h5 in 12.56 seconds
2025-09-19 07:22:50,570 - INFO - Processing /viper/ptmp/arego/Red_T_7K_1/2876.h5
2025-09-19 07:22:50,783 - INFO - Completed /viper/ptmp/arego/Red_T_7K_1_EN_100/21100.h5 in 10.39 seconds
2025-09-19 07:22:50,861 - INFO - Processing /viper/ptmp/arego/Red_T_7K_1/17415.h5
2025-09-19 07:22:50,882 - INFO - Completed /viper/ptmp/arego/Red_T_7K_1_EN_100/3163.h5 in 17.55 seconds
2025-09-19 07:22:51,083 - INFO - Processing /viper/ptmp/arego/Red_T_7K_1/7628.h5
2025-09-19 07:22:51,523 - INFO - Completed /viper/ptmp/arego/Red_T_7K_1_EN_100/9611.h5 in 58.96 seconds
2025-09-19 07:22:51,537 - INFO - File 5527: Filtered 2873229 hits and 6 records
2025-09-19 07:22:51,619 - INFO - Processing /viper/ptmp/arego/Red_T_7K_1/21554.h5
2025-09-19 07:22:52,096 - INFO - File 2876: Filtered 161299 hits and 4 records
2025-09-19 07:22:52,355 - INFO - File 7628: Filtered 5453014 hits and 5 records
2025-09-19 07:22:52,975 - INFO - Completed /viper/ptmp/arego/Red_T_7K_1_EN_100/168.h5 in 12.42 seconds
2025-09-19 07:22:53,054 - INFO - Processing /viper/ptmp/arego/Red_T_7K_1/12159.h5
2025-09-19 07:22:53,157 - INFO - Completed /viper/ptmp/arego/Red_T_7K_1_EN_100/9348.h5 in 14.27 seconds
2025-09-19 07:22:53,261 - INFO - Processing /viper/ptmp/arego/Red_T_7K_1/4473.h5
2025-09-19 07:22:53,875 - INFO - Completed /viper/ptmp/arego/Red_T_7K_1_EN_100/96.h5 in 16.01 seconds
2025-09-19 07:22:53,952 - INFO - Processing /viper/ptmp/arego/Red_T_7K_1/10094.h5
2025-09-19 07:22:54,246 - INFO - File 12159: Filtered 3047947 hits and 6 records
2025-09-19 07:22:54,467 - INFO - File 4473: Filtered 1800465 hits and 7 records
2025-09-19 07:22:54,731 - INFO - File 21554: Filtered 858296 hits and 4 records
2025-09-19 07:22:54,896 - INFO - Completed /viper/ptmp/arego/Red_T_7K_1_EN_100/19455.h5 in 15.21 seconds
2025-09-19 07:22:54,956 - INFO - File 17415: Filtered 156358 hits and 4 records
2025-09-19 07:22:55,069 - INFO - Processing /viper/ptmp/arego/Red_T_7K_1/19640.h5
2025-09-19 07:22:55,239 - INFO - File 10094: Filtered 1627209 hits and 5 records
2025-09-19 07:22:55,391 - INFO - Completed /viper/ptmp/arego/Red_T_7K_1_EN_100/10042.h5 in 14.68 seconds
2025-09-19 07:22:55,458 - INFO - Processing /viper/ptmp/arego/Red_T_7K_1/11091.h5
2025-09-19 07:22:55,502 - INFO - Completed /viper/ptmp/arego/Red_T_7K_1_EN_100/381.h5 in 14.06 seconds
2025-09-19 07:22:55,635 - INFO - Processing /viper/ptmp/arego/Red_T_7K_1/9232.h5
2025-09-19 07:22:56,044 - INFO - Completed /viper/ptmp/arego/Red_T_7K_1_EN_100/7628.h5 in 4.96 seconds
2025-09-19 07:22:56,140 - INFO - Processing /viper/ptmp/arego/Red_T_7K_1/17483.h5
2025-09-19 07:22:56,203 - INFO - File 19640: Filtered 1534888 hits and 4 records
2025-09-19 07:22:56,851 - INFO - File 9232: Filtered 2207011 hits and 6 records
2025-09-19 07:22:56,924 - INFO - Completed /viper/ptmp/arego/Red_T_7K_1_EN_100/7371.h5 in 19.92 seconds
2025-09-19 07:22:56,990 - INFO - Processing /viper/ptmp/arego/Red_T_7K_1/17966.h5
2025-09-19 07:22:57,051 - INFO - File 11091: Filtered 2003498 hits and 6 records
2025-09-19 07:22:58,225 - INFO - File 17966: Filtered 1075719 hits and 3 records
2025-09-19 07:22:58,280 - INFO - File 17483: Filtered 706985 hits and 3 records
2025-09-19 07:22:58,654 - INFO - Completed /viper/ptmp/arego/Red_T_7K_1_EN_100/5387.h5 in 35.68 seconds
2025-09-19 07:22:58,725 - INFO - Processing /viper/ptmp/arego/Red_T_7K_1/17317.h5
2025-09-19 07:22:59,984 - INFO - Completed /viper/ptmp/arego/Red_T_7K_1_EN_100/10930.h5 in 19.48 seconds
2025-09-19 07:23:00,115 - INFO - Processing /viper/ptmp/arego/Red_T_7K_1/5937.h5
2025-09-19 07:23:00,124 - INFO - File 17317: Filtered 4387354 hits and 7 records
2025-09-19 07:23:01,077 - INFO - Completed /viper/ptmp/arego/Red_T_7K_1_EN_100/1648.h5 in 14.59 seconds
2025-09-19 07:23:01,148 - INFO - Processing /viper/ptmp/arego/Red_T_7K_1/17517.h5
2025-09-19 07:23:01,241 - INFO - Completed /viper/ptmp/arego/Red_T_7K_1_EN_100/11101.h5 in 21.67 seconds
2025-09-19 07:23:01,285 - INFO - Processing /viper/ptmp/arego/Red_T_7K_1/23123.h5
2025-09-19 07:23:01,294 - INFO - File 5937: Filtered 3012214 hits and 6 records
2025-09-19 07:23:02,399 - INFO - File 17517: Filtered 4030060 hits and 7 records
2025-09-19 07:23:02,753 - INFO - File 23123: Filtered 2556180 hits and 2 records
2025-09-19 07:23:03,822 - INFO - Completed /viper/ptmp/arego/Red_T_7K_1_EN_100/15944.h5 in 16.14 seconds
2025-09-19 07:23:03,936 - INFO - Completed /viper/ptmp/arego/Red_T_7K_1_EN_100/5527.h5 in 13.69 seconds
2025-09-19 07:23:03,975 - INFO - Processing /viper/ptmp/arego/Red_T_7K_1/16884.h5
2025-09-19 07:23:04,009 - INFO - Processing /viper/ptmp/arego/Red_T_7K_1/15824.h5
2025-09-19 07:23:04,740 - INFO - Completed /viper/ptmp/arego/Red_T_7K_1_EN_100/1062.h5 in 27.07 seconds
2025-09-19 07:23:04,818 - INFO - Processing /viper/ptmp/arego/Red_T_7K_1/3212.h5
2025-09-19 07:23:05,248 - INFO - File 16884: Filtered 1827430 hits and 6 records
2025-09-19 07:23:05,953 - INFO - File 15824: Filtered 592281 hits and 3 records
2025-09-19 07:23:06,047 - INFO - Completed /viper/ptmp/arego/Red_T_7K_1_EN_100/12159.h5 in 12.99 seconds
2025-09-19 07:23:06,114 - INFO - Processing /viper/ptmp/arego/Red_T_7K_1/17495.h5
2025-09-19 07:23:07,098 - INFO - File 3212: Filtered 907392 hits and 4 records
2025-09-19 07:23:07,749 - INFO - Completed /viper/ptmp/arego/Red_T_7K_1_EN_100/1655.h5 in 19.72 seconds
2025-09-19 07:23:07,799 - INFO - File 17495: Filtered 3274550 hits and 9 records
2025-09-19 07:23:07,858 - INFO - Processing /viper/ptmp/arego/Red_T_7K_1/2277.h5
2025-09-19 07:23:09,098 - INFO - File 2277: Filtered 2961905 hits and 5 records
2025-09-19 07:23:09,106 - INFO - Completed /viper/ptmp/arego/Red_T_7K_1_EN_100/9232.h5 in 13.47 seconds
2025-09-19 07:23:09,198 - INFO - Processing /viper/ptmp/arego/Red_T_7K_1/3305.h5
2025-09-19 07:23:09,621 - INFO - Completed /viper/ptmp/arego/Red_T_7K_1_EN_100/4473.h5 in 16.36 seconds
2025-09-19 07:23:09,663 - INFO - Completed /viper/ptmp/arego/Red_T_7K_1_EN_100/5937.h5 in 9.55 seconds
2025-09-19 07:23:09,731 - INFO - Processing /viper/ptmp/arego/Red_T_7K_1/10642.h5
2025-09-19 07:23:10,037 - INFO - Processing /viper/ptmp/arego/Red_T_7K_1/7521.h5
2025-09-19 07:23:10,495 - INFO - Completed /viper/ptmp/arego/Red_T_7K_1_EN_100/17517.h5 in 9.35 seconds
2025-09-19 07:23:10,535 - INFO - Processing /viper/ptmp/arego/Red_T_7K_1/11106.h5
2025-09-19 07:23:10,561 - INFO - File 3305: Filtered 1604077 hits and 2 records
2025-09-19 07:23:10,964 - INFO - Completed /viper/ptmp/arego/Red_T_7K_1_EN_100/19640.h5 in 15.89 seconds
2025-09-19 07:23:10,974 - INFO - File 10642: Filtered 2151368 hits and 8 records
2025-09-19 07:23:11,128 - INFO - Processing /viper/ptmp/arego/Red_T_7K_1/20479.h5
2025-09-19 07:23:11,287 - INFO - Completed /viper/ptmp/arego/Red_T_7K_1_EN_100/17317.h5 in 12.56 seconds
2025-09-19 07:23:11,355 - INFO - Processing /viper/ptmp/arego/Red_T_7K_1/17704.h5
2025-09-19 07:23:11,393 - INFO - File 7521: Filtered 1771128 hits and 4 records
2025-09-19 07:23:11,810 - INFO - File 11106: Filtered 2112346 hits and 2 records
2025-09-19 07:23:11,873 - INFO - Completed /viper/ptmp/arego/Red_T_7K_1_EN_100/10094.h5 in 17.92 seconds
2025-09-19 07:23:12,007 - INFO - Processing /viper/ptmp/arego/Red_T_7K_1/3956.h5
2025-09-19 07:23:12,378 - INFO - File 20479: Filtered 1863900 hits and 6 records
2025-09-19 07:23:13,287 - INFO - File 3956: Filtered 2333304 hits and 6 records
2025-09-19 07:23:13,310 - INFO - Completed /viper/ptmp/arego/Red_T_7K_1_EN_100/2876.h5 in 22.74 seconds
2025-09-19 07:23:13,375 - INFO - Processing /viper/ptmp/arego/Red_T_7K_1/15260.h5
2025-09-19 07:23:13,382 - INFO - File 17704: Filtered 4651890 hits and 4 records
2025-09-19 07:23:14,937 - INFO - File 15260: Filtered 918779 hits and 5 records
2025-09-19 07:23:16,556 - INFO - Completed /viper/ptmp/arego/Red_T_7K_1_EN_100/17634.h5 in 42.94 seconds
2025-09-19 07:23:16,608 - INFO - Completed /viper/ptmp/arego/Red_T_7K_1_EN_100/19606.h5 in 31.98 seconds
2025-09-19 07:23:16,637 - INFO - Processing /viper/ptmp/arego/Red_T_7K_1/17761.h5
2025-09-19 07:23:16,683 - INFO - Processing /viper/ptmp/arego/Red_T_7K_1/11133.h5
2025-09-19 07:23:17,342 - INFO - Completed /viper/ptmp/arego/Red_T_7K_1_EN_100/11091.h5 in 21.88 seconds
2025-09-19 07:23:17,408 - INFO - Processing /viper/ptmp/arego/Red_T_7K_1/13540.h5
2025-09-19 07:23:18,061 - INFO - File 11133: Filtered 1297673 hits and 5 records
2025-09-19 07:23:18,089 - INFO - Completed /viper/ptmp/arego/Red_T_7K_1_EN_100/16884.h5 in 14.11 seconds
2025-09-19 07:23:18,099 - INFO - Completed /viper/ptmp/arego/Red_T_7K_1_EN_100/17966.h5 in 21.11 seconds
2025-09-19 07:23:18,177 - INFO - Processing /viper/ptmp/arego/Red_T_7K_1/9855.h5
2025-09-19 07:23:18,185 - INFO - Processing /viper/ptmp/arego/Red_T_7K_1/10423.h5
2025-09-19 07:23:19,015 - INFO - File 13540: Filtered 2839047 hits and 7 records
2025-09-19 07:23:19,273 - INFO - File 17761: Filtered 3320937 hits and 2 records
2025-09-19 07:23:19,287 - INFO - Completed /viper/ptmp/arego/Red_T_7K_1_EN_100/2277.h5 in 11.43 seconds
2025-09-19 07:23:19,379 - INFO - File 10423: Filtered 2953325 hits and 5 records
2025-09-19 07:23:19,434 - INFO - Processing /viper/ptmp/arego/Red_T_7K_1/10054.h5
2025-09-19 07:23:19,615 - INFO - File 9855: Filtered 3486514 hits and 6 records
2025-09-19 07:23:20,599 - INFO - File 10054: Filtered 1242670 hits and 6 records
2025-09-19 07:23:21,368 - INFO - Completed /viper/ptmp/arego/Red_T_7K_1_EN_100/17495.h5 in 15.25 seconds
2025-09-19 07:23:21,432 - INFO - Processing /viper/ptmp/arego/Red_T_7K_1/12104.h5
2025-09-19 07:23:22,538 - INFO - Completed /viper/ptmp/arego/Red_T_7K_1_EN_100/23123.h5 in 21.25 seconds
2025-09-19 07:23:22,600 - INFO - Processing /viper/ptmp/arego/Red_T_7K_1/14051.h5
2025-09-19 07:23:24,139 - INFO - File 14051: Filtered 113151 hits and 3 records
2025-09-19 07:23:25,254 - INFO - File 12104: Filtered 1120546 hits and 8 records
2025-09-19 07:23:25,290 - INFO - Completed /viper/ptmp/arego/Red_T_7K_1_EN_100/10642.h5 in 15.56 seconds
2025-09-19 07:23:25,394 - INFO - Processing /viper/ptmp/arego/Red_T_7K_1/15041.h5
2025-09-19 07:23:26,168 - INFO - Completed /viper/ptmp/arego/Red_T_7K_1_EN_100/3956.h5 in 14.16 seconds
2025-09-19 07:23:26,280 - INFO - Processing /viper/ptmp/arego/Red_T_7K_1/8582.h5
2025-09-19 07:23:26,708 - INFO - File 15041: Filtered 2104798 hits and 4 records
2025-09-19 07:23:26,724 - INFO - Completed /viper/ptmp/arego/Red_T_7K_1_EN_100/7521.h5 in 16.69 seconds
2025-09-19 07:23:26,792 - INFO - Completed /viper/ptmp/arego/Red_T_7K_1_EN_100/20479.h5 in 15.66 seconds
2025-09-19 07:23:26,811 - INFO - Processing /viper/ptmp/arego/Red_T_7K_1/13545.h5
2025-09-19 07:23:27,234 - INFO - Processing /viper/ptmp/arego/Red_T_7K_1/20484.h5
2025-09-19 07:23:27,690 - INFO - File 8582: Filtered 1815938 hits and 4 records
2025-09-19 07:23:28,061 - INFO - Completed /viper/ptmp/arego/Red_T_7K_1_EN_100/11106.h5 in 17.53 seconds
2025-09-19 07:23:28,105 - INFO - Completed /viper/ptmp/arego/Red_T_7K_1_EN_100/3305.h5 in 18.91 seconds
2025-09-19 07:23:28,125 - INFO - Processing /viper/ptmp/arego/Red_T_7K_1/5418.h5
2025-09-19 07:23:28,179 - INFO - File 13545: Filtered 1149390 hits and 3 records
2025-09-19 07:23:28,242 - INFO - Processing /viper/ptmp/arego/Red_T_7K_1/22289.h5
2025-09-19 07:23:28,782 - INFO - File 20484: Filtered 2017381 hits and 5 records
2025-09-19 07:23:29,640 - INFO - File 5418: Filtered 1740627 hits and 4 records
2025-09-19 07:23:29,664 - INFO - File 22289: Filtered 2362023 hits and 6 records
2025-09-19 07:23:29,966 - INFO - Completed /viper/ptmp/arego/Red_T_7K_1_EN_100/10423.h5 in 11.78 seconds
2025-09-19 07:23:30,099 - INFO - Processing /viper/ptmp/arego/Red_T_7K_1/3151.h5
2025-09-19 07:23:31,933 - INFO - Completed /viper/ptmp/arego/Red_T_7K_1_EN_100/17483.h5 in 35.79 seconds
2025-09-19 07:23:31,967 - INFO - File 3151: Filtered 273345 hits and 4 records
2025-09-19 07:23:31,997 - INFO - Processing /viper/ptmp/arego/Red_T_7K_1/4190.h5
2025-09-19 07:23:33,288 - INFO - Completed /viper/ptmp/arego/Red_T_7K_1_EN_100/5694.h5 in 46.26 seconds
2025-09-19 07:23:33,449 - INFO - Processing /viper/ptmp/arego/Red_T_7K_1/17554.h5
2025-09-19 07:23:33,505 - INFO - File 4190: Filtered 2933012 hits and 8 records
2025-09-19 07:23:33,642 - INFO - Completed /viper/ptmp/arego/Red_T_7K_1_EN_100/9855.h5 in 15.46 seconds
2025-09-19 07:23:33,713 - INFO - Processing /viper/ptmp/arego/Red_T_7K_1/10748.h5
2025-09-19 07:23:34,814 - INFO - File 17554: Filtered 2732215 hits and 7 records
2025-09-19 07:23:36,548 - INFO - Completed /viper/ptmp/arego/Red_T_7K_1_EN_100/13540.h5 in 19.14 seconds
2025-09-19 07:23:36,613 - INFO - Processing /viper/ptmp/arego/Red_T_7K_1/1225.h5
2025-09-19 07:23:37,011 - INFO - Completed /viper/ptmp/arego/Red_T_7K_1_EN_100/17704.h5 in 25.66 seconds
2025-09-19 07:23:37,055 - INFO - Processing /viper/ptmp/arego/Red_T_7K_1/15101.h5
2025-09-19 07:23:38,180 - INFO - File 1225: Filtered 4700466 hits and 6 records
2025-09-19 07:23:38,719 - INFO - Completed /viper/ptmp/arego/Red_T_7K_1_EN_100/10054.h5 in 19.28 seconds
2025-09-19 07:23:38,810 - INFO - Processing /viper/ptmp/arego/Red_T_7K_1/11405.h5
2025-09-19 07:23:39,189 - INFO - Completed /viper/ptmp/arego/Red_T_7K_1_EN_100/15260.h5 in 25.81 seconds
2025-09-19 07:23:39,237 - INFO - Completed /viper/ptmp/arego/Red_T_7K_1_EN_100/15824.h5 in 35.23 seconds
2025-09-19 07:23:39,257 - INFO - File 10748: Filtered 511862 hits and 4 records
2025-09-19 07:23:39,265 - INFO - Processing /viper/ptmp/arego/Red_T_7K_1/9614.h5
2025-09-19 07:23:39,549 - INFO - Processing /viper/ptmp/arego/Red_T_7K_1/1446.h5
2025-09-19 07:23:40,266 - INFO - File 11405: Filtered 2715015 hits and 7 records
2025-09-19 07:23:40,478 - INFO - Completed /viper/ptmp/arego/Red_T_7K_1_EN_100/11133.h5 in 23.80 seconds
2025-09-19 07:23:40,608 - INFO - Processing /viper/ptmp/arego/Red_T_7K_1/18991.h5
2025-09-19 07:23:41,097 - INFO - File 15101: Filtered 155050 hits and 2 records
2025-09-19 07:23:41,145 - INFO - File 9614: Filtered 4283530 hits and 5 records
2025-09-19 07:23:41,604 - INFO - File 1446: Filtered 3089779 hits and 6 records
2025-09-19 07:23:41,849 - INFO - Completed /viper/ptmp/arego/Red_T_7K_1_EN_100/15041.h5 in 16.45 seconds
2025-09-19 07:23:41,955 - INFO - Processing /viper/ptmp/arego/Red_T_7K_1/6482.h5
2025-09-19 07:23:43,011 - INFO - File 18991: Filtered 462584 hits and 4 records
2025-09-19 07:23:43,442 - INFO - Completed /viper/ptmp/arego/Red_T_7K_1_EN_100/3212.h5 in 38.62 seconds
2025-09-19 07:23:43,546 - INFO - Processing /viper/ptmp/arego/Red_T_7K_1/7508.h5
2025-09-19 07:23:44,153 - INFO - File 6482: Filtered 457724 hits and 3 records
2025-09-19 07:23:45,091 - INFO - File 7508: Filtered 3499993 hits and 9 records
2025-09-19 07:23:45,480 - INFO - Completed /viper/ptmp/arego/Red_T_7K_1_EN_100/22289.h5 in 17.24 seconds
2025-09-19 07:23:45,601 - INFO - Processing /viper/ptmp/arego/Red_T_7K_1/1609.h5
2025-09-19 07:23:46,234 - INFO - Completed /viper/ptmp/arego/Red_T_7K_1_EN_100/8582.h5 in 19.95 seconds
2025-09-19 07:23:46,367 - INFO - Processing /viper/ptmp/arego/Red_T_7K_1/18989.h5
2025-09-19 07:23:47,239 - INFO - File 1609: Filtered 494447 hits and 5 records
2025-09-19 07:23:47,857 - INFO - File 18989: Filtered 3991799 hits and 8 records
2025-09-19 07:23:48,076 - INFO - Completed /viper/ptmp/arego/Red_T_7K_1_EN_100/20484.h5 in 20.84 seconds
2025-09-19 07:23:48,253 - INFO - Processing /viper/ptmp/arego/Red_T_7K_1/5363.h5
2025-09-19 07:23:49,789 - INFO - File 5363: Filtered 993620 hits and 4 records
2025-09-19 07:23:50,322 - INFO - Completed /viper/ptmp/arego/Red_T_7K_1_EN_100/13545.h5 in 23.51 seconds
2025-09-19 07:23:50,461 - INFO - Processing /viper/ptmp/arego/Red_T_7K_1/19460.h5
2025-09-19 07:23:51,698 - INFO - Completed /viper/ptmp/arego/Red_T_7K_1_EN_100/17554.h5 in 18.25 seconds
2025-09-19 07:23:51,859 - INFO - Processing /viper/ptmp/arego/Red_T_7K_1/4261.h5
2025-09-19 07:23:51,932 - INFO - File 19460: Filtered 3551063 hits and 6 records
2025-09-19 07:23:52,156 - INFO - Completed /viper/ptmp/arego/Red_T_7K_1_EN_100/17761.h5 in 35.52 seconds
2025-09-19 07:23:52,196 - INFO - Processing /viper/ptmp/arego/Red_T_7K_1/20449.h5
2025-09-19 07:23:52,337 - INFO - Completed /viper/ptmp/arego/Red_T_7K_1_EN_100/5418.h5 in 24.21 seconds
2025-09-19 07:23:52,402 - INFO - Processing /viper/ptmp/arego/Red_T_7K_1/6033.h5
2025-09-19 07:23:52,413 - INFO - Completed /viper/ptmp/arego/Red_T_7K_1_EN_100/4190.h5 in 20.42 seconds
2025-09-19 07:23:52,478 - INFO - Processing /viper/ptmp/arego/Red_T_7K_1/4616.h5
2025-09-19 07:23:52,556 - INFO - Completed /viper/ptmp/arego/Red_T_7K_1_EN_100/1225.h5 in 15.94 seconds
2025-09-19 07:23:52,676 - INFO - Processing /viper/ptmp/arego/Red_T_7K_1/10621.h5
2025-09-19 07:23:53,811 - INFO - File 20449: Filtered 3390407 hits and 3 records
2025-09-19 07:23:54,080 - INFO - File 6033: Filtered 4135008 hits and 6 records
2025-09-19 07:23:54,082 - INFO - File 4261: Filtered 597261 hits and 6 records
2025-09-19 07:23:54,469 - INFO - Completed /viper/ptmp/arego/Red_T_7K_1_EN_100/14051.h5 in 31.87 seconds
2025-09-19 07:23:54,476 - INFO - File 10621: Filtered 4991683 hits and 8 records
2025-09-19 07:23:54,547 - INFO - Processing /viper/ptmp/arego/Red_T_7K_1/18399.h5
2025-09-19 07:23:55,378 - INFO - Completed /viper/ptmp/arego/Red_T_7K_1_EN_100/9614.h5 in 16.11 seconds
2025-09-19 07:23:55,445 - INFO - Processing /viper/ptmp/arego/Red_T_7K_1/14253.h5
2025-09-19 07:23:56,349 - INFO - File 18399: Filtered 3967010 hits and 9 records
2025-09-19 07:23:57,151 - INFO - Completed /viper/ptmp/arego/Red_T_7K_1_EN_100/11405.h5 in 18.34 seconds
2025-09-19 07:23:57,193 - INFO - File 14253: Filtered 186217 hits and 3 records
2025-09-19 07:23:57,311 - INFO - Processing /viper/ptmp/arego/Red_T_7K_1/4109.h5
2025-09-19 07:23:58,607 - INFO - File 4616: Filtered 377083 hits and 4 records
2025-09-19 07:23:58,669 - INFO - Completed /viper/ptmp/arego/Red_T_7K_1_EN_100/18989.h5 in 12.30 seconds
2025-09-19 07:23:58,766 - INFO - Processing /viper/ptmp/arego/Red_T_7K_1/836.h5
2025-09-19 07:23:59,082 - INFO - Completed /viper/ptmp/arego/Red_T_7K_1_EN_100/1446.h5 in 19.53 seconds
2025-09-19 07:23:59,155 - INFO - Processing /viper/ptmp/arego/Red_T_7K_1/3671.h5
2025-09-19 07:23:59,843 - INFO - File 4109: Filtered 1047251 hits and 5 records
2025-09-19 07:24:00,342 - INFO - File 836: Filtered 2363274 hits and 4 records
2025-09-19 07:24:00,756 - INFO - File 3671: Filtered 5134122 hits and 8 records
2025-09-19 07:24:00,979 - INFO - Completed /viper/ptmp/arego/Red_T_7K_1_EN_100/7508.h5 in 17.43 seconds
2025-09-19 07:24:01,017 - INFO - Processing /viper/ptmp/arego/Red_T_7K_1/14128.h5
2025-09-19 07:24:02,867 - INFO - File 14128: Filtered 1575153 hits and 2 records
2025-09-19 07:24:06,100 - INFO - Completed /viper/ptmp/arego/Red_T_7K_1_EN_100/19460.h5 in 15.64 seconds
2025-09-19 07:24:06,213 - INFO - Processing /viper/ptmp/arego/Red_T_7K_1/7004.h5
2025-09-19 07:24:07,228 - INFO - Completed /viper/ptmp/arego/Red_T_7K_1_EN_100/21554.h5 in 75.61 seconds
2025-09-19 07:24:07,302 - INFO - Processing /viper/ptmp/arego/Red_T_7K_1/18573.h5
2025-09-19 07:24:07,964 - INFO - File 7004: Filtered 2652130 hits and 6 records
2025-09-19 07:24:08,010 - INFO - Completed /viper/ptmp/arego/Red_T_7K_1_EN_100/3151.h5 in 37.91 seconds
2025-09-19 07:24:08,134 - INFO - Processing /viper/ptmp/arego/Red_T_7K_1/10919.h5
2025-09-19 07:24:08,911 - INFO - Completed /viper/ptmp/arego/Red_T_7K_1_EN_100/15134.h5 in 107.80 seconds
2025-09-19 07:24:09,020 - INFO - Processing /viper/ptmp/arego/Red_T_7K_1/18186.h5
2025-09-19 07:24:09,226 - INFO - File 18573: Filtered 2633358 hits and 3 records
2025-09-19 07:24:09,548 - INFO - File 10919: Filtered 3509766 hits and 6 records
2025-09-19 07:24:10,316 - INFO - Completed /viper/ptmp/arego/Red_T_7K_1_EN_100/10621.h5 in 17.64 seconds
2025-09-19 07:24:10,381 - INFO - Processing /viper/ptmp/arego/Red_T_7K_1/4176.h5
2025-09-19 07:24:10,517 - INFO - Completed /viper/ptmp/arego/Red_T_7K_1_EN_100/6033.h5 in 18.11 seconds
2025-09-19 07:24:10,602 - INFO - Processing /viper/ptmp/arego/Red_T_7K_1/15476.h5
2025-09-19 07:24:10,947 - INFO - File 18186: Filtered 4698666 hits and 5 records
2025-09-19 07:24:12,022 - INFO - Completed /viper/ptmp/arego/Red_T_7K_1_EN_100/18648.h5 in 106.39 seconds
2025-09-19 07:24:12,088 - INFO - Processing /viper/ptmp/arego/Red_T_7K_1/9865.h5
2025-09-19 07:24:12,423 - INFO - Completed /viper/ptmp/arego/Red_T_7K_1_EN_100/3671.h5 in 13.27 seconds
2025-09-19 07:24:12,500 - INFO - Processing /viper/ptmp/arego/Red_T_7K_1/20028.h5
2025-09-19 07:24:12,735 - INFO - File 15476: Filtered 2138061 hits and 4 records
2025-09-19 07:24:12,993 - INFO - Completed /viper/ptmp/arego/Red_T_7K_1_EN_100/20449.h5 in 20.80 seconds
2025-09-19 07:24:13,079 - INFO - Processing /viper/ptmp/arego/Red_T_7K_1/4367.h5
2025-09-19 07:24:14,493 - INFO - File 20028: Filtered 6640933 hits and 5 records
2025-09-19 07:24:14,826 - INFO - File 4176: Filtered 4524112 hits and 3 records
2025-09-19 07:24:14,859 - INFO - Completed /viper/ptmp/arego/Red_T_7K_1_EN_100/5363.h5 in 26.61 seconds
2025-09-19 07:24:15,021 - INFO - Processing /viper/ptmp/arego/Red_T_7K_1/18160.h5
2025-09-19 07:24:15,148 - INFO - File 4367: Filtered 4392457 hits and 5 records
2025-09-19 07:24:15,273 - INFO - File 9865: Filtered 3907891 hits and 6 records
2025-09-19 07:24:16,824 - INFO - File 18160: Filtered 3210611 hits and 7 records
2025-09-19 07:24:17,358 - INFO - Completed /viper/ptmp/arego/Red_T_7K_1_EN_100/1609.h5 in 31.76 seconds
2025-09-19 07:24:17,463 - INFO - Processing /viper/ptmp/arego/Red_T_7K_1/19358.h5
2025-09-19 07:24:17,511 - INFO - Completed /viper/ptmp/arego/Red_T_7K_1_EN_100/18399.h5 in 22.96 seconds
2025-09-19 07:24:17,575 - INFO - Processing /viper/ptmp/arego/Red_T_7K_1/100.h5
2025-09-19 07:24:18,380 - INFO - Completed /viper/ptmp/arego/Red_T_7K_1_EN_100/18991.h5 in 37.77 seconds
2025-09-19 07:24:18,451 - INFO - Processing /viper/ptmp/arego/Red_T_7K_1/1164.h5
2025-09-19 07:24:18,814 - INFO - File 19358: Filtered 4665680 hits and 5 records
2025-09-19 07:24:19,426 - INFO - File 100: Filtered 3048314 hits and 6 records
2025-09-19 07:24:19,463 - INFO - Completed /viper/ptmp/arego/Red_T_7K_1_EN_100/836.h5 in 20.70 seconds
2025-09-19 07:24:19,606 - INFO - Processing /viper/ptmp/arego/Red_T_7K_1/6957.h5
2025-09-19 07:24:21,242 - INFO - File 6957: Filtered 3015784 hits and 3 records
2025-09-19 07:24:21,548 - INFO - Completed /viper/ptmp/arego/Red_T_7K_1_EN_100/10919.h5 in 13.41 seconds
2025-09-19 07:24:21,729 - INFO - Processing /viper/ptmp/arego/Red_T_7K_1/7540.h5
2025-09-19 07:24:23,154 - INFO - File 7540: Filtered 1744406 hits and 5 records
2025-09-19 07:24:23,380 - INFO - Completed /viper/ptmp/arego/Red_T_7K_1_EN_100/19358.h5 in 5.92 seconds
2025-09-19 07:24:23,475 - INFO - Processing /viper/ptmp/arego/Red_T_7K_1/18799.h5
2025-09-19 07:24:25,077 - INFO - File 18799: Filtered 5905887 hits and 4 records
2025-09-19 07:24:26,525 - INFO - File 1164: Filtered 327041 hits and 5 records
2025-09-19 07:24:27,761 - INFO - Completed /viper/ptmp/arego/Red_T_7K_1_EN_100/17415.h5 in 96.90 seconds
2025-09-19 07:24:27,858 - INFO - Processing /viper/ptmp/arego/Red_T_7K_1/14827.h5
2025-09-19 07:24:28,809 - INFO - Completed /viper/ptmp/arego/Red_T_7K_1_EN_100/6482.h5 in 46.85 seconds
2025-09-19 07:24:28,896 - INFO - Processing /viper/ptmp/arego/Red_T_7K_1/5116.h5
2025-09-19 07:24:29,059 - INFO - Completed /viper/ptmp/arego/Red_T_7K_1_EN_100/18186.h5 in 20.04 seconds
2025-09-19 07:24:29,153 - INFO - Processing /viper/ptmp/arego/Red_T_7K_1/18272.h5
2025-09-19 07:24:29,366 - INFO - Completed /viper/ptmp/arego/Red_T_7K_1_EN_100/20028.h5 in 16.87 seconds
2025-09-19 07:24:29,405 - INFO - Processing /viper/ptmp/arego/Red_T_7K_1/9487.h5
2025-09-19 07:24:29,566 - INFO - Completed /viper/ptmp/arego/Red_T_7K_1_EN_100/18799.h5 in 6.09 seconds
2025-09-19 07:24:29,728 - INFO - Processing /viper/ptmp/arego/Red_T_7K_1/4255.h5
2025-09-19 07:24:29,774 - INFO - Completed /viper/ptmp/arego/Red_T_7K_1_EN_100/14253.h5 in 34.33 seconds
2025-09-19 07:24:29,874 - INFO - Processing /viper/ptmp/arego/Red_T_7K_1/752.h5
2025-09-19 07:24:30,028 - INFO - File 14827: Filtered 535962 hits and 4 records
2025-09-19 07:24:30,499 - INFO - File 5116: Filtered 3670199 hits and 6 records
2025-09-19 07:24:30,898 - INFO - Completed /viper/ptmp/arego/Red_T_7K_1_EN_100/7004.h5 in 24.69 seconds
2025-09-19 07:24:31,112 - INFO - Processing /viper/ptmp/arego/Red_T_7K_1/23271.h5
2025-09-19 07:24:31,629 - INFO - File 4255: Filtered 1535083 hits and 4 records
2025-09-19 07:24:31,675 - INFO - Completed /viper/ptmp/arego/Red_T_7K_1_EN_100/14128.h5 in 30.66 seconds
2025-09-19 07:24:31,888 - INFO - Processing /viper/ptmp/arego/Red_T_7K_1/3503.h5
2025-09-19 07:24:32,420 - INFO - File 9487: Filtered 3092488 hits and 6 records
2025-09-19 07:24:32,787 - INFO - File 23271: Filtered 5685899 hits and 4 records
2025-09-19 07:24:32,874 - INFO - Completed /viper/ptmp/arego/Red_T_7K_1_EN_100/4367.h5 in 19.80 seconds
2025-09-19 07:24:32,955 - INFO - Processing /viper/ptmp/arego/Red_T_7K_1/8064.h5
2025-09-19 07:24:32,967 - INFO - File 752: Filtered 3229654 hits and 4 records
2025-09-19 07:24:33,487 - INFO - File 18272: Filtered 8093108 hits and 7 records
2025-09-19 07:24:34,592 - INFO - Completed /viper/ptmp/arego/Red_T_7K_1_EN_100/12104.h5 in 73.16 seconds
2025-09-19 07:24:34,716 - INFO - Processing /viper/ptmp/arego/Red_T_7K_1/20042.h5
2025-09-19 07:24:34,761 - INFO - File 3503: Filtered 5062358 hits and 4 records
2025-09-19 07:24:36,474 - INFO - Completed /viper/ptmp/arego/Red_T_7K_1_EN_100/18573.h5 in 29.17 seconds
2025-09-19 07:24:36,561 - INFO - Processing /viper/ptmp/arego/Red_T_7K_1/14429.h5
2025-09-19 07:24:36,864 - INFO - File 8064: Filtered 6338560 hits and 4 records
2025-09-19 07:24:36,888 - INFO - File 20042: Filtered 501183 hits and 2 records
2025-09-19 07:24:38,599 - INFO - File 14429: Filtered 3647757 hits and 4 records
2025-09-19 07:24:38,697 - INFO - Completed /viper/ptmp/arego/Red_T_7K_1_EN_100/18160.h5 in 23.68 seconds
2025-09-19 07:24:38,772 - INFO - Processing /viper/ptmp/arego/Red_T_7K_1/18663.h5
2025-09-19 07:24:38,916 - INFO - Completed /viper/ptmp/arego/Red_T_7K_1_EN_100/23271.h5 in 7.80 seconds
2025-09-19 07:24:39,080 - INFO - Processing /viper/ptmp/arego/Red_T_7K_1/19921.h5
2025-09-19 07:24:39,106 - INFO - Completed /viper/ptmp/arego/Red_T_7K_1_EN_100/6957.h5 in 19.50 seconds
2025-09-19 07:24:39,425 - INFO - Processing /viper/ptmp/arego/Red_T_7K_1/18811.h5
2025-09-19 07:24:40,506 - INFO - Completed /viper/ptmp/arego/Red_T_7K_1_EN_100/4261.h5 in 48.65 seconds
2025-09-19 07:24:40,576 - INFO - File 18663: Filtered 3682197 hits and 5 records
2025-09-19 07:24:40,617 - INFO - Processing /viper/ptmp/arego/Red_T_7K_1/340.h5
2025-09-19 07:24:40,868 - INFO - File 19921: Filtered 3618852 hits and 7 records
2025-09-19 07:24:42,071 - INFO - File 18811: Filtered 866631 hits and 5 records
2025-09-19 07:24:42,397 - INFO - File 340: Filtered 3811131 hits and 8 records
2025-09-19 07:24:43,242 - INFO - Completed /viper/ptmp/arego/Red_T_7K_1_EN_100/15476.h5 in 32.64 seconds
2025-09-19 07:24:43,308 - INFO - Processing /viper/ptmp/arego/Red_T_7K_1/11059.h5
2025-09-19 07:24:44,330 - INFO - Completed /viper/ptmp/arego/Red_T_7K_1_EN_100/100.h5 in 26.76 seconds
2025-09-19 07:24:44,408 - INFO - Processing /viper/ptmp/arego/Red_T_7K_1/16965.h5
2025-09-19 07:24:44,834 - INFO - Completed /viper/ptmp/arego/Red_T_7K_1_EN_100/4109.h5 in 47.52 seconds
2025-09-19 07:24:44,958 - INFO - Processing /viper/ptmp/arego/Red_T_7K_1/23235.h5
2025-09-19 07:24:45,416 - INFO - File 11059: Filtered 7423907 hits and 5 records
2025-09-19 07:24:46,540 - INFO - Completed /viper/ptmp/arego/Red_T_7K_1_EN_100/5116.h5 in 17.64 seconds
2025-09-19 07:24:46,670 - INFO - Processing /viper/ptmp/arego/Red_T_7K_1/10721.h5
2025-09-19 07:24:46,697 - INFO - File 23235: Filtered 2307599 hits and 8 records
2025-09-19 07:24:46,935 - INFO - File 16965: Filtered 2649536 hits and 5 records
2025-09-19 07:24:47,161 - INFO - Completed /viper/ptmp/arego/Red_T_7K_1_EN_100/7540.h5 in 25.43 seconds
2025-09-19 07:24:47,275 - INFO - Processing /viper/ptmp/arego/Red_T_7K_1/2417.h5
2025-09-19 07:24:48,277 - INFO - File 10721: Filtered 2575734 hits and 4 records
2025-09-19 07:24:48,987 - INFO - File 2417: Filtered 5100123 hits and 6 records
2025-09-19 07:24:54,064 - INFO - Completed /viper/ptmp/arego/Red_T_7K_1_EN_100/9865.h5 in 41.98 seconds
2025-09-19 07:24:54,144 - INFO - Processing /viper/ptmp/arego/Red_T_7K_1/17868.h5
2025-09-19 07:24:55,531 - INFO - Completed /viper/ptmp/arego/Red_T_7K_1_EN_100/340.h5 in 14.91 seconds
2025-09-19 07:24:55,704 - INFO - Processing /viper/ptmp/arego/Red_T_7K_1/3492.h5
2025-09-19 07:24:57,341 - INFO - File 3492: Filtered 5894277 hits and 7 records
2025-09-19 07:24:57,609 - INFO - Completed /viper/ptmp/arego/Red_T_7K_1_EN_100/3503.h5 in 25.72 seconds
2025-09-19 07:24:57,677 - INFO - Processing /viper/ptmp/arego/Red_T_7K_1/18887.h5
2025-09-19 07:24:57,965 - INFO - Completed /viper/ptmp/arego/Red_T_7K_1_EN_100/15101.h5 in 80.91 seconds
2025-09-19 07:24:58,046 - INFO - Processing /viper/ptmp/arego/Red_T_7K_1/17131.h5
2025-09-19 07:24:58,240 - INFO - Completed /viper/ptmp/arego/Red_T_7K_1_EN_100/18663.h5 in 19.47 seconds
2025-09-19 07:24:58,335 - INFO - Processing /viper/ptmp/arego/Red_T_7K_1/1295.h5
2025-09-19 07:24:58,606 - INFO - Completed /viper/ptmp/arego/Red_T_7K_1_EN_100/19921.h5 in 19.53 seconds
2025-09-19 07:24:58,698 - INFO - Processing /viper/ptmp/arego/Red_T_7K_1/22353.h5
2025-09-19 07:24:59,117 - INFO - File 17868: Filtered 231104 hits and 3 records
2025-09-19 07:24:59,254 - INFO - Completed /viper/ptmp/arego/Red_T_7K_1_EN_100/2417.h5 in 11.98 seconds
2025-09-19 07:24:59,386 - INFO - Processing /viper/ptmp/arego/Red_T_7K_1/10685.h5
2025-09-19 07:24:59,967 - INFO - File 18887: Filtered 3325630 hits and 6 records
2025-09-19 07:25:00,508 - INFO - File 17131: Filtered 4001015 hits and 4 records
2025-09-19 07:25:00,601 - INFO - File 22353: Filtered 1470206 hits and 3 records
2025-09-19 07:25:00,805 - INFO - Completed /viper/ptmp/arego/Red_T_7K_1_EN_100/11059.h5 in 17.50 seconds
2025-09-19 07:25:00,882 - INFO - Processing /viper/ptmp/arego/Red_T_7K_1/20515.h5
2025-09-19 07:25:01,535 - INFO - File 10685: Filtered 2133311 hits and 5 records
2025-09-19 07:25:01,595 - INFO - Completed /viper/ptmp/arego/Red_T_7K_1_EN_100/9487.h5 in 32.19 seconds
2025-09-19 07:25:01,661 - INFO - Processing /viper/ptmp/arego/Red_T_7K_1/1878.h5
2025-09-19 07:25:01,950 - INFO - Completed /viper/ptmp/arego/Red_T_7K_1_EN_100/4255.h5 in 32.22 seconds
2025-09-19 07:25:01,969 - INFO - File 1295: Filtered 2676133 hits and 6 records
2025-09-19 07:25:02,120 - INFO - Processing /viper/ptmp/arego/Red_T_7K_1/5536.h5
2025-09-19 07:25:03,028 - INFO - Completed /viper/ptmp/arego/Red_T_7K_1_EN_100/752.h5 in 33.15 seconds
2025-09-19 07:25:03,114 - INFO - Processing /viper/ptmp/arego/Red_T_7K_1/13590.h5
2025-09-19 07:25:03,269 - INFO - File 20515: Filtered 5514300 hits and 7 records
2025-09-19 07:25:04,015 - INFO - Completed /viper/ptmp/arego/Red_T_7K_1_EN_100/14429.h5 in 27.45 seconds
2025-09-19 07:25:04,086 - INFO - Processing /viper/ptmp/arego/Red_T_7K_1/6674.h5
2025-09-19 07:25:04,191 - INFO - File 5536: Filtered 7562364 hits and 6 records
2025-09-19 07:25:04,354 - INFO - File 1878: Filtered 6151156 hits and 5 records
2025-09-19 07:25:05,720 - INFO - Completed /viper/ptmp/arego/Red_T_7K_1_EN_100/3492.h5 in 10.02 seconds
2025-09-19 07:25:05,810 - INFO - Processing /viper/ptmp/arego/Red_T_7K_1/11933.h5
2025-09-19 07:25:05,841 - INFO - File 13590: Filtered 4439547 hits and 4 records
2025-09-19 07:25:07,684 - INFO - Completed /viper/ptmp/arego/Red_T_7K_1_EN_100/18272.h5 in 38.53 seconds
2025-09-19 07:25:07,730 - INFO - Processing /viper/ptmp/arego/Red_T_7K_1/8422.h5
2025-09-19 07:25:07,840 - INFO - File 11933: Filtered 3749621 hits and 4 records
2025-09-19 07:25:09,297 - INFO - Completed /viper/ptmp/arego/Red_T_7K_1_EN_100/14827.h5 in 41.44 seconds
2025-09-19 07:25:09,479 - INFO - Processing /viper/ptmp/arego/Red_T_7K_1/18260.h5
2025-09-19 07:25:10,538 - INFO - File 6674: Filtered 934042 hits and 5 records
2025-09-19 07:25:10,572 - INFO - Completed /viper/ptmp/arego/Red_T_7K_1_EN_100/5536.h5 in 8.45 seconds
2025-09-19 07:25:10,672 - INFO - Processing /viper/ptmp/arego/Red_T_7K_1/17265.h5
2025-09-19 07:25:11,474 - INFO - Completed /viper/ptmp/arego/Red_T_7K_1_EN_100/10721.h5 in 24.80 seconds
2025-09-19 07:25:11,567 - INFO - Processing /viper/ptmp/arego/Red_T_7K_1/16523.h5
2025-09-19 07:25:11,955 - INFO - File 18260: Filtered 6560400 hits and 10 records
2025-09-19 07:25:12,356 - INFO - Completed /viper/ptmp/arego/Red_T_7K_1_EN_100/23235.h5 in 27.40 seconds
2025-09-19 07:25:12,483 - INFO - Processing /viper/ptmp/arego/Red_T_7K_1/21642.h5
2025-09-19 07:25:12,630 - INFO - File 8422: Filtered 13522949 hits and 4 records
2025-09-19 07:25:12,697 - INFO - File 17265: Filtered 4548115 hits and 9 records
2025-09-19 07:25:13,864 - INFO - File 16523: Filtered 3859755 hits and 6 records
2025-09-19 07:25:14,864 - INFO - File 21642: Filtered 4587179 hits and 5 records
2025-09-19 07:25:18,041 - INFO - Completed /viper/ptmp/arego/Red_T_7K_1_EN_100/20042.h5 in 43.33 seconds
2025-09-19 07:25:18,119 - INFO - Processing /viper/ptmp/arego/Red_T_7K_1/18704.h5
2025-09-19 07:25:20,799 - INFO - File 18704: Filtered 6327409 hits and 3 records
2025-09-19 07:25:22,176 - INFO - Completed /viper/ptmp/arego/Red_T_7K_1_EN_100/4176.h5 in 71.79 seconds
2025-09-19 07:25:22,222 - INFO - Processing /viper/ptmp/arego/Red_T_7K_1/18191.h5
2025-09-19 07:25:24,709 - INFO - File 18191: Filtered 2503823 hits and 3 records
2025-09-19 07:25:26,296 - INFO - Completed /viper/ptmp/arego/Red_T_7K_1_EN_100/16965.h5 in 41.89 seconds
2025-09-19 07:25:26,405 - INFO - Processing /viper/ptmp/arego/Red_T_7K_1/2426.h5
2025-09-19 07:25:27,952 - INFO - Completed /viper/ptmp/arego/Red_T_7K_1_EN_100/20515.h5 in 27.07 seconds
2025-09-19 07:25:27,992 - INFO - Processing /viper/ptmp/arego/Red_T_7K_1/9720.h5
2025-09-19 07:25:28,856 - INFO - File 2426: Filtered 4311311 hits and 3 records
2025-09-19 07:25:28,920 - INFO - Completed /viper/ptmp/arego/Red_T_7K_1_EN_100/18811.h5 in 49.49 seconds
2025-09-19 07:25:28,985 - INFO - Processing /viper/ptmp/arego/Red_T_7K_1/19759.h5
2025-09-19 07:25:29,964 - INFO - Completed /viper/ptmp/arego/Red_T_7K_1_EN_100/1878.h5 in 28.30 seconds
2025-09-19 07:25:30,051 - INFO - Processing /viper/ptmp/arego/Red_T_7K_1/2543.h5
2025-09-19 07:25:30,520 - INFO - Completed /viper/ptmp/arego/Red_T_7K_1_EN_100/10748.h5 in 116.81 seconds
2025-09-19 07:25:30,605 - INFO - Processing /viper/ptmp/arego/Red_T_7K_1/14075.h5
2025-09-19 07:25:30,690 - INFO - File 9720: Filtered 6589487 hits and 5 records
2025-09-19 07:25:31,208 - INFO - Completed /viper/ptmp/arego/Red_T_7K_1_EN_100/22353.h5 in 32.51 seconds
2025-09-19 07:25:31,322 - INFO - Processing /viper/ptmp/arego/Red_T_7K_1/17331.h5
2025-09-19 07:25:31,460 - INFO - File 19759: Filtered 5032476 hits and 4 records
2025-09-19 07:25:31,794 - INFO - Completed /viper/ptmp/arego/Red_T_7K_1_EN_100/10685.h5 in 32.41 seconds
2025-09-19 07:25:31,893 - INFO - Processing /viper/ptmp/arego/Red_T_7K_1/20808.h5
2025-09-19 07:25:32,116 - INFO - Completed /viper/ptmp/arego/Red_T_7K_1_EN_100/11933.h5 in 26.31 seconds
2025-09-19 07:25:32,130 - INFO - Completed /viper/ptmp/arego/Red_T_7K_1_EN_100/8064.h5 in 59.17 seconds
2025-09-19 07:25:32,148 - INFO - Completed /viper/ptmp/arego/Red_T_7K_1_EN_100/18887.h5 in 34.47 seconds
2025-09-19 07:25:32,204 - INFO - Processing /viper/ptmp/arego/Red_T_7K_1/17671.h5
2025-09-19 07:25:32,234 - INFO - Processing /viper/ptmp/arego/Red_T_7K_1/6235.h5
2025-09-19 07:25:32,252 - INFO - Processing /viper/ptmp/arego/Red_T_7K_1/20586.h5
2025-09-19 07:25:32,984 - INFO - File 2543: Filtered 7275811 hits and 7 records
2025-09-19 07:25:33,835 - INFO - File 17331: Filtered 3677001 hits and 8 records
2025-09-19 07:25:34,551 - INFO - Completed /viper/ptmp/arego/Red_T_7K_1_EN_100/17131.h5 in 36.50 seconds
2025-09-19 07:25:34,624 - INFO - Processing /viper/ptmp/arego/Red_T_7K_1/15290.h5
2025-09-19 07:25:34,846 - INFO - File 20808: Filtered 3496786 hits and 4 records
2025-09-19 07:25:35,150 - INFO - File 6235: Filtered 2151919 hits and 2 records
2025-09-19 07:25:35,990 - INFO - File 14075: Filtered 177645 hits and 3 records
2025-09-19 07:25:37,219 - INFO - File 20586: Filtered 1641602 hits and 7 records
2025-09-19 07:25:37,346 - INFO - File 15290: Filtered 12094506 hits and 5 records
2025-09-19 07:25:37,379 - INFO - Completed /viper/ptmp/arego/Red_T_7K_1_EN_100/18260.h5 in 27.90 seconds
2025-09-19 07:25:37,385 - INFO - File 17671: Filtered 3076023 hits and 5 records
2025-09-19 07:25:37,493 - INFO - Processing /viper/ptmp/arego/Red_T_7K_1/14755.h5
2025-09-19 07:25:38,398 - INFO - Completed /viper/ptmp/arego/Red_T_7K_1_EN_100/17265.h5 in 27.73 seconds
2025-09-19 07:25:38,550 - INFO - Processing /viper/ptmp/arego/Red_T_7K_1/15457.h5
2025-09-19 07:25:39,109 - INFO - Completed /viper/ptmp/arego/Red_T_7K_1_EN_100/13590.h5 in 36.00 seconds
2025-09-19 07:25:39,199 - INFO - Processing /viper/ptmp/arego/Red_T_7K_1/17732.h5
2025-09-19 07:25:40,337 - INFO - File 14755: Filtered 5167095 hits and 7 records
2025-09-19 07:25:40,982 - INFO - File 15457: Filtered 7501560 hits and 5 records
2025-09-19 07:25:41,809 - INFO - Completed /viper/ptmp/arego/Red_T_7K_1_EN_100/21642.h5 in 29.33 seconds
2025-09-19 07:25:41,927 - INFO - Processing /viper/ptmp/arego/Red_T_7K_1/14602.h5
2025-09-19 07:25:42,582 - INFO - Completed /viper/ptmp/arego/Red_T_7K_1_EN_100/16523.h5 in 31.02 seconds
2025-09-19 07:25:42,751 - INFO - Processing /viper/ptmp/arego/Red_T_7K_1/17244.h5
2025-09-19 07:25:45,708 - INFO - File 17244: Filtered 501976 hits and 6 records
2025-09-19 07:25:47,166 - INFO - Completed /viper/ptmp/arego/Red_T_7K_1_EN_100/15290.h5 in 12.54 seconds
2025-09-19 07:25:47,255 - INFO - Processing /viper/ptmp/arego/Red_T_7K_1/20563.h5
2025-09-19 07:25:48,468 - INFO - File 17732: Filtered 14221327 hits and 6 records
2025-09-19 07:25:49,993 - INFO - File 20563: Filtered 4403049 hits and 3 records
2025-09-19 07:25:50,068 - INFO - File 14602: Filtered 1156576 hits and 6 records
2025-09-19 07:25:51,889 - INFO - Completed /viper/ptmp/arego/Red_T_7K_1_EN_100/18704.h5 in 33.77 seconds
2025-09-19 07:25:51,966 - INFO - Processing /viper/ptmp/arego/Red_T_7K_1/10364.h5
2025-09-19 07:25:55,897 - INFO - Completed /viper/ptmp/arego/Red_T_7K_1_EN_100/8422.h5 in 48.17 seconds
2025-09-19 07:25:55,940 - INFO - File 10364: Filtered 1650324 hits and 2 records
2025-09-19 07:25:55,980 - INFO - Processing /viper/ptmp/arego/Red_T_7K_1/4685.h5
2025-09-19 07:25:59,897 - INFO - File 4685: Filtered 4318672 hits and 4 records
2025-09-19 07:26:00,938 - INFO - Completed /viper/ptmp/arego/Red_T_7K_1_EN_100/1295.h5 in 62.60 seconds
2025-09-19 07:26:00,953 - INFO - Completed /viper/ptmp/arego/Red_T_7K_1_EN_100/18191.h5 in 38.73 seconds
2025-09-19 07:26:01,016 - INFO - Processing /viper/ptmp/arego/Red_T_7K_1/17478.h5
2025-09-19 07:26:01,036 - INFO - Processing /viper/ptmp/arego/Red_T_7K_1/13996.h5
2025-09-19 07:26:01,115 - INFO - Completed /viper/ptmp/arego/Red_T_7K_1_EN_100/15457.h5 in 22.57 seconds
2025-09-19 07:26:01,160 - INFO - Completed /viper/ptmp/arego/Red_T_7K_1_EN_100/19759.h5 in 32.17 seconds
2025-09-19 07:26:01,301 - INFO - Processing /viper/ptmp/arego/Red_T_7K_1/11611.h5
2025-09-19 07:26:01,635 - INFO - Processing /viper/ptmp/arego/Red_T_7K_1/4547.h5
2025-09-19 07:26:02,332 - INFO - Completed /viper/ptmp/arego/Red_T_7K_1_EN_100/2426.h5 in 35.93 seconds
2025-09-19 07:26:02,377 - INFO - Processing /viper/ptmp/arego/Red_T_7K_1/9246.h5
2025-09-19 07:26:02,471 - INFO - Completed /viper/ptmp/arego/Red_T_7K_1_EN_100/9720.h5 in 34.48 seconds
2025-09-19 07:26:02,559 - INFO - Processing /viper/ptmp/arego/Red_T_7K_1/4543.h5
2025-09-19 07:26:03,795 - INFO - File 17478: Filtered 8111512 hits and 5 records
2025-09-19 07:26:04,350 - INFO - Completed /viper/ptmp/arego/Red_T_7K_1_EN_100/2543.h5 in 34.30 seconds
2025-09-19 07:26:04,424 - INFO - Processing /viper/ptmp/arego/Red_T_7K_1/20621.h5
2025-09-19 07:26:04,730 - INFO - File 11611: Filtered 3887862 hits and 5 records
2025-09-19 07:26:05,924 - INFO - File 4543: Filtered 8896120 hits and 4 records
2025-09-19 07:26:05,926 - INFO - File 9246: Filtered 7120296 hits and 4 records
2025-09-19 07:26:05,947 - INFO - File 4547: Filtered 4094379 hits and 3 records
2025-09-19 07:26:06,107 - INFO - File 13996: Filtered 1284710 hits and 4 records
2025-09-19 07:26:06,927 - INFO - Completed /viper/ptmp/arego/Red_T_7K_1_EN_100/4616.h5 in 134.45 seconds
2025-09-19 07:26:06,993 - INFO - Processing /viper/ptmp/arego/Red_T_7K_1/2295.h5
2025-09-19 07:26:08,909 - INFO - File 20621: Filtered 11428273 hits and 6 records
2025-09-19 07:26:09,963 - INFO - Completed /viper/ptmp/arego/Red_T_7K_1_EN_100/17331.h5 in 38.64 seconds
2025-09-19 07:26:10,072 - INFO - Processing /viper/ptmp/arego/Red_T_7K_1/21091.h5
2025-09-19 07:26:10,805 - INFO - File 2295: Filtered 3669300 hits and 3 records
2025-09-19 07:26:13,824 - INFO - Completed /viper/ptmp/arego/Red_T_7K_1_EN_100/14755.h5 in 36.33 seconds
2025-09-19 07:26:13,890 - INFO - Processing /viper/ptmp/arego/Red_T_7K_1/13001.h5
2025-09-19 07:26:14,101 - INFO - Completed /viper/ptmp/arego/Red_T_7K_1_EN_100/20808.h5 in 42.21 seconds
2025-09-19 07:26:14,238 - INFO - Processing /viper/ptmp/arego/Red_T_7K_1/16981.h5
2025-09-19 07:26:17,564 - INFO - File 13001: Filtered 19485836 hits and 6 records
2025-09-19 07:26:18,634 - INFO - File 16981: Filtered 4916379 hits and 6 records
2025-09-19 07:26:20,838 - INFO - Completed /viper/ptmp/arego/Red_T_7K_1_EN_100/6235.h5 in 48.60 seconds
2025-09-19 07:26:20,963 - INFO - Processing /viper/ptmp/arego/Red_T_7K_1/13342.h5
2025-09-19 07:26:21,253 - INFO - Completed /viper/ptmp/arego/Red_T_7K_1_EN_100/13001.h5 in 7.36 seconds
2025-09-19 07:26:21,312 - INFO - Processing /viper/ptmp/arego/Red_T_7K_1/10255.h5
2025-09-19 07:26:22,502 - INFO - File 21091: Filtered 9152540 hits and 3 records
2025-09-19 07:26:25,262 - INFO - File 10255: Filtered 20295376 hits and 8 records
2025-09-19 07:26:25,790 - INFO - File 13342: Filtered 8478590 hits and 8 records
2025-09-19 07:26:30,200 - INFO - Completed /viper/ptmp/arego/Red_T_7K_1_EN_100/20563.h5 in 42.94 seconds
2025-09-19 07:26:30,269 - INFO - Processing /viper/ptmp/arego/Red_T_7K_1/22042.h5
2025-09-19 07:26:31,305 - INFO - Completed /viper/ptmp/arego/Red_T_7K_1_EN_100/10255.h5 in 9.99 seconds
2025-09-19 07:26:31,387 - INFO - Processing /viper/ptmp/arego/Red_T_7K_1/13260.h5
2025-09-19 07:26:34,364 - INFO - File 22042: Filtered 10205687 hits and 4 records
2025-09-19 07:26:35,692 - INFO - Completed /viper/ptmp/arego/Red_T_7K_1_EN_100/17478.h5 in 34.68 seconds
2025-09-19 07:26:35,805 - INFO - Processing /viper/ptmp/arego/Red_T_7K_1/5584.h5
2025-09-19 07:26:36,202 - INFO - File 13260: Filtered 17292236 hits and 7 records
2025-09-19 07:26:41,914 - INFO - Completed /viper/ptmp/arego/Red_T_7K_1_EN_100/4543.h5 in 39.36 seconds
2025-09-19 07:26:41,976 - INFO - Processing /viper/ptmp/arego/Red_T_7K_1/12350.h5
2025-09-19 07:26:42,009 - INFO - File 5584: Filtered 6360441 hits and 3 records
2025-09-19 07:26:42,744 - INFO - Completed /viper/ptmp/arego/Red_T_7K_1_EN_100/17868.h5 in 108.60 seconds
2025-09-19 07:26:42,802 - INFO - Processing /viper/ptmp/arego/Red_T_7K_1/13250.h5
2025-09-19 07:26:45,316 - INFO - Completed /viper/ptmp/arego/Red_T_7K_1_EN_100/9246.h5 in 42.94 seconds
2025-09-19 07:26:45,395 - INFO - Processing /viper/ptmp/arego/Red_T_7K_1/19935.h5
2025-09-19 07:26:47,527 - INFO - Completed /viper/ptmp/arego/Red_T_7K_1_EN_100/20621.h5 in 43.10 seconds
2025-09-19 07:26:47,641 - INFO - Processing /viper/ptmp/arego/Red_T_7K_1/16437.h5
2025-09-19 07:26:48,533 - INFO - File 12350: Filtered 11514973 hits and 5 records
2025-09-19 07:26:49,615 - INFO - Completed /viper/ptmp/arego/Red_T_7K_1_EN_100/17244.h5 in 66.86 seconds
2025-09-19 07:26:49,791 - INFO - Processing /viper/ptmp/arego/Red_T_7K_1/10096.h5
2025-09-19 07:26:51,923 - INFO - Completed /viper/ptmp/arego/Red_T_7K_1_EN_100/11611.h5 in 50.62 seconds
2025-09-19 07:26:52,126 - INFO - Processing /viper/ptmp/arego/Red_T_7K_1/19859.h5
2025-09-19 07:26:54,299 - INFO - File 10096: Filtered 6781810 hits and 4 records
2025-09-19 07:26:55,628 - INFO - File 13250: Filtered 33304 hits and 1 records
2025-09-19 07:26:57,155 - INFO - File 16437: Filtered 755465 hits and 3 records
2025-09-19 07:26:58,253 - INFO - File 19859: Filtered 8682778 hits and 3 records
2025-09-19 07:27:01,130 - INFO - Completed /viper/ptmp/arego/Red_T_7K_1_EN_100/20586.h5 in 88.88 seconds
2025-09-19 07:27:01,215 - INFO - Processing /viper/ptmp/arego/Red_T_7K_1/18876.h5
2025-09-19 07:27:01,837 - INFO - File 19935: Filtered 728404 hits and 6 records
2025-09-19 07:27:01,838 - INFO - Completed /viper/ptmp/arego/Red_T_7K_1_EN_100/13260.h5 in 30.45 seconds
2025-09-19 07:27:01,914 - INFO - Processing /viper/ptmp/arego/Red_T_7K_1/20334.h5
2025-09-19 07:27:05,452 - INFO - Completed /viper/ptmp/arego/Red_T_7K_1_EN_100/4685.h5 in 69.47 seconds
2025-09-19 07:27:05,563 - INFO - Processing /viper/ptmp/arego/Red_T_7K_1/778.h5
2025-09-19 07:27:07,231 - INFO - File 18876: Filtered 14769389 hits and 4 records
2025-09-19 07:27:09,575 - INFO - Completed /viper/ptmp/arego/Red_T_7K_1_EN_100/1164.h5 in 171.12 seconds
2025-09-19 07:27:09,684 - INFO - Processing /viper/ptmp/arego/Red_T_7K_1/13606.h5
2025-09-19 07:27:10,322 - INFO - Completed /viper/ptmp/arego/Red_T_7K_1_EN_100/10364.h5 in 78.36 seconds
2025-09-19 07:27:10,426 - INFO - Processing /viper/ptmp/arego/Red_T_7K_1/5540.h5
2025-09-19 07:27:11,184 - INFO - Completed /viper/ptmp/arego/Red_T_7K_1_EN_100/17671.h5 in 98.98 seconds
2025-09-19 07:27:11,274 - INFO - Processing /viper/ptmp/arego/Red_T_7K_1/9595.h5
2025-09-19 07:27:11,438 - INFO - Completed /viper/ptmp/arego/Red_T_7K_1_EN_100/22042.h5 in 41.17 seconds
2025-09-19 07:27:11,621 - INFO - Processing /viper/ptmp/arego/Red_T_7K_1/2536.h5
2025-09-19 07:27:11,770 - INFO - File 778: Filtered 17903106 hits and 8 records
2025-09-19 07:27:13,003 - INFO - Completed /viper/ptmp/arego/Red_T_7K_1_EN_100/14075.h5 in 102.40 seconds
2025-09-19 07:27:16,732 - INFO - Completed /viper/ptmp/arego/Red_T_7K_1_EN_100/4547.h5 in 75.10 seconds
2025-09-19 07:27:16,871 - INFO - Processing /viper/ptmp/arego/Red_T_7K_1/13634.h5
2025-09-19 07:27:17,967 - INFO - Completed /viper/ptmp/arego/Red_T_7K_1_EN_100/6674.h5 in 133.88 seconds
2025-09-19 07:27:18,027 - INFO - Processing /viper/ptmp/arego/Red_T_7K_1/1472.h5
2025-09-19 07:27:18,974 - INFO - Completed /viper/ptmp/arego/Red_T_7K_1_EN_100/13342.h5 in 58.01 seconds
2025-09-19 07:27:19,102 - INFO - Processing /viper/ptmp/arego/Red_T_7K_1/16439.h5
2025-09-19 07:27:20,270 - INFO - Completed /viper/ptmp/arego/Red_T_7K_1_EN_100/16981.h5 in 66.03 seconds
2025-09-19 07:27:20,398 - INFO - Processing /viper/ptmp/arego/Red_T_7K_1/12446.h5
2025-09-19 07:27:21,889 - INFO - File 2536: Filtered 12278091 hits and 7 records
2025-09-19 07:27:21,902 - INFO - File 20334: Filtered 23197441 hits and 5 records
2025-09-19 07:27:22,013 - INFO - File 5540: Filtered 25874831 hits and 3 records
2025-09-19 07:27:23,595 - INFO - File 9595: Filtered 12990750 hits and 6 records
2025-09-19 07:27:27,197 - INFO - File 13606: Filtered 42629994 hits and 5 records
2025-09-19 07:27:27,462 - INFO - Completed /viper/ptmp/arego/Red_T_7K_1_EN_100/2295.h5 in 80.47 seconds
2025-09-19 07:27:27,589 - INFO - Processing /viper/ptmp/arego/Red_T_7K_1/2784.h5
2025-09-19 07:27:27,918 - INFO - File 13634: Filtered 8150778 hits and 5 records
2025-09-19 07:27:28,868 - INFO - File 12446: Filtered 1095158 hits and 3 records
2025-09-19 07:27:30,159 - INFO - File 16439: Filtered 563815 hits and 5 records
2025-09-19 07:27:34,229 - INFO - File 1472: Filtered 1972864 hits and 6 records
2025-09-19 07:27:42,014 - INFO - Completed /viper/ptmp/arego/Red_T_7K_1_EN_100/13996.h5 in 100.98 seconds
2025-09-19 07:27:42,107 - INFO - Processing /viper/ptmp/arego/Red_T_7K_1/17023.h5
2025-09-19 07:27:43,212 - INFO - File 2784: Filtered 24792016 hits and 4 records
2025-09-19 07:27:49,077 - INFO - File 17023: Filtered 10160691 hits and 3 records
2025-09-19 07:27:54,928 - INFO - Completed /viper/ptmp/arego/Red_T_7K_1_EN_100/778.h5 in 49.36 seconds
2025-09-19 07:28:00,214 - INFO - Completed /viper/ptmp/arego/Red_T_7K_1_EN_100/17732.h5 in 141.01 seconds
2025-09-19 07:28:04,604 - INFO - Completed /viper/ptmp/arego/Red_T_7K_1_EN_100/10096.h5 in 74.81 seconds
2025-09-19 07:28:04,725 - INFO - Processing /viper/ptmp/arego/Red_T_7K_1/7846.h5
2025-09-19 07:28:10,026 - INFO - Completed /viper/ptmp/arego/Red_T_7K_1_EN_100/18876.h5 in 68.81 seconds
2025-09-19 07:28:12,393 - INFO - File 7846: Filtered 5748809 hits and 3 records
2025-09-19 07:28:14,666 - INFO - Completed /viper/ptmp/arego/Red_T_7K_1_EN_100/12350.h5 in 92.69 seconds
2025-09-19 07:28:27,223 - INFO - Completed /viper/ptmp/arego/Red_T_7K_1_EN_100/19859.h5 in 95.10 seconds
2025-09-19 07:28:27,396 - INFO - Processing /viper/ptmp/arego/Red_T_7K_1/4915.h5
2025-09-19 07:28:33,271 - INFO - Completed /viper/ptmp/arego/Red_T_7K_1_EN_100/5584.h5 in 117.47 seconds
2025-09-19 07:28:33,357 - INFO - Processing /viper/ptmp/arego/Red_T_7K_1/17070.h5
2025-09-19 07:28:34,772 - INFO - File 4915: Filtered 11025686 hits and 5 records
2025-09-19 07:28:50,144 - INFO - Completed /viper/ptmp/arego/Red_T_7K_1_EN_100/14602.h5 in 188.22 seconds
2025-09-19 07:28:50,261 - INFO - Processing /viper/ptmp/arego/Red_T_7K_1/31.h5
2025-09-19 07:29:04,369 - INFO - File 17070: Filtered 40671543 hits and 5 records
2025-09-19 07:29:20,278 - INFO - File 31: Filtered 813913 hits and 4 records
2025-09-19 07:29:32,790 - INFO - Completed /viper/ptmp/arego/Red_T_7K_1_EN_100/5540.h5 in 142.36 seconds
2025-09-19 07:29:37,178 - INFO - Completed /viper/ptmp/arego/Red_T_7K_1_EN_100/2536.h5 in 145.56 seconds
2025-09-19 07:29:37,256 - INFO - Processing /viper/ptmp/arego/Red_T_7K_1/20680.h5
2025-09-19 07:29:48,200 - INFO - Completed /viper/ptmp/arego/Red_T_7K_1_EN_100/17023.h5 in 126.09 seconds
2025-09-19 07:29:48,282 - INFO - Processing /viper/ptmp/arego/Red_T_7K_1/370.h5
2025-09-19 07:30:02,348 - INFO - Completed /viper/ptmp/arego/Red_T_7K_1_EN_100/16437.h5 in 194.71 seconds
2025-09-19 07:30:10,237 - INFO - Completed /viper/ptmp/arego/Red_T_7K_1_EN_100/13606.h5 in 180.55 seconds
2025-09-19 07:30:10,292 - INFO - Completed /viper/ptmp/arego/Red_T_7K_1_EN_100/12446.h5 in 169.89 seconds
2025-09-19 07:30:10,459 - INFO - Processing /viper/ptmp/arego/Red_T_7K_1/21911.h5
2025-09-19 07:30:12,425 - INFO - File 370: Filtered 72535856 hits and 4 records
2025-09-19 07:30:22,415 - INFO - Completed /viper/ptmp/arego/Red_T_7K_1_EN_100/9595.h5 in 191.14 seconds
2025-09-19 07:30:22,516 - INFO - Processing /viper/ptmp/arego/Red_T_7K_1/7452.h5
2025-09-19 07:30:32,074 - INFO - Completed /viper/ptmp/arego/Red_T_7K_1_EN_100/4915.h5 in 124.68 seconds
2025-09-19 07:30:32,234 - INFO - Processing /viper/ptmp/arego/Red_T_7K_1/19575.h5
2025-09-19 07:30:32,980 - INFO - Completed /viper/ptmp/arego/Red_T_7K_1_EN_100/21091.h5 in 262.91 seconds
2025-09-19 07:30:33,112 - INFO - Processing /viper/ptmp/arego/Red_T_7K_1/3860.h5
2025-09-19 07:30:34,207 - INFO - Completed /viper/ptmp/arego/Red_T_7K_1_EN_100/7846.h5 in 149.48 seconds
2025-09-19 07:30:34,259 - INFO - Processing /viper/ptmp/arego/Red_T_7K_1/18417.h5
2025-09-19 07:30:49,419 - INFO - File 21911: Filtered 39547013 hits and 6 records
2025-09-19 07:30:57,819 - INFO - Completed /viper/ptmp/arego/Red_T_7K_1_EN_100/13634.h5 in 220.95 seconds
2025-09-19 07:30:59,871 - INFO - File 20680: Filtered 55495150 hits and 6 records
2025-09-19 07:31:08,692 - INFO - Completed /viper/ptmp/arego/Red_T_7K_1_EN_100/2784.h5 in 221.10 seconds
2025-09-19 07:31:21,481 - INFO - File 7452: Filtered 80964778 hits and 8 records
2025-09-19 07:31:24,193 - INFO - File 19575: Filtered 129915216 hits and 6 records
2025-09-19 07:31:25,789 - INFO - Completed /viper/ptmp/arego/Red_T_7K_1_EN_100/13250.h5 in 282.99 seconds
2025-09-19 07:31:30,069 - INFO - Completed /viper/ptmp/arego/Red_T_7K_1_EN_100/16439.h5 in 250.97 seconds
2025-09-19 07:32:06,979 - INFO - Completed /viper/ptmp/arego/Red_T_7K_1_EN_100/20334.h5 in 305.07 seconds
2025-09-19 07:32:09,132 - INFO - Completed /viper/ptmp/arego/Red_T_7K_1_EN_100/19935.h5 in 323.74 seconds
2025-09-19 07:32:14,806 - INFO - File 18417: Filtered 113184700 hits and 4 records
2025-09-19 07:32:25,178 - INFO - File 3860: Filtered 689183 hits and 4 records
2025-09-19 07:32:34,788 - INFO - Completed /viper/ptmp/arego/Red_T_7K_1_EN_100/1472.h5 in 316.76 seconds
2025-09-19 07:33:22,101 - INFO - Completed /viper/ptmp/arego/Red_T_7K_1_EN_100/370.h5 in 213.82 seconds
2025-09-19 07:36:01,541 - INFO - Completed /viper/ptmp/arego/Red_T_7K_1_EN_100/19575.h5 in 329.31 seconds
2025-09-19 07:37:18,063 - INFO - Completed /viper/ptmp/arego/Red_T_7K_1_EN_100/17070.h5 in 524.71 seconds
2025-09-19 07:39:09,608 - INFO - Completed /viper/ptmp/arego/Red_T_7K_1_EN_100/31.h5 in 619.35 seconds
2025-09-19 07:39:11,703 - INFO - Completed /viper/ptmp/arego/Red_T_7K_1_EN_100/21911.h5 in 541.24 seconds
2025-09-19 07:42:21,009 - INFO - Completed /viper/ptmp/arego/Red_T_7K_1_EN_100/7452.h5 in 718.49 seconds
2025-09-19 07:49:03,004 - INFO - Completed /viper/ptmp/arego/Red_T_7K_1_EN_100/20680.h5 in 1165.75 seconds
2025-09-19 07:49:09,459 - INFO - Completed /viper/ptmp/arego/Red_T_7K_1_EN_100/18417.h5 in 1115.20 seconds
2025-09-19 07:57:06,861 - INFO - Completed /viper/ptmp/arego/Red_T_7K_1_EN_100/3860.h5 in 1593.75 seconds
