2025-09-19 07:00:40,790 - INFO - Loaded skip configuration: 0 files to skip entirely, 21186 files with partial record skips
2025-09-19 07:00:40,851 - INFO - Loaded skip configuration: 0 files to skip entirely, 21186 files with partial record skips
2025-09-19 07:00:41,228 - INFO - Processing /viper/ptmp/arego/Red_T_7K_1/13068.h5
2025-09-19 07:00:41,274 - INFO - Processing /viper/ptmp/arego/Red_T_7K_1/666.h5
2025-09-19 07:00:41,399 - INFO - Processing /viper/ptmp/arego/Red_T_7K_1/19861.h5
2025-09-19 07:00:41,443 - INFO - Processing /viper/ptmp/arego/Red_T_7K_1/17096.h5
2025-09-19 07:00:41,472 - INFO - File 13068: Filtered 93623 hits and 3 records
2025-09-19 07:00:41,539 - INFO - File 666: Filtered 128230 hits and 2 records
2025-09-19 07:00:41,588 - INFO - Processing /viper/ptmp/arego/Red_T_7K_1/11616.h5
2025-09-19 07:00:41,612 - INFO - Processing /viper/ptmp/arego/Red_T_7K_1/19882.h5
2025-09-19 07:00:41,629 - INFO - File 19861: Filtered 94440 hits and 3 records
2025-09-19 07:00:41,686 - INFO - File 17096: Filtered 74176 hits and 2 records
2025-09-19 07:00:41,797 - INFO - Processing /viper/ptmp/arego/Red_T_7K_1/10575.h5
2025-09-19 07:00:41,800 - INFO - Processing /viper/ptmp/arego/Red_T_7K_1/2818.h5
2025-09-19 07:00:41,818 - INFO - Completed /viper/ptmp/arego/Red_T_7K_1_EN_100/666.h5 in 0.54 seconds
2025-09-19 07:00:41,819 - INFO - File 11616: Filtered 95361 hits and 3 records
2025-09-19 07:00:41,849 - INFO - File 19882: Filtered 231624 hits and 5 records
2025-09-19 07:00:41,971 - INFO - Processing /viper/ptmp/arego/Red_T_7K_1/8412.h5
2025-09-19 07:00:41,992 - INFO - Processing /viper/ptmp/arego/Red_T_7K_1/15085.h5
2025-09-19 07:00:42,040 - INFO - File 2818: Filtered 124079 hits and 3 records
2025-09-19 07:00:42,051 - INFO - File 10575: Filtered 111289 hits and 3 records
2025-09-19 07:00:42,149 - INFO - Completed /viper/ptmp/arego/Red_T_7K_1_EN_100/13068.h5 in 0.92 seconds
2025-09-19 07:00:42,156 - INFO - Processing /viper/ptmp/arego/Red_T_7K_1/15622.h5
2025-09-19 07:00:42,212 - INFO - File 8412: Filtered 139546 hits and 3 records
2025-09-19 07:00:42,214 - INFO - Processing /viper/ptmp/arego/Red_T_7K_1/4123.h5
2025-09-19 07:00:42,249 - INFO - File 15085: Filtered 134971 hits and 4 records
2025-09-19 07:00:42,377 - INFO - Processing /viper/ptmp/arego/Red_T_7K_1/14541.h5
2025-09-19 07:00:42,407 - INFO - File 15622: Filtered 316374 hits and 6 records
2025-09-19 07:00:42,412 - INFO - Processing /viper/ptmp/arego/Red_T_7K_1/20330.h5
2025-09-19 07:00:42,507 - INFO - File 4123: Filtered 77295 hits and 2 records
2025-09-19 07:00:42,563 - INFO - Completed /viper/ptmp/arego/Red_T_7K_1_EN_100/19882.h5 in 0.95 seconds
2025-09-19 07:00:42,612 - INFO - Processing /viper/ptmp/arego/Red_T_7K_1/2301.h5
2025-09-19 07:00:42,627 - INFO - Processing /viper/ptmp/arego/Red_T_7K_1/12162.h5
2025-09-19 07:00:42,685 - INFO - File 14541: Filtered 91700 hits and 2 records
2025-09-19 07:00:42,697 - INFO - File 20330: Filtered 181578 hits and 4 records
2025-09-19 07:00:42,807 - INFO - Processing /viper/ptmp/arego/Red_T_7K_1/22703.h5
2025-09-19 07:00:42,811 - INFO - Completed /viper/ptmp/arego/Red_T_7K_1_EN_100/19861.h5 in 1.41 seconds
2025-09-19 07:00:42,884 - INFO - File 12162: Filtered 269426 hits and 5 records
2025-09-19 07:00:42,897 - INFO - File 2301: Filtered 168124 hits and 4 records
2025-09-19 07:00:42,921 - INFO - Processing /viper/ptmp/arego/Red_T_7K_1/2012.h5
2025-09-19 07:00:42,944 - INFO - Completed /viper/ptmp/arego/Red_T_7K_1_EN_100/15085.h5 in 0.95 seconds
2025-09-19 07:00:42,967 - INFO - Processing /viper/ptmp/arego/Red_T_7K_1/1347.h5
2025-09-19 07:00:43,046 - INFO - Completed /viper/ptmp/arego/Red_T_7K_1_EN_100/11616.h5 in 1.46 seconds
2025-09-19 07:00:43,061 - INFO - File 22703: Filtered 71506 hits and 2 records
2025-09-19 07:00:43,150 - INFO - Processing /viper/ptmp/arego/Red_T_7K_1/13451.h5
2025-09-19 07:00:43,186 - INFO - File 2012: Filtered 0 hits and 0 records
2025-09-19 07:00:43,220 - INFO - Completed /viper/ptmp/arego/Red_T_7K_1_EN_100/15622.h5 in 1.06 seconds
2025-09-19 07:00:43,222 - INFO - File 1347: Filtered 230566 hits and 3 records
2025-09-19 07:00:43,287 - INFO - Processing /viper/ptmp/arego/Red_T_7K_1/11449.h5
2025-09-19 07:00:43,352 - INFO - Completed /viper/ptmp/arego/Red_T_7K_1_EN_100/2818.h5 in 1.55 seconds
2025-09-19 07:00:43,357 - INFO - Processing /viper/ptmp/arego/Red_T_7K_1/3497.h5
2025-09-19 07:00:43,389 - INFO - Completed /viper/ptmp/arego/Red_T_7K_1_EN_100/4123.h5 in 1.18 seconds
2025-09-19 07:00:43,442 - INFO - Completed /viper/ptmp/arego/Red_T_7K_1_EN_100/17096.h5 in 2.00 seconds
2025-09-19 07:00:43,450 - INFO - File 13451: Filtered 146807 hits and 2 records
2025-09-19 07:00:43,461 - INFO - Processing /viper/ptmp/arego/Red_T_7K_1/17595.h5
2025-09-19 07:00:43,519 - INFO - File 11449: Filtered 225087 hits and 5 records
2025-09-19 07:00:43,556 - INFO - Processing /viper/ptmp/arego/Red_T_7K_1/487.h5
2025-09-19 07:00:43,588 - INFO - File 3497: Filtered 47900 hits and 2 records
2025-09-19 07:00:43,590 - INFO - Completed /viper/ptmp/arego/Red_T_7K_1_EN_100/20330.h5 in 1.18 seconds
2025-09-19 07:00:43,682 - INFO - File 17595: Filtered 159734 hits and 3 records
2025-09-19 07:00:43,691 - INFO - Processing /viper/ptmp/arego/Red_T_7K_1/13901.h5
2025-09-19 07:00:43,759 - INFO - Completed /viper/ptmp/arego/Red_T_7K_1_EN_100/10575.h5 in 1.96 seconds
2025-09-19 07:00:43,764 - INFO - Processing /viper/ptmp/arego/Red_T_7K_1/17558.h5
2025-09-19 07:00:43,842 - INFO - File 487: Filtered 153109 hits and 3 records
2025-09-19 07:00:43,927 - INFO - File 13901: Filtered 365141 hits and 6 records
2025-09-19 07:00:43,967 - INFO - Processing /viper/ptmp/arego/Red_T_7K_1/16447.h5
2025-09-19 07:00:44,023 - INFO - Completed /viper/ptmp/arego/Red_T_7K_1_EN_100/1347.h5 in 1.06 seconds
2025-09-19 07:00:44,039 - INFO - Completed /viper/ptmp/arego/Red_T_7K_1_EN_100/8412.h5 in 2.07 seconds
2025-09-19 07:00:44,048 - INFO - File 17558: Filtered 135671 hits and 2 records
2025-09-19 07:00:44,054 - INFO - Completed /viper/ptmp/arego/Red_T_7K_1_EN_100/14541.h5 in 1.68 seconds
2025-09-19 07:00:44,088 - INFO - Processing /viper/ptmp/arego/Red_T_7K_1/21165.h5
2025-09-19 07:00:44,122 - INFO - Completed /viper/ptmp/arego/Red_T_7K_1_EN_100/2012.h5 in 1.20 seconds
2025-09-19 07:00:44,173 - INFO - Processing /viper/ptmp/arego/Red_T_7K_1/9410.h5
2025-09-19 07:00:44,214 - INFO - Completed /viper/ptmp/arego/Red_T_7K_1_EN_100/12162.h5 in 1.59 seconds
2025-09-19 07:00:44,217 - INFO - Completed /viper/ptmp/arego/Red_T_7K_1_EN_100/2301.h5 in 1.61 seconds
2025-09-19 07:00:44,233 - INFO - File 16447: Filtered 143282 hits and 3 records
2025-09-19 07:00:44,284 - INFO - Processing /viper/ptmp/arego/Red_T_7K_1/16957.h5
2025-09-19 07:00:44,338 - INFO - File 21165: Filtered 222713 hits and 4 records
2025-09-19 07:00:44,378 - INFO - Processing /viper/ptmp/arego/Red_T_7K_1/12871.h5
2025-09-19 07:00:44,408 - INFO - File 9410: Filtered 381543 hits and 6 records
2025-09-19 07:00:44,456 - INFO - Completed /viper/ptmp/arego/Red_T_7K_1_EN_100/22703.h5 in 1.65 seconds
2025-09-19 07:00:44,463 - INFO - Completed /viper/ptmp/arego/Red_T_7K_1_EN_100/13451.h5 in 1.31 seconds
2025-09-19 07:00:44,499 - INFO - Processing /viper/ptmp/arego/Red_T_7K_1/1212.h5
2025-09-19 07:00:44,514 - INFO - File 16957: Filtered 241038 hits and 5 records
2025-09-19 07:00:44,570 - INFO - Completed /viper/ptmp/arego/Red_T_7K_1_EN_100/13901.h5 in 0.88 seconds
2025-09-19 07:00:44,584 - INFO - Processing /viper/ptmp/arego/Red_T_7K_1/5352.h5
2025-09-19 07:00:44,632 - INFO - File 12871: Filtered 0 hits and 0 records
2025-09-19 07:00:44,718 - INFO - Processing /viper/ptmp/arego/Red_T_7K_1/11757.h5
2025-09-19 07:00:44,726 - INFO - File 1212: Filtered 251779 hits and 3 records
2025-09-19 07:00:44,740 - INFO - Completed /viper/ptmp/arego/Red_T_7K_1_EN_100/11449.h5 in 1.45 seconds
2025-09-19 07:00:44,835 - INFO - File 5352: Filtered 417615 hits and 5 records
2025-09-19 07:00:44,885 - INFO - Processing /viper/ptmp/arego/Red_T_7K_1/11792.h5
2025-09-19 07:00:44,901 - INFO - Processing /viper/ptmp/arego/Red_T_7K_1/6063.h5
2025-09-19 07:00:44,994 - INFO - File 11757: Filtered 144813 hits and 2 records
2025-09-19 07:00:45,030 - INFO - Completed /viper/ptmp/arego/Red_T_7K_1_EN_100/3497.h5 in 1.67 seconds
2025-09-19 07:00:45,093 - INFO - Processing /viper/ptmp/arego/Red_T_7K_1/14959.h5
2025-09-19 07:00:45,127 - INFO - Processing /viper/ptmp/arego/Red_T_7K_1/14695.h5
2025-09-19 07:00:45,191 - INFO - File 11792: Filtered 70151 hits and 2 records
2025-09-19 07:00:45,199 - INFO - File 6063: Filtered 277046 hits and 4 records
2025-09-19 07:00:45,266 - INFO - Completed /viper/ptmp/arego/Red_T_7K_1_EN_100/9410.h5 in 1.09 seconds
2025-09-19 07:00:45,268 - INFO - Completed /viper/ptmp/arego/Red_T_7K_1_EN_100/17595.h5 in 1.81 seconds
2025-09-19 07:00:45,295 - INFO - Processing /viper/ptmp/arego/Red_T_7K_1/11184.h5
2025-09-19 07:00:45,389 - INFO - File 14959: Filtered 295627 hits and 4 records
2025-09-19 07:00:45,397 - INFO - File 14695: Filtered 81872 hits and 3 records
2025-09-19 07:00:45,436 - INFO - Processing /viper/ptmp/arego/Red_T_7K_1/17420.h5
2025-09-19 07:00:45,575 - INFO - Processing /viper/ptmp/arego/Red_T_7K_1/14388.h5
2025-09-19 07:00:45,589 - INFO - File 11184: Filtered 149347 hits and 1 records
2025-09-19 07:00:45,645 - INFO - Completed /viper/ptmp/arego/Red_T_7K_1_EN_100/5352.h5 in 1.06 seconds
2025-09-19 07:00:45,668 - INFO - Completed /viper/ptmp/arego/Red_T_7K_1_EN_100/17558.h5 in 1.90 seconds
2025-09-19 07:00:45,740 - INFO - Processing /viper/ptmp/arego/Red_T_7K_1/6766.h5
2025-09-19 07:00:45,742 - INFO - File 17420: Filtered 103335 hits and 3 records
2025-09-19 07:00:45,774 - INFO - Completed /viper/ptmp/arego/Red_T_7K_1_EN_100/487.h5 in 2.22 seconds
2025-09-19 07:00:45,826 - INFO - Completed /viper/ptmp/arego/Red_T_7K_1_EN_100/21165.h5 in 1.74 seconds
2025-09-19 07:00:45,832 - INFO - File 14388: Filtered 96720 hits and 2 records
2025-09-19 07:00:45,925 - INFO - Processing /viper/ptmp/arego/Red_T_7K_1/18419.h5
2025-09-19 07:00:45,981 - INFO - File 6766: Filtered 287704 hits and 5 records
2025-09-19 07:00:46,031 - INFO - Processing /viper/ptmp/arego/Red_T_7K_1/10879.h5
2025-09-19 07:00:46,173 - INFO - Completed /viper/ptmp/arego/Red_T_7K_1_EN_100/14695.h5 in 1.05 seconds
2025-09-19 07:00:46,210 - INFO - File 18419: Filtered 461801 hits and 7 records
2025-09-19 07:00:46,217 - INFO - Processing /viper/ptmp/arego/Red_T_7K_1/18140.h5
2025-09-19 07:00:46,253 - INFO - Completed /viper/ptmp/arego/Red_T_7K_1_EN_100/1212.h5 in 1.75 seconds
2025-09-19 07:00:46,282 - INFO - Completed /viper/ptmp/arego/Red_T_7K_1_EN_100/16447.h5 in 2.31 seconds
2025-09-19 07:00:46,291 - INFO - File 10879: Filtered 241097 hits and 5 records
2025-09-19 07:00:46,351 - INFO - Processing /viper/ptmp/arego/Red_T_7K_1/6431.h5
2025-09-19 07:00:46,438 - INFO - Processing /viper/ptmp/arego/Red_T_7K_1/4260.h5
2025-09-19 07:00:46,475 - INFO - File 18140: Filtered 197548 hits and 4 records
2025-09-19 07:00:46,636 - INFO - File 6431: Filtered 177389 hits and 4 records
2025-09-19 07:00:46,638 - INFO - Processing /viper/ptmp/arego/Red_T_7K_1/919.h5
2025-09-19 07:00:46,674 - INFO - File 4260: Filtered 297212 hits and 6 records
2025-09-19 07:00:46,781 - INFO - Completed /viper/ptmp/arego/Red_T_7K_1_EN_100/16957.h5 in 2.50 seconds
2025-09-19 07:00:46,789 - INFO - Completed /viper/ptmp/arego/Red_T_7K_1_EN_100/6766.h5 in 1.05 seconds
2025-09-19 07:00:46,873 - INFO - Processing /viper/ptmp/arego/Red_T_7K_1/5830.h5
2025-09-19 07:00:46,880 - INFO - Processing /viper/ptmp/arego/Red_T_7K_1/10278.h5
2025-09-19 07:00:46,895 - INFO - File 919: Filtered 244867 hits and 6 records
2025-09-19 07:00:46,974 - INFO - Completed /viper/ptmp/arego/Red_T_7K_1_EN_100/12871.h5 in 2.60 seconds
2025-09-19 07:00:47,152 - INFO - Completed /viper/ptmp/arego/Red_T_7K_1_EN_100/11792.h5 in 2.27 seconds
2025-09-19 07:00:47,157 - INFO - Processing /viper/ptmp/arego/Red_T_7K_1/18656.h5
2025-09-19 07:00:47,168 - INFO - File 10278: Filtered 97443 hits and 3 records
2025-09-19 07:00:47,187 - INFO - File 5830: Filtered 144369 hits and 1 records
2025-09-19 07:00:47,352 - INFO - Processing /viper/ptmp/arego/Red_T_7K_1/3246.h5
2025-09-19 07:00:47,360 - INFO - Completed /viper/ptmp/arego/Red_T_7K_1_EN_100/6063.h5 in 2.46 seconds
2025-09-19 07:00:47,400 - INFO - Completed /viper/ptmp/arego/Red_T_7K_1_EN_100/11757.h5 in 2.68 seconds
2025-09-19 07:00:47,457 - INFO - Processing /viper/ptmp/arego/Red_T_7K_1/16920.h5
2025-09-19 07:00:47,458 - INFO - File 18656: Filtered 129321 hits and 3 records
2025-09-19 07:00:47,535 - INFO - Completed /viper/ptmp/arego/Red_T_7K_1_EN_100/11184.h5 in 2.24 seconds
2025-09-19 07:00:47,613 - INFO - File 3246: Filtered 198758 hits and 4 records
2025-09-19 07:00:47,676 - INFO - Processing /viper/ptmp/arego/Red_T_7K_1/19103.h5
2025-09-19 07:00:47,677 - INFO - Completed /viper/ptmp/arego/Red_T_7K_1_EN_100/14959.h5 in 2.58 seconds
2025-09-19 07:00:47,739 - INFO - File 16920: Filtered 359938 hits and 5 records
2025-09-19 07:00:47,754 - INFO - Completed /viper/ptmp/arego/Red_T_7K_1_EN_100/10879.h5 in 1.72 seconds
2025-09-19 07:00:47,796 - INFO - Completed /viper/ptmp/arego/Red_T_7K_1_EN_100/14388.h5 in 2.22 seconds
2025-09-19 07:00:47,825 - INFO - Processing /viper/ptmp/arego/Red_T_7K_1/804.h5
2025-09-19 07:00:47,831 - INFO - Completed /viper/ptmp/arego/Red_T_7K_1_EN_100/17420.h5 in 2.40 seconds
2025-09-19 07:00:47,875 - INFO - Processing /viper/ptmp/arego/Red_T_7K_1/22857.h5
2025-09-19 07:00:47,946 - INFO - Completed /viper/ptmp/arego/Red_T_7K_1_EN_100/919.h5 in 1.31 seconds
2025-09-19 07:00:47,957 - INFO - File 19103: Filtered 416489 hits and 7 records
2025-09-19 07:00:48,006 - INFO - Completed /viper/ptmp/arego/Red_T_7K_1_EN_100/4260.h5 in 1.57 seconds
2025-09-19 07:00:48,062 - INFO - Processing /viper/ptmp/arego/Red_T_7K_1/4107.h5
2025-09-19 07:00:48,075 - INFO - File 804: Filtered 383787 hits and 7 records
2025-09-19 07:00:48,111 - INFO - Processing /viper/ptmp/arego/Red_T_7K_1/18647.h5
2025-09-19 07:00:48,163 - INFO - File 22857: Filtered 478529 hits and 6 records
2025-09-19 07:00:48,223 - INFO - Completed /viper/ptmp/arego/Red_T_7K_1_EN_100/18419.h5 in 2.30 seconds
2025-09-19 07:00:48,266 - INFO - Processing /viper/ptmp/arego/Red_T_7K_1/15357.h5
2025-09-19 07:00:48,279 - INFO - Completed /viper/ptmp/arego/Red_T_7K_1_EN_100/18140.h5 in 2.06 seconds
2025-09-19 07:00:48,363 - INFO - File 18647: Filtered 120815 hits and 3 records
2025-09-19 07:00:48,386 - INFO - File 4107: Filtered 309470 hits and 3 records
2025-09-19 07:00:48,406 - INFO - Processing /viper/ptmp/arego/Red_T_7K_1/5522.h5
2025-09-19 07:00:48,552 - INFO - File 15357: Filtered 93190 hits and 2 records
2025-09-19 07:00:48,569 - INFO - Processing /viper/ptmp/arego/Red_T_7K_1/7309.h5
2025-09-19 07:00:48,597 - INFO - Processing /viper/ptmp/arego/Red_T_7K_1/8445.h5
2025-09-19 07:00:48,681 - INFO - File 5522: Filtered 371042 hits and 5 records
2025-09-19 07:00:48,802 - INFO - Processing /viper/ptmp/arego/Red_T_7K_1/11320.h5
2025-09-19 07:00:48,846 - INFO - File 7309: Filtered 331706 hits and 6 records
2025-09-19 07:00:48,862 - INFO - File 8445: Filtered 221212 hits and 5 records
2025-09-19 07:00:49,015 - INFO - Completed /viper/ptmp/arego/Red_T_7K_1_EN_100/19103.h5 in 1.34 seconds
2025-09-19 07:00:49,085 - INFO - File 11320: Filtered 473423 hits and 7 records
2025-09-19 07:00:49,110 - INFO - Processing /viper/ptmp/arego/Red_T_7K_1/18675.h5
2025-09-19 07:00:49,302 - INFO - Completed /viper/ptmp/arego/Red_T_7K_1_EN_100/6431.h5 in 2.95 seconds
2025-09-19 07:00:49,348 - INFO - Completed /viper/ptmp/arego/Red_T_7K_1_EN_100/804.h5 in 1.52 seconds
2025-09-19 07:00:49,353 - INFO - Completed /viper/ptmp/arego/Red_T_7K_1_EN_100/16920.h5 in 1.90 seconds
2025-09-19 07:00:49,417 - INFO - File 18675: Filtered 117780 hits and 2 records
2025-09-19 07:00:49,418 - INFO - Processing /viper/ptmp/arego/Red_T_7K_1/13083.h5
2025-09-19 07:00:49,421 - INFO - Processing /viper/ptmp/arego/Red_T_7K_1/11501.h5
2025-09-19 07:00:49,439 - INFO - Completed /viper/ptmp/arego/Red_T_7K_1_EN_100/5830.h5 in 2.57 seconds
2025-09-19 07:00:49,445 - INFO - Completed /viper/ptmp/arego/Red_T_7K_1_EN_100/10278.h5 in 2.57 seconds
2025-09-19 07:00:49,492 - INFO - Completed /viper/ptmp/arego/Red_T_7K_1_EN_100/3246.h5 in 2.14 seconds
2025-09-19 07:00:49,663 - INFO - File 13083: Filtered 263105 hits and 5 records
2025-09-19 07:00:49,671 - INFO - Completed /viper/ptmp/arego/Red_T_7K_1_EN_100/22857.h5 in 1.80 seconds
2025-09-19 07:00:49,683 - INFO - Processing /viper/ptmp/arego/Red_T_7K_1/3760.h5
2025-09-19 07:00:49,688 - INFO - Completed /viper/ptmp/arego/Red_T_7K_1_EN_100/18656.h5 in 2.53 seconds
2025-09-19 07:00:49,713 - INFO - File 11501: Filtered 379137 hits and 4 records
2025-09-19 07:00:49,735 - INFO - Processing /viper/ptmp/arego/Red_T_7K_1/8998.h5
2025-09-19 07:00:49,876 - INFO - Processing /viper/ptmp/arego/Red_T_7K_1/11498.h5
2025-09-19 07:00:49,960 - INFO - Completed /viper/ptmp/arego/Red_T_7K_1_EN_100/18647.h5 in 1.85 seconds
2025-09-19 07:00:50,002 - INFO - File 3760: Filtered 145644 hits and 2 records
2025-09-19 07:00:50,025 - INFO - File 8998: Filtered 389326 hits and 5 records
2025-09-19 07:00:50,053 - INFO - Processing /viper/ptmp/arego/Red_T_7K_1/63.h5
2025-09-19 07:00:50,083 - INFO - Processing /viper/ptmp/arego/Red_T_7K_1/21539.h5
2025-09-19 07:00:50,136 - INFO - File 11498: Filtered 123363 hits and 3 records
2025-09-19 07:00:50,270 - INFO - Completed /viper/ptmp/arego/Red_T_7K_1_EN_100/8445.h5 in 1.67 seconds
2025-09-19 07:00:50,309 - INFO - Processing /viper/ptmp/arego/Red_T_7K_1/22811.h5
2025-09-19 07:00:50,341 - INFO - File 21539: Filtered 73563 hits and 2 records
2025-09-19 07:00:50,363 - INFO - File 63: Filtered 209063 hits and 3 records
2025-09-19 07:00:50,382 - INFO - Completed /viper/ptmp/arego/Red_T_7K_1_EN_100/5522.h5 in 1.98 seconds
2025-09-19 07:00:50,393 - INFO - Processing /viper/ptmp/arego/Red_T_7K_1/3624.h5
2025-09-19 07:00:50,452 - INFO - Completed /viper/ptmp/arego/Red_T_7K_1_EN_100/4107.h5 in 2.39 seconds
2025-09-19 07:00:50,504 - INFO - Processing /viper/ptmp/arego/Red_T_7K_1/2141.h5
2025-09-19 07:00:50,591 - INFO - File 22811: Filtered 599268 hits and 4 records
2025-09-19 07:00:50,653 - INFO - File 3624: Filtered 251826 hits and 4 records
2025-09-19 07:00:50,660 - INFO - Processing /viper/ptmp/arego/Red_T_7K_1/5517.h5
2025-09-19 07:00:50,707 - INFO - Processing /viper/ptmp/arego/Red_T_7K_1/8714.h5
2025-09-19 07:00:50,733 - INFO - Completed /viper/ptmp/arego/Red_T_7K_1_EN_100/11320.h5 in 1.93 seconds
2025-09-19 07:00:50,739 - INFO - File 2141: Filtered 45198 hits and 1 records
2025-09-19 07:00:50,904 - INFO - Processing /viper/ptmp/arego/Red_T_7K_1/3517.h5
2025-09-19 07:00:50,962 - INFO - File 5517: Filtered 424220 hits and 4 records
2025-09-19 07:00:51,002 - INFO - Completed /viper/ptmp/arego/Red_T_7K_1_EN_100/7309.h5 in 2.43 seconds
2025-09-19 07:00:51,024 - INFO - File 8714: Filtered 123977 hits and 4 records
2025-09-19 07:00:51,075 - INFO - Completed /viper/ptmp/arego/Red_T_7K_1_EN_100/15357.h5 in 2.81 seconds
2025-09-19 07:00:51,103 - INFO - Processing /viper/ptmp/arego/Red_T_7K_1/19063.h5
2025-09-19 07:00:51,218 - INFO - File 3517: Filtered 414380 hits and 4 records
2025-09-19 07:00:51,289 - INFO - Completed /viper/ptmp/arego/Red_T_7K_1_EN_100/63.h5 in 1.24 seconds
2025-09-19 07:00:51,397 - INFO - File 19063: Filtered 300156 hits and 2 records
2025-09-19 07:00:51,408 - INFO - Processing /viper/ptmp/arego/Red_T_7K_1/23005.h5
2025-09-19 07:00:51,518 - INFO - Completed /viper/ptmp/arego/Red_T_7K_1_EN_100/13083.h5 in 2.10 seconds
2025-09-19 07:00:51,596 - INFO - Processing /viper/ptmp/arego/Red_T_7K_1/10737.h5
2025-09-19 07:00:51,666 - INFO - Completed /viper/ptmp/arego/Red_T_7K_1_EN_100/8998.h5 in 1.93 seconds
2025-09-19 07:00:51,680 - INFO - Completed /viper/ptmp/arego/Red_T_7K_1_EN_100/11498.h5 in 1.80 seconds
2025-09-19 07:00:51,694 - INFO - File 23005: Filtered 631725 hits and 7 records
2025-09-19 07:00:51,726 - INFO - Processing /viper/ptmp/arego/Red_T_7K_1/3969.h5
2025-09-19 07:00:51,890 - INFO - Processing /viper/ptmp/arego/Red_T_7K_1/7845.h5
2025-09-19 07:00:51,912 - INFO - File 10737: Filtered 47083 hits and 1 records
2025-09-19 07:00:51,966 - INFO - Completed /viper/ptmp/arego/Red_T_7K_1_EN_100/11501.h5 in 2.55 seconds
2025-09-19 07:00:51,986 - INFO - Completed /viper/ptmp/arego/Red_T_7K_1_EN_100/22811.h5 in 1.68 seconds
2025-09-19 07:00:52,016 - INFO - Completed /viper/ptmp/arego/Red_T_7K_1_EN_100/3624.h5 in 1.62 seconds
2025-09-19 07:00:52,017 - INFO - File 3969: Filtered 580420 hits and 5 records
2025-09-19 07:00:52,029 - INFO - Processing /viper/ptmp/arego/Red_T_7K_1/19999.h5
2025-09-19 07:00:52,070 - INFO - Processing /viper/ptmp/arego/Red_T_7K_1/17395.h5
2025-09-19 07:00:52,230 - INFO - File 7845: Filtered 381317 hits and 3 records
2025-09-19 07:00:52,261 - INFO - Completed /viper/ptmp/arego/Red_T_7K_1_EN_100/18675.h5 in 3.15 seconds
2025-09-19 07:00:52,339 - INFO - File 19999: Filtered 477621 hits and 2 records
2025-09-19 07:00:52,339 - INFO - Processing /viper/ptmp/arego/Red_T_7K_1/22120.h5
2025-09-19 07:00:52,359 - INFO - File 17395: Filtered 309388 hits and 5 records
2025-09-19 07:00:52,383 - INFO - Completed /viper/ptmp/arego/Red_T_7K_1_EN_100/3760.h5 in 2.70 seconds
2025-09-19 07:00:52,461 - INFO - Processing /viper/ptmp/arego/Red_T_7K_1/2259.h5
2025-09-19 07:00:52,626 - INFO - Completed /viper/ptmp/arego/Red_T_7K_1_EN_100/23005.h5 in 1.22 seconds
2025-09-19 07:00:52,656 - INFO - Processing /viper/ptmp/arego/Red_T_7K_1/3033.h5
2025-09-19 07:00:52,664 - INFO - File 22120: Filtered 669347 hits and 8 records
2025-09-19 07:00:52,690 - INFO - File 2259: Filtered 293677 hits and 5 records
2025-09-19 07:00:52,758 - INFO - Completed /viper/ptmp/arego/Red_T_7K_1_EN_100/21539.h5 in 2.67 seconds
2025-09-19 07:00:52,775 - INFO - Completed /viper/ptmp/arego/Red_T_7K_1_EN_100/3517.h5 in 1.87 seconds
2025-09-19 07:00:52,864 - INFO - Processing /viper/ptmp/arego/Red_T_7K_1/4830.h5
2025-09-19 07:00:52,891 - INFO - Completed /viper/ptmp/arego/Red_T_7K_1_EN_100/3969.h5 in 1.17 seconds
2025-09-19 07:00:52,953 - INFO - File 3033: Filtered 48178 hits and 1 records
2025-09-19 07:00:52,972 - INFO - Processing /viper/ptmp/arego/Red_T_7K_1/3536.h5
2025-09-19 07:00:53,046 - INFO - Completed /viper/ptmp/arego/Red_T_7K_1_EN_100/2141.h5 in 2.54 seconds
2025-09-19 07:00:53,104 - INFO - Processing /viper/ptmp/arego/Red_T_7K_1/18610.h5
2025-09-19 07:00:53,176 - INFO - Processing /viper/ptmp/arego/Red_T_7K_1/2797.h5
2025-09-19 07:00:53,220 - INFO - File 4830: Filtered 51965 hits and 2 records
2025-09-19 07:00:53,291 - INFO - Completed /viper/ptmp/arego/Red_T_7K_1_EN_100/5517.h5 in 2.63 seconds
2025-09-19 07:00:53,303 - INFO - File 3536: Filtered 241821 hits and 4 records
2025-09-19 07:00:53,420 - INFO - File 18610: Filtered 37406 hits and 1 records
2025-09-19 07:00:53,440 - INFO - Processing /viper/ptmp/arego/Red_T_7K_1/3864.h5
2025-09-19 07:00:53,460 - INFO - File 2797: Filtered 383997 hits and 5 records
2025-09-19 07:00:53,483 - INFO - Processing /viper/ptmp/arego/Red_T_7K_1/12614.h5
2025-09-19 07:00:53,737 - INFO - Completed /viper/ptmp/arego/Red_T_7K_1_EN_100/8714.h5 in 3.03 seconds
2025-09-19 07:00:53,771 - INFO - File 3864: Filtered 251083 hits and 5 records
2025-09-19 07:00:53,812 - INFO - File 12614: Filtered 458070 hits and 6 records
2025-09-19 07:00:53,813 - INFO - Processing /viper/ptmp/arego/Red_T_7K_1/15783.h5
2025-09-19 07:00:53,817 - INFO - Processing /viper/ptmp/arego/Red_T_7K_1/7072.h5
2025-09-19 07:00:53,813 - INFO - Completed /viper/ptmp/arego/Red_T_7K_1_EN_100/19063.h5 in 2.71 seconds
2025-09-19 07:00:54,008 - INFO - Completed /viper/ptmp/arego/Red_T_7K_1_EN_100/7845.h5 in 2.12 seconds
2025-09-19 07:00:54,113 - INFO - File 15783: Filtered 230489 hits and 4 records
2025-09-19 07:00:54,157 - INFO - File 7072: Filtered 675513 hits and 6 records
2025-09-19 07:00:54,172 - INFO - Processing /viper/ptmp/arego/Red_T_7K_1/1024.h5
2025-09-19 07:00:54,200 - INFO - Processing /viper/ptmp/arego/Red_T_7K_1/9503.h5
2025-09-19 07:00:54,335 - INFO - Completed /viper/ptmp/arego/Red_T_7K_1_EN_100/10737.h5 in 2.74 seconds
2025-09-19 07:00:54,402 - INFO - Completed /viper/ptmp/arego/Red_T_7K_1_EN_100/19999.h5 in 2.37 seconds
2025-09-19 07:00:54,466 - INFO - Processing /viper/ptmp/arego/Red_T_7K_1/8239.h5
2025-09-19 07:00:54,492 - INFO - File 1024: Filtered 329710 hits and 4 records
2025-09-19 07:00:54,521 - INFO - Processing /viper/ptmp/arego/Red_T_7K_1/18641.h5
2025-09-19 07:00:54,526 - INFO - File 9503: Filtered 675980 hits and 4 records
2025-09-19 07:00:54,572 - INFO - Completed /viper/ptmp/arego/Red_T_7K_1_EN_100/17395.h5 in 2.50 seconds
2025-09-19 07:00:54,739 - INFO - File 8239: Filtered 562099 hits and 4 records
2025-09-19 07:00:54,775 - INFO - Processing /viper/ptmp/arego/Red_T_7K_1/20421.h5
2025-09-19 07:00:54,779 - INFO - Completed /viper/ptmp/arego/Red_T_7K_1_EN_100/2259.h5 in 2.32 seconds
2025-09-19 07:00:54,828 - INFO - File 18641: Filtered 255051 hits and 5 records
2025-09-19 07:00:54,922 - INFO - Completed /viper/ptmp/arego/Red_T_7K_1_EN_100/22120.h5 in 2.58 seconds
2025-09-19 07:00:55,018 - INFO - Processing /viper/ptmp/arego/Red_T_7K_1/10506.h5
2025-09-19 07:00:55,063 - INFO - Processing /viper/ptmp/arego/Red_T_7K_1/16172.h5
2025-09-19 07:00:55,079 - INFO - File 20421: Filtered 671063 hits and 7 records
2025-09-19 07:00:55,287 - INFO - Completed /viper/ptmp/arego/Red_T_7K_1_EN_100/3033.h5 in 2.63 seconds
2025-09-19 07:00:55,345 - INFO - File 16172: Filtered 309869 hits and 5 records
2025-09-19 07:00:55,354 - INFO - Processing /viper/ptmp/arego/Red_T_7K_1/7209.h5
2025-09-19 07:00:55,363 - INFO - Completed /viper/ptmp/arego/Red_T_7K_1_EN_100/9503.h5 in 1.16 seconds
2025-09-19 07:00:55,391 - INFO - File 10506: Filtered 486453 hits and 5 records
2025-09-19 07:00:55,528 - INFO - Processing /viper/ptmp/arego/Red_T_7K_1/19346.h5
2025-09-19 07:00:55,574 - INFO - Completed /viper/ptmp/arego/Red_T_7K_1_EN_100/2797.h5 in 2.40 seconds
2025-09-19 07:00:55,630 - INFO - File 7209: Filtered 285266 hits and 4 records
2025-09-19 07:00:55,726 - INFO - Processing /viper/ptmp/arego/Red_T_7K_1/12618.h5
2025-09-19 07:00:55,753 - INFO - Completed /viper/ptmp/arego/Red_T_7K_1_EN_100/18610.h5 in 2.65 seconds
2025-09-19 07:00:55,822 - INFO - Processing /viper/ptmp/arego/Red_T_7K_1/14877.h5
2025-09-19 07:00:55,836 - INFO - File 19346: Filtered 514526 hits and 5 records
2025-09-19 07:00:56,022 - INFO - File 12618: Filtered 438151 hits and 3 records
2025-09-19 07:00:56,047 - INFO - Completed /viper/ptmp/arego/Red_T_7K_1_EN_100/1024.h5 in 1.87 seconds
2025-09-19 07:00:56,089 - INFO - Completed /viper/ptmp/arego/Red_T_7K_1_EN_100/7072.h5 in 2.27 seconds
2025-09-19 07:00:56,091 - INFO - File 14877: Filtered 177710 hits and 3 records
2025-09-19 07:00:56,177 - INFO - Processing /viper/ptmp/arego/Red_T_7K_1/17221.h5
2025-09-19 07:00:56,186 - INFO - Processing /viper/ptmp/arego/Red_T_7K_1/16688.h5
2025-09-19 07:00:56,251 - INFO - Completed /viper/ptmp/arego/Red_T_7K_1_EN_100/3864.h5 in 2.81 seconds
2025-09-19 07:00:56,378 - INFO - Completed /viper/ptmp/arego/Red_T_7K_1_EN_100/15783.h5 in 2.57 seconds
2025-09-19 07:00:56,448 - INFO - Processing /viper/ptmp/arego/Red_T_7K_1/1857.h5
2025-09-19 07:00:56,450 - INFO - File 16688: Filtered 351269 hits and 7 records
2025-09-19 07:00:56,519 - INFO - File 17221: Filtered 346968 hits and 2 records
2025-09-19 07:00:56,626 - INFO - Completed /viper/ptmp/arego/Red_T_7K_1_EN_100/12614.h5 in 3.14 seconds
2025-09-19 07:00:56,680 - INFO - Processing /viper/ptmp/arego/Red_T_7K_1/18086.h5
2025-09-19 07:00:56,724 - INFO - Processing /viper/ptmp/arego/Red_T_7K_1/9733.h5
2025-09-19 07:00:56,729 - INFO - Completed /viper/ptmp/arego/Red_T_7K_1_EN_100/8239.h5 in 2.26 seconds
2025-09-19 07:00:56,781 - INFO - File 1857: Filtered 329326 hits and 3 records
2025-09-19 07:00:56,995 - INFO - Processing /viper/ptmp/arego/Red_T_7K_1/14588.h5
2025-09-19 07:00:57,021 - INFO - File 9733: Filtered 250957 hits and 3 records
2025-09-19 07:00:57,060 - INFO - File 18086: Filtered 321336 hits and 3 records
2025-09-19 07:00:57,061 - INFO - Completed /viper/ptmp/arego/Red_T_7K_1_EN_100/20421.h5 in 2.29 seconds
2025-09-19 07:00:57,090 - INFO - Completed /viper/ptmp/arego/Red_T_7K_1_EN_100/4830.h5 in 4.23 seconds
2025-09-19 07:00:57,222 - INFO - Completed /viper/ptmp/arego/Red_T_7K_1_EN_100/18641.h5 in 2.70 seconds
2025-09-19 07:00:57,293 - INFO - File 14588: Filtered 411257 hits and 6 records
2025-09-19 07:00:57,316 - INFO - Processing /viper/ptmp/arego/Red_T_7K_1/9365.h5
2025-09-19 07:00:57,338 - INFO - Processing /viper/ptmp/arego/Red_T_7K_1/20657.h5
2025-09-19 07:00:57,532 - INFO - Processing /viper/ptmp/arego/Red_T_7K_1/7731.h5
2025-09-19 07:00:57,551 - INFO - Completed /viper/ptmp/arego/Red_T_7K_1_EN_100/19346.h5 in 2.02 seconds
2025-09-19 07:00:57,553 - INFO - Completed /viper/ptmp/arego/Red_T_7K_1_EN_100/16172.h5 in 2.49 seconds
2025-09-19 07:00:57,602 - INFO - Processing /viper/ptmp/arego/Red_T_7K_1/9407.h5
2025-09-19 07:00:57,618 - INFO - File 20657: Filtered 556958 hits and 8 records
2025-09-19 07:00:57,619 - INFO - File 9365: Filtered 592610 hits and 5 records
2025-09-19 07:00:57,724 - INFO - Processing /viper/ptmp/arego/Red_T_7K_1/3380.h5
2025-09-19 07:00:57,748 - INFO - Completed /viper/ptmp/arego/Red_T_7K_1_EN_100/3536.h5 in 4.78 seconds
2025-09-19 07:00:57,851 - INFO - Processing /viper/ptmp/arego/Red_T_7K_1/5563.h5
2025-09-19 07:00:57,878 - INFO - Completed /viper/ptmp/arego/Red_T_7K_1_EN_100/10506.h5 in 2.86 seconds
2025-09-19 07:00:57,891 - INFO - File 7731: Filtered 0 hits and 0 records
2025-09-19 07:00:57,918 - INFO - File 9407: Filtered 116027 hits and 3 records
2025-09-19 07:00:58,061 - INFO - File 3380: Filtered 412604 hits and 6 records
2025-09-19 07:00:58,187 - INFO - Processing /viper/ptmp/arego/Red_T_7K_1/11795.h5
2025-09-19 07:00:58,193 - INFO - File 5563: Filtered 284451 hits and 3 records
2025-09-19 07:00:58,309 - INFO - Completed /viper/ptmp/arego/Red_T_7K_1_EN_100/16688.h5 in 2.12 seconds
2025-09-19 07:00:58,338 - INFO - Completed /viper/ptmp/arego/Red_T_7K_1_EN_100/12618.h5 in 2.61 seconds
2025-09-19 07:00:58,397 - INFO - Completed /viper/ptmp/arego/Red_T_7K_1_EN_100/7209.h5 in 3.04 seconds
2025-09-19 07:00:58,479 - INFO - File 11795: Filtered 635908 hits and 9 records
2025-09-19 07:00:58,480 - INFO - Processing /viper/ptmp/arego/Red_T_7K_1/8915.h5
2025-09-19 07:00:58,606 - INFO - Completed /viper/ptmp/arego/Red_T_7K_1_EN_100/9365.h5 in 1.29 seconds
2025-09-19 07:00:58,650 - INFO - Completed /viper/ptmp/arego/Red_T_7K_1_EN_100/17221.h5 in 2.47 seconds
2025-09-19 07:00:58,687 - INFO - Completed /viper/ptmp/arego/Red_T_7K_1_EN_100/14877.h5 in 2.87 seconds
2025-09-19 07:00:58,721 - INFO - Processing /viper/ptmp/arego/Red_T_7K_1/11723.h5
2025-09-19 07:00:58,736 - INFO - Processing /viper/ptmp/arego/Red_T_7K_1/8587.h5
2025-09-19 07:00:58,871 - INFO - File 8915: Filtered 332672 hits and 5 records
2025-09-19 07:00:58,925 - INFO - Completed /viper/ptmp/arego/Red_T_7K_1_EN_100/1857.h5 in 2.48 seconds
2025-09-19 07:00:58,975 - INFO - Processing /viper/ptmp/arego/Red_T_7K_1/2011.h5
2025-09-19 07:00:58,999 - INFO - Processing /viper/ptmp/arego/Red_T_7K_1/17079.h5
2025-09-19 07:00:59,038 - INFO - File 11723: Filtered 403641 hits and 2 records
2025-09-19 07:00:59,116 - INFO - File 8587: Filtered 358814 hits and 3 records
2025-09-19 07:00:59,131 - INFO - Processing /viper/ptmp/arego/Red_T_7K_1/20937.h5
2025-09-19 07:00:59,171 - INFO - Completed /viper/ptmp/arego/Red_T_7K_1_EN_100/20657.h5 in 1.83 seconds
2025-09-19 07:00:59,176 - INFO - Completed /viper/ptmp/arego/Red_T_7K_1_EN_100/18086.h5 in 2.50 seconds
2025-09-19 07:00:59,218 - INFO - Completed /viper/ptmp/arego/Red_T_7K_1_EN_100/9733.h5 in 2.49 seconds
2025-09-19 07:00:59,295 - INFO - File 2011: Filtered 200784 hits and 4 records
2025-09-19 07:00:59,306 - INFO - Processing /viper/ptmp/arego/Red_T_7K_1/2704.h5
2025-09-19 07:00:59,324 - INFO - File 17079: Filtered 494499 hits and 5 records
2025-09-19 07:00:59,335 - INFO - Processing /viper/ptmp/arego/Red_T_7K_1/11887.h5
2025-09-19 07:00:59,454 - INFO - File 20937: Filtered 485991 hits and 4 records
2025-09-19 07:00:59,607 - INFO - Processing /viper/ptmp/arego/Red_T_7K_1/5107.h5
2025-09-19 07:00:59,659 - INFO - File 2704: Filtered 258004 hits and 3 records
2025-09-19 07:00:59,682 - INFO - File 11887: Filtered 411943 hits and 4 records
2025-09-19 07:00:59,683 - INFO - Processing /viper/ptmp/arego/Red_T_7K_1/13430.h5
2025-09-19 07:00:59,758 - INFO - Completed /viper/ptmp/arego/Red_T_7K_1_EN_100/14588.h5 in 2.76 seconds
2025-09-19 07:00:59,805 - INFO - Processing /viper/ptmp/arego/Red_T_7K_1/2640.h5
2025-09-19 07:00:59,961 - INFO - File 5107: Filtered 642803 hits and 5 records
2025-09-19 07:01:00,047 - INFO - File 13430: Filtered 151261 hits and 3 records
2025-09-19 07:01:00,077 - INFO - File 2640: Filtered 253307 hits and 6 records
2025-09-19 07:01:00,460 - INFO - Completed /viper/ptmp/arego/Red_T_7K_1_EN_100/5563.h5 in 2.61 seconds
2025-09-19 07:01:00,530 - INFO - Processing /viper/ptmp/arego/Red_T_7K_1/9339.h5
2025-09-19 07:01:00,542 - INFO - Completed /viper/ptmp/arego/Red_T_7K_1_EN_100/3380.h5 in 2.82 seconds
2025-09-19 07:01:00,607 - INFO - Processing /viper/ptmp/arego/Red_T_7K_1/16040.h5
2025-09-19 07:01:00,614 - INFO - Completed /viper/ptmp/arego/Red_T_7K_1_EN_100/11795.h5 in 2.43 seconds
2025-09-19 07:01:00,701 - INFO - Processing /viper/ptmp/arego/Red_T_7K_1/4633.h5
2025-09-19 07:01:00,832 - INFO - File 9339: Filtered 515882 hits and 7 records
2025-09-19 07:01:00,980 - INFO - Completed /viper/ptmp/arego/Red_T_7K_1_EN_100/9407.h5 in 3.38 seconds
2025-09-19 07:01:00,983 - INFO - File 16040: Filtered 164547 hits and 2 records
2025-09-19 07:01:01,014 - INFO - File 4633: Filtered 273420 hits and 4 records
2025-09-19 07:01:01,075 - INFO - Processing /viper/ptmp/arego/Red_T_7K_1/22804.h5
2025-09-19 07:01:01,434 - INFO - Completed /viper/ptmp/arego/Red_T_7K_1_EN_100/8587.h5 in 2.70 seconds
2025-09-19 07:01:01,445 - INFO - File 22804: Filtered 427488 hits and 6 records
2025-09-19 07:01:01,476 - INFO - Processing /viper/ptmp/arego/Red_T_7K_1/7811.h5
2025-09-19 07:01:01,518 - INFO - Completed /viper/ptmp/arego/Red_T_7K_1_EN_100/20937.h5 in 2.39 seconds
2025-09-19 07:01:01,546 - INFO - Completed /viper/ptmp/arego/Red_T_7K_1_EN_100/11723.h5 in 2.82 seconds
2025-09-19 07:01:01,609 - INFO - Processing /viper/ptmp/arego/Red_T_7K_1/11283.h5
2025-09-19 07:01:01,625 - INFO - Completed /viper/ptmp/arego/Red_T_7K_1_EN_100/5107.h5 in 2.02 seconds
2025-09-19 07:01:01,783 - INFO - File 7811: Filtered 400269 hits and 5 records
2025-09-19 07:01:01,846 - INFO - Processing /viper/ptmp/arego/Red_T_7K_1/139.h5
2025-09-19 07:01:01,883 - INFO - Completed /viper/ptmp/arego/Red_T_7K_1_EN_100/17079.h5 in 2.88 seconds
2025-09-19 07:01:01,949 - INFO - Processing /viper/ptmp/arego/Red_T_7K_1/4371.h5
2025-09-19 07:01:01,963 - INFO - File 11283: Filtered 326996 hits and 4 records
2025-09-19 07:01:02,016 - INFO - Processing /viper/ptmp/arego/Red_T_7K_1/304.h5
2025-09-19 07:01:02,218 - INFO - Completed /viper/ptmp/arego/Red_T_7K_1_EN_100/2704.h5 in 2.91 seconds
2025-09-19 07:01:02,227 - INFO - Completed /viper/ptmp/arego/Red_T_7K_1_EN_100/7731.h5 in 4.69 seconds
2025-09-19 07:01:02,241 - INFO - File 139: Filtered 514328 hits and 6 records
2025-09-19 07:01:02,263 - INFO - Completed /viper/ptmp/arego/Red_T_7K_1_EN_100/8915.h5 in 3.78 seconds
2025-09-19 07:01:02,306 - INFO - File 4371: Filtered 524772 hits and 6 records
2025-09-19 07:01:02,315 - INFO - Processing /viper/ptmp/arego/Red_T_7K_1/9270.h5
2025-09-19 07:01:02,369 - INFO - File 304: Filtered 393118 hits and 1 records
2025-09-19 07:01:02,417 - INFO - Processing /viper/ptmp/arego/Red_T_7K_1/18676.h5
2025-09-19 07:01:02,570 - INFO - Processing /viper/ptmp/arego/Red_T_7K_1/4683.h5
2025-09-19 07:01:02,666 - INFO - File 9270: Filtered 210232 hits and 2 records
2025-09-19 07:01:02,795 - INFO - File 18676: Filtered 302580 hits and 2 records
2025-09-19 07:01:02,849 - INFO - File 4683: Filtered 506698 hits and 10 records
2025-09-19 07:01:03,143 - INFO - Completed /viper/ptmp/arego/Red_T_7K_1_EN_100/2011.h5 in 4.17 seconds
2025-09-19 07:01:03,189 - INFO - Processing /viper/ptmp/arego/Red_T_7K_1/15593.h5
2025-09-19 07:01:03,437 - INFO - Completed /viper/ptmp/arego/Red_T_7K_1_EN_100/11887.h5 in 4.10 seconds
2025-09-19 07:01:03,493 - INFO - Completed /viper/ptmp/arego/Red_T_7K_1_EN_100/11283.h5 in 1.88 seconds
2025-09-19 07:01:03,497 - INFO - File 15593: Filtered 218196 hits and 2 records
2025-09-19 07:01:03,548 - INFO - Processing /viper/ptmp/arego/Red_T_7K_1/14715.h5
2025-09-19 07:01:03,800 - INFO - Processing /viper/ptmp/arego/Red_T_7K_1/7836.h5
2025-09-19 07:01:03,893 - INFO - File 14715: Filtered 333198 hits and 4 records
2025-09-19 07:01:04,095 - INFO - Completed /viper/ptmp/arego/Red_T_7K_1_EN_100/2640.h5 in 4.29 seconds
2025-09-19 07:01:04,131 - INFO - Completed /viper/ptmp/arego/Red_T_7K_1_EN_100/9339.h5 in 3.60 seconds
2025-09-19 07:01:04,157 - INFO - File 7836: Filtered 652734 hits and 5 records
2025-09-19 07:01:04,178 - INFO - Processing /viper/ptmp/arego/Red_T_7K_1/18821.h5
2025-09-19 07:01:04,205 - INFO - Processing /viper/ptmp/arego/Red_T_7K_1/18308.h5
2025-09-19 07:01:04,278 - INFO - Completed /viper/ptmp/arego/Red_T_7K_1_EN_100/13430.h5 in 4.59 seconds
2025-09-19 07:01:04,311 - INFO - Completed /viper/ptmp/arego/Red_T_7K_1_EN_100/7811.h5 in 2.83 seconds
2025-09-19 07:01:04,344 - INFO - Completed /viper/ptmp/arego/Red_T_7K_1_EN_100/4683.h5 in 1.77 seconds
2025-09-19 07:01:04,348 - INFO - Processing /viper/ptmp/arego/Red_T_7K_1/3237.h5
2025-09-19 07:01:04,438 - INFO - File 18821: Filtered 276330 hits and 3 records
2025-09-19 07:01:04,526 - INFO - File 18308: Filtered 671744 hits and 8 records
2025-09-19 07:01:04,586 - INFO - Processing /viper/ptmp/arego/Red_T_7K_1/3713.h5
2025-09-19 07:01:04,688 - INFO - Completed /viper/ptmp/arego/Red_T_7K_1_EN_100/4371.h5 in 2.74 seconds
2025-09-19 07:01:04,716 - INFO - File 3237: Filtered 441610 hits and 4 records
2025-09-19 07:01:04,789 - INFO - Processing /viper/ptmp/arego/Red_T_7K_1/21069.h5
2025-09-19 07:01:04,838 - INFO - Completed /viper/ptmp/arego/Red_T_7K_1_EN_100/16040.h5 in 4.23 seconds
2025-09-19 07:01:04,860 - INFO - Completed /viper/ptmp/arego/Red_T_7K_1_EN_100/139.h5 in 3.01 seconds
2025-09-19 07:01:04,896 - INFO - File 3713: Filtered 340194 hits and 4 records
2025-09-19 07:01:04,929 - INFO - Processing /viper/ptmp/arego/Red_T_7K_1/907.h5
2025-09-19 07:01:04,984 - INFO - Processing /viper/ptmp/arego/Red_T_7K_1/2582.h5
2025-09-19 07:01:05,007 - INFO - Completed /viper/ptmp/arego/Red_T_7K_1_EN_100/304.h5 in 2.99 seconds
2025-09-19 07:01:05,078 - INFO - Completed /viper/ptmp/arego/Red_T_7K_1_EN_100/4633.h5 in 4.38 seconds
2025-09-19 07:01:05,128 - INFO - Processing /viper/ptmp/arego/Red_T_7K_1/6152.h5
2025-09-19 07:01:05,159 - INFO - Processing /viper/ptmp/arego/Red_T_7K_1/5967.h5
2025-09-19 07:01:05,171 - INFO - File 21069: Filtered 498979 hits and 5 records
2025-09-19 07:01:05,312 - INFO - File 907: Filtered 87542 hits and 2 records
2025-09-19 07:01:05,340 - INFO - File 2582: Filtered 174008 hits and 2 records
2025-09-19 07:01:05,395 - INFO - Processing /viper/ptmp/arego/Red_T_7K_1/17993.h5
2025-09-19 07:01:05,416 - INFO - Completed /viper/ptmp/arego/Red_T_7K_1_EN_100/22804.h5 in 4.34 seconds
2025-09-19 07:01:05,519 - INFO - File 5967: Filtered 614010 hits and 7 records
2025-09-19 07:01:05,521 - INFO - Processing /viper/ptmp/arego/Red_T_7K_1/12437.h5
2025-09-19 07:01:05,598 - INFO - File 6152: Filtered 187306 hits and 5 records
2025-09-19 07:01:05,721 - INFO - File 17993: Filtered 414638 hits and 5 records
2025-09-19 07:01:05,864 - INFO - File 12437: Filtered 340091 hits and 5 records
2025-09-19 07:01:05,955 - INFO - Completed /viper/ptmp/arego/Red_T_7K_1_EN_100/9270.h5 in 3.64 seconds
2025-09-19 07:01:06,031 - INFO - Processing /viper/ptmp/arego/Red_T_7K_1/1246.h5
2025-09-19 07:01:06,056 - INFO - Completed /viper/ptmp/arego/Red_T_7K_1_EN_100/7836.h5 in 2.26 seconds
2025-09-19 07:01:06,146 - INFO - Processing /viper/ptmp/arego/Red_T_7K_1/10481.h5
2025-09-19 07:01:06,359 - INFO - Completed /viper/ptmp/arego/Red_T_7K_1_EN_100/14715.h5 in 2.81 seconds
2025-09-19 07:01:06,377 - INFO - File 1246: Filtered 574857 hits and 4 records
2025-09-19 07:01:06,403 - INFO - Completed /viper/ptmp/arego/Red_T_7K_1_EN_100/18308.h5 in 2.20 seconds
2025-09-19 07:01:06,448 - INFO - Processing /viper/ptmp/arego/Red_T_7K_1/3609.h5
2025-09-19 07:01:06,479 - INFO - File 10481: Filtered 212243 hits and 3 records
2025-09-19 07:01:06,480 - INFO - Processing /viper/ptmp/arego/Red_T_7K_1/10585.h5
2025-09-19 07:01:06,679 - INFO - Completed /viper/ptmp/arego/Red_T_7K_1_EN_100/18821.h5 in 2.50 seconds
2025-09-19 07:01:06,758 - INFO - File 3609: Filtered 568114 hits and 5 records
2025-09-19 07:01:06,771 - INFO - Processing /viper/ptmp/arego/Red_T_7K_1/6255.h5
2025-09-19 07:01:06,883 - INFO - Completed /viper/ptmp/arego/Red_T_7K_1_EN_100/18676.h5 in 4.47 seconds
2025-09-19 07:01:06,889 - INFO - File 10585: Filtered 271604 hits and 2 records
2025-09-19 07:01:07,099 - INFO - Processing /viper/ptmp/arego/Red_T_7K_1/7017.h5
2025-09-19 07:01:07,130 - INFO - File 6255: Filtered 342746 hits and 4 records
2025-09-19 07:01:07,248 - INFO - Completed /viper/ptmp/arego/Red_T_7K_1_EN_100/3713.h5 in 2.66 seconds
2025-09-19 07:01:07,323 - INFO - Processing /viper/ptmp/arego/Red_T_7K_1/13783.h5
2025-09-19 07:01:07,413 - INFO - File 7017: Filtered 673831 hits and 5 records
2025-09-19 07:01:07,550 - INFO - Completed /viper/ptmp/arego/Red_T_7K_1_EN_100/21069.h5 in 2.76 seconds
2025-09-19 07:01:07,622 - INFO - Completed /viper/ptmp/arego/Red_T_7K_1_EN_100/15593.h5 in 4.43 seconds
2025-09-19 07:01:07,624 - INFO - Processing /viper/ptmp/arego/Red_T_7K_1/17446.h5
2025-09-19 07:01:07,636 - INFO - File 13783: Filtered 391127 hits and 3 records
2025-09-19 07:01:07,709 - INFO - Processing /viper/ptmp/arego/Red_T_7K_1/22429.h5
2025-09-19 07:01:07,735 - INFO - Completed /viper/ptmp/arego/Red_T_7K_1_EN_100/1246.h5 in 1.70 seconds
2025-09-19 07:01:07,913 - INFO - Processing /viper/ptmp/arego/Red_T_7K_1/3983.h5
2025-09-19 07:01:07,921 - INFO - Completed /viper/ptmp/arego/Red_T_7K_1_EN_100/5967.h5 in 2.76 seconds
2025-09-19 07:01:07,941 - INFO - File 17446: Filtered 480401 hits and 5 records
2025-09-19 07:01:07,942 - INFO - Completed /viper/ptmp/arego/Red_T_7K_1_EN_100/12437.h5 in 2.42 seconds
2025-09-19 07:01:07,971 - INFO - Completed /viper/ptmp/arego/Red_T_7K_1_EN_100/3237.h5 in 3.62 seconds
2025-09-19 07:01:08,082 - INFO - File 22429: Filtered 638213 hits and 3 records
2025-09-19 07:01:08,101 - INFO - Completed /viper/ptmp/arego/Red_T_7K_1_EN_100/907.h5 in 3.17 seconds
2025-09-19 07:01:08,134 - INFO - Processing /viper/ptmp/arego/Red_T_7K_1/17287.h5
2025-09-19 07:01:08,208 - INFO - Processing /viper/ptmp/arego/Red_T_7K_1/7127.h5
2025-09-19 07:01:08,258 - INFO - File 3983: Filtered 675868 hits and 3 records
2025-09-19 07:01:08,329 - INFO - Completed /viper/ptmp/arego/Red_T_7K_1_EN_100/17993.h5 in 2.93 seconds
2025-09-19 07:01:08,336 - INFO - Processing /viper/ptmp/arego/Red_T_7K_1/10577.h5
2025-09-19 07:01:08,418 - INFO - File 17287: Filtered 406193 hits and 7 records
2025-09-19 07:01:08,488 - INFO - Processing /viper/ptmp/arego/Red_T_7K_1/9506.h5
2025-09-19 07:01:08,559 - INFO - Processing /viper/ptmp/arego/Red_T_7K_1/10802.h5
2025-09-19 07:01:08,617 - INFO - File 7127: Filtered 600988 hits and 5 records
2025-09-19 07:01:08,736 - INFO - File 10577: Filtered 611533 hits and 5 records
2025-09-19 07:01:08,863 - INFO - File 9506: Filtered 348179 hits and 3 records
2025-09-19 07:01:08,933 - INFO - File 10802: Filtered 439247 hits and 5 records
2025-09-19 07:01:08,999 - INFO - Completed /viper/ptmp/arego/Red_T_7K_1_EN_100/3609.h5 in 2.55 seconds
2025-09-19 07:01:09,067 - INFO - Processing /viper/ptmp/arego/Red_T_7K_1/17876.h5
2025-09-19 07:01:09,307 - INFO - Completed /viper/ptmp/arego/Red_T_7K_1_EN_100/2582.h5 in 4.32 seconds
2025-09-19 07:01:09,371 - INFO - Processing /viper/ptmp/arego/Red_T_7K_1/7496.h5
2025-09-19 07:01:09,473 - INFO - File 17876: Filtered 280310 hits and 4 records
2025-09-19 07:01:09,531 - INFO - Completed /viper/ptmp/arego/Red_T_7K_1_EN_100/7017.h5 in 2.43 seconds
2025-09-19 07:01:09,634 - INFO - Processing /viper/ptmp/arego/Red_T_7K_1/10659.h5
2025-09-19 07:01:09,730 - INFO - File 7496: Filtered 298571 hits and 4 records
2025-09-19 07:01:09,814 - INFO - Completed /viper/ptmp/arego/Red_T_7K_1_EN_100/17287.h5 in 1.68 seconds
2025-09-19 07:01:09,904 - INFO - Processing /viper/ptmp/arego/Red_T_7K_1/4259.h5
2025-09-19 07:01:09,954 - INFO - File 10659: Filtered 228737 hits and 4 records
2025-09-19 07:01:10,038 - INFO - Completed /viper/ptmp/arego/Red_T_7K_1_EN_100/13783.h5 in 2.72 seconds
2025-09-19 07:01:10,076 - INFO - Completed /viper/ptmp/arego/Red_T_7K_1_EN_100/10481.h5 in 3.93 seconds
2025-09-19 07:01:10,111 - INFO - Completed /viper/ptmp/arego/Red_T_7K_1_EN_100/6255.h5 in 3.34 seconds
2025-09-19 07:01:10,120 - INFO - Completed /viper/ptmp/arego/Red_T_7K_1_EN_100/7127.h5 in 1.91 seconds
2025-09-19 07:01:10,157 - INFO - Processing /viper/ptmp/arego/Red_T_7K_1/2335.h5
2025-09-19 07:01:10,215 - INFO - Processing /viper/ptmp/arego/Red_T_7K_1/13249.h5
2025-09-19 07:01:10,321 - INFO - File 4259: Filtered 551963 hits and 5 records
2025-09-19 07:01:10,415 - INFO - Completed /viper/ptmp/arego/Red_T_7K_1_EN_100/22429.h5 in 2.71 seconds
2025-09-19 07:01:10,444 - INFO - Completed /viper/ptmp/arego/Red_T_7K_1_EN_100/3983.h5 in 2.53 seconds
2025-09-19 07:01:10,447 - INFO - Processing /viper/ptmp/arego/Red_T_7K_1/2719.h5
2025-09-19 07:01:10,486 - INFO - File 2335: Filtered 492098 hits and 4 records
2025-09-19 07:01:10,558 - INFO - Processing /viper/ptmp/arego/Red_T_7K_1/1159.h5
2025-09-19 07:01:10,575 - INFO - File 13249: Filtered 621760 hits and 8 records
2025-09-19 07:01:10,713 - INFO - Processing /viper/ptmp/arego/Red_T_7K_1/13846.h5
2025-09-19 07:01:10,819 - INFO - File 2719: Filtered 246871 hits and 3 records
2025-09-19 07:01:10,883 - INFO - File 1159: Filtered 444408 hits and 5 records
2025-09-19 07:01:10,916 - INFO - Processing /viper/ptmp/arego/Red_T_7K_1/10979.h5
2025-09-19 07:01:11,006 - INFO - Completed /viper/ptmp/arego/Red_T_7K_1_EN_100/10585.h5 in 4.53 seconds
2025-09-19 07:01:11,092 - INFO - File 13846: Filtered 72100 hits and 2 records
2025-09-19 07:01:11,214 - INFO - Processing /viper/ptmp/arego/Red_T_7K_1/19404.h5
2025-09-19 07:01:11,233 - INFO - Completed /viper/ptmp/arego/Red_T_7K_1_EN_100/9506.h5 in 2.74 seconds
2025-09-19 07:01:11,433 - INFO - Processing /viper/ptmp/arego/Red_T_7K_1/20566.h5
2025-09-19 07:01:11,550 - INFO - File 19404: Filtered 355170 hits and 3 records
2025-09-19 07:01:11,643 - INFO - Completed /viper/ptmp/arego/Red_T_7K_1_EN_100/10802.h5 in 3.08 seconds
2025-09-19 07:01:11,709 - INFO - Processing /viper/ptmp/arego/Red_T_7K_1/23209.h5
2025-09-19 07:01:11,780 - INFO - File 20566: Filtered 352051 hits and 5 records
2025-09-19 07:01:11,995 - INFO - Completed /viper/ptmp/arego/Red_T_7K_1_EN_100/10577.h5 in 3.66 seconds
2025-09-19 07:01:12,020 - INFO - Completed /viper/ptmp/arego/Red_T_7K_1_EN_100/17446.h5 in 4.40 seconds
2025-09-19 07:01:12,051 - INFO - File 23209: Filtered 217647 hits and 3 records
2025-09-19 07:01:12,069 - INFO - Processing /viper/ptmp/arego/Red_T_7K_1/3840.h5
2025-09-19 07:01:12,236 - INFO - Processing /viper/ptmp/arego/Red_T_7K_1/18150.h5
2025-09-19 07:01:12,417 - INFO - File 3840: Filtered 901249 hits and 5 records
2025-09-19 07:01:12,457 - INFO - Completed /viper/ptmp/arego/Red_T_7K_1_EN_100/13249.h5 in 2.24 seconds
2025-09-19 07:01:12,465 - INFO - Completed /viper/ptmp/arego/Red_T_7K_1_EN_100/17876.h5 in 3.40 seconds
2025-09-19 07:01:12,531 - INFO - Completed /viper/ptmp/arego/Red_T_7K_1_EN_100/10659.h5 in 2.90 seconds
2025-09-19 07:01:12,540 - INFO - Processing /viper/ptmp/arego/Red_T_7K_1/17539.h5
2025-09-19 07:01:12,547 - INFO - File 18150: Filtered 482762 hits and 5 records
2025-09-19 07:01:12,601 - INFO - Processing /viper/ptmp/arego/Red_T_7K_1/7188.h5
2025-09-19 07:01:12,626 - INFO - Completed /viper/ptmp/arego/Red_T_7K_1_EN_100/2335.h5 in 2.47 seconds
2025-09-19 07:01:12,751 - INFO - Processing /viper/ptmp/arego/Red_T_7K_1/2300.h5
2025-09-19 07:01:12,850 - INFO - Processing /viper/ptmp/arego/Red_T_7K_1/7001.h5
2025-09-19 07:01:12,883 - INFO - File 17539: Filtered 644306 hits and 6 records
2025-09-19 07:01:12,941 - INFO - File 7188: Filtered 432167 hits and 3 records
2025-09-19 07:01:13,111 - INFO - File 2300: Filtered 207170 hits and 4 records
2025-09-19 07:01:13,192 - INFO - File 7001: Filtered 232562 hits and 5 records
2025-09-19 07:01:13,757 - INFO - Completed /viper/ptmp/arego/Red_T_7K_1_EN_100/6152.h5 in 8.63 seconds
2025-09-19 07:01:13,825 - INFO - Processing /viper/ptmp/arego/Red_T_7K_1/6340.h5
2025-09-19 07:01:14,055 - INFO - Completed /viper/ptmp/arego/Red_T_7K_1_EN_100/4259.h5 in 4.15 seconds
2025-09-19 07:01:14,120 - INFO - Processing /viper/ptmp/arego/Red_T_7K_1/6743.h5
2025-09-19 07:01:14,167 - INFO - File 10979: Filtered 684350 hits and 6 records
2025-09-19 07:01:14,206 - INFO - Completed /viper/ptmp/arego/Red_T_7K_1_EN_100/3840.h5 in 2.14 seconds
2025-09-19 07:01:14,296 - INFO - File 6340: Filtered 154331 hits and 2 records
2025-09-19 07:01:14,390 - INFO - Completed /viper/ptmp/arego/Red_T_7K_1_EN_100/1159.h5 in 3.83 seconds
2025-09-19 07:01:14,393 - INFO - Completed /viper/ptmp/arego/Red_T_7K_1_EN_100/7496.h5 in 5.02 seconds
2025-09-19 07:01:14,454 - INFO - Processing /viper/ptmp/arego/Red_T_7K_1/650.h5
2025-09-19 07:01:14,457 - INFO - File 6743: Filtered 390445 hits and 4 records
2025-09-19 07:01:14,458 - INFO - Completed /viper/ptmp/arego/Red_T_7K_1_EN_100/23209.h5 in 2.75 seconds
2025-09-19 07:01:14,681 - INFO - Processing /viper/ptmp/arego/Red_T_7K_1/8067.h5
2025-09-19 07:01:14,702 - INFO - Completed /viper/ptmp/arego/Red_T_7K_1_EN_100/2719.h5 in 4.26 seconds
2025-09-19 07:01:14,764 - INFO - Processing /viper/ptmp/arego/Red_T_7K_1/12431.h5
2025-09-19 07:01:14,837 - INFO - Completed /viper/ptmp/arego/Red_T_7K_1_EN_100/13846.h5 in 4.12 seconds
2025-09-19 07:01:14,856 - INFO - Processing /viper/ptmp/arego/Red_T_7K_1/15365.h5
2025-09-19 07:01:14,856 - INFO - File 650: Filtered 0 hits and 0 records
2025-09-19 07:01:15,078 - INFO - File 12431: Filtered 422136 hits and 6 records
2025-09-19 07:01:15,099 - INFO - Processing /viper/ptmp/arego/Red_T_7K_1/21663.h5
2025-09-19 07:01:15,102 - INFO - File 8067: Filtered 195179 hits and 3 records
2025-09-19 07:01:15,168 - INFO - Completed /viper/ptmp/arego/Red_T_7K_1_EN_100/19404.h5 in 3.95 seconds
2025-09-19 07:01:15,226 - INFO - Processing /viper/ptmp/arego/Red_T_7K_1/4082.h5
2025-09-19 07:01:15,256 - INFO - Completed /viper/ptmp/arego/Red_T_7K_1_EN_100/20566.h5 in 3.82 seconds
2025-09-19 07:01:15,266 - INFO - File 15365: Filtered 76453 hits and 1 records
2025-09-19 07:01:15,375 - INFO - Processing /viper/ptmp/arego/Red_T_7K_1/4128.h5
2025-09-19 07:01:15,462 - INFO - File 21663: Filtered 128364 hits and 3 records
2025-09-19 07:01:15,491 - INFO - Completed /viper/ptmp/arego/Red_T_7K_1_EN_100/17539.h5 in 2.95 seconds
2025-09-19 07:01:15,569 - INFO - Processing /viper/ptmp/arego/Red_T_7K_1/1884.h5
2025-09-19 07:01:15,582 - INFO - Processing /viper/ptmp/arego/Red_T_7K_1/16418.h5
2025-09-19 07:01:15,661 - INFO - File 4082: Filtered 410824 hits and 2 records
2025-09-19 07:01:15,736 - INFO - Completed /viper/ptmp/arego/Red_T_7K_1_EN_100/18150.h5 in 3.50 seconds
2025-09-19 07:01:15,762 - INFO - File 4128: Filtered 388163 hits and 4 records
2025-09-19 07:01:15,912 - INFO - Processing /viper/ptmp/arego/Red_T_7K_1/3335.h5
2025-09-19 07:01:15,959 - INFO - File 1884: Filtered 209470 hits and 1 records
2025-09-19 07:01:15,960 - INFO - File 16418: Filtered 373921 hits and 4 records
2025-09-19 07:01:16,357 - INFO - File 3335: Filtered 764825 hits and 6 records
2025-09-19 07:01:16,552 - INFO - Completed /viper/ptmp/arego/Red_T_7K_1_EN_100/2300.h5 in 3.80 seconds
2025-09-19 07:01:16,612 - INFO - Processing /viper/ptmp/arego/Red_T_7K_1/1052.h5
2025-09-19 07:01:16,797 - INFO - Completed /viper/ptmp/arego/Red_T_7K_1_EN_100/10979.h5 in 5.88 seconds
2025-09-19 07:01:16,867 - INFO - Processing /viper/ptmp/arego/Red_T_7K_1/19654.h5
2025-09-19 07:01:16,952 - INFO - File 1052: Filtered 660802 hits and 4 records
2025-09-19 07:01:17,256 - INFO - File 19654: Filtered 788165 hits and 4 records
2025-09-19 07:01:17,327 - INFO - Completed /viper/ptmp/arego/Red_T_7K_1_EN_100/7001.h5 in 4.48 seconds
2025-09-19 07:01:17,400 - INFO - Completed /viper/ptmp/arego/Red_T_7K_1_EN_100/12431.h5 in 2.64 seconds
2025-09-19 07:01:17,425 - INFO - Processing /viper/ptmp/arego/Red_T_7K_1/15818.h5
2025-09-19 07:01:17,571 - INFO - Completed /viper/ptmp/arego/Red_T_7K_1_EN_100/7188.h5 in 4.97 seconds
2025-09-19 07:01:17,729 - INFO - Processing /viper/ptmp/arego/Red_T_7K_1/4756.h5
2025-09-19 07:01:17,852 - INFO - File 15818: Filtered 281236 hits and 2 records
2025-09-19 07:01:18,042 - INFO - Processing /viper/ptmp/arego/Red_T_7K_1/3035.h5
2025-09-19 07:01:18,119 - INFO - Completed /viper/ptmp/arego/Red_T_7K_1_EN_100/6340.h5 in 4.29 seconds
2025-09-19 07:01:18,213 - INFO - File 4756: Filtered 493101 hits and 2 records
2025-09-19 07:01:18,376 - INFO - Processing /viper/ptmp/arego/Red_T_7K_1/15448.h5
2025-09-19 07:01:18,378 - INFO - Completed /viper/ptmp/arego/Red_T_7K_1_EN_100/6743.h5 in 4.26 seconds
2025-09-19 07:01:18,483 - INFO - Processing /viper/ptmp/arego/Red_T_7K_1/11475.h5
2025-09-19 07:01:18,482 - INFO - File 3035: Filtered 433996 hits and 4 records
2025-09-19 07:01:18,569 - INFO - Completed /viper/ptmp/arego/Red_T_7K_1_EN_100/16418.h5 in 2.99 seconds
2025-09-19 07:01:18,603 - INFO - Completed /viper/ptmp/arego/Red_T_7K_1_EN_100/4128.h5 in 3.23 seconds
2025-09-19 07:01:18,721 - INFO - Processing /viper/ptmp/arego/Red_T_7K_1/2089.h5
2025-09-19 07:01:18,759 - INFO - File 15448: Filtered 615652 hits and 6 records
2025-09-19 07:01:18,776 - INFO - File 11475: Filtered 306092 hits and 2 records
2025-09-19 07:01:18,920 - INFO - Completed /viper/ptmp/arego/Red_T_7K_1_EN_100/4082.h5 in 3.69 seconds
2025-09-19 07:01:18,983 - INFO - Processing /viper/ptmp/arego/Red_T_7K_1/25.h5
2025-09-19 07:01:19,047 - INFO - Processing /viper/ptmp/arego/Red_T_7K_1/13971.h5
2025-09-19 07:01:19,089 - INFO - File 2089: Filtered 119927 hits and 3 records
2025-09-19 07:01:19,103 - INFO - Completed /viper/ptmp/arego/Red_T_7K_1_EN_100/8067.h5 in 4.42 seconds
2025-09-19 07:01:19,177 - INFO - Completed /viper/ptmp/arego/Red_T_7K_1_EN_100/15365.h5 in 4.32 seconds
2025-09-19 07:01:19,299 - INFO - Processing /viper/ptmp/arego/Red_T_7K_1/22305.h5
2025-09-19 07:01:19,323 - INFO - File 25: Filtered 149488 hits and 2 records
2025-09-19 07:01:19,354 - INFO - Completed /viper/ptmp/arego/Red_T_7K_1_EN_100/1884.h5 in 3.79 seconds
2025-09-19 07:01:19,466 - INFO - File 13971: Filtered 525334 hits and 4 records
2025-09-19 07:01:19,469 - INFO - Processing /viper/ptmp/arego/Red_T_7K_1/10343.h5
2025-09-19 07:01:19,510 - INFO - Completed /viper/ptmp/arego/Red_T_7K_1_EN_100/650.h5 in 5.06 seconds
2025-09-19 07:01:19,541 - INFO - Completed /viper/ptmp/arego/Red_T_7K_1_EN_100/21663.h5 in 4.44 seconds
2025-09-19 07:01:19,547 - INFO - Completed /viper/ptmp/arego/Red_T_7K_1_EN_100/19654.h5 in 2.68 seconds
2025-09-19 07:01:19,571 - INFO - Completed /viper/ptmp/arego/Red_T_7K_1_EN_100/3335.h5 in 3.66 seconds
2025-09-19 07:01:19,619 - INFO - Processing /viper/ptmp/arego/Red_T_7K_1/22688.h5
2025-09-19 07:01:19,684 - INFO - Processing /viper/ptmp/arego/Red_T_7K_1/21807.h5
2025-09-19 07:01:19,686 - INFO - File 22305: Filtered 733450 hits and 7 records
2025-09-19 07:01:19,829 - INFO - Processing /viper/ptmp/arego/Red_T_7K_1/10730.h5
2025-09-19 07:01:19,888 - INFO - File 10343: Filtered 745304 hits and 5 records
2025-09-19 07:01:19,905 - INFO - Processing /viper/ptmp/arego/Red_T_7K_1/16061.h5
2025-09-19 07:01:20,011 - INFO - Completed /viper/ptmp/arego/Red_T_7K_1_EN_100/1052.h5 in 3.40 seconds
2025-09-19 07:01:20,022 - INFO - File 22688: Filtered 205022 hits and 2 records
2025-09-19 07:01:20,101 - INFO - File 21807: Filtered 1007732 hits and 3 records
2025-09-19 07:01:20,124 - INFO - Processing /viper/ptmp/arego/Red_T_7K_1/324.h5
2025-09-19 07:01:20,234 - INFO - File 10730: Filtered 209648 hits and 3 records
2025-09-19 07:01:20,323 - INFO - File 16061: Filtered 433380 hits and 5 records
2025-09-19 07:01:20,391 - INFO - Processing /viper/ptmp/arego/Red_T_7K_1/6471.h5
2025-09-19 07:01:20,678 - INFO - File 324: Filtered 214703 hits and 2 records
2025-09-19 07:01:20,841 - INFO - File 6471: Filtered 815579 hits and 4 records
2025-09-19 07:01:20,969 - INFO - Completed /viper/ptmp/arego/Red_T_7K_1_EN_100/11475.h5 in 2.49 seconds
2025-09-19 07:01:21,059 - INFO - Processing /viper/ptmp/arego/Red_T_7K_1/15096.h5
2025-09-19 07:01:21,485 - INFO - File 15096: Filtered 332878 hits and 3 records
2025-09-19 07:01:21,538 - INFO - Completed /viper/ptmp/arego/Red_T_7K_1_EN_100/21807.h5 in 1.85 seconds
2025-09-19 07:01:21,609 - INFO - Processing /viper/ptmp/arego/Red_T_7K_1/15110.h5
2025-09-19 07:01:21,824 - INFO - Completed /viper/ptmp/arego/Red_T_7K_1_EN_100/4756.h5 in 4.09 seconds
2025-09-19 07:01:21,923 - INFO - Processing /viper/ptmp/arego/Red_T_7K_1/2115.h5
2025-09-19 07:01:21,944 - INFO - File 15110: Filtered 1056701 hits and 8 records
2025-09-19 07:01:22,263 - INFO - File 2115: Filtered 245506 hits and 2 records
2025-09-19 07:01:22,281 - INFO - Completed /viper/ptmp/arego/Red_T_7K_1_EN_100/15818.h5 in 4.86 seconds
2025-09-19 07:01:22,381 - INFO - Processing /viper/ptmp/arego/Red_T_7K_1/20619.h5
2025-09-19 07:01:22,641 - INFO - Completed /viper/ptmp/arego/Red_T_7K_1_EN_100/3035.h5 in 4.60 seconds
2025-09-19 07:01:22,662 - INFO - Completed /viper/ptmp/arego/Red_T_7K_1_EN_100/25.h5 in 3.68 seconds
2025-09-19 07:01:22,736 - INFO - Processing /viper/ptmp/arego/Red_T_7K_1/19726.h5
2025-09-19 07:01:22,760 - INFO - Processing /viper/ptmp/arego/Red_T_7K_1/1791.h5
2025-09-19 07:01:22,803 - INFO - File 20619: Filtered 965463 hits and 6 records
2025-09-19 07:01:22,930 - INFO - Completed /viper/ptmp/arego/Red_T_7K_1_EN_100/15110.h5 in 1.32 seconds
2025-09-19 07:01:22,973 - INFO - Completed /viper/ptmp/arego/Red_T_7K_1_EN_100/15448.h5 in 4.60 seconds
2025-09-19 07:01:23,003 - INFO - Processing /viper/ptmp/arego/Red_T_7K_1/2485.h5
2025-09-19 07:01:23,082 - INFO - Processing /viper/ptmp/arego/Red_T_7K_1/2548.h5
2025-09-19 07:01:23,101 - INFO - Completed /viper/ptmp/arego/Red_T_7K_1_EN_100/22305.h5 in 3.80 seconds
2025-09-19 07:01:23,113 - INFO - File 19726: Filtered 739459 hits and 5 records
2025-09-19 07:01:23,193 - INFO - Completed /viper/ptmp/arego/Red_T_7K_1_EN_100/6471.h5 in 2.80 seconds
2025-09-19 07:01:23,236 - INFO - File 1791: Filtered 1216318 hits and 5 records
2025-09-19 07:01:23,336 - INFO - Processing /viper/ptmp/arego/Red_T_7K_1/22531.h5
2025-09-19 07:01:23,427 - INFO - File 2485: Filtered 618848 hits and 5 records
2025-09-19 07:01:23,431 - INFO - Completed /viper/ptmp/arego/Red_T_7K_1_EN_100/13971.h5 in 4.38 seconds
2025-09-19 07:01:23,487 - INFO - Completed /viper/ptmp/arego/Red_T_7K_1_EN_100/16061.h5 in 3.58 seconds
2025-09-19 07:01:23,506 - INFO - File 2548: Filtered 287679 hits and 4 records
2025-09-19 07:01:23,537 - INFO - Processing /viper/ptmp/arego/Red_T_7K_1/22943.h5
2025-09-19 07:01:23,538 - INFO - Processing /viper/ptmp/arego/Red_T_7K_1/5496.h5
2025-09-19 07:01:23,765 - INFO - File 22531: Filtered 642139 hits and 5 records
2025-09-19 07:01:23,852 - INFO - Processing /viper/ptmp/arego/Red_T_7K_1/2260.h5
2025-09-19 07:01:23,941 - INFO - File 5496: Filtered 690378 hits and 6 records
2025-09-19 07:01:23,948 - INFO - Completed /viper/ptmp/arego/Red_T_7K_1_EN_100/10343.h5 in 4.48 seconds
2025-09-19 07:01:23,981 - INFO - Completed /viper/ptmp/arego/Red_T_7K_1_EN_100/10730.h5 in 4.15 seconds
2025-09-19 07:01:23,989 - INFO - File 22943: Filtered 412736 hits and 5 records
2025-09-19 07:01:24,071 - INFO - Processing /viper/ptmp/arego/Red_T_7K_1/12225.h5
2025-09-19 07:01:24,187 - INFO - Processing /viper/ptmp/arego/Red_T_7K_1/2373.h5
2025-09-19 07:01:24,255 - INFO - Completed /viper/ptmp/arego/Red_T_7K_1_EN_100/22688.h5 in 4.64 seconds
2025-09-19 07:01:24,372 - INFO - File 2260: Filtered 323923 hits and 3 records
2025-09-19 07:01:24,409 - INFO - Processing /viper/ptmp/arego/Red_T_7K_1/19389.h5
2025-09-19 07:01:24,427 - INFO - File 12225: Filtered 336158 hits and 2 records
2025-09-19 07:01:24,677 - INFO - Completed /viper/ptmp/arego/Red_T_7K_1_EN_100/1791.h5 in 1.92 seconds
2025-09-19 07:01:24,694 - INFO - File 2373: Filtered 645352 hits and 3 records
2025-09-19 07:01:24,764 - INFO - Processing /viper/ptmp/arego/Red_T_7K_1/21904.h5
2025-09-19 07:01:24,841 - INFO - Completed /viper/ptmp/arego/Red_T_7K_1_EN_100/20619.h5 in 2.46 seconds
2025-09-19 07:01:24,868 - INFO - File 19389: Filtered 1036489 hits and 3 records
2025-09-19 07:01:24,968 - INFO - Completed /viper/ptmp/arego/Red_T_7K_1_EN_100/2089.h5 in 6.25 seconds
2025-09-19 07:01:25,120 - INFO - Processing /viper/ptmp/arego/Red_T_7K_1/10222.h5
2025-09-19 07:01:25,150 - INFO - File 21904: Filtered 802058 hits and 8 records
2025-09-19 07:01:25,407 - INFO - File 10222: Filtered 508404 hits and 7 records
2025-09-19 07:01:25,435 - INFO - Processing /viper/ptmp/arego/Red_T_7K_1/11536.h5
2025-09-19 07:01:25,768 - INFO - File 11536: Filtered 224650 hits and 3 records
2025-09-19 07:01:25,910 - INFO - Completed /viper/ptmp/arego/Red_T_7K_1_EN_100/15096.h5 in 4.85 seconds
2025-09-19 07:01:25,941 - INFO - Completed /viper/ptmp/arego/Red_T_7K_1_EN_100/324.h5 in 5.82 seconds
2025-09-19 07:01:26,000 - INFO - Processing /viper/ptmp/arego/Red_T_7K_1/22671.h5
2025-09-19 07:01:26,257 - INFO - Processing /viper/ptmp/arego/Red_T_7K_1/20658.h5
2025-09-19 07:01:26,525 - INFO - File 22671: Filtered 685387 hits and 3 records
2025-09-19 07:01:26,585 - INFO - Completed /viper/ptmp/arego/Red_T_7K_1_EN_100/2115.h5 in 4.66 seconds
2025-09-19 07:01:26,606 - INFO - File 20658: Filtered 292481 hits and 4 records
2025-09-19 07:01:26,688 - INFO - Processing /viper/ptmp/arego/Red_T_7K_1/11041.h5
2025-09-19 07:01:26,696 - INFO - Completed /viper/ptmp/arego/Red_T_7K_1_EN_100/5496.h5 in 3.16 seconds
2025-09-19 07:01:26,972 - INFO - Completed /viper/ptmp/arego/Red_T_7K_1_EN_100/19389.h5 in 2.56 seconds
2025-09-19 07:01:26,997 - INFO - Processing /viper/ptmp/arego/Red_T_7K_1/21407.h5
2025-09-19 07:01:27,123 - INFO - File 11041: Filtered 790744 hits and 5 records
2025-09-19 07:01:27,291 - INFO - Processing /viper/ptmp/arego/Red_T_7K_1/20964.h5
2025-09-19 07:01:27,470 - INFO - Completed /viper/ptmp/arego/Red_T_7K_1_EN_100/10222.h5 in 2.35 seconds
2025-09-19 07:01:27,483 - INFO - File 21407: Filtered 284272 hits and 5 records
2025-09-19 07:01:27,583 - INFO - Processing /viper/ptmp/arego/Red_T_7K_1/22143.h5
2025-09-19 07:01:27,715 - INFO - Completed /viper/ptmp/arego/Red_T_7K_1_EN_100/19726.h5 in 4.98 seconds
2025-09-19 07:01:27,790 - INFO - File 20964: Filtered 555140 hits and 6 records
2025-09-19 07:01:27,804 - INFO - Processing /viper/ptmp/arego/Red_T_7K_1/7002.h5
2025-09-19 07:01:27,871 - INFO - Completed /viper/ptmp/arego/Red_T_7K_1_EN_100/22531.h5 in 4.53 seconds
2025-09-19 07:01:27,911 - INFO - Completed /viper/ptmp/arego/Red_T_7K_1_EN_100/2485.h5 in 4.91 seconds
2025-09-19 07:01:27,923 - INFO - Completed /viper/ptmp/arego/Red_T_7K_1_EN_100/2548.h5 in 4.84 seconds
2025-09-19 07:01:28,013 - INFO - Processing /viper/ptmp/arego/Red_T_7K_1/3058.h5
2025-09-19 07:01:28,086 - INFO - File 22143: Filtered 923451 hits and 6 records
2025-09-19 07:01:28,113 - INFO - Processing /viper/ptmp/arego/Red_T_7K_1/20624.h5
2025-09-19 07:01:28,147 - INFO - Completed /viper/ptmp/arego/Red_T_7K_1_EN_100/22943.h5 in 4.61 seconds
2025-09-19 07:01:28,209 - INFO - File 7002: Filtered 125364 hits and 3 records
2025-09-19 07:01:28,404 - INFO - Processing /viper/ptmp/arego/Red_T_7K_1/7864.h5
2025-09-19 07:01:28,478 - INFO - File 3058: Filtered 653580 hits and 3 records
2025-09-19 07:01:28,645 - INFO - File 20624: Filtered 108233 hits and 3 records
2025-09-19 07:01:28,657 - INFO - Completed /viper/ptmp/arego/Red_T_7K_1_EN_100/12225.h5 in 4.59 seconds
2025-09-19 07:01:28,758 - INFO - Processing /viper/ptmp/arego/Red_T_7K_1/20055.h5
2025-09-19 07:01:28,769 - INFO - Processing /viper/ptmp/arego/Red_T_7K_1/617.h5
2025-09-19 07:01:28,855 - INFO - Completed /viper/ptmp/arego/Red_T_7K_1_EN_100/2373.h5 in 4.67 seconds
2025-09-19 07:01:28,949 - INFO - File 7864: Filtered 362388 hits and 5 records
2025-09-19 07:01:29,053 - INFO - Processing /viper/ptmp/arego/Red_T_7K_1/10392.h5
2025-09-19 07:01:29,097 - INFO - Completed /viper/ptmp/arego/Red_T_7K_1_EN_100/21904.h5 in 4.33 seconds
2025-09-19 07:01:29,216 - INFO - Processing /viper/ptmp/arego/Red_T_7K_1/14711.h5
2025-09-19 07:01:29,244 - INFO - File 20055: Filtered 613372 hits and 5 records
2025-09-19 07:01:29,327 - INFO - File 617: Filtered 1070457 hits and 3 records
2025-09-19 07:01:29,436 - INFO - File 10392: Filtered 615877 hits and 5 records
2025-09-19 07:01:29,489 - INFO - Completed /viper/ptmp/arego/Red_T_7K_1_EN_100/11041.h5 in 2.80 seconds
2025-09-19 07:01:29,566 - INFO - Processing /viper/ptmp/arego/Red_T_7K_1/23007.h5
2025-09-19 07:01:29,660 - INFO - Completed /viper/ptmp/arego/Red_T_7K_1_EN_100/22671.h5 in 3.66 seconds
2025-09-19 07:01:29,720 - INFO - File 14711: Filtered 825008 hits and 5 records
2025-09-19 07:01:29,728 - INFO - Processing /viper/ptmp/arego/Red_T_7K_1/9076.h5
2025-09-19 07:01:30,022 - INFO - File 23007: Filtered 310287 hits and 3 records
2025-09-19 07:01:30,027 - INFO - Completed /viper/ptmp/arego/Red_T_7K_1_EN_100/11536.h5 in 4.59 seconds
2025-09-19 07:01:30,103 - INFO - Processing /viper/ptmp/arego/Red_T_7K_1/9850.h5
2025-09-19 07:01:30,133 - INFO - File 9076: Filtered 258360 hits and 3 records
2025-09-19 07:01:30,456 - INFO - Completed /viper/ptmp/arego/Red_T_7K_1_EN_100/20658.h5 in 4.20 seconds
2025-09-19 07:01:30,516 - INFO - Processing /viper/ptmp/arego/Red_T_7K_1/1788.h5
2025-09-19 07:01:30,559 - INFO - File 9850: Filtered 1109691 hits and 5 records
2025-09-19 07:01:30,766 - INFO - Completed /viper/ptmp/arego/Red_T_7K_1_EN_100/2260.h5 in 6.91 seconds
2025-09-19 07:01:30,844 - INFO - Processing /viper/ptmp/arego/Red_T_7K_1/8179.h5
2025-09-19 07:01:30,929 - INFO - File 1788: Filtered 183412 hits and 2 records
2025-09-19 07:01:31,296 - INFO - File 8179: Filtered 676921 hits and 4 records
2025-09-19 07:01:31,699 - INFO - Completed /viper/ptmp/arego/Red_T_7K_1_EN_100/617.h5 in 2.93 seconds
2025-09-19 07:01:31,789 - INFO - Processing /viper/ptmp/arego/Red_T_7K_1/192.h5
2025-09-19 07:01:32,324 - INFO - File 192: Filtered 132022 hits and 2 records
2025-09-19 07:01:32,782 - INFO - Completed /viper/ptmp/arego/Red_T_7K_1_EN_100/22143.h5 in 5.20 seconds
2025-09-19 07:01:32,817 - INFO - Completed /viper/ptmp/arego/Red_T_7K_1_EN_100/9850.h5 in 2.71 seconds
2025-09-19 07:01:32,860 - INFO - Completed /viper/ptmp/arego/Red_T_7K_1_EN_100/3058.h5 in 4.85 seconds
2025-09-19 07:01:32,871 - INFO - Processing /viper/ptmp/arego/Red_T_7K_1/1006.h5
2025-09-19 07:01:32,970 - INFO - Completed /viper/ptmp/arego/Red_T_7K_1_EN_100/20055.h5 in 4.21 seconds
2025-09-19 07:01:32,985 - INFO - Completed /viper/ptmp/arego/Red_T_7K_1_EN_100/7864.h5 in 4.58 seconds
2025-09-19 07:01:33,053 - INFO - Processing /viper/ptmp/arego/Red_T_7K_1/9188.h5
2025-09-19 07:01:33,166 - INFO - Processing /viper/ptmp/arego/Red_T_7K_1/2776.h5
2025-09-19 07:01:33,210 - INFO - Completed /viper/ptmp/arego/Red_T_7K_1_EN_100/21407.h5 in 6.21 seconds
2025-09-19 07:01:33,270 - INFO - File 1006: Filtered 0 hits and 0 records
2025-09-19 07:01:33,303 - INFO - Completed /viper/ptmp/arego/Red_T_7K_1_EN_100/7002.h5 in 5.50 seconds
2025-09-19 07:01:33,318 - INFO - Completed /viper/ptmp/arego/Red_T_7K_1_EN_100/20964.h5 in 6.03 seconds
2025-09-19 07:01:33,351 - INFO - Processing /viper/ptmp/arego/Red_T_7K_1/6587.h5
2025-09-19 07:01:33,398 - INFO - Processing /viper/ptmp/arego/Red_T_7K_1/8435.h5
2025-09-19 07:01:33,505 - INFO - File 9188: Filtered 401254 hits and 4 records
2025-09-19 07:01:33,619 - INFO - Processing /viper/ptmp/arego/Red_T_7K_1/19828.h5
2025-09-19 07:01:33,649 - INFO - File 2776: Filtered 1043257 hits and 7 records
2025-09-19 07:01:33,763 - INFO - Completed /viper/ptmp/arego/Red_T_7K_1_EN_100/14711.h5 in 4.55 seconds
2025-09-19 07:01:33,785 - INFO - File 6587: Filtered 837229 hits and 6 records
2025-09-19 07:01:33,855 - INFO - Processing /viper/ptmp/arego/Red_T_7K_1/23277.h5
2025-09-19 07:01:33,874 - INFO - File 8435: Filtered 1272819 hits and 3 records
2025-09-19 07:01:33,924 - INFO - Completed /viper/ptmp/arego/Red_T_7K_1_EN_100/10392.h5 in 4.87 seconds
2025-09-19 07:01:34,020 - INFO - Processing /viper/ptmp/arego/Red_T_7K_1/18702.h5
2025-09-19 07:01:34,086 - INFO - File 19828: Filtered 1094866 hits and 6 records
2025-09-19 07:01:34,087 - INFO - Processing /viper/ptmp/arego/Red_T_7K_1/21135.h5
2025-09-19 07:01:34,315 - INFO - File 23277: Filtered 385222 hits and 3 records
2025-09-19 07:01:34,320 - INFO - Processing /viper/ptmp/arego/Red_T_7K_1/20524.h5
2025-09-19 07:01:34,500 - INFO - File 18702: Filtered 1064627 hits and 6 records
2025-09-19 07:01:34,559 - INFO - File 21135: Filtered 782427 hits and 7 records
2025-09-19 07:01:34,606 - INFO - Completed /viper/ptmp/arego/Red_T_7K_1_EN_100/23007.h5 in 5.04 seconds
2025-09-19 07:01:34,667 - INFO - Processing /viper/ptmp/arego/Red_T_7K_1/3579.h5
2025-09-19 07:01:34,869 - INFO - Completed /viper/ptmp/arego/Red_T_7K_1_EN_100/20624.h5 in 6.76 seconds
2025-09-19 07:01:34,889 - INFO - File 20524: Filtered 575531 hits and 5 records
2025-09-19 07:01:34,925 - INFO - Processing /viper/ptmp/arego/Red_T_7K_1/25607.h5
2025-09-19 07:01:35,162 - INFO - File 3579: Filtered 469054 hits and 3 records
2025-09-19 07:01:35,330 - INFO - Completed /viper/ptmp/arego/Red_T_7K_1_EN_100/8179.h5 in 4.49 seconds
2025-09-19 07:01:35,372 - INFO - Processing /viper/ptmp/arego/Red_T_7K_1/11186.h5
2025-09-19 07:01:35,384 - INFO - Completed /viper/ptmp/arego/Red_T_7K_1_EN_100/9076.h5 in 5.66 seconds
2025-09-19 07:01:35,429 - INFO - File 25607: Filtered 759408 hits and 4 records
2025-09-19 07:01:35,744 - INFO - Processing /viper/ptmp/arego/Red_T_7K_1/11190.h5
2025-09-19 07:01:35,803 - INFO - File 11186: Filtered 802401 hits and 6 records
2025-09-19 07:01:36,065 - INFO - Completed /viper/ptmp/arego/Red_T_7K_1_EN_100/8435.h5 in 2.67 seconds
2025-09-19 07:01:36,172 - INFO - Processing /viper/ptmp/arego/Red_T_7K_1/16472.h5
2025-09-19 07:01:36,248 - INFO - File 11190: Filtered 254787 hits and 4 records
2025-09-19 07:01:36,425 - INFO - Completed /viper/ptmp/arego/Red_T_7K_1_EN_100/1788.h5 in 5.91 seconds
2025-09-19 07:01:36,497 - INFO - Processing /viper/ptmp/arego/Red_T_7K_1/20623.h5
2025-09-19 07:01:36,864 - INFO - File 16472: Filtered 253815 hits and 3 records
2025-09-19 07:01:36,933 - INFO - File 20623: Filtered 781240 hits and 7 records
2025-09-19 07:01:37,272 - INFO - Completed /viper/ptmp/arego/Red_T_7K_1_EN_100/18702.h5 in 3.25 seconds
2025-09-19 07:01:37,369 - INFO - Processing /viper/ptmp/arego/Red_T_7K_1/13327.h5
2025-09-19 07:01:37,552 - INFO - Completed /viper/ptmp/arego/Red_T_7K_1_EN_100/19828.h5 in 3.93 seconds
2025-09-19 07:01:37,631 - INFO - Processing /viper/ptmp/arego/Red_T_7K_1/8638.h5
2025-09-19 07:01:37,737 - INFO - Completed /viper/ptmp/arego/Red_T_7K_1_EN_100/6587.h5 in 4.39 seconds
2025-09-19 07:01:37,849 - INFO - File 13327: Filtered 756117 hits and 5 records
2025-09-19 07:01:37,919 - INFO - Processing /viper/ptmp/arego/Red_T_7K_1/4625.h5
2025-09-19 07:01:38,121 - INFO - File 8638: Filtered 918016 hits and 7 records
2025-09-19 07:01:38,206 - INFO - Completed /viper/ptmp/arego/Red_T_7K_1_EN_100/2776.h5 in 5.04 seconds
2025-09-19 07:01:38,281 - INFO - Processing /viper/ptmp/arego/Red_T_7K_1/16940.h5
2025-09-19 07:01:38,356 - INFO - File 4625: Filtered 1041002 hits and 8 records
2025-09-19 07:01:38,786 - INFO - File 16940: Filtered 801248 hits and 5 records
2025-09-19 07:01:38,825 - INFO - Completed /viper/ptmp/arego/Red_T_7K_1_EN_100/21135.h5 in 4.74 seconds
2025-09-19 07:01:38,867 - INFO - Processing /viper/ptmp/arego/Red_T_7K_1/6758.h5
2025-09-19 07:01:39,001 - INFO - Completed /viper/ptmp/arego/Red_T_7K_1_EN_100/25607.h5 in 4.08 seconds
2025-09-19 07:01:39,063 - INFO - Processing /viper/ptmp/arego/Red_T_7K_1/19393.h5
2025-09-19 07:01:39,146 - INFO - Completed /viper/ptmp/arego/Red_T_7K_1_EN_100/192.h5 in 7.36 seconds
2025-09-19 07:01:39,330 - INFO - Completed /viper/ptmp/arego/Red_T_7K_1_EN_100/11186.h5 in 3.96 seconds
2025-09-19 07:01:39,352 - INFO - File 6758: Filtered 1113149 hits and 5 records
2025-09-19 07:01:39,357 - INFO - Processing /viper/ptmp/arego/Red_T_7K_1/15093.h5
2025-09-19 07:01:39,388 - INFO - Completed /viper/ptmp/arego/Red_T_7K_1_EN_100/9188.h5 in 6.34 seconds
2025-09-19 07:01:39,398 - INFO - Completed /viper/ptmp/arego/Red_T_7K_1_EN_100/1006.h5 in 6.53 seconds
2025-09-19 07:01:39,447 - INFO - Completed /viper/ptmp/arego/Red_T_7K_1_EN_100/3579.h5 in 4.78 seconds
2025-09-19 07:01:39,496 - INFO - Processing /viper/ptmp/arego/Red_T_7K_1/20979.h5
2025-09-19 07:01:39,499 - INFO - File 19393: Filtered 870235 hits and 6 records
2025-09-19 07:01:39,543 - INFO - Processing /viper/ptmp/arego/Red_T_7K_1/10936.h5
2025-09-19 07:01:39,689 - INFO - Processing /viper/ptmp/arego/Red_T_7K_1/18549.h5
2025-09-19 07:01:39,747 - INFO - Processing /viper/ptmp/arego/Red_T_7K_1/3825.h5
2025-09-19 07:01:39,896 - INFO - File 15093: Filtered 440733 hits and 5 records
2025-09-19 07:01:40,034 - INFO - File 20979: Filtered 832763 hits and 8 records
2025-09-19 07:01:40,056 - INFO - File 10936: Filtered 730403 hits and 4 records
2025-09-19 07:01:40,244 - INFO - File 18549: Filtered 1902832 hits and 4 records
2025-09-19 07:01:40,260 - INFO - File 3825: Filtered 945574 hits and 10 records
2025-09-19 07:01:40,292 - INFO - Completed /viper/ptmp/arego/Red_T_7K_1_EN_100/20524.h5 in 5.97 seconds
2025-09-19 07:01:40,395 - INFO - Processing /viper/ptmp/arego/Red_T_7K_1/23340.h5
2025-09-19 07:01:40,623 - INFO - Completed /viper/ptmp/arego/Red_T_7K_1_EN_100/23277.h5 in 6.77 seconds
2025-09-19 07:01:40,661 - INFO - Processing /viper/ptmp/arego/Red_T_7K_1/19144.h5
2025-09-19 07:01:40,669 - INFO - Completed /viper/ptmp/arego/Red_T_7K_1_EN_100/4625.h5 in 2.75 seconds
2025-09-19 07:01:40,785 - INFO - Completed /viper/ptmp/arego/Red_T_7K_1_EN_100/20623.h5 in 4.29 seconds
2025-09-19 07:01:40,823 - INFO - Processing /viper/ptmp/arego/Red_T_7K_1/4508.h5
2025-09-19 07:01:40,952 - INFO - Processing /viper/ptmp/arego/Red_T_7K_1/13390.h5
2025-09-19 07:01:40,996 - INFO - File 23340: Filtered 962416 hits and 6 records
2025-09-19 07:01:41,139 - INFO - File 19144: Filtered 995755 hits and 4 records
2025-09-19 07:01:41,273 - INFO - File 4508: Filtered 622805 hits and 4 records
2025-09-19 07:01:41,458 - INFO - File 13390: Filtered 805120 hits and 7 records
2025-09-19 07:01:41,689 - INFO - Completed /viper/ptmp/arego/Red_T_7K_1_EN_100/11190.h5 in 5.95 seconds
2025-09-19 07:01:41,744 - INFO - Processing /viper/ptmp/arego/Red_T_7K_1/4489.h5
2025-09-19 07:01:42,255 - INFO - File 4489: Filtered 820300 hits and 4 records
2025-09-19 07:01:42,406 - INFO - Completed /viper/ptmp/arego/Red_T_7K_1_EN_100/13327.h5 in 5.04 seconds
2025-09-19 07:01:42,445 - INFO - Processing /viper/ptmp/arego/Red_T_7K_1/13487.h5
2025-09-19 07:01:42,540 - INFO - Completed /viper/ptmp/arego/Red_T_7K_1_EN_100/8638.h5 in 4.91 seconds
2025-09-19 07:01:42,581 - INFO - Processing /viper/ptmp/arego/Red_T_7K_1/5133.h5
2025-09-19 07:01:42,752 - INFO - Completed /viper/ptmp/arego/Red_T_7K_1_EN_100/16940.h5 in 4.47 seconds
2025-09-19 07:01:42,839 - INFO - Processing /viper/ptmp/arego/Red_T_7K_1/21137.h5
2025-09-19 07:01:42,939 - INFO - File 13487: Filtered 806047 hits and 6 records
2025-09-19 07:01:43,014 - INFO - Completed /viper/ptmp/arego/Red_T_7K_1_EN_100/6758.h5 in 4.15 seconds
2025-09-19 07:01:43,077 - INFO - File 5133: Filtered 551192 hits and 4 records
2025-09-19 07:01:43,094 - INFO - Processing /viper/ptmp/arego/Red_T_7K_1/16115.h5
2025-09-19 07:01:43,196 - INFO - Completed /viper/ptmp/arego/Red_T_7K_1_EN_100/19393.h5 in 4.13 seconds
2025-09-19 07:01:43,272 - INFO - Processing /viper/ptmp/arego/Red_T_7K_1/36.h5
2025-09-19 07:01:43,326 - INFO - File 21137: Filtered 614522 hits and 2 records
2025-09-19 07:01:43,677 - INFO - File 16115: Filtered 671885 hits and 4 records
2025-09-19 07:01:43,789 - INFO - Completed /viper/ptmp/arego/Red_T_7K_1_EN_100/10936.h5 in 4.25 seconds
2025-09-19 07:01:43,855 - INFO - File 36: Filtered 728697 hits and 7 records
2025-09-19 07:01:43,891 - INFO - Processing /viper/ptmp/arego/Red_T_7K_1/8123.h5
2025-09-19 07:01:43,941 - INFO - Completed /viper/ptmp/arego/Red_T_7K_1_EN_100/19144.h5 in 3.28 seconds
2025-09-19 07:01:44,027 - INFO - Processing /viper/ptmp/arego/Red_T_7K_1/11629.h5
2025-09-19 07:01:44,237 - INFO - Completed /viper/ptmp/arego/Red_T_7K_1_EN_100/18549.h5 in 4.55 seconds
2025-09-19 07:01:44,334 - INFO - Processing /viper/ptmp/arego/Red_T_7K_1/19120.h5
2025-09-19 07:01:44,485 - INFO - File 8123: Filtered 882633 hits and 3 records
2025-09-19 07:01:44,539 - INFO - Completed /viper/ptmp/arego/Red_T_7K_1_EN_100/3825.h5 in 4.79 seconds
2025-09-19 07:01:44,617 - INFO - File 11629: Filtered 996108 hits and 4 records
2025-09-19 07:01:44,630 - INFO - Processing /viper/ptmp/arego/Red_T_7K_1/10471.h5
2025-09-19 07:01:44,869 - INFO - Completed /viper/ptmp/arego/Red_T_7K_1_EN_100/23340.h5 in 4.47 seconds
2025-09-19 07:01:44,924 - INFO - Processing /viper/ptmp/arego/Red_T_7K_1/16304.h5
2025-09-19 07:01:44,944 - INFO - File 19120: Filtered 739206 hits and 7 records
2025-09-19 07:01:45,262 - INFO - File 10471: Filtered 406780 hits and 5 records
2025-09-19 07:01:45,312 - INFO - Completed /viper/ptmp/arego/Red_T_7K_1_EN_100/13390.h5 in 4.36 seconds
2025-09-19 07:01:45,386 - INFO - Processing /viper/ptmp/arego/Red_T_7K_1/10073.h5
2025-09-19 07:01:45,561 - INFO - File 16304: Filtered 990239 hits and 5 records
2025-09-19 07:01:45,820 - INFO - Completed /viper/ptmp/arego/Red_T_7K_1_EN_100/4489.h5 in 4.08 seconds
2025-09-19 07:01:45,899 - INFO - File 10073: Filtered 1317391 hits and 7 records
2025-09-19 07:01:45,915 - INFO - Processing /viper/ptmp/arego/Red_T_7K_1/1499.h5
2025-09-19 07:01:46,114 - INFO - Completed /viper/ptmp/arego/Red_T_7K_1_EN_100/20979.h5 in 6.62 seconds
2025-09-19 07:01:46,182 - INFO - Processing /viper/ptmp/arego/Red_T_7K_1/17975.h5
2025-09-19 07:01:46,443 - INFO - File 1499: Filtered 591074 hits and 7 records
2025-09-19 07:01:46,549 - INFO - Completed /viper/ptmp/arego/Red_T_7K_1_EN_100/4508.h5 in 5.73 seconds
2025-09-19 07:01:46,615 - INFO - Processing /viper/ptmp/arego/Red_T_7K_1/18467.h5
2025-09-19 07:01:46,678 - INFO - Completed /viper/ptmp/arego/Red_T_7K_1_EN_100/15093.h5 in 7.32 seconds
2025-09-19 07:01:46,762 - INFO - Processing /viper/ptmp/arego/Red_T_7K_1/10986.h5
2025-09-19 07:01:47,087 - INFO - File 18467: Filtered 954264 hits and 3 records
2025-09-19 07:01:47,329 - INFO - File 10986: Filtered 642011 hits and 3 records
2025-09-19 07:01:48,445 - INFO - Completed /viper/ptmp/arego/Red_T_7K_1_EN_100/21137.h5 in 5.61 seconds
2025-09-19 07:01:48,512 - INFO - Processing /viper/ptmp/arego/Red_T_7K_1/1107.h5
2025-09-19 07:01:48,728 - INFO - Completed /viper/ptmp/arego/Red_T_7K_1_EN_100/16472.h5 in 12.56 seconds
2025-09-19 07:01:48,730 - INFO - Completed /viper/ptmp/arego/Red_T_7K_1_EN_100/19120.h5 in 4.40 seconds
2025-09-19 07:01:48,782 - INFO - Completed /viper/ptmp/arego/Red_T_7K_1_EN_100/36.h5 in 5.51 seconds
2025-09-19 07:01:48,793 - INFO - Processing /viper/ptmp/arego/Red_T_7K_1/5829.h5
2025-09-19 07:01:48,806 - INFO - Processing /viper/ptmp/arego/Red_T_7K_1/6123.h5
2025-09-19 07:01:49,034 - INFO - Processing /viper/ptmp/arego/Red_T_7K_1/21148.h5
2025-09-19 07:01:49,055 - INFO - File 1107: Filtered 1263391 hits and 6 records
2025-09-19 07:01:49,359 - INFO - File 6123: Filtered 1183174 hits and 7 records
2025-09-19 07:01:49,405 - INFO - File 5829: Filtered 572937 hits and 2 records
2025-09-19 07:01:49,451 - INFO - Completed /viper/ptmp/arego/Red_T_7K_1_EN_100/10073.h5 in 4.07 seconds
2025-09-19 07:01:49,518 - INFO - Processing /viper/ptmp/arego/Red_T_7K_1/21025.h5
2025-09-19 07:01:49,565 - INFO - Completed /viper/ptmp/arego/Red_T_7K_1_EN_100/16304.h5 in 4.64 seconds
2025-09-19 07:01:49,599 - INFO - Completed /viper/ptmp/arego/Red_T_7K_1_EN_100/5133.h5 in 7.02 seconds
2025-09-19 07:01:49,690 - INFO - Completed /viper/ptmp/arego/Red_T_7K_1_EN_100/11629.h5 in 5.66 seconds
2025-09-19 07:01:49,700 - INFO - File 21148: Filtered 573203 hits and 4 records
2025-09-19 07:01:49,770 - INFO - Processing /viper/ptmp/arego/Red_T_7K_1/13118.h5
2025-09-19 07:01:49,975 - INFO - Processing /viper/ptmp/arego/Red_T_7K_1/11085.h5
2025-09-19 07:01:50,086 - INFO - File 21025: Filtered 872114 hits and 6 records
2025-09-19 07:01:50,191 - INFO - Processing /viper/ptmp/arego/Red_T_7K_1/8473.h5
2025-09-19 07:01:50,209 - INFO - Completed /viper/ptmp/arego/Red_T_7K_1_EN_100/8123.h5 in 6.32 seconds
2025-09-19 07:01:50,296 - INFO - Processing /viper/ptmp/arego/Red_T_7K_1/11760.h5
2025-09-19 07:01:50,432 - INFO - File 13118: Filtered 551033 hits and 2 records
2025-09-19 07:01:50,523 - INFO - Completed /viper/ptmp/arego/Red_T_7K_1_EN_100/16115.h5 in 7.43 seconds
2025-09-19 07:01:50,664 - INFO - Processing /viper/ptmp/arego/Red_T_7K_1/15032.h5
2025-09-19 07:01:50,679 - INFO - File 11085: Filtered 783462 hits and 4 records
2025-09-19 07:01:50,717 - INFO - Completed /viper/ptmp/arego/Red_T_7K_1_EN_100/18467.h5 in 4.10 seconds
2025-09-19 07:01:50,779 - INFO - Processing /viper/ptmp/arego/Red_T_7K_1/20843.h5
2025-09-19 07:01:50,820 - INFO - File 8473: Filtered 652121 hits and 6 records
2025-09-19 07:01:50,880 - INFO - File 11760: Filtered 1180646 hits and 2 records
2025-09-19 07:01:51,253 - INFO - File 20843: Filtered 763609 hits and 3 records
2025-09-19 07:01:51,273 - INFO - File 17975: Filtered 1404812 hits and 8 records
2025-09-19 07:01:51,335 - INFO - File 15032: Filtered 2031561 hits and 8 records
2025-09-19 07:01:51,997 - INFO - Completed /viper/ptmp/arego/Red_T_7K_1_EN_100/10471.h5 in 7.37 seconds
2025-09-19 07:01:52,066 - INFO - Processing /viper/ptmp/arego/Red_T_7K_1/1476.h5
2025-09-19 07:01:52,181 - INFO - Completed /viper/ptmp/arego/Red_T_7K_1_EN_100/10986.h5 in 5.42 seconds
2025-09-19 07:01:52,371 - INFO - Processing /viper/ptmp/arego/Red_T_7K_1/7114.h5
2025-09-19 07:01:52,686 - INFO - File 1476: Filtered 702423 hits and 5 records
2025-09-19 07:01:52,732 - INFO - Completed /viper/ptmp/arego/Red_T_7K_1_EN_100/1499.h5 in 6.82 seconds
2025-09-19 07:01:52,809 - INFO - Processing /viper/ptmp/arego/Red_T_7K_1/7656.h5
2025-09-19 07:01:53,041 - INFO - File 7114: Filtered 1290935 hits and 6 records
2025-09-19 07:01:53,296 - INFO - File 7656: Filtered 256401 hits and 2 records
2025-09-19 07:01:53,484 - INFO - Completed /viper/ptmp/arego/Red_T_7K_1_EN_100/6123.h5 in 4.68 seconds
2025-09-19 07:01:53,553 - INFO - Processing /viper/ptmp/arego/Red_T_7K_1/1711.h5
2025-09-19 07:01:54,131 - INFO - File 1711: Filtered 1582808 hits and 6 records
2025-09-19 07:01:54,177 - INFO - Completed /viper/ptmp/arego/Red_T_7K_1_EN_100/1107.h5 in 5.67 seconds
2025-09-19 07:01:54,273 - INFO - Processing /viper/ptmp/arego/Red_T_7K_1/89.h5
2025-09-19 07:01:54,631 - INFO - Completed /viper/ptmp/arego/Red_T_7K_1_EN_100/21025.h5 in 5.11 seconds
2025-09-19 07:01:54,730 - INFO - Processing /viper/ptmp/arego/Red_T_7K_1/22310.h5
2025-09-19 07:01:54,776 - INFO - Completed /viper/ptmp/arego/Red_T_7K_1_EN_100/11760.h5 in 4.48 seconds
2025-09-19 07:01:54,841 - INFO - Processing /viper/ptmp/arego/Red_T_7K_1/8876.h5
2025-09-19 07:01:54,860 - INFO - File 89: Filtered 1162506 hits and 6 records
2025-09-19 07:01:54,886 - INFO - Completed /viper/ptmp/arego/Red_T_7K_1_EN_100/15032.h5 in 4.22 seconds
2025-09-19 07:01:54,958 - INFO - Completed /viper/ptmp/arego/Red_T_7K_1_EN_100/17975.h5 in 8.78 seconds
2025-09-19 07:01:55,051 - INFO - Completed /viper/ptmp/arego/Red_T_7K_1_EN_100/20843.h5 in 4.27 seconds
2025-09-19 07:01:55,067 - INFO - Processing /viper/ptmp/arego/Red_T_7K_1/3768.h5
2025-09-19 07:01:55,160 - INFO - Processing /viper/ptmp/arego/Red_T_7K_1/17376.h5
2025-09-19 07:01:55,376 - INFO - File 22310: Filtered 1166041 hits and 3 records
2025-09-19 07:01:55,404 - INFO - Processing /viper/ptmp/arego/Red_T_7K_1/10873.h5
2025-09-19 07:01:55,412 - INFO - File 8876: Filtered 1265625 hits and 5 records
2025-09-19 07:01:55,690 - INFO - File 17376: Filtered 1432925 hits and 7 records
2025-09-19 07:01:55,793 - INFO - Completed /viper/ptmp/arego/Red_T_7K_1_EN_100/7114.h5 in 3.42 seconds
2025-09-19 07:01:55,802 - INFO - File 3768: Filtered 1580827 hits and 6 records
2025-09-19 07:01:55,874 - INFO - Processing /viper/ptmp/arego/Red_T_7K_1/2429.h5
2025-09-19 07:01:55,965 - INFO - Completed /viper/ptmp/arego/Red_T_7K_1_EN_100/5829.h5 in 7.17 seconds
2025-09-19 07:01:56,144 - INFO - File 10873: Filtered 420699 hits and 5 records
2025-09-19 07:01:56,157 - INFO - Processing /viper/ptmp/arego/Red_T_7K_1/15488.h5
2025-09-19 07:01:56,397 - INFO - Completed /viper/ptmp/arego/Red_T_7K_1_EN_100/11085.h5 in 6.42 seconds
2025-09-19 07:01:56,490 - INFO - Processing /viper/ptmp/arego/Red_T_7K_1/3161.h5
2025-09-19 07:01:56,508 - INFO - File 2429: Filtered 521916 hits and 3 records
2025-09-19 07:01:57,169 - INFO - File 15488: Filtered 609774 hits and 6 records
2025-09-19 07:01:57,229 - INFO - File 3161: Filtered 925778 hits and 6 records
2025-09-19 07:01:57,259 - INFO - Completed /viper/ptmp/arego/Red_T_7K_1_EN_100/13118.h5 in 7.49 seconds
2025-09-19 07:01:57,333 - INFO - Processing /viper/ptmp/arego/Red_T_7K_1/2200.h5
2025-09-19 07:01:57,494 - INFO - Completed /viper/ptmp/arego/Red_T_7K_1_EN_100/1711.h5 in 3.94 seconds
2025-09-19 07:01:57,643 - INFO - Processing /viper/ptmp/arego/Red_T_7K_1/14581.h5
2025-09-19 07:01:57,649 - INFO - Completed /viper/ptmp/arego/Red_T_7K_1_EN_100/8473.h5 in 7.46 seconds
2025-09-19 07:01:57,837 - INFO - Processing /viper/ptmp/arego/Red_T_7K_1/452.h5
2025-09-19 07:01:58,046 - INFO - File 2200: Filtered 87829 hits and 2 records
2025-09-19 07:01:58,107 - INFO - Completed /viper/ptmp/arego/Red_T_7K_1_EN_100/21148.h5 in 9.07 seconds
2025-09-19 07:01:58,115 - INFO - File 14581: Filtered 599697 hits and 6 records
2025-09-19 07:01:58,194 - INFO - Processing /viper/ptmp/arego/Red_T_7K_1/6760.h5
2025-09-19 07:01:58,545 - INFO - File 452: Filtered 1204001 hits and 5 records
2025-09-19 07:01:58,848 - INFO - File 6760: Filtered 1356143 hits and 4 records
2025-09-19 07:01:58,886 - INFO - Completed /viper/ptmp/arego/Red_T_7K_1_EN_100/8876.h5 in 4.05 seconds
2025-09-19 07:01:58,957 - INFO - Processing /viper/ptmp/arego/Red_T_7K_1/21848.h5
2025-09-19 07:01:59,195 - INFO - Completed /viper/ptmp/arego/Red_T_7K_1_EN_100/17376.h5 in 4.04 seconds
2025-09-19 07:01:59,282 - INFO - Processing /viper/ptmp/arego/Red_T_7K_1/18708.h5
2025-09-19 07:01:59,491 - INFO - File 21848: Filtered 2037825 hits and 6 records
2025-09-19 07:01:59,733 - INFO - Completed /viper/ptmp/arego/Red_T_7K_1_EN_100/3768.h5 in 4.67 seconds
2025-09-19 07:01:59,825 - INFO - Processing /viper/ptmp/arego/Red_T_7K_1/5750.h5
2025-09-19 07:01:59,904 - INFO - File 18708: Filtered 951381 hits and 6 records
2025-09-19 07:02:00,102 - INFO - Completed /viper/ptmp/arego/Red_T_7K_1_EN_100/1476.h5 in 8.04 seconds
2025-09-19 07:02:00,171 - INFO - Processing /viper/ptmp/arego/Red_T_7K_1/21075.h5
2025-09-19 07:02:00,510 - INFO - File 5750: Filtered 1456088 hits and 6 records
2025-09-19 07:02:00,614 - INFO - Completed /viper/ptmp/arego/Red_T_7K_1_EN_100/13487.h5 in 18.17 seconds
2025-09-19 07:02:00,714 - INFO - Processing /viper/ptmp/arego/Red_T_7K_1/13609.h5
2025-09-19 07:02:00,801 - INFO - File 21075: Filtered 498397 hits and 6 records
2025-09-19 07:02:00,925 - INFO - Completed /viper/ptmp/arego/Red_T_7K_1_EN_100/7656.h5 in 8.12 seconds
2025-09-19 07:02:01,029 - INFO - Processing /viper/ptmp/arego/Red_T_7K_1/12623.h5
2025-09-19 07:02:01,353 - INFO - Completed /viper/ptmp/arego/Red_T_7K_1_EN_100/21848.h5 in 2.40 seconds
2025-09-19 07:02:01,397 - INFO - File 13609: Filtered 1206241 hits and 6 records
2025-09-19 07:02:01,420 - INFO - Processing /viper/ptmp/arego/Red_T_7K_1/8879.h5
2025-09-19 07:02:01,698 - INFO - File 12623: Filtered 772180 hits and 3 records
2025-09-19 07:02:02,026 - INFO - File 8879: Filtered 549327 hits and 5 records
2025-09-19 07:02:02,133 - INFO - Completed /viper/ptmp/arego/Red_T_7K_1_EN_100/89.h5 in 7.86 seconds
2025-09-19 07:02:02,201 - INFO - Processing /viper/ptmp/arego/Red_T_7K_1/16654.h5
2025-09-19 07:02:02,421 - INFO - Completed /viper/ptmp/arego/Red_T_7K_1_EN_100/14581.h5 in 4.78 seconds
2025-09-19 07:02:02,465 - INFO - Completed /viper/ptmp/arego/Red_T_7K_1_EN_100/6760.h5 in 4.27 seconds
2025-09-19 07:02:02,525 - INFO - Processing /viper/ptmp/arego/Red_T_7K_1/13067.h5
2025-09-19 07:02:02,537 - INFO - Processing /viper/ptmp/arego/Red_T_7K_1/4931.h5
2025-09-19 07:02:02,886 - INFO - File 16654: Filtered 746537 hits and 5 records
2025-09-19 07:02:03,081 - INFO - File 13067: Filtered 783463 hits and 7 records
2025-09-19 07:02:03,371 - INFO - Completed /viper/ptmp/arego/Red_T_7K_1_EN_100/22310.h5 in 8.64 seconds
2025-09-19 07:02:03,438 - INFO - Processing /viper/ptmp/arego/Red_T_7K_1/4027.h5
2025-09-19 07:02:03,694 - INFO - Completed /viper/ptmp/arego/Red_T_7K_1_EN_100/2429.h5 in 7.82 seconds
2025-09-19 07:02:03,779 - INFO - Processing /viper/ptmp/arego/Red_T_7K_1/17577.h5
2025-09-19 07:02:04,110 - INFO - File 4027: Filtered 1190367 hits and 7 records
2025-09-19 07:02:04,460 - INFO - File 17577: Filtered 568899 hits and 3 records
2025-09-19 07:02:05,313 - INFO - Completed /viper/ptmp/arego/Red_T_7K_1_EN_100/452.h5 in 7.48 seconds
2025-09-19 07:02:05,379 - INFO - Processing /viper/ptmp/arego/Red_T_7K_1/6374.h5
2025-09-19 07:02:05,489 - INFO - Completed /viper/ptmp/arego/Red_T_7K_1_EN_100/15488.h5 in 9.33 seconds
2025-09-19 07:02:05,581 - INFO - Processing /viper/ptmp/arego/Red_T_7K_1/19988.h5
2025-09-19 07:02:05,850 - INFO - Completed /viper/ptmp/arego/Red_T_7K_1_EN_100/3161.h5 in 9.36 seconds
2025-09-19 07:02:05,875 - INFO - Completed /viper/ptmp/arego/Red_T_7K_1_EN_100/18708.h5 in 6.59 seconds
2025-09-19 07:02:05,964 - INFO - Processing /viper/ptmp/arego/Red_T_7K_1/9783.h5
2025-09-19 07:02:05,971 - INFO - Processing /viper/ptmp/arego/Red_T_7K_1/17216.h5
2025-09-19 07:02:06,089 - INFO - File 6374: Filtered 1692497 hits and 4 records
2025-09-19 07:02:06,196 - INFO - File 19988: Filtered 1535398 hits and 5 records
2025-09-19 07:02:06,350 - INFO - Completed /viper/ptmp/arego/Red_T_7K_1_EN_100/13609.h5 in 5.64 seconds
2025-09-19 07:02:06,461 - INFO - Processing /viper/ptmp/arego/Red_T_7K_1/17011.h5
2025-09-19 07:02:06,520 - INFO - Completed /viper/ptmp/arego/Red_T_7K_1_EN_100/5750.h5 in 6.70 seconds
2025-09-19 07:02:06,595 - INFO - Processing /viper/ptmp/arego/Red_T_7K_1/8156.h5
2025-09-19 07:02:06,629 - INFO - File 9783: Filtered 1223418 hits and 4 records
2025-09-19 07:02:06,715 - INFO - File 17216: Filtered 85774 hits and 1 records
2025-09-19 07:02:06,782 - INFO - Completed /viper/ptmp/arego/Red_T_7K_1_EN_100/10873.h5 in 11.38 seconds
2025-09-19 07:02:06,896 - INFO - Processing /viper/ptmp/arego/Red_T_7K_1/10265.h5
2025-09-19 07:02:07,164 - INFO - File 17011: Filtered 298845 hits and 5 records
2025-09-19 07:02:07,327 - INFO - File 8156: Filtered 1181992 hits and 2 records
2025-09-19 07:02:07,685 - INFO - File 10265: Filtered 689415 hits and 5 records
2025-09-19 07:02:08,170 - INFO - File 4931: Filtered 1345700 hits and 6 records
2025-09-19 07:02:08,882 - INFO - Completed /viper/ptmp/arego/Red_T_7K_1_EN_100/2200.h5 in 11.55 seconds
2025-09-19 07:02:08,947 - INFO - Processing /viper/ptmp/arego/Red_T_7K_1/17523.h5
2025-09-19 07:02:09,670 - INFO - File 17523: Filtered 1201185 hits and 3 records
2025-09-19 07:02:10,464 - INFO - Completed /viper/ptmp/arego/Red_T_7K_1_EN_100/19988.h5 in 4.88 seconds
2025-09-19 07:02:10,549 - INFO - Processing /viper/ptmp/arego/Red_T_7K_1/13523.h5
2025-09-19 07:02:10,555 - INFO - Completed /viper/ptmp/arego/Red_T_7K_1_EN_100/8879.h5 in 9.14 seconds
2025-09-19 07:02:10,820 - INFO - Processing /viper/ptmp/arego/Red_T_7K_1/13536.h5
2025-09-19 07:02:11,137 - INFO - Completed /viper/ptmp/arego/Red_T_7K_1_EN_100/9783.h5 in 5.17 seconds
2025-09-19 07:02:11,202 - INFO - Processing /viper/ptmp/arego/Red_T_7K_1/2103.h5
2025-09-19 07:02:11,235 - INFO - File 13523: Filtered 665793 hits and 4 records
2025-09-19 07:02:11,558 - INFO - Completed /viper/ptmp/arego/Red_T_7K_1_EN_100/13067.h5 in 9.03 seconds
2025-09-19 07:02:11,642 - INFO - Completed /viper/ptmp/arego/Red_T_7K_1_EN_100/12623.h5 in 10.61 seconds
2025-09-19 07:02:11,699 - INFO - Processing /viper/ptmp/arego/Red_T_7K_1/14788.h5
2025-09-19 07:02:11,790 - INFO - File 2103: Filtered 1831908 hits and 9 records
2025-09-19 07:02:12,003 - INFO - Processing /viper/ptmp/arego/Red_T_7K_1/5692.h5
2025-09-19 07:02:12,070 - INFO - Completed /viper/ptmp/arego/Red_T_7K_1_EN_100/6374.h5 in 6.69 seconds
2025-09-19 07:02:12,147 - INFO - Processing /viper/ptmp/arego/Red_T_7K_1/20737.h5
2025-09-19 07:02:12,173 - INFO - File 13536: Filtered 136587 hits and 3 records
2025-09-19 07:02:12,389 - INFO - Completed /viper/ptmp/arego/Red_T_7K_1_EN_100/16654.h5 in 10.19 seconds
2025-09-19 07:02:12,459 - INFO - Processing /viper/ptmp/arego/Red_T_7K_1/21789.h5
2025-09-19 07:02:12,464 - INFO - File 14788: Filtered 567818 hits and 6 records
2025-09-19 07:02:12,846 - INFO - File 5692: Filtered 739489 hits and 2 records
2025-09-19 07:02:12,847 - INFO - Completed /viper/ptmp/arego/Red_T_7K_1_EN_100/4027.h5 in 9.41 seconds
2025-09-19 07:02:12,897 - INFO - File 20737: Filtered 1423659 hits and 3 records
2025-09-19 07:02:12,954 - INFO - Processing /viper/ptmp/arego/Red_T_7K_1/15792.h5
2025-09-19 07:02:13,284 - INFO - File 21789: Filtered 1015149 hits and 3 records
2025-09-19 07:02:13,416 - INFO - Completed /viper/ptmp/arego/Red_T_7K_1_EN_100/17577.h5 in 9.64 seconds
2025-09-19 07:02:13,482 - INFO - Processing /viper/ptmp/arego/Red_T_7K_1/4942.h5
2025-09-19 07:02:13,813 - INFO - File 15792: Filtered 945597 hits and 5 records
2025-09-19 07:02:13,820 - INFO - Completed /viper/ptmp/arego/Red_T_7K_1_EN_100/17011.h5 in 7.36 seconds
2025-09-19 07:02:13,914 - INFO - Processing /viper/ptmp/arego/Red_T_7K_1/12346.h5
2025-09-19 07:02:14,026 - INFO - Completed /viper/ptmp/arego/Red_T_7K_1_EN_100/21075.h5 in 13.85 seconds
2025-09-19 07:02:14,099 - INFO - File 4942: Filtered 2157805 hits and 3 records
2025-09-19 07:02:14,253 - INFO - Processing /viper/ptmp/arego/Red_T_7K_1/23384.h5
2025-09-19 07:02:14,699 - INFO - File 12346: Filtered 795184 hits and 3 records
2025-09-19 07:02:14,725 - INFO - Completed /viper/ptmp/arego/Red_T_7K_1_EN_100/4931.h5 in 12.19 seconds
2025-09-19 07:02:14,765 - INFO - Processing /viper/ptmp/arego/Red_T_7K_1/21756.h5
2025-09-19 07:02:14,848 - INFO - Completed /viper/ptmp/arego/Red_T_7K_1_EN_100/2103.h5 in 3.65 seconds
2025-09-19 07:02:14,890 - INFO - Processing /viper/ptmp/arego/Red_T_7K_1/11088.h5
2025-09-19 07:02:15,050 - INFO - File 23384: Filtered 1929831 hits and 3 records
2025-09-19 07:02:15,504 - INFO - Completed /viper/ptmp/arego/Red_T_7K_1_EN_100/8156.h5 in 8.91 seconds
2025-09-19 07:02:15,532 - INFO - File 11088: Filtered 1394848 hits and 6 records
2025-09-19 07:02:15,576 - INFO - File 21756: Filtered 3547604 hits and 5 records
2025-09-19 07:02:15,604 - INFO - Processing /viper/ptmp/arego/Red_T_7K_1/8568.h5
2025-09-19 07:02:16,067 - INFO - Completed /viper/ptmp/arego/Red_T_7K_1_EN_100/4942.h5 in 2.59 seconds
2025-09-19 07:02:16,154 - INFO - Processing /viper/ptmp/arego/Red_T_7K_1/3345.h5
2025-09-19 07:02:16,357 - INFO - File 8568: Filtered 852046 hits and 5 records
2025-09-19 07:02:16,821 - INFO - File 3345: Filtered 2329074 hits and 7 records
2025-09-19 07:02:17,782 - INFO - Completed /viper/ptmp/arego/Red_T_7K_1_EN_100/21756.h5 in 3.02 seconds
2025-09-19 07:02:17,812 - INFO - Completed /viper/ptmp/arego/Red_T_7K_1_EN_100/17523.h5 in 8.87 seconds
2025-09-19 07:02:17,847 - INFO - Processing /viper/ptmp/arego/Red_T_7K_1/20875.h5
2025-09-19 07:02:17,947 - INFO - Completed /viper/ptmp/arego/Red_T_7K_1_EN_100/13523.h5 in 7.40 seconds
2025-09-19 07:02:18,014 - INFO - Processing /viper/ptmp/arego/Red_T_7K_1/8859.h5
2025-09-19 07:02:18,183 - INFO - Processing /viper/ptmp/arego/Red_T_7K_1/14582.h5
2025-09-19 07:02:18,517 - INFO - Completed /viper/ptmp/arego/Red_T_7K_1_EN_100/10265.h5 in 11.62 seconds
2025-09-19 07:02:18,574 - INFO - File 20875: Filtered 1689353 hits and 3 records
2025-09-19 07:02:18,626 - INFO - Processing /viper/ptmp/arego/Red_T_7K_1/10829.h5
2025-09-19 07:02:18,651 - INFO - File 8859: Filtered 882601 hits and 8 records
2025-09-19 07:02:18,922 - INFO - Completed /viper/ptmp/arego/Red_T_7K_1_EN_100/3345.h5 in 2.77 seconds
2025-09-19 07:02:19,010 - INFO - Processing /viper/ptmp/arego/Red_T_7K_1/13411.h5
2025-09-19 07:02:19,010 - INFO - File 14582: Filtered 1359154 hits and 7 records
2025-09-19 07:02:19,157 - INFO - Completed /viper/ptmp/arego/Red_T_7K_1_EN_100/23384.h5 in 4.90 seconds
2025-09-19 07:02:19,235 - INFO - Processing /viper/ptmp/arego/Red_T_7K_1/2527.h5
2025-09-19 07:02:19,437 - INFO - File 10829: Filtered 1788365 hits and 8 records
2025-09-19 07:02:19,735 - INFO - File 13411: Filtered 1147577 hits and 6 records
2025-09-19 07:02:20,238 - INFO - Completed /viper/ptmp/arego/Red_T_7K_1_EN_100/17216.h5 in 14.27 seconds
2025-09-19 07:02:20,308 - INFO - Processing /viper/ptmp/arego/Red_T_7K_1/4316.h5
2025-09-19 07:02:20,930 - INFO - Completed /viper/ptmp/arego/Red_T_7K_1_EN_100/20737.h5 in 8.78 seconds
2025-09-19 07:02:21,035 - INFO - Processing /viper/ptmp/arego/Red_T_7K_1/13949.h5
2025-09-19 07:02:21,046 - INFO - File 4316: Filtered 512904 hits and 5 records
2025-09-19 07:02:21,268 - INFO - Completed /viper/ptmp/arego/Red_T_7K_1_EN_100/11088.h5 in 6.38 seconds
2025-09-19 07:02:21,324 - INFO - Processing /viper/ptmp/arego/Red_T_7K_1/16101.h5
2025-09-19 07:02:22,036 - INFO - File 13949: Filtered 762194 hits and 6 records
2025-09-19 07:02:22,039 - INFO - Completed /viper/ptmp/arego/Red_T_7K_1_EN_100/14788.h5 in 10.34 seconds
2025-09-19 07:02:22,082 - INFO - Processing /viper/ptmp/arego/Red_T_7K_1/1.h5
2025-09-19 07:02:22,122 - INFO - Completed /viper/ptmp/arego/Red_T_7K_1_EN_100/21789.h5 in 9.66 seconds
2025-09-19 07:02:22,218 - INFO - Processing /viper/ptmp/arego/Red_T_7K_1/19289.h5
2025-09-19 07:02:22,249 - INFO - File 16101: Filtered 257904 hits and 6 records
2025-09-19 07:02:22,606 - INFO - Completed /viper/ptmp/arego/Red_T_7K_1_EN_100/12346.h5 in 8.69 seconds
2025-09-19 07:02:22,682 - INFO - Processing /viper/ptmp/arego/Red_T_7K_1/10895.h5
2025-09-19 07:02:22,760 - INFO - Completed /viper/ptmp/arego/Red_T_7K_1_EN_100/10829.h5 in 4.13 seconds
2025-09-19 07:02:22,801 - INFO - File 1: Filtered 1810467 hits and 3 records
2025-09-19 07:02:22,807 - INFO - Processing /viper/ptmp/arego/Red_T_7K_1/8451.h5
2025-09-19 07:02:22,826 - INFO - Completed /viper/ptmp/arego/Red_T_7K_1_EN_100/5692.h5 in 10.82 seconds
2025-09-19 07:02:22,939 - INFO - Processing /viper/ptmp/arego/Red_T_7K_1/19737.h5
2025-09-19 07:02:22,980 - INFO - File 19289: Filtered 810689 hits and 3 records
2025-09-19 07:02:23,557 - INFO - File 8451: Filtered 435368 hits and 4 records
2025-09-19 07:02:23,640 - INFO - File 19737: Filtered 787478 hits and 2 records
2025-09-19 07:02:25,648 - INFO - Completed /viper/ptmp/arego/Red_T_7K_1_EN_100/15792.h5 in 12.69 seconds
2025-09-19 07:02:25,741 - INFO - Processing /viper/ptmp/arego/Red_T_7K_1/12819.h5
2025-09-19 07:02:25,953 - INFO - Completed /viper/ptmp/arego/Red_T_7K_1_EN_100/8568.h5 in 10.35 seconds
2025-09-19 07:02:26,013 - INFO - Processing /viper/ptmp/arego/Red_T_7K_1/22182.h5
2025-09-19 07:02:26,376 - INFO - File 2527: Filtered 1335589 hits and 5 records
2025-09-19 07:02:26,661 - INFO - Completed /viper/ptmp/arego/Red_T_7K_1_EN_100/1.h5 in 4.58 seconds
2025-09-19 07:02:26,681 - INFO - Completed /viper/ptmp/arego/Red_T_7K_1_EN_100/20875.h5 in 8.83 seconds
2025-09-19 07:02:26,688 - INFO - File 12819: Filtered 1825782 hits and 4 records
2025-09-19 07:02:26,742 - INFO - Processing /viper/ptmp/arego/Red_T_7K_1/20145.h5
2025-09-19 07:02:26,800 - INFO - Processing /viper/ptmp/arego/Red_T_7K_1/23294.h5
2025-09-19 07:02:26,943 - INFO - File 22182: Filtered 1211055 hits and 5 records
2025-09-19 07:02:27,141 - INFO - Completed /viper/ptmp/arego/Red_T_7K_1_EN_100/13411.h5 in 8.13 seconds
2025-09-19 07:02:27,198 - INFO - Processing /viper/ptmp/arego/Red_T_7K_1/5480.h5
2025-09-19 07:02:27,504 - INFO - File 10895: Filtered 624477 hits and 5 records
2025-09-19 07:02:27,605 - INFO - File 23294: Filtered 1468284 hits and 3 records
2025-09-19 07:02:27,618 - INFO - File 20145: Filtered 409819 hits and 1 records
2025-09-19 07:02:28,095 - INFO - File 5480: Filtered 1221708 hits and 3 records
2025-09-19 07:02:28,770 - INFO - Completed /viper/ptmp/arego/Red_T_7K_1_EN_100/14582.h5 in 10.59 seconds
2025-09-19 07:02:28,872 - INFO - Processing /viper/ptmp/arego/Red_T_7K_1/18750.h5
2025-09-19 07:02:29,828 - INFO - File 18750: Filtered 892775 hits and 4 records
2025-09-19 07:02:30,423 - INFO - Completed /viper/ptmp/arego/Red_T_7K_1_EN_100/13536.h5 in 19.60 seconds
2025-09-19 07:02:30,484 - INFO - Processing /viper/ptmp/arego/Red_T_7K_1/12670.h5
2025-09-19 07:02:31,153 - INFO - File 12670: Filtered 1303479 hits and 6 records
2025-09-19 07:02:31,465 - INFO - Completed /viper/ptmp/arego/Red_T_7K_1_EN_100/8859.h5 in 13.45 seconds
2025-09-19 07:02:31,551 - INFO - Processing /viper/ptmp/arego/Red_T_7K_1/4553.h5
2025-09-19 07:02:31,736 - INFO - Completed /viper/ptmp/arego/Red_T_7K_1_EN_100/4316.h5 in 11.43 seconds
2025-09-19 07:02:31,806 - INFO - Processing /viper/ptmp/arego/Red_T_7K_1/14155.h5
2025-09-19 07:02:32,289 - INFO - File 4553: Filtered 1909079 hits and 10 records
2025-09-19 07:02:32,785 - INFO - File 14155: Filtered 399231 hits and 4 records
2025-09-19 07:02:33,022 - INFO - Completed /viper/ptmp/arego/Red_T_7K_1_EN_100/12819.h5 in 7.28 seconds
2025-09-19 07:02:33,080 - INFO - Processing /viper/ptmp/arego/Red_T_7K_1/16368.h5
2025-09-19 07:02:33,931 - INFO - File 16368: Filtered 806179 hits and 6 records
2025-09-19 07:02:34,195 - INFO - Completed /viper/ptmp/arego/Red_T_7K_1_EN_100/19737.h5 in 11.26 seconds
2025-09-19 07:02:34,282 - INFO - Processing /viper/ptmp/arego/Red_T_7K_1/13761.h5
2025-09-19 07:02:34,309 - INFO - Completed /viper/ptmp/arego/Red_T_7K_1_EN_100/2527.h5 in 15.07 seconds
2025-09-19 07:02:34,563 - INFO - Processing /viper/ptmp/arego/Red_T_7K_1/3401.h5
2025-09-19 07:02:34,623 - INFO - Completed /viper/ptmp/arego/Red_T_7K_1_EN_100/19289.h5 in 12.41 seconds
2025-09-19 07:02:34,662 - INFO - Processing /viper/ptmp/arego/Red_T_7K_1/13771.h5
2025-09-19 07:02:34,999 - INFO - File 13761: Filtered 239442 hits and 4 records
2025-09-19 07:02:35,456 - INFO - File 13771: Filtered 1813528 hits and 4 records
2025-09-19 07:02:35,488 - INFO - File 3401: Filtered 2019575 hits and 6 records
2025-09-19 07:02:35,818 - INFO - Completed /viper/ptmp/arego/Red_T_7K_1_EN_100/22182.h5 in 9.80 seconds
2025-09-19 07:02:35,878 - INFO - Completed /viper/ptmp/arego/Red_T_7K_1_EN_100/23294.h5 in 9.08 seconds
2025-09-19 07:02:35,883 - INFO - Processing /viper/ptmp/arego/Red_T_7K_1/21279.h5
2025-09-19 07:02:36,076 - INFO - Completed /viper/ptmp/arego/Red_T_7K_1_EN_100/5480.h5 in 8.88 seconds
2025-09-19 07:02:36,133 - INFO - Completed /viper/ptmp/arego/Red_T_7K_1_EN_100/13949.h5 in 15.10 seconds
2025-09-19 07:02:36,155 - INFO - Processing /viper/ptmp/arego/Red_T_7K_1/20278.h5
2025-09-19 07:02:36,185 - INFO - Processing /viper/ptmp/arego/Red_T_7K_1/6444.h5
2025-09-19 07:02:36,512 - INFO - Processing /viper/ptmp/arego/Red_T_7K_1/3441.h5
2025-09-19 07:02:36,562 - INFO - Completed /viper/ptmp/arego/Red_T_7K_1_EN_100/8451.h5 in 13.76 seconds
2025-09-19 07:02:36,657 - INFO - File 21279: Filtered 1757733 hits and 6 records
2025-09-19 07:02:36,852 - INFO - Completed /viper/ptmp/arego/Red_T_7K_1_EN_100/16101.h5 in 15.53 seconds
2025-09-19 07:02:36,926 - INFO - Processing /viper/ptmp/arego/Red_T_7K_1/22660.h5
2025-09-19 07:02:36,933 - INFO - Processing /viper/ptmp/arego/Red_T_7K_1/20101.h5
2025-09-19 07:02:37,099 - INFO - File 20278: Filtered 1321262 hits and 2 records
2025-09-19 07:02:37,165 - INFO - File 6444: Filtered 945143 hits and 4 records
2025-09-19 07:02:37,487 - INFO - File 3441: Filtered 2282946 hits and 8 records
2025-09-19 07:02:37,703 - INFO - File 22660: Filtered 1050265 hits and 4 records
2025-09-19 07:02:37,898 - INFO - Completed /viper/ptmp/arego/Red_T_7K_1_EN_100/12670.h5 in 7.41 seconds
2025-09-19 07:02:37,959 - INFO - Processing /viper/ptmp/arego/Red_T_7K_1/21743.h5
2025-09-19 07:02:37,973 - INFO - File 20101: Filtered 2174285 hits and 5 records
2025-09-19 07:02:38,511 - INFO - Completed /viper/ptmp/arego/Red_T_7K_1_EN_100/4553.h5 in 6.96 seconds
2025-09-19 07:02:38,594 - INFO - Processing /viper/ptmp/arego/Red_T_7K_1/1341.h5
2025-09-19 07:02:38,704 - INFO - File 21743: Filtered 1474995 hits and 3 records
2025-09-19 07:02:39,444 - INFO - File 1341: Filtered 902075 hits and 3 records
2025-09-19 07:02:39,899 - INFO - Completed /viper/ptmp/arego/Red_T_7K_1_EN_100/20145.h5 in 13.16 seconds
2025-09-19 07:02:39,963 - INFO - Processing /viper/ptmp/arego/Red_T_7K_1/20166.h5
2025-09-19 07:02:40,833 - INFO - File 20166: Filtered 1684680 hits and 5 records
2025-09-19 07:02:41,299 - INFO - Completed /viper/ptmp/arego/Red_T_7K_1_EN_100/3401.h5 in 6.74 seconds
2025-09-19 07:02:41,356 - INFO - Processing /viper/ptmp/arego/Red_T_7K_1/12113.h5
2025-09-19 07:02:41,470 - INFO - Completed /viper/ptmp/arego/Red_T_7K_1_EN_100/21279.h5 in 5.59 seconds
2025-09-19 07:02:41,556 - INFO - Processing /viper/ptmp/arego/Red_T_7K_1/19702.h5
2025-09-19 07:02:42,141 - INFO - File 12113: Filtered 1640872 hits and 5 records
2025-09-19 07:02:42,350 - INFO - Completed /viper/ptmp/arego/Red_T_7K_1_EN_100/3441.h5 in 5.84 seconds
2025-09-19 07:02:42,462 - INFO - Processing /viper/ptmp/arego/Red_T_7K_1/8862.h5
2025-09-19 07:02:42,641 - INFO - File 19702: Filtered 1001658 hits and 4 records
2025-09-19 07:02:42,831 - INFO - Completed /viper/ptmp/arego/Red_T_7K_1_EN_100/13771.h5 in 8.17 seconds
2025-09-19 07:02:42,930 - INFO - Processing /viper/ptmp/arego/Red_T_7K_1/15980.h5
2025-09-19 07:02:43,048 - INFO - Completed /viper/ptmp/arego/Red_T_7K_1_EN_100/18750.h5 in 14.18 seconds
2025-09-19 07:02:43,076 - INFO - Completed /viper/ptmp/arego/Red_T_7K_1_EN_100/10895.h5 in 20.39 seconds
2025-09-19 07:02:43,143 - INFO - Processing /viper/ptmp/arego/Red_T_7K_1/5160.h5
2025-09-19 07:02:43,318 - INFO - Processing /viper/ptmp/arego/Red_T_7K_1/16087.h5
2025-09-19 07:02:43,499 - INFO - File 8862: Filtered 1272188 hits and 7 records
2025-09-19 07:02:43,932 - INFO - File 15980: Filtered 1810935 hits and 7 records
2025-09-19 07:02:43,979 - INFO - File 5160: Filtered 1744784 hits and 6 records
2025-09-19 07:02:44,400 - INFO - File 16087: Filtered 2578124 hits and 5 records
2025-09-19 07:02:44,413 - INFO - Completed /viper/ptmp/arego/Red_T_7K_1_EN_100/16368.h5 in 11.33 seconds
2025-09-19 07:02:44,521 - INFO - Processing /viper/ptmp/arego/Red_T_7K_1/23134.h5
2025-09-19 07:02:45,397 - INFO - Completed /viper/ptmp/arego/Red_T_7K_1_EN_100/20101.h5 in 8.46 seconds
2025-09-19 07:02:45,470 - INFO - Processing /viper/ptmp/arego/Red_T_7K_1/22269.h5
2025-09-19 07:02:45,516 - INFO - File 23134: Filtered 3127533 hits and 6 records
2025-09-19 07:02:45,607 - INFO - Completed /viper/ptmp/arego/Red_T_7K_1_EN_100/20278.h5 in 9.45 seconds
2025-09-19 07:02:45,667 - INFO - Processing /viper/ptmp/arego/Red_T_7K_1/517.h5
2025-09-19 07:02:46,057 - INFO - Completed /viper/ptmp/arego/Red_T_7K_1_EN_100/14155.h5 in 14.25 seconds
2025-09-19 07:02:46,166 - INFO - Processing /viper/ptmp/arego/Red_T_7K_1/1567.h5
2025-09-19 07:02:46,275 - INFO - File 22269: Filtered 1765139 hits and 4 records
2025-09-19 07:02:46,461 - INFO - File 517: Filtered 1459372 hits and 3 records
2025-09-19 07:02:46,693 - INFO - Completed /viper/ptmp/arego/Red_T_7K_1_EN_100/21743.h5 in 8.73 seconds
2025-09-19 07:02:46,755 - INFO - Processing /viper/ptmp/arego/Red_T_7K_1/19771.h5
2025-09-19 07:02:46,975 - INFO - Completed /viper/ptmp/arego/Red_T_7K_1_EN_100/13761.h5 in 12.69 seconds
2025-09-19 07:02:47,011 - INFO - Processing /viper/ptmp/arego/Red_T_7K_1/17839.h5
2025-09-19 07:02:47,046 - INFO - File 1567: Filtered 1330926 hits and 6 records
2025-09-19 07:02:47,625 - INFO - File 19771: Filtered 894426 hits and 4 records
2025-09-19 07:02:47,779 - INFO - File 17839: Filtered 2085054 hits and 4 records
2025-09-19 07:02:48,203 - INFO - Completed /viper/ptmp/arego/Red_T_7K_1_EN_100/22660.h5 in 11.28 seconds
2025-09-19 07:02:48,264 - INFO - Processing /viper/ptmp/arego/Red_T_7K_1/17962.h5
2025-09-19 07:02:49,050 - INFO - Completed /viper/ptmp/arego/Red_T_7K_1_EN_100/12113.h5 in 7.69 seconds
2025-09-19 07:02:49,114 - INFO - Processing /viper/ptmp/arego/Red_T_7K_1/14423.h5
2025-09-19 07:02:49,142 - INFO - File 17962: Filtered 344746 hits and 2 records
2025-09-19 07:02:49,897 - INFO - Completed /viper/ptmp/arego/Red_T_7K_1_EN_100/20166.h5 in 9.93 seconds
2025-09-19 07:02:49,991 - INFO - Processing /viper/ptmp/arego/Red_T_7K_1/1844.h5
2025-09-19 07:02:49,995 - INFO - File 14423: Filtered 1061081 hits and 4 records
2025-09-19 07:02:50,192 - INFO - Completed /viper/ptmp/arego/Red_T_7K_1_EN_100/1341.h5 in 11.60 seconds
2025-09-19 07:02:50,231 - INFO - Processing /viper/ptmp/arego/Red_T_7K_1/3056.h5
2025-09-19 07:02:50,256 - INFO - Completed /viper/ptmp/arego/Red_T_7K_1_EN_100/23134.h5 in 5.73 seconds
2025-09-19 07:02:50,267 - INFO - Completed /viper/ptmp/arego/Red_T_7K_1_EN_100/16087.h5 in 6.95 seconds
2025-09-19 07:02:50,337 - INFO - Processing /viper/ptmp/arego/Red_T_7K_1/17693.h5
2025-09-19 07:02:50,453 - INFO - Completed /viper/ptmp/arego/Red_T_7K_1_EN_100/6444.h5 in 14.27 seconds
2025-09-19 07:02:50,580 - INFO - Processing /viper/ptmp/arego/Red_T_7K_1/5072.h5
2025-09-19 07:02:50,820 - INFO - File 1844: Filtered 2344519 hits and 5 records
2025-09-19 07:02:50,928 - INFO - Processing /viper/ptmp/arego/Red_T_7K_1/1140.h5
2025-09-19 07:02:51,065 - INFO - Completed /viper/ptmp/arego/Red_T_7K_1_EN_100/5160.h5 in 7.92 seconds
2025-09-19 07:02:51,135 - INFO - Processing /viper/ptmp/arego/Red_T_7K_1/1121.h5
2025-09-19 07:02:51,165 - INFO - File 3056: Filtered 1165161 hits and 5 records
2025-09-19 07:02:51,484 - INFO - File 17693: Filtered 405433 hits and 5 records
2025-09-19 07:02:52,027 - INFO - File 1140: Filtered 1550795 hits and 6 records
2025-09-19 07:02:52,053 - INFO - File 1121: Filtered 1515625 hits and 4 records
2025-09-19 07:02:52,243 - INFO - File 5072: Filtered 562139 hits and 3 records
2025-09-19 07:02:53,547 - INFO - Completed /viper/ptmp/arego/Red_T_7K_1_EN_100/17839.h5 in 6.54 seconds
2025-09-19 07:02:53,648 - INFO - Processing /viper/ptmp/arego/Red_T_7K_1/20003.h5
2025-09-19 07:02:53,888 - INFO - Completed /viper/ptmp/arego/Red_T_7K_1_EN_100/15980.h5 in 10.96 seconds
2025-09-19 07:02:53,986 - INFO - Processing /viper/ptmp/arego/Red_T_7K_1/5811.h5
2025-09-19 07:02:54,541 - INFO - File 20003: Filtered 2087531 hits and 4 records
2025-09-19 07:02:54,586 - INFO - Completed /viper/ptmp/arego/Red_T_7K_1_EN_100/8862.h5 in 12.12 seconds
2025-09-19 07:02:54,655 - INFO - Processing /viper/ptmp/arego/Red_T_7K_1/3403.h5
2025-09-19 07:02:55,050 - INFO - File 5811: Filtered 1282377 hits and 2 records
2025-09-19 07:02:55,149 - INFO - Completed /viper/ptmp/arego/Red_T_7K_1_EN_100/517.h5 in 9.48 seconds
2025-09-19 07:02:55,218 - INFO - Processing /viper/ptmp/arego/Red_T_7K_1/5413.h5
2025-09-19 07:02:55,726 - INFO - File 3403: Filtered 450883 hits and 5 records
2025-09-19 07:02:55,916 - INFO - Completed /viper/ptmp/arego/Red_T_7K_1_EN_100/19702.h5 in 14.36 seconds
2025-09-19 07:02:55,992 - INFO - Processing /viper/ptmp/arego/Red_T_7K_1/1668.h5
2025-09-19 07:02:56,095 - INFO - File 5413: Filtered 1541920 hits and 3 records
2025-09-19 07:02:56,478 - INFO - Completed /viper/ptmp/arego/Red_T_7K_1_EN_100/22269.h5 in 11.01 seconds
2025-09-19 07:02:56,582 - INFO - Processing /viper/ptmp/arego/Red_T_7K_1/19559.h5
2025-09-19 07:02:56,906 - INFO - Completed /viper/ptmp/arego/Red_T_7K_1_EN_100/1844.h5 in 6.91 seconds
2025-09-19 07:02:56,967 - INFO - File 1668: Filtered 1707868 hits and 4 records
2025-09-19 07:02:56,978 - INFO - Processing /viper/ptmp/arego/Red_T_7K_1/4219.h5
2025-09-19 07:02:57,447 - INFO - Completed /viper/ptmp/arego/Red_T_7K_1_EN_100/19771.h5 in 10.69 seconds
2025-09-19 07:02:57,520 - INFO - Processing /viper/ptmp/arego/Red_T_7K_1/2732.h5
2025-09-19 07:02:57,710 - INFO - File 19559: Filtered 695259 hits and 5 records
2025-09-19 07:02:57,924 - INFO - File 4219: Filtered 568955 hits and 6 records
2025-09-19 07:02:59,028 - INFO - File 2732: Filtered 1007905 hits and 4 records
2025-09-19 07:02:59,816 - INFO - Completed /viper/ptmp/arego/Red_T_7K_1_EN_100/1567.h5 in 13.65 seconds
2025-09-19 07:02:59,835 - INFO - Completed /viper/ptmp/arego/Red_T_7K_1_EN_100/3056.h5 in 9.60 seconds
2025-09-19 07:02:59,861 - INFO - Processing /viper/ptmp/arego/Red_T_7K_1/15897.h5
2025-09-19 07:02:59,905 - INFO - Processing /viper/ptmp/arego/Red_T_7K_1/15399.h5
2025-09-19 07:03:00,744 - INFO - File 15399: Filtered 1418631 hits and 5 records
2025-09-19 07:03:00,790 - INFO - File 15897: Filtered 634780 hits and 3 records
2025-09-19 07:03:00,887 - INFO - Completed /viper/ptmp/arego/Red_T_7K_1_EN_100/14423.h5 in 11.77 seconds
2025-09-19 07:03:00,987 - INFO - Processing /viper/ptmp/arego/Red_T_7K_1/12396.h5
2025-09-19 07:03:01,885 - INFO - File 12396: Filtered 3167771 hits and 8 records
2025-09-19 07:03:02,058 - INFO - Completed /viper/ptmp/arego/Red_T_7K_1_EN_100/1121.h5 in 10.92 seconds
2025-09-19 07:03:02,119 - INFO - Processing /viper/ptmp/arego/Red_T_7K_1/13194.h5
2025-09-19 07:03:02,669 - INFO - Completed /viper/ptmp/arego/Red_T_7K_1_EN_100/1140.h5 in 11.74 seconds
2025-09-19 07:03:02,743 - INFO - Processing /viper/ptmp/arego/Red_T_7K_1/797.h5
2025-09-19 07:03:03,146 - INFO - File 13194: Filtered 1546448 hits and 5 records
2025-09-19 07:03:03,173 - INFO - Completed /viper/ptmp/arego/Red_T_7K_1_EN_100/17962.h5 in 14.91 seconds
2025-09-19 07:03:03,198 - INFO - Completed /viper/ptmp/arego/Red_T_7K_1_EN_100/20003.h5 in 9.55 seconds
2025-09-19 07:03:03,237 - INFO - Processing /viper/ptmp/arego/Red_T_7K_1/143.h5
2025-09-19 07:03:03,475 - INFO - Processing /viper/ptmp/arego/Red_T_7K_1/13668.h5
2025-09-19 07:03:03,877 - INFO - File 797: Filtered 1444341 hits and 5 records
2025-09-19 07:03:04,210 - INFO - File 143: Filtered 1700086 hits and 7 records
2025-09-19 07:03:04,481 - INFO - File 13668: Filtered 2902267 hits and 4 records
2025-09-19 07:03:05,766 - INFO - Completed /viper/ptmp/arego/Red_T_7K_1_EN_100/5413.h5 in 10.55 seconds
2025-09-19 07:03:05,832 - INFO - Processing /viper/ptmp/arego/Red_T_7K_1/22653.h5
2025-09-19 07:03:06,878 - INFO - File 22653: Filtered 1296574 hits and 4 records
2025-09-19 07:03:07,620 - INFO - Completed /viper/ptmp/arego/Red_T_7K_1_EN_100/12396.h5 in 6.63 seconds
2025-09-19 07:03:07,680 - INFO - Processing /viper/ptmp/arego/Red_T_7K_1/18229.h5
2025-09-19 07:03:08,047 - INFO - Completed /viper/ptmp/arego/Red_T_7K_1_EN_100/5811.h5 in 14.06 seconds
2025-09-19 07:03:08,110 - INFO - Processing /viper/ptmp/arego/Red_T_7K_1/14400.h5
2025-09-19 07:03:08,255 - INFO - Completed /viper/ptmp/arego/Red_T_7K_1_EN_100/4219.h5 in 11.28 seconds
2025-09-19 07:03:08,306 - INFO - Completed /viper/ptmp/arego/Red_T_7K_1_EN_100/1668.h5 in 12.31 seconds
2025-09-19 07:03:08,320 - INFO - Processing /viper/ptmp/arego/Red_T_7K_1/7377.h5
2025-09-19 07:03:08,463 - INFO - Processing /viper/ptmp/arego/Red_T_7K_1/20454.h5
2025-09-19 07:03:08,666 - INFO - File 18229: Filtered 1795852 hits and 4 records
2025-09-19 07:03:09,146 - INFO - File 14400: Filtered 3744880 hits and 4 records
2025-09-19 07:03:09,321 - INFO - File 7377: Filtered 3858102 hits and 8 records
2025-09-19 07:03:09,360 - INFO - Completed /viper/ptmp/arego/Red_T_7K_1_EN_100/17693.h5 in 19.02 seconds
2025-09-19 07:03:09,453 - INFO - Processing /viper/ptmp/arego/Red_T_7K_1/610.h5
2025-09-19 07:03:10,139 - INFO - File 20454: Filtered 384998 hits and 3 records
2025-09-19 07:03:10,586 - INFO - Completed /viper/ptmp/arego/Red_T_7K_1_EN_100/13668.h5 in 7.11 seconds
2025-09-19 07:03:10,598 - INFO - Completed /viper/ptmp/arego/Red_T_7K_1_EN_100/15399.h5 in 10.69 seconds
2025-09-19 07:03:10,662 - INFO - Processing /viper/ptmp/arego/Red_T_7K_1/14813.h5
2025-09-19 07:03:10,862 - INFO - Processing /viper/ptmp/arego/Red_T_7K_1/382.h5
2025-09-19 07:03:11,012 - INFO - File 610: Filtered 168969 hits and 2 records
2025-09-19 07:03:11,412 - INFO - Completed /viper/ptmp/arego/Red_T_7K_1_EN_100/3403.h5 in 16.76 seconds
2025-09-19 07:03:11,537 - INFO - Processing /viper/ptmp/arego/Red_T_7K_1/5895.h5
2025-09-19 07:03:11,712 - INFO - File 14813: Filtered 1612959 hits and 4 records
2025-09-19 07:03:11,933 - INFO - File 382: Filtered 2057431 hits and 9 records
2025-09-19 07:03:11,937 - INFO - Completed /viper/ptmp/arego/Red_T_7K_1_EN_100/14400.h5 in 3.83 seconds
2025-09-19 07:03:12,020 - INFO - Processing /viper/ptmp/arego/Red_T_7K_1/9619.h5
2025-09-19 07:03:12,667 - INFO - File 5895: Filtered 2092076 hits and 7 records
2025-09-19 07:03:12,842 - INFO - Completed /viper/ptmp/arego/Red_T_7K_1_EN_100/7377.h5 in 4.52 seconds
2025-09-19 07:03:12,928 - INFO - Processing /viper/ptmp/arego/Red_T_7K_1/15538.h5
2025-09-19 07:03:12,979 - INFO - Completed /viper/ptmp/arego/Red_T_7K_1_EN_100/19559.h5 in 16.40 seconds
2025-09-19 07:03:13,076 - INFO - Processing /viper/ptmp/arego/Red_T_7K_1/15784.h5
2025-09-19 07:03:13,132 - INFO - File 9619: Filtered 2807671 hits and 8 records
2025-09-19 07:03:13,300 - INFO - Completed /viper/ptmp/arego/Red_T_7K_1_EN_100/13194.h5 in 11.18 seconds
2025-09-19 07:03:13,387 - INFO - Processing /viper/ptmp/arego/Red_T_7K_1/15180.h5
2025-09-19 07:03:14,143 - INFO - File 15538: Filtered 1673388 hits and 5 records
2025-09-19 07:03:14,182 - INFO - Completed /viper/ptmp/arego/Red_T_7K_1_EN_100/143.h5 in 10.94 seconds
2025-09-19 07:03:14,205 - INFO - File 15784: Filtered 2065327 hits and 3 records
2025-09-19 07:03:14,253 - INFO - Processing /viper/ptmp/arego/Red_T_7K_1/9556.h5
2025-09-19 07:03:14,671 - INFO - File 15180: Filtered 2192078 hits and 6 records
2025-09-19 07:03:15,682 - INFO - Completed /viper/ptmp/arego/Red_T_7K_1_EN_100/15897.h5 in 15.82 seconds
2025-09-19 07:03:15,749 - INFO - Processing /viper/ptmp/arego/Red_T_7K_1/11716.h5
2025-09-19 07:03:16,347 - INFO - File 9556: Filtered 841586 hits and 6 records
2025-09-19 07:03:17,369 - INFO - Completed /viper/ptmp/arego/Red_T_7K_1_EN_100/18229.h5 in 9.69 seconds
2025-09-19 07:03:17,448 - INFO - Processing /viper/ptmp/arego/Red_T_7K_1/19666.h5
2025-09-19 07:03:18,067 - INFO - Completed /viper/ptmp/arego/Red_T_7K_1_EN_100/5072.h5 in 27.49 seconds
2025-09-19 07:03:18,167 - INFO - Processing /viper/ptmp/arego/Red_T_7K_1/12027.h5
2025-09-19 07:03:18,404 - INFO - File 11716: Filtered 53755 hits and 2 records
2025-09-19 07:03:18,457 - INFO - File 19666: Filtered 1365326 hits and 4 records
2025-09-19 07:03:19,026 - INFO - Completed /viper/ptmp/arego/Red_T_7K_1_EN_100/797.h5 in 16.28 seconds
2025-09-19 07:03:19,138 - INFO - Processing /viper/ptmp/arego/Red_T_7K_1/5385.h5
2025-09-19 07:03:19,428 - INFO - Completed /viper/ptmp/arego/Red_T_7K_1_EN_100/22653.h5 in 13.60 seconds
2025-09-19 07:03:19,491 - INFO - Processing /viper/ptmp/arego/Red_T_7K_1/17197.h5
2025-09-19 07:03:20,249 - INFO - Completed /viper/ptmp/arego/Red_T_7K_1_EN_100/9619.h5 in 8.23 seconds
2025-09-19 07:03:20,257 - INFO - File 12027: Filtered 4728952 hits and 6 records
2025-09-19 07:03:20,333 - INFO - Processing /viper/ptmp/arego/Red_T_7K_1/11922.h5
2025-09-19 07:03:20,530 - INFO - File 5385: Filtered 2177215 hits and 6 records
2025-09-19 07:03:20,553 - INFO - File 17197: Filtered 1404311 hits and 4 records
2025-09-19 07:03:21,396 - INFO - File 11922: Filtered 2909926 hits and 7 records
2025-09-19 07:03:22,562 - INFO - Completed /viper/ptmp/arego/Red_T_7K_1_EN_100/382.h5 in 11.70 seconds
2025-09-19 07:03:22,627 - INFO - Processing /viper/ptmp/arego/Red_T_7K_1/22486.h5
2025-09-19 07:03:23,278 - INFO - Completed /viper/ptmp/arego/Red_T_7K_1_EN_100/2732.h5 in 25.76 seconds
2025-09-19 07:03:23,352 - INFO - Processing /viper/ptmp/arego/Red_T_7K_1/5274.h5
2025-09-19 07:03:23,459 - INFO - Completed /viper/ptmp/arego/Red_T_7K_1_EN_100/14813.h5 in 12.80 seconds
2025-09-19 07:03:23,643 - INFO - Processing /viper/ptmp/arego/Red_T_7K_1/21751.h5
2025-09-19 07:03:23,671 - INFO - File 22486: Filtered 1955064 hits and 6 records
2025-09-19 07:03:24,720 - INFO - File 5274: Filtered 791460 hits and 4 records
2025-09-19 07:03:24,790 - INFO - File 21751: Filtered 3007195 hits and 8 records
2025-09-19 07:03:25,167 - INFO - Completed /viper/ptmp/arego/Red_T_7K_1_EN_100/5895.h5 in 13.63 seconds
2025-09-19 07:03:25,261 - INFO - Processing /viper/ptmp/arego/Red_T_7K_1/17333.h5
2025-09-19 07:03:25,546 - INFO - Completed /viper/ptmp/arego/Red_T_7K_1_EN_100/15784.h5 in 12.47 seconds
2025-09-19 07:03:25,626 - INFO - Processing /viper/ptmp/arego/Red_T_7K_1/22541.h5
2025-09-19 07:03:26,600 - INFO - File 17333: Filtered 2472263 hits and 5 records
2025-09-19 07:03:27,022 - INFO - File 22541: Filtered 1774604 hits and 3 records
2025-09-19 07:03:27,472 - INFO - Completed /viper/ptmp/arego/Red_T_7K_1_EN_100/15180.h5 in 14.08 seconds
2025-09-19 07:03:27,562 - INFO - Processing /viper/ptmp/arego/Red_T_7K_1/18095.h5
2025-09-19 07:03:28,322 - INFO - Completed /viper/ptmp/arego/Red_T_7K_1_EN_100/15538.h5 in 15.39 seconds
2025-09-19 07:03:28,376 - INFO - Processing /viper/ptmp/arego/Red_T_7K_1/2415.h5
2025-09-19 07:03:28,881 - INFO - File 18095: Filtered 642297 hits and 5 records
2025-09-19 07:03:29,412 - INFO - Completed /viper/ptmp/arego/Red_T_7K_1_EN_100/11922.h5 in 9.08 seconds
2025-09-19 07:03:29,504 - INFO - Processing /viper/ptmp/arego/Red_T_7K_1/23128.h5
2025-09-19 07:03:29,635 - INFO - File 2415: Filtered 1593677 hits and 2 records
2025-09-19 07:03:30,680 - INFO - File 23128: Filtered 4477319 hits and 5 records
2025-09-19 07:03:31,737 - INFO - Completed /viper/ptmp/arego/Red_T_7K_1_EN_100/5385.h5 in 12.60 seconds
2025-09-19 07:03:31,791 - INFO - Processing /viper/ptmp/arego/Red_T_7K_1/16601.h5
2025-09-19 07:03:32,951 - INFO - File 16601: Filtered 2494146 hits and 6 records
2025-09-19 07:03:33,601 - INFO - Completed /viper/ptmp/arego/Red_T_7K_1_EN_100/17197.h5 in 14.11 seconds
2025-09-19 07:03:33,666 - INFO - Processing /viper/ptmp/arego/Red_T_7K_1/5037.h5
2025-09-19 07:03:33,686 - INFO - Completed /viper/ptmp/arego/Red_T_7K_1_EN_100/23128.h5 in 4.18 seconds
2025-09-19 07:03:33,741 - INFO - Processing /viper/ptmp/arego/Red_T_7K_1/22644.h5
2025-09-19 07:03:34,145 - INFO - Completed /viper/ptmp/arego/Red_T_7K_1_EN_100/21751.h5 in 10.50 seconds
2025-09-19 07:03:34,242 - INFO - Processing /viper/ptmp/arego/Red_T_7K_1/7758.h5
2025-09-19 07:03:34,733 - INFO - File 5037: Filtered 2008682 hits and 2 records
2025-09-19 07:03:34,928 - INFO - File 22644: Filtered 2350006 hits and 7 records
2025-09-19 07:03:35,122 - INFO - Completed /viper/ptmp/arego/Red_T_7K_1_EN_100/19666.h5 in 17.67 seconds
2025-09-19 07:03:35,181 - INFO - Processing /viper/ptmp/arego/Red_T_7K_1/21998.h5
2025-09-19 07:03:35,482 - INFO - File 7758: Filtered 1531052 hits and 4 records
2025-09-19 07:03:36,450 - INFO - File 21998: Filtered 2801426 hits and 4 records
2025-09-19 07:03:37,700 - INFO - Completed /viper/ptmp/arego/Red_T_7K_1_EN_100/22486.h5 in 15.07 seconds
2025-09-19 07:03:37,798 - INFO - Processing /viper/ptmp/arego/Red_T_7K_1/14978.h5
2025-09-19 07:03:38,549 - INFO - Completed /viper/ptmp/arego/Red_T_7K_1_EN_100/20454.h5 in 30.09 seconds
2025-09-19 07:03:38,615 - INFO - Processing /viper/ptmp/arego/Red_T_7K_1/20662.h5
2025-09-19 07:03:38,942 - INFO - File 14978: Filtered 2214109 hits and 7 records
2025-09-19 07:03:39,769 - INFO - File 20662: Filtered 1872577 hits and 8 records
2025-09-19 07:03:39,953 - INFO - Completed /viper/ptmp/arego/Red_T_7K_1_EN_100/17333.h5 in 14.69 seconds
2025-09-19 07:03:40,038 - INFO - Processing /viper/ptmp/arego/Red_T_7K_1/5864.h5
2025-09-19 07:03:41,234 - INFO - Completed /viper/ptmp/arego/Red_T_7K_1_EN_100/610.h5 in 31.78 seconds
2025-09-19 07:03:41,261 - INFO - File 5864: Filtered 2167029 hits and 3 records
2025-09-19 07:03:41,340 - INFO - Processing /viper/ptmp/arego/Red_T_7K_1/21577.h5
2025-09-19 07:03:41,907 - INFO - Completed /viper/ptmp/arego/Red_T_7K_1_EN_100/12027.h5 in 23.74 seconds
2025-09-19 07:03:41,995 - INFO - Processing /viper/ptmp/arego/Red_T_7K_1/5572.h5
2025-09-19 07:03:43,234 - INFO - File 5572: Filtered 3034383 hits and 5 records
2025-09-19 07:03:43,300 - INFO - Completed /viper/ptmp/arego/Red_T_7K_1_EN_100/2415.h5 in 14.92 seconds
2025-09-19 07:03:43,361 - INFO - Processing /viper/ptmp/arego/Red_T_7K_1/17029.h5
2025-09-19 07:03:44,092 - INFO - Completed /viper/ptmp/arego/Red_T_7K_1_EN_100/22541.h5 in 18.47 seconds
2025-09-19 07:03:44,197 - INFO - Processing /viper/ptmp/arego/Red_T_7K_1/170.h5
2025-09-19 07:03:44,490 - INFO - File 17029: Filtered 2558698 hits and 5 records
2025-09-19 07:03:45,510 - INFO - Completed /viper/ptmp/arego/Red_T_7K_1_EN_100/18095.h5 in 17.95 seconds
2025-09-19 07:03:45,592 - INFO - Processing /viper/ptmp/arego/Red_T_7K_1/2047.h5
2025-09-19 07:03:45,731 - INFO - File 170: Filtered 2313980 hits and 6 records
2025-09-19 07:03:45,878 - INFO - Completed /viper/ptmp/arego/Red_T_7K_1_EN_100/5274.h5 in 22.53 seconds
2025-09-19 07:03:45,951 - INFO - Processing /viper/ptmp/arego/Red_T_7K_1/1364.h5
2025-09-19 07:03:46,298 - INFO - Completed /viper/ptmp/arego/Red_T_7K_1_EN_100/21998.h5 in 11.12 seconds
2025-09-19 07:03:46,354 - INFO - Processing /viper/ptmp/arego/Red_T_7K_1/4722.h5
2025-09-19 07:03:46,667 - INFO - File 21577: Filtered 204098 hits and 2 records
2025-09-19 07:03:46,769 - INFO - Completed /viper/ptmp/arego/Red_T_7K_1_EN_100/5037.h5 in 13.10 seconds
2025-09-19 07:03:46,816 - INFO - Processing /viper/ptmp/arego/Red_T_7K_1/1816.h5
2025-09-19 07:03:47,014 - INFO - File 2047: Filtered 1440976 hits and 4 records
2025-09-19 07:03:47,071 - INFO - Completed /viper/ptmp/arego/Red_T_7K_1_EN_100/16601.h5 in 15.28 seconds
2025-09-19 07:03:47,167 - INFO - Processing /viper/ptmp/arego/Red_T_7K_1/22889.h5
2025-09-19 07:03:47,564 - INFO - File 1364: Filtered 3184549 hits and 8 records
2025-09-19 07:03:47,727 - INFO - File 4722: Filtered 3819568 hits and 5 records
2025-09-19 07:03:48,251 - INFO - File 1816: Filtered 4122819 hits and 7 records
2025-09-19 07:03:48,735 - INFO - File 22889: Filtered 2089446 hits and 4 records
2025-09-19 07:03:48,990 - INFO - Completed /viper/ptmp/arego/Red_T_7K_1_EN_100/9556.h5 in 34.74 seconds
2025-09-19 07:03:49,060 - INFO - Processing /viper/ptmp/arego/Red_T_7K_1/5380.h5
2025-09-19 07:03:49,662 - INFO - Completed /viper/ptmp/arego/Red_T_7K_1_EN_100/22644.h5 in 15.92 seconds
2025-09-19 07:03:49,756 - INFO - Processing /viper/ptmp/arego/Red_T_7K_1/18546.h5
2025-09-19 07:03:50,425 - INFO - File 5380: Filtered 2235955 hits and 5 records
2025-09-19 07:03:50,455 - INFO - Completed /viper/ptmp/arego/Red_T_7K_1_EN_100/7758.h5 in 16.21 seconds
2025-09-19 07:03:50,523 - INFO - Processing /viper/ptmp/arego/Red_T_7K_1/2007.h5
2025-09-19 07:03:51,169 - INFO - File 18546: Filtered 1592232 hits and 4 records
2025-09-19 07:03:51,855 - INFO - File 2007: Filtered 2450561 hits and 4 records
2025-09-19 07:03:51,980 - INFO - Completed /viper/ptmp/arego/Red_T_7K_1_EN_100/14978.h5 in 14.18 seconds
2025-09-19 07:03:52,056 - INFO - Processing /viper/ptmp/arego/Red_T_7K_1/16397.h5
2025-09-19 07:03:53,371 - INFO - File 16397: Filtered 3012083 hits and 6 records
2025-09-19 07:03:55,761 - INFO - Completed /viper/ptmp/arego/Red_T_7K_1_EN_100/5864.h5 in 15.72 seconds
2025-09-19 07:03:55,769 - INFO - Completed /viper/ptmp/arego/Red_T_7K_1_EN_100/17029.h5 in 12.41 seconds
2025-09-19 07:03:55,855 - INFO - Processing /viper/ptmp/arego/Red_T_7K_1/19803.h5
2025-09-19 07:03:55,857 - INFO - Processing /viper/ptmp/arego/Red_T_7K_1/2401.h5
2025-09-19 07:03:56,240 - INFO - Completed /viper/ptmp/arego/Red_T_7K_1_EN_100/4722.h5 in 9.89 seconds
2025-09-19 07:03:56,303 - INFO - Processing /viper/ptmp/arego/Red_T_7K_1/9118.h5
2025-09-19 07:03:57,056 - INFO - Completed /viper/ptmp/arego/Red_T_7K_1_EN_100/20662.h5 in 18.44 seconds
2025-09-19 07:03:57,175 - INFO - Processing /viper/ptmp/arego/Red_T_7K_1/1508.h5
2025-09-19 07:03:57,223 - INFO - File 2401: Filtered 2888954 hits and 5 records
2025-09-19 07:03:57,348 - INFO - File 19803: Filtered 2188049 hits and 7 records
2025-09-19 07:03:57,754 - INFO - File 9118: Filtered 1349607 hits and 2 records
2025-09-19 07:03:58,188 - INFO - Completed /viper/ptmp/arego/Red_T_7K_1_EN_100/1816.h5 in 11.37 seconds
2025-09-19 07:03:58,250 - INFO - Processing /viper/ptmp/arego/Red_T_7K_1/13172.h5
2025-09-19 07:03:58,574 - INFO - Completed /viper/ptmp/arego/Red_T_7K_1_EN_100/5572.h5 in 16.58 seconds
2025-09-19 07:03:58,599 - INFO - Completed /viper/ptmp/arego/Red_T_7K_1_EN_100/11716.h5 in 42.85 seconds
2025-09-19 07:03:58,649 - INFO - File 1508: Filtered 723674 hits and 1 records
2025-09-19 07:03:58,682 - INFO - Processing /viper/ptmp/arego/Red_T_7K_1/16759.h5
2025-09-19 07:03:59,010 - INFO - Processing /viper/ptmp/arego/Red_T_7K_1/22461.h5
2025-09-19 07:03:59,800 - INFO - File 13172: Filtered 6437630 hits and 5 records
2025-09-19 07:03:59,857 - INFO - Completed /viper/ptmp/arego/Red_T_7K_1_EN_100/170.h5 in 15.66 seconds
2025-09-19 07:03:59,906 - INFO - Processing /viper/ptmp/arego/Red_T_7K_1/464.h5
2025-09-19 07:04:00,328 - INFO - File 16759: Filtered 2864763 hits and 5 records
2025-09-19 07:04:00,593 - INFO - File 22461: Filtered 3916516 hits and 7 records
2025-09-19 07:04:01,100 - INFO - Completed /viper/ptmp/arego/Red_T_7K_1_EN_100/1364.h5 in 15.15 seconds
2025-09-19 07:04:01,137 - INFO - Processing /viper/ptmp/arego/Red_T_7K_1/23296.h5
2025-09-19 07:04:01,423 - INFO - File 464: Filtered 4009528 hits and 8 records
2025-09-19 07:04:01,739 - INFO - Completed /viper/ptmp/arego/Red_T_7K_1_EN_100/13172.h5 in 3.49 seconds
2025-09-19 07:04:01,800 - INFO - Processing /viper/ptmp/arego/Red_T_7K_1/3848.h5
2025-09-19 07:04:02,675 - INFO - File 23296: Filtered 1569806 hits and 5 records
2025-09-19 07:04:03,206 - INFO - File 3848: Filtered 3857415 hits and 9 records
2025-09-19 07:04:04,542 - INFO - Completed /viper/ptmp/arego/Red_T_7K_1_EN_100/22889.h5 in 17.38 seconds
2025-09-19 07:04:04,632 - INFO - Processing /viper/ptmp/arego/Red_T_7K_1/23249.h5
2025-09-19 07:04:05,318 - INFO - Completed /viper/ptmp/arego/Red_T_7K_1_EN_100/2047.h5 in 19.73 seconds
2025-09-19 07:04:05,381 - INFO - Processing /viper/ptmp/arego/Red_T_7K_1/16067.h5
2025-09-19 07:04:06,205 - INFO - File 23249: Filtered 1776086 hits and 4 records
2025-09-19 07:04:06,891 - INFO - Completed /viper/ptmp/arego/Red_T_7K_1_EN_100/16397.h5 in 14.83 seconds
2025-09-19 07:04:06,979 - INFO - Processing /viper/ptmp/arego/Red_T_7K_1/20411.h5
2025-09-19 07:04:07,233 - INFO - Completed /viper/ptmp/arego/Red_T_7K_1_EN_100/5380.h5 in 18.17 seconds
2025-09-19 07:04:07,304 - INFO - Processing /viper/ptmp/arego/Red_T_7K_1/7794.h5
2025-09-19 07:04:08,421 - INFO - File 16067: Filtered 165318 hits and 2 records
2025-09-19 07:04:09,915 - INFO - Completed /viper/ptmp/arego/Red_T_7K_1_EN_100/2007.h5 in 19.39 seconds
2025-09-19 07:04:09,972 - INFO - Processing /viper/ptmp/arego/Red_T_7K_1/13898.h5
2025-09-19 07:04:10,967 - INFO - File 20411: Filtered 421185 hits and 6 records
2025-09-19 07:04:11,873 - INFO - Completed /viper/ptmp/arego/Red_T_7K_1_EN_100/18546.h5 in 22.12 seconds
2025-09-19 07:04:11,965 - INFO - Processing /viper/ptmp/arego/Red_T_7K_1/16454.h5
2025-09-19 07:04:12,143 - INFO - Completed /viper/ptmp/arego/Red_T_7K_1_EN_100/3848.h5 in 10.34 seconds
2025-09-19 07:04:12,201 - INFO - Processing /viper/ptmp/arego/Red_T_7K_1/12696.h5
2025-09-19 07:04:12,273 - INFO - File 13898: Filtered 2598235 hits and 3 records
2025-09-19 07:04:12,665 - INFO - Completed /viper/ptmp/arego/Red_T_7K_1_EN_100/464.h5 in 12.76 seconds
2025-09-19 07:04:12,733 - INFO - Processing /viper/ptmp/arego/Red_T_7K_1/8644.h5
2025-09-19 07:04:13,510 - INFO - File 16454: Filtered 879127 hits and 4 records
2025-09-19 07:04:13,820 - INFO - Completed /viper/ptmp/arego/Red_T_7K_1_EN_100/22461.h5 in 14.81 seconds
2025-09-19 07:04:13,931 - INFO - Processing /viper/ptmp/arego/Red_T_7K_1/16352.h5
2025-09-19 07:04:14,660 - INFO - File 7794: Filtered 224912 hits and 3 records
2025-09-19 07:04:14,758 - INFO - Completed /viper/ptmp/arego/Red_T_7K_1_EN_100/2401.h5 in 18.90 seconds
2025-09-19 07:04:14,821 - INFO - Processing /viper/ptmp/arego/Red_T_7K_1/21808.h5
2025-09-19 07:04:15,298 - INFO - Completed /viper/ptmp/arego/Red_T_7K_1_EN_100/19803.h5 in 19.44 seconds
2025-09-19 07:04:15,347 - INFO - Processing /viper/ptmp/arego/Red_T_7K_1/11147.h5
2025-09-19 07:04:15,811 - INFO - File 16352: Filtered 2966319 hits and 7 records
2025-09-19 07:04:16,029 - INFO - Completed /viper/ptmp/arego/Red_T_7K_1_EN_100/16759.h5 in 17.35 seconds
2025-09-19 07:04:16,107 - INFO - Processing /viper/ptmp/arego/Red_T_7K_1/22443.h5
2025-09-19 07:04:16,119 - INFO - File 12696: Filtered 367228 hits and 3 records
2025-09-19 07:04:16,254 - INFO - File 8644: Filtered 5490591 hits and 3 records
2025-09-19 07:04:16,802 - INFO - File 21808: Filtered 4862443 hits and 5 records
2025-09-19 07:04:17,803 - INFO - File 22443: Filtered 3672779 hits and 3 records
2025-09-19 07:04:17,835 - INFO - Completed /viper/ptmp/arego/Red_T_7K_1_EN_100/9118.h5 in 21.53 seconds
2025-09-19 07:04:17,897 - INFO - Processing /viper/ptmp/arego/Red_T_7K_1/13149.h5
2025-09-19 07:04:18,067 - INFO - File 11147: Filtered 1023389 hits and 3 records
2025-09-19 07:04:19,942 - INFO - File 13149: Filtered 3976462 hits and 6 records
2025-09-19 07:04:20,992 - INFO - Completed /viper/ptmp/arego/Red_T_7K_1_EN_100/1508.h5 in 23.82 seconds
2025-09-19 07:04:21,048 - INFO - Processing /viper/ptmp/arego/Red_T_7K_1/7494.h5
2025-09-19 07:04:25,331 - INFO - File 7494: Filtered 7575167 hits and 6 records
2025-09-19 07:04:26,122 - INFO - Completed /viper/ptmp/arego/Red_T_7K_1_EN_100/23296.h5 in 24.99 seconds
2025-09-19 07:04:26,204 - INFO - Processing /viper/ptmp/arego/Red_T_7K_1/10477.h5
2025-09-19 07:04:27,650 - INFO - Completed /viper/ptmp/arego/Red_T_7K_1_EN_100/23249.h5 in 23.02 seconds
2025-09-19 07:04:27,744 - INFO - Processing /viper/ptmp/arego/Red_T_7K_1/22789.h5
2025-09-19 07:04:29,312 - INFO - File 22789: Filtered 3733618 hits and 4 records
2025-09-19 07:04:30,317 - INFO - Completed /viper/ptmp/arego/Red_T_7K_1_EN_100/13898.h5 in 20.35 seconds
2025-09-19 07:04:30,388 - INFO - Processing /viper/ptmp/arego/Red_T_7K_1/4778.h5
2025-09-19 07:04:31,443 - INFO - File 10477: Filtered 5901274 hits and 4 records
2025-09-19 07:04:32,550 - INFO - File 4778: Filtered 6210987 hits and 8 records
2025-09-19 07:04:32,848 - INFO - Completed /viper/ptmp/arego/Red_T_7K_1_EN_100/21808.h5 in 18.03 seconds
2025-09-19 07:04:32,960 - INFO - Processing /viper/ptmp/arego/Red_T_7K_1/13140.h5
2025-09-19 07:04:35,005 - INFO - Completed /viper/ptmp/arego/Red_T_7K_1_EN_100/22443.h5 in 18.90 seconds
2025-09-19 07:04:35,081 - INFO - Processing /viper/ptmp/arego/Red_T_7K_1/11684.h5
2025-09-19 07:04:35,130 - INFO - Completed /viper/ptmp/arego/Red_T_7K_1_EN_100/16352.h5 in 21.20 seconds
2025-09-19 07:04:35,343 - INFO - Processing /viper/ptmp/arego/Red_T_7K_1/5519.h5
2025-09-19 07:04:35,834 - INFO - File 13140: Filtered 4355546 hits and 5 records
2025-09-19 07:04:37,027 - INFO - File 5519: Filtered 3424412 hits and 5 records
2025-09-19 07:04:37,457 - INFO - Completed /viper/ptmp/arego/Red_T_7K_1_EN_100/13149.h5 in 19.56 seconds
2025-09-19 07:04:37,518 - INFO - Processing /viper/ptmp/arego/Red_T_7K_1/17682.h5
2025-09-19 07:04:38,777 - INFO - File 11684: Filtered 113248 hits and 2 records
2025-09-19 07:04:39,629 - INFO - File 17682: Filtered 5372364 hits and 4 records
2025-09-19 07:04:39,922 - INFO - Completed /viper/ptmp/arego/Red_T_7K_1_EN_100/16454.h5 in 27.96 seconds
2025-09-19 07:04:40,008 - INFO - Processing /viper/ptmp/arego/Red_T_7K_1/11773.h5
2025-09-19 07:04:41,623 - INFO - File 11773: Filtered 5487710 hits and 9 records
2025-09-19 07:04:45,316 - INFO - Completed /viper/ptmp/arego/Red_T_7K_1_EN_100/4778.h5 in 14.93 seconds
2025-09-19 07:04:45,401 - INFO - Processing /viper/ptmp/arego/Red_T_7K_1/22787.h5
2025-09-19 07:04:46,959 - INFO - Completed /viper/ptmp/arego/Red_T_7K_1_EN_100/22789.h5 in 19.22 seconds
2025-09-19 07:04:47,055 - INFO - Processing /viper/ptmp/arego/Red_T_7K_1/3950.h5
2025-09-19 07:04:47,679 - INFO - File 22787: Filtered 3555133 hits and 5 records
2025-09-19 07:04:48,995 - INFO - File 3950: Filtered 4376782 hits and 7 records
2025-09-19 07:04:53,693 - INFO - Completed /viper/ptmp/arego/Red_T_7K_1_EN_100/11773.h5 in 13.69 seconds
2025-09-19 07:04:53,783 - INFO - Processing /viper/ptmp/arego/Red_T_7K_1/6066.h5
2025-09-19 07:04:55,259 - INFO - Completed /viper/ptmp/arego/Red_T_7K_1_EN_100/17682.h5 in 17.74 seconds
2025-09-19 07:04:55,330 - INFO - Processing /viper/ptmp/arego/Red_T_7K_1/6086.h5
2025-09-19 07:04:55,655 - INFO - File 6066: Filtered 3892026 hits and 3 records
2025-09-19 07:04:57,008 - INFO - Completed /viper/ptmp/arego/Red_T_7K_1_EN_100/11147.h5 in 41.66 seconds
2025-09-19 07:04:57,080 - INFO - Processing /viper/ptmp/arego/Red_T_7K_1/1284.h5
2025-09-19 07:04:57,206 - INFO - File 6086: Filtered 4211534 hits and 6 records
2025-09-19 07:04:59,227 - INFO - Completed /viper/ptmp/arego/Red_T_7K_1_EN_100/8644.h5 in 46.49 seconds
2025-09-19 07:04:59,329 - INFO - Processing /viper/ptmp/arego/Red_T_7K_1/368.h5
2025-09-19 07:05:00,237 - INFO - Completed /viper/ptmp/arego/Red_T_7K_1_EN_100/13140.h5 in 27.28 seconds
2025-09-19 07:05:00,315 - INFO - Completed /viper/ptmp/arego/Red_T_7K_1_EN_100/5519.h5 in 24.97 seconds
2025-09-19 07:05:00,341 - INFO - Processing /viper/ptmp/arego/Red_T_7K_1/11956.h5
2025-09-19 07:05:00,439 - INFO - Processing /viper/ptmp/arego/Red_T_7K_1/1856.h5
2025-09-19 07:05:00,990 - INFO - File 1284: Filtered 498881 hits and 4 records
2025-09-19 07:05:02,591 - INFO - File 11956: Filtered 9028791 hits and 2 records
2025-09-19 07:05:02,614 - INFO - File 1856: Filtered 8250070 hits and 5 records
2025-09-19 07:05:02,690 - INFO - Completed /viper/ptmp/arego/Red_T_7K_1_EN_100/16067.h5 in 57.31 seconds
2025-09-19 07:05:02,741 - INFO - File 368: Filtered 6649817 hits and 4 records
2025-09-19 07:05:02,803 - INFO - Processing /viper/ptmp/arego/Red_T_7K_1/20213.h5
2025-09-19 07:05:05,222 - INFO - File 20213: Filtered 6098129 hits and 5 records
2025-09-19 07:05:05,847 - INFO - Completed /viper/ptmp/arego/Red_T_7K_1_EN_100/1856.h5 in 5.41 seconds
2025-09-19 07:05:05,924 - INFO - Processing /viper/ptmp/arego/Red_T_7K_1/14335.h5
2025-09-19 07:05:07,206 - INFO - Completed /viper/ptmp/arego/Red_T_7K_1_EN_100/3950.h5 in 20.15 seconds
2025-09-19 07:05:07,321 - INFO - Processing /viper/ptmp/arego/Red_T_7K_1/14188.h5
2025-09-19 07:05:07,669 - INFO - File 14335: Filtered 2774775 hits and 3 records
2025-09-19 07:05:09,675 - INFO - File 14188: Filtered 363655 hits and 3 records
2025-09-19 07:05:10,409 - INFO - Completed /viper/ptmp/arego/Red_T_7K_1_EN_100/11956.h5 in 10.07 seconds
2025-09-19 07:05:10,466 - INFO - Processing /viper/ptmp/arego/Red_T_7K_1/2159.h5
2025-09-19 07:05:12,476 - INFO - Completed /viper/ptmp/arego/Red_T_7K_1_EN_100/20411.h5 in 65.50 seconds
2025-09-19 07:05:12,541 - INFO - Processing /viper/ptmp/arego/Red_T_7K_1/8001.h5
2025-09-19 07:05:12,630 - INFO - File 2159: Filtered 3520674 hits and 6 records
2025-09-19 07:05:12,744 - INFO - Completed /viper/ptmp/arego/Red_T_7K_1_EN_100/12696.h5 in 60.54 seconds
2025-09-19 07:05:12,883 - INFO - Processing /viper/ptmp/arego/Red_T_7K_1/20191.h5
2025-09-19 07:05:16,642 - INFO - File 20191: Filtered 2447108 hits and 4 records
2025-09-19 07:05:16,673 - INFO - Completed /viper/ptmp/arego/Red_T_7K_1_EN_100/10477.h5 in 50.47 seconds
2025-09-19 07:05:16,772 - INFO - Processing /viper/ptmp/arego/Red_T_7K_1/1501.h5
2025-09-19 07:05:17,048 - INFO - Completed /viper/ptmp/arego/Red_T_7K_1_EN_100/6066.h5 in 23.27 seconds
2025-09-19 07:05:17,143 - INFO - Processing /viper/ptmp/arego/Red_T_7K_1/7556.h5
2025-09-19 07:05:17,609 - INFO - File 8001: Filtered 1271316 hits and 5 records
2025-09-19 07:05:18,835 - INFO - Completed /viper/ptmp/arego/Red_T_7K_1_EN_100/7494.h5 in 57.79 seconds
2025-09-19 07:05:18,924 - INFO - Processing /viper/ptmp/arego/Red_T_7K_1/15195.h5
2025-09-19 07:05:19,117 - INFO - File 7556: Filtered 3193803 hits and 6 records
2025-09-19 07:05:20,440 - INFO - File 1501: Filtered 4222879 hits and 4 records
2025-09-19 07:05:20,673 - INFO - File 15195: Filtered 5167863 hits and 5 records
2025-09-19 07:05:20,917 - INFO - Completed /viper/ptmp/arego/Red_T_7K_1_EN_100/6086.h5 in 25.59 seconds
2025-09-19 07:05:20,957 - INFO - Processing /viper/ptmp/arego/Red_T_7K_1/420.h5
2025-09-19 07:05:25,185 - INFO - File 420: Filtered 171202 hits and 3 records
2025-09-19 07:05:25,326 - INFO - Completed /viper/ptmp/arego/Red_T_7K_1_EN_100/21577.h5 in 103.99 seconds
2025-09-19 07:05:25,413 - INFO - Processing /viper/ptmp/arego/Red_T_7K_1/9847.h5
2025-09-19 07:05:26,335 - INFO - Completed /viper/ptmp/arego/Red_T_7K_1_EN_100/20213.h5 in 23.53 seconds
2025-09-19 07:05:26,404 - INFO - Processing /viper/ptmp/arego/Red_T_7K_1/175.h5
2025-09-19 07:05:27,289 - INFO - File 9847: Filtered 4918107 hits and 6 records
2025-09-19 07:05:27,630 - INFO - Completed /viper/ptmp/arego/Red_T_7K_1_EN_100/22787.h5 in 42.23 seconds
2025-09-19 07:05:27,713 - INFO - Processing /viper/ptmp/arego/Red_T_7K_1/76.h5
2025-09-19 07:05:28,801 - INFO - File 175: Filtered 2694572 hits and 3 records
2025-09-19 07:05:31,387 - INFO - Completed /viper/ptmp/arego/Red_T_7K_1_EN_100/368.h5 in 32.06 seconds
2025-09-19 07:05:31,495 - INFO - Processing /viper/ptmp/arego/Red_T_7K_1/10205.h5
2025-09-19 07:05:33,272 - INFO - File 10205: Filtered 2868499 hits and 7 records
2025-09-19 07:05:33,487 - INFO - Completed /viper/ptmp/arego/Red_T_7K_1_EN_100/14335.h5 in 27.56 seconds
2025-09-19 07:05:33,541 - INFO - Processing /viper/ptmp/arego/Red_T_7K_1/10884.h5
2025-09-19 07:05:35,360 - INFO - File 10884: Filtered 4183771 hits and 6 records
2025-09-19 07:05:35,861 - INFO - Completed /viper/ptmp/arego/Red_T_7K_1_EN_100/15195.h5 in 16.94 seconds
2025-09-19 07:05:35,933 - INFO - Processing /viper/ptmp/arego/Red_T_7K_1/20051.h5
2025-09-19 07:05:37,805 - INFO - File 20051: Filtered 4695322 hits and 5 records
2025-09-19 07:05:41,387 - INFO - Completed /viper/ptmp/arego/Red_T_7K_1_EN_100/7556.h5 in 24.24 seconds
2025-09-19 07:05:41,449 - INFO - Processing /viper/ptmp/arego/Red_T_7K_1/18046.h5
2025-09-19 07:05:43,111 - INFO - File 76: Filtered 1009034 hits and 4 records
2025-09-19 07:05:43,301 - INFO - File 18046: Filtered 4542871 hits and 4 records
2025-09-19 07:05:43,319 - INFO - Completed /viper/ptmp/arego/Red_T_7K_1_EN_100/11684.h5 in 68.24 seconds
2025-09-19 07:05:43,393 - INFO - Processing /viper/ptmp/arego/Red_T_7K_1/21689.h5
2025-09-19 07:05:44,415 - INFO - Completed /viper/ptmp/arego/Red_T_7K_1_EN_100/9847.h5 in 19.00 seconds
2025-09-19 07:05:44,520 - INFO - Processing /viper/ptmp/arego/Red_T_7K_1/23062.h5
2025-09-19 07:05:45,555 - INFO - Completed /viper/ptmp/arego/Red_T_7K_1_EN_100/2159.h5 in 35.09 seconds
2025-09-19 07:05:45,652 - INFO - Processing /viper/ptmp/arego/Red_T_7K_1/3328.h5
2025-09-19 07:05:46,577 - INFO - File 23062: Filtered 3351095 hits and 4 records
2025-09-19 07:05:48,736 - INFO - File 21689: Filtered 734401 hits and 4 records
2025-09-19 07:05:50,074 - INFO - File 3328: Filtered 5989271 hits and 4 records
2025-09-19 07:05:51,745 - INFO - Completed /viper/ptmp/arego/Red_T_7K_1_EN_100/14188.h5 in 44.42 seconds
2025-09-19 07:05:51,794 - INFO - Processing /viper/ptmp/arego/Red_T_7K_1/8824.h5
2025-09-19 07:05:52,071 - INFO - Completed /viper/ptmp/arego/Red_T_7K_1_EN_100/1501.h5 in 35.30 seconds
2025-09-19 07:05:52,132 - INFO - Processing /viper/ptmp/arego/Red_T_7K_1/5675.h5
2025-09-19 07:05:53,821 - INFO - File 8824: Filtered 4260562 hits and 5 records
2025-09-19 07:05:55,415 - INFO - File 5675: Filtered 6621323 hits and 4 records
2025-09-19 07:05:58,381 - INFO - Completed /viper/ptmp/arego/Red_T_7K_1_EN_100/20051.h5 in 22.45 seconds
2025-09-19 07:05:58,480 - INFO - Processing /viper/ptmp/arego/Red_T_7K_1/21339.h5
2025-09-19 07:05:59,790 - INFO - Completed /viper/ptmp/arego/Red_T_7K_1_EN_100/10884.h5 in 26.25 seconds
2025-09-19 07:05:59,864 - INFO - Processing /viper/ptmp/arego/Red_T_7K_1/8104.h5
2025-09-19 07:06:02,264 - INFO - Completed /viper/ptmp/arego/Red_T_7K_1_EN_100/20191.h5 in 49.38 seconds
2025-09-19 07:06:02,325 - INFO - Completed /viper/ptmp/arego/Red_T_7K_1_EN_100/10205.h5 in 30.83 seconds
2025-09-19 07:06:02,353 - INFO - Processing /viper/ptmp/arego/Red_T_7K_1/21805.h5
2025-09-19 07:06:02,527 - INFO - Processing /viper/ptmp/arego/Red_T_7K_1/14152.h5
2025-09-19 07:06:02,733 - INFO - Completed /viper/ptmp/arego/Red_T_7K_1_EN_100/7794.h5 in 115.43 seconds
2025-09-19 07:06:02,833 - INFO - Processing /viper/ptmp/arego/Red_T_7K_1/22093.h5
2025-09-19 07:06:04,000 - INFO - File 8104: Filtered 1227533 hits and 4 records
2025-09-19 07:06:04,210 - INFO - Completed /viper/ptmp/arego/Red_T_7K_1_EN_100/18046.h5 in 22.76 seconds
2025-09-19 07:06:04,258 - INFO - File 21339: Filtered 994076 hits and 9 records
2025-09-19 07:06:04,316 - INFO - Processing /viper/ptmp/arego/Red_T_7K_1/2272.h5
2025-09-19 07:06:06,202 - INFO - File 14152: Filtered 5367475 hits and 5 records
2025-09-19 07:06:08,025 - INFO - File 2272: Filtered 1960220 hits and 3 records
2025-09-19 07:06:08,483 - INFO - File 21805: Filtered 1308148 hits and 2 records
2025-09-19 07:06:09,741 - INFO - File 22093: Filtered 3406428 hits and 5 records
2025-09-19 07:06:11,972 - INFO - Completed /viper/ptmp/arego/Red_T_7K_1_EN_100/175.h5 in 45.57 seconds
2025-09-19 07:06:12,033 - INFO - Processing /viper/ptmp/arego/Red_T_7K_1/18328.h5
2025-09-19 07:06:16,086 - INFO - Completed /viper/ptmp/arego/Red_T_7K_1_EN_100/23062.h5 in 31.57 seconds
2025-09-19 07:06:16,125 - INFO - Processing /viper/ptmp/arego/Red_T_7K_1/4117.h5
2025-09-19 07:06:18,480 - INFO - File 4117: Filtered 2997688 hits and 4 records
2025-09-19 07:06:18,716 - INFO - File 18328: Filtered 246651 hits and 5 records
2025-09-19 07:06:20,673 - INFO - Completed /viper/ptmp/arego/Red_T_7K_1_EN_100/420.h5 in 59.72 seconds
2025-09-19 07:06:20,728 - INFO - Processing /viper/ptmp/arego/Red_T_7K_1/22155.h5
2025-09-19 07:06:21,863 - INFO - Completed /viper/ptmp/arego/Red_T_7K_1_EN_100/1284.h5 in 84.78 seconds
2025-09-19 07:06:21,962 - INFO - Processing /viper/ptmp/arego/Red_T_7K_1/2487.h5
2025-09-19 07:06:22,643 - INFO - Completed /viper/ptmp/arego/Red_T_7K_1_EN_100/8824.h5 in 30.85 seconds
2025-09-19 07:06:22,712 - INFO - Processing /viper/ptmp/arego/Red_T_7K_1/9748.h5
2025-09-19 07:06:23,405 - INFO - Completed /viper/ptmp/arego/Red_T_7K_1_EN_100/5675.h5 in 31.27 seconds
2025-09-19 07:06:23,507 - INFO - Processing /viper/ptmp/arego/Red_T_7K_1/9845.h5
2025-09-19 07:06:24,487 - INFO - File 2487: Filtered 6984163 hits and 4 records
2025-09-19 07:06:25,828 - INFO - File 9748: Filtered 6847781 hits and 7 records
2025-09-19 07:06:28,534 - INFO - Completed /viper/ptmp/arego/Red_T_7K_1_EN_100/8001.h5 in 75.99 seconds
2025-09-19 07:06:28,564 - INFO - File 9845: Filtered 239900 hits and 4 records
2025-09-19 07:06:28,586 - INFO - File 22155: Filtered 648625 hits and 2 records
2025-09-19 07:06:28,635 - INFO - Processing /viper/ptmp/arego/Red_T_7K_1/4916.h5
2025-09-19 07:06:38,137 - INFO - File 4916: Filtered 347374 hits and 3 records
2025-09-19 07:06:42,440 - INFO - Completed /viper/ptmp/arego/Red_T_7K_1_EN_100/3328.h5 in 56.79 seconds
2025-09-19 07:06:42,540 - INFO - Processing /viper/ptmp/arego/Red_T_7K_1/20627.h5
2025-09-19 07:06:45,755 - INFO - Completed /viper/ptmp/arego/Red_T_7K_1_EN_100/14152.h5 in 43.23 seconds
2025-09-19 07:06:45,822 - INFO - Processing /viper/ptmp/arego/Red_T_7K_1/14931.h5
2025-09-19 07:06:46,826 - INFO - File 20627: Filtered 10356615 hits and 5 records
2025-09-19 07:06:48,172 - INFO - Completed /viper/ptmp/arego/Red_T_7K_1_EN_100/2487.h5 in 26.21 seconds
2025-09-19 07:06:48,242 - INFO - Processing /viper/ptmp/arego/Red_T_7K_1/19555.h5
2025-09-19 07:06:50,378 - INFO - File 14931: Filtered 1990120 hits and 5 records
2025-09-19 07:06:51,443 - INFO - Completed /viper/ptmp/arego/Red_T_7K_1_EN_100/9748.h5 in 28.73 seconds
2025-09-19 07:06:51,512 - INFO - File 19555: Filtered 4775191 hits and 4 records
2025-09-19 07:06:51,571 - INFO - Processing /viper/ptmp/arego/Red_T_7K_1/3077.h5
2025-09-19 07:06:56,820 - INFO - Completed /viper/ptmp/arego/Red_T_7K_1_EN_100/4117.h5 in 40.69 seconds
2025-09-19 07:06:56,890 - INFO - Processing /viper/ptmp/arego/Red_T_7K_1/19397.h5
2025-09-19 07:07:01,409 - INFO - File 3077: Filtered 1082072 hits and 4 records
2025-09-19 07:07:02,261 - INFO - File 19397: Filtered 3085314 hits and 5 records
2025-09-19 07:07:08,331 - INFO - Completed /viper/ptmp/arego/Red_T_7K_1_EN_100/2272.h5 in 64.01 seconds
2025-09-19 07:07:08,431 - INFO - Processing /viper/ptmp/arego/Red_T_7K_1/10518.h5
2025-09-19 07:07:13,520 - INFO - Completed /viper/ptmp/arego/Red_T_7K_1_EN_100/20627.h5 in 30.98 seconds
2025-09-19 07:07:13,584 - INFO - Processing /viper/ptmp/arego/Red_T_7K_1/3834.h5
2025-09-19 07:07:17,825 - INFO - File 10518: Filtered 1236607 hits and 3 records
2025-09-19 07:07:20,119 - INFO - File 3834: Filtered 6755798 hits and 7 records
2025-09-19 07:07:25,960 - INFO - Completed /viper/ptmp/arego/Red_T_7K_1_EN_100/21805.h5 in 83.61 seconds
2025-09-19 07:07:26,022 - INFO - Processing /viper/ptmp/arego/Red_T_7K_1/20006.h5
2025-09-19 07:07:26,066 - INFO - Completed /viper/ptmp/arego/Red_T_7K_1_EN_100/8104.h5 in 86.20 seconds
2025-09-19 07:07:26,144 - INFO - Processing /viper/ptmp/arego/Red_T_7K_1/15834.h5
2025-09-19 07:07:30,578 - INFO - File 20006: Filtered 9962132 hits and 5 records
2025-09-19 07:07:34,687 - INFO - File 15834: Filtered 420697 hits and 4 records
2025-09-19 07:07:35,228 - INFO - Completed /viper/ptmp/arego/Red_T_7K_1_EN_100/19555.h5 in 46.99 seconds
2025-09-19 07:07:35,305 - INFO - Processing /viper/ptmp/arego/Red_T_7K_1/5045.h5
2025-09-19 07:07:39,262 - INFO - File 5045: Filtered 8738463 hits and 4 records
2025-09-19 07:07:40,265 - INFO - Completed /viper/ptmp/arego/Red_T_7K_1_EN_100/21689.h5 in 116.87 seconds
2025-09-19 07:07:40,315 - INFO - Processing /viper/ptmp/arego/Red_T_7K_1/21917.h5
2025-09-19 07:07:41,209 - INFO - Completed /viper/ptmp/arego/Red_T_7K_1_EN_100/21339.h5 in 102.73 seconds
2025-09-19 07:07:41,323 - INFO - Processing /viper/ptmp/arego/Red_T_7K_1/19101.h5
2025-09-19 07:07:44,345 - INFO - File 21917: Filtered 2601084 hits and 5 records
2025-09-19 07:07:44,723 - INFO - Completed /viper/ptmp/arego/Red_T_7K_1_EN_100/9845.h5 in 81.22 seconds
2025-09-19 07:07:44,790 - INFO - Processing /viper/ptmp/arego/Red_T_7K_1/11104.h5
2025-09-19 07:07:45,340 - INFO - Completed /viper/ptmp/arego/Red_T_7K_1_EN_100/22093.h5 in 102.51 seconds
2025-09-19 07:07:45,436 - INFO - Processing /viper/ptmp/arego/Red_T_7K_1/12518.h5
2025-09-19 07:07:46,611 - INFO - File 19101: Filtered 690347 hits and 5 records
2025-09-19 07:07:48,745 - INFO - File 11104: Filtered 7174634 hits and 7 records
2025-09-19 07:07:52,234 - INFO - File 12518: Filtered 4526310 hits and 2 records
2025-09-19 07:08:19,141 - INFO - Completed /viper/ptmp/arego/Red_T_7K_1_EN_100/20006.h5 in 53.12 seconds
2025-09-19 07:08:19,236 - INFO - Processing /viper/ptmp/arego/Red_T_7K_1/5149.h5
2025-09-19 07:08:20,184 - INFO - Completed /viper/ptmp/arego/Red_T_7K_1_EN_100/14931.h5 in 94.36 seconds
2025-09-19 07:08:20,231 - INFO - Processing /viper/ptmp/arego/Red_T_7K_1/19093.h5
2025-09-19 07:08:23,666 - INFO - Completed /viper/ptmp/arego/Red_T_7K_1_EN_100/5045.h5 in 48.36 seconds
2025-09-19 07:08:23,746 - INFO - Processing /viper/ptmp/arego/Red_T_7K_1/1652.h5
2025-09-19 07:08:24,875 - INFO - File 5149: Filtered 670987 hits and 4 records
2025-09-19 07:08:26,028 - INFO - Completed /viper/ptmp/arego/Red_T_7K_1_EN_100/18328.h5 in 134.00 seconds
2025-09-19 07:08:26,131 - INFO - Processing /viper/ptmp/arego/Red_T_7K_1/85.h5
2025-09-19 07:08:26,972 - INFO - File 19093: Filtered 3759942 hits and 5 records
2025-09-19 07:08:28,381 - INFO - Completed /viper/ptmp/arego/Red_T_7K_1_EN_100/3834.h5 in 74.80 seconds
2025-09-19 07:08:28,439 - INFO - Processing /viper/ptmp/arego/Red_T_7K_1/6855.h5
2025-09-19 07:08:29,064 - INFO - File 1652: Filtered 15722619 hits and 6 records
2025-09-19 07:08:31,386 - INFO - File 85: Filtered 5259906 hits and 5 records
2025-09-19 07:08:33,282 - INFO - Completed /viper/ptmp/arego/Red_T_7K_1_EN_100/22155.h5 in 132.55 seconds
2025-09-19 07:08:33,378 - INFO - Processing /viper/ptmp/arego/Red_T_7K_1/3229.h5
2025-09-19 07:08:35,096 - INFO - File 6855: Filtered 1884706 hits and 6 records
2025-09-19 07:08:42,594 - INFO - File 3229: Filtered 18210499 hits and 6 records
2025-09-19 07:08:50,421 - INFO - Completed /viper/ptmp/arego/Red_T_7K_1_EN_100/11104.h5 in 65.63 seconds
2025-09-19 07:08:50,464 - INFO - Processing /viper/ptmp/arego/Red_T_7K_1/17461.h5
2025-09-19 07:08:50,735 - INFO - Completed /viper/ptmp/arego/Red_T_7K_1_EN_100/19397.h5 in 113.84 seconds
2025-09-19 07:08:50,812 - INFO - Processing /viper/ptmp/arego/Red_T_7K_1/274.h5
2025-09-19 07:09:03,567 - INFO - Completed /viper/ptmp/arego/Red_T_7K_1_EN_100/21917.h5 in 83.25 seconds
2025-09-19 07:09:03,689 - INFO - Processing /viper/ptmp/arego/Red_T_7K_1/1020.h5
2025-09-19 07:09:07,035 - INFO - Completed /viper/ptmp/arego/Red_T_7K_1_EN_100/4916.h5 in 158.40 seconds
2025-09-19 07:09:07,144 - INFO - Processing /viper/ptmp/arego/Red_T_7K_1/8682.h5
2025-09-19 07:09:09,987 - INFO - File 274: Filtered 300481 hits and 6 records
2025-09-19 07:09:10,611 - INFO - File 17461: Filtered 918976 hits and 3 records
2025-09-19 07:09:12,069 - INFO - Completed /viper/ptmp/arego/Red_T_7K_1_EN_100/1652.h5 in 48.32 seconds
2025-09-19 07:09:12,121 - INFO - Processing /viper/ptmp/arego/Red_T_7K_1/22351.h5
2025-09-19 07:09:16,279 - INFO - File 1020: Filtered 19766223 hits and 5 records
2025-09-19 07:09:20,782 - INFO - File 8682: Filtered 6357014 hits and 3 records
2025-09-19 07:09:22,627 - INFO - File 22351: Filtered 192390 hits and 5 records
2025-09-19 07:09:27,193 - INFO - Completed /viper/ptmp/arego/Red_T_7K_1_EN_100/19101.h5 in 105.87 seconds
2025-09-19 07:09:27,276 - INFO - Processing /viper/ptmp/arego/Red_T_7K_1/14751.h5
2025-09-19 07:09:40,028 - INFO - Completed /viper/ptmp/arego/Red_T_7K_1_EN_100/3229.h5 in 66.65 seconds
2025-09-19 07:09:40,122 - INFO - Processing /viper/ptmp/arego/Red_T_7K_1/15877.h5
2025-09-19 07:09:44,384 - INFO - File 14751: Filtered 431800 hits and 2 records
2025-09-19 07:09:49,033 - INFO - Completed /viper/ptmp/arego/Red_T_7K_1_EN_100/76.h5 in 261.32 seconds
2025-09-19 07:09:49,140 - INFO - Processing /viper/ptmp/arego/Red_T_7K_1/20090.h5
2025-09-19 07:09:57,039 - INFO - Completed /viper/ptmp/arego/Red_T_7K_1_EN_100/85.h5 in 90.91 seconds
2025-09-19 07:09:57,137 - INFO - Processing /viper/ptmp/arego/Red_T_7K_1/832.h5
2025-09-19 07:10:04,423 - INFO - Completed /viper/ptmp/arego/Red_T_7K_1_EN_100/12518.h5 in 138.99 seconds
2025-09-19 07:10:04,527 - INFO - Processing /viper/ptmp/arego/Red_T_7K_1/6198.h5
2025-09-19 07:10:20,840 - INFO - File 15877: Filtered 89869369 hits and 5 records
2025-09-19 07:10:22,142 - INFO - Completed /viper/ptmp/arego/Red_T_7K_1_EN_100/6855.h5 in 113.70 seconds
2025-09-19 07:10:22,210 - INFO - Processing /viper/ptmp/arego/Red_T_7K_1/14814.h5
2025-09-19 07:10:24,033 - INFO - Completed /viper/ptmp/arego/Red_T_7K_1_EN_100/3077.h5 in 212.46 seconds
2025-09-19 07:10:24,111 - INFO - Processing /viper/ptmp/arego/Red_T_7K_1/21946.h5
2025-09-19 07:10:26,665 - INFO - File 832: Filtered 4585147 hits and 9 records
2025-09-19 07:10:27,769 - INFO - Completed /viper/ptmp/arego/Red_T_7K_1_EN_100/5149.h5 in 128.53 seconds
2025-09-19 07:10:44,084 - INFO - File 20090: Filtered 37866022 hits and 4 records
2025-09-19 07:10:46,409 - INFO - Completed /viper/ptmp/arego/Red_T_7K_1_EN_100/19093.h5 in 146.18 seconds
2025-09-19 07:10:46,488 - INFO - Processing /viper/ptmp/arego/Red_T_7K_1/952.h5
2025-09-19 07:10:49,694 - INFO - Completed /viper/ptmp/arego/Red_T_7K_1_EN_100/15834.h5 in 203.55 seconds
2025-09-19 07:10:49,792 - INFO - Processing /viper/ptmp/arego/Red_T_7K_1/6083.h5
2025-09-19 07:10:50,154 - INFO - File 6198: Filtered 238071 hits and 1 records
2025-09-19 07:11:00,531 - INFO - File 21946: Filtered 77003525 hits and 3 records
2025-09-19 07:11:00,534 - INFO - Completed /viper/ptmp/arego/Red_T_7K_1_EN_100/10518.h5 in 232.10 seconds
2025-09-19 07:11:00,615 - INFO - Processing /viper/ptmp/arego/Red_T_7K_1/14706.h5
2025-09-19 07:11:25,313 - INFO - File 952: Filtered 88611892 hits and 2 records
2025-09-19 07:11:34,231 - INFO - File 14706: Filtered 388066 hits and 3 records
2025-09-19 07:11:45,731 - INFO - File 6083: Filtered 59441499 hits and 5 records
2025-09-19 07:12:23,918 - INFO - Completed /viper/ptmp/arego/Red_T_7K_1_EN_100/1020.h5 in 200.23 seconds
2025-09-19 07:12:24,010 - INFO - Processing /viper/ptmp/arego/Red_T_7K_1/12183.h5
2025-09-19 07:12:27,339 - INFO - Completed /viper/ptmp/arego/Red_T_7K_1_EN_100/8682.h5 in 200.20 seconds
2025-09-19 07:12:54,582 - INFO - File 12183: Filtered 62684143 hits and 6 records
2025-09-19 07:13:05,672 - INFO - File 14814: Filtered 242387873 hits and 5 records
2025-09-19 07:13:08,298 - INFO - Completed /viper/ptmp/arego/Red_T_7K_1_EN_100/22351.h5 in 236.18 seconds
2025-09-19 07:13:08,375 - INFO - Processing /viper/ptmp/arego/Red_T_7K_1/11468.h5
2025-09-19 07:13:57,276 - INFO - File 11468: Filtered 106150091 hits and 5 records
2025-09-19 07:15:22,423 - INFO - Completed /viper/ptmp/arego/Red_T_7K_1_EN_100/274.h5 in 391.61 seconds
2025-09-19 07:15:47,080 - INFO - Completed /viper/ptmp/arego/Red_T_7K_1_EN_100/17461.h5 in 416.62 seconds
2025-09-19 07:16:08,950 - INFO - Completed /viper/ptmp/arego/Red_T_7K_1_EN_100/15877.h5 in 388.83 seconds
2025-09-19 07:16:09,773 - INFO - Completed /viper/ptmp/arego/Red_T_7K_1_EN_100/14751.h5 in 402.50 seconds
2025-09-19 07:18:02,330 - INFO - Completed /viper/ptmp/arego/Red_T_7K_1_EN_100/832.h5 in 485.19 seconds
2025-09-19 07:18:09,378 - INFO - Completed /viper/ptmp/arego/Red_T_7K_1_EN_100/12183.h5 in 345.37 seconds
2025-09-19 07:18:10,500 - INFO - Completed /viper/ptmp/arego/Red_T_7K_1_EN_100/952.h5 in 444.01 seconds
2025-09-19 07:18:24,221 - INFO - Completed /viper/ptmp/arego/Red_T_7K_1_EN_100/21946.h5 in 480.11 seconds
2025-09-19 07:21:01,030 - INFO - Completed /viper/ptmp/arego/Red_T_7K_1_EN_100/11468.h5 in 472.66 seconds
2025-09-19 07:21:04,046 - INFO - Completed /viper/ptmp/arego/Red_T_7K_1_EN_100/6083.h5 in 614.25 seconds
2025-09-19 07:21:35,881 - INFO - Completed /viper/ptmp/arego/Red_T_7K_1_EN_100/6198.h5 in 691.35 seconds
2025-09-19 07:21:38,715 - INFO - Completed /viper/ptmp/arego/Red_T_7K_1_EN_100/14706.h5 in 638.10 seconds
2025-09-19 07:22:46,632 - INFO - Completed /viper/ptmp/arego/Red_T_7K_1_EN_100/20090.h5 in 777.49 seconds
2025-09-19 07:38:11,005 - INFO - Completed /viper/ptmp/arego/Red_T_7K_1_EN_100/14814.h5 in 1668.80 seconds
